rank,protein_a,protein_b,score,percentile_top,tier_a,tier_b,tier_pair,desc_a,desc_b,degree_b,isolated_reason_a,isolated_reason_b,seq_group_a,seq_group_b,n_identical_a,n_identical_b
1,fig|6666666.1036479.peg.3244,fig|6666666.1036479.peg.12,0.9871651232242584,2.0303414222135594e-06,Very Low,Very Low,Very Low–Very Low,,,0,no STRING match,no STRING match,2495,2495,3,3
2,fig|6666666.1036479.peg.3244,fig|6666666.1036479.peg.160,0.9871651232242584,4.060682844427119e-06,Very Low,Very Low,Very Low–Very Low,,,0,no STRING match,no STRING match,2495,2495,3,3
3,fig|6666666.1036479.peg.12,fig|6666666.1036479.peg.160,0.9871651232242584,6.091024266640678e-06,Very Low,Very Low,Very Low–Very Low,,,0,no STRING match,no STRING match,2495,2495,3,3
4,fig|6666666.1036479.peg.3244,fig|6666666.1036479.peg.410,0.9706287205219268,8.121365688854238e-06,Very Low,Very Low,Very Low–Very Low,,,0,no STRING match,no STRING match,2495,2584,3,1
5,fig|6666666.1036479.peg.12,fig|6666666.1036479.peg.410,0.9706287205219268,1.0151707111067797e-05,Very Low,Very Low,Very Low–Very Low,,,0,no STRING match,no STRING match,2495,2584,3,1
6,fig|6666666.1036479.peg.160,fig|6666666.1036479.peg.410,0.9706287205219268,1.2182048533281357e-05,Very Low,Very Low,Very Low–Very Low,,,0,no STRING match,no STRING match,2495,2584,3,1
7,fig|6666666.1036479.peg.2548,fig|6666666.1036479.peg.861,0.9654573857784271,1.4212389955494916e-05,High,High,High–High,,,0,no STRING match,no STRING match,2298,2665,1,1
8,fig|6666666.1036479.peg.2548,fig|6666666.1036479.peg.2672,0.9651233136653901,1.6242731377708475e-05,High,Medium,Medium–High,,,0,no STRING match,no STRING match,2298,2341,1,1
9,fig|6666666.1036479.peg.2672,fig|6666666.1036479.peg.861,0.9643966138362885,1.8273072799922035e-05,Medium,High,Medium–High,,,0,no STRING match,no STRING match,2341,2665,1,1
10,fig|6666666.1036479.peg.2548,fig|6666666.1036479.peg.2348,0.9637756466865539,2.0303414222135594e-05,High,High,High–High,,,0,no STRING match,no STRING match,2298,3019,1,1
11,fig|6666666.1036479.peg.2548,fig|6666666.1036479.peg.370,0.9630368947982788,2.2333755644349154e-05,High,High,High–High,,,0,no STRING match,no STRING match,2298,2579,1,1
12,fig|6666666.1036479.peg.2548,fig|6666666.1036479.peg.866,0.9624345481395722,2.4364097066562713e-05,High,High,High–High,,,0,no STRING match,no STRING match,2298,2667,1,1
13,fig|6666666.1036479.peg.2548,fig|6666666.1036479.peg.411,0.9623450875282288,2.6394438488776273e-05,High,Low,Low–High,,Hypothetical protein.,0,no STRING match,secondary STRING hit (STRING protein assigned to a better match),2298,2585,1,1
14,fig|6666666.1036479.peg.2672,fig|6666666.1036479.peg.2348,0.9606058955192566,2.8424779910989832e-05,Medium,High,Medium–High,,,0,no STRING match,no STRING match,2341,3019,1,1
15,fig|6666666.1036479.peg.861,fig|6666666.1036479.peg.2348,0.9589219450950622,3.045512133320339e-05,High,High,High–High,,,0,no STRING match,no STRING match,2665,3019,1,1
16,fig|6666666.1036479.peg.2672,fig|6666666.1036479.peg.866,0.9585454642772675,3.248546275541695e-05,Medium,High,Medium–High,,,0,no STRING match,no STRING match,2341,2667,1,1
17,fig|6666666.1036479.peg.861,fig|6666666.1036479.peg.866,0.9584941089153289,3.451580417763051e-05,High,High,High–High,,,0,no STRING match,no STRING match,2665,2667,1,1
18,fig|6666666.1036479.peg.2548,fig|6666666.1036479.peg.3207,0.9581944942474365,3.654614559984407e-05,High,Medium,Medium–High,,,0,no STRING match,no STRING match,2298,2468,1,1
19,fig|6666666.1036479.peg.2672,fig|6666666.1036479.peg.3207,0.9579908728599549,3.857648702205763e-05,Medium,Medium,Medium–Medium,,,0,no STRING match,no STRING match,2341,2468,1,1
20,fig|6666666.1036479.peg.3207,fig|6666666.1036479.peg.861,0.9567685663700104,4.060682844427119e-05,Medium,High,Medium–High,,,0,no STRING match,no STRING match,2468,2665,1,1
21,fig|6666666.1036479.peg.370,fig|6666666.1036479.peg.861,0.9564359545707702,4.263716986648475e-05,High,High,High–High,,,0,no STRING match,no STRING match,2579,2665,1,1
22,fig|6666666.1036479.peg.2672,fig|6666666.1036479.peg.370,0.9558659315109252,4.466751128869831e-05,Medium,High,Medium–High,,,0,no STRING match,no STRING match,2341,2579,1,1
23,fig|6666666.1036479.peg.370,fig|6666666.1036479.peg.2348,0.9545040309429169,4.669785271091187e-05,High,High,High–High,,,0,no STRING match,no STRING match,2579,3019,1,1
24,fig|6666666.1036479.peg.866,fig|6666666.1036479.peg.2348,0.953970730304718,4.8728194133125426e-05,High,High,High–High,,,0,no STRING match,no STRING match,2667,3019,1,1
25,fig|6666666.1036479.peg.411,fig|6666666.1036479.peg.2348,0.9532461762428284,5.0758535555338986e-05,Low,High,Low–High,Hypothetical protein.,,0,secondary STRING hit (STRING protein assigned to a better match),no STRING match,2585,3019,1,1
26,fig|6666666.1036479.peg.2548,fig|6666666.1036479.peg.3020,0.9531558096408844,5.2788876977552545e-05,High,Low,Low–High,,,0,no STRING match,no STRING match,2298,2433,1,1
27,fig|6666666.1036479.peg.2672,fig|6666666.1036479.peg.3020,0.9529086351394653,5.4819218399766105e-05,Medium,Low,Low–Medium,,,0,no STRING match,no STRING match,2341,2433,1,1
28,fig|6666666.1036479.peg.2672,fig|6666666.1036479.peg.1947,0.9527781307697296,5.6849559821979664e-05,Medium,Medium,Medium–Medium,,,0,no STRING match,no STRING match,2341,2930,1,1
29,fig|6666666.1036479.peg.370,fig|6666666.1036479.peg.866,0.9526358723640442,5.8879901244193223e-05,High,High,High–High,,,0,no STRING match,no STRING match,2579,2667,1,1
30,fig|6666666.1036479.peg.3207,fig|6666666.1036479.peg.2348,0.952155613899231,6.091024266640678e-05,Medium,High,Medium–High,,,0,no STRING match,no STRING match,2468,3019,1,1
31,fig|6666666.1036479.peg.2548,fig|6666666.1036479.peg.1947,0.951943451166153,6.294058408862034e-05,High,Medium,Medium–High,,,0,no STRING match,no STRING match,2298,2930,1,1
32,fig|6666666.1036479.peg.370,fig|6666666.1036479.peg.411,0.951914244890213,6.49709255108339e-05,High,Low,Low–High,,Hypothetical protein.,0,no STRING match,secondary STRING hit (STRING protein assigned to a better match),2579,2585,1,1
33,fig|6666666.1036479.peg.411,fig|6666666.1036479.peg.861,0.9518898069858551,6.700126693304746e-05,Low,High,Low–High,Hypothetical protein.,,0,secondary STRING hit (STRING protein assigned to a better match),no STRING match,2585,2665,1,1
34,fig|6666666.1036479.peg.861,fig|6666666.1036479.peg.1947,0.951823091506958,6.903160835526102e-05,High,Medium,Medium–High,,,0,no STRING match,no STRING match,2665,2930,1,1
35,fig|6666666.1036479.peg.3020,fig|6666666.1036479.peg.861,0.950864189863205,7.106194977747458e-05,Low,High,Low–High,,,0,no STRING match,no STRING match,2433,2665,1,1
36,fig|6666666.1036479.peg.3207,fig|6666666.1036479.peg.866,0.9507105827331543,7.309229119968814e-05,Medium,High,Medium–High,,,0,no STRING match,no STRING match,2468,2667,1,1
37,fig|6666666.1036479.peg.2672,fig|6666666.1036479.peg.411,0.9506131529808044,7.51226326219017e-05,Medium,Low,Low–Medium,,Hypothetical protein.,0,no STRING match,secondary STRING hit (STRING protein assigned to a better match),2341,2585,1,1
38,fig|6666666.1036479.peg.2672,fig|6666666.1036479.peg.728,0.9502570986747741,7.715297404411526e-05,Medium,Medium,Medium–Medium,,,0,no STRING match,no STRING match,2341,2639,1,1
39,fig|6666666.1036479.peg.2548,fig|6666666.1036479.peg.728,0.9499419450759887,7.918331546632882e-05,High,Medium,Medium–High,,,0,no STRING match,no STRING match,2298,2639,1,1
40,fig|6666666.1036479.peg.2548,fig|6666666.1036479.peg.881,0.9487878739833832,8.121365688854238e-05,High,High,High–High,,,0,no STRING match,no STRING match,2298,2674,1,1
41,fig|6666666.1036479.peg.728,fig|6666666.1036479.peg.861,0.948421186208725,8.324399831075594e-05,Medium,High,Medium–High,,,0,no STRING match,no STRING match,2639,2665,1,1
42,fig|6666666.1036479.peg.2672,fig|6666666.1036479.peg.573,0.9482727169990539,8.52743397329695e-05,Medium,Very Low,Very Low–Medium,,Hypothetical protein.,0,no STRING match,secondary STRING hit (STRING protein assigned to a better match),2341,2601,1,1
43,fig|6666666.1036479.peg.3207,fig|6666666.1036479.peg.370,0.947968727350235,8.730468115518306e-05,Medium,High,Medium–High,,,0,no STRING match,no STRING match,2468,2579,1,1
44,fig|6666666.1036479.peg.2672,fig|6666666.1036479.peg.2948,0.9476881563663483,8.933502257739661e-05,Medium,High,Medium–High,,,0,no STRING match,no STRING match,2341,2410,1,1
45,fig|6666666.1036479.peg.2548,fig|6666666.1036479.peg.2948,0.9472064554691315,9.136536399961017e-05,High,High,High–High,,,0,no STRING match,no STRING match,2298,2410,1,1
46,fig|6666666.1036479.peg.411,fig|6666666.1036479.peg.866,0.9471496045589447,9.339570542182373e-05,Low,High,Low–High,Hypothetical protein.,,0,secondary STRING hit (STRING protein assigned to a better match),no STRING match,2585,2667,1,1
47,fig|6666666.1036479.peg.2948,fig|6666666.1036479.peg.861,0.9462807416915894,9.54260468440373e-05,High,High,High–High,,,0,no STRING match,no STRING match,2410,2665,1,1
48,fig|6666666.1036479.peg.3020,fig|6666666.1036479.peg.866,0.9461726665496826,9.745638826625085e-05,Low,High,Low–High,,,0,no STRING match,no STRING match,2433,2667,1,1
49,fig|6666666.1036479.peg.2672,fig|6666666.1036479.peg.2988,0.9460117280483246,9.948672968846441e-05,Medium,Medium,Medium–Medium,,Hypothetical protein.,0,no STRING match,secondary STRING hit (STRING protein assigned to a better match),2341,2416,1,1
50,fig|6666666.1036479.peg.866,fig|6666666.1036479.peg.1947,0.9459823668003082,0.00010151707111067797,High,Medium,Medium–High,,,0,no STRING match,no STRING match,2667,2930,1,1
51,fig|6666666.1036479.peg.3020,fig|6666666.1036479.peg.2348,0.945654445886612,0.00010354741253289153,Low,High,Low–High,,,0,no STRING match,no STRING match,2433,3019,1,1
52,fig|6666666.1036479.peg.3244,fig|6666666.1036479.peg.1966,0.9456227123737335,0.00010557775395510509,Very Low,Very Low,Very Low–Very Low,,,0,no STRING match,no STRING match,2495,2946,3,1
53,fig|6666666.1036479.peg.12,fig|6666666.1036479.peg.1966,0.9456227123737335,0.00010760809537731865,Very Low,Very Low,Very Low–Very Low,,,0,no STRING match,no STRING match,2495,2946,3,1
54,fig|6666666.1036479.peg.160,fig|6666666.1036479.peg.1966,0.9456227123737335,0.00010963843679953221,Very Low,Very Low,Very Low–Very Low,,,0,no STRING match,no STRING match,2495,2946,3,1
55,fig|6666666.1036479.peg.573,fig|6666666.1036479.peg.861,0.945383095741272,0.00011166877822174577,Very Low,High,Very Low–High,Hypothetical protein.,,0,secondary STRING hit (STRING protein assigned to a better match),no STRING match,2601,2665,1,1
56,fig|6666666.1036479.peg.1947,fig|6666666.1036479.peg.2348,0.9452000439167023,0.00011369911964395933,Medium,High,Medium–High,,,0,no STRING match,no STRING match,2930,3019,1,1
57,fig|6666666.1036479.peg.728,fig|6666666.1036479.peg.2348,0.943935614824295,0.00011572946106617289,Medium,High,Medium–High,,,0,no STRING match,no STRING match,2639,3019,1,1
58,fig|6666666.1036479.peg.2548,fig|6666666.1036479.peg.2988,0.9437312126159668,0.00011775980248838645,High,Medium,Medium–High,,Hypothetical protein.,0,no STRING match,secondary STRING hit (STRING protein assigned to a better match),2298,2416,1,1
59,fig|6666666.1036479.peg.2672,fig|6666666.1036479.peg.2364,0.9435907661914825,0.0001197901439106,Medium,Medium,Medium–Medium,,,0,no STRING match,no STRING match,2341,3022,1,1
60,fig|6666666.1036479.peg.2988,fig|6666666.1036479.peg.861,0.9434825360774994,0.00012182048533281357,Medium,High,Medium–High,Hypothetical protein.,,0,secondary STRING hit (STRING protein assigned to a better match),no STRING match,2416,2665,1,1
61,fig|6666666.1036479.peg.2548,fig|6666666.1036479.peg.1300,0.9434312462806702,0.00012385082675502713,High,Low,Low–High,,,0,no STRING match,no STRING match,2298,2763,1,1
62,fig|6666666.1036479.peg.3020,fig|6666666.1036479.peg.3207,0.9432592570781708,0.00012588116817724068,Low,Medium,Low–Medium,,,0,no STRING match,no STRING match,2433,2468,1,1
63,fig|6666666.1036479.peg.3207,fig|6666666.1036479.peg.1947,0.9432538747787476,0.00012791150959945424,Medium,Medium,Medium–Medium,,,0,no STRING match,no STRING match,2468,2930,1,1
64,fig|6666666.1036479.peg.3207,fig|6666666.1036479.peg.411,0.9428248286247254,0.0001299418510216678,Medium,Low,Low–Medium,,Hypothetical protein.,0,no STRING match,secondary STRING hit (STRING protein assigned to a better match),2468,2585,1,1
65,fig|6666666.1036479.peg.3020,fig|6666666.1036479.peg.370,0.9423821091651916,0.00013197219244388136,Low,High,Low–High,,,0,no STRING match,no STRING match,2433,2579,1,1
66,fig|6666666.1036479.peg.370,fig|6666666.1036479.peg.1947,0.9413676381111145,0.00013400253386609492,High,Medium,Medium–High,,,0,no STRING match,no STRING match,2579,2930,1,1
67,fig|6666666.1036479.peg.2948,fig|6666666.1036479.peg.2348,0.9408756136894226,0.00013603287528830848,High,High,High–High,,,0,no STRING match,no STRING match,2410,3019,1,1
68,fig|6666666.1036479.peg.728,fig|6666666.1036479.peg.866,0.9407545804977417,0.00013806321671052204,Medium,High,Medium–High,,,0,no STRING match,no STRING match,2639,2667,1,1
69,fig|6666666.1036479.peg.861,fig|6666666.1036479.peg.2364,0.9405323982238769,0.0001400935581327356,High,Medium,Medium–High,,,0,no STRING match,no STRING match,2665,3022,1,1
70,fig|6666666.1036479.peg.2548,fig|6666666.1036479.peg.573,0.9401924788951874,0.00014212389955494916,High,Very Low,Very Low–High,,Hypothetical protein.,0,no STRING match,secondary STRING hit (STRING protein assigned to a better match),2298,2601,1,1
71,fig|6666666.1036479.peg.3207,fig|6666666.1036479.peg.728,0.9397793531417846,0.00014415424097716272,Medium,Medium,Medium–Medium,,,0,no STRING match,no STRING match,2468,2639,1,1
72,fig|6666666.1036479.peg.2547,fig|6666666.1036479.peg.2548,0.9396015048027039,0.00014618458239937628,Medium,High,Medium–High,,,0,no STRING match,no STRING match,2297,2298,1,1
73,fig|6666666.1036479.peg.2672,fig|6666666.1036479.peg.2436,0.9391096889972687,0.00014821492382158984,Medium,Medium,Medium–Medium,,,0,no STRING match,no STRING match,2341,3033,1,1
74,fig|6666666.1036479.peg.370,fig|6666666.1036479.peg.728,0.9390441536903381,0.0001502452652438034,High,Medium,Medium–High,,,0,no STRING match,no STRING match,2579,2639,1,1
75,fig|6666666.1036479.peg.2948,fig|6666666.1036479.peg.866,0.9385992228984833,0.00015227560666601696,High,High,High–High,,,0,no STRING match,no STRING match,2410,2667,1,1
76,fig|6666666.1036479.peg.3020,fig|6666666.1036479.peg.1947,0.9384342074394226,0.00015430594808823052,Low,Medium,Low–Medium,,,0,no STRING match,no STRING match,2433,2930,1,1
77,fig|6666666.1036479.peg.2988,fig|6666666.1036479.peg.2348,0.9381565749645233,0.00015633628951044408,Medium,High,Medium–High,Hypothetical protein.,,0,secondary STRING hit (STRING protein assigned to a better match),no STRING match,2416,3019,1,1
78,fig|6666666.1036479.peg.411,fig|6666666.1036479.peg.881,0.9380643010139466,0.00015836663093265764,Low,High,Low–High,Hypothetical protein.,,0,secondary STRING hit (STRING protein assigned to a better match),no STRING match,2585,2674,1,1
79,fig|6666666.1036479.peg.2548,fig|6666666.1036479.peg.3017,0.9377195119857789,0.0001603969723548712,High,Medium,Medium–High,,,0,no STRING match,no STRING match,2298,2430,1,1
80,fig|6666666.1036479.peg.2672,fig|6666666.1036479.peg.1308,0.9375564694404602,0.00016242731377708475,Medium,Medium,Medium–Medium,,,0,no STRING match,no STRING match,2341,2764,1,1
81,fig|6666666.1036479.peg.573,fig|6666666.1036479.peg.2348,0.9373770952224731,0.00016445765519929831,Very Low,High,Very Low–High,Hypothetical protein.,,0,secondary STRING hit (STRING protein assigned to a better match),no STRING match,2601,3019,1,1
82,fig|6666666.1036479.peg.2948,fig|6666666.1036479.peg.3207,0.9373118937015533,0.00016648799662151187,High,Medium,Medium–High,,,0,no STRING match,no STRING match,2410,2468,1,1
83,fig|6666666.1036479.peg.2548,fig|6666666.1036479.peg.1308,0.9368468999862671,0.00016851833804372543,High,Medium,Medium–High,,,0,no STRING match,no STRING match,2298,2764,1,1
84,fig|6666666.1036479.peg.370,fig|6666666.1036479.peg.881,0.9367721855640412,0.000170548679465939,High,High,High–High,,,0,no STRING match,no STRING match,2579,2674,1,1
85,fig|6666666.1036479.peg.2547,fig|6666666.1036479.peg.861,0.936431497335434,0.00017257902088815255,Medium,High,Medium–High,,,0,no STRING match,no STRING match,2297,2665,1,1
86,fig|6666666.1036479.peg.2547,fig|6666666.1036479.peg.2672,0.9362270474433899,0.0001746093623103661,Medium,Medium,Medium–Medium,,,0,no STRING match,no STRING match,2297,2341,1,1
87,fig|6666666.1036479.peg.3020,fig|6666666.1036479.peg.411,0.9362263858318329,0.00017663970373257967,Low,Low,Low–Low,,Hypothetical protein.,0,no STRING match,secondary STRING hit (STRING protein assigned to a better match),2433,2585,1,1
88,fig|6666666.1036479.peg.861,fig|6666666.1036479.peg.2436,0.9361310184001923,0.00017867004515479323,High,Medium,Medium–High,,,0,no STRING match,no STRING match,2665,3033,1,1
89,fig|6666666.1036479.peg.573,fig|6666666.1036479.peg.866,0.9361012399196624,0.0001807003865770068,Very Low,High,Very Low–High,Hypothetical protein.,,0,secondary STRING hit (STRING protein assigned to a better match),no STRING match,2601,2667,1,1
90,fig|6666666.1036479.peg.861,fig|6666666.1036479.peg.881,0.9360463261604309,0.00018273072799922035,High,High,High–High,,,0,no STRING match,no STRING match,2665,2674,1,1
91,fig|6666666.1036479.peg.3207,fig|6666666.1036479.peg.573,0.9360160052776336,0.0001847610694214339,Medium,Very Low,Very Low–Medium,,Hypothetical protein.,0,no STRING match,secondary STRING hit (STRING protein assigned to a better match),2468,2601,1,1
92,fig|6666666.1036479.peg.881,fig|6666666.1036479.peg.2348,0.9360069811344147,0.00018679141084364747,High,High,High–High,,,0,no STRING match,no STRING match,2674,3019,1,1
93,fig|6666666.1036479.peg.861,fig|6666666.1036479.peg.1308,0.9357889652252197,0.00018882175226586103,High,Medium,Medium–High,,,0,no STRING match,no STRING match,2665,2764,1,1
94,fig|6666666.1036479.peg.2548,fig|6666666.1036479.peg.2364,0.935622227191925,0.0001908520936880746,High,Medium,Medium–High,,,0,no STRING match,no STRING match,2298,3022,1,1
95,fig|6666666.1036479.peg.2948,fig|6666666.1036479.peg.370,0.9352378368377685,0.00019288243511028815,High,High,High–High,,,0,no STRING match,no STRING match,2410,2579,1,1
96,fig|6666666.1036479.peg.2988,fig|6666666.1036479.peg.866,0.9351784110069274,0.0001949127765325017,Medium,High,Medium–High,Hypothetical protein.,,0,secondary STRING hit (STRING protein assigned to a better match),no STRING match,2416,2667,1,1
97,fig|6666666.1036479.peg.2988,fig|6666666.1036479.peg.3207,0.9344201624393463,0.00019694311795471526,Medium,Medium,Medium–Medium,Hypothetical protein.,,0,secondary STRING hit (STRING protein assigned to a better match),no STRING match,2416,2468,1,1
98,fig|6666666.1036479.peg.2548,fig|6666666.1036479.peg.3231,0.9343427777290344,0.00019897345937692882,High,Very Low,Very Low–High,,,0,no STRING match,no STRING match,2298,2482,1,2
99,fig|6666666.1036479.peg.2548,fig|6666666.1036479.peg.147,0.9343427777290344,0.00020100380079914238,High,Very Low,Very Low–High,,,0,no STRING match,no STRING match,2298,2482,1,2
100,fig|6666666.1036479.peg.2672,fig|6666666.1036479.peg.3222,0.9340037822723388,0.00020303414222135594,Medium,Medium,Medium–Medium,,,0,no STRING match,no STRING match,2341,2473,1,2
101,fig|6666666.1036479.peg.2672,fig|6666666.1036479.peg.138,0.9340037822723388,0.0002050644836435695,Medium,Medium,Medium–Medium,,,0,no STRING match,no STRING match,2341,2473,1,2
102,fig|6666666.1036479.peg.411,fig|6666666.1036479.peg.728,0.9338559865951538,0.00020709482506578306,Low,Medium,Low–Medium,Hypothetical protein.,,0,secondary STRING hit (STRING protein assigned to a better match),no STRING match,2585,2639,1,1
103,fig|6666666.1036479.peg.3244,fig|6666666.1036479.peg.1353,0.9335904836654663,0.00020912516648799662,Very Low,Very Low,Very Low–Very Low,,,0,no STRING match,no STRING match,2495,2790,3,1
104,fig|6666666.1036479.peg.12,fig|6666666.1036479.peg.1353,0.9335904836654663,0.00021115550791021018,Very Low,Very Low,Very Low–Very Low,,,0,no STRING match,no STRING match,2495,2790,3,1
105,fig|6666666.1036479.peg.160,fig|6666666.1036479.peg.1353,0.9335904836654663,0.00021318584933242374,Very Low,Very Low,Very Low–Very Low,,,0,no STRING match,no STRING match,2495,2790,3,1
106,fig|6666666.1036479.peg.3020,fig|6666666.1036479.peg.728,0.9335684597492218,0.0002152161907546373,Low,Medium,Low–Medium,,,0,no STRING match,no STRING match,2433,2639,1,1
107,fig|6666666.1036479.peg.2672,fig|6666666.1036479.peg.881,0.9335193574428559,0.00021724653217685086,Medium,High,Medium–High,,,0,no STRING match,no STRING match,2341,2674,1,1
108,fig|6666666.1036479.peg.728,fig|6666666.1036479.peg.1947,0.9334124863147736,0.00021927687359906442,Medium,Medium,Medium–Medium,,,0,no STRING match,no STRING match,2639,2930,1,1
109,fig|6666666.1036479.peg.2548,fig|6666666.1036479.peg.1080,0.9330621063709259,0.00022130721502127798,High,High,High–High,,,0,no STRING match,no STRING match,2298,2712,1,1
110,fig|6666666.1036479.peg.2548,fig|6666666.1036479.peg.2920,0.9330454051494599,0.00022333755644349154,High,Very Low,Very Low–High,,,0,no STRING match,no STRING match,2298,2397,1,1
111,fig|6666666.1036479.peg.2548,fig|6666666.1036479.peg.38,0.9330295443534851,0.0002253678978657051,High,Low,Low–High,,,0,no STRING match,no STRING match,2298,2526,1,2
112,fig|6666666.1036479.peg.2548,fig|6666666.1036479.peg.186,0.9330295443534851,0.00022739823928791866,High,Low,Low–High,,,0,no STRING match,no STRING match,2298,2526,1,2
113,fig|6666666.1036479.peg.2548,fig|6666666.1036479.peg.2960,0.9329917550086975,0.00022942858071013222,High,Low,Low–High,,,0,no STRING match,no STRING match,2298,2412,1,1
114,fig|6666666.1036479.peg.2348,fig|6666666.1036479.peg.2364,0.9329527378082275,0.00023145892213234578,High,Medium,Medium–High,,,0,no STRING match,no STRING match,3019,3022,1,1
115,fig|6666666.1036479.peg.866,fig|6666666.1036479.peg.881,0.9329059600830079,0.00023348926355455933,High,High,High–High,,,0,no STRING match,no STRING match,2667,2674,1,1
116,fig|6666666.1036479.peg.2548,fig|6666666.1036479.peg.2436,0.9325417160987854,0.0002355196049767729,High,Medium,Medium–High,,,0,no STRING match,no STRING match,2298,3033,1,1
117,fig|6666666.1036479.peg.2988,fig|6666666.1036479.peg.370,0.9324942648410797,0.00023754994639898645,Medium,High,Medium–High,Hypothetical protein.,,0,secondary STRING hit (STRING protein assigned to a better match),no STRING match,2416,2579,1,1
118,fig|6666666.1036479.peg.411,fig|6666666.1036479.peg.1947,0.9324145913124084,0.0002395802878212,Low,Medium,Low–Medium,Hypothetical protein.,,0,secondary STRING hit (STRING protein assigned to a better match),no STRING match,2585,2930,1,1
119,fig|6666666.1036479.peg.2672,fig|6666666.1036479.peg.2920,0.9318176507949829,0.00024161062924341357,Medium,Very Low,Very Low–Medium,,,0,no STRING match,no STRING match,2341,2397,1,1
120,fig|6666666.1036479.peg.1308,fig|6666666.1036479.peg.2348,0.9314564049243927,0.00024364097066562713,Medium,High,Medium–High,,,0,no STRING match,no STRING match,2764,3019,1,1
121,fig|6666666.1036479.peg.2672,fig|6666666.1036479.peg.1657,0.9313398420810699,0.0002456713120878407,Medium,Medium,Medium–Medium,,,0,no STRING match,no STRING match,2341,2883,1,1
122,fig|6666666.1036479.peg.370,fig|6666666.1036479.peg.1300,0.9312189221382141,0.00024770165351005425,High,Low,Low–High,,,0,no STRING match,no STRING match,2579,2763,1,1
123,fig|6666666.1036479.peg.3222,fig|6666666.1036479.peg.861,0.9311586439609527,0.0002497319949322678,Medium,High,Medium–High,,,0,no STRING match,no STRING match,2473,2665,2,1
124,fig|6666666.1036479.peg.138,fig|6666666.1036479.peg.861,0.9311586439609527,0.00025176233635448137,Medium,High,Medium–High,,,0,no STRING match,no STRING match,2473,2665,2,1
125,fig|6666666.1036479.peg.2548,fig|6666666.1036479.peg.1289,0.931098484992981,0.00025379267777669493,High,Very Low,Very Low–High,,,0,no STRING match,no STRING match,2298,2762,1,1
126,fig|6666666.1036479.peg.2672,fig|6666666.1036479.peg.725,0.9310803771018982,0.0002558230191989085,Medium,Very Low,Very Low–Medium,,,0,no STRING match,no STRING match,2341,2636,1,1
127,fig|6666666.1036479.peg.861,fig|6666666.1036479.peg.1300,0.9309174478054046,0.00025785336062112205,High,Low,Low–High,,,0,no STRING match,no STRING match,2665,2763,1,1
128,fig|6666666.1036479.peg.573,fig|6666666.1036479.peg.1947,0.9308831572532654,0.0002598837020433356,Very Low,Medium,Very Low–Medium,Hypothetical protein.,,0,secondary STRING hit (STRING protein assigned to a better match),no STRING match,2601,2930,1,1
129,fig|6666666.1036479.peg.2920,fig|6666666.1036479.peg.861,0.9308619260787964,0.00026191404346554917,Very Low,High,Very Low–High,,,0,no STRING match,no STRING match,2397,2665,1,1
130,fig|6666666.1036479.peg.2948,fig|6666666.1036479.peg.3020,0.930684620141983,0.0002639443848877627,High,Low,Low–High,,,0,no STRING match,no STRING match,2410,2433,1,1
131,fig|6666666.1036479.peg.2948,fig|6666666.1036479.peg.411,0.9306170165538787,0.0002659747263099763,High,Low,Low–High,,Hypothetical protein.,0,no STRING match,secondary STRING hit (STRING protein assigned to a better match),2410,2585,1,1
132,fig|6666666.1036479.peg.3207,fig|6666666.1036479.peg.2364,0.9305970668792725,0.00026800506773218984,Medium,Medium,Medium–Medium,,,0,no STRING match,no STRING match,2468,3022,1,1
133,fig|6666666.1036479.peg.2948,fig|6666666.1036479.peg.1947,0.9305482149124146,0.0002700354091544034,High,Medium,Medium–High,,,0,no STRING match,no STRING match,2410,2930,1,1
134,fig|6666666.1036479.peg.2548,fig|6666666.1036479.peg.719,0.9305445432662964,0.00027206575057661696,High,Medium,Medium–High,,,0,no STRING match,no STRING match,2298,2630,1,1
135,fig|6666666.1036479.peg.3020,fig|6666666.1036479.peg.573,0.9303506195545197,0.0002740960919988305,Low,Very Low,Very Low–Low,,Hypothetical protein.,0,no STRING match,secondary STRING hit (STRING protein assigned to a better match),2433,2601,1,1
136,fig|6666666.1036479.peg.2547,fig|6666666.1036479.peg.866,0.9302197694778442,0.0002761264334210441,Medium,High,Medium–High,,,0,no STRING match,no STRING match,2297,2667,1,1
137,fig|6666666.1036479.peg.411,fig|6666666.1036479.peg.1300,0.92984738945961,0.00027815677484325764,Low,Low,Low–Low,Hypothetical protein.,,0,secondary STRING hit (STRING protein assigned to a better match),no STRING match,2585,2763,1,1
138,fig|6666666.1036479.peg.2547,fig|6666666.1036479.peg.2348,0.9298108041286468,0.0002801871162654712,Medium,High,Medium–High,,,0,no STRING match,no STRING match,2297,3019,1,1
139,fig|6666666.1036479.peg.866,fig|6666666.1036479.peg.2364,0.9297816932201386,0.00028221745768768476,High,Medium,Medium–High,,,0,no STRING match,no STRING match,2667,3022,1,1
140,fig|6666666.1036479.peg.2672,fig|6666666.1036479.peg.719,0.9297730207443238,0.0002842477991098983,Medium,Medium,Medium–Medium,,,0,no STRING match,no STRING match,2341,2630,1,1
141,fig|6666666.1036479.peg.861,fig|6666666.1036479.peg.1657,0.9293846964836121,0.0002862781405321119,High,Medium,Medium–High,,,0,no STRING match,no STRING match,2665,2883,1,1
142,fig|6666666.1036479.peg.2548,fig|6666666.1036479.peg.1657,0.9291754961013794,0.00028830848195432544,High,Medium,Medium–High,,,0,no STRING match,no STRING match,2298,2883,1,1
143,fig|6666666.1036479.peg.1300,fig|6666666.1036479.peg.2348,0.9291321635246277,0.000290338823376539,Low,High,Low–High,,,0,no STRING match,no STRING match,2763,3019,1,1
144,fig|6666666.1036479.peg.370,fig|6666666.1036479.peg.573,0.9288130164146423,0.00029236916479875256,High,Very Low,Very Low–High,,Hypothetical protein.,0,no STRING match,secondary STRING hit (STRING protein assigned to a better match),2579,2601,1,1
145,fig|6666666.1036479.peg.2672,fig|6666666.1036479.peg.1300,0.9286845564842224,0.0002943995062209661,Medium,Low,Low–Medium,,,0,no STRING match,no STRING match,2341,2763,1,1
146,fig|6666666.1036479.peg.2988,fig|6666666.1036479.peg.3020,0.9284626960754394,0.0002964298476431797,Medium,Low,Low–Medium,Hypothetical protein.,,0,secondary STRING hit (STRING protein assigned to a better match),no STRING match,2416,2433,1,1
147,fig|6666666.1036479.peg.2672,fig|6666666.1036479.peg.2092,0.9284382939338685,0.00029846018906539324,Medium,Medium,Medium–Medium,,,0,no STRING match,no STRING match,2341,2954,1,1
148,fig|6666666.1036479.peg.725,fig|6666666.1036479.peg.861,0.9281980931758881,0.0003004905304876068,Very Low,High,Very Low–High,,,0,no STRING match,no STRING match,2636,2665,1,1
149,fig|6666666.1036479.peg.2988,fig|6666666.1036479.peg.1947,0.9280403792858124,0.00030252087190982036,Medium,Medium,Medium–Medium,Hypothetical protein.,,0,secondary STRING hit (STRING protein assigned to a better match),no STRING match,2416,2930,1,1
150,fig|6666666.1036479.peg.2548,fig|6666666.1036479.peg.725,0.9277409195899964,0.0003045512133320339,High,Very Low,Very Low–High,,,0,no STRING match,no STRING match,2298,2636,1,1
151,fig|6666666.1036479.peg.2348,fig|6666666.1036479.peg.2436,0.9276471436023712,0.0003065815547542475,High,Medium,Medium–High,,,0,no STRING match,no STRING match,3019,3033,1,1
152,fig|6666666.1036479.peg.866,fig|6666666.1036479.peg.1300,0.9276180505752564,0.00030861189617646103,High,Low,Low–High,,,0,no STRING match,no STRING match,2667,2763,1,1
153,fig|6666666.1036479.peg.866,fig|6666666.1036479.peg.2436,0.9275759279727935,0.0003106422375986746,High,Medium,Medium–High,,,0,no STRING match,no STRING match,2667,3033,1,1
154,fig|6666666.1036479.peg.719,fig|6666666.1036479.peg.861,0.9275019228458404,0.00031267257902088815,Medium,High,Medium–High,,,0,no STRING match,no STRING match,2630,2665,1,1
155,fig|6666666.1036479.peg.2672,fig|6666666.1036479.peg.2455,0.9274570941925049,0.0003147029204431017,Medium,Medium,Medium–Medium,,,0,no STRING match,no STRING match,2341,3038,1,1
156,fig|6666666.1036479.peg.2547,fig|6666666.1036479.peg.370,0.9273608207702637,0.00031673326186531527,Medium,High,Medium–High,,,0,no STRING match,no STRING match,2297,2579,1,1
157,fig|6666666.1036479.peg.2948,fig|6666666.1036479.peg.728,0.927140337228775,0.00031876360328752883,High,Medium,Medium–High,,,0,no STRING match,no STRING match,2410,2639,1,1
158,fig|6666666.1036479.peg.3019,fig|6666666.1036479.peg.3244,0.9270817816257477,0.0003207939447097424,Very Low,Very Low,Very Low–Very Low,,,0,no STRING match,no STRING match,2432,2495,1,3
159,fig|6666666.1036479.peg.3019,fig|6666666.1036479.peg.12,0.9270817816257477,0.00032282428613195595,Very Low,Very Low,Very Low–Very Low,,,0,no STRING match,no STRING match,2432,2495,1,3
160,fig|6666666.1036479.peg.3019,fig|6666666.1036479.peg.160,0.9270817816257477,0.0003248546275541695,Very Low,Very Low,Very Low–Very Low,,,0,no STRING match,no STRING match,2432,2495,1,3
161,fig|6666666.1036479.peg.410,fig|6666666.1036479.peg.1966,0.9270318746566772,0.00032688496897638307,Very Low,Very Low,Very Low–Very Low,,,0,no STRING match,no STRING match,2584,2946,1,1
162,fig|6666666.1036479.peg.861,fig|6666666.1036479.peg.2092,0.9268005311489105,0.00032891531039859663,High,Medium,Medium–High,,,0,no STRING match,no STRING match,2665,2954,1,1
163,fig|6666666.1036479.peg.3207,fig|6666666.1036479.peg.2436,0.9263783633708954,0.0003309456518208102,Medium,Medium,Medium–Medium,,,0,no STRING match,no STRING match,2468,3033,1,1
164,fig|6666666.1036479.peg.866,fig|6666666.1036479.peg.1308,0.9261807560920715,0.00033297599324302375,High,Medium,Medium–High,,,0,no STRING match,no STRING match,2667,2764,1,1
165,fig|6666666.1036479.peg.573,fig|6666666.1036479.peg.728,0.9260644733905792,0.0003350063346652373,Very Low,Medium,Very Low–Medium,Hypothetical protein.,,0,secondary STRING hit (STRING protein assigned to a better match),no STRING match,2601,2639,1,1
166,fig|6666666.1036479.peg.2547,fig|6666666.1036479.peg.3207,0.9259415924549103,0.00033703667608745087,Medium,Medium,Medium–Medium,,,0,no STRING match,no STRING match,2297,2468,1,1
167,fig|6666666.1036479.peg.3017,fig|6666666.1036479.peg.411,0.9258605241775513,0.0003390670175096644,Medium,Low,Low–Medium,,Hypothetical protein.,0,no STRING match,secondary STRING hit (STRING protein assigned to a better match),2430,2585,1,1
168,fig|6666666.1036479.peg.2548,fig|6666666.1036479.peg.720,0.9256125509738922,0.000341097358931878,High,High,High–High,,,0,no STRING match,no STRING match,2298,2631,1,1
169,fig|6666666.1036479.peg.2988,fig|6666666.1036479.peg.411,0.9256031513214111,0.00034312770035409154,Medium,Low,Low–Medium,Hypothetical protein.,Hypothetical protein.,0,secondary STRING hit (STRING protein assigned to a better match),secondary STRING hit (STRING protein assigned to a better match),2416,2585,1,1
170,fig|6666666.1036479.peg.3207,fig|6666666.1036479.peg.1308,0.9255599975585938,0.0003451580417763051,Medium,Medium,Medium–Medium,,,0,no STRING match,no STRING match,2468,2764,1,1
171,fig|6666666.1036479.peg.2548,fig|6666666.1036479.peg.2929,0.9254677295684814,0.00034718838319851866,High,Very Low,Very Low–High,,Hypothetical protein.,0,no STRING match,secondary STRING hit (STRING protein assigned to a better match),2298,2404,1,1
172,fig|6666666.1036479.peg.2988,fig|6666666.1036479.peg.728,0.9253583073616027,0.0003492187246207322,Medium,Medium,Medium–Medium,Hypothetical protein.,,0,secondary STRING hit (STRING protein assigned to a better match),no STRING match,2416,2639,1,1
173,fig|6666666.1036479.peg.861,fig|6666666.1036479.peg.2455,0.9253446698188782,0.0003512490660429458,High,Medium,Medium–High,,,0,no STRING match,no STRING match,2665,3038,1,1
174,fig|6666666.1036479.peg.411,fig|6666666.1036479.peg.1080,0.9250614941120148,0.00035327940746515934,Low,High,Low–High,Hypothetical protein.,,0,secondary STRING hit (STRING protein assigned to a better match),no STRING match,2585,2712,1,1
175,fig|6666666.1036479.peg.3207,fig|6666666.1036479.peg.881,0.9249109506607056,0.0003553097488873729,Medium,High,Medium–High,,,0,no STRING match,no STRING match,2468,2674,1,1
176,fig|6666666.1036479.peg.2920,fig|6666666.1036479.peg.2348,0.9247666597366333,0.00035734009030958646,Very Low,High,Very Low–High,,,0,no STRING match,no STRING match,2397,3019,1,1
177,fig|6666666.1036479.peg.3222,fig|6666666.1036479.peg.866,0.9246815741062164,0.0003593704317318,Medium,High,Medium–High,,,0,no STRING match,no STRING match,2473,2667,2,1
178,fig|6666666.1036479.peg.138,fig|6666666.1036479.peg.866,0.9246815741062164,0.0003614007731540136,Medium,High,Medium–High,,,0,no STRING match,no STRING match,2473,2667,2,1
179,fig|6666666.1036479.peg.3020,fig|6666666.1036479.peg.2364,0.924665093421936,0.00036343111457622714,Low,Medium,Low–Medium,,,0,no STRING match,no STRING match,2433,3022,1,1
180,fig|6666666.1036479.peg.1947,fig|6666666.1036479.peg.2364,0.9245026290416718,0.0003654614559984407,Medium,Medium,Medium–Medium,,,0,no STRING match,no STRING match,2930,3022,1,1
181,fig|6666666.1036479.peg.3017,fig|6666666.1036479.peg.370,0.9243378877639771,0.00036749179742065426,Medium,High,Medium–High,,,0,no STRING match,no STRING match,2430,2579,1,1
182,fig|6666666.1036479.peg.370,fig|6666666.1036479.peg.1308,0.9241384625434875,0.0003695221388428678,High,Medium,Medium–High,,,0,no STRING match,no STRING match,2579,2764,1,1
183,fig|6666666.1036479.peg.2548,fig|6666666.1036479.peg.2455,0.9241036891937255,0.0003715524802650814,High,Medium,Medium–High,,,0,no STRING match,no STRING match,2298,3038,1,1
184,fig|6666666.1036479.peg.719,fig|6666666.1036479.peg.2348,0.9241006255149842,0.00037358282168729494,Medium,High,Medium–High,,,0,no STRING match,no STRING match,2630,3019,1,1
185,fig|6666666.1036479.peg.2548,fig|6666666.1036479.peg.889,0.9239491045475006,0.0003756131631095085,High,Low,Low–High,,,0,no STRING match,no STRING match,2298,2682,1,1
186,fig|6666666.1036479.peg.2672,fig|6666666.1036479.peg.2843,0.9239302456378937,0.00037764350453172205,Medium,Very Low,Very Low–Medium,,,0,no STRING match,no STRING match,2341,2370,1,1
187,fig|6666666.1036479.peg.2920,fig|6666666.1036479.peg.866,0.9235291063785553,0.0003796738459539356,Very Low,High,Very Low–High,,,0,no STRING match,no STRING match,2397,2667,1,1
188,fig|6666666.1036479.peg.2548,fig|6666666.1036479.peg.3222,0.9234331727027894,0.0003817041873761492,High,Medium,Medium–High,,,0,no STRING match,no STRING match,2298,2473,1,2
189,fig|6666666.1036479.peg.2548,fig|6666666.1036479.peg.138,0.9234331727027894,0.00038373452879836273,High,Medium,Medium–High,,,0,no STRING match,no STRING match,2298,2473,1,2
190,fig|6666666.1036479.peg.2672,fig|6666666.1036479.peg.3254,0.9233843863010407,0.0003857648702205763,Medium,High,Medium–High,,,0,no STRING match,no STRING match,2341,2505,1,3
191,fig|6666666.1036479.peg.2672,fig|6666666.1036479.peg.22,0.9233843863010407,0.00038779521164278985,Medium,High,Medium–High,,,0,no STRING match,no STRING match,2341,2505,1,3
192,fig|6666666.1036479.peg.2672,fig|6666666.1036479.peg.170,0.9233843863010407,0.0003898255530650034,Medium,High,Medium–High,,,0,no STRING match,no STRING match,2341,2505,1,3
193,fig|6666666.1036479.peg.370,fig|6666666.1036479.peg.2364,0.9233506619930267,0.00039185589448721697,High,Medium,Medium–High,,,0,no STRING match,no STRING match,2579,3022,1,1
194,fig|6666666.1036479.peg.2948,fig|6666666.1036479.peg.573,0.9233065545558929,0.00039388623590943053,High,Very Low,Very Low–High,,Hypothetical protein.,0,no STRING match,secondary STRING hit (STRING protein assigned to a better match),2410,2601,1,1
195,fig|6666666.1036479.peg.2506,fig|6666666.1036479.peg.2548,0.9232809185981751,0.0003959165773316441,Very Low,High,Very Low–High,,,0,no STRING match,no STRING match,2270,2298,6,1
196,fig|6666666.1036479.peg.2516,fig|6666666.1036479.peg.2548,0.9232809185981751,0.00039794691875385765,Very Low,High,Very Low–High,,,0,no STRING match,no STRING match,2270,2298,6,1
197,fig|6666666.1036479.peg.2522,fig|6666666.1036479.peg.2548,0.9232809185981751,0.0003999772601760712,Very Low,High,Very Low–High,,,0,no STRING match,no STRING match,2270,2298,6,1
198,fig|6666666.1036479.peg.2548,fig|6666666.1036479.peg.974,0.9232809185981751,0.00040200760159828477,High,Very Low,Very Low–High,,,0,no STRING match,no STRING match,2298,2270,1,6
199,fig|6666666.1036479.peg.2548,fig|6666666.1036479.peg.979,0.9232809185981751,0.0004040379430204983,High,Very Low,Very Low–High,,,0,no STRING match,no STRING match,2298,2270,1,6
200,fig|6666666.1036479.peg.2548,fig|6666666.1036479.peg.2491,0.9232809185981751,0.0004060682844427119,High,Very Low,Very Low–High,,,0,no STRING match,no STRING match,2298,2270,1,6
201,fig|6666666.1036479.peg.3017,fig|6666666.1036479.peg.861,0.9232768535614013,0.00040809862586492545,Medium,High,Medium–High,,,0,no STRING match,no STRING match,2430,2665,1,1
202,fig|6666666.1036479.peg.2672,fig|6666666.1036479.peg.3008,0.9229944884777069,0.000410128967287139,Medium,Medium,Medium–Medium,,,0,no STRING match,no STRING match,2341,2423,1,1
203,fig|6666666.1036479.peg.38,fig|6666666.1036479.peg.861,0.9229606986045837,0.00041215930870935256,Low,High,Low–High,,,0,no STRING match,no STRING match,2526,2665,2,1
204,fig|6666666.1036479.peg.186,fig|6666666.1036479.peg.861,0.9229606986045837,0.0004141896501315661,Low,High,Low–High,,,0,no STRING match,no STRING match,2526,2665,2,1
205,fig|6666666.1036479.peg.3017,fig|6666666.1036479.peg.2348,0.9229168713092804,0.0004162199915537797,Medium,High,Medium–High,,,0,no STRING match,no STRING match,2430,3019,1,1
206,fig|6666666.1036479.peg.2548,fig|6666666.1036479.peg.2092,0.9226389229297638,0.00041825033297599324,High,Medium,Medium–High,,,0,no STRING match,no STRING match,2298,2954,1,1
207,fig|6666666.1036479.peg.1657,fig|6666666.1036479.peg.2348,0.9224944770336151,0.0004202806743982068,Medium,High,Medium–High,,,0,no STRING match,no STRING match,2883,3019,1,1
208,fig|6666666.1036479.peg.861,fig|6666666.1036479.peg.1289,0.9224263370037079,0.00042231101582042036,High,Very Low,Very Low–High,,,0,no STRING match,no STRING match,2665,2762,1,1
209,fig|6666666.1036479.peg.2988,fig|6666666.1036479.peg.573,0.9221947193145752,0.0004243413572426339,Medium,Very Low,Very Low–Medium,Hypothetical protein.,Hypothetical protein.,0,secondary STRING hit (STRING protein assigned to a better match),secondary STRING hit (STRING protein assigned to a better match),2416,2601,1,1
210,fig|6666666.1036479.peg.3231,fig|6666666.1036479.peg.861,0.9221407294273376,0.0004263716986648475,Very Low,High,Very Low–High,,,0,no STRING match,no STRING match,2482,2665,2,1
211,fig|6666666.1036479.peg.147,fig|6666666.1036479.peg.861,0.9221407294273376,0.00042840204008706104,Very Low,High,Very Low–High,,,0,no STRING match,no STRING match,2482,2665,2,1
212,fig|6666666.1036479.peg.2523,fig|6666666.1036479.peg.2548,0.9219096064567566,0.0004304323815092746,Low,High,Low–High,,,0,no STRING match,no STRING match,2282,2298,1,1
213,fig|6666666.1036479.peg.3008,fig|6666666.1036479.peg.861,0.9217628061771392,0.00043246272293148816,Medium,High,Medium–High,,,0,no STRING match,no STRING match,2423,2665,1,1
214,fig|6666666.1036479.peg.573,fig|6666666.1036479.peg.2364,0.921570771932602,0.0004344930643537017,Very Low,Medium,Very Low–Medium,Hypothetical protein.,,0,secondary STRING hit (STRING protein assigned to a better match),no STRING match,2601,3022,1,1
215,fig|6666666.1036479.peg.2948,fig|6666666.1036479.peg.2988,0.9215128421783447,0.0004365234057759153,High,Medium,Medium–High,,Hypothetical protein.,0,no STRING match,secondary STRING hit (STRING protein assigned to a better match),2410,2416,1,1
216,fig|6666666.1036479.peg.2548,fig|6666666.1036479.peg.2679,0.921499389410019,0.00043855374719812884,High,Medium,Medium–High,,,0,no STRING match,no STRING match,2298,2342,1,1
217,fig|6666666.1036479.peg.2672,fig|6666666.1036479.peg.2114,0.9214731931686402,0.0004405840886203424,Medium,Very Low,Very Low–Medium,,"COG1629 Outer membrane receptor proteins, mostly Fe transport.",0,no STRING match,secondary STRING hit (STRING protein assigned to a better match),2341,2964,1,1
218,fig|6666666.1036479.peg.3254,fig|6666666.1036479.peg.861,0.9214164197444916,0.00044261443004255596,High,High,High–High,,,0,no STRING match,no STRING match,2505,2665,3,1
219,fig|6666666.1036479.peg.22,fig|6666666.1036479.peg.861,0.9214164197444916,0.0004446447714647695,High,High,High–High,,,0,no STRING match,no STRING match,2505,2665,3,1
220,fig|6666666.1036479.peg.170,fig|6666666.1036479.peg.861,0.9214164197444916,0.0004466751128869831,High,High,High–High,,,0,no STRING match,no STRING match,2505,2665,3,1
221,fig|6666666.1036479.peg.725,fig|6666666.1036479.peg.2348,0.9213738143444061,0.00044870545430919663,Very Low,High,Very Low–High,,,0,no STRING match,no STRING match,2636,3019,1,1
222,fig|6666666.1036479.peg.1947,fig|6666666.1036479.peg.2436,0.9213614940643311,0.0004507357957314102,Medium,Medium,Medium–Medium,,,0,no STRING match,no STRING match,2930,3033,1,1
223,fig|6666666.1036479.peg.2547,fig|6666666.1036479.peg.411,0.9212192714214325,0.00045276613715362375,Medium,Low,Low–Medium,,Hypothetical protein.,0,no STRING match,secondary STRING hit (STRING protein assigned to a better match),2297,2585,1,1
224,fig|6666666.1036479.peg.2672,fig|6666666.1036479.peg.1410,0.921182531118393,0.0004547964785758373,Medium,Medium,Medium–Medium,,,0,no STRING match,no STRING match,2341,2813,1,1
225,fig|6666666.1036479.peg.2548,fig|6666666.1036479.peg.3010,0.9211713075637817,0.00045682681999805087,High,Low,Low–High,,,0,no STRING match,no STRING match,2298,2425,1,1
226,fig|6666666.1036479.peg.3207,fig|6666666.1036479.peg.3222,0.9211483418941497,0.00045885716142026443,Medium,Medium,Medium–Medium,,,0,no STRING match,no STRING match,2468,2473,1,2
227,fig|6666666.1036479.peg.3207,fig|6666666.1036479.peg.138,0.9211483418941497,0.000460887502842478,Medium,Medium,Medium–Medium,,,0,no STRING match,no STRING match,2468,2473,1,2
228,fig|6666666.1036479.peg.2672,fig|6666666.1036479.peg.38,0.9210407316684723,0.00046291784426469155,Medium,Low,Low–Medium,,,0,no STRING match,no STRING match,2341,2526,1,2
229,fig|6666666.1036479.peg.2672,fig|6666666.1036479.peg.186,0.9210407316684723,0.0004649481856869051,Medium,Low,Low–Medium,,,0,no STRING match,no STRING match,2341,2526,1,2
230,fig|6666666.1036479.peg.2548,fig|6666666.1036479.peg.1410,0.920956963300705,0.00046697852710911867,High,Medium,Medium–High,,,0,no STRING match,no STRING match,2298,2813,1,1
231,fig|6666666.1036479.peg.861,fig|6666666.1036479.peg.889,0.9209249556064606,0.00046900886853133223,High,Low,Low–High,,,0,no STRING match,no STRING match,2665,2682,1,1
232,fig|6666666.1036479.peg.2672,fig|6666666.1036479.peg.2929,0.9208976209163666,0.0004710392099535458,Medium,Very Low,Very Low–Medium,,Hypothetical protein.,0,no STRING match,secondary STRING hit (STRING protein assigned to a better match),2341,2404,1,1
233,fig|6666666.1036479.peg.3231,fig|6666666.1036479.peg.370,0.9208804726600647,0.00047306955137575935,Very Low,High,Very Low–High,,,0,no STRING match,no STRING match,2482,2579,2,1
234,fig|6666666.1036479.peg.147,fig|6666666.1036479.peg.370,0.9208804726600647,0.0004750998927979729,Very Low,High,Very Low–High,,,0,no STRING match,no STRING match,2482,2579,2,1
235,fig|6666666.1036479.peg.2960,fig|6666666.1036479.peg.861,0.9208617806434631,0.00047713023422018647,Low,High,Low–High,,,0,no STRING match,no STRING match,2412,2665,1,1
236,fig|6666666.1036479.peg.2532,fig|6666666.1036479.peg.2548,0.9208544671535492,0.0004791605756424,Low,High,Low–High,,,0,no STRING match,no STRING match,2284,2298,4,1
237,fig|6666666.1036479.peg.2548,fig|6666666.1036479.peg.3171,0.9208544671535492,0.0004811909170646136,High,Low,Low–High,,,0,no STRING match,no STRING match,2298,2284,1,4
238,fig|6666666.1036479.peg.2548,fig|6666666.1036479.peg.987,0.9208544671535492,0.00048322125848682714,High,Low,Low–High,,,0,no STRING match,no STRING match,2298,2284,1,4
239,fig|6666666.1036479.peg.2548,fig|6666666.1036479.peg.2492,0.9208544671535492,0.0004852515999090407,High,Low,Low–High,,,0,no STRING match,no STRING match,2298,2284,1,4
240,fig|6666666.1036479.peg.2548,fig|6666666.1036479.peg.3254,0.92081059217453,0.00048728194133125426,High,High,High–High,,,0,no STRING match,no STRING match,2298,2505,1,3
241,fig|6666666.1036479.peg.2548,fig|6666666.1036479.peg.22,0.92081059217453,0.0004893122827534679,High,High,High–High,,,0,no STRING match,no STRING match,2298,2505,1,3
242,fig|6666666.1036479.peg.2548,fig|6666666.1036479.peg.170,0.92081059217453,0.0004913426241756814,High,High,High–High,,,0,no STRING match,no STRING match,2298,2505,1,3
243,fig|6666666.1036479.peg.2672,fig|6666666.1036479.peg.889,0.9207306742668152,0.000493372965597895,Medium,Low,Low–Medium,,,0,no STRING match,no STRING match,2341,2682,1,1
244,fig|6666666.1036479.peg.2672,fig|6666666.1036479.peg.3231,0.9207128465175629,0.0004954033070201085,Medium,Very Low,Very Low–Medium,,,0,no STRING match,no STRING match,2341,2482,1,2
245,fig|6666666.1036479.peg.2672,fig|6666666.1036479.peg.147,0.9207128465175629,0.0004974336484423221,Medium,Very Low,Very Low–Medium,,,0,no STRING match,no STRING match,2341,2482,1,2
246,fig|6666666.1036479.peg.725,fig|6666666.1036479.peg.866,0.9206989288330079,0.0004994639898645356,Very Low,High,Very Low–High,,,0,no STRING match,no STRING match,2636,2667,1,1
247,fig|6666666.1036479.peg.861,fig|6666666.1036479.peg.1410,0.9205777287483216,0.0005014943312867492,High,Medium,Medium–High,,,0,no STRING match,no STRING match,2665,2813,1,1
248,fig|6666666.1036479.peg.1080,fig|6666666.1036479.peg.2348,0.920555853843689,0.0005035246727089627,High,High,High–High,,,0,no STRING match,no STRING match,2712,3019,1,1
249,fig|6666666.1036479.peg.2920,fig|6666666.1036479.peg.370,0.9205518245697022,0.0005055550141311764,Very Low,High,Very Low–High,,,0,no STRING match,no STRING match,2397,2579,1,1
250,fig|6666666.1036479.peg.866,fig|6666666.1036479.peg.2092,0.9204262495040894,0.0005075853555533899,High,Medium,Medium–High,,,0,no STRING match,no STRING match,2667,2954,1,1
251,fig|6666666.1036479.peg.2547,fig|6666666.1036479.peg.1947,0.9203236520290374,0.0005096156969756035,Medium,Medium,Medium–Medium,,,0,no STRING match,no STRING match,2297,2930,1,1
252,fig|6666666.1036479.peg.3231,fig|6666666.1036479.peg.2348,0.9203229367733001,0.000511646038397817,Very Low,High,Very Low–High,,,0,no STRING match,no STRING match,2482,3019,2,1
253,fig|6666666.1036479.peg.147,fig|6666666.1036479.peg.2348,0.9203229367733001,0.0005136763798200306,Very Low,High,Very Low–High,,,0,no STRING match,no STRING match,2482,3019,2,1
254,fig|6666666.1036479.peg.2672,fig|6666666.1036479.peg.1289,0.9203021049499511,0.0005157067212422441,Medium,Very Low,Very Low–Medium,,,0,no STRING match,no STRING match,2341,2762,1,1
255,fig|6666666.1036479.peg.728,fig|6666666.1036479.peg.2364,0.9202921569347382,0.0005177370626644577,Medium,Medium,Medium–Medium,,,0,no STRING match,no STRING match,2639,3022,1,1
256,fig|6666666.1036479.peg.2843,fig|6666666.1036479.peg.861,0.9202812135219574,0.0005197674040866712,Very Low,High,Very Low–High,,,0,no STRING match,no STRING match,2370,2665,1,1
257,fig|6666666.1036479.peg.2920,fig|6666666.1036479.peg.3207,0.9202680468559266,0.0005217977455088848,Very Low,Medium,Very Low–Medium,,,0,no STRING match,no STRING match,2397,2468,1,1
258,fig|6666666.1036479.peg.2672,fig|6666666.1036479.peg.3017,0.9202298104763031,0.0005238280869310983,Medium,Medium,Medium–Medium,,,0,no STRING match,no STRING match,2341,2430,1,1
259,fig|6666666.1036479.peg.3020,fig|6666666.1036479.peg.2436,0.9202253580093384,0.000525858428353312,Low,Medium,Low–Medium,,,0,no STRING match,no STRING match,2433,3033,1,1
260,fig|6666666.1036479.peg.2548,fig|6666666.1036479.peg.3209,0.9202023983001709,0.0005278887697755255,High,Medium,Medium–High,,,0,no STRING match,no STRING match,2298,2469,1,1
261,fig|6666666.1036479.peg.2672,fig|6666666.1036479.peg.3184,0.9201703846454621,0.0005299191111977391,Medium,Very Low,Very Low–Medium,,,0,no STRING match,no STRING match,2341,2457,1,1
262,fig|6666666.1036479.peg.411,fig|6666666.1036479.peg.1308,0.9201010227203369,0.0005319494526199526,Low,Medium,Low–Medium,Hypothetical protein.,,0,secondary STRING hit (STRING protein assigned to a better match),no STRING match,2585,2764,1,1
263,fig|6666666.1036479.peg.3207,fig|6666666.1036479.peg.1300,0.920086932182312,0.0005339797940421662,Medium,Low,Low–Medium,,,0,no STRING match,no STRING match,2468,2763,1,1
264,fig|6666666.1036479.peg.866,fig|6666666.1036479.peg.1657,0.9200551033020019,0.0005360101354643797,High,Medium,Medium–High,,,0,no STRING match,no STRING match,2667,2883,1,1
265,fig|6666666.1036479.peg.2960,fig|6666666.1036479.peg.370,0.9200193285942078,0.0005380404768865933,Low,High,Low–High,,,0,no STRING match,no STRING match,2412,2579,1,1
266,fig|6666666.1036479.peg.38,fig|6666666.1036479.peg.370,0.9199700713157654,0.0005400708183088068,Low,High,Low–High,,,0,no STRING match,no STRING match,2526,2579,2,1
267,fig|6666666.1036479.peg.186,fig|6666666.1036479.peg.370,0.9199700713157654,0.0005421011597310204,Low,High,Low–High,,,0,no STRING match,no STRING match,2526,2579,2,1
268,fig|6666666.1036479.peg.38,fig|6666666.1036479.peg.866,0.9199514925479889,0.0005441315011532339,Low,High,Low–High,,,0,no STRING match,no STRING match,2526,2667,2,1
269,fig|6666666.1036479.peg.186,fig|6666666.1036479.peg.866,0.9199514925479889,0.0005461618425754475,Low,High,Low–High,,,0,no STRING match,no STRING match,2526,2667,2,1
270,fig|6666666.1036479.peg.3231,fig|6666666.1036479.peg.411,0.9198457598686218,0.000548192183997661,Very Low,Low,Very Low–Low,,Hypothetical protein.,0,no STRING match,secondary STRING hit (STRING protein assigned to a better match),2482,2585,2,1
271,fig|6666666.1036479.peg.147,fig|6666666.1036479.peg.411,0.9198457598686218,0.0005502225254198747,Very Low,Low,Very Low–Low,,Hypothetical protein.,0,no STRING match,secondary STRING hit (STRING protein assigned to a better match),2482,2585,2,1
272,fig|6666666.1036479.peg.370,fig|6666666.1036479.peg.2436,0.9198385715484619,0.0005522528668420882,High,Medium,Medium–High,,,0,no STRING match,no STRING match,2579,3033,1,1
273,fig|6666666.1036479.peg.2929,fig|6666666.1036479.peg.861,0.9197221994400024,0.0005542832082643018,Very Low,High,Very Low–High,Hypothetical protein.,,0,secondary STRING hit (STRING protein assigned to a better match),no STRING match,2404,2665,1,1
274,fig|6666666.1036479.peg.2672,fig|6666666.1036479.peg.720,0.9196792423725129,0.0005563135496865153,Medium,High,Medium–High,,,0,no STRING match,no STRING match,2341,2631,1,1
275,fig|6666666.1036479.peg.3017,fig|6666666.1036479.peg.866,0.9196759760379791,0.0005583438911087289,Medium,High,Medium–High,,,0,no STRING match,no STRING match,2430,2667,1,1
276,fig|6666666.1036479.peg.370,fig|6666666.1036479.peg.1080,0.9195379316806793,0.0005603742325309424,High,High,High–High,,,0,no STRING match,no STRING match,2579,2712,1,1
277,fig|6666666.1036479.peg.2960,fig|6666666.1036479.peg.2348,0.9195256233215332,0.000562404573953156,Low,High,Low–High,,,0,no STRING match,no STRING match,2412,3019,1,1
278,fig|6666666.1036479.peg.3184,fig|6666666.1036479.peg.861,0.9195198237895965,0.0005644349153753695,Very Low,High,Very Low–High,,,0,no STRING match,no STRING match,2457,2665,1,1
279,fig|6666666.1036479.peg.2960,fig|6666666.1036479.peg.411,0.9195126473903656,0.0005664652567975831,Low,Low,Low–Low,,Hypothetical protein.,0,no STRING match,secondary STRING hit (STRING protein assigned to a better match),2412,2585,1,1
280,fig|6666666.1036479.peg.2548,fig|6666666.1036479.peg.3008,0.9195056438446045,0.0005684955982197966,High,Medium,Medium–High,,,0,no STRING match,no STRING match,2298,2423,1,1
281,fig|6666666.1036479.peg.2672,fig|6666666.1036479.peg.36,0.9194509387016296,0.0005705259396420103,Medium,Medium,Medium–Medium,,,0,no STRING match,no STRING match,2341,2524,1,2
282,fig|6666666.1036479.peg.2672,fig|6666666.1036479.peg.184,0.9194509387016296,0.0005725562810642238,Medium,Medium,Medium–Medium,,,0,no STRING match,no STRING match,2341,2524,1,2
283,fig|6666666.1036479.peg.2548,fig|6666666.1036479.peg.1566,0.9194207906723022,0.0005745866224864374,High,High,High–High,,,0,no STRING match,no STRING match,2298,2838,1,1
284,fig|6666666.1036479.peg.3222,fig|6666666.1036479.peg.1947,0.9192118287086487,0.0005766169639086509,Medium,Medium,Medium–Medium,,,0,no STRING match,no STRING match,2473,2930,2,1
285,fig|6666666.1036479.peg.138,fig|6666666.1036479.peg.1947,0.9192118287086487,0.0005786473053308645,Medium,Medium,Medium–Medium,,,0,no STRING match,no STRING match,2473,2930,2,1
286,fig|6666666.1036479.peg.2547,fig|6666666.1036479.peg.3020,0.919135856628418,0.000580677646753078,Medium,Low,Low–Medium,,,0,no STRING match,no STRING match,2297,2433,1,1
287,fig|6666666.1036479.peg.2672,fig|6666666.1036479.peg.2960,0.9191147565841675,0.0005827079881752916,Medium,Low,Low–Medium,,,0,no STRING match,no STRING match,2341,2412,1,1
288,fig|6666666.1036479.peg.3207,fig|6666666.1036479.peg.1657,0.9189634799957276,0.0005847383295975051,Medium,Medium,Medium–Medium,,,0,no STRING match,no STRING match,2468,2883,1,1
289,fig|6666666.1036479.peg.3020,fig|6666666.1036479.peg.1308,0.9187999606132508,0.0005867686710197187,Low,Medium,Low–Medium,,,0,no STRING match,no STRING match,2433,2764,1,1
290,fig|6666666.1036479.peg.866,fig|6666666.1036479.peg.1289,0.918693995475769,0.0005887990124419322,High,Very Low,Very Low–High,,,0,no STRING match,no STRING match,2667,2762,1,1
291,fig|6666666.1036479.peg.861,fig|6666666.1036479.peg.2114,0.9186921179294586,0.0005908293538641458,High,Very Low,Very Low–High,,"COG1629 Outer membrane receptor proteins, mostly Fe transport.",0,no STRING match,secondary STRING hit (STRING protein assigned to a better match),2665,2964,1,1
292,fig|6666666.1036479.peg.720,fig|6666666.1036479.peg.861,0.9186364650726319,0.0005928596952863594,High,High,High–High,,,0,no STRING match,no STRING match,2631,2665,1,1
293,fig|6666666.1036479.peg.2672,fig|6666666.1036479.peg.1945,0.9185157239437103,0.000594890036708573,Medium,Very Low,Very Low–Medium,,,0,no STRING match,no STRING match,2341,2928,1,1
294,fig|6666666.1036479.peg.3207,fig|6666666.1036479.peg.725,0.9184702277183533,0.0005969203781307865,Medium,Very Low,Very Low–Medium,,,0,no STRING match,no STRING match,2468,2636,1,1
295,fig|6666666.1036479.peg.2672,fig|6666666.1036479.peg.1946,0.9182809472084046,0.0005989507195530001,Medium,Medium,Medium–Medium,,,0,no STRING match,no STRING match,2341,2929,1,1
296,fig|6666666.1036479.peg.3020,fig|6666666.1036479.peg.881,0.9182146787643433,0.0006009810609752136,Low,High,Low–High,,,0,no STRING match,no STRING match,2433,2674,1,1
297,fig|6666666.1036479.peg.719,fig|6666666.1036479.peg.866,0.9181943476200104,0.0006030114023974272,Medium,High,Medium–High,,,0,no STRING match,no STRING match,2630,2667,1,1
298,fig|6666666.1036479.peg.38,fig|6666666.1036479.peg.2348,0.9180864572525025,0.0006050417438196407,Low,High,Low–High,,,0,no STRING match,no STRING match,2526,3019,2,1
299,fig|6666666.1036479.peg.186,fig|6666666.1036479.peg.2348,0.9180864572525025,0.0006070720852418543,Low,High,Low–High,,,0,no STRING match,no STRING match,2526,3019,2,1
300,fig|6666666.1036479.peg.2672,fig|6666666.1036479.peg.1953,0.9178039073944092,0.0006091024266640678,Medium,Low,Low–Medium,,,0,no STRING match,no STRING match,2341,2935,1,1
301,fig|6666666.1036479.peg.36,fig|6666666.1036479.peg.861,0.9177656590938568,0.0006111327680862814,Medium,High,Medium–High,,,0,no STRING match,no STRING match,2524,2665,2,1
302,fig|6666666.1036479.peg.184,fig|6666666.1036479.peg.861,0.9177656590938568,0.000613163109508495,Medium,High,Medium–High,,,0,no STRING match,no STRING match,2524,2665,2,1
303,fig|6666666.1036479.peg.720,fig|6666666.1036479.peg.2348,0.9177079677581788,0.0006151934509307086,High,High,High–High,,,0,no STRING match,no STRING match,2631,3019,1,1
304,fig|6666666.1036479.peg.370,fig|6666666.1036479.peg.1289,0.9176698565483093,0.0006172237923529221,High,Very Low,Very Low–High,,,0,no STRING match,no STRING match,2579,2762,1,1
305,fig|6666666.1036479.peg.861,fig|6666666.1036479.peg.1945,0.9176307737827301,0.0006192541337751357,High,Very Low,Very Low–High,,,0,no STRING match,no STRING match,2665,2928,1,1
306,fig|6666666.1036479.peg.370,fig|6666666.1036479.peg.719,0.917544686794281,0.0006212844751973492,High,Medium,Medium–High,,,0,no STRING match,no STRING match,2579,2630,1,1
307,fig|6666666.1036479.peg.2548,fig|6666666.1036479.peg.3223,0.9174858868122101,0.0006233148166195628,High,High,High–High,,,0,no STRING match,no STRING match,2298,2474,1,2
308,fig|6666666.1036479.peg.2548,fig|6666666.1036479.peg.139,0.9174858868122101,0.0006253451580417763,High,High,High–High,,,0,no STRING match,no STRING match,2298,2474,1,2
309,fig|6666666.1036479.peg.2548,fig|6666666.1036479.peg.2556,0.9174457967281342,0.0006273754994639899,High,High,High–High,,,0,no STRING match,no STRING match,2298,2306,1,2
310,fig|6666666.1036479.peg.2548,fig|6666666.1036479.peg.2564,0.9174457967281342,0.0006294058408862034,High,High,High–High,,,0,no STRING match,no STRING match,2298,2306,1,2
311,fig|6666666.1036479.peg.861,fig|6666666.1036479.peg.1080,0.9173335790634155,0.000631436182308417,High,High,High–High,,,0,no STRING match,no STRING match,2665,2712,1,1
312,fig|6666666.1036479.peg.2948,fig|6666666.1036479.peg.2364,0.9172578096389771,0.0006334665237306305,High,Medium,Medium–High,,,0,no STRING match,no STRING match,2410,3022,1,1
313,fig|6666666.1036479.peg.2348,fig|6666666.1036479.peg.2455,0.9171619534492492,0.0006354968651528442,High,Medium,Medium–High,,,0,no STRING match,no STRING match,3019,3038,1,1
314,fig|6666666.1036479.peg.1308,fig|6666666.1036479.peg.1947,0.9171177089214325,0.0006375272065750577,Medium,Medium,Medium–Medium,,,0,no STRING match,no STRING match,2764,2930,1,1
315,fig|6666666.1036479.peg.3222,fig|6666666.1036479.peg.2348,0.9171125054359436,0.0006395575479972713,Medium,High,Medium–High,,,0,no STRING match,no STRING match,2473,3019,2,1
316,fig|6666666.1036479.peg.138,fig|6666666.1036479.peg.2348,0.9171125054359436,0.0006415878894194848,Medium,High,Medium–High,,,0,no STRING match,no STRING match,2473,3019,2,1
317,fig|6666666.1036479.peg.573,fig|6666666.1036479.peg.2436,0.9170876264572143,0.0006436182308416984,Very Low,Medium,Very Low–Medium,Hypothetical protein.,,0,secondary STRING hit (STRING protein assigned to a better match),no STRING match,2601,3033,1,1
318,fig|6666666.1036479.peg.861,fig|6666666.1036479.peg.1946,0.9170608580112457,0.0006456485722639119,High,Medium,Medium–High,,,0,no STRING match,no STRING match,2665,2929,1,1
319,fig|6666666.1036479.peg.1289,fig|6666666.1036479.peg.2348,0.9170343220233917,0.0006476789136861255,Very Low,High,Very Low–High,,,0,no STRING match,no STRING match,2762,3019,1,1
320,fig|6666666.1036479.peg.411,fig|6666666.1036479.peg.573,0.9170090556144714,0.000649709255108339,Low,Very Low,Very Low–Low,Hypothetical protein.,Hypothetical protein.,0,secondary STRING hit (STRING protein assigned to a better match),secondary STRING hit (STRING protein assigned to a better match),2585,2601,1,1
321,fig|6666666.1036479.peg.2548,fig|6666666.1036479.peg.2114,0.9169734477996826,0.0006517395965305526,High,Very Low,Very Low–High,,"COG1629 Outer membrane receptor proteins, mostly Fe transport.",0,no STRING match,secondary STRING hit (STRING protein assigned to a better match),2298,2964,1,1
322,fig|6666666.1036479.peg.3207,fig|6666666.1036479.peg.719,0.9168590128421783,0.0006537699379527661,Medium,Medium,Medium–Medium,,,0,no STRING match,no STRING match,2468,2630,1,1
323,fig|6666666.1036479.peg.2548,fig|6666666.1036479.peg.740,0.9168484807014465,0.0006558002793749798,High,Very Low,Very Low–High,,,0,no STRING match,no STRING match,2298,2651,1,1
324,fig|6666666.1036479.peg.3231,fig|6666666.1036479.peg.866,0.9168021380901337,0.0006578306207971933,Very Low,High,Very Low–High,,,0,no STRING match,no STRING match,2482,2667,2,1
325,fig|6666666.1036479.peg.147,fig|6666666.1036479.peg.866,0.9168021380901337,0.0006598609622194069,Very Low,High,Very Low–High,,,0,no STRING match,no STRING match,2482,2667,2,1
326,fig|6666666.1036479.peg.2960,fig|6666666.1036479.peg.866,0.9166688323020935,0.0006618913036416204,Low,High,Low–High,,,0,no STRING match,no STRING match,2412,2667,1,1
327,fig|6666666.1036479.peg.2672,fig|6666666.1036479.peg.3010,0.916648530960083,0.000663921645063834,Medium,Low,Low–Medium,,,0,no STRING match,no STRING match,2341,2425,1,1
328,fig|6666666.1036479.peg.861,fig|6666666.1036479.peg.1953,0.9166238665580749,0.0006659519864860475,High,Low,Low–High,,,0,no STRING match,no STRING match,2665,2935,1,1
329,fig|6666666.1036479.peg.2548,fig|6666666.1036479.peg.2814,0.9166104674339295,0.0006679823279082611,High,Very Low,Very Low–High,,,0,no STRING match,no STRING match,2298,2358,1,1
330,fig|6666666.1036479.peg.866,fig|6666666.1036479.peg.2455,0.9164368748664856,0.0006700126693304746,High,Medium,Medium–High,,,0,no STRING match,no STRING match,2667,3038,1,1
331,fig|6666666.1036479.peg.2548,fig|6666666.1036479.peg.1945,0.9164199233055115,0.0006720430107526882,High,Very Low,Very Low–High,,,0,no STRING match,no STRING match,2298,2928,1,1
332,fig|6666666.1036479.peg.370,fig|6666666.1036479.peg.1657,0.9162920594215394,0.0006740733521749017,High,Medium,Medium–High,,,0,no STRING match,no STRING match,2579,2883,1,1
333,fig|6666666.1036479.peg.2988,fig|6666666.1036479.peg.2364,0.916287612915039,0.0006761036935971153,Medium,Medium,Medium–Medium,Hypothetical protein.,,0,secondary STRING hit (STRING protein assigned to a better match),no STRING match,2416,3022,1,1
334,fig|6666666.1036479.peg.3010,fig|6666666.1036479.peg.861,0.9161233305931091,0.0006781340350193288,Low,High,Low–High,,,0,no STRING match,no STRING match,2425,2665,1,1
335,fig|6666666.1036479.peg.3207,fig|6666666.1036479.peg.2092,0.9161022901535034,0.0006801643764415425,Medium,Medium,Medium–Medium,,,0,no STRING match,no STRING match,2468,2954,1,1
336,fig|6666666.1036479.peg.881,fig|6666666.1036479.peg.1947,0.9160384237766266,0.000682194717863756,High,Medium,Medium–High,,,0,no STRING match,no STRING match,2674,2930,1,1
337,fig|6666666.1036479.peg.2548,fig|6666666.1036479.peg.36,0.9160193562507629,0.0006842250592859696,High,Medium,Medium–High,,,0,no STRING match,no STRING match,2298,2524,1,2
338,fig|6666666.1036479.peg.2548,fig|6666666.1036479.peg.184,0.9160193562507629,0.0006862554007081831,High,Medium,Medium–High,,,0,no STRING match,no STRING match,2298,2524,1,2
339,fig|6666666.1036479.peg.2548,fig|6666666.1036479.peg.3184,0.9159196555614472,0.0006882857421303967,High,Very Low,Very Low–High,,,0,no STRING match,no STRING match,2298,2457,1,1
340,fig|6666666.1036479.peg.2929,fig|6666666.1036479.peg.2348,0.9158878684043884,0.0006903160835526102,Very Low,High,Very Low–High,Hypothetical protein.,,0,secondary STRING hit (STRING protein assigned to a better match),no STRING match,2404,3019,1,1
341,fig|6666666.1036479.peg.3020,fig|6666666.1036479.peg.3222,0.9157778501510621,0.0006923464249748238,Low,Medium,Low–Medium,,,0,no STRING match,no STRING match,2433,2473,1,2
342,fig|6666666.1036479.peg.3020,fig|6666666.1036479.peg.138,0.9157778501510621,0.0006943767663970373,Low,Medium,Low–Medium,,,0,no STRING match,no STRING match,2433,2473,1,2
343,fig|6666666.1036479.peg.2548,fig|6666666.1036479.peg.3188,0.9155945837497711,0.0006964071078192509,High,Medium,Medium–High,,,0,no STRING match,no STRING match,2298,2461,1,1
344,fig|6666666.1036479.peg.2672,fig|6666666.1036479.peg.1409,0.9154437065124512,0.0006984374492414644,Medium,Medium,Medium–Medium,,,0,no STRING match,no STRING match,2341,2812,1,1
345,fig|6666666.1036479.peg.2672,fig|6666666.1036479.peg.3188,0.9154387295246125,0.0007004677906636781,Medium,Medium,Medium–Medium,,,0,no STRING match,no STRING match,2341,2461,1,1
346,fig|6666666.1036479.peg.728,fig|6666666.1036479.peg.2436,0.9153866171836853,0.0007024981320858916,Medium,Medium,Medium–Medium,,,0,no STRING match,no STRING match,2639,3033,1,1
347,fig|6666666.1036479.peg.728,fig|6666666.1036479.peg.1308,0.9153502106666564,0.0007045284735081052,Medium,Medium,Medium–Medium,,,0,no STRING match,no STRING match,2639,2764,1,1
348,fig|6666666.1036479.peg.3222,fig|6666666.1036479.peg.573,0.9153279840946198,0.0007065588149303187,Medium,Very Low,Very Low–Medium,,Hypothetical protein.,0,no STRING match,secondary STRING hit (STRING protein assigned to a better match),2473,2601,2,1
349,fig|6666666.1036479.peg.138,fig|6666666.1036479.peg.573,0.9153279840946198,0.0007085891563525323,Medium,Very Low,Very Low–Medium,,Hypothetical protein.,0,no STRING match,secondary STRING hit (STRING protein assigned to a better match),2473,2601,2,1
350,fig|6666666.1036479.peg.2548,fig|6666666.1036479.peg.3015,0.9153174459934235,0.0007106194977747458,High,Low,Low–High,,,0,no STRING match,no STRING match,2298,2428,1,1
351,fig|6666666.1036479.peg.38,fig|6666666.1036479.peg.411,0.9151785731315613,0.0007126498391969594,Low,Low,Low–Low,,Hypothetical protein.,0,no STRING match,secondary STRING hit (STRING protein assigned to a better match),2526,2585,2,1
352,fig|6666666.1036479.peg.186,fig|6666666.1036479.peg.411,0.9151785731315613,0.0007146801806191729,Low,Low,Low–Low,,Hypothetical protein.,0,no STRING match,secondary STRING hit (STRING protein assigned to a better match),2526,2585,2,1
353,fig|6666666.1036479.peg.2556,fig|6666666.1036479.peg.861,0.9151502430438996,0.0007167105220413865,High,High,High–High,,,0,no STRING match,no STRING match,2306,2665,2,1
354,fig|6666666.1036479.peg.2564,fig|6666666.1036479.peg.861,0.9151502430438996,0.0007187408634636,High,High,High–High,,,0,no STRING match,no STRING match,2306,2665,2,1
355,fig|6666666.1036479.peg.2672,fig|6666666.1036479.peg.1080,0.9151093900203705,0.0007207712048858137,Medium,High,Medium–High,,,0,no STRING match,no STRING match,2341,2712,1,1
356,fig|6666666.1036479.peg.3209,fig|6666666.1036479.peg.861,0.9150271117687225,0.0007228015463080272,Medium,High,Medium–High,,,0,no STRING match,no STRING match,2469,2665,1,1
357,fig|6666666.1036479.peg.411,fig|6666666.1036479.peg.719,0.9149790406227112,0.0007248318877302408,Low,Medium,Low–Medium,Hypothetical protein.,,0,secondary STRING hit (STRING protein assigned to a better match),no STRING match,2585,2630,1,1
358,fig|6666666.1036479.peg.2548,fig|6666666.1036479.peg.1953,0.9149603843688965,0.0007268622291524543,High,Low,Low–High,,,0,no STRING match,no STRING match,2298,2935,1,1
359,fig|6666666.1036479.peg.370,fig|6666666.1036479.peg.725,0.9149128198623657,0.0007288925705746679,High,Very Low,Very Low–High,,,0,no STRING match,no STRING match,2579,2636,1,1
360,fig|6666666.1036479.peg.881,fig|6666666.1036479.peg.1300,0.9148884177207947,0.0007309229119968814,High,Low,Low–High,,,0,no STRING match,no STRING match,2674,2763,1,1
361,fig|6666666.1036479.peg.2548,fig|6666666.1036479.peg.1655,0.914750850200653,0.000732953253419095,High,Medium,Medium–High,,,0,no STRING match,no STRING match,2298,2882,1,1
362,fig|6666666.1036479.peg.2092,fig|6666666.1036479.peg.2348,0.9146909534931182,0.0007349835948413085,Medium,High,Medium–High,,,0,no STRING match,no STRING match,2954,3019,1,1
363,fig|6666666.1036479.peg.2547,fig|6666666.1036479.peg.728,0.9146739065647125,0.0007370139362635221,Medium,Medium,Medium–Medium,,,0,no STRING match,no STRING match,2297,2639,1,1
364,fig|6666666.1036479.peg.889,fig|6666666.1036479.peg.2348,0.9146636843681335,0.0007390442776857356,Low,High,Low–High,,,0,no STRING match,no STRING match,2682,3019,1,1
365,fig|6666666.1036479.peg.3207,fig|6666666.1036479.peg.2455,0.9145325005054474,0.0007410746191079492,Medium,Medium,Medium–Medium,,,0,no STRING match,no STRING match,2468,3038,1,1
366,fig|6666666.1036479.peg.2509,fig|6666666.1036479.peg.2548,0.9144263923168182,0.0007431049605301628,Very Low,High,Very Low–High,,,0,no STRING match,no STRING match,2273,2298,15,1
367,fig|6666666.1036479.peg.2513,fig|6666666.1036479.peg.2548,0.9144263923168182,0.0007451353019523764,Very Low,High,Very Low–High,,,0,no STRING match,no STRING match,2273,2298,15,1
368,fig|6666666.1036479.peg.2519,fig|6666666.1036479.peg.2548,0.9144263923168182,0.0007471656433745899,Very Low,High,Very Low–High,,,0,no STRING match,no STRING match,2273,2298,15,1
369,fig|6666666.1036479.peg.2526,fig|6666666.1036479.peg.2548,0.9144263923168182,0.0007491959847968035,Very Low,High,Very Low–High,,,0,no STRING match,no STRING match,2273,2298,15,1
370,fig|6666666.1036479.peg.2530,fig|6666666.1036479.peg.2548,0.9144263923168182,0.000751226326219017,Very Low,High,Very Low–High,,,0,no STRING match,no STRING match,2273,2298,15,1
371,fig|6666666.1036479.peg.2534,fig|6666666.1036479.peg.2548,0.9144263923168182,0.0007532566676412306,Very Low,High,Very Low–High,,,0,no STRING match,no STRING match,2273,2298,15,1
372,fig|6666666.1036479.peg.2548,fig|6666666.1036479.peg.3173,0.9144263923168182,0.0007552870090634441,High,Very Low,Very Low–High,,,0,no STRING match,no STRING match,2298,2273,1,15
373,fig|6666666.1036479.peg.2548,fig|6666666.1036479.peg.971,0.9144263923168182,0.0007573173504856577,High,Very Low,Very Low–High,,,0,no STRING match,no STRING match,2298,2273,1,15
374,fig|6666666.1036479.peg.2548,fig|6666666.1036479.peg.976,0.9144263923168182,0.0007593476919078712,High,Very Low,Very Low–High,,,0,no STRING match,no STRING match,2298,2273,1,15
375,fig|6666666.1036479.peg.2548,fig|6666666.1036479.peg.981,0.9144263923168182,0.0007613780333300848,High,Very Low,Very Low–High,,,0,no STRING match,no STRING match,2298,2273,1,15
376,fig|6666666.1036479.peg.2548,fig|6666666.1036479.peg.985,0.9144263923168182,0.0007634083747522983,High,Very Low,Very Low–High,,,0,no STRING match,no STRING match,2298,2273,1,15
377,fig|6666666.1036479.peg.2548,fig|6666666.1036479.peg.989,0.9144263923168182,0.000765438716174512,High,Very Low,Very Low–High,,,0,no STRING match,no STRING match,2298,2273,1,15
378,fig|6666666.1036479.peg.2548,fig|6666666.1036479.peg.2489,0.9144263923168182,0.0007674690575967255,High,Very Low,Very Low–High,,,0,no STRING match,no STRING match,2298,2273,1,15
379,fig|6666666.1036479.peg.2548,fig|6666666.1036479.peg.2494,0.9144263923168182,0.0007694993990189391,High,Very Low,Very Low–High,,,0,no STRING match,no STRING match,2298,2273,1,15
380,fig|6666666.1036479.peg.2548,fig|6666666.1036479.peg.2498,0.9144263923168182,0.0007715297404411526,High,Very Low,Very Low–High,,,0,no STRING match,no STRING match,2298,2273,1,15
381,fig|6666666.1036479.peg.728,fig|6666666.1036479.peg.881,0.914323365688324,0.0007735600818633662,Medium,High,Medium–High,,,0,no STRING match,no STRING match,2639,2674,1,1
382,fig|6666666.1036479.peg.2920,fig|6666666.1036479.peg.3020,0.914292162656784,0.0007755904232855797,Very Low,Low,Very Low–Low,,,0,no STRING match,no STRING match,2397,2433,1,1
383,fig|6666666.1036479.peg.2556,fig|6666666.1036479.peg.2672,0.9142858564853669,0.0007776207647077933,High,Medium,Medium–High,,,0,no STRING match,no STRING match,2306,2341,2,1
384,fig|6666666.1036479.peg.2564,fig|6666666.1036479.peg.2672,0.9142858564853669,0.0007796511061300068,High,Medium,Medium–High,,,0,no STRING match,no STRING match,2306,2341,2,1
385,fig|6666666.1036479.peg.2672,fig|6666666.1036479.peg.2106,0.9141350269317627,0.0007816814475522204,Medium,High,Medium–High,,Hypothetical protein.,0,no STRING match,secondary STRING hit (STRING protein assigned to a better match),2341,2959,1,1
386,fig|6666666.1036479.peg.2920,fig|6666666.1036479.peg.411,0.9140811741352082,0.0007837117889744339,Very Low,Low,Very Low–Low,,Hypothetical protein.,0,no STRING match,secondary STRING hit (STRING protein assigned to a better match),2397,2585,1,1
387,fig|6666666.1036479.peg.3188,fig|6666666.1036479.peg.861,0.9140568792819976,0.0007857421303966476,Medium,High,Medium–High,,,0,no STRING match,no STRING match,2461,2665,1,1
388,fig|6666666.1036479.peg.2672,fig|6666666.1036479.peg.3209,0.9140440762043,0.0007877724718188611,Medium,Medium,Medium–Medium,,,0,no STRING match,no STRING match,2341,2469,1,1
389,fig|6666666.1036479.peg.3254,fig|6666666.1036479.peg.2348,0.9139242112636566,0.0007898028132410747,High,High,High–High,,,0,no STRING match,no STRING match,2505,3019,3,1
390,fig|6666666.1036479.peg.22,fig|6666666.1036479.peg.2348,0.9139242112636566,0.0007918331546632882,High,High,High–High,,,0,no STRING match,no STRING match,2505,3019,3,1
391,fig|6666666.1036479.peg.170,fig|6666666.1036479.peg.2348,0.9139242112636566,0.0007938634960855018,High,High,High–High,,,0,no STRING match,no STRING match,2505,3019,3,1
392,fig|6666666.1036479.peg.2548,fig|6666666.1036479.peg.723,0.9138568580150604,0.0007958938375077153,High,High,High–High,,,0,no STRING match,no STRING match,2298,2634,1,1
393,fig|6666666.1036479.peg.723,fig|6666666.1036479.peg.861,0.9137231230735778,0.0007979241789299289,High,High,High–High,,,0,no STRING match,no STRING match,2634,2665,1,1
394,fig|6666666.1036479.peg.2920,fig|6666666.1036479.peg.1947,0.9137046217918396,0.0007999545203521424,Very Low,Medium,Very Low–Medium,,,0,no STRING match,no STRING match,2397,2930,1,1
395,fig|6666666.1036479.peg.861,fig|6666666.1036479.peg.1409,0.9136929214000702,0.000801984861774356,High,Medium,Medium–High,,,0,no STRING match,no STRING match,2665,2812,1,1
396,fig|6666666.1036479.peg.2672,fig|6666666.1036479.peg.723,0.9136488199234009,0.0008040152031965695,Medium,High,Medium–High,,,0,no STRING match,no STRING match,2341,2634,1,1
397,fig|6666666.1036479.peg.411,fig|6666666.1036479.peg.2364,0.9135172247886658,0.0008060455446187831,Low,Medium,Low–Medium,Hypothetical protein.,,0,secondary STRING hit (STRING protein assigned to a better match),no STRING match,2585,3022,1,1
398,fig|6666666.1036479.peg.1947,fig|6666666.1036479.peg.2092,0.9134344041347504,0.0008080758860409967,Medium,Medium,Medium–Medium,,,0,no STRING match,no STRING match,2930,2954,1,1
399,fig|6666666.1036479.peg.2114,fig|6666666.1036479.peg.2348,0.9133484244346619,0.0008101062274632103,Very Low,High,Very Low–High,"COG1629 Outer membrane receptor proteins, mostly Fe transport.",,0,secondary STRING hit (STRING protein assigned to a better match),no STRING match,2964,3019,1,1
400,fig|6666666.1036479.peg.2548,fig|6666666.1036479.peg.1074,0.9133205533027648,0.0008121365688854238,High,High,High–High,,,0,no STRING match,no STRING match,2298,2706,1,1
401,fig|6666666.1036479.peg.411,fig|6666666.1036479.peg.1289,0.9133123993873596,0.0008141669103076374,Low,Very Low,Very Low–Low,Hypothetical protein.,,0,secondary STRING hit (STRING protein assigned to a better match),no STRING match,2585,2762,1,1
402,fig|6666666.1036479.peg.1300,fig|6666666.1036479.peg.1947,0.9131745576858521,0.0008161972517298509,Low,Medium,Low–Medium,,,0,no STRING match,no STRING match,2763,2930,1,1
403,fig|6666666.1036479.peg.725,fig|6666666.1036479.peg.1947,0.9130466103553772,0.0008182275931520645,Very Low,Medium,Very Low–Medium,,,0,no STRING match,no STRING match,2636,2930,1,1
404,fig|6666666.1036479.peg.411,fig|6666666.1036479.peg.720,0.9128874897956848,0.000820257934574278,Low,High,Low–High,Hypothetical protein.,,0,secondary STRING hit (STRING protein assigned to a better match),no STRING match,2585,2631,1,1
405,fig|6666666.1036479.peg.1410,fig|6666666.1036479.peg.2348,0.9128012716770172,0.0008222882759964916,Medium,High,Medium–High,,,0,no STRING match,no STRING match,2813,3019,1,1
406,fig|6666666.1036479.peg.866,fig|6666666.1036479.peg.889,0.9127417266368866,0.0008243186174187051,High,Low,Low–High,,,0,no STRING match,no STRING match,2667,2682,1,1
407,fig|6666666.1036479.peg.2948,fig|6666666.1036479.peg.2436,0.9127048552036285,0.0008263489588409187,High,Medium,Medium–High,,,0,no STRING match,no STRING match,2410,3033,1,1
408,fig|6666666.1036479.peg.2548,fig|6666666.1036479.peg.2106,0.9126716434955597,0.0008283793002631322,High,High,High–High,,Hypothetical protein.,0,no STRING match,secondary STRING hit (STRING protein assigned to a better match),2298,2959,1,1
409,fig|6666666.1036479.peg.861,fig|6666666.1036479.peg.2106,0.9126423180103302,0.0008304096416853459,High,High,High–High,,Hypothetical protein.,0,no STRING match,secondary STRING hit (STRING protein assigned to a better match),2665,2959,1,1
410,fig|6666666.1036479.peg.3008,fig|6666666.1036479.peg.866,0.912601524591446,0.0008324399831075594,Medium,High,Medium–High,,,0,no STRING match,no STRING match,2423,2667,1,1
411,fig|6666666.1036479.peg.2548,fig|6666666.1036479.peg.2327,0.9125331938266754,0.000834470324529773,High,Medium,Medium–High,,,0,no STRING match,no STRING match,2298,3016,1,1
412,fig|6666666.1036479.peg.861,fig|6666666.1036479.peg.1655,0.912505704164505,0.0008365006659519865,High,Medium,Medium–High,,,0,no STRING match,no STRING match,2665,2882,1,1
413,fig|6666666.1036479.peg.2548,fig|6666666.1036479.peg.289,0.9124950051307679,0.0008385310073742001,High,High,High–High,,Hypothetical protein.,0,no STRING match,secondary STRING hit (STRING protein assigned to a better match),2298,2559,1,1
414,fig|6666666.1036479.peg.2548,fig|6666666.1036479.peg.89,0.9124699294567108,0.0008405613487964136,High,Very Low,Very Low–High,,,0,no STRING match,no STRING match,2298,2542,1,1
415,fig|6666666.1036479.peg.3254,fig|6666666.1036479.peg.866,0.9123786509037017,0.0008425916902186272,High,High,High–High,,,0,no STRING match,no STRING match,2505,2667,3,1
416,fig|6666666.1036479.peg.22,fig|6666666.1036479.peg.866,0.9123786509037017,0.0008446220316408407,High,High,High–High,,,0,no STRING match,no STRING match,2505,2667,3,1
417,fig|6666666.1036479.peg.170,fig|6666666.1036479.peg.866,0.9123786509037017,0.0008466523730630543,High,High,High–High,,,0,no STRING match,no STRING match,2505,2667,3,1
418,fig|6666666.1036479.peg.3020,fig|6666666.1036479.peg.725,0.912363713979721,0.0008486827144852678,Low,Very Low,Very Low–Low,,,0,no STRING match,no STRING match,2433,2636,1,1
419,fig|6666666.1036479.peg.3020,fig|6666666.1036479.peg.1657,0.9123591601848602,0.0008507130559074815,Low,Medium,Low–Medium,,,0,no STRING match,no STRING match,2433,2883,1,1
420,fig|6666666.1036479.peg.3207,fig|6666666.1036479.peg.3231,0.9121698021888733,0.000852743397329695,Medium,Very Low,Very Low–Medium,,,0,no STRING match,no STRING match,2468,2482,1,2
421,fig|6666666.1036479.peg.3207,fig|6666666.1036479.peg.147,0.9121698021888733,0.0008547737387519086,Medium,Very Low,Very Low–Medium,,,0,no STRING match,no STRING match,2468,2482,1,2
422,fig|6666666.1036479.peg.3020,fig|6666666.1036479.peg.1300,0.9121432662010193,0.0008568040801741221,Low,Low,Low–Low,,,0,no STRING match,no STRING match,2433,2763,1,1
423,fig|6666666.1036479.peg.2672,fig|6666666.1036479.peg.2093,0.9121419072151185,0.0008588344215963357,Medium,Medium,Medium–Medium,,,0,no STRING match,no STRING match,2341,2955,1,1
424,fig|6666666.1036479.peg.2929,fig|6666666.1036479.peg.370,0.9120784282684327,0.0008608647630185492,Very Low,High,Very Low–High,Hypothetical protein.,,0,secondary STRING hit (STRING protein assigned to a better match),no STRING match,2404,2579,1,1
425,fig|6666666.1036479.peg.2672,fig|6666666.1036479.peg.1617,0.9120353102684021,0.0008628951044407628,Medium,Low,Low–Medium,,,0,no STRING match,no STRING match,2341,2864,1,2
426,fig|6666666.1036479.peg.2672,fig|6666666.1036479.peg.1625,0.9120353102684021,0.0008649254458629763,Medium,Low,Low–Medium,,,0,no STRING match,no STRING match,2341,2864,1,2
427,fig|6666666.1036479.peg.861,fig|6666666.1036479.peg.1617,0.9119529485702514,0.0008669557872851899,High,Low,Low–High,,,0,no STRING match,no STRING match,2665,2864,1,2
428,fig|6666666.1036479.peg.861,fig|6666666.1036479.peg.1625,0.9119529485702514,0.0008689861287074034,High,Low,Low–High,,,0,no STRING match,no STRING match,2665,2864,1,2
429,fig|6666666.1036479.peg.3184,fig|6666666.1036479.peg.866,0.911932623386383,0.000871016470129617,Very Low,High,Very Low–High,,,0,no STRING match,no STRING match,2457,2667,1,1
430,fig|6666666.1036479.peg.2550,fig|6666666.1036479.peg.3244,0.9119292318820953,0.0008730468115518306,Very Low,Very Low,Very Low–Very Low,,,0,no STRING match,no STRING match,2300,2495,2,3
431,fig|6666666.1036479.peg.2550,fig|6666666.1036479.peg.12,0.9119292318820953,0.0008750771529740442,Very Low,Very Low,Very Low–Very Low,,,0,no STRING match,no STRING match,2300,2495,2,3
432,fig|6666666.1036479.peg.2550,fig|6666666.1036479.peg.160,0.9119292318820953,0.0008771074943962577,Very Low,Very Low,Very Low–Very Low,,,0,no STRING match,no STRING match,2300,2495,2,3
433,fig|6666666.1036479.peg.2558,fig|6666666.1036479.peg.3244,0.9119292318820953,0.0008791378358184713,Very Low,Very Low,Very Low–Very Low,,,0,no STRING match,no STRING match,2300,2495,2,3
434,fig|6666666.1036479.peg.2558,fig|6666666.1036479.peg.12,0.9119292318820953,0.0008811681772406848,Very Low,Very Low,Very Low–Very Low,,,0,no STRING match,no STRING match,2300,2495,2,3
435,fig|6666666.1036479.peg.2558,fig|6666666.1036479.peg.160,0.9119292318820953,0.0008831985186628984,Very Low,Very Low,Very Low–Very Low,,,0,no STRING match,no STRING match,2300,2495,2,3
436,fig|6666666.1036479.peg.2948,fig|6666666.1036479.peg.1308,0.911877167224884,0.0008852288600851119,High,Medium,Medium–High,,,0,no STRING match,no STRING match,2410,2764,1,1
437,fig|6666666.1036479.peg.3008,fig|6666666.1036479.peg.2348,0.9118769049644471,0.0008872592015073255,Medium,High,Medium–High,,,0,no STRING match,no STRING match,2423,3019,1,1
438,fig|6666666.1036479.peg.2672,fig|6666666.1036479.peg.1655,0.9118644714355468,0.000889289542929539,Medium,Medium,Medium–Medium,,,0,no STRING match,no STRING match,2341,2882,1,1
439,fig|6666666.1036479.peg.2547,fig|6666666.1036479.peg.2948,0.9117693841457367,0.0008913198843517526,Medium,High,Medium–High,,,0,no STRING match,no STRING match,2297,2410,1,1
440,fig|6666666.1036479.peg.1657,fig|6666666.1036479.peg.1947,0.9117081165313721,0.0008933502257739661,Medium,Medium,Medium–Medium,,,0,no STRING match,no STRING match,2883,2930,1,1
441,fig|6666666.1036479.peg.370,fig|6666666.1036479.peg.720,0.9116962373256683,0.0008953805671961798,High,High,High–High,,,0,no STRING match,no STRING match,2579,2631,1,1
442,fig|6666666.1036479.peg.2548,fig|6666666.1036479.peg.1409,0.9116288185119629,0.0008974109086183933,High,Medium,Medium–High,,,0,no STRING match,no STRING match,2298,2812,1,1
443,fig|6666666.1036479.peg.3207,fig|6666666.1036479.peg.38,0.911613917350769,0.0008994412500406069,Medium,Low,Low–Medium,,,0,no STRING match,no STRING match,2468,2526,1,2
444,fig|6666666.1036479.peg.3207,fig|6666666.1036479.peg.186,0.911613917350769,0.0009014715914628204,Medium,Low,Low–Medium,,,0,no STRING match,no STRING match,2468,2526,1,2
445,fig|6666666.1036479.peg.2548,fig|6666666.1036479.peg.1617,0.9114220082759857,0.000903501932885034,High,Low,Low–High,,,0,no STRING match,no STRING match,2298,2864,1,2
446,fig|6666666.1036479.peg.2548,fig|6666666.1036479.peg.1625,0.9114220082759857,0.0009055322743072475,High,Low,Low–High,,,0,no STRING match,no STRING match,2298,2864,1,2
447,fig|6666666.1036479.peg.3017,fig|6666666.1036479.peg.3207,0.91135875582695,0.0009075626157294611,Medium,Medium,Medium–Medium,,,0,no STRING match,no STRING match,2430,2468,1,1
448,fig|6666666.1036479.peg.866,fig|6666666.1036479.peg.1946,0.9113533794879913,0.0009095929571516746,High,Medium,Medium–High,,,0,no STRING match,no STRING match,2667,2929,1,1
449,fig|6666666.1036479.peg.370,fig|6666666.1036479.peg.2455,0.9112878859043121,0.0009116232985738882,High,Medium,Medium–High,,,0,no STRING match,no STRING match,2579,3038,1,1
450,fig|6666666.1036479.peg.2929,fig|6666666.1036479.peg.866,0.9112585067749024,0.0009136536399961017,Very Low,High,Very Low–High,Hypothetical protein.,,0,secondary STRING hit (STRING protein assigned to a better match),no STRING match,2404,2667,1,1
451,fig|6666666.1036479.peg.2548,fig|6666666.1036479.peg.1946,0.9112442374229431,0.0009156839814183154,High,Medium,Medium–High,,,0,no STRING match,no STRING match,2298,2929,1,1
452,fig|6666666.1036479.peg.3222,fig|6666666.1036479.peg.370,0.9112087309360504,0.0009177143228405289,Medium,High,Medium–High,,,0,no STRING match,no STRING match,2473,2579,2,1
453,fig|6666666.1036479.peg.138,fig|6666666.1036479.peg.370,0.9112087309360504,0.0009197446642627425,Medium,High,Medium–High,,,0,no STRING match,no STRING match,2473,2579,2,1
454,fig|6666666.1036479.peg.3010,fig|6666666.1036479.peg.2348,0.9111219704151153,0.000921775005684956,Low,High,Low–High,,,0,no STRING match,no STRING match,2425,3019,1,1
455,fig|6666666.1036479.peg.2548,fig|6666666.1036479.peg.2843,0.9110471308231354,0.0009238053471071696,High,Very Low,Very Low–High,,,0,no STRING match,no STRING match,2298,2370,1,1
456,fig|6666666.1036479.peg.861,fig|6666666.1036479.peg.2093,0.910862922668457,0.0009258356885293831,High,Medium,Medium–High,,,0,no STRING match,no STRING match,2665,2955,1,1
457,fig|6666666.1036479.peg.866,fig|6666666.1036479.peg.1410,0.9108528912067413,0.0009278660299515967,High,Medium,Medium–High,,,0,no STRING match,no STRING match,2667,2813,1,1
458,fig|6666666.1036479.peg.2988,fig|6666666.1036479.peg.2436,0.9107949197292328,0.0009298963713738102,Medium,Medium,Medium–Medium,Hypothetical protein.,,0,secondary STRING hit (STRING protein assigned to a better match),no STRING match,2416,3033,1,1
459,fig|6666666.1036479.peg.3207,fig|6666666.1036479.peg.1289,0.9107389688491822,0.0009319267127960238,Medium,Very Low,Very Low–Medium,,,0,no STRING match,no STRING match,2468,2762,1,1
460,fig|6666666.1036479.peg.573,fig|6666666.1036479.peg.1308,0.9106233417987823,0.0009339570542182373,Very Low,Medium,Very Low–Medium,Hypothetical protein.,,0,secondary STRING hit (STRING protein assigned to a better match),no STRING match,2601,2764,1,1
461,fig|6666666.1036479.peg.2672,fig|6666666.1036479.peg.3015,0.9105914175510407,0.000935987395640451,Medium,Low,Low–Medium,,,0,no STRING match,no STRING match,2341,2428,1,1
462,fig|6666666.1036479.peg.2548,fig|6666666.1036479.peg.2623,0.9105291187763214,0.0009380177370626645,High,Very Low,Very Low–High,,,0,no STRING match,no STRING match,2298,2333,1,1
463,fig|6666666.1036479.peg.866,fig|6666666.1036479.peg.1080,0.9105064570903778,0.0009400480784848781,High,High,High–High,,,0,no STRING match,no STRING match,2667,2712,1,1
464,fig|6666666.1036479.peg.3008,fig|6666666.1036479.peg.3207,0.9105034708976746,0.0009420784199070916,Medium,Medium,Medium–Medium,,,0,no STRING match,no STRING match,2423,2468,1,1
465,fig|6666666.1036479.peg.2364,fig|6666666.1036479.peg.2436,0.9104860186576843,0.0009441087613293052,Medium,Medium,Medium–Medium,,,0,no STRING match,no STRING match,3022,3033,1,1
466,fig|6666666.1036479.peg.3020,fig|6666666.1036479.peg.2092,0.9104501366615295,0.0009461391027515187,Low,Medium,Low–Medium,,,0,no STRING match,no STRING match,2433,2954,1,1
467,fig|6666666.1036479.peg.370,fig|6666666.1036479.peg.889,0.9103349506855011,0.0009481694441737323,High,Low,Low–High,,,0,no STRING match,no STRING match,2579,2682,1,1
468,fig|6666666.1036479.peg.2672,fig|6666666.1036479.peg.2924,0.9102834939956665,0.0009501997855959458,Medium,Very Low,Very Low–Medium,,,0,no STRING match,no STRING match,2341,2401,1,1
469,fig|6666666.1036479.peg.3207,fig|6666666.1036479.peg.3254,0.9102168619632721,0.0009522301270181594,Medium,High,Medium–High,,,0,no STRING match,no STRING match,2468,2505,1,3
470,fig|6666666.1036479.peg.3207,fig|6666666.1036479.peg.22,0.9102168619632721,0.0009542604684403729,Medium,High,Medium–High,,,0,no STRING match,no STRING match,2468,2505,1,3
471,fig|6666666.1036479.peg.3207,fig|6666666.1036479.peg.170,0.9102168619632721,0.0009562908098625865,Medium,High,Medium–High,,,0,no STRING match,no STRING match,2468,2505,1,3
472,fig|6666666.1036479.peg.3020,fig|6666666.1036479.peg.719,0.9101119816303254,0.0009583211512848,Low,Medium,Low–Medium,,,0,no STRING match,no STRING match,2433,2630,1,1
473,fig|6666666.1036479.peg.370,fig|6666666.1036479.peg.2092,0.9100425064563751,0.0009603514927070137,High,Medium,Medium–High,,,0,no STRING match,no STRING match,2579,2954,1,1
474,fig|6666666.1036479.peg.2924,fig|6666666.1036479.peg.861,0.9099708259105682,0.0009623818341292272,Very Low,High,Very Low–High,,,0,no STRING match,no STRING match,2401,2665,1,1
475,fig|6666666.1036479.peg.2948,fig|6666666.1036479.peg.881,0.9099478244781494,0.0009644121755514408,High,High,High–High,,,0,no STRING match,no STRING match,2410,2674,1,1
476,fig|6666666.1036479.peg.3222,fig|6666666.1036479.peg.138,0.9099238455295563,0.0009664425169736543,Medium,Medium,Medium–Medium,,,0,no STRING match,no STRING match,2473,2473,2,2
477,fig|6666666.1036479.peg.2523,fig|6666666.1036479.peg.411,0.9098474264144898,0.0009684728583958679,Low,Low,Low–Low,,Hypothetical protein.,0,no STRING match,secondary STRING hit (STRING protein assigned to a better match),2282,2585,1,1
478,fig|6666666.1036479.peg.3015,fig|6666666.1036479.peg.861,0.9097948729991913,0.0009705031998180814,Low,High,Low–High,,,0,no STRING match,no STRING match,2428,2665,1,1
479,fig|6666666.1036479.peg.2843,fig|6666666.1036479.peg.866,0.9097739160060883,0.000972533541240295,Very Low,High,Very Low–High,,,0,no STRING match,no STRING match,2370,2667,1,1
480,fig|6666666.1036479.peg.2672,fig|6666666.1036479.peg.289,0.9095464289188385,0.0009745638826625085,Medium,High,Medium–High,,Hypothetical protein.,0,no STRING match,secondary STRING hit (STRING protein assigned to a better match),2341,2559,1,1
481,fig|6666666.1036479.peg.2672,fig|6666666.1036479.peg.2327,0.909527200460434,0.000976594224084722,Medium,Medium,Medium–Medium,,,0,no STRING match,no STRING match,2341,3016,1,1
482,fig|6666666.1036479.peg.728,fig|6666666.1036479.peg.1300,0.9095217287540436,0.0009786245655069358,Medium,Low,Low–Medium,,,0,no STRING match,no STRING match,2639,2763,1,1
483,fig|6666666.1036479.peg.2960,fig|6666666.1036479.peg.3207,0.9094813585281372,0.0009806549069291493,Low,Medium,Low–Medium,,,0,no STRING match,no STRING match,2412,2468,1,1
484,fig|6666666.1036479.peg.36,fig|6666666.1036479.peg.866,0.9094744324684143,0.0009826852483513628,Medium,High,Medium–High,,,0,no STRING match,no STRING match,2524,2667,2,1
485,fig|6666666.1036479.peg.184,fig|6666666.1036479.peg.866,0.9094744324684143,0.0009847155897735763,Medium,High,Medium–High,,,0,no STRING match,no STRING match,2524,2667,2,1
486,fig|6666666.1036479.peg.2988,fig|6666666.1036479.peg.1308,0.9093699872493743,0.00098674593119579,Medium,Medium,Medium–Medium,Hypothetical protein.,,0,secondary STRING hit (STRING protein assigned to a better match),no STRING match,2416,2764,1,1
487,fig|6666666.1036479.peg.3223,fig|6666666.1036479.peg.861,0.9093676269054413,0.0009887762726180035,High,High,High–High,,,0,no STRING match,no STRING match,2474,2665,2,1
488,fig|6666666.1036479.peg.139,fig|6666666.1036479.peg.861,0.9093676269054413,0.000990806614040217,High,High,High–High,,,0,no STRING match,no STRING match,2474,2665,2,1
489,fig|6666666.1036479.peg.2506,fig|6666666.1036479.peg.411,0.9093093037605285,0.0009928369554624305,Very Low,Low,Very Low–Low,,Hypothetical protein.,0,no STRING match,secondary STRING hit (STRING protein assigned to a better match),2270,2585,6,1
490,fig|6666666.1036479.peg.2516,fig|6666666.1036479.peg.411,0.9093093037605285,0.0009948672968846442,Very Low,Low,Very Low–Low,,Hypothetical protein.,0,no STRING match,secondary STRING hit (STRING protein assigned to a better match),2270,2585,6,1
491,fig|6666666.1036479.peg.2522,fig|6666666.1036479.peg.411,0.9093093037605285,0.0009968976383068577,Very Low,Low,Very Low–Low,,Hypothetical protein.,0,no STRING match,secondary STRING hit (STRING protein assigned to a better match),2270,2585,6,1
492,fig|6666666.1036479.peg.411,fig|6666666.1036479.peg.974,0.9093093037605285,0.0009989279797290712,Low,Very Low,Very Low–Low,Hypothetical protein.,,0,secondary STRING hit (STRING protein assigned to a better match),no STRING match,2585,2270,1,6
493,fig|6666666.1036479.peg.411,fig|6666666.1036479.peg.979,0.9093093037605285,0.0010009583211512847,Low,Very Low,Very Low–Low,Hypothetical protein.,,0,secondary STRING hit (STRING protein assigned to a better match),no STRING match,2585,2270,1,6
494,fig|6666666.1036479.peg.411,fig|6666666.1036479.peg.2491,0.9093093037605285,0.0010029886625734985,Low,Very Low,Very Low–Low,Hypothetical protein.,,0,secondary STRING hit (STRING protein assigned to a better match),no STRING match,2585,2270,1,6
495,fig|6666666.1036479.peg.411,fig|6666666.1036479.peg.1657,0.9092916369438171,0.001005019003995712,Low,Medium,Low–Medium,Hypothetical protein.,,0,secondary STRING hit (STRING protein assigned to a better match),no STRING match,2585,2883,1,1
496,fig|6666666.1036479.peg.2929,fig|6666666.1036479.peg.3207,0.9091947078704834,0.0010070493454179255,Very Low,Medium,Very Low–Medium,Hypothetical protein.,,0,secondary STRING hit (STRING protein assigned to a better match),no STRING match,2404,2468,1,1
497,fig|6666666.1036479.peg.720,fig|6666666.1036479.peg.866,0.9091676771640778,0.001009079686840139,High,High,High–High,,,0,no STRING match,no STRING match,2631,2667,1,1
498,fig|6666666.1036479.peg.861,fig|6666666.1036479.peg.2327,0.9091412365436554,0.0010111100282623527,High,Medium,Medium–High,,,0,no STRING match,no STRING match,2665,3016,1,1
499,fig|6666666.1036479.peg.2920,fig|6666666.1036479.peg.728,0.9090982973575592,0.0010131403696845662,Very Low,Medium,Very Low–Medium,,,0,no STRING match,no STRING match,2397,2639,1,1
500,fig|6666666.1036479.peg.3207,fig|6666666.1036479.peg.889,0.9090368926525116,0.0010151707111067797,Medium,Low,Low–Medium,,,0,no STRING match,no STRING match,2468,2682,1,1
501,fig|6666666.1036479.peg.3010,fig|6666666.1036479.peg.866,0.9090335249900818,0.0010172010525289932,Low,High,Low–High,,,0,no STRING match,no STRING match,2425,2667,1,1
502,fig|6666666.1036479.peg.411,fig|6666666.1036479.peg.2436,0.9089952111244202,0.001019231393951207,Low,Medium,Low–Medium,Hypothetical protein.,,0,secondary STRING hit (STRING protein assigned to a better match),no STRING match,2585,3033,1,1
503,fig|6666666.1036479.peg.2843,fig|6666666.1036479.peg.2348,0.9089141666889191,0.0010212617353734204,Very Low,High,Very Low–High,,,0,no STRING match,no STRING match,2370,3019,1,1
504,fig|6666666.1036479.peg.2506,fig|6666666.1036479.peg.370,0.9088759243488311,0.001023292076795634,Very Low,High,Very Low–High,,,0,no STRING match,no STRING match,2270,2579,6,1
505,fig|6666666.1036479.peg.2516,fig|6666666.1036479.peg.370,0.9088759243488311,0.0010253224182178475,Very Low,High,Very Low–High,,,0,no STRING match,no STRING match,2270,2579,6,1
506,fig|6666666.1036479.peg.2522,fig|6666666.1036479.peg.370,0.9088759243488311,0.0010273527596400612,Very Low,High,Very Low–High,,,0,no STRING match,no STRING match,2270,2579,6,1
507,fig|6666666.1036479.peg.370,fig|6666666.1036479.peg.974,0.9088759243488311,0.0010293831010622747,High,Very Low,Very Low–High,,,0,no STRING match,no STRING match,2579,2270,1,6
508,fig|6666666.1036479.peg.370,fig|6666666.1036479.peg.979,0.9088759243488311,0.0010314134424844882,High,Very Low,Very Low–High,,,0,no STRING match,no STRING match,2579,2270,1,6
509,fig|6666666.1036479.peg.370,fig|6666666.1036479.peg.2491,0.9088759243488311,0.0010334437839067017,High,Very Low,Very Low–High,,,0,no STRING match,no STRING match,2579,2270,1,6
510,fig|6666666.1036479.peg.740,fig|6666666.1036479.peg.861,0.9088695466518402,0.0010354741253289154,Very Low,High,Very Low–High,,,0,no STRING match,no STRING match,2651,2665,1,1
511,fig|6666666.1036479.peg.289,fig|6666666.1036479.peg.861,0.9088121294975281,0.001037504466751129,High,High,High–High,Hypothetical protein.,,0,secondary STRING hit (STRING protein assigned to a better match),no STRING match,2559,2665,1,1
512,fig|6666666.1036479.peg.3207,fig|6666666.1036479.peg.1410,0.9087683856487274,0.0010395348081733424,Medium,Medium,Medium–Medium,,,0,no STRING match,no STRING match,2468,2813,1,1
513,fig|6666666.1036479.peg.2547,fig|6666666.1036479.peg.573,0.908715546131134,0.001041565149595556,Medium,Very Low,Very Low–Medium,,Hypothetical protein.,0,no STRING match,secondary STRING hit (STRING protein assigned to a better match),2297,2601,1,1
514,fig|6666666.1036479.peg.2672,fig|6666666.1036479.peg.740,0.9086067140102386,0.0010435954910177697,Medium,Very Low,Very Low–Medium,,,0,no STRING match,no STRING match,2341,2651,1,1
515,fig|6666666.1036479.peg.3020,fig|6666666.1036479.peg.2455,0.9085580587387085,0.0010456258324399832,Low,Medium,Low–Medium,,,0,no STRING match,no STRING match,2433,3038,1,1
516,fig|6666666.1036479.peg.36,fig|6666666.1036479.peg.2348,0.9085307657718659,0.0010476561738621967,Medium,High,Medium–High,,,0,no STRING match,no STRING match,2524,3019,2,1
517,fig|6666666.1036479.peg.184,fig|6666666.1036479.peg.2348,0.9085307657718659,0.0010496865152844102,Medium,High,Medium–High,,,0,no STRING match,no STRING match,2524,3019,2,1
518,fig|6666666.1036479.peg.3222,fig|6666666.1036479.peg.728,0.9085130214691162,0.001051716856706624,Medium,Medium,Medium–Medium,,,0,no STRING match,no STRING match,2473,2639,2,1
519,fig|6666666.1036479.peg.138,fig|6666666.1036479.peg.728,0.9085130214691162,0.0010537471981288374,Medium,Medium,Medium–Medium,,,0,no STRING match,no STRING match,2473,2639,2,1
520,fig|6666666.1036479.peg.1947,fig|6666666.1036479.peg.2455,0.9085020840167999,0.001055777539551051,Medium,Medium,Medium–Medium,,,0,no STRING match,no STRING match,2930,3038,1,1
521,fig|6666666.1036479.peg.866,fig|6666666.1036479.peg.1945,0.9084663450717926,0.0010578078809732644,High,Very Low,Very Low–High,,,0,no STRING match,no STRING match,2667,2928,1,1
522,fig|6666666.1036479.peg.2929,fig|6666666.1036479.peg.411,0.9083828151226043,0.0010598382223954781,Very Low,Low,Very Low–Low,Hypothetical protein.,Hypothetical protein.,0,secondary STRING hit (STRING protein assigned to a better match),secondary STRING hit (STRING protein assigned to a better match),2404,2585,1,1
523,fig|6666666.1036479.peg.1945,fig|6666666.1036479.peg.2348,0.9083476781845092,0.0010618685638176916,Very Low,High,Very Low–High,,,0,no STRING match,no STRING match,2928,3019,1,1
524,fig|6666666.1036479.peg.3209,fig|6666666.1036479.peg.866,0.9082841455936432,0.0010638989052399051,Medium,High,Medium–High,,,0,no STRING match,no STRING match,2469,2667,1,1
525,fig|6666666.1036479.peg.2843,fig|6666666.1036479.peg.3207,0.9082613527774811,0.0010659292466621186,Very Low,Medium,Very Low–Medium,,,0,no STRING match,no STRING match,2370,2468,1,1
526,fig|6666666.1036479.peg.2501,fig|6666666.1036479.peg.2548,0.9082511842250824,0.0010679595880843324,High,High,High–High,,,0,no STRING match,no STRING match,2265,2298,1,1
527,fig|6666666.1036479.peg.719,fig|6666666.1036479.peg.1947,0.9082165241241456,0.0010699899295065459,Medium,Medium,Medium–Medium,,,0,no STRING match,no STRING match,2630,2930,1,1
528,fig|6666666.1036479.peg.2556,fig|6666666.1036479.peg.866,0.9081218600273132,0.0010720202709287594,High,High,High–High,,,0,no STRING match,no STRING match,2306,2667,2,1
529,fig|6666666.1036479.peg.2564,fig|6666666.1036479.peg.866,0.9081218600273132,0.0010740506123509729,High,High,High–High,,,0,no STRING match,no STRING match,2306,2667,2,1
530,fig|6666666.1036479.peg.3209,fig|6666666.1036479.peg.2348,0.9081204950809478,0.0010760809537731866,Medium,High,Medium–High,,,0,no STRING match,no STRING match,2469,3019,1,1
531,fig|6666666.1036479.peg.2679,fig|6666666.1036479.peg.411,0.9081106305122375,0.0010781112951954001,Medium,Low,Low–Medium,,Hypothetical protein.,0,no STRING match,secondary STRING hit (STRING protein assigned to a better match),2342,2585,1,1
532,fig|6666666.1036479.peg.3017,fig|6666666.1036479.peg.881,0.9080728530883789,0.0010801416366176136,Medium,High,Medium–High,,,0,no STRING match,no STRING match,2430,2674,1,1
533,fig|6666666.1036479.peg.3188,fig|6666666.1036479.peg.2348,0.9079839587211609,0.0010821719780398271,Medium,High,Medium–High,,,0,no STRING match,no STRING match,2461,3019,1,1
534,fig|6666666.1036479.peg.725,fig|6666666.1036479.peg.728,0.9079816222190857,0.0010842023194620408,Very Low,Medium,Very Low–Medium,,,0,no STRING match,no STRING match,2636,2639,1,1
535,fig|6666666.1036479.peg.728,fig|6666666.1036479.peg.1657,0.9078759849071503,0.0010862326608842543,Medium,Medium,Medium–Medium,,,0,no STRING match,no STRING match,2639,2883,1,1
536,fig|6666666.1036479.peg.2814,fig|6666666.1036479.peg.411,0.9078702867031098,0.0010882630023064679,Very Low,Low,Very Low–Low,,Hypothetical protein.,0,no STRING match,secondary STRING hit (STRING protein assigned to a better match),2358,2585,1,1
537,fig|6666666.1036479.peg.2672,fig|6666666.1036479.peg.2405,0.9078223705291748,0.0010902933437286814,Medium,Medium,Medium–Medium,,Hypothetical protein; COG0605 Superoxide dismutase.,0,no STRING match,secondary STRING hit (STRING protein assigned to a better match),2341,3029,1,1
538,fig|6666666.1036479.peg.2548,fig|6666666.1036479.peg.942,0.9078123152256012,0.001092323685150895,High,Very Low,Very Low–High,,,0,no STRING match,no STRING match,2298,2691,1,1
539,fig|6666666.1036479.peg.3221,fig|6666666.1036479.peg.3244,0.9078081965446472,0.0010943540265731086,High,Very Low,Very Low–High,,,0,no STRING match,no STRING match,2472,2495,2,3
540,fig|6666666.1036479.peg.3221,fig|6666666.1036479.peg.12,0.9078081965446472,0.001096384367995322,High,Very Low,Very Low–High,,,0,no STRING match,no STRING match,2472,2495,2,3
541,fig|6666666.1036479.peg.3221,fig|6666666.1036479.peg.160,0.9078081965446472,0.0010984147094175356,High,Very Low,Very Low–High,,,0,no STRING match,no STRING match,2472,2495,2,3
542,fig|6666666.1036479.peg.3244,fig|6666666.1036479.peg.137,0.9078081965446472,0.0011004450508397493,Very Low,High,Very Low–High,,,0,no STRING match,no STRING match,2495,2472,3,2
543,fig|6666666.1036479.peg.12,fig|6666666.1036479.peg.137,0.9078081965446472,0.0011024753922619628,Very Low,High,Very Low–High,,,0,no STRING match,no STRING match,2495,2472,3,2
544,fig|6666666.1036479.peg.137,fig|6666666.1036479.peg.160,0.9078081965446472,0.0011045057336841763,High,Very Low,Very Low–High,,,0,no STRING match,no STRING match,2472,2495,2,3
545,fig|6666666.1036479.peg.3010,fig|6666666.1036479.peg.370,0.907741242647171,0.0011065360751063898,Low,High,Low–High,,,0,no STRING match,no STRING match,2425,2579,1,1
546,fig|6666666.1036479.peg.3184,fig|6666666.1036479.peg.3207,0.9077363193035126,0.0011085664165286036,Very Low,Medium,Very Low–Medium,,,0,no STRING match,no STRING match,2457,2468,1,1
547,fig|6666666.1036479.peg.410,fig|6666666.1036479.peg.1353,0.9076796472072601,0.001110596757950817,Very Low,Very Low,Very Low–Very Low,,,0,no STRING match,no STRING match,2584,2790,1,1
548,fig|6666666.1036479.peg.2548,fig|6666666.1036479.peg.1943,0.9076190888881683,0.0011126270993730306,High,Medium,Medium–High,,COG3103 SH3 domain protein.,0,no STRING match,secondary STRING hit (STRING protein assigned to a better match),2298,2926,1,1
549,fig|6666666.1036479.peg.1953,fig|6666666.1036479.peg.2348,0.9076023995876312,0.001114657440795244,Low,High,Low–High,,,0,no STRING match,no STRING match,2935,3019,1,1
550,fig|6666666.1036479.peg.2547,fig|6666666.1036479.peg.2988,0.9076018393039703,0.0011166877822174578,Medium,Medium,Medium–Medium,,Hypothetical protein.,0,no STRING match,secondary STRING hit (STRING protein assigned to a better match),2297,2416,1,1
551,fig|6666666.1036479.peg.3184,fig|6666666.1036479.peg.2348,0.9075194656848907,0.0011187181236396713,Very Low,High,Very Low–High,,,0,no STRING match,no STRING match,2457,3019,1,1
552,fig|6666666.1036479.peg.2672,fig|6666666.1036479.peg.3223,0.9074032425880432,0.0011207484650618848,Medium,High,Medium–High,,,0,no STRING match,no STRING match,2341,2474,1,2
553,fig|6666666.1036479.peg.2672,fig|6666666.1036479.peg.139,0.9074032425880432,0.0011227788064840983,Medium,High,Medium–High,,,0,no STRING match,no STRING match,2341,2474,1,2
554,fig|6666666.1036479.peg.3254,fig|6666666.1036479.peg.370,0.9074029445648193,0.001124809147906312,High,High,High–High,,,0,no STRING match,no STRING match,2505,2579,3,1
555,fig|6666666.1036479.peg.22,fig|6666666.1036479.peg.370,0.9074029445648193,0.0011268394893285255,High,High,High–High,,,0,no STRING match,no STRING match,2505,2579,3,1
556,fig|6666666.1036479.peg.170,fig|6666666.1036479.peg.370,0.9074029445648193,0.001128869830750739,High,High,High–High,,,0,no STRING match,no STRING match,2505,2579,3,1
557,fig|6666666.1036479.peg.2548,fig|6666666.1036479.peg.1962,0.9073603749275208,0.0011309001721729525,High,Medium,Medium–High,,,0,no STRING match,no STRING match,2298,2944,1,1
558,fig|6666666.1036479.peg.2548,fig|6666666.1036479.peg.2924,0.9072129130363464,0.0011329305135951663,High,Very Low,Very Low–High,,,0,no STRING match,no STRING match,2298,2401,1,1
559,fig|6666666.1036479.peg.2679,fig|6666666.1036479.peg.370,0.9071859419345856,0.0011349608550173798,Medium,High,Medium–High,,,0,no STRING match,no STRING match,2342,2579,1,1
560,fig|6666666.1036479.peg.2523,fig|6666666.1036479.peg.370,0.9071241736412048,0.0011369911964395933,Low,High,Low–High,,,0,no STRING match,no STRING match,2282,2579,1,1
561,fig|6666666.1036479.peg.3244,fig|6666666.1036479.peg.1113,0.9070643126964569,0.0011390215378618068,Very Low,Very Low,Very Low–Very Low,,,0,no STRING match,no STRING match,2495,2729,3,1
562,fig|6666666.1036479.peg.12,fig|6666666.1036479.peg.1113,0.9070643126964569,0.0011410518792840205,Very Low,Very Low,Very Low–Very Low,,,0,no STRING match,no STRING match,2495,2729,3,1
563,fig|6666666.1036479.peg.160,fig|6666666.1036479.peg.1113,0.9070643126964569,0.001143082220706234,Very Low,Very Low,Very Low–Very Low,,,0,no STRING match,no STRING match,2495,2729,3,1
564,fig|6666666.1036479.peg.370,fig|6666666.1036479.peg.1410,0.9068874418735504,0.0011451125621284475,High,Medium,Medium–High,,,0,no STRING match,no STRING match,2579,2813,1,1
565,fig|6666666.1036479.peg.866,fig|6666666.1036479.peg.2114,0.9068672120571136,0.001147142903550661,High,Very Low,Very Low–High,,"COG1629 Outer membrane receptor proteins, mostly Fe transport.",0,no STRING match,secondary STRING hit (STRING protein assigned to a better match),2667,2964,1,1
566,fig|6666666.1036479.peg.719,fig|6666666.1036479.peg.728,0.9068313717842102,0.0011491732449728747,Medium,Medium,Medium–Medium,,,0,no STRING match,no STRING match,2630,2639,1,1
567,fig|6666666.1036479.peg.3207,fig|6666666.1036479.peg.720,0.9068299829959869,0.0011512035863950883,Medium,High,Medium–High,,,0,no STRING match,no STRING match,2468,2631,1,1
568,fig|6666666.1036479.peg.2548,fig|6666666.1036479.peg.885,0.9068207383155823,0.0011532339278173018,High,Medium,Medium–High,,,0,no STRING match,no STRING match,2298,2678,1,1
569,fig|6666666.1036479.peg.3019,fig|6666666.1036479.peg.410,0.906820684671402,0.0011552642692395153,Very Low,Very Low,Very Low–Very Low,,,0,no STRING match,no STRING match,2432,2584,1,1
570,fig|6666666.1036479.peg.2532,fig|6666666.1036479.peg.411,0.9068067669868469,0.001157294610661729,Low,Low,Low–Low,,Hypothetical protein.,0,no STRING match,secondary STRING hit (STRING protein assigned to a better match),2284,2585,4,1
571,fig|6666666.1036479.peg.3171,fig|6666666.1036479.peg.411,0.9068067669868469,0.0011593249520839425,Low,Low,Low–Low,,Hypothetical protein.,0,no STRING match,secondary STRING hit (STRING protein assigned to a better match),2284,2585,4,1
572,fig|6666666.1036479.peg.411,fig|6666666.1036479.peg.987,0.9068067669868469,0.001161355293506156,Low,Low,Low–Low,Hypothetical protein.,,0,secondary STRING hit (STRING protein assigned to a better match),no STRING match,2585,2284,1,4
573,fig|6666666.1036479.peg.411,fig|6666666.1036479.peg.2492,0.9068067669868469,0.0011633856349283695,Low,Low,Low–Low,Hypothetical protein.,,0,secondary STRING hit (STRING protein assigned to a better match),no STRING match,2585,2284,1,4
574,fig|6666666.1036479.peg.2948,fig|6666666.1036479.peg.3222,0.9067923247814178,0.0011654159763505832,High,Medium,Medium–High,,,0,no STRING match,no STRING match,2410,2473,1,2
575,fig|6666666.1036479.peg.2948,fig|6666666.1036479.peg.138,0.9067923247814178,0.0011674463177727967,High,Medium,Medium–High,,,0,no STRING match,no STRING match,2410,2473,1,2
576,fig|6666666.1036479.peg.411,fig|6666666.1036479.peg.1566,0.9067217171192169,0.0011694766591950102,Low,High,Low–High,Hypothetical protein.,,0,secondary STRING hit (STRING protein assigned to a better match),no STRING match,2585,2838,1,1
577,fig|6666666.1036479.peg.2504,fig|6666666.1036479.peg.2548,0.9066590368747711,0.0011715070006172237,Very Low,High,Very Low–High,,,0,no STRING match,no STRING match,2268,2298,1,1
578,fig|6666666.1036479.peg.573,fig|6666666.1036479.peg.2092,0.9066580891609192,0.0011735373420394375,Very Low,Medium,Very Low–Medium,Hypothetical protein.,,0,secondary STRING hit (STRING protein assigned to a better match),no STRING match,2601,2954,1,1
579,fig|6666666.1036479.peg.3207,fig|6666666.1036479.peg.2114,0.906624186038971,0.001175567683461651,Medium,Very Low,Very Low–Medium,,"COG1629 Outer membrane receptor proteins, mostly Fe transport.",0,no STRING match,secondary STRING hit (STRING protein assigned to a better match),2468,2964,1,1
580,fig|6666666.1036479.peg.3244,fig|6666666.1036479.peg.1119,0.906611156463623,0.0011775980248838645,Very Low,Very Low,Very Low–Very Low,,,0,no STRING match,no STRING match,2495,2735,3,1
581,fig|6666666.1036479.peg.12,fig|6666666.1036479.peg.1119,0.906611156463623,0.001179628366306078,Very Low,Very Low,Very Low–Very Low,,,0,no STRING match,no STRING match,2495,2735,3,1
582,fig|6666666.1036479.peg.160,fig|6666666.1036479.peg.1119,0.906611156463623,0.0011816587077282917,Very Low,Very Low,Very Low–Very Low,,,0,no STRING match,no STRING match,2495,2735,3,1
583,fig|6666666.1036479.peg.861,fig|6666666.1036479.peg.2405,0.9065700113773346,0.0011836890491505052,High,Medium,Medium–High,,Hypothetical protein; COG0605 Superoxide dismutase.,0,no STRING match,secondary STRING hit (STRING protein assigned to a better match),2665,3029,1,1
584,fig|6666666.1036479.peg.866,fig|6666666.1036479.peg.1953,0.9065492033958436,0.0011857193905727187,High,Low,Low–High,,,0,no STRING match,no STRING match,2667,2935,1,1
585,fig|6666666.1036479.peg.3207,fig|6666666.1036479.peg.36,0.9064363241195679,0.0011877497319949322,Medium,Medium,Medium–Medium,,,0,no STRING match,no STRING match,2468,2524,1,2
586,fig|6666666.1036479.peg.3207,fig|6666666.1036479.peg.184,0.9064363241195679,0.001189780073417146,Medium,Medium,Medium–Medium,,,0,no STRING match,no STRING match,2468,2524,1,2
587,fig|6666666.1036479.peg.2672,fig|6666666.1036479.peg.1943,0.9064047813415528,0.0011918104148393594,Medium,Medium,Medium–Medium,,COG3103 SH3 domain protein.,0,no STRING match,secondary STRING hit (STRING protein assigned to a better match),2341,2926,1,1
588,fig|6666666.1036479.peg.3209,fig|6666666.1036479.peg.370,0.906351363658905,0.001193840756261573,Medium,High,Medium–High,,,0,no STRING match,no STRING match,2469,2579,1,1
589,fig|6666666.1036479.peg.2532,fig|6666666.1036479.peg.370,0.9063487768173217,0.0011958710976837865,Low,High,Low–High,,,0,no STRING match,no STRING match,2284,2579,4,1
590,fig|6666666.1036479.peg.3171,fig|6666666.1036479.peg.370,0.9063487768173217,0.0011979014391060002,Low,High,Low–High,,,0,no STRING match,no STRING match,2284,2579,4,1
591,fig|6666666.1036479.peg.370,fig|6666666.1036479.peg.987,0.9063487768173217,0.0011999317805282137,High,Low,Low–High,,,0,no STRING match,no STRING match,2579,2284,1,4
592,fig|6666666.1036479.peg.370,fig|6666666.1036479.peg.2492,0.9063487768173217,0.0012019621219504272,High,Low,Low–High,,,0,no STRING match,no STRING match,2579,2284,1,4
593,fig|6666666.1036479.peg.2548,fig|6666666.1036479.peg.1567,0.9062816083431244,0.0012039924633726407,High,Low,Low–High,,,0,no STRING match,no STRING match,2298,2839,1,1
594,fig|6666666.1036479.peg.2556,fig|6666666.1036479.peg.2348,0.9062755882740021,0.0012060228047948544,High,High,High–High,,,0,no STRING match,no STRING match,2306,3019,2,1
595,fig|6666666.1036479.peg.2564,fig|6666666.1036479.peg.2348,0.9062755882740021,0.001208053146217068,High,High,High–High,,,0,no STRING match,no STRING match,2306,3019,2,1
596,fig|6666666.1036479.peg.2506,fig|6666666.1036479.peg.861,0.9062578618526459,0.0012100834876392814,Very Low,High,Very Low–High,,,0,no STRING match,no STRING match,2270,2665,6,1
597,fig|6666666.1036479.peg.2516,fig|6666666.1036479.peg.861,0.9062578618526459,0.001212113829061495,Very Low,High,Very Low–High,,,0,no STRING match,no STRING match,2270,2665,6,1
598,fig|6666666.1036479.peg.2522,fig|6666666.1036479.peg.861,0.9062578618526459,0.0012141441704837086,Very Low,High,Very Low–High,,,0,no STRING match,no STRING match,2270,2665,6,1
599,fig|6666666.1036479.peg.861,fig|6666666.1036479.peg.974,0.9062578618526459,0.0012161745119059222,High,Very Low,Very Low–High,,,0,no STRING match,no STRING match,2665,2270,1,6
600,fig|6666666.1036479.peg.861,fig|6666666.1036479.peg.979,0.9062578618526459,0.0012182048533281357,High,Very Low,Very Low–High,,,0,no STRING match,no STRING match,2665,2270,1,6
601,fig|6666666.1036479.peg.861,fig|6666666.1036479.peg.2491,0.9062578618526459,0.0012202351947503492,High,Very Low,Very Low–High,,,0,no STRING match,no STRING match,2665,2270,1,6
602,fig|6666666.1036479.peg.2548,fig|6666666.1036479.peg.2093,0.9062241911888123,0.0012222655361725629,High,Medium,Medium–High,,,0,no STRING match,no STRING match,2298,2955,1,1
603,fig|6666666.1036479.peg.861,fig|6666666.1036479.peg.1943,0.9061668276786804,0.0012242958775947764,High,Medium,Medium–High,,COG3103 SH3 domain protein.,0,no STRING match,secondary STRING hit (STRING protein assigned to a better match),2665,2926,1,1
604,fig|6666666.1036479.peg.861,fig|6666666.1036479.peg.1962,0.9060784041881561,0.00122632621901699,High,Medium,Medium–High,,,0,no STRING match,no STRING match,2665,2944,1,1
605,fig|6666666.1036479.peg.411,fig|6666666.1036479.peg.725,0.906075656414032,0.0012283565604392034,Low,Very Low,Very Low–Low,Hypothetical protein.,,0,secondary STRING hit (STRING protein assigned to a better match),no STRING match,2585,2636,1,1
606,fig|6666666.1036479.peg.38,fig|6666666.1036479.peg.1947,0.906067967414856,0.0012303869018614171,Low,Medium,Low–Medium,,,0,no STRING match,no STRING match,2526,2930,2,1
607,fig|6666666.1036479.peg.186,fig|6666666.1036479.peg.1947,0.906067967414856,0.0012324172432836306,Low,Medium,Low–Medium,,,0,no STRING match,no STRING match,2526,2930,2,1
608,fig|6666666.1036479.peg.573,fig|6666666.1036479.peg.725,0.9059928059577942,0.0012344475847058441,Very Low,Very Low,Very Low–Very Low,Hypothetical protein.,,0,secondary STRING hit (STRING protein assigned to a better match),no STRING match,2601,2636,1,1
609,fig|6666666.1036479.peg.3015,fig|6666666.1036479.peg.2348,0.905960613489151,0.0012364779261280576,Low,High,Low–High,,,0,no STRING match,no STRING match,2428,3019,1,1
610,fig|6666666.1036479.peg.3008,fig|6666666.1036479.peg.370,0.9059475421905517,0.0012385082675502714,Medium,High,Medium–High,,,0,no STRING match,no STRING match,2423,2579,1,1
611,fig|6666666.1036479.peg.2548,fig|6666666.1036479.peg.817,0.90581134557724,0.0012405386089724849,High,Low,Low–High,,Phospholipid/glycerol acyltransferase; COG4258 Predicted exporter.,0,no STRING match,secondary STRING hit (STRING protein assigned to a better match),2298,2663,1,1
612,fig|6666666.1036479.peg.723,fig|6666666.1036479.peg.866,0.9057985484600067,0.0012425689503946984,High,High,High–High,,,0,no STRING match,no STRING match,2634,2667,1,1
613,fig|6666666.1036479.peg.3207,fig|6666666.1036479.peg.1945,0.9057630717754364,0.0012445992918169119,Medium,Very Low,Very Low–Medium,,,0,no STRING match,no STRING match,2468,2928,1,1
614,fig|6666666.1036479.peg.2506,fig|6666666.1036479.peg.2348,0.905761182308197,0.0012466296332391256,Very Low,High,Very Low–High,,,0,no STRING match,no STRING match,2270,3019,6,1
615,fig|6666666.1036479.peg.2516,fig|6666666.1036479.peg.2348,0.905761182308197,0.001248659974661339,Very Low,High,Very Low–High,,,0,no STRING match,no STRING match,2270,3019,6,1
616,fig|6666666.1036479.peg.2522,fig|6666666.1036479.peg.2348,0.905761182308197,0.0012506903160835526,Very Low,High,Very Low–High,,,0,no STRING match,no STRING match,2270,3019,6,1
617,fig|6666666.1036479.peg.974,fig|6666666.1036479.peg.2348,0.905761182308197,0.0012527206575057661,Very Low,High,Very Low–High,,,0,no STRING match,no STRING match,2270,3019,6,1
618,fig|6666666.1036479.peg.979,fig|6666666.1036479.peg.2348,0.905761182308197,0.0012547509989279798,Very Low,High,Very Low–High,,,0,no STRING match,no STRING match,2270,3019,6,1
619,fig|6666666.1036479.peg.2348,fig|6666666.1036479.peg.2491,0.905761182308197,0.0012567813403501933,High,Very Low,Very Low–High,,,0,no STRING match,no STRING match,3019,2270,1,6
620,fig|6666666.1036479.peg.2520,fig|6666666.1036479.peg.2548,0.9057522535324096,0.0012588116817724068,Very Low,High,Very Low–High,,,0,no STRING match,no STRING match,2280,2298,1,1
621,fig|6666666.1036479.peg.3222,fig|6666666.1036479.peg.2364,0.9057062923908233,0.0012608420231946204,Medium,Medium,Medium–Medium,,,0,no STRING match,no STRING match,2473,3022,2,1
622,fig|6666666.1036479.peg.138,fig|6666666.1036479.peg.2364,0.9057062923908233,0.001262872364616834,Medium,Medium,Medium–Medium,,,0,no STRING match,no STRING match,2473,3022,2,1
623,fig|6666666.1036479.peg.2672,fig|6666666.1036479.peg.1962,0.9056930184364319,0.0012649027060390476,Medium,Medium,Medium–Medium,,,0,no STRING match,no STRING match,2341,2944,1,1
624,fig|6666666.1036479.peg.3207,fig|6666666.1036479.peg.1946,0.9056097984313964,0.001266933047461261,Medium,Medium,Medium–Medium,,,0,no STRING match,no STRING match,2468,2929,1,1
625,fig|6666666.1036479.peg.2920,fig|6666666.1036479.peg.2948,0.9055515050888061,0.0012689633888834746,Very Low,High,Very Low–High,,,0,no STRING match,no STRING match,2397,2410,1,1
626,fig|6666666.1036479.peg.2548,fig|6666666.1036479.peg.2571,0.9053299903869629,0.0012709937303056883,High,Medium,Medium–High,,,0,no STRING match,no STRING match,2298,2316,1,1
627,fig|6666666.1036479.peg.2672,fig|6666666.1036479.peg.2454,0.9053292989730835,0.0012730240717279018,Medium,Medium,Medium–Medium,,,0,no STRING match,no STRING match,2341,3037,1,1
628,fig|6666666.1036479.peg.1289,fig|6666666.1036479.peg.1947,0.9053070306777954,0.0012750544131501153,Very Low,Medium,Very Low–Medium,,,0,no STRING match,no STRING match,2762,2930,1,1
629,fig|6666666.1036479.peg.740,fig|6666666.1036479.peg.2348,0.9053030669689178,0.0012770847545723288,Very Low,High,Very Low–High,,,0,no STRING match,no STRING match,2651,3019,1,1
630,fig|6666666.1036479.peg.2988,fig|6666666.1036479.peg.881,0.9052697956562042,0.0012791150959945425,Medium,High,Medium–High,Hypothetical protein.,,0,secondary STRING hit (STRING protein assigned to a better match),no STRING match,2416,2674,1,1
631,fig|6666666.1036479.peg.3223,fig|6666666.1036479.peg.866,0.9052624762058258,0.001281145437416756,High,High,High–High,,,0,no STRING match,no STRING match,2474,2667,2,1
632,fig|6666666.1036479.peg.139,fig|6666666.1036479.peg.866,0.9052624762058258,0.0012831757788389696,High,High,High–High,,,0,no STRING match,no STRING match,2474,2667,2,1
633,fig|6666666.1036479.peg.2106,fig|6666666.1036479.peg.2348,0.9051992475986481,0.001285206120261183,High,High,High–High,Hypothetical protein.,,0,secondary STRING hit (STRING protein assigned to a better match),no STRING match,2959,3019,1,1
634,fig|6666666.1036479.peg.3008,fig|6666666.1036479.peg.1947,0.9050081074237823,0.0012872364616833968,Medium,Medium,Medium–Medium,,,0,no STRING match,no STRING match,2423,2930,1,1
635,fig|6666666.1036479.peg.2672,fig|6666666.1036479.peg.942,0.904977148771286,0.0012892668031056103,Medium,Very Low,Very Low–Medium,,,0,no STRING match,no STRING match,2341,2691,1,1
636,fig|6666666.1036479.peg.1308,fig|6666666.1036479.peg.2364,0.9049189567565918,0.0012912971445278238,Medium,Medium,Medium–Medium,,,0,no STRING match,no STRING match,2764,3022,1,1
637,fig|6666666.1036479.peg.2672,fig|6666666.1036479.peg.48,0.9048557460308075,0.0012933274859500373,Medium,Medium,Medium–Medium,,,0,no STRING match,no STRING match,2341,2536,1,1
638,fig|6666666.1036479.peg.573,fig|6666666.1036479.peg.1657,0.9048229873180389,0.001295357827372251,Very Low,Medium,Very Low–Medium,Hypothetical protein.,,0,secondary STRING hit (STRING protein assigned to a better match),no STRING match,2601,2883,1,1
639,fig|6666666.1036479.peg.2505,fig|6666666.1036479.peg.2548,0.904694265127182,0.0012973881687944645,Very Low,High,Very Low–High,,,0,no STRING match,no STRING match,2269,2298,1,1
640,fig|6666666.1036479.peg.370,fig|6666666.1036479.peg.1566,0.9046799004077911,0.001299418510216678,High,High,High–High,,,0,no STRING match,no STRING match,2579,2838,1,1
641,fig|6666666.1036479.peg.411,fig|6666666.1036479.peg.1074,0.9046766042709351,0.0013014488516388915,Low,High,Low–High,Hypothetical protein.,,0,secondary STRING hit (STRING protein assigned to a better match),no STRING match,2585,2706,1,1
642,fig|6666666.1036479.peg.411,fig|6666666.1036479.peg.889,0.9046764433383941,0.0013034791930611053,Low,Low,Low–Low,Hypothetical protein.,,0,secondary STRING hit (STRING protein assigned to a better match),no STRING match,2585,2682,1,1
643,fig|6666666.1036479.peg.2948,fig|6666666.1036479.peg.1657,0.9046736419200897,0.0013055095344833188,High,Medium,Medium–High,,,0,no STRING match,no STRING match,2410,2883,1,1
644,fig|6666666.1036479.peg.3207,fig|6666666.1036479.peg.1953,0.9046467959880828,0.0013075398759055323,Medium,Low,Low–Medium,,,0,no STRING match,no STRING match,2468,2935,1,1
645,fig|6666666.1036479.peg.866,fig|6666666.1036479.peg.1655,0.9045841276645661,0.0013095702173277458,High,Medium,Medium–High,,,0,no STRING match,no STRING match,2667,2882,1,1
646,fig|6666666.1036479.peg.3207,fig|6666666.1036479.peg.1080,0.9045296549797058,0.0013116005587499595,Medium,High,Medium–High,,,0,no STRING match,no STRING match,2468,2712,1,1
647,fig|6666666.1036479.peg.2679,fig|6666666.1036479.peg.861,0.9045040726661682,0.001313630900172173,Medium,High,Medium–High,,,0,no STRING match,no STRING match,2342,2665,1,1
648,fig|6666666.1036479.peg.861,fig|6666666.1036479.peg.942,0.9044517993927002,0.0013156612415943865,High,Very Low,Very Low–High,,,0,no STRING match,no STRING match,2665,2691,1,1
649,fig|6666666.1036479.peg.866,fig|6666666.1036479.peg.1617,0.9044019341468811,0.0013176915830166,High,Low,Low–High,,,0,no STRING match,no STRING match,2667,2864,1,2
650,fig|6666666.1036479.peg.866,fig|6666666.1036479.peg.1625,0.9044019341468811,0.0013197219244388137,High,Low,Low–High,,,0,no STRING match,no STRING match,2667,2864,1,2
651,fig|6666666.1036479.peg.2948,fig|6666666.1036479.peg.725,0.9043587148189545,0.0013217522658610272,High,Very Low,Very Low–High,,,0,no STRING match,no STRING match,2410,2636,1,1
652,fig|6666666.1036479.peg.2988,fig|6666666.1036479.peg.3222,0.9043307840824127,0.0013237826072832407,Medium,Medium,Medium–Medium,Hypothetical protein.,,0,secondary STRING hit (STRING protein assigned to a better match),no STRING match,2416,2473,1,2
653,fig|6666666.1036479.peg.2988,fig|6666666.1036479.peg.138,0.9043307840824127,0.0013258129487054543,Medium,Medium,Medium–Medium,Hypothetical protein.,,0,secondary STRING hit (STRING protein assigned to a better match),no STRING match,2416,2473,1,2
654,fig|6666666.1036479.peg.3020,fig|6666666.1036479.peg.38,0.9043273746967315,0.001327843290127668,Low,Low,Low–Low,,,0,no STRING match,no STRING match,2433,2526,1,2
655,fig|6666666.1036479.peg.3020,fig|6666666.1036479.peg.186,0.9043273746967315,0.0013298736315498815,Low,Low,Low–Low,,,0,no STRING match,no STRING match,2433,2526,1,2
656,fig|6666666.1036479.peg.3010,fig|6666666.1036479.peg.3207,0.904322338104248,0.001331903972972095,Low,Medium,Low–Medium,,,0,no STRING match,no STRING match,2425,2468,1,1
657,fig|6666666.1036479.peg.2948,fig|6666666.1036479.peg.1300,0.9042657852172852,0.0013339343143943085,High,Low,Low–High,,,0,no STRING match,no STRING match,2410,2763,1,1
658,fig|6666666.1036479.peg.3231,fig|6666666.1036479.peg.1947,0.9041485011577606,0.0013359646558165222,Very Low,Medium,Very Low–Medium,,,0,no STRING match,no STRING match,2482,2930,2,1
659,fig|6666666.1036479.peg.147,fig|6666666.1036479.peg.1947,0.9041485011577606,0.0013379949972387357,Very Low,Medium,Very Low–Medium,,,0,no STRING match,no STRING match,2482,2930,2,1
660,fig|6666666.1036479.peg.723,fig|6666666.1036479.peg.2348,0.904138320684433,0.0013400253386609492,High,High,High–High,,,0,no STRING match,no STRING match,2634,3019,1,1
661,fig|6666666.1036479.peg.48,fig|6666666.1036479.peg.861,0.9041262924671173,0.0013420556800831627,Medium,High,Medium–High,,,0,no STRING match,no STRING match,2536,2665,1,1
662,fig|6666666.1036479.peg.866,fig|6666666.1036479.peg.1409,0.904111635684967,0.0013440860215053765,High,Medium,Medium–High,,,0,no STRING match,no STRING match,2667,2812,1,1
663,fig|6666666.1036479.peg.2679,fig|6666666.1036479.peg.2348,0.9040734589099884,0.00134611636292759,Medium,High,Medium–High,,,0,no STRING match,no STRING match,2342,3019,1,1
664,fig|6666666.1036479.peg.1409,fig|6666666.1036479.peg.2348,0.9040340662002564,0.0013481467043498035,Medium,High,Medium–High,,,0,no STRING match,no STRING match,2812,3019,1,1
665,fig|6666666.1036479.peg.2548,fig|6666666.1036479.peg.48,0.9040267705917359,0.001350177045772017,High,Medium,Medium–High,,,0,no STRING match,no STRING match,2298,2536,1,1
666,fig|6666666.1036479.peg.3188,fig|6666666.1036479.peg.866,0.9040231108665466,0.0013522073871942307,Medium,High,Medium–High,,,0,no STRING match,no STRING match,2461,2667,1,1
667,fig|6666666.1036479.peg.3020,fig|6666666.1036479.peg.3254,0.9040063619613647,0.0013542377286164442,Low,High,Low–High,,,0,no STRING match,no STRING match,2433,2505,1,3
668,fig|6666666.1036479.peg.3020,fig|6666666.1036479.peg.22,0.9040063619613647,0.0013562680700386577,Low,High,Low–High,,,0,no STRING match,no STRING match,2433,2505,1,3
669,fig|6666666.1036479.peg.3020,fig|6666666.1036479.peg.170,0.9040063619613647,0.0013582984114608712,Low,High,Low–High,,,0,no STRING match,no STRING match,2433,2505,1,3
670,fig|6666666.1036479.peg.728,fig|6666666.1036479.peg.2092,0.9039557158946991,0.001360328752883085,Medium,Medium,Medium–Medium,,,0,no STRING match,no STRING match,2639,2954,1,1
671,fig|6666666.1036479.peg.3017,fig|6666666.1036479.peg.3020,0.9039506554603577,0.0013623590943052984,Medium,Low,Low–Medium,,,0,no STRING match,no STRING match,2430,2433,1,1
672,fig|6666666.1036479.peg.3008,fig|6666666.1036479.peg.3020,0.9039061784744262,0.001364389435727512,Medium,Low,Low–Medium,,,0,no STRING match,no STRING match,2423,2433,1,1
673,fig|6666666.1036479.peg.3184,fig|6666666.1036479.peg.1947,0.9038904190063477,0.0013664197771497254,Very Low,Medium,Very Low–Medium,,,0,no STRING match,no STRING match,2457,2930,1,1
674,fig|6666666.1036479.peg.2548,fig|6666666.1036479.peg.726,0.9038616061210633,0.0013684501185719392,High,Very Low,Very Low–High,,,0,no STRING match,no STRING match,2298,2637,1,1
675,fig|6666666.1036479.peg.861,fig|6666666.1036479.peg.885,0.9038541495800019,0.0013704804599941527,High,Medium,Medium–High,,,0,no STRING match,no STRING match,2665,2678,1,1
676,fig|6666666.1036479.peg.1655,fig|6666666.1036479.peg.2348,0.9037916779518127,0.0013725108014163662,Medium,High,Medium–High,,,0,no STRING match,no STRING match,2882,3019,1,1
677,fig|6666666.1036479.peg.3254,fig|6666666.1036479.peg.1947,0.90373375415802,0.0013745411428385797,High,Medium,Medium–High,,,0,no STRING match,no STRING match,2505,2930,3,1
678,fig|6666666.1036479.peg.22,fig|6666666.1036479.peg.1947,0.90373375415802,0.0013765714842607934,High,Medium,Medium–High,,,0,no STRING match,no STRING match,2505,2930,3,1
679,fig|6666666.1036479.peg.170,fig|6666666.1036479.peg.1947,0.90373375415802,0.001378601825683007,High,Medium,Medium–High,,,0,no STRING match,no STRING match,2505,2930,3,1
680,fig|6666666.1036479.peg.370,fig|6666666.1036479.peg.2114,0.9036918997764587,0.0013806321671052204,High,Very Low,Very Low–High,,"COG1629 Outer membrane receptor proteins, mostly Fe transport.",0,no STRING match,secondary STRING hit (STRING protein assigned to a better match),2579,2964,1,1
681,fig|6666666.1036479.peg.1946,fig|6666666.1036479.peg.1947,0.9036713898181915,0.001382662508527434,Medium,Medium,Medium–Medium,,,0,no STRING match,no STRING match,2929,2930,1,1
682,fig|6666666.1036479.peg.2672,fig|6666666.1036479.peg.2891,0.9036588549613953,0.0013846928499496476,Medium,Medium,Medium–Medium,,,0,no STRING match,no STRING match,2341,2390,1,1
683,fig|6666666.1036479.peg.2920,fig|6666666.1036479.peg.573,0.9036560833454133,0.0013867231913718611,Very Low,Very Low,Very Low–Very Low,,Hypothetical protein.,0,no STRING match,secondary STRING hit (STRING protein assigned to a better match),2397,2601,1,1
684,fig|6666666.1036479.peg.861,fig|6666666.1036479.peg.2454,0.9036122918128967,0.0013887535327940747,High,Medium,Medium–High,,,0,no STRING match,no STRING match,2665,3037,1,1
685,fig|6666666.1036479.peg.2532,fig|6666666.1036479.peg.861,0.903594583272934,0.0013907838742162882,Low,High,Low–High,,,0,no STRING match,no STRING match,2284,2665,4,1
686,fig|6666666.1036479.peg.3171,fig|6666666.1036479.peg.861,0.903594583272934,0.0013928142156385019,Low,High,Low–High,,,0,no STRING match,no STRING match,2284,2665,4,1
687,fig|6666666.1036479.peg.861,fig|6666666.1036479.peg.987,0.903594583272934,0.0013948445570607154,High,Low,Low–High,,,0,no STRING match,no STRING match,2665,2284,1,4
688,fig|6666666.1036479.peg.861,fig|6666666.1036479.peg.2492,0.903594583272934,0.0013968748984829289,High,Low,Low–High,,,0,no STRING match,no STRING match,2665,2284,1,4
689,fig|6666666.1036479.peg.2556,fig|6666666.1036479.peg.370,0.9035761296749115,0.0013989052399051424,High,High,High–High,,,0,no STRING match,no STRING match,2306,2579,2,1
690,fig|6666666.1036479.peg.2564,fig|6666666.1036479.peg.370,0.9035761296749115,0.0014009355813273561,High,High,High–High,,,0,no STRING match,no STRING match,2306,2579,2,1
691,fig|6666666.1036479.peg.3223,fig|6666666.1036479.peg.370,0.9035593211650849,0.0014029659227495696,High,High,High–High,,,0,no STRING match,no STRING match,2474,2579,2,1
692,fig|6666666.1036479.peg.139,fig|6666666.1036479.peg.370,0.9035593211650849,0.0014049962641717831,High,High,High–High,,,0,no STRING match,no STRING match,2474,2579,2,1
693,fig|6666666.1036479.peg.2843,fig|6666666.1036479.peg.1947,0.9035308659076691,0.0014070266055939966,Very Low,Medium,Very Low–Medium,,,0,no STRING match,no STRING match,2370,2930,1,1
694,fig|6666666.1036479.peg.881,fig|6666666.1036479.peg.1080,0.9034939110279083,0.0014090569470162104,High,High,High–High,,,0,no STRING match,no STRING match,2674,2712,1,1
695,fig|6666666.1036479.peg.2672,fig|6666666.1036479.peg.885,0.9034717738628387,0.0014110872884384239,Medium,Medium,Medium–Medium,,,0,no STRING match,no STRING match,2341,2678,1,1
696,fig|6666666.1036479.peg.2523,fig|6666666.1036479.peg.2348,0.9034546911716461,0.0014131176298606374,Low,High,Low–High,,,0,no STRING match,no STRING match,2282,3019,1,1
697,fig|6666666.1036479.peg.728,fig|6666666.1036479.peg.2455,0.9034238517284393,0.0014151479712828509,Medium,Medium,Medium–Medium,,,0,no STRING match,no STRING match,2639,3038,1,1
698,fig|6666666.1036479.peg.3020,fig|6666666.1036479.peg.1289,0.9034144639968872,0.0014171783127050646,Low,Very Low,Very Low–Low,,,0,no STRING match,no STRING match,2433,2762,1,1
699,fig|6666666.1036479.peg.3223,fig|6666666.1036479.peg.2348,0.9034022450447082,0.001419208654127278,High,High,High–High,,,0,no STRING match,no STRING match,2474,3019,2,1
700,fig|6666666.1036479.peg.139,fig|6666666.1036479.peg.2348,0.9034022450447082,0.0014212389955494916,High,High,High–High,,,0,no STRING match,no STRING match,2474,3019,2,1
701,fig|6666666.1036479.peg.2672,fig|6666666.1036479.peg.1127,0.9034018635749816,0.001423269336971705,Medium,Low,Low–Medium,,Hypothetical protein.,0,no STRING match,secondary STRING hit (STRING protein assigned to a better match),2341,2743,1,1
702,fig|6666666.1036479.peg.861,fig|6666666.1036479.peg.887,0.9034007430076599,0.0014252996783939188,High,Medium,Medium–High,,,0,no STRING match,no STRING match,2665,2680,1,1
703,fig|6666666.1036479.peg.2571,fig|6666666.1036479.peg.2672,0.9033165693283081,0.0014273300198161323,Medium,Medium,Medium–Medium,,,0,no STRING match,no STRING match,2316,2341,1,1
704,fig|6666666.1036479.peg.2548,fig|6666666.1036479.peg.2405,0.9032832086086273,0.0014293603612383458,High,Medium,Medium–High,,Hypothetical protein; COG0605 Superoxide dismutase.,0,no STRING match,secondary STRING hit (STRING protein assigned to a better match),2298,3029,1,1
705,fig|6666666.1036479.peg.2548,fig|6666666.1036479.peg.887,0.9032665252685547,0.0014313907026605593,High,Medium,Medium–High,,,0,no STRING match,no STRING match,2298,2680,1,1
706,fig|6666666.1036479.peg.2327,fig|6666666.1036479.peg.2348,0.9031898677349091,0.001433421044082773,Medium,High,Medium–High,,,0,no STRING match,no STRING match,3016,3019,1,1
707,fig|6666666.1036479.peg.866,fig|6666666.1036479.peg.2093,0.9031560361385346,0.0014354513855049866,High,Medium,Medium–High,,,0,no STRING match,no STRING match,2667,2955,1,1
708,fig|6666666.1036479.peg.2548,fig|6666666.1036479.peg.732,0.9031419336795807,0.0014374817269272,High,Medium,Medium–High,,,0,no STRING match,no STRING match,2298,2643,1,1
709,fig|6666666.1036479.peg.2571,fig|6666666.1036479.peg.861,0.903139454126358,0.0014395120683494136,Medium,High,Medium–High,,,0,no STRING match,no STRING match,2316,2665,1,1
710,fig|6666666.1036479.peg.2532,fig|6666666.1036479.peg.2348,0.9031394124031067,0.0014415424097716273,Low,High,Low–High,,,0,no STRING match,no STRING match,2284,3019,4,1
711,fig|6666666.1036479.peg.3171,fig|6666666.1036479.peg.2348,0.9031394124031067,0.0014435727511938408,Low,High,Low–High,,,0,no STRING match,no STRING match,2284,3019,4,1
712,fig|6666666.1036479.peg.987,fig|6666666.1036479.peg.2348,0.9031394124031067,0.0014456030926160543,Low,High,Low–High,,,0,no STRING match,no STRING match,2284,3019,4,1
713,fig|6666666.1036479.peg.2348,fig|6666666.1036479.peg.2492,0.9031394124031067,0.0014476334340382678,High,Low,Low–High,,,0,no STRING match,no STRING match,3019,2284,1,4
714,fig|6666666.1036479.peg.2672,fig|6666666.1036479.peg.236,0.9031375288963318,0.0014496637754604815,Medium,Very Low,Very Low–Medium,,,0,no STRING match,no STRING match,2341,2552,1,1
715,fig|6666666.1036479.peg.2843,fig|6666666.1036479.peg.3020,0.9030975282192231,0.001451694116882695,Very Low,Low,Very Low–Low,,,0,no STRING match,no STRING match,2370,2433,1,1
716,fig|6666666.1036479.peg.3222,fig|6666666.1036479.peg.2436,0.903096330165863,0.0014537244583049086,Medium,Medium,Medium–Medium,,,0,no STRING match,no STRING match,2473,3033,2,1
717,fig|6666666.1036479.peg.138,fig|6666666.1036479.peg.2436,0.903096330165863,0.001455754799727122,Medium,Medium,Medium–Medium,,,0,no STRING match,no STRING match,2473,3033,2,1
718,fig|6666666.1036479.peg.3207,fig|6666666.1036479.peg.3209,0.9030883133411407,0.0014577851411493358,Medium,Medium,Medium–Medium,,,0,no STRING match,no STRING match,2468,2469,1,1
719,fig|6666666.1036479.peg.2672,fig|6666666.1036479.peg.887,0.9030678153038025,0.0014598154825715493,Medium,Medium,Medium–Medium,,,0,no STRING match,no STRING match,2341,2680,1,1
720,fig|6666666.1036479.peg.866,fig|6666666.1036479.peg.2106,0.9030262589454651,0.0014618458239937628,High,High,High–High,,Hypothetical protein.,0,no STRING match,secondary STRING hit (STRING protein assigned to a better match),2667,2959,1,1
721,fig|6666666.1036479.peg.2988,fig|6666666.1036479.peg.725,0.9030218064785004,0.0014638761654159763,Medium,Very Low,Very Low–Medium,Hypothetical protein.,,0,secondary STRING hit (STRING protein assigned to a better match),no STRING match,2416,2636,1,1
722,fig|6666666.1036479.peg.3020,fig|6666666.1036479.peg.3231,0.9029588401317596,0.00146590650683819,Low,Very Low,Very Low–Low,,,0,no STRING match,no STRING match,2433,2482,1,2
723,fig|6666666.1036479.peg.3020,fig|6666666.1036479.peg.147,0.9029588401317596,0.0014679368482604035,Low,Very Low,Very Low–Low,,,0,no STRING match,no STRING match,2433,2482,1,2
724,fig|6666666.1036479.peg.3010,fig|6666666.1036479.peg.411,0.9029302597045898,0.001469967189682617,Low,Low,Low–Low,,Hypothetical protein.,0,no STRING match,secondary STRING hit (STRING protein assigned to a better match),2425,2585,1,1
725,fig|6666666.1036479.peg.3231,fig|6666666.1036479.peg.881,0.9028655827045441,0.0014719975311048305,Very Low,High,Very Low–High,,,0,no STRING match,no STRING match,2482,2674,2,1
726,fig|6666666.1036479.peg.147,fig|6666666.1036479.peg.881,0.9028655827045441,0.0014740278725270443,Very Low,High,Very Low–High,,,0,no STRING match,no STRING match,2482,2674,2,1
727,fig|6666666.1036479.peg.2556,fig|6666666.1036479.peg.3207,0.9028017938137054,0.0014760582139492578,High,Medium,Medium–High,,,0,no STRING match,no STRING match,2306,2468,2,1
728,fig|6666666.1036479.peg.2564,fig|6666666.1036479.peg.3207,0.9028017938137054,0.0014780885553714713,High,Medium,Medium–High,,,0,no STRING match,no STRING match,2306,2468,2,1
729,fig|6666666.1036479.peg.2535,fig|6666666.1036479.peg.2548,0.902747529745102,0.0014801188967936848,Very Low,High,Very Low–High,,,0,no STRING match,no STRING match,2285,2298,1,1
730,fig|6666666.1036479.peg.2506,fig|6666666.1036479.peg.2672,0.9026880204677582,0.0014821492382158985,Very Low,Medium,Very Low–Medium,,,0,no STRING match,no STRING match,2270,2341,6,1
731,fig|6666666.1036479.peg.2516,fig|6666666.1036479.peg.2672,0.9026880204677582,0.001484179579638112,Very Low,Medium,Very Low–Medium,,,0,no STRING match,no STRING match,2270,2341,6,1
732,fig|6666666.1036479.peg.2522,fig|6666666.1036479.peg.2672,0.9026880204677582,0.0014862099210603255,Very Low,Medium,Very Low–Medium,,,0,no STRING match,no STRING match,2270,2341,6,1
733,fig|6666666.1036479.peg.2672,fig|6666666.1036479.peg.974,0.9026880204677582,0.001488240262482539,Medium,Very Low,Very Low–Medium,,,0,no STRING match,no STRING match,2341,2270,1,6
734,fig|6666666.1036479.peg.2672,fig|6666666.1036479.peg.979,0.9026880204677582,0.0014902706039047527,Medium,Very Low,Very Low–Medium,,,0,no STRING match,no STRING match,2341,2270,1,6
735,fig|6666666.1036479.peg.2672,fig|6666666.1036479.peg.2491,0.9026880204677582,0.0014923009453269662,Medium,Very Low,Very Low–Medium,,,0,no STRING match,no STRING match,2341,2270,1,6
736,fig|6666666.1036479.peg.2948,fig|6666666.1036479.peg.719,0.9026870787143707,0.0014943312867491797,High,Medium,Medium–High,,,0,no STRING match,no STRING match,2410,2630,1,1
737,fig|6666666.1036479.peg.2891,fig|6666666.1036479.peg.861,0.9026672601699829,0.0014963616281713932,Medium,High,Medium–High,,,0,no STRING match,no STRING match,2390,2665,1,1
738,fig|6666666.1036479.peg.2506,fig|6666666.1036479.peg.866,0.9026576459407807,0.001498391969593607,Very Low,High,Very Low–High,,,0,no STRING match,no STRING match,2270,2667,6,1
739,fig|6666666.1036479.peg.2516,fig|6666666.1036479.peg.866,0.9026576459407807,0.0015004223110158205,Very Low,High,Very Low–High,,,0,no STRING match,no STRING match,2270,2667,6,1
740,fig|6666666.1036479.peg.2522,fig|6666666.1036479.peg.866,0.9026576459407807,0.001502452652438034,Very Low,High,Very Low–High,,,0,no STRING match,no STRING match,2270,2667,6,1
741,fig|6666666.1036479.peg.866,fig|6666666.1036479.peg.974,0.9026576459407807,0.0015044829938602475,High,Very Low,Very Low–High,,,0,no STRING match,no STRING match,2667,2270,1,6
742,fig|6666666.1036479.peg.866,fig|6666666.1036479.peg.979,0.9026576459407807,0.0015065133352824612,High,Very Low,Very Low–High,,,0,no STRING match,no STRING match,2667,2270,1,6
743,fig|6666666.1036479.peg.866,fig|6666666.1036479.peg.2491,0.9026576459407807,0.0015085436767046747,High,Very Low,Very Low–High,,,0,no STRING match,no STRING match,2667,2270,1,6
744,fig|6666666.1036479.peg.289,fig|6666666.1036479.peg.2348,0.9026431739330292,0.0015105740181268882,High,High,High–High,Hypothetical protein.,,0,secondary STRING hit (STRING protein assigned to a better match),no STRING match,2559,3019,1,1
745,fig|6666666.1036479.peg.2547,fig|6666666.1036479.peg.881,0.9026406049728394,0.0015126043595491017,Medium,High,Medium–High,,,0,no STRING match,no STRING match,2297,2674,1,1
746,fig|6666666.1036479.peg.370,fig|6666666.1036479.peg.1945,0.9025709867477417,0.0015146347009713154,High,Very Low,Very Low–High,,,0,no STRING match,no STRING match,2579,2928,1,1
747,fig|6666666.1036479.peg.36,fig|6666666.1036479.peg.370,0.9025700986385345,0.001516665042393529,Medium,High,Medium–High,,,0,no STRING match,no STRING match,2524,2579,2,1
748,fig|6666666.1036479.peg.184,fig|6666666.1036479.peg.370,0.9025700986385345,0.0015186953838157425,Medium,High,Medium–High,,,0,no STRING match,no STRING match,2524,2579,2,1
749,fig|6666666.1036479.peg.370,fig|6666666.1036479.peg.740,0.9025493025779724,0.001520725725237956,High,Very Low,Very Low–High,,,0,no STRING match,no STRING match,2579,2651,1,1
750,fig|6666666.1036479.peg.2920,fig|6666666.1036479.peg.2988,0.9025395214557648,0.0015227560666601697,Very Low,Medium,Very Low–Medium,,Hypothetical protein.,0,no STRING match,secondary STRING hit (STRING protein assigned to a better match),2397,2416,1,1
751,fig|6666666.1036479.peg.2960,fig|6666666.1036479.peg.3020,0.9025183320045471,0.0015247864080823832,Low,Low,Low–Low,,,0,no STRING match,no STRING match,2412,2433,1,1
752,fig|6666666.1036479.peg.2814,fig|6666666.1036479.peg.2348,0.9023875534534455,0.0015268167495045967,Very Low,High,Very Low–High,,,0,no STRING match,no STRING match,2358,3019,1,1
753,fig|6666666.1036479.peg.3184,fig|6666666.1036479.peg.370,0.902333801984787,0.0015288470909268102,Very Low,High,Very Low–High,,,0,no STRING match,no STRING match,2457,2579,1,1
754,fig|6666666.1036479.peg.3020,fig|6666666.1036479.peg.889,0.9021967887878418,0.001530877432349024,Low,Low,Low–Low,,,0,no STRING match,no STRING match,2433,2682,1,1
755,fig|6666666.1036479.peg.2548,fig|6666666.1036479.peg.3033,0.9021498143672944,0.0015329077737712374,High,Low,Low–High,,,0,no STRING match,no STRING match,2298,2437,1,1
756,fig|6666666.1036479.peg.2924,fig|6666666.1036479.peg.866,0.9020926117897033,0.001534938115193451,Very Low,High,Very Low–High,,,0,no STRING match,no STRING match,2401,2667,1,1
757,fig|6666666.1036479.peg.1410,fig|6666666.1036479.peg.1947,0.902056872844696,0.0015369684566156644,Medium,Medium,Medium–Medium,,,0,no STRING match,no STRING match,2813,2930,1,1
758,fig|6666666.1036479.peg.3188,fig|6666666.1036479.peg.3207,0.9020503461360931,0.0015389987980378782,Medium,Medium,Medium–Medium,,,0,no STRING match,no STRING match,2461,2468,1,1
759,fig|6666666.1036479.peg.2929,fig|6666666.1036479.peg.3020,0.9019830346107482,0.0015410291394600917,Very Low,Low,Very Low–Low,Hypothetical protein.,,0,secondary STRING hit (STRING protein assigned to a better match),no STRING match,2404,2433,1,1
760,fig|6666666.1036479.peg.2523,fig|6666666.1036479.peg.861,0.9019722282886505,0.0015430594808823052,Low,High,Low–High,,,0,no STRING match,no STRING match,2282,2665,1,1
761,fig|6666666.1036479.peg.2548,fig|6666666.1036479.peg.2891,0.9019622921943664,0.0015450898223045187,High,Medium,Medium–High,,,0,no STRING match,no STRING match,2298,2390,1,1
762,fig|6666666.1036479.peg.2517,fig|6666666.1036479.peg.2548,0.9019353747367859,0.0015471201637267324,Medium,High,Medium–High,,,0,no STRING match,no STRING match,2279,2298,1,1
763,fig|6666666.1036479.peg.1946,fig|6666666.1036479.peg.2348,0.901920634508133,0.001549150505148946,Medium,High,Medium–High,,,0,no STRING match,no STRING match,2929,3019,1,1
764,fig|6666666.1036479.peg.3017,fig|6666666.1036479.peg.1947,0.9018363654613495,0.0015511808465711594,Medium,Medium,Medium–Medium,,,0,no STRING match,no STRING match,2430,2930,1,1
765,fig|6666666.1036479.peg.2547,fig|6666666.1036479.peg.2364,0.9018331527709961,0.001553211187993373,Medium,Medium,Medium–Medium,,,0,no STRING match,no STRING match,2297,3022,1,1
766,fig|6666666.1036479.peg.2988,fig|6666666.1036479.peg.1657,0.9018195927143097,0.0015552415294155866,Medium,Medium,Medium–Medium,Hypothetical protein.,,0,secondary STRING hit (STRING protein assigned to a better match),no STRING match,2416,2883,1,1
767,fig|6666666.1036479.peg.3207,fig|6666666.1036479.peg.1409,0.9018083870410919,0.0015572718708378001,Medium,Medium,Medium–Medium,,,0,no STRING match,no STRING match,2468,2812,1,1
768,fig|6666666.1036479.peg.3020,fig|6666666.1036479.peg.1410,0.9018006682395935,0.0015593022122600136,Low,Medium,Low–Medium,,,0,no STRING match,no STRING match,2433,2813,1,1
769,fig|6666666.1036479.peg.2843,fig|6666666.1036479.peg.573,0.9017470836639404,0.0015613325536822271,Very Low,Very Low,Very Low–Very Low,,Hypothetical protein.,0,no STRING match,secondary STRING hit (STRING protein assigned to a better match),2370,2601,1,1
770,fig|6666666.1036479.peg.2623,fig|6666666.1036479.peg.2672,0.9017337679862976,0.0015633628951044409,Very Low,Medium,Very Low–Medium,,,0,no STRING match,no STRING match,2333,2341,1,1
771,fig|6666666.1036479.peg.3188,fig|6666666.1036479.peg.370,0.901732337474823,0.0015653932365266544,Medium,High,Medium–High,,,0,no STRING match,no STRING match,2461,2579,1,1
772,fig|6666666.1036479.peg.889,fig|6666666.1036479.peg.1947,0.9016968607902527,0.0015674235779488679,Low,Medium,Low–Medium,,,0,no STRING match,no STRING match,2682,2930,1,1
773,fig|6666666.1036479.peg.1617,fig|6666666.1036479.peg.2348,0.90162473320961,0.0015694539193710814,Low,High,Low–High,,,0,no STRING match,no STRING match,2864,3019,2,1
774,fig|6666666.1036479.peg.1625,fig|6666666.1036479.peg.2348,0.90162473320961,0.001571484260793295,Low,High,Low–High,,,0,no STRING match,no STRING match,2864,3019,2,1
775,fig|6666666.1036479.peg.2679,fig|6666666.1036479.peg.866,0.901587450504303,0.0015735146022155086,Medium,High,Medium–High,,,0,no STRING match,no STRING match,2342,2667,1,1
776,fig|6666666.1036479.peg.861,fig|6666666.1036479.peg.1127,0.9015808224678039,0.0015755449436377221,High,Low,Low–High,,Hypothetical protein.,0,no STRING match,secondary STRING hit (STRING protein assigned to a better match),2665,2743,1,1
777,fig|6666666.1036479.peg.3015,fig|6666666.1036479.peg.370,0.9015807151794434,0.0015775752850599356,Low,High,Low–High,,,0,no STRING match,no STRING match,2428,2579,1,1
778,fig|6666666.1036479.peg.2548,fig|6666666.1036479.peg.3213,0.9014952123165131,0.0015796056264821493,High,Very Low,Very Low–High,,,0,no STRING match,no STRING match,2298,2470,1,1
779,fig|6666666.1036479.peg.3207,fig|6666666.1036479.peg.723,0.9014544308185577,0.0015816359679043629,Medium,High,Medium–High,,,0,no STRING match,no STRING match,2468,2634,1,1
780,fig|6666666.1036479.peg.3017,fig|6666666.1036479.peg.1300,0.9014397501945496,0.0015836663093265764,Medium,Low,Low–Medium,,,0,no STRING match,no STRING match,2430,2763,1,1
781,fig|6666666.1036479.peg.3231,fig|6666666.1036479.peg.728,0.9013898372650146,0.0015856966507487899,Very Low,Medium,Very Low–Medium,,,0,no STRING match,no STRING match,2482,2639,2,1
782,fig|6666666.1036479.peg.147,fig|6666666.1036479.peg.728,0.9013898372650146,0.0015877269921710036,Very Low,Medium,Very Low–Medium,,,0,no STRING match,no STRING match,2482,2639,2,1
783,fig|6666666.1036479.peg.861,fig|6666666.1036479.peg.1566,0.901380717754364,0.001589757333593217,High,High,High–High,,,0,no STRING match,no STRING match,2665,2838,1,1
784,fig|6666666.1036479.peg.2548,fig|6666666.1036479.peg.1127,0.9013726472854614,0.0015917876750154306,High,Low,Low–High,,Hypothetical protein.,0,no STRING match,secondary STRING hit (STRING protein assigned to a better match),2298,2743,1,1
785,fig|6666666.1036479.peg.573,fig|6666666.1036479.peg.2455,0.9013197779655456,0.001593818016437644,Very Low,Medium,Very Low–Medium,Hypothetical protein.,,0,secondary STRING hit (STRING protein assigned to a better match),no STRING match,2601,3038,1,1
786,fig|6666666.1036479.peg.1566,fig|6666666.1036479.peg.2348,0.9012973070144653,0.0015958483578598578,High,High,High–High,,,0,no STRING match,no STRING match,2838,3019,1,1
787,fig|6666666.1036479.peg.2814,fig|6666666.1036479.peg.370,0.9012735188007355,0.0015978786992820713,Very Low,High,Very Low–High,,,0,no STRING match,no STRING match,2358,2579,1,1
788,fig|6666666.1036479.peg.2623,fig|6666666.1036479.peg.861,0.9012618839740754,0.0015999090407042848,Very Low,High,Very Low–High,,,0,no STRING match,no STRING match,2333,2665,1,1
789,fig|6666666.1036479.peg.3020,fig|6666666.1036479.peg.3184,0.9012469947338104,0.0016019393821264983,Low,Very Low,Very Low–Low,,,0,no STRING match,no STRING match,2433,2457,1,1
790,fig|6666666.1036479.peg.2548,fig|6666666.1036479.peg.724,0.9012340903282166,0.001603969723548712,High,Medium,Medium–High,,,0,no STRING match,no STRING match,2298,2635,1,1
791,fig|6666666.1036479.peg.36,fig|6666666.1036479.peg.1947,0.9012135446071625,0.0016060000649709256,Medium,Medium,Medium–Medium,,,0,no STRING match,no STRING match,2524,2930,2,1
792,fig|6666666.1036479.peg.184,fig|6666666.1036479.peg.1947,0.9012135446071625,0.001608030406393139,Medium,Medium,Medium–Medium,,,0,no STRING match,no STRING match,2524,2930,2,1
793,fig|6666666.1036479.peg.2623,fig|6666666.1036479.peg.2348,0.9011918425559997,0.0016100607478153526,Very Low,High,Very Low–High,,,0,no STRING match,no STRING match,2333,3019,1,1
794,fig|6666666.1036479.peg.314,fig|6666666.1036479.peg.861,0.9011387467384339,0.0016120910892375663,Very Low,High,Very Low–High,,,0,no STRING match,no STRING match,2572,2665,1,1
795,fig|6666666.1036479.peg.2548,fig|6666666.1036479.peg.314,0.9010694742202758,0.0016141214306597798,High,Very Low,Very Low–High,,,0,no STRING match,no STRING match,2298,2572,1,1
796,fig|6666666.1036479.peg.2948,fig|6666666.1036479.peg.2092,0.9010646045207977,0.0016161517720819933,High,Medium,Medium–High,,,0,no STRING match,no STRING match,2410,2954,1,1
797,fig|6666666.1036479.peg.2672,fig|6666666.1036479.peg.724,0.901051539182663,0.0016181821135042068,Medium,Medium,Medium–Medium,,,0,no STRING match,no STRING match,2341,2635,1,1
798,fig|6666666.1036479.peg.2672,fig|6666666.1036479.peg.1949,0.9010302245616912,0.0016202124549264205,Medium,Medium,Medium–Medium,,,0,no STRING match,no STRING match,2341,2932,1,1
799,fig|6666666.1036479.peg.2548,fig|6666666.1036479.peg.3077,0.9010075569152832,0.001622242796348634,High,Medium,Medium–High,,,0,no STRING match,no STRING match,2298,2440,1,1
800,fig|6666666.1036479.peg.411,fig|6666666.1036479.peg.2455,0.9009761691093445,0.0016242731377708475,Low,Medium,Low–Medium,Hypothetical protein.,,0,secondary STRING hit (STRING protein assigned to a better match),no STRING match,2585,3038,1,1
801,fig|6666666.1036479.peg.740,fig|6666666.1036479.peg.866,0.9009706676006317,0.001626303479193061,Very Low,High,Very Low–High,,,0,no STRING match,no STRING match,2651,2667,1,1
802,fig|6666666.1036479.peg.370,fig|6666666.1036479.peg.1953,0.9009317934513092,0.0016283338206152748,High,Low,Low–High,,,0,no STRING match,no STRING match,2579,2935,1,1
803,fig|6666666.1036479.peg.724,fig|6666666.1036479.peg.861,0.9008568704128266,0.0016303641620374883,Medium,High,Medium–High,,,0,no STRING match,no STRING match,2635,2665,1,1
804,fig|6666666.1036479.peg.236,fig|6666666.1036479.peg.861,0.9008349716663361,0.0016323945034597018,Very Low,High,Very Low–High,,,0,no STRING match,no STRING match,2552,2665,1,1
805,fig|6666666.1036479.peg.2988,fig|6666666.1036479.peg.1300,0.9007453739643096,0.0016344248448819153,Medium,Low,Low–Medium,Hypothetical protein.,,0,secondary STRING hit (STRING protein assigned to a better match),no STRING match,2416,2763,1,1
806,fig|6666666.1036479.peg.3207,fig|6666666.1036479.peg.2106,0.9007370471954346,0.001636455186304129,Medium,High,Medium–High,,Hypothetical protein.,0,no STRING match,secondary STRING hit (STRING protein assigned to a better match),2468,2959,1,1
807,fig|6666666.1036479.peg.2960,fig|6666666.1036479.peg.881,0.9006395399570465,0.0016384855277263425,Low,High,Low–High,,,0,no STRING match,no STRING match,2412,2674,1,1
808,fig|6666666.1036479.peg.370,fig|6666666.1036479.peg.1655,0.9004786074161529,0.001640515869148556,High,Medium,Medium–High,,,0,no STRING match,no STRING match,2579,2882,1,1
809,fig|6666666.1036479.peg.2929,fig|6666666.1036479.peg.1947,0.9004632234573364,0.0016425462105707695,Very Low,Medium,Very Low–Medium,Hypothetical protein.,,0,secondary STRING hit (STRING protein assigned to a better match),no STRING match,2404,2930,1,1
810,fig|6666666.1036479.peg.2988,fig|6666666.1036479.peg.719,0.9003900110721588,0.0016445765519929832,Medium,Medium,Medium–Medium,Hypothetical protein.,,0,secondary STRING hit (STRING protein assigned to a better match),no STRING match,2416,2630,1,1
811,fig|6666666.1036479.peg.3015,fig|6666666.1036479.peg.866,0.9003016233444214,0.0016466068934151968,Low,High,Low–High,,,0,no STRING match,no STRING match,2428,2667,1,1
812,fig|6666666.1036479.peg.2672,fig|6666666.1036479.peg.314,0.9003000676631927,0.0016486372348374103,Medium,Very Low,Very Low–Medium,,,0,no STRING match,no STRING match,2341,2572,1,1
813,fig|6666666.1036479.peg.3207,fig|6666666.1036479.peg.1655,0.9002752542495728,0.0016506675762596238,Medium,Medium,Medium–Medium,,,0,no STRING match,no STRING match,2468,2882,1,1
814,fig|6666666.1036479.peg.573,fig|6666666.1036479.peg.719,0.9002668380737304,0.0016526979176818375,Very Low,Medium,Very Low–Medium,Hypothetical protein.,,0,secondary STRING hit (STRING protein assigned to a better match),no STRING match,2601,2630,1,1
815,fig|6666666.1036479.peg.2672,fig|6666666.1036479.peg.2679,0.9002591252326966,0.001654728259104051,Medium,Medium,Medium–Medium,,,0,no STRING match,no STRING match,2341,2342,1,1
816,fig|6666666.1036479.peg.3231,fig|6666666.1036479.peg.1300,0.9002065300941468,0.0016567586005262645,Very Low,Low,Very Low–Low,,,0,no STRING match,no STRING match,2482,2763,2,1
817,fig|6666666.1036479.peg.147,fig|6666666.1036479.peg.1300,0.9002065300941468,0.001658788941948478,Very Low,Low,Very Low–Low,,,0,no STRING match,no STRING match,2482,2763,2,1
818,fig|6666666.1036479.peg.411,fig|6666666.1036479.peg.740,0.9001536726951599,0.0016608192833706917,Low,Very Low,Very Low–Low,Hypothetical protein.,,0,secondary STRING hit (STRING protein assigned to a better match),no STRING match,2585,2651,1,1
819,fig|6666666.1036479.peg.2548,fig|6666666.1036479.peg.2918,0.9001528441905975,0.0016628496247929052,High,Very Low,Very Low–High,,,0,no STRING match,no STRING match,2298,2396,1,1
820,fig|6666666.1036479.peg.2548,fig|6666666.1036479.peg.1494,0.9001443088054657,0.0016648799662151187,High,Very Low,Very Low–High,,,0,no STRING match,no STRING match,2298,2824,1,1
821,fig|6666666.1036479.peg.411,fig|6666666.1036479.peg.1410,0.9001430034637451,0.0016669103076373322,Low,Medium,Low–Medium,Hypothetical protein.,,0,secondary STRING hit (STRING protein assigned to a better match),no STRING match,2585,2813,1,1
822,fig|6666666.1036479.peg.3017,fig|6666666.1036479.peg.728,0.9001379191875458,0.001668940649059546,Medium,Medium,Medium–Medium,,,0,no STRING match,no STRING match,2430,2639,1,1
823,fig|6666666.1036479.peg.1945,fig|6666666.1036479.peg.1947,0.9000742733478546,0.0016709709904817595,Very Low,Medium,Very Low–Medium,,,0,no STRING match,no STRING match,2928,2930,1,1
824,fig|6666666.1036479.peg.2532,fig|6666666.1036479.peg.866,0.9000407099723816,0.001673001331903973,Low,High,Low–High,,,0,no STRING match,no STRING match,2284,2667,4,1
825,fig|6666666.1036479.peg.3171,fig|6666666.1036479.peg.866,0.9000407099723816,0.0016750316733261865,Low,High,Low–High,,,0,no STRING match,no STRING match,2284,2667,4,1
826,fig|6666666.1036479.peg.866,fig|6666666.1036479.peg.987,0.9000407099723816,0.0016770620147484002,High,Low,Low–High,,,0,no STRING match,no STRING match,2667,2284,1,4
827,fig|6666666.1036479.peg.866,fig|6666666.1036479.peg.2492,0.9000407099723816,0.0016790923561706137,High,Low,Low–High,,,0,no STRING match,no STRING match,2667,2284,1,4
828,fig|6666666.1036479.peg.1074,fig|6666666.1036479.peg.2348,0.9000255167484283,0.0016811226975928272,High,High,High–High,,,0,no STRING match,no STRING match,2706,3019,1,1
829,fig|6666666.1036479.peg.2960,fig|6666666.1036479.peg.1947,0.9000069677829743,0.0016831530390150407,Low,Medium,Low–Medium,,,0,no STRING match,no STRING match,2412,2930,1,1
830,fig|6666666.1036479.peg.2548,fig|6666666.1036479.peg.40,0.8999863505363465,0.0016851833804372544,High,Very Low,Very Low–High,,,0,no STRING match,no STRING match,2298,2528,1,2
831,fig|6666666.1036479.peg.2548,fig|6666666.1036479.peg.188,0.8999863505363465,0.001687213721859468,High,Very Low,Very Low–High,,,0,no STRING match,no STRING match,2298,2528,1,2
832,fig|6666666.1036479.peg.2532,fig|6666666.1036479.peg.2672,0.8999654352664948,0.0016892440632816814,Low,Medium,Low–Medium,,,0,no STRING match,no STRING match,2284,2341,4,1
833,fig|6666666.1036479.peg.2672,fig|6666666.1036479.peg.3171,0.8999654352664948,0.001691274404703895,Medium,Low,Low–Medium,,,0,no STRING match,no STRING match,2341,2284,1,4
834,fig|6666666.1036479.peg.2672,fig|6666666.1036479.peg.987,0.8999654352664948,0.0016933047461261087,Medium,Low,Low–Medium,,,0,no STRING match,no STRING match,2341,2284,1,4
835,fig|6666666.1036479.peg.2672,fig|6666666.1036479.peg.2492,0.8999654352664948,0.0016953350875483222,Medium,Low,Low–Medium,,,0,no STRING match,no STRING match,2341,2284,1,4
836,fig|6666666.1036479.peg.3020,fig|6666666.1036479.peg.36,0.8999134361743927,0.0016973654289705357,Low,Medium,Low–Medium,,,0,no STRING match,no STRING match,2433,2524,1,2
837,fig|6666666.1036479.peg.3020,fig|6666666.1036479.peg.184,0.8999134361743927,0.0016993957703927492,Low,Medium,Low–Medium,,,0,no STRING match,no STRING match,2433,2524,1,2
838,fig|6666666.1036479.peg.725,fig|6666666.1036479.peg.2364,0.8998795628547669,0.001701426111814963,Very Low,Medium,Very Low–Medium,,,0,no STRING match,no STRING match,2636,3022,1,1
839,fig|6666666.1036479.peg.3020,fig|6666666.1036479.peg.2114,0.8998679339885711,0.0017034564532371764,Low,Very Low,Very Low–Low,,"COG1629 Outer membrane receptor proteins, mostly Fe transport.",0,no STRING match,secondary STRING hit (STRING protein assigned to a better match),2433,2964,1,1
840,fig|6666666.1036479.peg.38,fig|6666666.1036479.peg.728,0.8998192012310028,0.00170548679465939,Low,Medium,Low–Medium,,,0,no STRING match,no STRING match,2526,2639,2,1
841,fig|6666666.1036479.peg.186,fig|6666666.1036479.peg.728,0.8998192012310028,0.0017075171360816034,Low,Medium,Low–Medium,,,0,no STRING match,no STRING match,2526,2639,2,1
842,fig|6666666.1036479.peg.370,fig|6666666.1036479.peg.723,0.8997646689414978,0.0017095474775038171,High,High,High–High,,,0,no STRING match,no STRING match,2579,2634,1,1
843,fig|6666666.1036479.peg.861,fig|6666666.1036479.peg.1949,0.8997518658638001,0.0017115778189260307,High,Medium,Medium–High,,,0,no STRING match,no STRING match,2665,2932,1,1
844,fig|6666666.1036479.peg.3209,fig|6666666.1036479.peg.411,0.8997487664222718,0.0017136081603482442,Medium,Low,Low–Medium,,Hypothetical protein.,0,no STRING match,secondary STRING hit (STRING protein assigned to a better match),2469,2585,1,1
845,fig|6666666.1036479.peg.2948,fig|6666666.1036479.peg.2455,0.8997429668903351,0.0017156385017704577,High,Medium,Medium–High,,,0,no STRING match,no STRING match,2410,3038,1,1
846,fig|6666666.1036479.peg.2509,fig|6666666.1036479.peg.370,0.8996583342552185,0.0017176688431926714,Very Low,High,Very Low–High,,,0,no STRING match,no STRING match,2273,2579,15,1
847,fig|6666666.1036479.peg.2513,fig|6666666.1036479.peg.370,0.8996583342552185,0.001719699184614885,Very Low,High,Very Low–High,,,0,no STRING match,no STRING match,2273,2579,15,1
848,fig|6666666.1036479.peg.2519,fig|6666666.1036479.peg.370,0.8996583342552185,0.0017217295260370984,Very Low,High,Very Low–High,,,0,no STRING match,no STRING match,2273,2579,15,1
849,fig|6666666.1036479.peg.2526,fig|6666666.1036479.peg.370,0.8996583342552185,0.001723759867459312,Very Low,High,Very Low–High,,,0,no STRING match,no STRING match,2273,2579,15,1
850,fig|6666666.1036479.peg.2530,fig|6666666.1036479.peg.370,0.8996583342552185,0.0017257902088815256,Very Low,High,Very Low–High,,,0,no STRING match,no STRING match,2273,2579,15,1
851,fig|6666666.1036479.peg.2534,fig|6666666.1036479.peg.370,0.8996583342552185,0.0017278205503037391,Very Low,High,Very Low–High,,,0,no STRING match,no STRING match,2273,2579,15,1
852,fig|6666666.1036479.peg.3173,fig|6666666.1036479.peg.370,0.8996583342552185,0.0017298508917259526,Very Low,High,Very Low–High,,,0,no STRING match,no STRING match,2273,2579,15,1
853,fig|6666666.1036479.peg.370,fig|6666666.1036479.peg.971,0.8996583342552185,0.0017318812331481661,High,Very Low,Very Low–High,,,0,no STRING match,no STRING match,2579,2273,1,15
854,fig|6666666.1036479.peg.370,fig|6666666.1036479.peg.976,0.8996583342552185,0.0017339115745703799,High,Very Low,Very Low–High,,,0,no STRING match,no STRING match,2579,2273,1,15
855,fig|6666666.1036479.peg.370,fig|6666666.1036479.peg.981,0.8996583342552185,0.0017359419159925934,High,Very Low,Very Low–High,,,0,no STRING match,no STRING match,2579,2273,1,15
856,fig|6666666.1036479.peg.370,fig|6666666.1036479.peg.985,0.8996583342552185,0.0017379722574148069,High,Very Low,Very Low–High,,,0,no STRING match,no STRING match,2579,2273,1,15
857,fig|6666666.1036479.peg.370,fig|6666666.1036479.peg.989,0.8996583342552185,0.0017400025988370204,High,Very Low,Very Low–High,,,0,no STRING match,no STRING match,2579,2273,1,15
858,fig|6666666.1036479.peg.370,fig|6666666.1036479.peg.2489,0.8996583342552185,0.001742032940259234,High,Very Low,Very Low–High,,,0,no STRING match,no STRING match,2579,2273,1,15
859,fig|6666666.1036479.peg.370,fig|6666666.1036479.peg.2494,0.8996583342552185,0.0017440632816814476,High,Very Low,Very Low–High,,,0,no STRING match,no STRING match,2579,2273,1,15
860,fig|6666666.1036479.peg.370,fig|6666666.1036479.peg.2498,0.8996583342552185,0.0017460936231036611,High,Very Low,Very Low–High,,,0,no STRING match,no STRING match,2579,2273,1,15
861,fig|6666666.1036479.peg.3207,fig|6666666.1036479.peg.1617,0.8996469795703887,0.0017481239645258746,Medium,Low,Low–Medium,,,0,no STRING match,no STRING match,2468,2864,1,2
862,fig|6666666.1036479.peg.3207,fig|6666666.1036479.peg.1625,0.8996469795703887,0.0017501543059480883,Medium,Low,Low–Medium,,,0,no STRING match,no STRING match,2468,2864,1,2
863,fig|6666666.1036479.peg.2504,fig|6666666.1036479.peg.411,0.8996174335479736,0.0017521846473703018,Very Low,Low,Very Low–Low,,Hypothetical protein.,0,no STRING match,secondary STRING hit (STRING protein assigned to a better match),2268,2585,1,1
864,fig|6666666.1036479.peg.3020,fig|6666666.1036479.peg.720,0.8995899617671966,0.0017542149887925153,Low,High,Low–High,,,0,no STRING match,no STRING match,2433,2631,1,1
865,fig|6666666.1036479.peg.2539,fig|6666666.1036479.peg.2548,0.8995468080043793,0.0017562453302147289,Low,High,Low–High,,,0,no STRING match,no STRING match,2289,2298,1,1
866,fig|6666666.1036479.peg.1308,fig|6666666.1036479.peg.2436,0.8994282484054565,0.0017582756716369426,Medium,Medium,Medium–Medium,,,0,no STRING match,no STRING match,2764,3033,1,1
867,fig|6666666.1036479.peg.38,fig|6666666.1036479.peg.881,0.8993706047534943,0.001760306013059156,Low,High,Low–High,,,0,no STRING match,no STRING match,2526,2674,2,1
868,fig|6666666.1036479.peg.186,fig|6666666.1036479.peg.881,0.8993706047534943,0.0017623363544813696,Low,High,Low–High,,,0,no STRING match,no STRING match,2526,2674,2,1
869,fig|6666666.1036479.peg.289,fig|6666666.1036479.peg.866,0.8993463635444641,0.001764366695903583,High,High,High–High,Hypothetical protein.,,0,secondary STRING hit (STRING protein assigned to a better match),no STRING match,2559,2667,1,1
870,fig|6666666.1036479.peg.3254,fig|6666666.1036479.peg.728,0.8993285834789276,0.0017663970373257968,High,Medium,Medium–High,,,0,no STRING match,no STRING match,2505,2639,3,1
871,fig|6666666.1036479.peg.22,fig|6666666.1036479.peg.728,0.8993285834789276,0.0017684273787480103,High,Medium,Medium–High,,,0,no STRING match,no STRING match,2505,2639,3,1
872,fig|6666666.1036479.peg.170,fig|6666666.1036479.peg.728,0.8993285834789276,0.0017704577201702238,High,Medium,Medium–High,,,0,no STRING match,no STRING match,2505,2639,3,1
873,fig|6666666.1036479.peg.3020,fig|6666666.1036479.peg.1946,0.899327689409256,0.0017724880615924373,Low,Medium,Low–Medium,,,0,no STRING match,no STRING match,2433,2929,1,1
874,fig|6666666.1036479.peg.866,fig|6666666.1036479.peg.1566,0.8993208587169648,0.001774518403014651,High,High,High–High,,,0,no STRING match,no STRING match,2667,2838,1,1
875,fig|6666666.1036479.peg.3020,fig|6666666.1036479.peg.1945,0.899288946390152,0.0017765487444368646,Low,Very Low,Very Low–Low,,,0,no STRING match,no STRING match,2433,2928,1,1
876,fig|6666666.1036479.peg.2672,fig|6666666.1036479.peg.729,0.8991473495960236,0.001778579085859078,Medium,Medium,Medium–Medium,,,0,no STRING match,no STRING match,2341,2640,1,1
877,fig|6666666.1036479.peg.2547,fig|6666666.1036479.peg.1300,0.8991116285324097,0.0017806094272812916,Medium,Low,Low–Medium,,,0,no STRING match,no STRING match,2297,2763,1,1
878,fig|6666666.1036479.peg.2814,fig|6666666.1036479.peg.861,0.899044007062912,0.0017826397687035053,Very Low,High,Very Low–High,,,0,no STRING match,no STRING match,2358,2665,1,1
879,fig|6666666.1036479.peg.866,fig|6666666.1036479.peg.2327,0.8989779651165009,0.0017846701101257188,High,Medium,Medium–High,,,0,no STRING match,no STRING match,2667,3016,1,1
880,fig|6666666.1036479.peg.370,fig|6666666.1036479.peg.2106,0.8989327251911163,0.0017867004515479323,High,High,High–High,,Hypothetical protein.,0,no STRING match,secondary STRING hit (STRING protein assigned to a better match),2579,2959,1,1
881,fig|6666666.1036479.peg.2509,fig|6666666.1036479.peg.411,0.8988617658615112,0.0017887307929701458,Very Low,Low,Very Low–Low,,Hypothetical protein.,0,no STRING match,secondary STRING hit (STRING protein assigned to a better match),2273,2585,15,1
882,fig|6666666.1036479.peg.2513,fig|6666666.1036479.peg.411,0.8988617658615112,0.0017907611343923595,Very Low,Low,Very Low–Low,,Hypothetical protein.,0,no STRING match,secondary STRING hit (STRING protein assigned to a better match),2273,2585,15,1
883,fig|6666666.1036479.peg.2519,fig|6666666.1036479.peg.411,0.8988617658615112,0.001792791475814573,Very Low,Low,Very Low–Low,,Hypothetical protein.,0,no STRING match,secondary STRING hit (STRING protein assigned to a better match),2273,2585,15,1
884,fig|6666666.1036479.peg.2526,fig|6666666.1036479.peg.411,0.8988617658615112,0.0017948218172367865,Very Low,Low,Very Low–Low,,Hypothetical protein.,0,no STRING match,secondary STRING hit (STRING protein assigned to a better match),2273,2585,15,1
885,fig|6666666.1036479.peg.2530,fig|6666666.1036479.peg.411,0.8988617658615112,0.001796852158659,Very Low,Low,Very Low–Low,,Hypothetical protein.,0,no STRING match,secondary STRING hit (STRING protein assigned to a better match),2273,2585,15,1
886,fig|6666666.1036479.peg.2534,fig|6666666.1036479.peg.411,0.8988617658615112,0.0017988825000812138,Very Low,Low,Very Low–Low,,Hypothetical protein.,0,no STRING match,secondary STRING hit (STRING protein assigned to a better match),2273,2585,15,1
887,fig|6666666.1036479.peg.3173,fig|6666666.1036479.peg.411,0.8988617658615112,0.0018009128415034273,Very Low,Low,Very Low–Low,,Hypothetical protein.,0,no STRING match,secondary STRING hit (STRING protein assigned to a better match),2273,2585,15,1
888,fig|6666666.1036479.peg.411,fig|6666666.1036479.peg.971,0.8988617658615112,0.0018029431829256408,Low,Very Low,Very Low–Low,Hypothetical protein.,,0,secondary STRING hit (STRING protein assigned to a better match),no STRING match,2585,2273,1,15
889,fig|6666666.1036479.peg.411,fig|6666666.1036479.peg.976,0.8988617658615112,0.0018049735243478543,Low,Very Low,Very Low–Low,Hypothetical protein.,,0,secondary STRING hit (STRING protein assigned to a better match),no STRING match,2585,2273,1,15
890,fig|6666666.1036479.peg.411,fig|6666666.1036479.peg.981,0.8988617658615112,0.001807003865770068,Low,Very Low,Very Low–Low,Hypothetical protein.,,0,secondary STRING hit (STRING protein assigned to a better match),no STRING match,2585,2273,1,15
891,fig|6666666.1036479.peg.411,fig|6666666.1036479.peg.985,0.8988617658615112,0.0018090342071922815,Low,Very Low,Very Low–Low,Hypothetical protein.,,0,secondary STRING hit (STRING protein assigned to a better match),no STRING match,2585,2273,1,15
892,fig|6666666.1036479.peg.411,fig|6666666.1036479.peg.989,0.8988617658615112,0.001811064548614495,Low,Very Low,Very Low–Low,Hypothetical protein.,,0,secondary STRING hit (STRING protein assigned to a better match),no STRING match,2585,2273,1,15
893,fig|6666666.1036479.peg.411,fig|6666666.1036479.peg.2489,0.8988617658615112,0.0018130948900367085,Low,Very Low,Very Low–Low,Hypothetical protein.,,0,secondary STRING hit (STRING protein assigned to a better match),no STRING match,2585,2273,1,15
894,fig|6666666.1036479.peg.411,fig|6666666.1036479.peg.2494,0.8988617658615112,0.0018151252314589222,Low,Very Low,Very Low–Low,Hypothetical protein.,,0,secondary STRING hit (STRING protein assigned to a better match),no STRING match,2585,2273,1,15
895,fig|6666666.1036479.peg.411,fig|6666666.1036479.peg.2498,0.8988617658615112,0.0018171555728811357,Low,Very Low,Very Low–Low,Hypothetical protein.,,0,secondary STRING hit (STRING protein assigned to a better match),no STRING match,2585,2273,1,15
896,fig|6666666.1036479.peg.728,fig|6666666.1036479.peg.1289,0.898846709728241,0.0018191859143033492,Medium,Very Low,Very Low–Medium,,,0,no STRING match,no STRING match,2639,2762,1,1
897,fig|6666666.1036479.peg.3254,fig|6666666.1036479.peg.411,0.8988131761550904,0.0018212162557255628,High,Low,Low–High,,Hypothetical protein.,0,no STRING match,secondary STRING hit (STRING protein assigned to a better match),2505,2585,3,1
898,fig|6666666.1036479.peg.22,fig|6666666.1036479.peg.411,0.8988131761550904,0.0018232465971477765,High,Low,Low–High,,Hypothetical protein.,0,no STRING match,secondary STRING hit (STRING protein assigned to a better match),2505,2585,3,1
899,fig|6666666.1036479.peg.170,fig|6666666.1036479.peg.411,0.8988131761550904,0.00182527693856999,High,Low,Low–High,,Hypothetical protein.,0,no STRING match,secondary STRING hit (STRING protein assigned to a better match),2505,2585,3,1
900,fig|6666666.1036479.peg.3207,fig|6666666.1036479.peg.2093,0.8987481415271759,0.0018273072799922035,Medium,Medium,Medium–Medium,,,0,no STRING match,no STRING match,2468,2955,1,1
901,fig|6666666.1036479.peg.2548,fig|6666666.1036479.peg.2454,0.8987222790718079,0.001829337621414417,High,Medium,Medium–High,,,0,no STRING match,no STRING match,2298,3037,1,1
902,fig|6666666.1036479.peg.3222,fig|6666666.1036479.peg.2092,0.8986792862415314,0.0018313679628366307,Medium,Medium,Medium–Medium,,,0,no STRING match,no STRING match,2473,2954,2,1
903,fig|6666666.1036479.peg.138,fig|6666666.1036479.peg.2092,0.8986792862415314,0.0018333983042588442,Medium,Medium,Medium–Medium,,,0,no STRING match,no STRING match,2473,2954,2,1
904,fig|6666666.1036479.peg.1947,fig|6666666.1036479.peg.1953,0.8985531151294708,0.0018354286456810577,Medium,Low,Low–Medium,,,0,no STRING match,no STRING match,2930,2935,1,1
905,fig|6666666.1036479.peg.2523,fig|6666666.1036479.peg.866,0.898494303226471,0.0018374589871032712,Low,High,Low–High,,,0,no STRING match,no STRING match,2282,2667,1,1
906,fig|6666666.1036479.peg.3244,fig|6666666.1036479.peg.1954,0.898491483926773,0.001839489328525485,Very Low,Low,Very Low–Low,,,0,no STRING match,no STRING match,2495,2936,3,1
907,fig|6666666.1036479.peg.12,fig|6666666.1036479.peg.1954,0.898491483926773,0.0018415196699476985,Very Low,Low,Very Low–Low,,,0,no STRING match,no STRING match,2495,2936,3,1
908,fig|6666666.1036479.peg.160,fig|6666666.1036479.peg.1954,0.898491483926773,0.001843550011369912,Very Low,Low,Very Low–Low,,,0,no STRING match,no STRING match,2495,2936,3,1
909,fig|6666666.1036479.peg.370,fig|6666666.1036479.peg.1074,0.898490571975708,0.0018455803527921255,High,High,High–High,,,0,no STRING match,no STRING match,2579,2706,1,1
910,fig|6666666.1036479.peg.2843,fig|6666666.1036479.peg.370,0.8983743965625763,0.0018476106942143392,Very Low,High,Very Low–High,,,0,no STRING match,no STRING match,2370,2579,1,1
911,fig|6666666.1036479.peg.2988,fig|6666666.1036479.peg.2092,0.8983699023723603,0.0018496410356365527,Medium,Medium,Medium–Medium,Hypothetical protein.,,0,secondary STRING hit (STRING protein assigned to a better match),no STRING match,2416,2954,1,1
912,fig|6666666.1036479.peg.2672,fig|6666666.1036479.peg.1894,0.8983663976192474,0.0018516713770587662,Medium,Medium,Medium–Medium,,Hypothetical protein.,0,no STRING match,secondary STRING hit (STRING protein assigned to a better match),2341,2912,1,1
913,fig|6666666.1036479.peg.89,fig|6666666.1036479.peg.411,0.8983240306377411,0.0018537017184809797,Very Low,Low,Very Low–Low,,Hypothetical protein.,0,no STRING match,secondary STRING hit (STRING protein assigned to a better match),2542,2585,1,1
914,fig|6666666.1036479.peg.3010,fig|6666666.1036479.peg.3020,0.898313456773758,0.0018557320599031934,Low,Low,Low–Low,,,0,no STRING match,no STRING match,2425,2433,1,1
915,fig|6666666.1036479.peg.1657,fig|6666666.1036479.peg.2364,0.8982879757881165,0.001857762401325407,Medium,Medium,Medium–Medium,,,0,no STRING match,no STRING match,2883,3022,1,1
916,fig|6666666.1036479.peg.1947,fig|6666666.1036479.peg.2114,0.8982714831829071,0.0018597927427476204,Medium,Very Low,Very Low–Medium,,"COG1629 Outer membrane receptor proteins, mostly Fe transport.",0,no STRING match,secondary STRING hit (STRING protein assigned to a better match),2930,2964,1,1
917,fig|6666666.1036479.peg.1943,fig|6666666.1036479.peg.2348,0.8982682645320892,0.001861823084169834,Medium,High,Medium–High,COG3103 SH3 domain protein.,,0,secondary STRING hit (STRING protein assigned to a better match),no STRING match,2926,3019,1,1
918,fig|6666666.1036479.peg.289,fig|6666666.1036479.peg.370,0.8982302188873291,0.0018638534255920477,High,High,High–High,Hypothetical protein.,,0,secondary STRING hit (STRING protein assigned to a better match),no STRING match,2559,2579,1,1
919,fig|6666666.1036479.peg.3008,fig|6666666.1036479.peg.728,0.8982113480567933,0.0018658837670142612,Medium,Medium,Medium–Medium,,,0,no STRING match,no STRING match,2423,2639,1,1
920,fig|6666666.1036479.peg.2509,fig|6666666.1036479.peg.861,0.898168933391571,0.0018679141084364747,Very Low,High,Very Low–High,,,0,no STRING match,no STRING match,2273,2665,15,1
921,fig|6666666.1036479.peg.2513,fig|6666666.1036479.peg.861,0.898168933391571,0.0018699444498586882,Very Low,High,Very Low–High,,,0,no STRING match,no STRING match,2273,2665,15,1
922,fig|6666666.1036479.peg.2519,fig|6666666.1036479.peg.861,0.898168933391571,0.001871974791280902,Very Low,High,Very Low–High,,,0,no STRING match,no STRING match,2273,2665,15,1
923,fig|6666666.1036479.peg.2526,fig|6666666.1036479.peg.861,0.898168933391571,0.0018740051327031154,Very Low,High,Very Low–High,,,0,no STRING match,no STRING match,2273,2665,15,1
924,fig|6666666.1036479.peg.2530,fig|6666666.1036479.peg.861,0.898168933391571,0.001876035474125329,Very Low,High,Very Low–High,,,0,no STRING match,no STRING match,2273,2665,15,1
925,fig|6666666.1036479.peg.2534,fig|6666666.1036479.peg.861,0.898168933391571,0.0018780658155475424,Very Low,High,Very Low–High,,,0,no STRING match,no STRING match,2273,2665,15,1
926,fig|6666666.1036479.peg.3173,fig|6666666.1036479.peg.861,0.898168933391571,0.0018800961569697561,Very Low,High,Very Low–High,,,0,no STRING match,no STRING match,2273,2665,15,1
927,fig|6666666.1036479.peg.861,fig|6666666.1036479.peg.971,0.898168933391571,0.0018821264983919696,High,Very Low,Very Low–High,,,0,no STRING match,no STRING match,2665,2273,1,15
928,fig|6666666.1036479.peg.861,fig|6666666.1036479.peg.976,0.898168933391571,0.0018841568398141832,High,Very Low,Very Low–High,,,0,no STRING match,no STRING match,2665,2273,1,15
929,fig|6666666.1036479.peg.861,fig|6666666.1036479.peg.981,0.898168933391571,0.0018861871812363967,High,Very Low,Very Low–High,,,0,no STRING match,no STRING match,2665,2273,1,15
930,fig|6666666.1036479.peg.861,fig|6666666.1036479.peg.985,0.898168933391571,0.0018882175226586104,High,Very Low,Very Low–High,,,0,no STRING match,no STRING match,2665,2273,1,15
931,fig|6666666.1036479.peg.861,fig|6666666.1036479.peg.989,0.898168933391571,0.0018902478640808239,High,Very Low,Very Low–High,,,0,no STRING match,no STRING match,2665,2273,1,15
932,fig|6666666.1036479.peg.861,fig|6666666.1036479.peg.2489,0.898168933391571,0.0018922782055030374,High,Very Low,Very Low–High,,,0,no STRING match,no STRING match,2665,2273,1,15
933,fig|6666666.1036479.peg.861,fig|6666666.1036479.peg.2494,0.898168933391571,0.001894308546925251,High,Very Low,Very Low–High,,,0,no STRING match,no STRING match,2665,2273,1,15
934,fig|6666666.1036479.peg.861,fig|6666666.1036479.peg.2498,0.898168933391571,0.0018963388883474646,High,Very Low,Very Low–High,,,0,no STRING match,no STRING match,2665,2273,1,15
935,fig|6666666.1036479.peg.2929,fig|6666666.1036479.peg.728,0.8981639444828033,0.0018983692297696781,Very Low,Medium,Very Low–Medium,Hypothetical protein.,,0,secondary STRING hit (STRING protein assigned to a better match),no STRING match,2404,2639,1,1
936,fig|6666666.1036479.peg.866,fig|6666666.1036479.peg.942,0.8981436848640442,0.0019003995711918916,High,Very Low,Very Low–High,,,0,no STRING match,no STRING match,2667,2691,1,1
937,fig|6666666.1036479.peg.370,fig|6666666.1036479.peg.2327,0.8981192648410797,0.0019024299126141051,High,Medium,Medium–High,,,0,no STRING match,no STRING match,2579,3016,1,1
938,fig|6666666.1036479.peg.3015,fig|6666666.1036479.peg.411,0.8979943931102753,0.0019044602540363189,Low,Low,Low–Low,,Hypothetical protein.,0,no STRING match,secondary STRING hit (STRING protein assigned to a better match),2428,2585,1,1
939,fig|6666666.1036479.peg.370,fig|6666666.1036479.peg.1409,0.8979862689971924,0.0019064905954585324,High,Medium,Medium–High,,,0,no STRING match,no STRING match,2579,2812,1,1
940,fig|6666666.1036479.peg.2547,fig|6666666.1036479.peg.2436,0.8979515492916107,0.0019085209368807459,Medium,Medium,Medium–Medium,,,0,no STRING match,no STRING match,2297,3033,1,1
941,fig|6666666.1036479.peg.2960,fig|6666666.1036479.peg.728,0.8979471087455749,0.0019105512783029594,Low,Medium,Low–Medium,,,0,no STRING match,no STRING match,2412,2639,1,1
942,fig|6666666.1036479.peg.2623,fig|6666666.1036479.peg.411,0.8979312956333161,0.001912581619725173,Very Low,Low,Very Low–Low,,Hypothetical protein.,0,no STRING match,secondary STRING hit (STRING protein assigned to a better match),2333,2585,1,1
943,fig|6666666.1036479.peg.411,fig|6666666.1036479.peg.2114,0.8978981137275696,0.0019146119611473866,Low,Very Low,Very Low–Low,Hypothetical protein.,"COG1629 Outer membrane receptor proteins, mostly Fe transport.",0,secondary STRING hit (STRING protein assigned to a better match),secondary STRING hit (STRING protein assigned to a better match),2585,2964,1,1
944,fig|6666666.1036479.peg.817,fig|6666666.1036479.peg.2348,0.8978753685951233,0.0019166423025696,Low,High,Low–High,Phospholipid/glycerol acyltransferase; COG4258 Predicted exporter.,,0,secondary STRING hit (STRING protein assigned to a better match),no STRING match,2663,3019,1,1
945,fig|6666666.1036479.peg.2672,fig|6666666.1036479.peg.817,0.8978622794151306,0.0019186726439918136,Medium,Low,Low–Medium,,Phospholipid/glycerol acyltransferase; COG4258 Predicted exporter.,0,no STRING match,secondary STRING hit (STRING protein assigned to a better match),2341,2663,1,1
946,fig|6666666.1036479.peg.3223,fig|6666666.1036479.peg.411,0.8978514730930328,0.0019207029854140273,High,Low,Low–High,,Hypothetical protein.,0,no STRING match,secondary STRING hit (STRING protein assigned to a better match),2474,2585,2,1
947,fig|6666666.1036479.peg.139,fig|6666666.1036479.peg.411,0.8978514730930328,0.0019227333268362408,High,Low,Low–High,,Hypothetical protein.,0,no STRING match,secondary STRING hit (STRING protein assigned to a better match),2474,2585,2,1
948,fig|6666666.1036479.peg.3020,fig|6666666.1036479.peg.1953,0.8978393137454986,0.0019247636682584543,Low,Low,Low–Low,,,0,no STRING match,no STRING match,2433,2935,1,1
949,fig|6666666.1036479.peg.370,fig|6666666.1036479.peg.1946,0.8978357553482056,0.0019267940096806678,High,Medium,Medium–High,,,0,no STRING match,no STRING match,2579,2929,1,1
950,fig|6666666.1036479.peg.2924,fig|6666666.1036479.peg.3207,0.8977115869522094,0.0019288243511028816,Very Low,Medium,Very Low–Medium,,,0,no STRING match,no STRING match,2401,2468,1,1
951,fig|6666666.1036479.peg.2093,fig|6666666.1036479.peg.2348,0.8977041721343995,0.001930854692525095,Medium,High,Medium–High,,,0,no STRING match,no STRING match,2955,3019,1,1
952,fig|6666666.1036479.peg.2523,fig|6666666.1036479.peg.2672,0.897631561756134,0.0019328850339473086,Low,Medium,Low–Medium,,,0,no STRING match,no STRING match,2282,2341,1,1
953,fig|6666666.1036479.peg.3015,fig|6666666.1036479.peg.3207,0.8976156353950501,0.001934915375369522,Low,Medium,Low–Medium,,,0,no STRING match,no STRING match,2428,2468,1,1
954,fig|6666666.1036479.peg.2924,fig|6666666.1036479.peg.2348,0.8975879848003387,0.0019369457167917358,Very Low,High,Very Low–High,,,0,no STRING match,no STRING match,2401,3019,1,1
955,fig|6666666.1036479.peg.2548,fig|6666666.1036479.peg.2025,0.8975140392780304,0.0019389760582139493,High,Very Low,Very Low–High,,,0,no STRING match,no STRING match,2298,2950,1,1
956,fig|6666666.1036479.peg.38,fig|6666666.1036479.peg.1300,0.8974991202354431,0.0019410063996361628,Low,Low,Low–Low,,,0,no STRING match,no STRING match,2526,2763,2,1
957,fig|6666666.1036479.peg.186,fig|6666666.1036479.peg.1300,0.8974991202354431,0.0019430367410583763,Low,Low,Low–Low,,,0,no STRING match,no STRING match,2526,2763,2,1
958,fig|6666666.1036479.peg.2547,fig|6666666.1036479.peg.1308,0.8974908232688904,0.00194506708248059,Medium,Medium,Medium–Medium,,,0,no STRING match,no STRING match,2297,2764,1,1
959,fig|6666666.1036479.peg.2988,fig|6666666.1036479.peg.2455,0.8974536955356598,0.0019470974239028035,Medium,Medium,Medium–Medium,Hypothetical protein.,,0,secondary STRING hit (STRING protein assigned to a better match),no STRING match,2416,3038,1,1
960,fig|6666666.1036479.peg.866,fig|6666666.1036479.peg.1962,0.8974157035350799,0.001949127765325017,High,Medium,Medium–High,,,0,no STRING match,no STRING match,2667,2944,1,1
961,fig|6666666.1036479.peg.729,fig|6666666.1036479.peg.861,0.8973695874214173,0.0019511581067472306,Medium,High,Medium–High,,,0,no STRING match,no STRING match,2640,2665,1,1
962,fig|6666666.1036479.peg.881,fig|6666666.1036479.peg.1308,0.8973453640937805,0.001953188448169444,High,Medium,Medium–High,,,0,no STRING match,no STRING match,2674,2764,1,1
963,fig|6666666.1036479.peg.2556,fig|6666666.1036479.peg.1947,0.8973426222801208,0.0019552187895916576,High,Medium,Medium–High,,,0,no STRING match,no STRING match,2306,2930,2,1
964,fig|6666666.1036479.peg.2564,fig|6666666.1036479.peg.1947,0.8973426222801208,0.0019572491310138715,High,Medium,Medium–High,,,0,no STRING match,no STRING match,2306,2930,2,1
965,fig|6666666.1036479.peg.728,fig|6666666.1036479.peg.889,0.8973386287689209,0.001959279472436085,Medium,Low,Low–Medium,,,0,no STRING match,no STRING match,2639,2682,1,1
966,fig|6666666.1036479.peg.370,fig|6666666.1036479.peg.1617,0.8973339676856995,0.0019613098138582985,High,Low,Low–High,,,0,no STRING match,no STRING match,2579,2864,1,2
967,fig|6666666.1036479.peg.370,fig|6666666.1036479.peg.1625,0.8973339676856995,0.001963340155280512,High,Low,Low–High,,,0,no STRING match,no STRING match,2579,2864,1,2
968,fig|6666666.1036479.peg.3207,fig|6666666.1036479.peg.289,0.8972766280174256,0.0019653704967027255,Medium,High,Medium–High,,Hypothetical protein.,0,no STRING match,secondary STRING hit (STRING protein assigned to a better match),2468,2559,1,1
969,fig|6666666.1036479.peg.3254,fig|6666666.1036479.peg.573,0.8972234725952148,0.001967400838124939,High,Very Low,Very Low–High,,Hypothetical protein.,0,no STRING match,secondary STRING hit (STRING protein assigned to a better match),2505,2601,3,1
970,fig|6666666.1036479.peg.22,fig|6666666.1036479.peg.573,0.8972234725952148,0.0019694311795471525,High,Very Low,Very Low–High,,Hypothetical protein.,0,no STRING match,secondary STRING hit (STRING protein assigned to a better match),2505,2601,3,1
971,fig|6666666.1036479.peg.170,fig|6666666.1036479.peg.573,0.8972234725952148,0.001971461520969366,High,Very Low,Very Low–High,,Hypothetical protein.,0,no STRING match,secondary STRING hit (STRING protein assigned to a better match),2505,2601,3,1
972,fig|6666666.1036479.peg.89,fig|6666666.1036479.peg.370,0.897215586900711,0.00197349186239158,Very Low,High,Very Low–High,,,0,no STRING match,no STRING match,2542,2579,1,1
973,fig|6666666.1036479.peg.2092,fig|6666666.1036479.peg.2364,0.8971412479877472,0.0019755222038137935,Medium,Medium,Medium–Medium,,,0,no STRING match,no STRING match,2954,3022,1,1
974,fig|6666666.1036479.peg.2548,fig|6666666.1036479.peg.3142,0.8970782458782196,0.001977552545236007,High,Low,Low–High,,,0,no STRING match,no STRING match,2298,2448,1,1
975,fig|6666666.1036479.peg.3020,fig|6666666.1036479.peg.1080,0.897034764289856,0.0019795828866582205,Low,High,Low–High,,,0,no STRING match,no STRING match,2433,2712,1,1
976,fig|6666666.1036479.peg.2510,fig|6666666.1036479.peg.2548,0.8970267713069916,0.001981613228080434,Very Low,High,Very Low–High,,,0,no STRING match,no STRING match,2274,2298,12,1
977,fig|6666666.1036479.peg.2527,fig|6666666.1036479.peg.2548,0.8970267713069916,0.0019836435695026475,Very Low,High,Very Low–High,,,0,no STRING match,no STRING match,2274,2298,12,1
978,fig|6666666.1036479.peg.2531,fig|6666666.1036479.peg.2548,0.8970267713069916,0.001985673910924861,Very Low,High,Very Low–High,,,0,no STRING match,no STRING match,2274,2298,12,1
979,fig|6666666.1036479.peg.2548,fig|6666666.1036479.peg.3174,0.8970267713069916,0.0019877042523470745,High,Very Low,Very Low–High,,,0,no STRING match,no STRING match,2298,2274,1,12
980,fig|6666666.1036479.peg.2548,fig|6666666.1036479.peg.970,0.8970267713069916,0.0019897345937692885,High,Very Low,Very Low–High,,,0,no STRING match,no STRING match,2298,2274,1,12
981,fig|6666666.1036479.peg.2548,fig|6666666.1036479.peg.975,0.8970267713069916,0.001991764935191502,High,Very Low,Very Low–High,,,0,no STRING match,no STRING match,2298,2274,1,12
982,fig|6666666.1036479.peg.2548,fig|6666666.1036479.peg.980,0.8970267713069916,0.0019937952766137155,High,Very Low,Very Low–High,,,0,no STRING match,no STRING match,2298,2274,1,12
983,fig|6666666.1036479.peg.2548,fig|6666666.1036479.peg.984,0.8970267713069916,0.001995825618035929,High,Very Low,Very Low–High,,,0,no STRING match,no STRING match,2298,2274,1,12
984,fig|6666666.1036479.peg.2548,fig|6666666.1036479.peg.988,0.8970267713069916,0.0019978559594581425,High,Very Low,Very Low–High,,,0,no STRING match,no STRING match,2298,2274,1,12
985,fig|6666666.1036479.peg.2548,fig|6666666.1036479.peg.2490,0.8970267713069916,0.001999886300880356,High,Very Low,Very Low–High,,,0,no STRING match,no STRING match,2298,2274,1,12
986,fig|6666666.1036479.peg.2548,fig|6666666.1036479.peg.2495,0.8970267713069916,0.0020019166423025695,High,Very Low,Very Low–High,,,0,no STRING match,no STRING match,2298,2274,1,12
987,fig|6666666.1036479.peg.2548,fig|6666666.1036479.peg.2499,0.8970267713069916,0.002003946983724783,High,Very Low,Very Low–High,,,0,no STRING match,no STRING match,2298,2274,1,12
988,fig|6666666.1036479.peg.817,fig|6666666.1036479.peg.861,0.8970266878604889,0.002005977325146997,Low,High,Low–High,Phospholipid/glycerol acyltransferase; COG4258 Predicted exporter.,,0,secondary STRING hit (STRING protein assigned to a better match),no STRING match,2663,2665,1,1
989,fig|6666666.1036479.peg.2548,fig|6666666.1036479.peg.1377,0.8970192015171051,0.0020080076665692104,High,Very Low,Very Low–High,,,0,no STRING match,no STRING match,2298,2809,1,1
990,fig|6666666.1036479.peg.885,fig|6666666.1036479.peg.2348,0.8970049977302551,0.002010038007991424,Medium,High,Medium–High,,,0,no STRING match,no STRING match,2678,3019,1,1
991,fig|6666666.1036479.peg.1962,fig|6666666.1036479.peg.2348,0.8969428718090058,0.0020120683494136374,Medium,High,Medium–High,,,0,no STRING match,no STRING match,2944,3019,1,1
992,fig|6666666.1036479.peg.866,fig|6666666.1036479.peg.2405,0.8969386994838715,0.002014098690835851,High,Medium,Medium–High,,Hypothetical protein; COG0605 Superoxide dismutase.,0,no STRING match,secondary STRING hit (STRING protein assigned to a better match),2667,3029,1,1
993,fig|6666666.1036479.peg.728,fig|6666666.1036479.peg.1410,0.8969243049621582,0.0020161290322580645,Medium,Medium,Medium–Medium,,,0,no STRING match,no STRING match,2639,2813,1,1
994,fig|6666666.1036479.peg.2672,fig|6666666.1036479.peg.2814,0.8969146907329559,0.002018159373680278,Medium,Very Low,Very Low–Medium,,,0,no STRING match,no STRING match,2341,2358,1,1
995,fig|6666666.1036479.peg.3008,fig|6666666.1036479.peg.573,0.8968969464302063,0.0020201897151024915,Medium,Very Low,Very Low–Medium,,Hypothetical protein.,0,no STRING match,secondary STRING hit (STRING protein assigned to a better match),2423,2601,1,1
996,fig|6666666.1036479.peg.3207,fig|6666666.1036479.peg.740,0.8968922257423401,0.0020222200565247054,Medium,Very Low,Very Low–Medium,,,0,no STRING match,no STRING match,2468,2651,1,1
997,fig|6666666.1036479.peg.861,fig|6666666.1036479.peg.1894,0.8968350648880005,0.002024250397946919,High,Medium,Medium–High,,Hypothetical protein.,0,no STRING match,secondary STRING hit (STRING protein assigned to a better match),2665,2912,1,1
998,fig|6666666.1036479.peg.3207,fig|6666666.1036479.peg.3223,0.8968091011047363,0.0020262807393691324,Medium,High,Medium–High,,,0,no STRING match,no STRING match,2468,2474,1,2
999,fig|6666666.1036479.peg.3207,fig|6666666.1036479.peg.139,0.8968091011047363,0.002028311080791346,Medium,High,Medium–High,,,0,no STRING match,no STRING match,2468,2474,1,2
1000,fig|6666666.1036479.peg.2920,fig|6666666.1036479.peg.2364,0.8967797815799713,0.0020303414222135594,Very Low,Medium,Very Low–Medium,,,0,no STRING match,no STRING match,2397,3022,1,1
1001,fig|6666666.1036479.peg.3010,fig|6666666.1036479.peg.1947,0.8967296361923218,0.002032371763635773,Low,Medium,Low–Medium,,,0,no STRING match,no STRING match,2425,2930,1,1
1002,fig|6666666.1036479.peg.881,fig|6666666.1036479.peg.1289,0.8966592490673065,0.0020344021050579864,High,Very Low,Very Low–High,,,0,no STRING match,no STRING match,2674,2762,1,1
1003,fig|6666666.1036479.peg.720,fig|6666666.1036479.peg.728,0.8966155171394348,0.0020364324464802,High,Medium,Medium–High,,,0,no STRING match,no STRING match,2631,2639,1,1
1004,fig|6666666.1036479.peg.2509,fig|6666666.1036479.peg.2348,0.89661545753479,0.002038462787902414,Very Low,High,Very Low–High,,,0,no STRING match,no STRING match,2273,3019,15,1
1005,fig|6666666.1036479.peg.2513,fig|6666666.1036479.peg.2348,0.89661545753479,0.0020404931293246274,Very Low,High,Very Low–High,,,0,no STRING match,no STRING match,2273,3019,15,1
1006,fig|6666666.1036479.peg.2519,fig|6666666.1036479.peg.2348,0.89661545753479,0.002042523470746841,Very Low,High,Very Low–High,,,0,no STRING match,no STRING match,2273,3019,15,1
1007,fig|6666666.1036479.peg.2526,fig|6666666.1036479.peg.2348,0.89661545753479,0.0020445538121690544,Very Low,High,Very Low–High,,,0,no STRING match,no STRING match,2273,3019,15,1
1008,fig|6666666.1036479.peg.2530,fig|6666666.1036479.peg.2348,0.89661545753479,0.002046584153591268,Very Low,High,Very Low–High,,,0,no STRING match,no STRING match,2273,3019,15,1
1009,fig|6666666.1036479.peg.2534,fig|6666666.1036479.peg.2348,0.89661545753479,0.0020486144950134814,Very Low,High,Very Low–High,,,0,no STRING match,no STRING match,2273,3019,15,1
1010,fig|6666666.1036479.peg.3173,fig|6666666.1036479.peg.2348,0.89661545753479,0.002050644836435695,Very Low,High,Very Low–High,,,0,no STRING match,no STRING match,2273,3019,15,1
1011,fig|6666666.1036479.peg.971,fig|6666666.1036479.peg.2348,0.89661545753479,0.0020526751778579084,Very Low,High,Very Low–High,,,0,no STRING match,no STRING match,2273,3019,15,1
1012,fig|6666666.1036479.peg.976,fig|6666666.1036479.peg.2348,0.89661545753479,0.0020547055192801224,Very Low,High,Very Low–High,,,0,no STRING match,no STRING match,2273,3019,15,1
1013,fig|6666666.1036479.peg.981,fig|6666666.1036479.peg.2348,0.89661545753479,0.002056735860702336,Very Low,High,Very Low–High,,,0,no STRING match,no STRING match,2273,3019,15,1
1014,fig|6666666.1036479.peg.985,fig|6666666.1036479.peg.2348,0.89661545753479,0.0020587662021245494,Very Low,High,Very Low–High,,,0,no STRING match,no STRING match,2273,3019,15,1
1015,fig|6666666.1036479.peg.989,fig|6666666.1036479.peg.2348,0.89661545753479,0.002060796543546763,Very Low,High,Very Low–High,,,0,no STRING match,no STRING match,2273,3019,15,1
1016,fig|6666666.1036479.peg.2348,fig|6666666.1036479.peg.2489,0.89661545753479,0.0020628268849689764,High,Very Low,Very Low–High,,,0,no STRING match,no STRING match,3019,2273,1,15
1017,fig|6666666.1036479.peg.2348,fig|6666666.1036479.peg.2494,0.89661545753479,0.00206485722639119,High,Very Low,Very Low–High,,,0,no STRING match,no STRING match,3019,2273,1,15
1018,fig|6666666.1036479.peg.2348,fig|6666666.1036479.peg.2498,0.89661545753479,0.0020668875678134034,High,Very Low,Very Low–High,,,0,no STRING match,no STRING match,3019,2273,1,15
1019,fig|6666666.1036479.peg.3207,fig|6666666.1036479.peg.2327,0.8966108024120331,0.002068917909235617,Medium,Medium,Medium–Medium,,,0,no STRING match,no STRING match,2468,3016,1,1
1020,fig|6666666.1036479.peg.3209,fig|6666666.1036479.peg.1947,0.896587485074997,0.002070948250657831,Medium,Medium,Medium–Medium,,,0,no STRING match,no STRING match,2469,2930,1,1
1021,fig|6666666.1036479.peg.2948,fig|6666666.1036479.peg.3231,0.8965749025344849,0.0020729785920800443,High,Very Low,Very Low–High,,,0,no STRING match,no STRING match,2410,2482,1,2
1022,fig|6666666.1036479.peg.2948,fig|6666666.1036479.peg.147,0.8965749025344849,0.002075008933502258,High,Very Low,Very Low–High,,,0,no STRING match,no STRING match,2410,2482,1,2
1023,fig|6666666.1036479.peg.861,fig|6666666.1036479.peg.1567,0.8965289354324341,0.0020770392749244714,High,Low,Low–High,,,0,no STRING match,no STRING match,2665,2839,1,1
1024,fig|6666666.1036479.peg.2548,fig|6666666.1036479.peg.1894,0.8964251637458801,0.002079069616346685,High,Medium,Medium–High,,Hypothetical protein.,0,no STRING match,secondary STRING hit (STRING protein assigned to a better match),2298,2912,1,1
1025,fig|6666666.1036479.peg.861,fig|6666666.1036479.peg.1074,0.8964230179786682,0.0020810999577688984,High,High,High–High,,,0,no STRING match,no STRING match,2665,2706,1,1
1026,fig|6666666.1036479.peg.2672,fig|6666666.1036479.peg.1566,0.8964199304580689,0.002083130299191112,Medium,High,Medium–High,,,0,no STRING match,no STRING match,2341,2838,1,1
1027,fig|6666666.1036479.peg.2548,fig|6666666.1036479.peg.659,0.8963983237743378,0.0020851606406133254,High,Very Low,Very Low–High,,,0,no STRING match,no STRING match,2298,2617,1,1
1028,fig|6666666.1036479.peg.573,fig|6666666.1036479.peg.881,0.8963801443576813,0.0020871909820355393,Very Low,High,Very Low–High,Hypothetical protein.,,0,secondary STRING hit (STRING protein assigned to a better match),no STRING match,2601,2674,1,1
1029,fig|6666666.1036479.peg.1409,fig|6666666.1036479.peg.1947,0.8963723242282867,0.002089221323457753,Medium,Medium,Medium–Medium,,,0,no STRING match,no STRING match,2812,2930,1,1
1030,fig|6666666.1036479.peg.728,fig|6666666.1036479.peg.2114,0.896369481086731,0.0020912516648799663,Medium,Very Low,Very Low–Medium,,"COG1629 Outer membrane receptor proteins, mostly Fe transport.",0,no STRING match,secondary STRING hit (STRING protein assigned to a better match),2639,2964,1,1
1031,fig|6666666.1036479.peg.942,fig|6666666.1036479.peg.2348,0.8962968647480011,0.00209328200630218,Very Low,High,Very Low–High,,,0,no STRING match,no STRING match,2691,3019,1,1
1032,fig|6666666.1036479.peg.866,fig|6666666.1036479.peg.1943,0.8962855100631714,0.0020953123477243933,High,Medium,Medium–High,,COG3103 SH3 domain protein.,0,no STRING match,secondary STRING hit (STRING protein assigned to a better match),2667,2926,1,1
1033,fig|6666666.1036479.peg.2548,fig|6666666.1036479.peg.236,0.8962526261806488,0.002097342689146607,High,Very Low,Very Low–High,,,0,no STRING match,no STRING match,2298,2552,1,1
1034,fig|6666666.1036479.peg.3188,fig|6666666.1036479.peg.411,0.8962308824062347,0.0020993730305688203,Medium,Low,Low–Medium,,Hypothetical protein.,0,no STRING match,secondary STRING hit (STRING protein assigned to a better match),2461,2585,1,1
1035,fig|6666666.1036479.peg.3033,fig|6666666.1036479.peg.411,0.8961995065212249,0.002101403371991034,Low,Low,Low–Low,,Hypothetical protein.,0,no STRING match,secondary STRING hit (STRING protein assigned to a better match),2437,2585,1,1
1036,fig|6666666.1036479.peg.2843,fig|6666666.1036479.peg.728,0.8960108101367951,0.002103433713413248,Very Low,Medium,Very Low–Medium,,,0,no STRING match,no STRING match,2370,2639,1,1
1037,fig|6666666.1036479.peg.2948,fig|6666666.1036479.peg.3254,0.8958465099334717,0.0021054640548354613,High,High,High–High,,,0,no STRING match,no STRING match,2410,2505,1,3
1038,fig|6666666.1036479.peg.2948,fig|6666666.1036479.peg.22,0.8958465099334717,0.002107494396257675,High,High,High–High,,,0,no STRING match,no STRING match,2410,2505,1,3
1039,fig|6666666.1036479.peg.2948,fig|6666666.1036479.peg.170,0.8958465099334717,0.0021095247376798883,High,High,High–High,,,0,no STRING match,no STRING match,2410,2505,1,3
1040,fig|6666666.1036479.peg.2571,fig|6666666.1036479.peg.2348,0.8958184897899628,0.002111555079102102,Medium,High,Medium–High,,,0,no STRING match,no STRING match,2316,3019,1,1
1041,fig|6666666.1036479.peg.2623,fig|6666666.1036479.peg.370,0.8958163142204285,0.0021135854205243153,Very Low,High,Very Low–High,,,0,no STRING match,no STRING match,2333,2579,1,1
1042,fig|6666666.1036479.peg.720,fig|6666666.1036479.peg.1947,0.8957531690597534,0.002115615761946529,High,Medium,Medium–High,,,0,no STRING match,no STRING match,2631,2930,1,1
1043,fig|6666666.1036479.peg.573,fig|6666666.1036479.peg.1946,0.8956885874271393,0.0021176461033687423,Very Low,Medium,Very Low–Medium,Hypothetical protein.,,0,secondary STRING hit (STRING protein assigned to a better match),no STRING match,2601,2929,1,1
1044,fig|6666666.1036479.peg.2672,fig|6666666.1036479.peg.1951,0.8956708073616028,0.0021196764447909563,Medium,High,Medium–High,,,0,no STRING match,no STRING match,2341,2934,1,1
1045,fig|6666666.1036479.peg.2672,fig|6666666.1036479.peg.2404,0.8956371307373047,0.0021217067862131698,Medium,Medium,Medium–Medium,,Hypothetical protein; COG0605 Superoxide dismutase.,0,no STRING match,secondary STRING hit (STRING protein assigned to a better match),2341,3028,1,1
1046,fig|6666666.1036479.peg.2948,fig|6666666.1036479.peg.38,0.8956197202205658,0.0021237371276353833,High,Low,Low–High,,,0,no STRING match,no STRING match,2410,2526,1,2
1047,fig|6666666.1036479.peg.2948,fig|6666666.1036479.peg.186,0.8956197202205658,0.0021257674690575968,High,Low,Low–High,,,0,no STRING match,no STRING match,2410,2526,1,2
1048,fig|6666666.1036479.peg.2548,fig|6666666.1036479.peg.2987,0.895579046010971,0.0021277978104798103,High,Very Low,Very Low–High,,,0,no STRING match,no STRING match,2298,2415,1,1
1049,fig|6666666.1036479.peg.3020,fig|6666666.1036479.peg.3209,0.8955552756786347,0.002129828151902024,Low,Medium,Low–Medium,,,0,no STRING match,no STRING match,2433,2469,1,1
1050,fig|6666666.1036479.peg.723,fig|6666666.1036479.peg.1947,0.895528256893158,0.0021318584933242373,High,Medium,Medium–High,,,0,no STRING match,no STRING match,2634,2930,1,1
1051,fig|6666666.1036479.peg.2672,fig|6666666.1036479.peg.40,0.8954790472984314,0.002133888834746451,Medium,Very Low,Very Low–Medium,,,0,no STRING match,no STRING match,2341,2528,1,2
1052,fig|6666666.1036479.peg.2672,fig|6666666.1036479.peg.188,0.8954790472984314,0.0021359191761686647,Medium,Very Low,Very Low–Medium,,,0,no STRING match,no STRING match,2341,2528,1,2
1053,fig|6666666.1036479.peg.2556,fig|6666666.1036479.peg.3020,0.8954207479953766,0.0021379495175908782,High,Low,Low–High,,,0,no STRING match,no STRING match,2306,2433,2,1
1054,fig|6666666.1036479.peg.2564,fig|6666666.1036479.peg.3020,0.8954207479953766,0.0021399798590130917,High,Low,Low–High,,,0,no STRING match,no STRING match,2306,2433,2,1
1055,fig|6666666.1036479.peg.2948,fig|6666666.1036479.peg.3017,0.8953855693340301,0.0021420102004353053,High,Medium,Medium–High,,,0,no STRING match,no STRING match,2410,2430,1,1
1056,fig|6666666.1036479.peg.2948,fig|6666666.1036479.peg.3008,0.8953278303146363,0.0021440405418575188,High,Medium,Medium–High,,,0,no STRING match,no STRING match,2410,2423,1,1
1057,fig|6666666.1036479.peg.866,fig|6666666.1036479.peg.887,0.8953153967857361,0.0021460708832797323,High,Medium,Medium–High,,,0,no STRING match,no STRING match,2667,2680,1,1
1058,fig|6666666.1036479.peg.40,fig|6666666.1036479.peg.861,0.8952867090702057,0.0021481012247019458,Very Low,High,Very Low–High,,,0,no STRING match,no STRING match,2528,2665,2,1
1059,fig|6666666.1036479.peg.188,fig|6666666.1036479.peg.861,0.8952867090702057,0.0021501315661241593,Very Low,High,Very Low–High,,,0,no STRING match,no STRING match,2528,2665,2,1
1060,fig|6666666.1036479.peg.1947,fig|6666666.1036479.peg.2093,0.8952856838703156,0.002152161907546373,Medium,Medium,Medium–Medium,,,0,no STRING match,no STRING match,2930,2955,1,1
1061,fig|6666666.1036479.peg.36,fig|6666666.1036479.peg.728,0.895276916027069,0.0021541922489685867,Medium,Medium,Medium–Medium,,,0,no STRING match,no STRING match,2524,2639,2,1
1062,fig|6666666.1036479.peg.184,fig|6666666.1036479.peg.728,0.895276916027069,0.0021562225903908002,Medium,Medium,Medium–Medium,,,0,no STRING match,no STRING match,2524,2639,2,1
1063,fig|6666666.1036479.peg.3020,fig|6666666.1036479.peg.3188,0.8952348828315735,0.0021582529318130137,Low,Medium,Low–Medium,,,0,no STRING match,no STRING match,2433,2461,1,1
1064,fig|6666666.1036479.peg.2548,fig|6666666.1036479.peg.1919,0.8951596677303314,0.0021602832732352272,High,Very Low,Very Low–High,,,0,no STRING match,no STRING match,2298,2920,1,1
1065,fig|6666666.1036479.peg.2348,fig|6666666.1036479.peg.2405,0.8951565861701966,0.0021623136146574407,High,Medium,Medium–High,,Hypothetical protein; COG0605 Superoxide dismutase.,0,no STRING match,secondary STRING hit (STRING protein assigned to a better match),3019,3029,1,1
1066,fig|6666666.1036479.peg.3020,fig|6666666.1036479.peg.1409,0.8951302349567414,0.0021643439560796542,Low,Medium,Low–Medium,,,0,no STRING match,no STRING match,2433,2812,1,1
1067,fig|6666666.1036479.peg.2556,fig|6666666.1036479.peg.411,0.8950895369052887,0.0021663742975018677,High,Low,Low–High,,Hypothetical protein.,0,no STRING match,secondary STRING hit (STRING protein assigned to a better match),2306,2585,2,1
1068,fig|6666666.1036479.peg.2564,fig|6666666.1036479.peg.411,0.8950895369052887,0.0021684046389240817,High,Low,Low–High,,Hypothetical protein.,0,no STRING match,secondary STRING hit (STRING protein assigned to a better match),2306,2585,2,1
1069,fig|6666666.1036479.peg.3184,fig|6666666.1036479.peg.573,0.8950639486312866,0.002170434980346295,Very Low,Very Low,Very Low–Very Low,,Hypothetical protein.,0,no STRING match,secondary STRING hit (STRING protein assigned to a better match),2457,2601,1,1
1070,fig|6666666.1036479.peg.2548,fig|6666666.1036479.peg.2497,0.8950485527515412,0.0021724653217685087,High,Very Low,Very Low–High,,,0,no STRING match,no STRING match,2298,3047,1,1
1071,fig|6666666.1036479.peg.1289,fig|6666666.1036479.peg.1300,0.8950203955173492,0.002174495663190722,Very Low,Low,Very Low–Low,,,0,no STRING match,no STRING match,2762,2763,1,1
1072,fig|6666666.1036479.peg.314,fig|6666666.1036479.peg.866,0.8949215829372406,0.0021765260046129357,Very Low,High,Very Low–High,,,0,no STRING match,no STRING match,2572,2667,1,1
1073,fig|6666666.1036479.peg.725,fig|6666666.1036479.peg.2436,0.8948748469352722,0.002178556346035149,Very Low,Medium,Very Low–Medium,,,0,no STRING match,no STRING match,2636,3033,1,1
1074,fig|6666666.1036479.peg.2548,fig|6666666.1036479.peg.1416,0.8948682427406311,0.0021805866874573627,High,Medium,Medium–High,,,0,no STRING match,no STRING match,2298,2817,1,1
1075,fig|6666666.1036479.peg.866,fig|6666666.1036479.peg.2454,0.8947923421859741,0.0021826170288795762,High,Medium,Medium–High,,,0,no STRING match,no STRING match,2667,3037,1,1
1076,fig|6666666.1036479.peg.2672,fig|6666666.1036479.peg.2352,0.8947704434394836,0.00218464737030179,Medium,Medium,Medium–Medium,,,0,no STRING match,no STRING match,2341,3020,1,1
1077,fig|6666666.1036479.peg.3008,fig|6666666.1036479.peg.411,0.894737321138382,0.0021866777117240037,Medium,Low,Low–Medium,,Hypothetical protein.,0,no STRING match,secondary STRING hit (STRING protein assigned to a better match),2423,2585,1,1
1078,fig|6666666.1036479.peg.861,fig|6666666.1036479.peg.1951,0.8947192251682281,0.002188708053146217,High,High,High–High,,,0,no STRING match,no STRING match,2665,2934,1,1
1079,fig|6666666.1036479.peg.728,fig|6666666.1036479.peg.1080,0.8947050631046295,0.0021907383945684307,Medium,High,Medium–High,,,0,no STRING match,no STRING match,2639,2712,1,1
1080,fig|6666666.1036479.peg.719,fig|6666666.1036479.peg.2364,0.8946999967098236,0.002192768735990644,Medium,Medium,Medium–Medium,,,0,no STRING match,no STRING match,2630,3022,1,1
1081,fig|6666666.1036479.peg.2509,fig|6666666.1036479.peg.2672,0.8946284294128418,0.0021947990774128577,Very Low,Medium,Very Low–Medium,,,0,no STRING match,no STRING match,2273,2341,15,1
1082,fig|6666666.1036479.peg.2513,fig|6666666.1036479.peg.2672,0.8946284294128418,0.002196829418835071,Very Low,Medium,Very Low–Medium,,,0,no STRING match,no STRING match,2273,2341,15,1
1083,fig|6666666.1036479.peg.2519,fig|6666666.1036479.peg.2672,0.8946284294128418,0.0021988597602572847,Very Low,Medium,Very Low–Medium,,,0,no STRING match,no STRING match,2273,2341,15,1
1084,fig|6666666.1036479.peg.2526,fig|6666666.1036479.peg.2672,0.8946284294128418,0.0022008901016794986,Very Low,Medium,Very Low–Medium,,,0,no STRING match,no STRING match,2273,2341,15,1
1085,fig|6666666.1036479.peg.2530,fig|6666666.1036479.peg.2672,0.8946284294128418,0.002202920443101712,Very Low,Medium,Very Low–Medium,,,0,no STRING match,no STRING match,2273,2341,15,1
1086,fig|6666666.1036479.peg.2534,fig|6666666.1036479.peg.2672,0.8946284294128418,0.0022049507845239256,Very Low,Medium,Very Low–Medium,,,0,no STRING match,no STRING match,2273,2341,15,1
1087,fig|6666666.1036479.peg.2672,fig|6666666.1036479.peg.3173,0.8946284294128418,0.002206981125946139,Medium,Very Low,Very Low–Medium,,,0,no STRING match,no STRING match,2341,2273,1,15
1088,fig|6666666.1036479.peg.2672,fig|6666666.1036479.peg.971,0.8946284294128418,0.0022090114673683527,Medium,Very Low,Very Low–Medium,,,0,no STRING match,no STRING match,2341,2273,1,15
1089,fig|6666666.1036479.peg.2672,fig|6666666.1036479.peg.976,0.8946284294128418,0.002211041808790566,Medium,Very Low,Very Low–Medium,,,0,no STRING match,no STRING match,2341,2273,1,15
1090,fig|6666666.1036479.peg.2672,fig|6666666.1036479.peg.981,0.8946284294128418,0.0022130721502127797,Medium,Very Low,Very Low–Medium,,,0,no STRING match,no STRING match,2341,2273,1,15
1091,fig|6666666.1036479.peg.2672,fig|6666666.1036479.peg.985,0.8946284294128418,0.002215102491634993,Medium,Very Low,Very Low–Medium,,,0,no STRING match,no STRING match,2341,2273,1,15
1092,fig|6666666.1036479.peg.2672,fig|6666666.1036479.peg.989,0.8946284294128418,0.002217132833057207,Medium,Very Low,Very Low–Medium,,,0,no STRING match,no STRING match,2341,2273,1,15
1093,fig|6666666.1036479.peg.2672,fig|6666666.1036479.peg.2489,0.8946284294128418,0.0022191631744794206,Medium,Very Low,Very Low–Medium,,,0,no STRING match,no STRING match,2341,2273,1,15
1094,fig|6666666.1036479.peg.2672,fig|6666666.1036479.peg.2494,0.8946284294128418,0.002221193515901634,Medium,Very Low,Very Low–Medium,,,0,no STRING match,no STRING match,2341,2273,1,15
1095,fig|6666666.1036479.peg.2672,fig|6666666.1036479.peg.2498,0.8946284294128418,0.0022232238573238476,Medium,Very Low,Very Low–Medium,,,0,no STRING match,no STRING match,2341,2273,1,15
1096,fig|6666666.1036479.peg.48,fig|6666666.1036479.peg.866,0.8946133136749268,0.002225254198746061,Medium,High,Medium–High,,,0,no STRING match,no STRING match,2536,2667,1,1
1097,fig|6666666.1036479.peg.48,fig|6666666.1036479.peg.2348,0.8945846676826477,0.0022272845401682746,Medium,High,Medium–High,,,0,no STRING match,no STRING match,2536,3019,1,1
1098,fig|6666666.1036479.peg.89,fig|6666666.1036479.peg.861,0.8945816159248352,0.002229314881590488,Very Low,High,Very Low–High,,,0,no STRING match,no STRING match,2542,2665,1,1
1099,fig|6666666.1036479.peg.1617,fig|6666666.1036479.peg.1947,0.8945497155189515,0.0022313452230127017,Low,Medium,Low–Medium,,,0,no STRING match,no STRING match,2864,2930,2,1
1100,fig|6666666.1036479.peg.1625,fig|6666666.1036479.peg.1947,0.8945497155189515,0.0022333755644349156,Low,Medium,Low–Medium,,,0,no STRING match,no STRING match,2864,2930,2,1
1101,fig|6666666.1036479.peg.2509,fig|6666666.1036479.peg.866,0.894548487663269,0.002235405905857129,Very Low,High,Very Low–High,,,0,no STRING match,no STRING match,2273,2667,15,1
1102,fig|6666666.1036479.peg.2513,fig|6666666.1036479.peg.866,0.894548487663269,0.0022374362472793426,Very Low,High,Very Low–High,,,0,no STRING match,no STRING match,2273,2667,15,1
1103,fig|6666666.1036479.peg.2519,fig|6666666.1036479.peg.866,0.894548487663269,0.002239466588701556,Very Low,High,Very Low–High,,,0,no STRING match,no STRING match,2273,2667,15,1
1104,fig|6666666.1036479.peg.2526,fig|6666666.1036479.peg.866,0.894548487663269,0.0022414969301237696,Very Low,High,Very Low–High,,,0,no STRING match,no STRING match,2273,2667,15,1
1105,fig|6666666.1036479.peg.2530,fig|6666666.1036479.peg.866,0.894548487663269,0.002243527271545983,Very Low,High,Very Low–High,,,0,no STRING match,no STRING match,2273,2667,15,1
1106,fig|6666666.1036479.peg.2534,fig|6666666.1036479.peg.866,0.894548487663269,0.0022455576129681966,Very Low,High,Very Low–High,,,0,no STRING match,no STRING match,2273,2667,15,1
1107,fig|6666666.1036479.peg.3173,fig|6666666.1036479.peg.866,0.894548487663269,0.00224758795439041,Very Low,High,Very Low–High,,,0,no STRING match,no STRING match,2273,2667,15,1
1108,fig|6666666.1036479.peg.866,fig|6666666.1036479.peg.971,0.894548487663269,0.002249618295812624,High,Very Low,Very Low–High,,,0,no STRING match,no STRING match,2667,2273,1,15
1109,fig|6666666.1036479.peg.866,fig|6666666.1036479.peg.976,0.894548487663269,0.0022516486372348376,High,Very Low,Very Low–High,,,0,no STRING match,no STRING match,2667,2273,1,15
1110,fig|6666666.1036479.peg.866,fig|6666666.1036479.peg.981,0.894548487663269,0.002253678978657051,High,Very Low,Very Low–High,,,0,no STRING match,no STRING match,2667,2273,1,15
1111,fig|6666666.1036479.peg.866,fig|6666666.1036479.peg.985,0.894548487663269,0.0022557093200792646,High,Very Low,Very Low–High,,,0,no STRING match,no STRING match,2667,2273,1,15
1112,fig|6666666.1036479.peg.866,fig|6666666.1036479.peg.989,0.894548487663269,0.002257739661501478,High,Very Low,Very Low–High,,,0,no STRING match,no STRING match,2667,2273,1,15
1113,fig|6666666.1036479.peg.866,fig|6666666.1036479.peg.2489,0.894548487663269,0.0022597700029236916,High,Very Low,Very Low–High,,,0,no STRING match,no STRING match,2667,2273,1,15
1114,fig|6666666.1036479.peg.866,fig|6666666.1036479.peg.2494,0.894548487663269,0.002261800344345905,High,Very Low,Very Low–High,,,0,no STRING match,no STRING match,2667,2273,1,15
1115,fig|6666666.1036479.peg.866,fig|6666666.1036479.peg.2498,0.894548487663269,0.0022638306857681186,High,Very Low,Very Low–High,,,0,no STRING match,no STRING match,2667,2273,1,15
1116,fig|6666666.1036479.peg.2548,fig|6666666.1036479.peg.3107,0.894534832239151,0.0022658610271903325,High,Very Low,Very Low–High,,,0,no STRING match,no STRING match,2298,2444,1,1
1117,fig|6666666.1036479.peg.2948,fig|6666666.1036479.peg.1289,0.8945145785808564,0.002267891368612546,High,Very Low,Very Low–High,,,0,no STRING match,no STRING match,2410,2762,1,1
1118,fig|6666666.1036479.peg.2672,fig|6666666.1036479.peg.1074,0.8944931626319885,0.0022699217100347596,Medium,High,Medium–High,,,0,no STRING match,no STRING match,2341,2706,1,1
1119,fig|6666666.1036479.peg.3184,fig|6666666.1036479.peg.728,0.8944658219814301,0.002271952051456973,Very Low,Medium,Very Low–Medium,,,0,no STRING match,no STRING match,2457,2639,1,1
1120,fig|6666666.1036479.peg.2672,fig|6666666.1036479.peg.732,0.8944610893726349,0.0022739823928791866,Medium,Medium,Medium–Medium,,,0,no STRING match,no STRING match,2341,2643,1,1
1121,fig|6666666.1036479.peg.866,fig|6666666.1036479.peg.885,0.8944499492645264,0.0022760127343014,High,Medium,Medium–High,,,0,no STRING match,no STRING match,2667,2678,1,1
1122,fig|6666666.1036479.peg.1080,fig|6666666.1036479.peg.1300,0.8944422662258148,0.0022780430757236136,High,Low,Low–High,,,0,no STRING match,no STRING match,2712,2763,1,1
1123,fig|6666666.1036479.peg.411,fig|6666666.1036479.peg.817,0.8944374799728394,0.002280073417145827,Low,Low,Low–Low,Hypothetical protein.,Phospholipid/glycerol acyltransferase; COG4258 Predicted exporter.,0,secondary STRING hit (STRING protein assigned to a better match),secondary STRING hit (STRING protein assigned to a better match),2585,2663,1,1
1124,fig|6666666.1036479.peg.861,fig|6666666.1036479.peg.2404,0.8943398118019104,0.002282103758568041,High,Medium,Medium–High,,Hypothetical protein; COG0605 Superoxide dismutase.,0,no STRING match,secondary STRING hit (STRING protein assigned to a better match),2665,3028,1,1
1125,fig|6666666.1036479.peg.3020,fig|6666666.1036479.peg.723,0.8943389356136322,0.0022841340999902545,Low,High,Low–High,,,0,no STRING match,no STRING match,2433,2634,1,1
1126,fig|6666666.1036479.peg.3207,fig|6666666.1036479.peg.2405,0.894338208436966,0.002286164441412468,Medium,Medium,Medium–Medium,,Hypothetical protein; COG0605 Superoxide dismutase.,0,no STRING match,secondary STRING hit (STRING protein assigned to a better match),2468,3029,1,1
1127,fig|6666666.1036479.peg.3020,fig|6666666.1036479.peg.2106,0.8943330109119415,0.0022881947828346815,Low,High,Low–High,,Hypothetical protein.,0,no STRING match,secondary STRING hit (STRING protein assigned to a better match),2433,2959,1,1
1128,fig|6666666.1036479.peg.2092,fig|6666666.1036479.peg.2436,0.8942559480667114,0.002290225124256895,Medium,Medium,Medium–Medium,,,0,no STRING match,no STRING match,2954,3033,1,1
1129,fig|6666666.1036479.peg.2506,fig|6666666.1036479.peg.3207,0.8942007303237915,0.0022922554656791085,Very Low,Medium,Very Low–Medium,,,0,no STRING match,no STRING match,2270,2468,6,1
1130,fig|6666666.1036479.peg.2516,fig|6666666.1036479.peg.3207,0.8942007303237915,0.002294285807101322,Very Low,Medium,Very Low–Medium,,,0,no STRING match,no STRING match,2270,2468,6,1
1131,fig|6666666.1036479.peg.2522,fig|6666666.1036479.peg.3207,0.8942007303237915,0.0022963161485235356,Very Low,Medium,Very Low–Medium,,,0,no STRING match,no STRING match,2270,2468,6,1
1132,fig|6666666.1036479.peg.3207,fig|6666666.1036479.peg.974,0.8942007303237915,0.0022983464899457495,Medium,Very Low,Very Low–Medium,,,0,no STRING match,no STRING match,2468,2270,1,6
1133,fig|6666666.1036479.peg.3207,fig|6666666.1036479.peg.979,0.8942007303237915,0.002300376831367963,Medium,Very Low,Very Low–Medium,,,0,no STRING match,no STRING match,2468,2270,1,6
1134,fig|6666666.1036479.peg.3207,fig|6666666.1036479.peg.2491,0.8942007303237915,0.0023024071727901765,Medium,Very Low,Very Low–Medium,,,0,no STRING match,no STRING match,2468,2270,1,6
1135,fig|6666666.1036479.peg.2929,fig|6666666.1036479.peg.2948,0.8941846370697022,0.00230443751421239,Very Low,High,Very Low–High,Hypothetical protein.,,0,secondary STRING hit (STRING protein assigned to a better match),no STRING match,2404,2410,1,1
1136,fig|6666666.1036479.peg.1655,fig|6666666.1036479.peg.1947,0.8941755890846252,0.0023064678556346035,Medium,Medium,Medium–Medium,,,0,no STRING match,no STRING match,2882,2930,1,1
1137,fig|6666666.1036479.peg.2548,fig|6666666.1036479.peg.1632,0.8941535115242004,0.002308498197056817,High,Very Low,Very Low–High,,,0,no STRING match,no STRING match,2298,2870,1,2
1138,fig|6666666.1036479.peg.2548,fig|6666666.1036479.peg.1639,0.8941535115242004,0.0023105285384790305,High,Very Low,Very Low–High,,,0,no STRING match,no STRING match,2298,2870,1,2
1139,fig|6666666.1036479.peg.732,fig|6666666.1036479.peg.861,0.8941382586956024,0.002312558879901244,Medium,High,Medium–High,,,0,no STRING match,no STRING match,2643,2665,1,1
1140,fig|6666666.1036479.peg.2843,fig|6666666.1036479.peg.2364,0.894108110666275,0.002314589221323458,Very Low,Medium,Very Low–Medium,,,0,no STRING match,no STRING match,2370,3022,1,1
1141,fig|6666666.1036479.peg.411,fig|6666666.1036479.peg.726,0.8939585745334625,0.0023166195627456715,Low,Very Low,Very Low–Low,Hypothetical protein.,,0,secondary STRING hit (STRING protein assigned to a better match),no STRING match,2585,2637,1,1
1142,fig|6666666.1036479.peg.36,fig|6666666.1036479.peg.573,0.8939542591571807,0.002318649904167885,Medium,Very Low,Very Low–Medium,,Hypothetical protein.,0,no STRING match,secondary STRING hit (STRING protein assigned to a better match),2524,2601,2,1
1143,fig|6666666.1036479.peg.184,fig|6666666.1036479.peg.573,0.8939542591571807,0.0023206802455900985,Medium,Very Low,Very Low–Medium,,Hypothetical protein.,0,no STRING match,secondary STRING hit (STRING protein assigned to a better match),2524,2601,2,1
1144,fig|6666666.1036479.peg.2891,fig|6666666.1036479.peg.2348,0.8939479231834412,0.002322710587012312,Medium,High,Medium–High,,,0,no STRING match,no STRING match,2390,3019,1,1
1145,fig|6666666.1036479.peg.410,fig|6666666.1036479.peg.1113,0.8939054310321808,0.0023247409284345255,Very Low,Very Low,Very Low–Very Low,,,0,no STRING match,no STRING match,2584,2729,1,1
1146,fig|6666666.1036479.peg.370,fig|6666666.1036479.peg.942,0.8938984096050262,0.002326771269856739,High,Very Low,Very Low–High,,,0,no STRING match,no STRING match,2579,2691,1,1
1147,fig|6666666.1036479.peg.2364,fig|6666666.1036479.peg.2455,0.8938508927822113,0.0023288016112789525,Medium,Medium,Medium–Medium,,,0,no STRING match,no STRING match,3022,3038,1,1
1148,fig|6666666.1036479.peg.2548,fig|6666666.1036479.peg.1949,0.8938468337059021,0.0023308319527011664,High,Medium,Medium–High,,,0,no STRING match,no STRING match,2298,2932,1,1
1149,fig|6666666.1036479.peg.3188,fig|6666666.1036479.peg.1947,0.893842875957489,0.00233286229412338,Medium,Medium,Medium–Medium,,,0,no STRING match,no STRING match,2461,2930,1,1
1150,fig|6666666.1036479.peg.1127,fig|6666666.1036479.peg.2348,0.893813407421112,0.0023348926355455935,Low,High,Low–High,Hypothetical protein.,,0,secondary STRING hit (STRING protein assigned to a better match),no STRING match,2743,3019,1,1
1151,fig|6666666.1036479.peg.410,fig|6666666.1036479.peg.1119,0.8937490165233613,0.002336922976967807,Very Low,Very Low,Very Low–Very Low,,,0,no STRING match,no STRING match,2584,2735,1,1
1152,fig|6666666.1036479.peg.573,fig|6666666.1036479.peg.2114,0.8937023758888245,0.0023389533183900205,Very Low,Very Low,Very Low–Very Low,Hypothetical protein.,"COG1629 Outer membrane receptor proteins, mostly Fe transport.",0,secondary STRING hit (STRING protein assigned to a better match),secondary STRING hit (STRING protein assigned to a better match),2601,2964,1,1
1153,fig|6666666.1036479.peg.89,fig|6666666.1036479.peg.2348,0.8936909735202789,0.002340983659812234,Very Low,High,Very Low–High,,,0,no STRING match,no STRING match,2542,3019,1,1
1154,fig|6666666.1036479.peg.2948,fig|6666666.1036479.peg.889,0.8936667740345001,0.0023430140012344475,High,Low,Low–High,,,0,no STRING match,no STRING match,2410,2682,1,1
1155,fig|6666666.1036479.peg.2547,fig|6666666.1036479.peg.3222,0.893588799238205,0.002345044342656661,Medium,Medium,Medium–Medium,,,0,no STRING match,no STRING match,2297,2473,1,2
1156,fig|6666666.1036479.peg.2547,fig|6666666.1036479.peg.138,0.893588799238205,0.002347074684078875,Medium,Medium,Medium–Medium,,,0,no STRING match,no STRING match,2297,2473,1,2
1157,fig|6666666.1036479.peg.2571,fig|6666666.1036479.peg.866,0.8935861945152282,0.0023491050255010884,Medium,High,Medium–High,,,0,no STRING match,no STRING match,2316,2667,1,1
1158,fig|6666666.1036479.peg.2501,fig|6666666.1036479.peg.370,0.8935726523399353,0.002351135366923302,High,High,High–High,,,0,no STRING match,no STRING match,2265,2579,1,1
1159,fig|6666666.1036479.peg.2948,fig|6666666.1036479.peg.2960,0.8935725450515747,0.0023531657083455154,High,Low,Low–High,,,0,no STRING match,no STRING match,2410,2412,1,1
1160,fig|6666666.1036479.peg.1947,fig|6666666.1036479.peg.2106,0.893570214509964,0.002355196049767729,Medium,High,Medium–High,,Hypothetical protein.,0,no STRING match,secondary STRING hit (STRING protein assigned to a better match),2930,2959,1,1
1161,fig|6666666.1036479.peg.3207,fig|6666666.1036479.peg.1943,0.8935687959194183,0.0023572263911899424,Medium,Medium,Medium–Medium,,COG3103 SH3 domain protein.,0,no STRING match,secondary STRING hit (STRING protein assigned to a better match),2468,2926,1,1
1162,fig|6666666.1036479.peg.2843,fig|6666666.1036479.peg.2948,0.893533855676651,0.002359256732612156,Very Low,High,Very Low–High,,,0,no STRING match,no STRING match,2370,2410,1,1
1163,fig|6666666.1036479.peg.2672,fig|6666666.1036479.peg.3191,0.8935237407684327,0.0023612870740343695,Medium,Medium,Medium–Medium,,,0,no STRING match,no STRING match,2341,2464,1,1
1164,fig|6666666.1036479.peg.2920,fig|6666666.1036479.peg.881,0.8935182511806488,0.0023633174154565834,Very Low,High,Very Low–High,,,0,no STRING match,no STRING match,2397,2674,1,1
1165,fig|6666666.1036479.peg.2924,fig|6666666.1036479.peg.1947,0.8935087561607361,0.002365347756878797,Very Low,Medium,Very Low–Medium,,,0,no STRING match,no STRING match,2401,2930,1,1
1166,fig|6666666.1036479.peg.1657,fig|6666666.1036479.peg.2436,0.8935038626194001,0.0023673780983010104,Medium,Medium,Medium–Medium,,,0,no STRING match,no STRING match,2883,3033,1,1
1167,fig|6666666.1036479.peg.728,fig|6666666.1036479.peg.1945,0.8934601664543151,0.002369408439723224,Medium,Very Low,Very Low–Medium,,,0,no STRING match,no STRING match,2639,2928,1,1
1168,fig|6666666.1036479.peg.2501,fig|6666666.1036479.peg.861,0.8932945191860199,0.0023714387811454374,High,High,High–High,,,0,no STRING match,no STRING match,2265,2665,1,1
1169,fig|6666666.1036479.peg.3207,fig|6666666.1036479.peg.1962,0.8932623744010926,0.002373469122567651,Medium,Medium,Medium–Medium,,,0,no STRING match,no STRING match,2468,2944,1,1
1170,fig|6666666.1036479.peg.2948,fig|6666666.1036479.peg.1410,0.8932423532009125,0.0023754994639898644,High,Medium,Medium–High,,,0,no STRING match,no STRING match,2410,2813,1,1
1171,fig|6666666.1036479.peg.2672,fig|6666666.1036479.peg.1567,0.8932073712348938,0.002377529805412078,Medium,Low,Low–Medium,,,0,no STRING match,no STRING match,2341,2839,1,1
1172,fig|6666666.1036479.peg.2988,fig|6666666.1036479.peg.3254,0.8931629598140717,0.002379560146834292,Medium,High,Medium–High,Hypothetical protein.,,0,secondary STRING hit (STRING protein assigned to a better match),no STRING match,2416,2505,1,3
1173,fig|6666666.1036479.peg.2988,fig|6666666.1036479.peg.22,0.8931629598140717,0.0023815904882565054,Medium,High,Medium–High,Hypothetical protein.,,0,secondary STRING hit (STRING protein assigned to a better match),no STRING match,2416,2505,1,3
1174,fig|6666666.1036479.peg.2988,fig|6666666.1036479.peg.170,0.8931629598140717,0.002383620829678719,Medium,High,Medium–High,Hypothetical protein.,,0,secondary STRING hit (STRING protein assigned to a better match),no STRING match,2416,2505,1,3
1175,fig|6666666.1036479.peg.2960,fig|6666666.1036479.peg.1300,0.8930983245372772,0.0023856511711009324,Low,Low,Low–Low,,,0,no STRING match,no STRING match,2412,2763,1,1
1176,fig|6666666.1036479.peg.2548,fig|6666666.1036479.peg.1265,0.8930508017539978,0.002387681512523146,High,Low,Low–High,,,0,no STRING match,no STRING match,2298,2760,1,1
1177,fig|6666666.1036479.peg.411,fig|6666666.1036479.peg.2327,0.8929367542266846,0.0023897118539453594,Low,Medium,Low–Medium,Hypothetical protein.,,0,secondary STRING hit (STRING protein assigned to a better match),no STRING match,2585,3016,1,1
1178,fig|6666666.1036479.peg.2924,fig|6666666.1036479.peg.370,0.8929236710071564,0.002391742195367573,Very Low,High,Very Low–High,,,0,no STRING match,no STRING match,2401,2579,1,1
1179,fig|6666666.1036479.peg.2547,fig|6666666.1036479.peg.2920,0.8928682148456574,0.0023937725367897864,Medium,Very Low,Very Low–Medium,,,0,no STRING match,no STRING match,2297,2397,1,1
1180,fig|6666666.1036479.peg.728,fig|6666666.1036479.peg.1953,0.8928374350070953,0.0023958028782120003,Medium,Low,Low–Medium,,,0,no STRING match,no STRING match,2639,2935,1,1
1181,fig|6666666.1036479.peg.370,fig|6666666.1036479.peg.1943,0.8928006291389465,0.002397833219634214,High,Medium,Medium–High,,COG3103 SH3 domain protein.,0,no STRING match,secondary STRING hit (STRING protein assigned to a better match),2579,2926,1,1
1182,fig|6666666.1036479.peg.3020,fig|6666666.1036479.peg.1655,0.8927924573421478,0.0023998635610564274,Low,Medium,Low–Medium,,,0,no STRING match,no STRING match,2433,2882,1,1
1183,fig|6666666.1036479.peg.411,fig|6666666.1036479.peg.2092,0.8927651047706604,0.002401893902478641,Low,Medium,Low–Medium,Hypothetical protein.,,0,secondary STRING hit (STRING protein assigned to a better match),no STRING match,2585,2954,1,1
1184,fig|6666666.1036479.peg.887,fig|6666666.1036479.peg.2348,0.8927140533924103,0.0024039242439008544,Medium,High,Medium–High,,,0,no STRING match,no STRING match,2680,3019,1,1
1185,fig|6666666.1036479.peg.370,fig|6666666.1036479.peg.2093,0.8927023768424988,0.002405954585323068,High,Medium,Medium–High,,,0,no STRING match,no STRING match,2579,2955,1,1
1186,fig|6666666.1036479.peg.2548,fig|6666666.1036479.peg.1951,0.8927000403404236,0.0024079849267452814,High,High,High–High,,,0,no STRING match,no STRING match,2298,2934,1,1
1187,fig|6666666.1036479.peg.861,fig|6666666.1036479.peg.2352,0.8926684319972992,0.002410015268167495,High,Medium,Medium–High,,,0,no STRING match,no STRING match,2665,3020,1,1
1188,fig|6666666.1036479.peg.411,fig|6666666.1036479.peg.1655,0.8926601588726044,0.002412045609589709,Low,Medium,Low–Medium,Hypothetical protein.,,0,secondary STRING hit (STRING protein assigned to a better match),no STRING match,2585,2882,1,1
1189,fig|6666666.1036479.peg.3020,fig|6666666.1036479.peg.1617,0.8926569163799286,0.0024140759510119223,Low,Low,Low–Low,,,0,no STRING match,no STRING match,2433,2864,1,2
1190,fig|6666666.1036479.peg.3020,fig|6666666.1036479.peg.1625,0.8926569163799286,0.002416106292434136,Low,Low,Low–Low,,,0,no STRING match,no STRING match,2433,2864,1,2
1191,fig|6666666.1036479.peg.3020,fig|6666666.1036479.peg.2093,0.8926320374011993,0.0024181366338563493,Low,Medium,Low–Medium,,,0,no STRING match,no STRING match,2433,2955,1,1
1192,fig|6666666.1036479.peg.2988,fig|6666666.1036479.peg.3231,0.8926212430000305,0.002420166975278563,Medium,Very Low,Very Low–Medium,Hypothetical protein.,,0,secondary STRING hit (STRING protein assigned to a better match),no STRING match,2416,2482,1,2
1193,fig|6666666.1036479.peg.2988,fig|6666666.1036479.peg.147,0.8926212430000305,0.0024221973167007763,Medium,Very Low,Very Low–Medium,Hypothetical protein.,,0,secondary STRING hit (STRING protein assigned to a better match),no STRING match,2416,2482,1,2
1194,fig|6666666.1036479.peg.3010,fig|6666666.1036479.peg.728,0.8926196455955505,0.00242422765812299,Low,Medium,Low–Medium,,,0,no STRING match,no STRING match,2425,2639,1,1
1195,fig|6666666.1036479.peg.2672,fig|6666666.1036479.peg.1961,0.8926102459430695,0.0024262579995452034,Medium,Medium,Medium–Medium,,,0,no STRING match,no STRING match,2341,2943,1,1
1196,fig|6666666.1036479.peg.370,fig|6666666.1036479.peg.1962,0.8925884783267974,0.0024282883409674173,High,Medium,Medium–High,,,0,no STRING match,no STRING match,2579,2944,1,1
1197,fig|6666666.1036479.peg.573,fig|6666666.1036479.peg.1300,0.8925636053085327,0.002430318682389631,Very Low,Low,Very Low–Low,Hypothetical protein.,,0,secondary STRING hit (STRING protein assigned to a better match),no STRING match,2601,2763,1,1
1198,fig|6666666.1036479.peg.2548,fig|6666666.1036479.peg.729,0.8925504684448242,0.0024323490238118443,High,Medium,Medium–High,,,0,no STRING match,no STRING match,2298,2640,1,1
1199,fig|6666666.1036479.peg.3207,fig|6666666.1036479.peg.942,0.8925402760505676,0.002434379365234058,Medium,Very Low,Very Low–Medium,,,0,no STRING match,no STRING match,2468,2691,1,1
1200,fig|6666666.1036479.peg.861,fig|6666666.1036479.peg.1265,0.892523592710495,0.0024364097066562713,High,Low,Low–High,,,0,no STRING match,no STRING match,2665,2760,1,1
1201,fig|6666666.1036479.peg.411,fig|6666666.1036479.peg.1945,0.8924463152885437,0.002438440048078485,Low,Very Low,Very Low–Low,Hypothetical protein.,,0,secondary STRING hit (STRING protein assigned to a better match),no STRING match,2585,2928,1,1
1202,fig|6666666.1036479.peg.2623,fig|6666666.1036479.peg.866,0.892424362897873,0.0024404703895006983,Very Low,High,Very Low–High,,,0,no STRING match,no STRING match,2333,2667,1,1
1203,fig|6666666.1036479.peg.2920,fig|6666666.1036479.peg.2436,0.89240203499794,0.002442500730922912,Very Low,Medium,Very Low–Medium,,,0,no STRING match,no STRING match,2397,3033,1,1
1204,fig|6666666.1036479.peg.2891,fig|6666666.1036479.peg.866,0.8923516631126404,0.0024445310723451258,Medium,High,Medium–High,,,0,no STRING match,no STRING match,2390,2667,1,1
1205,fig|6666666.1036479.peg.2523,fig|6666666.1036479.peg.881,0.8923255562782287,0.0024465614137673393,Low,High,Low–High,,,0,no STRING match,no STRING match,2282,2674,1,1
1206,fig|6666666.1036479.peg.370,fig|6666666.1036479.peg.885,0.8923221945762634,0.0024485917551895528,High,Medium,Medium–High,,,0,no STRING match,no STRING match,2579,2678,1,1
1207,fig|6666666.1036479.peg.732,fig|6666666.1036479.peg.2348,0.8922986567020417,0.0024506220966117663,Medium,High,Medium–High,,,0,no STRING match,no STRING match,2643,3019,1,1
1208,fig|6666666.1036479.peg.2948,fig|6666666.1036479.peg.3184,0.8922358870506286,0.00245265243803398,High,Very Low,Very Low–High,,,0,no STRING match,no STRING match,2410,2457,1,1
1209,fig|6666666.1036479.peg.2539,fig|6666666.1036479.peg.861,0.892193877696991,0.0024546827794561933,Low,High,Low–High,,,0,no STRING match,no STRING match,2289,2665,1,1
1210,fig|6666666.1036479.peg.2843,fig|6666666.1036479.peg.2988,0.8921744585037231,0.002456713120878407,Very Low,Medium,Very Low–Medium,,Hypothetical protein.,0,no STRING match,secondary STRING hit (STRING protein assigned to a better match),2370,2416,1,1
1211,fig|6666666.1036479.peg.289,fig|6666666.1036479.peg.411,0.8921689867973328,0.0024587434623006203,High,Low,Low–High,Hypothetical protein.,Hypothetical protein.,0,secondary STRING hit (STRING protein assigned to a better match),secondary STRING hit (STRING protein assigned to a better match),2559,2585,1,1
1212,fig|6666666.1036479.peg.2988,fig|6666666.1036479.peg.3008,0.8921333312988281,0.0024607738037228342,Medium,Medium,Medium–Medium,Hypothetical protein.,,0,secondary STRING hit (STRING protein assigned to a better match),no STRING match,2416,2423,1,1
1213,fig|6666666.1036479.peg.2506,fig|6666666.1036479.peg.881,0.8921183049678802,0.0024628041451450478,Very Low,High,Very Low–High,,,0,no STRING match,no STRING match,2270,2674,6,1
1214,fig|6666666.1036479.peg.2516,fig|6666666.1036479.peg.881,0.8921183049678802,0.0024648344865672613,Very Low,High,Very Low–High,,,0,no STRING match,no STRING match,2270,2674,6,1
1215,fig|6666666.1036479.peg.2522,fig|6666666.1036479.peg.881,0.8921183049678802,0.0024668648279894748,Very Low,High,Very Low–High,,,0,no STRING match,no STRING match,2270,2674,6,1
1216,fig|6666666.1036479.peg.881,fig|6666666.1036479.peg.974,0.8921183049678802,0.0024688951694116883,High,Very Low,Very Low–High,,,0,no STRING match,no STRING match,2674,2270,1,6
1217,fig|6666666.1036479.peg.881,fig|6666666.1036479.peg.979,0.8921183049678802,0.0024709255108339018,High,Very Low,Very Low–High,,,0,no STRING match,no STRING match,2674,2270,1,6
1218,fig|6666666.1036479.peg.881,fig|6666666.1036479.peg.2491,0.8921183049678802,0.0024729558522561153,High,Very Low,Very Low–High,,,0,no STRING match,no STRING match,2674,2270,1,6
1219,fig|6666666.1036479.peg.2948,fig|6666666.1036479.peg.2114,0.8921182453632355,0.0024749861936783288,High,Very Low,Very Low–High,,"COG1629 Outer membrane receptor proteins, mostly Fe transport.",0,no STRING match,secondary STRING hit (STRING protein assigned to a better match),2410,2964,1,1
1220,fig|6666666.1036479.peg.866,fig|6666666.1036479.peg.1567,0.8920573711395263,0.0024770165351005427,High,Low,Low–High,,,0,no STRING match,no STRING match,2667,2839,1,1
1221,fig|6666666.1036479.peg.2548,fig|6666666.1036479.peg.3011,0.8920445144176483,0.0024790468765227562,High,High,High–High,,,0,no STRING match,no STRING match,2298,2426,1,1
1222,fig|6666666.1036479.peg.2948,fig|6666666.1036479.peg.720,0.8920256793498993,0.0024810772179449697,High,High,High–High,,,0,no STRING match,no STRING match,2410,2631,1,1
1223,fig|6666666.1036479.peg.236,fig|6666666.1036479.peg.2348,0.8919827878475189,0.0024831075593671832,Very Low,High,Very Low–High,,,0,no STRING match,no STRING match,2552,3019,1,1
1224,fig|6666666.1036479.peg.3191,fig|6666666.1036479.peg.861,0.8919824838638306,0.0024851379007893967,Medium,High,Medium–High,,,0,no STRING match,no STRING match,2464,2665,1,1
1225,fig|6666666.1036479.peg.2672,fig|6666666.1036479.peg.1265,0.8919764518737793,0.0024871682422116102,Medium,Low,Low–Medium,,,0,no STRING match,no STRING match,2341,2760,1,1
1226,fig|6666666.1036479.peg.3244,fig|6666666.1036479.peg.1116,0.891975712776184,0.0024891985836338238,Very Low,Very Low,Very Low–Very Low,,,0,no STRING match,no STRING match,2495,2732,3,1
1227,fig|6666666.1036479.peg.12,fig|6666666.1036479.peg.1116,0.891975712776184,0.0024912289250560373,Very Low,Very Low,Very Low–Very Low,,,0,no STRING match,no STRING match,2495,2732,3,1
1228,fig|6666666.1036479.peg.160,fig|6666666.1036479.peg.1116,0.891975712776184,0.002493259266478251,Very Low,Very Low,Very Low–Very Low,,,0,no STRING match,no STRING match,2495,2732,3,1
1229,fig|6666666.1036479.peg.89,fig|6666666.1036479.peg.866,0.8918727159500122,0.0024952896079004647,Very Low,High,Very Low–High,,,0,no STRING match,no STRING match,2542,2667,1,1
1230,fig|6666666.1036479.peg.3207,fig|6666666.1036479.peg.48,0.8918697655200958,0.002497319949322678,Medium,Medium,Medium–Medium,,,0,no STRING match,no STRING match,2468,2536,1,1
1231,fig|6666666.1036479.peg.724,fig|6666666.1036479.peg.2348,0.8917971789836884,0.0024993502907448917,Medium,High,Medium–High,,,0,no STRING match,no STRING match,2635,3019,1,1
1232,fig|6666666.1036479.peg.2548,fig|6666666.1036479.peg.391,0.8917605459690094,0.0025013806321671052,High,Medium,Medium–High,,,0,no STRING match,no STRING match,2298,2580,1,1
1233,fig|6666666.1036479.peg.573,fig|6666666.1036479.peg.1410,0.8917230784893035,0.0025034109735893187,Very Low,Medium,Very Low–Medium,Hypothetical protein.,,0,secondary STRING hit (STRING protein assigned to a better match),no STRING match,2601,2813,1,1
1234,fig|6666666.1036479.peg.724,fig|6666666.1036479.peg.866,0.8916542172431946,0.0025054413150115322,Medium,High,Medium–High,,,0,no STRING match,no STRING match,2635,2667,1,1
1235,fig|6666666.1036479.peg.2548,fig|6666666.1036479.peg.1412,0.8916117072105407,0.0025074716564337457,High,Medium,Medium–High,,,0,no STRING match,no STRING match,2298,2815,1,1
1236,fig|6666666.1036479.peg.411,fig|6666666.1036479.peg.1953,0.8916020214557647,0.0025095019978559597,Low,Low,Low–Low,Hypothetical protein.,,0,secondary STRING hit (STRING protein assigned to a better match),no STRING match,2585,2935,1,1
1237,fig|6666666.1036479.peg.2672,fig|6666666.1036479.peg.1344,0.8915607154369354,0.002511532339278173,Medium,Very Low,Very Low–Medium,,,0,no STRING match,no STRING match,2341,2782,1,1
1238,fig|6666666.1036479.peg.861,fig|6666666.1036479.peg.1961,0.8915580749511719,0.0025135626807003867,High,Medium,Medium–High,,,0,no STRING match,no STRING match,2665,2943,1,1
1239,fig|6666666.1036479.peg.861,fig|6666666.1036479.peg.1412,0.8915552437305451,0.0025155930221226,High,Medium,Medium–High,,,0,no STRING match,no STRING match,2665,2815,1,1
1240,fig|6666666.1036479.peg.2679,fig|6666666.1036479.peg.3207,0.891508412361145,0.0025176233635448137,Medium,Medium,Medium–Medium,,,0,no STRING match,no STRING match,2342,2468,1,1
1241,fig|6666666.1036479.peg.2548,fig|6666666.1036479.peg.2404,0.8915036082267761,0.002519653704967027,High,Medium,Medium–High,,Hypothetical protein; COG0605 Superoxide dismutase.,0,no STRING match,secondary STRING hit (STRING protein assigned to a better match),2298,3028,1,1
1242,fig|6666666.1036479.peg.2672,fig|6666666.1036479.peg.3187,0.8914747118949891,0.0025216840463892407,Medium,Very Low,Very Low–Medium,,Hypothetical protein.,0,no STRING match,secondary STRING hit (STRING protein assigned to a better match),2341,2460,1,1
1243,fig|6666666.1036479.peg.36,fig|6666666.1036479.peg.411,0.8914656519889832,0.002523714387811454,Medium,Low,Low–Medium,,Hypothetical protein.,0,no STRING match,secondary STRING hit (STRING protein assigned to a better match),2524,2585,2,1
1244,fig|6666666.1036479.peg.184,fig|6666666.1036479.peg.411,0.8914656519889832,0.002525744729233668,Medium,Low,Low–Medium,,Hypothetical protein.,0,no STRING match,secondary STRING hit (STRING protein assigned to a better match),2524,2585,2,1
1245,fig|6666666.1036479.peg.2532,fig|6666666.1036479.peg.3207,0.8914426326751709,0.0025277750706558817,Low,Medium,Low–Medium,,,0,no STRING match,no STRING match,2284,2468,4,1
1246,fig|6666666.1036479.peg.3171,fig|6666666.1036479.peg.3207,0.8914426326751709,0.002529805412078095,Low,Medium,Low–Medium,,,0,no STRING match,no STRING match,2284,2468,4,1
1247,fig|6666666.1036479.peg.3207,fig|6666666.1036479.peg.987,0.8914426326751709,0.0025318357535003087,Medium,Low,Low–Medium,,,0,no STRING match,no STRING match,2468,2284,1,4
1248,fig|6666666.1036479.peg.3207,fig|6666666.1036479.peg.2492,0.8914426326751709,0.002533866094922522,Medium,Low,Low–Medium,,,0,no STRING match,no STRING match,2468,2284,1,4
1249,fig|6666666.1036479.peg.3207,fig|6666666.1036479.peg.2454,0.8914197325706482,0.0025358964363447357,Medium,Medium,Medium–Medium,,,0,no STRING match,no STRING match,2468,3037,1,1
1250,fig|6666666.1036479.peg.2948,fig|6666666.1036479.peg.36,0.8914067864418029,0.002537926777766949,High,Medium,Medium–High,,,0,no STRING match,no STRING match,2410,2524,1,2
1251,fig|6666666.1036479.peg.2948,fig|6666666.1036479.peg.184,0.8914067864418029,0.0025399571191891627,High,Medium,Medium–High,,,0,no STRING match,no STRING match,2410,2524,1,2
1252,fig|6666666.1036479.peg.2920,fig|6666666.1036479.peg.1308,0.8913765847682953,0.0025419874606113766,Very Low,Medium,Very Low–Medium,,,0,no STRING match,no STRING match,2397,2764,1,1
1253,fig|6666666.1036479.peg.2672,fig|6666666.1036479.peg.1919,0.8913151144981384,0.00254401780203359,Medium,Very Low,Very Low–Medium,,,0,no STRING match,no STRING match,2341,2920,1,1
1254,fig|6666666.1036479.peg.3209,fig|6666666.1036479.peg.728,0.8912505686283112,0.0025460481434558036,Medium,Medium,Medium–Medium,,,0,no STRING match,no STRING match,2469,2639,1,1
1255,fig|6666666.1036479.peg.2501,fig|6666666.1036479.peg.411,0.8912425577640534,0.002548078484878017,High,Low,Low–High,,Hypothetical protein.,0,no STRING match,secondary STRING hit (STRING protein assigned to a better match),2265,2585,1,1
1256,fig|6666666.1036479.peg.861,fig|6666666.1036479.peg.1344,0.8912074565887451,0.0025501088263002306,High,Very Low,Very Low–High,,,0,no STRING match,no STRING match,2665,2782,1,1
1257,fig|6666666.1036479.peg.866,fig|6666666.1036479.peg.1127,0.8911977350711823,0.002552139167722444,High,Low,Low–High,,Hypothetical protein.,0,no STRING match,secondary STRING hit (STRING protein assigned to a better match),2667,2743,1,1
1258,fig|6666666.1036479.peg.2988,fig|6666666.1036479.peg.38,0.8911971569061279,0.0025541695091446577,Medium,Low,Low–Medium,Hypothetical protein.,,0,secondary STRING hit (STRING protein assigned to a better match),no STRING match,2416,2526,1,2
1259,fig|6666666.1036479.peg.2988,fig|6666666.1036479.peg.186,0.8911971569061279,0.002556199850566871,Medium,Low,Low–Medium,Hypothetical protein.,,0,secondary STRING hit (STRING protein assigned to a better match),no STRING match,2416,2526,1,2
1260,fig|6666666.1036479.peg.370,fig|6666666.1036479.peg.1567,0.8911658823490143,0.002558230191989085,High,Low,Low–High,,,0,no STRING match,no STRING match,2579,2839,1,1
1261,fig|6666666.1036479.peg.725,fig|6666666.1036479.peg.1308,0.8911458194255829,0.0025602605334112986,Very Low,Medium,Very Low–Medium,,,0,no STRING match,no STRING match,2636,2764,1,1
1262,fig|6666666.1036479.peg.726,fig|6666666.1036479.peg.2348,0.8911141455173492,0.002562290874833512,Very Low,High,Very Low–High,,,0,no STRING match,no STRING match,2637,3019,1,1
1263,fig|6666666.1036479.peg.728,fig|6666666.1036479.peg.1946,0.8910458803176879,0.0025643212162557256,Medium,Medium,Medium–Medium,,,0,no STRING match,no STRING match,2639,2929,1,1
1264,fig|6666666.1036479.peg.3207,fig|6666666.1036479.peg.885,0.8910435497760772,0.002566351557677939,Medium,Medium,Medium–Medium,,,0,no STRING match,no STRING match,2468,2678,1,1
1265,fig|6666666.1036479.peg.719,fig|6666666.1036479.peg.881,0.8910420119762421,0.0025683818991001526,Medium,High,Medium–High,,,0,no STRING match,no STRING match,2630,2674,1,1
1266,fig|6666666.1036479.peg.2672,fig|6666666.1036479.peg.1412,0.8910293102264404,0.002570412240522366,Medium,Medium,Medium–Medium,,,0,no STRING match,no STRING match,2341,2815,1,1
1267,fig|6666666.1036479.peg.3015,fig|6666666.1036479.peg.3020,0.8909897804260254,0.0025724425819445796,Low,Low,Low–Low,,,0,no STRING match,no STRING match,2428,2433,1,1
1268,fig|6666666.1036479.peg.2548,fig|6666666.1036479.peg.2145,0.890986168384552,0.0025744729233667936,High,Very Low,Very Low–High,,,0,no STRING match,no STRING match,2298,2973,1,1
1269,fig|6666666.1036479.peg.2550,fig|6666666.1036479.peg.410,0.8909507870674134,0.002576503264789007,Very Low,Very Low,Very Low–Very Low,,,0,no STRING match,no STRING match,2300,2584,2,1
1270,fig|6666666.1036479.peg.2558,fig|6666666.1036479.peg.410,0.8909507870674134,0.0025785336062112206,Very Low,Very Low,Very Low–Very Low,,,0,no STRING match,no STRING match,2300,2584,2,1
1271,fig|6666666.1036479.peg.411,fig|6666666.1036479.peg.2106,0.8909336686134338,0.002580563947633434,Low,High,Low–High,Hypothetical protein.,Hypothetical protein.,0,secondary STRING hit (STRING protein assigned to a better match),secondary STRING hit (STRING protein assigned to a better match),2585,2959,1,1
1272,fig|6666666.1036479.peg.2548,fig|6666666.1036479.peg.652,0.8908692717552185,0.0025825942890556476,High,Very Low,Very Low–High,,,0,no STRING match,no STRING match,2298,2615,1,1
1273,fig|6666666.1036479.peg.2672,fig|6666666.1036479.peg.2809,0.890869015455246,0.002584624630477861,Medium,Very Low,Very Low–Medium,,,0,no STRING match,no STRING match,2341,2357,1,1
1274,fig|6666666.1036479.peg.3188,fig|6666666.1036479.peg.728,0.8908473789691925,0.0025866549719000746,Medium,Medium,Medium–Medium,,,0,no STRING match,no STRING match,2461,2639,1,1
1275,fig|6666666.1036479.peg.3207,fig|6666666.1036479.peg.887,0.8908418178558349,0.002588685313322288,Medium,Medium,Medium–Medium,,,0,no STRING match,no STRING match,2468,2680,1,1
1276,fig|6666666.1036479.peg.2929,fig|6666666.1036479.peg.2988,0.8908161103725434,0.002590715654744502,Very Low,Medium,Very Low–Medium,Hypothetical protein.,Hypothetical protein.,0,secondary STRING hit (STRING protein assigned to a better match),secondary STRING hit (STRING protein assigned to a better match),2404,2416,1,1
1277,fig|6666666.1036479.peg.2504,fig|6666666.1036479.peg.370,0.8908129751682281,0.0025927459961667156,Very Low,High,Very Low–High,,,0,no STRING match,no STRING match,2268,2579,1,1
1278,fig|6666666.1036479.peg.1300,fig|6666666.1036479.peg.1308,0.8908119082450867,0.002594776337588929,Low,Medium,Low–Medium,,,0,no STRING match,no STRING match,2763,2764,1,1
1279,fig|6666666.1036479.peg.719,fig|6666666.1036479.peg.1308,0.8907701969146729,0.0025968066790111426,Medium,Medium,Medium–Medium,,,0,no STRING match,no STRING match,2630,2764,1,1
1280,fig|6666666.1036479.peg.573,fig|6666666.1036479.peg.1945,0.8907692551612854,0.002598837020433356,Very Low,Very Low,Very Low–Very Low,Hypothetical protein.,,0,secondary STRING hit (STRING protein assigned to a better match),no STRING match,2601,2928,1,1
1281,fig|6666666.1036479.peg.2988,fig|6666666.1036479.peg.2114,0.8907654523849488,0.0026008673618555696,Medium,Very Low,Very Low–Medium,Hypothetical protein.,"COG1629 Outer membrane receptor proteins, mostly Fe transport.",0,secondary STRING hit (STRING protein assigned to a better match),secondary STRING hit (STRING protein assigned to a better match),2416,2964,1,1
1282,fig|6666666.1036479.peg.2924,fig|6666666.1036479.peg.3020,0.890763795375824,0.002602897703277783,Very Low,Low,Very Low–Low,,,0,no STRING match,no STRING match,2401,2433,1,1
1283,fig|6666666.1036479.peg.1308,fig|6666666.1036479.peg.1657,0.8907418251037598,0.0026049280446999966,Medium,Medium,Medium–Medium,,,0,no STRING match,no STRING match,2764,2883,1,1
1284,fig|6666666.1036479.peg.370,fig|6666666.1036479.peg.817,0.8907072007656097,0.0026069583861222105,High,Low,Low–High,,Phospholipid/glycerol acyltransferase; COG4258 Predicted exporter.,0,no STRING match,secondary STRING hit (STRING protein assigned to a better match),2579,2663,1,1
1285,fig|6666666.1036479.peg.2348,fig|6666666.1036479.peg.2454,0.8906979322433471,0.002608988727544424,High,Medium,Medium–High,,,0,no STRING match,no STRING match,3019,3037,1,1
1286,fig|6666666.1036479.peg.2571,fig|6666666.1036479.peg.370,0.8906870901584625,0.0026110190689666375,Medium,High,Medium–High,,,0,no STRING match,no STRING match,2316,2579,1,1
1287,fig|6666666.1036479.peg.2547,fig|6666666.1036479.peg.725,0.8906489670276642,0.002613049410388851,Medium,Very Low,Very Low–Medium,,,0,no STRING match,no STRING match,2297,2636,1,1
1288,fig|6666666.1036479.peg.3222,fig|6666666.1036479.peg.725,0.8906235873699189,0.0026150797518110645,Medium,Very Low,Very Low–Medium,,,0,no STRING match,no STRING match,2473,2636,2,1
1289,fig|6666666.1036479.peg.138,fig|6666666.1036479.peg.725,0.8906235873699189,0.002617110093233278,Medium,Very Low,Very Low–Medium,,,0,no STRING match,no STRING match,2473,2636,2,1
1290,fig|6666666.1036479.peg.881,fig|6666666.1036479.peg.2364,0.8906222343444824,0.0026191404346554916,High,Medium,Medium–High,,,0,no STRING match,no STRING match,2674,3022,1,1
1291,fig|6666666.1036479.peg.1080,fig|6666666.1036479.peg.1947,0.8905696272850037,0.002621170776077705,High,Medium,Medium–High,,,0,no STRING match,no STRING match,2712,2930,1,1
1292,fig|6666666.1036479.peg.2520,fig|6666666.1036479.peg.411,0.8905568718910217,0.002623201117499919,Very Low,Low,Very Low–Low,,Hypothetical protein.,0,no STRING match,secondary STRING hit (STRING protein assigned to a better match),2280,2585,1,1
1293,fig|6666666.1036479.peg.2520,fig|6666666.1036479.peg.370,0.8905300438404083,0.0026252314589221325,Very Low,High,Very Low–High,,,0,no STRING match,no STRING match,2280,2579,1,1
1294,fig|6666666.1036479.peg.2501,fig|6666666.1036479.peg.2348,0.8904695689678193,0.002627261800344346,High,High,High–High,,,0,no STRING match,no STRING match,2265,3019,1,1
1295,fig|6666666.1036479.peg.2814,fig|6666666.1036479.peg.866,0.8904667913913726,0.0026292921417665595,Very Low,High,Very Low–High,,,0,no STRING match,no STRING match,2358,2667,1,1
1296,fig|6666666.1036479.peg.2547,fig|6666666.1036479.peg.1657,0.8904484331607818,0.002631322483188773,Medium,Medium,Medium–Medium,,,0,no STRING match,no STRING match,2297,2883,1,1
1297,fig|6666666.1036479.peg.2571,fig|6666666.1036479.peg.3207,0.890396136045456,0.0026333528246109865,Medium,Medium,Medium–Medium,,,0,no STRING match,no STRING match,2316,2468,1,1
1298,fig|6666666.1036479.peg.728,fig|6666666.1036479.peg.1409,0.890392792224884,0.0026353831660332,Medium,Medium,Medium–Medium,,,0,no STRING match,no STRING match,2639,2812,1,1
1299,fig|6666666.1036479.peg.3222,fig|6666666.1036479.peg.1946,0.8903676211833954,0.0026374135074554135,Medium,Medium,Medium–Medium,,,0,no STRING match,no STRING match,2473,2929,2,1
1300,fig|6666666.1036479.peg.138,fig|6666666.1036479.peg.1946,0.8903676211833954,0.0026394438488776275,Medium,Medium,Medium–Medium,,,0,no STRING match,no STRING match,2473,2929,2,1
1301,fig|6666666.1036479.peg.861,fig|6666666.1036479.peg.1919,0.8903420090675354,0.002641474190299841,High,Very Low,Very Low–High,,,0,no STRING match,no STRING match,2665,2920,1,1
1302,fig|6666666.1036479.peg.3020,fig|6666666.1036479.peg.3223,0.8903393924236298,0.0026435045317220545,Low,High,Low–High,,,0,no STRING match,no STRING match,2433,2474,1,2
1303,fig|6666666.1036479.peg.3020,fig|6666666.1036479.peg.139,0.8903393924236298,0.002645534873144268,Low,High,Low–High,,,0,no STRING match,no STRING match,2433,2474,1,2
1304,fig|6666666.1036479.peg.2679,fig|6666666.1036479.peg.881,0.890330022573471,0.0026475652145664815,Medium,High,Medium–High,,,0,no STRING match,no STRING match,2342,2674,1,1
1305,fig|6666666.1036479.peg.2988,fig|6666666.1036479.peg.1289,0.8903246045112609,0.002649595555988695,Medium,Very Low,Very Low–Medium,Hypothetical protein.,,0,secondary STRING hit (STRING protein assigned to a better match),no STRING match,2416,2762,1,1
1306,fig|6666666.1036479.peg.2501,fig|6666666.1036479.peg.866,0.8902876555919648,0.0026516258974109085,High,High,High–High,,,0,no STRING match,no STRING match,2265,2667,1,1
1307,fig|6666666.1036479.peg.3221,fig|6666666.1036479.peg.410,0.8902846217155457,0.002653656238833122,High,Very Low,Very Low–High,,,0,no STRING match,no STRING match,2472,2584,2,1
1308,fig|6666666.1036479.peg.137,fig|6666666.1036479.peg.410,0.8902846217155457,0.002655686580255336,High,Very Low,Very Low–High,,,0,no STRING match,no STRING match,2472,2584,2,1
1309,fig|6666666.1036479.peg.2988,fig|6666666.1036479.peg.1410,0.8902531266212463,0.0026577169216775495,Medium,Medium,Medium–Medium,Hypothetical protein.,,0,secondary STRING hit (STRING protein assigned to a better match),no STRING match,2416,2813,1,1
1310,fig|6666666.1036479.peg.2548,fig|6666666.1036479.peg.551,0.8902321517467499,0.002659747263099763,High,Very Low,Very Low–High,,,0,no STRING match,no STRING match,2298,2597,1,1
1311,fig|6666666.1036479.peg.2948,fig|6666666.1036479.peg.1945,0.8901951909065247,0.0026617776045219765,High,Very Low,Very Low–High,,,0,no STRING match,no STRING match,2410,2928,1,1
1312,fig|6666666.1036479.peg.2988,fig|6666666.1036479.peg.3017,0.8901147842407227,0.00266380794594419,Medium,Medium,Medium–Medium,Hypothetical protein.,,0,secondary STRING hit (STRING protein assigned to a better match),no STRING match,2416,2430,1,1
1313,fig|6666666.1036479.peg.3222,fig|6666666.1036479.peg.1308,0.890107023715973,0.0026658382873664035,Medium,Medium,Medium–Medium,,,0,no STRING match,no STRING match,2473,2764,2,1
1314,fig|6666666.1036479.peg.138,fig|6666666.1036479.peg.1308,0.890107023715973,0.002667868628788617,Medium,Medium,Medium–Medium,,,0,no STRING match,no STRING match,2473,2764,2,1
1315,fig|6666666.1036479.peg.411,fig|6666666.1036479.peg.723,0.8900960445404053,0.0026698989702108305,Low,High,Low–High,Hypothetical protein.,,0,secondary STRING hit (STRING protein assigned to a better match),no STRING match,2585,2634,1,1
1316,fig|6666666.1036479.peg.2556,fig|6666666.1036479.peg.728,0.8900840222835541,0.0026719293116330444,High,Medium,Medium–High,,,0,no STRING match,no STRING match,2306,2639,2,1
1317,fig|6666666.1036479.peg.2564,fig|6666666.1036479.peg.728,0.8900840222835541,0.002673959653055258,High,Medium,Medium–High,,,0,no STRING match,no STRING match,2306,2639,2,1
1318,fig|6666666.1036479.peg.573,fig|6666666.1036479.peg.889,0.8900061428546906,0.0026759899944774714,Very Low,Low,Very Low–Low,Hypothetical protein.,,0,secondary STRING hit (STRING protein assigned to a better match),no STRING match,2601,2682,1,1
1319,fig|6666666.1036479.peg.3020,fig|6666666.1036479.peg.289,0.8900000870227813,0.002678020335899685,Low,High,Low–High,,Hypothetical protein.,0,no STRING match,secondary STRING hit (STRING protein assigned to a better match),2433,2559,1,1
1320,fig|6666666.1036479.peg.2891,fig|6666666.1036479.peg.3207,0.8899887263774872,0.0026800506773218984,Medium,Medium,Medium–Medium,,,0,no STRING match,no STRING match,2390,2468,1,1
1321,fig|6666666.1036479.peg.2672,fig|6666666.1036479.peg.2383,0.8899828195571899,0.002682081018744112,Medium,Very Low,Very Low–Medium,,Hypothetical protein.,0,no STRING match,secondary STRING hit (STRING protein assigned to a better match),2341,3024,1,1
1322,fig|6666666.1036479.peg.3223,fig|6666666.1036479.peg.1947,0.8899733006954194,0.0026841113601663255,High,Medium,Medium–High,,,0,no STRING match,no STRING match,2474,2930,2,1
1323,fig|6666666.1036479.peg.139,fig|6666666.1036479.peg.1947,0.8899733006954194,0.002686141701588539,High,Medium,Medium–High,,,0,no STRING match,no STRING match,2474,2930,2,1
1324,fig|6666666.1036479.peg.2548,fig|6666666.1036479.peg.2881,0.8899672091007232,0.002688172043010753,High,Very Low,Very Low–High,,,0,no STRING match,no STRING match,2298,2383,1,1
1325,fig|6666666.1036479.peg.2672,fig|6666666.1036479.peg.89,0.8899662554264068,0.0026902023844329664,Medium,Very Low,Very Low–Medium,,,0,no STRING match,no STRING match,2341,2542,1,1
1326,fig|6666666.1036479.peg.866,fig|6666666.1036479.peg.1949,0.889911824464798,0.00269223272585518,High,Medium,Medium–High,,,0,no STRING match,no STRING match,2667,2932,1,1
1327,fig|6666666.1036479.peg.2548,fig|6666666.1036479.peg.1706,0.8898507237434388,0.0026942630672773934,High,Very Low,Very Low–High,,,0,no STRING match,no STRING match,2298,2886,1,1
1328,fig|6666666.1036479.peg.573,fig|6666666.1036479.peg.1953,0.8898391485214233,0.002696293408699607,Very Low,Low,Very Low–Low,Hypothetical protein.,,0,secondary STRING hit (STRING protein assigned to a better match),no STRING match,2601,2935,1,1
1329,fig|6666666.1036479.peg.3254,fig|6666666.1036479.peg.2364,0.8898149251937866,0.0026983237501218204,High,Medium,Medium–High,,,0,no STRING match,no STRING match,2505,3022,3,1
1330,fig|6666666.1036479.peg.22,fig|6666666.1036479.peg.2364,0.8898149251937866,0.002700354091544034,High,Medium,Medium–High,,,0,no STRING match,no STRING match,2505,3022,3,1
1331,fig|6666666.1036479.peg.170,fig|6666666.1036479.peg.2364,0.8898149251937866,0.0027023844329662474,High,Medium,Medium–High,,,0,no STRING match,no STRING match,2505,3022,3,1
1332,fig|6666666.1036479.peg.1567,fig|6666666.1036479.peg.2348,0.8898081481456757,0.0027044147743884614,Low,High,Low–High,,,0,no STRING match,no STRING match,2839,3019,1,1
1333,fig|6666666.1036479.peg.2948,fig|6666666.1036479.peg.1946,0.8897976875305176,0.002706445115810675,High,Medium,Medium–High,,,0,no STRING match,no STRING match,2410,2929,1,1
1334,fig|6666666.1036479.peg.2988,fig|6666666.1036479.peg.889,0.889736121892929,0.0027084754572328884,Medium,Low,Low–Medium,Hypothetical protein.,,0,secondary STRING hit (STRING protein assigned to a better match),no STRING match,2416,2682,1,1
1335,fig|6666666.1036479.peg.3213,fig|6666666.1036479.peg.861,0.8897341310977935,0.002710505798655102,Very Low,High,Very Low–High,,,0,no STRING match,no STRING match,2470,2665,1,1
1336,fig|6666666.1036479.peg.2547,fig|6666666.1036479.peg.3231,0.8897257149219513,0.0027125361400773154,Medium,Very Low,Very Low–Medium,,,0,no STRING match,no STRING match,2297,2482,1,2
1337,fig|6666666.1036479.peg.2547,fig|6666666.1036479.peg.147,0.8897257149219513,0.002714566481499529,Medium,Very Low,Very Low–Medium,,,0,no STRING match,no STRING match,2297,2482,1,2
1338,fig|6666666.1036479.peg.2539,fig|6666666.1036479.peg.2672,0.8896965086460114,0.0027165968229217424,Low,Medium,Low–Medium,,,0,no STRING match,no STRING match,2289,2341,1,1
1339,fig|6666666.1036479.peg.3187,fig|6666666.1036479.peg.861,0.8896476209163666,0.002718627164343956,Very Low,High,Very Low–High,Hypothetical protein.,,0,secondary STRING hit (STRING protein assigned to a better match),no STRING match,2460,2665,1,1
1340,fig|6666666.1036479.peg.3020,fig|6666666.1036479.peg.740,0.8896367907524109,0.00272065750576617,Low,Very Low,Very Low–Low,,,0,no STRING match,no STRING match,2433,2651,1,1
1341,fig|6666666.1036479.peg.3222,fig|6666666.1036479.peg.411,0.8896027028560638,0.0027226878471883834,Medium,Low,Low–Medium,,Hypothetical protein.,0,no STRING match,secondary STRING hit (STRING protein assigned to a better match),2473,2585,2,1
1342,fig|6666666.1036479.peg.138,fig|6666666.1036479.peg.411,0.8896027028560638,0.002724718188610597,Medium,Low,Low–Medium,,Hypothetical protein.,0,no STRING match,secondary STRING hit (STRING protein assigned to a better match),2473,2585,2,1
1343,fig|6666666.1036479.peg.2532,fig|6666666.1036479.peg.881,0.8895863771438599,0.0027267485300328104,Low,High,Low–High,,,0,no STRING match,no STRING match,2284,2674,4,1
1344,fig|6666666.1036479.peg.3171,fig|6666666.1036479.peg.881,0.8895863771438599,0.002728778871455024,Low,High,Low–High,,,0,no STRING match,no STRING match,2284,2674,4,1
1345,fig|6666666.1036479.peg.881,fig|6666666.1036479.peg.987,0.8895863771438599,0.0027308092128772374,High,Low,Low–High,,,0,no STRING match,no STRING match,2674,2284,1,4
1346,fig|6666666.1036479.peg.881,fig|6666666.1036479.peg.2492,0.8895863771438599,0.002732839554299451,High,Low,Low–High,,,0,no STRING match,no STRING match,2674,2284,1,4
1347,fig|6666666.1036479.peg.2505,fig|6666666.1036479.peg.370,0.8895742356777191,0.0027348698957216644,Very Low,High,Very Low–High,,,0,no STRING match,no STRING match,2269,2579,1,1
1348,fig|6666666.1036479.peg.2548,fig|6666666.1036479.peg.1961,0.8895436227321625,0.0027369002371438783,High,Medium,Medium–High,,,0,no STRING match,no STRING match,2298,2943,1,1
1349,fig|6666666.1036479.peg.411,fig|6666666.1036479.peg.1494,0.8895387291908264,0.002738930578566092,Low,Very Low,Very Low–Low,Hypothetical protein.,,0,secondary STRING hit (STRING protein assigned to a better match),no STRING match,2585,2824,1,1
1350,fig|6666666.1036479.peg.1894,fig|6666666.1036479.peg.2348,0.8894799768924713,0.0027409609199883053,Medium,High,Medium–High,Hypothetical protein.,,0,secondary STRING hit (STRING protein assigned to a better match),no STRING match,2912,3019,1,1
1351,fig|6666666.1036479.peg.2948,fig|6666666.1036479.peg.1080,0.8894128322601318,0.002742991261410519,High,High,High–High,,,0,no STRING match,no STRING match,2410,2712,1,1
1352,fig|6666666.1036479.peg.2505,fig|6666666.1036479.peg.411,0.8894035696983338,0.0027450216028327323,Very Low,Low,Very Low–Low,,Hypothetical protein.,0,no STRING match,secondary STRING hit (STRING protein assigned to a better match),2269,2585,1,1
1353,fig|6666666.1036479.peg.3020,fig|6666666.1036479.peg.2327,0.8894019305706025,0.002747051944254946,Low,Medium,Low–Medium,,,0,no STRING match,no STRING match,2433,3016,1,1
1354,fig|6666666.1036479.peg.2523,fig|6666666.1036479.peg.3207,0.8893711984157562,0.0027490822856771594,Low,Medium,Low–Medium,,,0,no STRING match,no STRING match,2282,2468,1,1
1355,fig|6666666.1036479.peg.1947,fig|6666666.1036479.peg.2405,0.8893485069274902,0.002751112627099373,Medium,Medium,Medium–Medium,,Hypothetical protein; COG0605 Superoxide dismutase.,0,no STRING match,secondary STRING hit (STRING protein assigned to a better match),2930,3029,1,1
1356,fig|6666666.1036479.peg.2548,fig|6666666.1036479.peg.2839,0.8893434882164002,0.002753142968521587,High,Very Low,Very Low–High,,,0,no STRING match,no STRING match,2298,2368,1,1
1357,fig|6666666.1036479.peg.2843,fig|6666666.1036479.peg.2436,0.8893296897411347,0.0027551733099438003,Very Low,Medium,Very Low–Medium,,,0,no STRING match,no STRING match,2370,3033,1,1
1358,fig|6666666.1036479.peg.2436,fig|6666666.1036479.peg.2455,0.8893292486667633,0.002757203651366014,Medium,Medium,Medium–Medium,,,0,no STRING match,no STRING match,3033,3038,1,1
1359,fig|6666666.1036479.peg.289,fig|6666666.1036479.peg.1947,0.8892935872077942,0.0027592339927882273,High,Medium,Medium–High,Hypothetical protein.,,0,secondary STRING hit (STRING protein assigned to a better match),no STRING match,2559,2930,1,1
1360,fig|6666666.1036479.peg.728,fig|6666666.1036479.peg.2106,0.8892743170261384,0.002761264334210441,Medium,High,Medium–High,,Hypothetical protein.,0,no STRING match,secondary STRING hit (STRING protein assigned to a better match),2639,2959,1,1
1361,fig|6666666.1036479.peg.3008,fig|6666666.1036479.peg.2364,0.8892405927181244,0.0027632946756326543,Medium,Medium,Medium–Medium,,,0,no STRING match,no STRING match,2423,3022,1,1
1362,fig|6666666.1036479.peg.2539,fig|6666666.1036479.peg.866,0.8892400920391083,0.002765325017054868,Low,High,Low–High,,,0,no STRING match,no STRING match,2289,2667,1,1
1363,fig|6666666.1036479.peg.2929,fig|6666666.1036479.peg.573,0.8892389357089996,0.0027673553584770813,Very Low,Very Low,Very Low–Very Low,Hypothetical protein.,Hypothetical protein.,0,secondary STRING hit (STRING protein assigned to a better match),secondary STRING hit (STRING protein assigned to a better match),2404,2601,1,1
1364,fig|6666666.1036479.peg.2501,fig|6666666.1036479.peg.2672,0.889158970117569,0.0027693856998992953,High,Medium,Medium–High,,,0,no STRING match,no STRING match,2265,2341,1,1
1365,fig|6666666.1036479.peg.314,fig|6666666.1036479.peg.2348,0.8891471803188324,0.002771416041321509,Very Low,High,Very Low–High,,,0,no STRING match,no STRING match,2572,3019,1,1
1366,fig|6666666.1036479.peg.48,fig|6666666.1036479.peg.370,0.8890457153320312,0.0027734463827437223,Medium,High,Medium–High,,,0,no STRING match,no STRING match,2536,2579,1,1
1367,fig|6666666.1036479.peg.2920,fig|6666666.1036479.peg.1300,0.8890210270881653,0.002775476724165936,Very Low,Low,Very Low–Low,,,0,no STRING match,no STRING match,2397,2763,1,1
1368,fig|6666666.1036479.peg.2547,fig|6666666.1036479.peg.38,0.8890100717544556,0.0027775070655881493,Medium,Low,Low–Medium,,,0,no STRING match,no STRING match,2297,2526,1,2
1369,fig|6666666.1036479.peg.2547,fig|6666666.1036479.peg.186,0.8890100717544556,0.002779537407010363,Medium,Low,Low–Medium,,,0,no STRING match,no STRING match,2297,2526,1,2
1370,fig|6666666.1036479.peg.2948,fig|6666666.1036479.peg.1953,0.8890067040920258,0.0027815677484325763,High,Low,Low–High,,,0,no STRING match,no STRING match,2410,2935,1,1
1371,fig|6666666.1036479.peg.3207,fig|6666666.1036479.peg.1127,0.889002776145935,0.00278359808985479,Medium,Low,Low–Medium,,Hypothetical protein.,0,no STRING match,secondary STRING hit (STRING protein assigned to a better match),2468,2743,1,1
1372,fig|6666666.1036479.peg.573,fig|6666666.1036479.peg.1409,0.8889494955539703,0.0027856284312770038,Very Low,Medium,Very Low–Medium,Hypothetical protein.,,0,secondary STRING hit (STRING protein assigned to a better match),no STRING match,2601,2812,1,1
1373,fig|6666666.1036479.peg.236,fig|6666666.1036479.peg.866,0.8889410674571991,0.0027876587726992173,Very Low,High,Very Low–High,,,0,no STRING match,no STRING match,2552,2667,1,1
1374,fig|6666666.1036479.peg.3017,fig|6666666.1036479.peg.3231,0.888928484916687,0.0027896891141214308,Medium,Very Low,Very Low–Medium,,,0,no STRING match,no STRING match,2430,2482,1,2
1375,fig|6666666.1036479.peg.3017,fig|6666666.1036479.peg.147,0.888928484916687,0.0027917194555436443,Medium,Very Low,Very Low–Medium,,,0,no STRING match,no STRING match,2430,2482,1,2
1376,fig|6666666.1036479.peg.2547,fig|6666666.1036479.peg.2092,0.8889122605323792,0.0027937497969658578,Medium,Medium,Medium–Medium,,,0,no STRING match,no STRING match,2297,2954,1,1
1377,fig|6666666.1036479.peg.2548,fig|6666666.1036479.peg.2294,0.8889049708843231,0.0027957801383880713,High,Very Low,Very Low–High,,,0,no STRING match,no STRING match,2298,3007,1,1
1378,fig|6666666.1036479.peg.3017,fig|6666666.1036479.peg.1080,0.8888549864292145,0.002797810479810285,Medium,High,Medium–High,,,0,no STRING match,no STRING match,2430,2712,1,1
1379,fig|6666666.1036479.peg.2988,fig|6666666.1036479.peg.36,0.8888381838798523,0.0027998408212324983,Medium,Medium,Medium–Medium,Hypothetical protein.,,0,secondary STRING hit (STRING protein assigned to a better match),no STRING match,2416,2524,1,2
1380,fig|6666666.1036479.peg.2988,fig|6666666.1036479.peg.184,0.8888381838798523,0.0028018711626547122,Medium,Medium,Medium–Medium,Hypothetical protein.,,0,secondary STRING hit (STRING protein assigned to a better match),no STRING match,2416,2524,1,2
1381,fig|6666666.1036479.peg.2843,fig|6666666.1036479.peg.3222,0.8888326764106751,0.0028039015040769257,Very Low,Medium,Very Low–Medium,,,0,no STRING match,no STRING match,2370,2473,1,2
1382,fig|6666666.1036479.peg.2843,fig|6666666.1036479.peg.138,0.8888326764106751,0.0028059318454991392,Very Low,Medium,Very Low–Medium,,,0,no STRING match,no STRING match,2370,2473,1,2
1383,fig|6666666.1036479.peg.370,fig|6666666.1036479.peg.2405,0.8888187050819397,0.0028079621869213527,High,Medium,Medium–High,,Hypothetical protein; COG0605 Superoxide dismutase.,0,no STRING match,secondary STRING hit (STRING protein assigned to a better match),2579,3029,1,1
1384,fig|6666666.1036479.peg.866,fig|6666666.1036479.peg.1265,0.8887261927127839,0.0028099925283435663,High,Low,Low–High,,,0,no STRING match,no STRING match,2667,2760,1,1
1385,fig|6666666.1036479.peg.2548,fig|6666666.1036479.peg.2383,0.8886847853660583,0.0028120228697657798,High,Very Low,Very Low–High,,Hypothetical protein.,0,no STRING match,secondary STRING hit (STRING protein assigned to a better match),2298,3024,1,1
1386,fig|6666666.1036479.peg.2960,fig|6666666.1036479.peg.2988,0.8886829614639282,0.0028140532111879933,Low,Medium,Low–Medium,,Hypothetical protein.,0,no STRING match,secondary STRING hit (STRING protein assigned to a better match),2412,2416,1,1
1387,fig|6666666.1036479.peg.2506,fig|6666666.1036479.peg.1300,0.8886828184127807,0.0028160835526102068,Very Low,Low,Very Low–Low,,,0,no STRING match,no STRING match,2270,2763,6,1
1388,fig|6666666.1036479.peg.2516,fig|6666666.1036479.peg.1300,0.8886828184127807,0.0028181138940324207,Very Low,Low,Very Low–Low,,,0,no STRING match,no STRING match,2270,2763,6,1
1389,fig|6666666.1036479.peg.2522,fig|6666666.1036479.peg.1300,0.8886828184127807,0.002820144235454634,Very Low,Low,Very Low–Low,,,0,no STRING match,no STRING match,2270,2763,6,1
1390,fig|6666666.1036479.peg.974,fig|6666666.1036479.peg.1300,0.8886828184127807,0.0028221745768768477,Very Low,Low,Very Low–Low,,,0,no STRING match,no STRING match,2270,2763,6,1
1391,fig|6666666.1036479.peg.979,fig|6666666.1036479.peg.1300,0.8886828184127807,0.0028242049182990612,Very Low,Low,Very Low–Low,,,0,no STRING match,no STRING match,2270,2763,6,1
1392,fig|6666666.1036479.peg.1300,fig|6666666.1036479.peg.2491,0.8886828184127807,0.0028262352597212747,Low,Very Low,Very Low–Low,,,0,no STRING match,no STRING match,2763,2270,1,6
1393,fig|6666666.1036479.peg.3231,fig|6666666.1036479.peg.147,0.8886656761169434,0.0028282656011434882,Very Low,Very Low,Very Low–Very Low,,,0,no STRING match,no STRING match,2482,2482,2,2
1394,fig|6666666.1036479.peg.2988,fig|6666666.1036479.peg.720,0.8886606812477111,0.0028302959425657017,Medium,High,Medium–High,Hypothetical protein.,,0,secondary STRING hit (STRING protein assigned to a better match),no STRING match,2416,2631,1,1
1395,fig|6666666.1036479.peg.2548,fig|6666666.1036479.peg.2278,0.8886563301086425,0.0028323262839879152,High,Low,Low–High,,,0,no STRING match,no STRING match,2298,3005,1,1
1396,fig|6666666.1036479.peg.2548,fig|6666666.1036479.peg.3191,0.8886519551277161,0.002834356625410129,High,Medium,Medium–High,,,0,no STRING match,no STRING match,2298,2464,1,1
1397,fig|6666666.1036479.peg.1947,fig|6666666.1036479.peg.2327,0.8886017084121705,0.0028363869668323427,Medium,Medium,Medium–Medium,,,0,no STRING match,no STRING match,2930,3016,1,1
1398,fig|6666666.1036479.peg.2548,fig|6666666.1036479.peg.2809,0.8885706305503845,0.002838417308254556,High,Very Low,Very Low–High,,,0,no STRING match,no STRING match,2298,2357,1,1
1399,fig|6666666.1036479.peg.861,fig|6666666.1036479.peg.2383,0.8885502219200134,0.0028404476496767697,High,Very Low,Very Low–High,,Hypothetical protein.,0,no STRING match,secondary STRING hit (STRING protein assigned to a better match),2665,3024,1,1
1400,fig|6666666.1036479.peg.881,fig|6666666.1036479.peg.1566,0.8885409593582153,0.002842477991098983,High,High,High–High,,,0,no STRING match,no STRING match,2674,2838,1,1
1401,fig|6666666.1036479.peg.2623,fig|6666666.1036479.peg.3207,0.8885300993919373,0.0028445083325211967,Very Low,Medium,Very Low–Medium,,,0,no STRING match,no STRING match,2333,2468,1,1
1402,fig|6666666.1036479.peg.719,fig|6666666.1036479.peg.2436,0.8885186076164245,0.00284653867394341,Medium,Medium,Medium–Medium,,,0,no STRING match,no STRING match,2630,3033,1,1
1403,fig|6666666.1036479.peg.370,fig|6666666.1036479.peg.887,0.8885044276714325,0.0028485690153656237,High,Medium,Medium–High,,,0,no STRING match,no STRING match,2579,2680,1,1
1404,fig|6666666.1036479.peg.2948,fig|6666666.1036479.peg.3010,0.8884749293327332,0.0028505993567878377,High,Low,Low–High,,,0,no STRING match,no STRING match,2410,2425,1,1
1405,fig|6666666.1036479.peg.726,fig|6666666.1036479.peg.861,0.8884619235992431,0.002852629698210051,Very Low,High,Very Low–High,,,0,no STRING match,no STRING match,2637,2665,1,1
1406,fig|6666666.1036479.peg.729,fig|6666666.1036479.peg.866,0.8883994996547699,0.0028546600396322647,Medium,High,Medium–High,,,0,no STRING match,no STRING match,2640,2667,1,1
1407,fig|6666666.1036479.peg.2547,fig|6666666.1036479.peg.3017,0.8883986890316009,0.002856690381054478,Medium,Medium,Medium–Medium,,,0,no STRING match,no STRING match,2297,2430,1,1
1408,fig|6666666.1036479.peg.3015,fig|6666666.1036479.peg.1947,0.8883806705474854,0.0028587207224766917,Low,Medium,Low–Medium,,,0,no STRING match,no STRING match,2428,2930,1,1
1409,fig|6666666.1036479.peg.40,fig|6666666.1036479.peg.2348,0.8883557975292206,0.002860751063898905,Very Low,High,Very Low–High,,,0,no STRING match,no STRING match,2528,3019,2,1
1410,fig|6666666.1036479.peg.188,fig|6666666.1036479.peg.2348,0.8883557975292206,0.0028627814053211187,Very Low,High,Very Low–High,,,0,no STRING match,no STRING match,2528,3019,2,1
1411,fig|6666666.1036479.peg.866,fig|6666666.1036479.peg.1074,0.8882882297039032,0.002864811746743332,High,High,High–High,,,0,no STRING match,no STRING match,2667,2706,1,1
1412,fig|6666666.1036479.peg.3207,fig|6666666.1036479.peg.314,0.8882593154907227,0.002866842088165546,Medium,Very Low,Very Low–Medium,,,0,no STRING match,no STRING match,2468,2572,1,1
1413,fig|6666666.1036479.peg.2988,fig|6666666.1036479.peg.3184,0.8882512509822845,0.0028688724295877596,Medium,Very Low,Very Low–Medium,Hypothetical protein.,,0,secondary STRING hit (STRING protein assigned to a better match),no STRING match,2416,2457,1,1
1414,fig|6666666.1036479.peg.411,fig|6666666.1036479.peg.732,0.8881894052028656,0.002870902771009973,Low,Medium,Low–Medium,Hypothetical protein.,,0,secondary STRING hit (STRING protein assigned to a better match),no STRING match,2585,2643,1,1
1415,fig|6666666.1036479.peg.2547,fig|6666666.1036479.peg.1289,0.8881624519824982,0.0028729331124321866,Medium,Very Low,Very Low–Medium,,,0,no STRING match,no STRING match,2297,2762,1,1
1416,fig|6666666.1036479.peg.3207,fig|6666666.1036479.peg.724,0.8881523668766022,0.0028749634538544,Medium,Medium,Medium–Medium,,,0,no STRING match,no STRING match,2468,2635,1,1
1417,fig|6666666.1036479.peg.2548,fig|6666666.1036479.peg.2352,0.8881233513355256,0.0028769937952766137,High,Medium,Medium–High,,,0,no STRING match,no STRING match,2298,3020,1,1
1418,fig|6666666.1036479.peg.723,fig|6666666.1036479.peg.728,0.8881132543087006,0.002879024136698827,High,Medium,Medium–High,,,0,no STRING match,no STRING match,2634,2639,1,1
1419,fig|6666666.1036479.peg.370,fig|6666666.1036479.peg.726,0.8880967438220978,0.0028810544781210407,High,Very Low,Very Low–High,,,0,no STRING match,no STRING match,2579,2637,1,1
1420,fig|6666666.1036479.peg.2548,fig|6666666.1036479.peg.736,0.8880340337753296,0.0028830848195432546,High,Very Low,Very Low–High,,,0,no STRING match,no STRING match,2298,2647,1,1
1421,fig|6666666.1036479.peg.3184,fig|6666666.1036479.peg.411,0.888030743598938,0.002885115160965468,Very Low,Low,Very Low–Low,,Hypothetical protein.,0,no STRING match,secondary STRING hit (STRING protein assigned to a better match),2457,2585,1,1
1422,fig|6666666.1036479.peg.740,fig|6666666.1036479.peg.1947,0.8880005717277527,0.0028871455023876816,Very Low,Medium,Very Low–Medium,,,0,no STRING match,no STRING match,2651,2930,1,1
1423,fig|6666666.1036479.peg.2523,fig|6666666.1036479.peg.1300,0.8879985988140107,0.002889175843809895,Low,Low,Low–Low,,,0,no STRING match,no STRING match,2282,2763,1,1
1424,fig|6666666.1036479.peg.720,fig|6666666.1036479.peg.881,0.8879881381988526,0.0028912061852321086,High,High,High–High,,,0,no STRING match,no STRING match,2631,2674,1,1
1425,fig|6666666.1036479.peg.370,fig|6666666.1036479.peg.732,0.887976324558258,0.002893236526654322,High,Medium,Medium–High,,,0,no STRING match,no STRING match,2579,2643,1,1
1426,fig|6666666.1036479.peg.2548,fig|6666666.1036479.peg.3187,0.8879069685935974,0.0028952668680765356,High,Very Low,Very Low–High,,Hypothetical protein.,0,no STRING match,secondary STRING hit (STRING protein assigned to a better match),2298,2460,1,1
1427,fig|6666666.1036479.peg.2809,fig|6666666.1036479.peg.861,0.8878244996070862,0.002897297209498749,Very Low,High,Very Low–High,,,0,no STRING match,no STRING match,2357,2665,1,1
1428,fig|6666666.1036479.peg.1947,fig|6666666.1036479.peg.2454,0.8877271294593811,0.002899327550920963,Medium,Medium,Medium–Medium,,,0,no STRING match,no STRING match,2930,3037,1,1
1429,fig|6666666.1036479.peg.2548,fig|6666666.1036479.peg.731,0.8876826584339141,0.0029013578923431766,High,Low,Low–High,,,0,no STRING match,no STRING match,2298,2642,1,1
1430,fig|6666666.1036479.peg.40,fig|6666666.1036479.peg.866,0.8876525640487671,0.00290338823376539,Very Low,High,Very Low–High,,,0,no STRING match,no STRING match,2528,2667,2,1
1431,fig|6666666.1036479.peg.188,fig|6666666.1036479.peg.866,0.8876525640487671,0.0029054185751876036,Very Low,High,Very Low–High,,,0,no STRING match,no STRING match,2528,2667,2,1
1432,fig|6666666.1036479.peg.3207,fig|6666666.1036479.peg.1566,0.8876059114933014,0.002907448916609817,Medium,High,Medium–High,,,0,no STRING match,no STRING match,2468,2838,1,1
1433,fig|6666666.1036479.peg.573,fig|6666666.1036479.peg.2093,0.8875901997089386,0.0029094792580320306,Very Low,Medium,Very Low–Medium,Hypothetical protein.,,0,secondary STRING hit (STRING protein assigned to a better match),no STRING match,2601,2955,1,1
1434,fig|6666666.1036479.peg.2535,fig|6666666.1036479.peg.370,0.8875711560249329,0.002911509599454244,Very Low,High,Very Low–High,,,0,no STRING match,no STRING match,2285,2579,1,1
1435,fig|6666666.1036479.peg.2891,fig|6666666.1036479.peg.370,0.8875413000583648,0.0029135399408764576,Medium,High,Medium–High,,,0,no STRING match,no STRING match,2390,2579,1,1
1436,fig|6666666.1036479.peg.2520,fig|6666666.1036479.peg.861,0.8875332713127136,0.0029155702822986716,Very Low,High,Very Low–High,,,0,no STRING match,no STRING match,2280,2665,1,1
1437,fig|6666666.1036479.peg.861,fig|6666666.1036479.peg.1957,0.8875265955924988,0.002917600623720885,High,Medium,Medium–High,,,0,no STRING match,no STRING match,2665,2939,1,1
1438,fig|6666666.1036479.peg.2517,fig|6666666.1036479.peg.411,0.8875241577625275,0.0029196309651430986,Medium,Low,Low–Medium,,Hypothetical protein.,0,no STRING match,secondary STRING hit (STRING protein assigned to a better match),2279,2585,1,1
1439,fig|6666666.1036479.peg.728,fig|6666666.1036479.peg.1655,0.8874633014202118,0.002921661306565312,Medium,Medium,Medium–Medium,,,0,no STRING match,no STRING match,2639,2882,1,1
1440,fig|6666666.1036479.peg.2672,fig|6666666.1036479.peg.726,0.8874242305755615,0.0029236916479875256,Medium,Very Low,Very Low–Medium,,,0,no STRING match,no STRING match,2341,2637,1,1
1441,fig|6666666.1036479.peg.2505,fig|6666666.1036479.peg.861,0.8874100983142853,0.002925721989409739,Very Low,High,Very Low–High,,,0,no STRING match,no STRING match,2269,2665,1,1
1442,fig|6666666.1036479.peg.2547,fig|6666666.1036479.peg.719,0.8874095201492309,0.0029277523308319526,Medium,Medium,Medium–Medium,,,0,no STRING match,no STRING match,2297,2630,1,1
1443,fig|6666666.1036479.peg.2548,fig|6666666.1036479.peg.3012,0.887394380569458,0.002929782672254166,High,Low,Low–High,,,0,no STRING match,no STRING match,2298,2427,1,1
1444,fig|6666666.1036479.peg.3207,fig|6666666.1036479.peg.236,0.8873759925365448,0.00293181301367638,Medium,Very Low,Very Low–Medium,,,0,no STRING match,no STRING match,2468,2552,1,1
1445,fig|6666666.1036479.peg.38,fig|6666666.1036479.peg.573,0.8873566210269928,0.0029338433550985935,Low,Very Low,Very Low–Low,,Hypothetical protein.,0,no STRING match,secondary STRING hit (STRING protein assigned to a better match),2526,2601,2,1
1446,fig|6666666.1036479.peg.186,fig|6666666.1036479.peg.573,0.8873566210269928,0.002935873696520807,Low,Very Low,Very Low–Low,,Hypothetical protein.,0,no STRING match,secondary STRING hit (STRING protein assigned to a better match),2526,2601,2,1
1447,fig|6666666.1036479.peg.3020,fig|6666666.1036479.peg.2405,0.8873540997505188,0.0029379040379430205,Low,Medium,Low–Medium,,Hypothetical protein; COG0605 Superoxide dismutase.,0,no STRING match,secondary STRING hit (STRING protein assigned to a better match),2433,3029,1,1
1448,fig|6666666.1036479.peg.3222,fig|6666666.1036479.peg.1657,0.8872875511646271,0.002939934379365234,Medium,Medium,Medium–Medium,,,0,no STRING match,no STRING match,2473,2883,2,1
1449,fig|6666666.1036479.peg.138,fig|6666666.1036479.peg.1657,0.8872875511646271,0.0029419647207874476,Medium,Medium,Medium–Medium,,,0,no STRING match,no STRING match,2473,2883,2,1
1450,fig|6666666.1036479.peg.2948,fig|6666666.1036479.peg.3209,0.8872833669185638,0.002943995062209661,High,Medium,Medium–High,,,0,no STRING match,no STRING match,2410,2469,1,1
1451,fig|6666666.1036479.peg.2114,fig|6666666.1036479.peg.2364,0.8872014284133911,0.0029460254036318746,Very Low,Medium,Very Low–Medium,"COG1629 Outer membrane receptor proteins, mostly Fe transport.",,0,secondary STRING hit (STRING protein assigned to a better match),no STRING match,2964,3022,1,1
1452,fig|6666666.1036479.peg.942,fig|6666666.1036479.peg.1947,0.8871678531169891,0.0029480557450540885,Very Low,Medium,Very Low–Medium,,,0,no STRING match,no STRING match,2691,2930,1,1
1453,fig|6666666.1036479.peg.1947,fig|6666666.1036479.peg.1962,0.8871601700782776,0.002950086086476302,Medium,Medium,Medium–Medium,,,0,no STRING match,no STRING match,2930,2944,1,1
1454,fig|6666666.1036479.peg.2535,fig|6666666.1036479.peg.411,0.8871529877185822,0.0029521164278985155,Very Low,Low,Very Low–Low,,Hypothetical protein.,0,no STRING match,secondary STRING hit (STRING protein assigned to a better match),2285,2585,1,1
1455,fig|6666666.1036479.peg.881,fig|6666666.1036479.peg.2436,0.887142789363861,0.002954146769320729,High,Medium,Medium–High,,,0,no STRING match,no STRING match,2674,3033,1,1
1456,fig|6666666.1036479.peg.2988,fig|6666666.1036479.peg.1945,0.8870792031288147,0.0029561771107429425,Medium,Very Low,Very Low–Medium,Hypothetical protein.,,0,secondary STRING hit (STRING protein assigned to a better match),no STRING match,2416,2928,1,1
1457,fig|6666666.1036479.peg.3207,fig|6666666.1036479.peg.1949,0.8869940400123596,0.002958207452165156,Medium,Medium,Medium–Medium,,,0,no STRING match,no STRING match,2468,2932,1,1
1458,fig|6666666.1036479.peg.2672,fig|6666666.1036479.peg.1957,0.8869035005569458,0.0029602377935873695,Medium,Medium,Medium–Medium,,,0,no STRING match,no STRING match,2341,2939,1,1
1459,fig|6666666.1036479.peg.3033,fig|6666666.1036479.peg.2348,0.8868713796138763,0.002962268135009583,Low,High,Low–High,,,0,no STRING match,no STRING match,2437,3019,1,1
1460,fig|6666666.1036479.peg.1943,fig|6666666.1036479.peg.1947,0.886852353811264,0.002964298476431797,Medium,Medium,Medium–Medium,COG3103 SH3 domain protein.,,0,secondary STRING hit (STRING protein assigned to a better match),no STRING match,2926,2930,1,1
1461,fig|6666666.1036479.peg.3213,fig|6666666.1036479.peg.866,0.886829286813736,0.0029663288178540105,Very Low,High,Very Low–High,,,0,no STRING match,no STRING match,2470,2667,1,1
1462,fig|6666666.1036479.peg.370,fig|6666666.1036479.peg.1127,0.8868149936199188,0.002968359159276224,High,Low,Low–High,,Hypothetical protein.,0,no STRING match,secondary STRING hit (STRING protein assigned to a better match),2579,2743,1,1
1463,fig|6666666.1036479.peg.573,fig|6666666.1036479.peg.1289,0.8867826998233795,0.0029703895006984375,Very Low,Very Low,Very Low–Very Low,Hypothetical protein.,,0,secondary STRING hit (STRING protein assigned to a better match),no STRING match,2601,2762,1,1
1464,fig|6666666.1036479.peg.2948,fig|6666666.1036479.peg.3188,0.8867492616176605,0.002972419842120651,High,Medium,Medium–High,,,0,no STRING match,no STRING match,2410,2461,1,1
1465,fig|6666666.1036479.peg.881,fig|6666666.1036479.peg.1657,0.8867410004138947,0.0029744501835428645,High,Medium,Medium–High,,,0,no STRING match,no STRING match,2674,2883,1,1
1466,fig|6666666.1036479.peg.2548,fig|6666666.1036479.peg.2854,0.8867398381233216,0.002976480524965078,High,Low,Low–High,,,0,no STRING match,no STRING match,2298,2373,1,1
1467,fig|6666666.1036479.peg.2556,fig|6666666.1036479.peg.2948,0.886731994152069,0.0029785108663872915,High,High,High–High,,,0,no STRING match,no STRING match,2306,2410,2,1
1468,fig|6666666.1036479.peg.2564,fig|6666666.1036479.peg.2948,0.886731994152069,0.0029805412078095055,High,High,High–High,,,0,no STRING match,no STRING match,2306,2410,2,1
1469,fig|6666666.1036479.peg.2520,fig|6666666.1036479.peg.2348,0.8866605401039124,0.002982571549231719,Very Low,High,Very Low–High,,,0,no STRING match,no STRING match,2280,3019,1,1
1470,fig|6666666.1036479.peg.2517,fig|6666666.1036479.peg.370,0.886617237329483,0.0029846018906539325,Medium,High,Medium–High,,,0,no STRING match,no STRING match,2279,2579,1,1
1471,fig|6666666.1036479.peg.2920,fig|6666666.1036479.peg.3222,0.8866049230098725,0.002986632232076146,Very Low,Medium,Very Low–Medium,,,0,no STRING match,no STRING match,2397,2473,1,2
1472,fig|6666666.1036479.peg.2920,fig|6666666.1036479.peg.138,0.8866049230098725,0.0029886625734983595,Very Low,Medium,Very Low–Medium,,,0,no STRING match,no STRING match,2397,2473,1,2
1473,fig|6666666.1036479.peg.1300,fig|6666666.1036479.peg.2364,0.8865472495555877,0.002990692914920573,Low,Medium,Low–Medium,,,0,no STRING match,no STRING match,2763,3022,1,1
1474,fig|6666666.1036479.peg.370,fig|6666666.1036479.peg.724,0.8865436971187591,0.0029927232563427865,High,Medium,Medium–High,,,0,no STRING match,no STRING match,2579,2635,1,1
1475,fig|6666666.1036479.peg.3033,fig|6666666.1036479.peg.370,0.8865327179431916,0.002994753597765,Low,High,Low–High,,,0,no STRING match,no STRING match,2437,2579,1,1
1476,fig|6666666.1036479.peg.2918,fig|6666666.1036479.peg.411,0.8865167737007141,0.002996783939187214,Very Low,Low,Very Low–Low,,Hypothetical protein.,0,no STRING match,secondary STRING hit (STRING protein assigned to a better match),2396,2585,1,1
1477,fig|6666666.1036479.peg.3213,fig|6666666.1036479.peg.370,0.8864691495895386,0.0029988142806094274,Very Low,High,Very Low–High,,,0,no STRING match,no STRING match,2470,2579,1,1
1478,fig|6666666.1036479.peg.314,fig|6666666.1036479.peg.370,0.8864592909812927,0.003000844622031641,Very Low,High,Very Low–High,,,0,no STRING match,no STRING match,2572,2579,1,1
1479,fig|6666666.1036479.peg.2988,fig|6666666.1036479.peg.1953,0.8864554464817047,0.0030028749634538545,Medium,Low,Low–Medium,Hypothetical protein.,,0,secondary STRING hit (STRING protein assigned to a better match),no STRING match,2416,2935,1,1
1480,fig|6666666.1036479.peg.2929,fig|6666666.1036479.peg.881,0.8864342451095581,0.003004905304876068,Very Low,High,Very Low–High,Hypothetical protein.,,0,secondary STRING hit (STRING protein assigned to a better match),no STRING match,2404,2674,1,1
1481,fig|6666666.1036479.peg.2548,fig|6666666.1036479.peg.1950,0.8864228546619415,0.0030069356462982815,High,Very Low,Very Low–High,,,0,no STRING match,no STRING match,2298,2933,1,1
1482,fig|6666666.1036479.peg.3184,fig|6666666.1036479.peg.2364,0.886385726928711,0.003008965987720495,Very Low,Medium,Very Low–Medium,,,0,no STRING match,no STRING match,2457,3022,1,1
1483,fig|6666666.1036479.peg.2548,fig|6666666.1036479.peg.1447,0.8863489091396332,0.0030109963291427085,High,Low,Low–High,,,0,no STRING match,no STRING match,2298,2821,1,1
1484,fig|6666666.1036479.peg.2672,fig|6666666.1036479.peg.3213,0.886331069469452,0.0030130266705649224,Medium,Very Low,Very Low–Medium,,,0,no STRING match,no STRING match,2341,2470,1,1
1485,fig|6666666.1036479.peg.2505,fig|6666666.1036479.peg.2348,0.8863172829151154,0.003015057011987136,Very Low,High,Very Low–High,,,0,no STRING match,no STRING match,2269,3019,1,1
1486,fig|6666666.1036479.peg.2548,fig|6666666.1036479.peg.1957,0.8863164365291596,0.0030170873534093494,High,Medium,Medium–High,,,0,no STRING match,no STRING match,2298,2939,1,1
1487,fig|6666666.1036479.peg.411,fig|6666666.1036479.peg.885,0.8863011598587036,0.003019117694831563,Low,Medium,Low–Medium,Hypothetical protein.,,0,secondary STRING hit (STRING protein assigned to a better match),no STRING match,2585,2678,1,1
1488,fig|6666666.1036479.peg.728,fig|6666666.1036479.peg.1617,0.8862820386886596,0.0030211480362537764,Medium,Low,Low–Medium,,,0,no STRING match,no STRING match,2639,2864,1,2
1489,fig|6666666.1036479.peg.728,fig|6666666.1036479.peg.1625,0.8862820386886596,0.00302317837767599,Medium,Low,Low–Medium,,,0,no STRING match,no STRING match,2639,2864,1,2
1490,fig|6666666.1036479.peg.2948,fig|6666666.1036479.peg.1409,0.8861954212188721,0.0030252087190982034,High,Medium,Medium–High,,,0,no STRING match,no STRING match,2410,2812,1,1
1491,fig|6666666.1036479.peg.3015,fig|6666666.1036479.peg.728,0.8861645340919495,0.003027239060520417,Low,Medium,Low–Medium,,,0,no STRING match,no STRING match,2428,2639,1,1
1492,fig|6666666.1036479.peg.2548,fig|6666666.1036479.peg.2166,0.8861609101295471,0.003029269401942631,High,Very Low,Very Low–High,,,0,no STRING match,no STRING match,2298,2987,1,1
1493,fig|6666666.1036479.peg.1949,fig|6666666.1036479.peg.2348,0.8861607730388641,0.0030312997433648444,Medium,High,Medium–High,,,0,no STRING match,no STRING match,2932,3019,1,1
1494,fig|6666666.1036479.peg.2548,fig|6666666.1036479.peg.2469,0.886135321855545,0.003033330084787058,High,Very Low,Very Low–High,,,0,no STRING match,no STRING match,2298,3042,1,1
1495,fig|6666666.1036479.peg.2814,fig|6666666.1036479.peg.3207,0.8860943078994751,0.0030353604262092714,Very Low,Medium,Very Low–Medium,,,0,no STRING match,no STRING match,2358,2468,1,1
1496,fig|6666666.1036479.peg.1946,fig|6666666.1036479.peg.2364,0.8860660493373871,0.003037390767631485,Medium,Medium,Medium–Medium,,,0,no STRING match,no STRING match,2929,3022,1,1
1497,fig|6666666.1036479.peg.3020,fig|6666666.1036479.peg.1943,0.886058509349823,0.0030394211090536984,Low,Medium,Low–Medium,,COG3103 SH3 domain protein.,0,no STRING match,secondary STRING hit (STRING protein assigned to a better match),2433,2926,1,1
1498,fig|6666666.1036479.peg.411,fig|6666666.1036479.peg.1943,0.8860564351081848,0.003041451450475912,Low,Medium,Low–Medium,Hypothetical protein.,COG3103 SH3 domain protein.,0,secondary STRING hit (STRING protein assigned to a better match),secondary STRING hit (STRING protein assigned to a better match),2585,2926,1,1
1499,fig|6666666.1036479.peg.866,fig|6666666.1036479.peg.1951,0.886044830083847,0.0030434817918981254,High,High,High–High,,,0,no STRING match,no STRING match,2667,2934,1,1
1500,fig|6666666.1036479.peg.411,fig|6666666.1036479.peg.1409,0.8860060393810272,0.0030455121333203394,Low,Medium,Low–Medium,Hypothetical protein.,,0,secondary STRING hit (STRING protein assigned to a better match),no STRING match,2585,2812,1,1
1501,fig|6666666.1036479.peg.3020,fig|6666666.1036479.peg.1962,0.8859745800495148,0.003047542474742553,Low,Medium,Low–Medium,,,0,no STRING match,no STRING match,2433,2944,1,1
1502,fig|6666666.1036479.peg.1919,fig|6666666.1036479.peg.2348,0.8859487771987915,0.0030495728161647664,Very Low,High,Very Low–High,,,0,no STRING match,no STRING match,2920,3019,1,1
1503,fig|6666666.1036479.peg.728,fig|6666666.1036479.peg.2327,0.8859356880187989,0.00305160315758698,Medium,Medium,Medium–Medium,,,0,no STRING match,no STRING match,2639,3016,1,1
1504,fig|6666666.1036479.peg.289,fig|6666666.1036479.peg.728,0.8859355807304382,0.0030536334990091934,High,Medium,Medium–High,Hypothetical protein.,,0,secondary STRING hit (STRING protein assigned to a better match),no STRING match,2559,2639,1,1
1505,fig|6666666.1036479.peg.2948,fig|6666666.1036479.peg.723,0.8859257280826569,0.003055663840431407,High,High,High–High,,,0,no STRING match,no STRING match,2410,2634,1,1
1506,fig|6666666.1036479.peg.2679,fig|6666666.1036479.peg.1300,0.885920238494873,0.0030576941818536204,Medium,Low,Low–Medium,,,0,no STRING match,no STRING match,2342,2763,1,1
1507,fig|6666666.1036479.peg.3222,fig|6666666.1036479.peg.2455,0.8858686447143554,0.003059724523275834,Medium,Medium,Medium–Medium,,,0,no STRING match,no STRING match,2473,3038,2,1
1508,fig|6666666.1036479.peg.138,fig|6666666.1036479.peg.2455,0.8858686447143554,0.003061754864698048,Medium,Medium,Medium–Medium,,,0,no STRING match,no STRING match,2473,3038,2,1
1509,fig|6666666.1036479.peg.411,fig|6666666.1036479.peg.1617,0.8858452677726746,0.0030637852061202613,Low,Low,Low–Low,Hypothetical protein.,,0,secondary STRING hit (STRING protein assigned to a better match),no STRING match,2585,2864,1,2
1510,fig|6666666.1036479.peg.411,fig|6666666.1036479.peg.1625,0.8858452677726746,0.003065815547542475,Low,Low,Low–Low,Hypothetical protein.,,0,secondary STRING hit (STRING protein assigned to a better match),no STRING match,2585,2864,1,2
1511,fig|6666666.1036479.peg.2504,fig|6666666.1036479.peg.2348,0.8858319818973541,0.0030678458889646884,Very Low,High,Very Low–High,,,0,no STRING match,no STRING match,2268,3019,1,1
1512,fig|6666666.1036479.peg.3231,fig|6666666.1036479.peg.573,0.8857511162757874,0.003069876230386902,Very Low,Very Low,Very Low–Very Low,,Hypothetical protein.,0,no STRING match,secondary STRING hit (STRING protein assigned to a better match),2482,2601,2,1
1513,fig|6666666.1036479.peg.147,fig|6666666.1036479.peg.573,0.8857511162757874,0.0030719065718091154,Very Low,Very Low,Very Low–Very Low,,Hypothetical protein.,0,no STRING match,secondary STRING hit (STRING protein assigned to a better match),2482,2601,2,1
1514,fig|6666666.1036479.peg.2960,fig|6666666.1036479.peg.3017,0.8857490599155426,0.003073936913231329,Low,Medium,Low–Medium,,,0,no STRING match,no STRING match,2412,2430,1,1
1515,fig|6666666.1036479.peg.2532,fig|6666666.1036479.peg.1300,0.8857461154460907,0.0030759672546535424,Low,Low,Low–Low,,,0,no STRING match,no STRING match,2284,2763,4,1
1516,fig|6666666.1036479.peg.3171,fig|6666666.1036479.peg.1300,0.8857461154460907,0.0030779975960757563,Low,Low,Low–Low,,,0,no STRING match,no STRING match,2284,2763,4,1
1517,fig|6666666.1036479.peg.987,fig|6666666.1036479.peg.1300,0.8857461154460907,0.00308002793749797,Low,Low,Low–Low,,,0,no STRING match,no STRING match,2284,2763,4,1
1518,fig|6666666.1036479.peg.1300,fig|6666666.1036479.peg.2492,0.8857461154460907,0.0030820582789201833,Low,Low,Low–Low,,,0,no STRING match,no STRING match,2763,2284,1,4
1519,fig|6666666.1036479.peg.2547,fig|6666666.1036479.peg.2455,0.8857266426086425,0.003084088620342397,Medium,Medium,Medium–Medium,,,0,no STRING match,no STRING match,2297,3038,1,1
1520,fig|6666666.1036479.peg.573,fig|6666666.1036479.peg.2106,0.8857155740261078,0.0030861189617646103,Very Low,High,Very Low–High,Hypothetical protein.,Hypothetical protein.,0,secondary STRING hit (STRING protein assigned to a better match),secondary STRING hit (STRING protein assigned to a better match),2601,2959,1,1
1521,fig|6666666.1036479.peg.2672,fig|6666666.1036479.peg.3100,0.8856701791286469,0.003088149303186824,Medium,Medium,Medium–Medium,,,0,no STRING match,no STRING match,2341,2443,1,1
1522,fig|6666666.1036479.peg.3020,fig|6666666.1036479.peg.942,0.8856673896312713,0.0030901796446090373,Low,Very Low,Very Low–Low,,,0,no STRING match,no STRING match,2433,2691,1,1
1523,fig|6666666.1036479.peg.48,fig|6666666.1036479.peg.1947,0.8856537163257598,0.003092209986031251,Medium,Medium,Medium–Medium,,,0,no STRING match,no STRING match,2536,2930,1,1
1524,fig|6666666.1036479.peg.866,fig|6666666.1036479.peg.1894,0.8856386601924896,0.003094240327453465,High,Medium,Medium–High,,Hypothetical protein.,0,no STRING match,secondary STRING hit (STRING protein assigned to a better match),2667,2912,1,1
1525,fig|6666666.1036479.peg.2535,fig|6666666.1036479.peg.861,0.885617470741272,0.0030962706688756783,Very Low,High,Very Low–High,,,0,no STRING match,no STRING match,2285,2665,1,1
1526,fig|6666666.1036479.peg.887,fig|6666666.1036479.peg.1947,0.8856122493743896,0.003098301010297892,Medium,Medium,Medium–Medium,,,0,no STRING match,no STRING match,2680,2930,1,1
1527,fig|6666666.1036479.peg.2509,fig|6666666.1036479.peg.3207,0.8855826199054718,0.0031003313517201053,Very Low,Medium,Very Low–Medium,,,0,no STRING match,no STRING match,2273,2468,15,1
1528,fig|6666666.1036479.peg.2513,fig|6666666.1036479.peg.3207,0.8855826199054718,0.003102361693142319,Very Low,Medium,Very Low–Medium,,,0,no STRING match,no STRING match,2273,2468,15,1
1529,fig|6666666.1036479.peg.2519,fig|6666666.1036479.peg.3207,0.8855826199054718,0.0031043920345645323,Very Low,Medium,Very Low–Medium,,,0,no STRING match,no STRING match,2273,2468,15,1
1530,fig|6666666.1036479.peg.2526,fig|6666666.1036479.peg.3207,0.8855826199054718,0.003106422375986746,Very Low,Medium,Very Low–Medium,,,0,no STRING match,no STRING match,2273,2468,15,1
1531,fig|6666666.1036479.peg.2530,fig|6666666.1036479.peg.3207,0.8855826199054718,0.0031084527174089593,Very Low,Medium,Very Low–Medium,,,0,no STRING match,no STRING match,2273,2468,15,1
1532,fig|6666666.1036479.peg.2534,fig|6666666.1036479.peg.3207,0.8855826199054718,0.0031104830588311733,Very Low,Medium,Very Low–Medium,,,0,no STRING match,no STRING match,2273,2468,15,1
1533,fig|6666666.1036479.peg.3173,fig|6666666.1036479.peg.3207,0.8855826199054718,0.0031125134002533868,Very Low,Medium,Very Low–Medium,,,0,no STRING match,no STRING match,2273,2468,15,1
1534,fig|6666666.1036479.peg.3207,fig|6666666.1036479.peg.971,0.8855826199054718,0.0031145437416756003,Medium,Very Low,Very Low–Medium,,,0,no STRING match,no STRING match,2468,2273,1,15
1535,fig|6666666.1036479.peg.3207,fig|6666666.1036479.peg.976,0.8855826199054718,0.0031165740830978138,Medium,Very Low,Very Low–Medium,,,0,no STRING match,no STRING match,2468,2273,1,15
1536,fig|6666666.1036479.peg.3207,fig|6666666.1036479.peg.981,0.8855826199054718,0.0031186044245200273,Medium,Very Low,Very Low–Medium,,,0,no STRING match,no STRING match,2468,2273,1,15
1537,fig|6666666.1036479.peg.3207,fig|6666666.1036479.peg.985,0.8855826199054718,0.003120634765942241,Medium,Very Low,Very Low–Medium,,,0,no STRING match,no STRING match,2468,2273,1,15
1538,fig|6666666.1036479.peg.3207,fig|6666666.1036479.peg.989,0.8855826199054718,0.0031226651073644543,Medium,Very Low,Very Low–Medium,,,0,no STRING match,no STRING match,2468,2273,1,15
1539,fig|6666666.1036479.peg.3207,fig|6666666.1036479.peg.2489,0.8855826199054718,0.003124695448786668,Medium,Very Low,Very Low–Medium,,,0,no STRING match,no STRING match,2468,2273,1,15
1540,fig|6666666.1036479.peg.3207,fig|6666666.1036479.peg.2494,0.8855826199054718,0.0031267257902088817,Medium,Very Low,Very Low–Medium,,,0,no STRING match,no STRING match,2468,2273,1,15
1541,fig|6666666.1036479.peg.3207,fig|6666666.1036479.peg.2498,0.8855826199054718,0.0031287561316310952,Medium,Very Low,Very Low–Medium,,,0,no STRING match,no STRING match,2468,2273,1,15
1542,fig|6666666.1036479.peg.2988,fig|6666666.1036479.peg.1946,0.8855798184871674,0.0031307864730533088,Medium,Medium,Medium–Medium,Hypothetical protein.,,0,secondary STRING hit (STRING protein assigned to a better match),no STRING match,2416,2929,1,1
1543,fig|6666666.1036479.peg.729,fig|6666666.1036479.peg.2348,0.8855536997318267,0.0031328168144755223,Medium,High,Medium–High,,,0,no STRING match,no STRING match,2640,3019,1,1
1544,fig|6666666.1036479.peg.728,fig|6666666.1036479.peg.2093,0.8855495274066925,0.0031348471558977358,Medium,Medium,Medium–Medium,,,0,no STRING match,no STRING match,2639,2955,1,1
1545,fig|6666666.1036479.peg.2506,fig|6666666.1036479.peg.3020,0.8855448961257935,0.0031368774973199493,Very Low,Low,Very Low–Low,,,0,no STRING match,no STRING match,2270,2433,6,1
1546,fig|6666666.1036479.peg.2516,fig|6666666.1036479.peg.3020,0.8855448961257935,0.0031389078387421628,Very Low,Low,Very Low–Low,,,0,no STRING match,no STRING match,2270,2433,6,1
1547,fig|6666666.1036479.peg.2522,fig|6666666.1036479.peg.3020,0.8855448961257935,0.0031409381801643763,Very Low,Low,Very Low–Low,,,0,no STRING match,no STRING match,2270,2433,6,1
1548,fig|6666666.1036479.peg.3020,fig|6666666.1036479.peg.974,0.8855448961257935,0.00314296852158659,Low,Very Low,Very Low–Low,,,0,no STRING match,no STRING match,2433,2270,1,6
1549,fig|6666666.1036479.peg.3020,fig|6666666.1036479.peg.979,0.8855448961257935,0.0031449988630088037,Low,Very Low,Very Low–Low,,,0,no STRING match,no STRING match,2433,2270,1,6
1550,fig|6666666.1036479.peg.3020,fig|6666666.1036479.peg.2491,0.8855448961257935,0.0031470292044310172,Low,Very Low,Very Low–Low,,,0,no STRING match,no STRING match,2433,2270,1,6
1551,fig|6666666.1036479.peg.2948,fig|6666666.1036479.peg.2106,0.8855357587337493,0.0031490595458532307,High,High,High–High,,Hypothetical protein.,0,no STRING match,secondary STRING hit (STRING protein assigned to a better match),2410,2959,1,1
1552,fig|6666666.1036479.peg.3008,fig|6666666.1036479.peg.2436,0.8854641735553741,0.0031510898872754442,Medium,Medium,Medium–Medium,,,0,no STRING match,no STRING match,2423,3033,1,1
1553,fig|6666666.1036479.peg.2920,fig|6666666.1036479.peg.725,0.8854224562644959,0.0031531202286976577,Very Low,Very Low,Very Low–Very Low,,,0,no STRING match,no STRING match,2397,2636,1,1
1554,fig|6666666.1036479.peg.36,fig|6666666.1036479.peg.2364,0.8853850364685059,0.0031551505701198712,Medium,Medium,Medium–Medium,,,0,no STRING match,no STRING match,2524,3022,2,1
1555,fig|6666666.1036479.peg.184,fig|6666666.1036479.peg.2364,0.8853850364685059,0.0031571809115420848,Medium,Medium,Medium–Medium,,,0,no STRING match,no STRING match,2524,3022,2,1
1556,fig|6666666.1036479.peg.2672,fig|6666666.1036479.peg.1913,0.8853575646877289,0.0031592112529642987,Medium,Very Low,Very Low–Medium,,,0,no STRING match,no STRING match,2341,2917,1,1
1557,fig|6666666.1036479.peg.2539,fig|6666666.1036479.peg.370,0.8853367328643799,0.003161241594386512,Low,High,Low–High,,,0,no STRING match,no STRING match,2289,2579,1,1
1558,fig|6666666.1036479.peg.3077,fig|6666666.1036479.peg.370,0.8853224813938141,0.0031632719358087257,Medium,High,Medium–High,,,0,no STRING match,no STRING match,2440,2579,1,1
1559,fig|6666666.1036479.peg.2988,fig|6666666.1036479.peg.3010,0.8852695882320404,0.003165302277230939,Medium,Low,Low–Medium,Hypothetical protein.,,0,secondary STRING hit (STRING protein assigned to a better match),no STRING match,2416,2425,1,1
1560,fig|6666666.1036479.peg.2506,fig|6666666.1036479.peg.1947,0.8852595686912537,0.0031673326186531527,Very Low,Medium,Very Low–Medium,,,0,no STRING match,no STRING match,2270,2930,6,1
1561,fig|6666666.1036479.peg.2516,fig|6666666.1036479.peg.1947,0.8852595686912537,0.003169362960075366,Very Low,Medium,Very Low–Medium,,,0,no STRING match,no STRING match,2270,2930,6,1
1562,fig|6666666.1036479.peg.2522,fig|6666666.1036479.peg.1947,0.8852595686912537,0.0031713933014975797,Very Low,Medium,Very Low–Medium,,,0,no STRING match,no STRING match,2270,2930,6,1
1563,fig|6666666.1036479.peg.974,fig|6666666.1036479.peg.1947,0.8852595686912537,0.0031734236429197932,Very Low,Medium,Very Low–Medium,,,0,no STRING match,no STRING match,2270,2930,6,1
1564,fig|6666666.1036479.peg.979,fig|6666666.1036479.peg.1947,0.8852595686912537,0.003175453984342007,Very Low,Medium,Very Low–Medium,,,0,no STRING match,no STRING match,2270,2930,6,1
1565,fig|6666666.1036479.peg.1947,fig|6666666.1036479.peg.2491,0.8852595686912537,0.0031774843257642207,Medium,Very Low,Very Low–Medium,,,0,no STRING match,no STRING match,2930,2270,1,6
1566,fig|6666666.1036479.peg.40,fig|6666666.1036479.peg.370,0.8852483689785003,0.003179514667186434,Very Low,High,Very Low–High,,,0,no STRING match,no STRING match,2528,2579,2,1
1567,fig|6666666.1036479.peg.188,fig|6666666.1036479.peg.370,0.8852483689785003,0.0031815450086086477,Very Low,High,Very Low–High,,,0,no STRING match,no STRING match,2528,2579,2,1
1568,fig|6666666.1036479.peg.411,fig|6666666.1036479.peg.1567,0.8852443099021912,0.003183575350030861,Low,Low,Low–Low,Hypothetical protein.,,0,secondary STRING hit (STRING protein assigned to a better match),no STRING match,2585,2839,1,1
1569,fig|6666666.1036479.peg.2548,fig|6666666.1036479.peg.3100,0.8852275788784028,0.0031856056914530747,High,Medium,Medium–High,,,0,no STRING match,no STRING match,2298,2443,1,1
1570,fig|6666666.1036479.peg.2512,fig|6666666.1036479.peg.2548,0.8852120518684388,0.003187636032875288,Very Low,High,Very Low–High,,,0,no STRING match,no STRING match,2276,2298,13,1
1571,fig|6666666.1036479.peg.2518,fig|6666666.1036479.peg.2548,0.8852120518684388,0.0031896663742975017,Very Low,High,Very Low–High,,,0,no STRING match,no STRING match,2276,2298,13,1
1572,fig|6666666.1036479.peg.2525,fig|6666666.1036479.peg.2548,0.8852120518684388,0.0031916967157197156,Very Low,High,Very Low–High,,,0,no STRING match,no STRING match,2276,2298,13,1
1573,fig|6666666.1036479.peg.2529,fig|6666666.1036479.peg.2548,0.8852120518684388,0.003193727057141929,Very Low,High,Very Low–High,,,0,no STRING match,no STRING match,2276,2298,13,1
1574,fig|6666666.1036479.peg.2533,fig|6666666.1036479.peg.2548,0.8852120518684388,0.0031957573985641427,Very Low,High,Very Low–High,,,0,no STRING match,no STRING match,2276,2298,13,1
1575,fig|6666666.1036479.peg.2548,fig|6666666.1036479.peg.3172,0.8852120518684388,0.003197787739986356,High,Very Low,Very Low–High,,,0,no STRING match,no STRING match,2298,2276,1,13
1576,fig|6666666.1036479.peg.2548,fig|6666666.1036479.peg.972,0.8852120518684388,0.0031998180814085697,High,Very Low,Very Low–High,,,0,no STRING match,no STRING match,2298,2276,1,13
1577,fig|6666666.1036479.peg.2548,fig|6666666.1036479.peg.977,0.8852120518684388,0.003201848422830783,High,Very Low,Very Low–High,,,0,no STRING match,no STRING match,2298,2276,1,13
1578,fig|6666666.1036479.peg.2548,fig|6666666.1036479.peg.982,0.8852120518684388,0.0032038787642529967,High,Very Low,Very Low–High,,,0,no STRING match,no STRING match,2298,2276,1,13
1579,fig|6666666.1036479.peg.2548,fig|6666666.1036479.peg.986,0.8852120518684388,0.00320590910567521,High,Very Low,Very Low–High,,,0,no STRING match,no STRING match,2298,2276,1,13
1580,fig|6666666.1036479.peg.2548,fig|6666666.1036479.peg.990,0.8852120518684388,0.003207939447097424,High,Very Low,Very Low–High,,,0,no STRING match,no STRING match,2298,2276,1,13
1581,fig|6666666.1036479.peg.2548,fig|6666666.1036479.peg.2488,0.8852120518684388,0.0032099697885196376,High,Very Low,Very Low–High,,,0,no STRING match,no STRING match,2298,2276,1,13
1582,fig|6666666.1036479.peg.2548,fig|6666666.1036479.peg.2493,0.8852120518684388,0.003212000129941851,High,Very Low,Very Low–High,,,0,no STRING match,no STRING match,2298,2276,1,13
1583,fig|6666666.1036479.peg.817,fig|6666666.1036479.peg.866,0.8852065324783325,0.0032140304713640646,Low,High,Low–High,Phospholipid/glycerol acyltransferase; COG4258 Predicted exporter.,,0,secondary STRING hit (STRING protein assigned to a better match),no STRING match,2663,2667,1,1
1584,fig|6666666.1036479.peg.1308,fig|6666666.1036479.peg.2455,0.8851704061031341,0.003216060812786278,Medium,Medium,Medium–Medium,,,0,no STRING match,no STRING match,2764,3038,1,1
1585,fig|6666666.1036479.peg.3184,fig|6666666.1036479.peg.3222,0.8851594865322113,0.0032180911542084916,Very Low,Medium,Very Low–Medium,,,0,no STRING match,no STRING match,2457,2473,1,2
1586,fig|6666666.1036479.peg.3184,fig|6666666.1036479.peg.138,0.8851594865322113,0.003220121495630705,Very Low,Medium,Very Low–Medium,,,0,no STRING match,no STRING match,2457,2473,1,2
1587,fig|6666666.1036479.peg.2548,fig|6666666.1036479.peg.1344,0.8851577818393708,0.0032221518370529187,High,Very Low,Very Low–High,,,0,no STRING match,no STRING match,2298,2782,1,1
1588,fig|6666666.1036479.peg.725,fig|6666666.1036479.peg.881,0.8851521909236908,0.0032241821784751326,Very Low,High,Very Low–High,,,0,no STRING match,no STRING match,2636,2674,1,1
1589,fig|6666666.1036479.peg.728,fig|6666666.1036479.peg.740,0.8851502418518067,0.003226212519897346,Medium,Very Low,Very Low–Medium,,,0,no STRING match,no STRING match,2639,2651,1,1
1590,fig|6666666.1036479.peg.3017,fig|6666666.1036479.peg.38,0.8851163446903229,0.0032282428613195596,Medium,Low,Low–Medium,,,0,no STRING match,no STRING match,2430,2526,1,2
1591,fig|6666666.1036479.peg.3017,fig|6666666.1036479.peg.186,0.8851163446903229,0.003230273202741773,Medium,Low,Low–Medium,,,0,no STRING match,no STRING match,2430,2526,1,2
1592,fig|6666666.1036479.peg.3188,fig|6666666.1036479.peg.573,0.8850901365280152,0.0032323035441639866,Medium,Very Low,Very Low–Medium,,Hypothetical protein.,0,no STRING match,secondary STRING hit (STRING protein assigned to a better match),2461,2601,1,1
1593,fig|6666666.1036479.peg.725,fig|6666666.1036479.peg.1657,0.8850192248821258,0.0032343338855862,Very Low,Medium,Very Low–Medium,,,0,no STRING match,no STRING match,2636,2883,1,1
1594,fig|6666666.1036479.peg.3020,fig|6666666.1036479.peg.2454,0.8850055456161499,0.0032363642270084136,Low,Medium,Low–Medium,,,0,no STRING match,no STRING match,2433,3037,1,1
1595,fig|6666666.1036479.peg.3254,fig|6666666.1036479.peg.2436,0.8849919438362122,0.003238394568430627,High,Medium,Medium–High,,,0,no STRING match,no STRING match,2505,3033,3,1
1596,fig|6666666.1036479.peg.22,fig|6666666.1036479.peg.2436,0.8849919438362122,0.003240424909852841,High,Medium,Medium–High,,,0,no STRING match,no STRING match,2505,3033,3,1
1597,fig|6666666.1036479.peg.170,fig|6666666.1036479.peg.2436,0.8849919438362122,0.0032424552512750546,High,Medium,Medium–High,,,0,no STRING match,no STRING match,2505,3033,3,1
1598,fig|6666666.1036479.peg.1410,fig|6666666.1036479.peg.2364,0.8849792957305909,0.003244485592697268,Medium,Medium,Medium–Medium,,,0,no STRING match,no STRING match,2813,3022,1,1
1599,fig|6666666.1036479.peg.573,fig|6666666.1036479.peg.720,0.8849410712718964,0.0032465159341194816,Very Low,High,Very Low–High,Hypothetical protein.,,0,secondary STRING hit (STRING protein assigned to a better match),no STRING match,2601,2631,1,1
1600,fig|6666666.1036479.peg.3077,fig|6666666.1036479.peg.411,0.8849392652511596,0.003248546275541695,Medium,Low,Low–Medium,,Hypothetical protein.,0,no STRING match,secondary STRING hit (STRING protein assigned to a better match),2440,2585,1,1
1601,fig|6666666.1036479.peg.3231,fig|6666666.1036479.peg.38,0.884868723154068,0.0032505766169639086,Very Low,Low,Very Low–Low,,,0,no STRING match,no STRING match,2482,2526,2,2
1602,fig|6666666.1036479.peg.3231,fig|6666666.1036479.peg.186,0.884868723154068,0.003252606958386122,Very Low,Low,Very Low–Low,,,0,no STRING match,no STRING match,2482,2526,2,2
1603,fig|6666666.1036479.peg.38,fig|6666666.1036479.peg.147,0.884868723154068,0.0032546372998083356,Low,Very Low,Very Low–Low,,,0,no STRING match,no STRING match,2526,2482,2,2
1604,fig|6666666.1036479.peg.147,fig|6666666.1036479.peg.186,0.884868723154068,0.0032566676412305495,Very Low,Low,Very Low–Low,,,0,no STRING match,no STRING match,2482,2526,2,2
1605,fig|6666666.1036479.peg.2524,fig|6666666.1036479.peg.2548,0.8848117828369141,0.003258697982652763,Low,High,Low–High,,,0,no STRING match,no STRING match,2283,2298,1,1
1606,fig|6666666.1036479.peg.2918,fig|6666666.1036479.peg.370,0.8848031997680664,0.0032607283240749766,Very Low,High,Very Low–High,,,0,no STRING match,no STRING match,2396,2579,1,1
1607,fig|6666666.1036479.peg.573,fig|6666666.1036479.peg.723,0.8846620678901672,0.00326275866549719,Very Low,High,Very Low–High,Hypothetical protein.,,0,secondary STRING hit (STRING protein assigned to a better match),no STRING match,2601,2634,1,1
1608,fig|6666666.1036479.peg.1308,fig|6666666.1036479.peg.2092,0.8846050083637238,0.0032647890069194036,Medium,Medium,Medium–Medium,,,0,no STRING match,no STRING match,2764,2954,1,1
1609,fig|6666666.1036479.peg.2571,fig|6666666.1036479.peg.411,0.8845629274845124,0.003266819348341617,Medium,Low,Low–Medium,,Hypothetical protein.,0,no STRING match,secondary STRING hit (STRING protein assigned to a better match),2316,2585,1,1
1610,fig|6666666.1036479.peg.370,fig|6666666.1036479.peg.2454,0.884557431936264,0.0032688496897638306,High,Medium,Medium–High,,,0,no STRING match,no STRING match,2579,3037,1,1
1611,fig|6666666.1036479.peg.2948,fig|6666666.1036479.peg.1655,0.8845505714416504,0.003270880031186044,High,Medium,Medium–High,,,0,no STRING match,no STRING match,2410,2882,1,1
1612,fig|6666666.1036479.peg.732,fig|6666666.1036479.peg.866,0.884525603055954,0.003272910372608258,Medium,High,Medium–High,,,0,no STRING match,no STRING match,2643,2667,1,1
1613,fig|6666666.1036479.peg.314,fig|6666666.1036479.peg.1947,0.8844501495361328,0.0032749407140304715,Very Low,Medium,Very Low–Medium,,,0,no STRING match,no STRING match,2572,2930,1,1
1614,fig|6666666.1036479.peg.2520,fig|6666666.1036479.peg.866,0.8844239950180054,0.003276971055452685,Very Low,High,Very Low–High,,,0,no STRING match,no STRING match,2280,2667,1,1
1615,fig|6666666.1036479.peg.3010,fig|6666666.1036479.peg.573,0.8844076752662658,0.0032790013968748985,Low,Very Low,Very Low–Low,,Hypothetical protein.,0,no STRING match,secondary STRING hit (STRING protein assigned to a better match),2425,2601,1,1
1616,fig|6666666.1036479.peg.3207,fig|6666666.1036479.peg.729,0.8843950927257538,0.003281031738297112,Medium,Medium,Medium–Medium,,,0,no STRING match,no STRING match,2468,2640,1,1
1617,fig|6666666.1036479.peg.2988,fig|6666666.1036479.peg.1080,0.884389328956604,0.0032830620797193255,Medium,High,Medium–High,Hypothetical protein.,,0,secondary STRING hit (STRING protein assigned to a better match),no STRING match,2416,2712,1,1
1618,fig|6666666.1036479.peg.3020,fig|6666666.1036479.peg.48,0.8843232035636902,0.003285092421141539,Low,Medium,Low–Medium,,,0,no STRING match,no STRING match,2433,2536,1,1
1619,fig|6666666.1036479.peg.38,fig|6666666.1036479.peg.186,0.8843094706535339,0.0032871227625637526,Low,Low,Low–Low,,,0,no STRING match,no STRING match,2526,2526,2,2
1620,fig|6666666.1036479.peg.411,fig|6666666.1036479.peg.942,0.8843082249164581,0.0032891531039859665,Low,Very Low,Very Low–Low,Hypothetical protein.,,0,secondary STRING hit (STRING protein assigned to a better match),no STRING match,2585,2691,1,1
1621,fig|6666666.1036479.peg.719,fig|6666666.1036479.peg.1300,0.8842851042747497,0.00329118344540818,Medium,Low,Low–Medium,,,0,no STRING match,no STRING match,2630,2763,1,1
1622,fig|6666666.1036479.peg.2548,fig|6666666.1036479.peg.1913,0.8842648446559906,0.0032932137868303935,High,Very Low,Very Low–High,,,0,no STRING match,no STRING match,2298,2917,1,1
1623,fig|6666666.1036479.peg.2535,fig|6666666.1036479.peg.2348,0.8842634201049805,0.003295244128252607,Very Low,High,Very Low–High,,,0,no STRING match,no STRING match,2285,3019,1,1
1624,fig|6666666.1036479.peg.2556,fig|6666666.1036479.peg.573,0.8841901600360871,0.0032972744696748205,High,Very Low,Very Low–High,,Hypothetical protein.,0,no STRING match,secondary STRING hit (STRING protein assigned to a better match),2306,2601,2,1
1625,fig|6666666.1036479.peg.2564,fig|6666666.1036479.peg.573,0.8841901600360871,0.003299304811097034,High,Very Low,Very Low–High,,Hypothetical protein.,0,no STRING match,secondary STRING hit (STRING protein assigned to a better match),2306,2601,2,1
1626,fig|6666666.1036479.peg.2547,fig|6666666.1036479.peg.2960,0.8841338574886322,0.0033013351525192475,Medium,Low,Low–Medium,,,0,no STRING match,no STRING match,2297,2412,1,1
1627,fig|6666666.1036479.peg.573,fig|6666666.1036479.peg.1617,0.8840872585773468,0.003303365493941461,Very Low,Low,Very Low–Low,Hypothetical protein.,,0,secondary STRING hit (STRING protein assigned to a better match),no STRING match,2601,2864,1,2
1628,fig|6666666.1036479.peg.573,fig|6666666.1036479.peg.1625,0.8840872585773468,0.003305395835363675,Very Low,Low,Very Low–Low,Hypothetical protein.,,0,secondary STRING hit (STRING protein assigned to a better match),no STRING match,2601,2864,1,2
1629,fig|6666666.1036479.peg.861,fig|6666666.1036479.peg.1913,0.8840852200984954,0.0033074261767858885,High,Very Low,Very Low–High,,,0,no STRING match,no STRING match,2665,2917,1,1
1630,fig|6666666.1036479.peg.2988,fig|6666666.1036479.peg.1409,0.8840353190898895,0.003309456518208102,Medium,Medium,Medium–Medium,Hypothetical protein.,,0,secondary STRING hit (STRING protein assigned to a better match),no STRING match,2416,2812,1,1
1631,fig|6666666.1036479.peg.2505,fig|6666666.1036479.peg.2672,0.8840331614017487,0.0033114868596303155,Very Low,Medium,Very Low–Medium,,,0,no STRING match,no STRING match,2269,2341,1,1
1632,fig|6666666.1036479.peg.2548,fig|6666666.1036479.peg.31,0.8840270578861237,0.003313517201052529,High,Very Low,Very Low–High,,,0,no STRING match,no STRING match,2298,2519,1,2
1633,fig|6666666.1036479.peg.2548,fig|6666666.1036479.peg.179,0.8840270578861237,0.0033155475424747425,High,Very Low,Very Low–High,,,0,no STRING match,no STRING match,2298,2519,1,2
1634,fig|6666666.1036479.peg.411,fig|6666666.1036479.peg.1962,0.884014469385147,0.003317577883896956,Low,Medium,Low–Medium,Hypothetical protein.,,0,secondary STRING hit (STRING protein assigned to a better match),no STRING match,2585,2944,1,1
1635,fig|6666666.1036479.peg.3213,fig|6666666.1036479.peg.2348,0.8840066373348237,0.0033196082253191695,Very Low,High,Very Low–High,,,0,no STRING match,no STRING match,2470,3019,1,1
1636,fig|6666666.1036479.peg.410,fig|6666666.1036479.peg.1954,0.8839619576930999,0.0033216385667413834,Very Low,Low,Very Low–Low,,,0,no STRING match,no STRING match,2584,2936,1,1
1637,fig|6666666.1036479.peg.3020,fig|6666666.1036479.peg.885,0.8839425086975098,0.003323668908163597,Low,Medium,Low–Medium,,,0,no STRING match,no STRING match,2433,2678,1,1
1638,fig|6666666.1036479.peg.2924,fig|6666666.1036479.peg.728,0.88393914103508,0.0033256992495858105,Very Low,Medium,Very Low–Medium,,,0,no STRING match,no STRING match,2401,2639,1,1
1639,fig|6666666.1036479.peg.2539,fig|6666666.1036479.peg.2348,0.8839337348937988,0.003327729591008024,Low,High,Low–High,,,0,no STRING match,no STRING match,2289,3019,1,1
1640,fig|6666666.1036479.peg.2920,fig|6666666.1036479.peg.1657,0.8839276254177093,0.0033297599324302375,Very Low,Medium,Very Low–Medium,,,0,no STRING match,no STRING match,2397,2883,1,1
1641,fig|6666666.1036479.peg.866,fig|6666666.1036479.peg.2404,0.8838676393032074,0.003331790273852451,High,Medium,Medium–High,,Hypothetical protein; COG0605 Superoxide dismutase.,0,no STRING match,secondary STRING hit (STRING protein assigned to a better match),2667,3028,1,1
1642,fig|6666666.1036479.peg.2924,fig|6666666.1036479.peg.573,0.8838468015193939,0.0033338206152746645,Very Low,Very Low,Very Low–Very Low,,Hypothetical protein.,0,no STRING match,secondary STRING hit (STRING protein assigned to a better match),2401,2601,1,1
1643,fig|6666666.1036479.peg.2948,fig|6666666.1036479.peg.1617,0.8838459551334381,0.003335850956696878,High,Low,Low–High,,,0,no STRING match,no STRING match,2410,2864,1,2
1644,fig|6666666.1036479.peg.2948,fig|6666666.1036479.peg.1625,0.8838459551334381,0.003337881298119092,High,Low,Low–High,,,0,no STRING match,no STRING match,2410,2864,1,2
1645,fig|6666666.1036479.peg.370,fig|6666666.1036479.peg.1494,0.8838158309459686,0.0033399116395413054,High,Very Low,Very Low–High,,,0,no STRING match,no STRING match,2579,2824,1,1
1646,fig|6666666.1036479.peg.881,fig|6666666.1036479.peg.889,0.8837979674339295,0.003341941980963519,High,Low,Low–High,,,0,no STRING match,no STRING match,2674,2682,1,1
1647,fig|6666666.1036479.peg.2988,fig|6666666.1036479.peg.3188,0.8837899386882782,0.0033439723223857324,Medium,Medium,Medium–Medium,Hypothetical protein.,,0,secondary STRING hit (STRING protein assigned to a better match),no STRING match,2416,2461,1,1
1648,fig|6666666.1036479.peg.3207,fig|6666666.1036479.peg.1894,0.8837551712989807,0.003346002663807946,Medium,Medium,Medium–Medium,,Hypothetical protein.,0,no STRING match,secondary STRING hit (STRING protein assigned to a better match),2468,2912,1,1
1649,fig|6666666.1036479.peg.866,fig|6666666.1036479.peg.1344,0.8837544977664947,0.0033480330052301594,High,Very Low,Very Low–High,,,0,no STRING match,no STRING match,2667,2782,1,1
1650,fig|6666666.1036479.peg.2679,fig|6666666.1036479.peg.3020,0.8837263584136963,0.003350063346652373,Medium,Low,Low–Medium,,,0,no STRING match,no STRING match,2342,2433,1,1
1651,fig|6666666.1036479.peg.3223,fig|6666666.1036479.peg.728,0.8836572587490081,0.0033520936880745865,High,Medium,Medium–High,,,0,no STRING match,no STRING match,2474,2639,2,1
1652,fig|6666666.1036479.peg.139,fig|6666666.1036479.peg.728,0.8836572587490081,0.0033541240294968004,High,Medium,Medium–High,,,0,no STRING match,no STRING match,2474,2639,2,1
1653,fig|6666666.1036479.peg.2814,fig|6666666.1036479.peg.881,0.8836316049098969,0.003356154370919014,Very Low,High,Very Low–High,,,0,no STRING match,no STRING match,2358,2674,1,1
1654,fig|6666666.1036479.peg.2515,fig|6666666.1036479.peg.2548,0.8836169540882111,0.0033581847123412274,Very Low,High,Very Low–High,,,0,no STRING match,no STRING match,2278,2298,1,1
1655,fig|6666666.1036479.peg.725,fig|6666666.1036479.peg.2092,0.8836136043071747,0.003360215053763441,Very Low,Medium,Very Low–Medium,,,0,no STRING match,no STRING match,2636,2954,1,1
1656,fig|6666666.1036479.peg.1946,fig|6666666.1036479.peg.2436,0.883581030368805,0.0033622453951856544,Medium,Medium,Medium–Medium,,,0,no STRING match,no STRING match,2929,3033,1,1
1657,fig|6666666.1036479.peg.3008,fig|6666666.1036479.peg.3222,0.8835675239562988,0.003364275736607868,Medium,Medium,Medium–Medium,,,0,no STRING match,no STRING match,2423,2473,1,2
1658,fig|6666666.1036479.peg.3008,fig|6666666.1036479.peg.138,0.8835675239562988,0.0033663060780300814,Medium,Medium,Medium–Medium,,,0,no STRING match,no STRING match,2423,2473,1,2
1659,fig|6666666.1036479.peg.866,fig|6666666.1036479.peg.2352,0.8835591554641724,0.003368336419452295,High,Medium,Medium–High,,,0,no STRING match,no STRING match,2667,3020,1,1
1660,fig|6666666.1036479.peg.2548,fig|6666666.1036479.peg.392,0.8835579514503479,0.003370366760874509,High,Very Low,Very Low–High,,,0,no STRING match,no STRING match,2298,2581,1,1
1661,fig|6666666.1036479.peg.2809,fig|6666666.1036479.peg.2348,0.8835204482078552,0.0033723971022967224,Very Low,High,Very Low–High,,,0,no STRING match,no STRING match,2357,3019,1,1
1662,fig|6666666.1036479.peg.2987,fig|6666666.1036479.peg.861,0.8834844589233398,0.003374427443718936,Very Low,High,Very Low–High,,,0,no STRING match,no STRING match,2415,2665,1,1
1663,fig|6666666.1036479.peg.3207,fig|6666666.1036479.peg.817,0.8834680497646332,0.0033764577851411494,Medium,Low,Low–Medium,,Phospholipid/glycerol acyltransferase; COG4258 Predicted exporter.,0,no STRING match,secondary STRING hit (STRING protein assigned to a better match),2468,2663,1,1
1664,fig|6666666.1036479.peg.2520,fig|6666666.1036479.peg.2672,0.8834446609020233,0.003378488126563363,Very Low,Medium,Very Low–Medium,,,0,no STRING match,no STRING match,2280,2341,1,1
1665,fig|6666666.1036479.peg.2548,fig|6666666.1036479.peg.2382,0.8834434628486634,0.0033805184679855764,High,Very Low,Very Low–High,,Rhs element Vgr protein; COG3501 Uncharacterized protein conserved in bacteria.,0,no STRING match,secondary STRING hit (STRING protein assigned to a better match),2298,3023,1,1
1666,fig|6666666.1036479.peg.2891,fig|6666666.1036479.peg.3020,0.8834384441375732,0.00338254880940779,Medium,Low,Low–Medium,,,0,no STRING match,no STRING match,2390,2433,1,1
1667,fig|6666666.1036479.peg.2548,fig|6666666.1036479.peg.1092,0.8833193719387055,0.0033845791508300034,High,Very Low,Very Low–High,,,0,no STRING match,no STRING match,2298,2715,1,1
1668,fig|6666666.1036479.peg.1945,fig|6666666.1036479.peg.2364,0.883317482471466,0.0033866094922522173,Very Low,Medium,Very Low–Medium,,,0,no STRING match,no STRING match,2928,3022,1,1
1669,fig|6666666.1036479.peg.1951,fig|6666666.1036479.peg.2348,0.8833031773567199,0.003388639833674431,High,High,High–High,,,0,no STRING match,no STRING match,2934,3019,1,1
1670,fig|6666666.1036479.peg.2548,fig|6666666.1036479.peg.1785,0.8832375824451446,0.0033906701750966444,High,Very Low,Very Low–High,,,0,no STRING match,no STRING match,2298,2898,1,1
1671,fig|6666666.1036479.peg.3184,fig|6666666.1036479.peg.2436,0.8831993877887726,0.003392700516518858,Very Low,Medium,Very Low–Medium,,,0,no STRING match,no STRING match,2457,3033,1,1
1672,fig|6666666.1036479.peg.2348,fig|6666666.1036479.peg.2404,0.8831939160823822,0.0033947308579410714,High,Medium,Medium–High,,Hypothetical protein; COG0605 Superoxide dismutase.,0,no STRING match,secondary STRING hit (STRING protein assigned to a better match),3019,3028,1,1
1673,fig|6666666.1036479.peg.2506,fig|6666666.1036479.peg.728,0.8831711530685424,0.003396761199363285,Very Low,Medium,Very Low–Medium,,,0,no STRING match,no STRING match,2270,2639,6,1
1674,fig|6666666.1036479.peg.2516,fig|6666666.1036479.peg.728,0.8831711530685424,0.0033987915407854984,Very Low,Medium,Very Low–Medium,,,0,no STRING match,no STRING match,2270,2639,6,1
1675,fig|6666666.1036479.peg.2522,fig|6666666.1036479.peg.728,0.8831711530685424,0.003400821882207712,Very Low,Medium,Very Low–Medium,,,0,no STRING match,no STRING match,2270,2639,6,1
1676,fig|6666666.1036479.peg.728,fig|6666666.1036479.peg.974,0.8831711530685424,0.003402852223629926,Medium,Very Low,Very Low–Medium,,,0,no STRING match,no STRING match,2639,2270,1,6
1677,fig|6666666.1036479.peg.728,fig|6666666.1036479.peg.979,0.8831711530685424,0.0034048825650521393,Medium,Very Low,Very Low–Medium,,,0,no STRING match,no STRING match,2639,2270,1,6
1678,fig|6666666.1036479.peg.728,fig|6666666.1036479.peg.2491,0.8831711530685424,0.003406912906474353,Medium,Very Low,Very Low–Medium,,,0,no STRING match,no STRING match,2639,2270,1,6
1679,fig|6666666.1036479.peg.2891,fig|6666666.1036479.peg.1947,0.8831618070602417,0.0034089432478965663,Medium,Medium,Medium–Medium,,,0,no STRING match,no STRING match,2390,2930,1,1
1680,fig|6666666.1036479.peg.885,fig|6666666.1036479.peg.1947,0.883152425289154,0.00341097358931878,Medium,Medium,Medium–Medium,,,0,no STRING match,no STRING match,2678,2930,1,1
1681,fig|6666666.1036479.peg.3020,fig|6666666.1036479.peg.887,0.88314448595047,0.0034130039307409933,Low,Medium,Low–Medium,,,0,no STRING match,no STRING match,2433,2680,1,1
1682,fig|6666666.1036479.peg.2532,fig|6666666.1036479.peg.3020,0.8831418335437775,0.003415034272163207,Low,Low,Low–Low,,,0,no STRING match,no STRING match,2284,2433,4,1
1683,fig|6666666.1036479.peg.3020,fig|6666666.1036479.peg.3171,0.8831418335437775,0.0034170646135854204,Low,Low,Low–Low,,,0,no STRING match,no STRING match,2433,2284,1,4
1684,fig|6666666.1036479.peg.3020,fig|6666666.1036479.peg.987,0.8831418335437775,0.0034190949550076343,Low,Low,Low–Low,,,0,no STRING match,no STRING match,2433,2284,1,4
1685,fig|6666666.1036479.peg.3020,fig|6666666.1036479.peg.2492,0.8831418335437775,0.003421125296429848,Low,Low,Low–Low,,,0,no STRING match,no STRING match,2433,2284,1,4
1686,fig|6666666.1036479.peg.3207,fig|6666666.1036479.peg.1567,0.8831303477287292,0.0034231556378520613,Medium,Low,Low–Medium,,,0,no STRING match,no STRING match,2468,2839,1,1
1687,fig|6666666.1036479.peg.3231,fig|6666666.1036479.peg.1308,0.8831201612949371,0.003425185979274275,Very Low,Medium,Very Low–Medium,,,0,no STRING match,no STRING match,2482,2764,2,1
1688,fig|6666666.1036479.peg.147,fig|6666666.1036479.peg.1308,0.8831201612949371,0.0034272163206964883,Very Low,Medium,Very Low–Medium,,,0,no STRING match,no STRING match,2482,2764,2,1
1689,fig|6666666.1036479.peg.2843,fig|6666666.1036479.peg.411,0.8831081807613372,0.003429246662118702,Very Low,Low,Very Low–Low,,Hypothetical protein.,0,no STRING match,secondary STRING hit (STRING protein assigned to a better match),2370,2585,1,1
1690,fig|6666666.1036479.peg.3077,fig|6666666.1036479.peg.861,0.8831078827381134,0.0034312770035409153,Medium,High,Medium–High,,,0,no STRING match,no STRING match,2440,2665,1,1
1691,fig|6666666.1036479.peg.2505,fig|6666666.1036479.peg.866,0.8830268919467926,0.003433307344963129,Very Low,High,Very Low–High,,,0,no STRING match,no STRING match,2269,2667,1,1
1692,fig|6666666.1036479.peg.3100,fig|6666666.1036479.peg.861,0.8830207347869873,0.0034353376863853428,Medium,High,Medium–High,,,0,no STRING match,no STRING match,2443,2665,1,1
1693,fig|6666666.1036479.peg.1947,fig|6666666.1036479.peg.1949,0.8830197274684906,0.0034373680278075563,Medium,Medium,Medium–Medium,,,0,no STRING match,no STRING match,2930,2932,1,1
1694,fig|6666666.1036479.peg.2571,fig|6666666.1036479.peg.3020,0.8830102145671844,0.00343939836922977,Medium,Low,Low–Medium,,,0,no STRING match,no STRING match,2316,2433,1,1
1695,fig|6666666.1036479.peg.889,fig|6666666.1036479.peg.2364,0.88298459649086,0.0034414287106519833,Low,Medium,Low–Medium,,,0,no STRING match,no STRING match,2682,3022,1,1
1696,fig|6666666.1036479.peg.2929,fig|6666666.1036479.peg.2364,0.8828427970409394,0.003443459052074197,Very Low,Medium,Very Low–Medium,Hypothetical protein.,,0,secondary STRING hit (STRING protein assigned to a better match),no STRING match,2404,3022,1,1
1697,fig|6666666.1036479.peg.3207,fig|6666666.1036479.peg.40,0.8828158855438233,0.0034454893934964103,Medium,Very Low,Very Low–Medium,,,0,no STRING match,no STRING match,2468,2528,1,2
1698,fig|6666666.1036479.peg.3207,fig|6666666.1036479.peg.188,0.8828158855438233,0.003447519734918624,Medium,Very Low,Very Low–Medium,,,0,no STRING match,no STRING match,2468,2528,1,2
1699,fig|6666666.1036479.peg.2948,fig|6666666.1036479.peg.2093,0.8827963411808014,0.0034495500763408373,High,Medium,Medium–High,,,0,no STRING match,no STRING match,2410,2955,1,1
1700,fig|6666666.1036479.peg.3207,fig|6666666.1036479.peg.1074,0.8827946186065674,0.0034515804177630512,Medium,High,Medium–High,,,0,no STRING match,no STRING match,2468,2706,1,1
1701,fig|6666666.1036479.peg.2988,fig|6666666.1036479.peg.3209,0.8827672719955444,0.0034536107591852648,Medium,Medium,Medium–Medium,Hypothetical protein.,,0,secondary STRING hit (STRING protein assigned to a better match),no STRING match,2416,2469,1,1
1702,fig|6666666.1036479.peg.2547,fig|6666666.1036479.peg.3008,0.8826835095882416,0.0034556411006074783,Medium,Medium,Medium–Medium,,,0,no STRING match,no STRING match,2297,2423,1,1
1703,fig|6666666.1036479.peg.2548,fig|6666666.1036479.peg.2969,0.882681155204773,0.0034576714420296918,High,Very Low,Very Low–High,,,0,no STRING match,no STRING match,2298,2414,1,1
1704,fig|6666666.1036479.peg.3142,fig|6666666.1036479.peg.861,0.8826496839523316,0.0034597017834519053,Low,High,Low–High,,,0,no STRING match,no STRING match,2448,2665,1,1
1705,fig|6666666.1036479.peg.3209,fig|6666666.1036479.peg.573,0.8826488196849823,0.0034617321248741188,Medium,Very Low,Very Low–Medium,,Hypothetical protein.,0,no STRING match,secondary STRING hit (STRING protein assigned to a better match),2469,2601,1,1
1706,fig|6666666.1036479.peg.1300,fig|6666666.1036479.peg.2436,0.8826286613941192,0.0034637624662963323,Low,Medium,Low–Medium,,,0,no STRING match,no STRING match,2763,3033,1,1
1707,fig|6666666.1036479.peg.3017,fig|6666666.1036479.peg.1289,0.8826050460338593,0.003465792807718546,Medium,Very Low,Very Low–Medium,,,0,no STRING match,no STRING match,2430,2762,1,1
1708,fig|6666666.1036479.peg.2679,fig|6666666.1036479.peg.1947,0.8825438618659973,0.0034678231491407597,Medium,Medium,Medium–Medium,,,0,no STRING match,no STRING match,2342,2930,1,1
1709,fig|6666666.1036479.peg.2548,fig|6666666.1036479.peg.1207,0.8825417280197143,0.0034698534905629732,High,Low,Low–High,,,0,no STRING match,no STRING match,2298,2750,1,1
1710,fig|6666666.1036479.peg.866,fig|6666666.1036479.peg.1412,0.8825380384922028,0.0034718838319851867,High,Medium,Medium–High,,,0,no STRING match,no STRING match,2667,2815,1,1
1711,fig|6666666.1036479.peg.3020,fig|6666666.1036479.peg.1127,0.8825309753417969,0.0034739141734074002,Low,Low,Low–Low,,Hypothetical protein.,0,no STRING match,secondary STRING hit (STRING protein assigned to a better match),2433,2743,1,1
1712,fig|6666666.1036479.peg.2532,fig|6666666.1036479.peg.1947,0.8824912786483765,0.0034759445148296137,Low,Medium,Low–Medium,,,0,no STRING match,no STRING match,2284,2930,4,1
1713,fig|6666666.1036479.peg.3171,fig|6666666.1036479.peg.1947,0.8824912786483765,0.0034779748562518273,Low,Medium,Low–Medium,,,0,no STRING match,no STRING match,2284,2930,4,1
1714,fig|6666666.1036479.peg.987,fig|6666666.1036479.peg.1947,0.8824912786483765,0.0034800051976740408,Low,Medium,Low–Medium,,,0,no STRING match,no STRING match,2284,2930,4,1
1715,fig|6666666.1036479.peg.1947,fig|6666666.1036479.peg.2492,0.8824912786483765,0.0034820355390962543,Medium,Low,Low–Medium,,,0,no STRING match,no STRING match,2930,2284,1,4
1716,fig|6666666.1036479.peg.2988,fig|6666666.1036479.peg.2106,0.8824826121330261,0.003484065880518468,Medium,High,Medium–High,Hypothetical protein.,Hypothetical protein.,0,secondary STRING hit (STRING protein assigned to a better match),secondary STRING hit (STRING protein assigned to a better match),2416,2959,1,1
1717,fig|6666666.1036479.peg.2547,fig|6666666.1036479.peg.889,0.882383406162262,0.0034860962219406817,Medium,Low,Low–Medium,,,0,no STRING match,no STRING match,2297,2682,1,1
1718,fig|6666666.1036479.peg.2548,fig|6666666.1036479.peg.879,0.8823707878589631,0.003488126563362895,High,Very Low,Very Low–High,,Rhs element Vgr protein; COG3501 Uncharacterized protein conserved in bacteria.,0,no STRING match,secondary STRING hit (STRING protein assigned to a better match),2298,2672,1,1
1719,fig|6666666.1036479.peg.2920,fig|6666666.1036479.peg.719,0.8823678910732269,0.0034901569047851087,Very Low,Medium,Very Low–Medium,,,0,no STRING match,no STRING match,2397,2630,1,1
1720,fig|6666666.1036479.peg.2571,fig|6666666.1036479.peg.1947,0.8823609709739685,0.0034921872462073222,Medium,Medium,Medium–Medium,,,0,no STRING match,no STRING match,2316,2930,1,1
1721,fig|6666666.1036479.peg.2960,fig|6666666.1036479.peg.573,0.8823599934577941,0.0034942175876295357,Low,Very Low,Very Low–Low,,Hypothetical protein.,0,no STRING match,secondary STRING hit (STRING protein assigned to a better match),2412,2601,1,1
1722,fig|6666666.1036479.peg.2556,fig|6666666.1036479.peg.2988,0.8823214709758759,0.0034962479290517492,High,Medium,Medium–High,,Hypothetical protein.,0,no STRING match,secondary STRING hit (STRING protein assigned to a better match),2306,2416,2,1
1723,fig|6666666.1036479.peg.2564,fig|6666666.1036479.peg.2988,0.8823214709758759,0.0034982782704739627,High,Medium,Medium–High,,Hypothetical protein.,0,no STRING match,secondary STRING hit (STRING protein assigned to a better match),2306,2416,2,1
1724,fig|6666666.1036479.peg.3231,fig|6666666.1036479.peg.1289,0.8823155462741852,0.0035003086118961767,Very Low,Very Low,Very Low–Very Low,,,0,no STRING match,no STRING match,2482,2762,2,1
1725,fig|6666666.1036479.peg.147,fig|6666666.1036479.peg.1289,0.8823155462741852,0.00350233895331839,Very Low,Very Low,Very Low–Very Low,,,0,no STRING match,no STRING match,2482,2762,2,1
1726,fig|6666666.1036479.peg.1953,fig|6666666.1036479.peg.2364,0.8823050796985626,0.0035043692947406037,Low,Medium,Low–Medium,,,0,no STRING match,no STRING match,2935,3022,1,1
1727,fig|6666666.1036479.peg.2535,fig|6666666.1036479.peg.2672,0.8822735607624054,0.003506399636162817,Very Low,Medium,Very Low–Medium,,,0,no STRING match,no STRING match,2285,2341,1,1
1728,fig|6666666.1036479.peg.3231,fig|6666666.1036479.peg.1080,0.882175499200821,0.0035084299775850307,Very Low,High,Very Low–High,,,0,no STRING match,no STRING match,2482,2712,2,1
1729,fig|6666666.1036479.peg.147,fig|6666666.1036479.peg.1080,0.882175499200821,0.003510460319007244,Very Low,High,Very Low–High,,,0,no STRING match,no STRING match,2482,2712,2,1
1730,fig|6666666.1036479.peg.2517,fig|6666666.1036479.peg.2348,0.8820359647274018,0.0035124906604294577,Medium,High,Medium–High,,,0,no STRING match,no STRING match,2279,3019,1,1
1731,fig|6666666.1036479.peg.2517,fig|6666666.1036479.peg.861,0.8820242762565613,0.003514521001851671,Medium,High,Medium–High,,,0,no STRING match,no STRING match,2279,2665,1,1
1732,fig|6666666.1036479.peg.38,fig|6666666.1036479.peg.1289,0.8819765269756317,0.003516551343273885,Low,Very Low,Very Low–Low,,,0,no STRING match,no STRING match,2526,2762,2,1
1733,fig|6666666.1036479.peg.186,fig|6666666.1036479.peg.1289,0.8819765269756317,0.0035185816846960987,Low,Very Low,Very Low–Low,,,0,no STRING match,no STRING match,2526,2762,2,1
1734,fig|6666666.1036479.peg.370,fig|6666666.1036479.peg.1894,0.8819595217704773,0.003520612026118312,High,Medium,Medium–High,,Hypothetical protein.,0,no STRING match,secondary STRING hit (STRING protein assigned to a better match),2579,2912,1,1
1735,fig|6666666.1036479.peg.236,fig|6666666.1036479.peg.370,0.881955337524414,0.0035226423675405257,Very Low,High,Very Low–High,,,0,no STRING match,no STRING match,2552,2579,1,1
1736,fig|6666666.1036479.peg.719,fig|6666666.1036479.peg.725,0.8819393455982208,0.003524672708962739,Medium,Very Low,Very Low–Medium,,,0,no STRING match,no STRING match,2630,2636,1,1
1737,fig|6666666.1036479.peg.370,fig|6666666.1036479.peg.2025,0.8819357275962829,0.0035267030503849527,High,Very Low,Very Low–High,,,0,no STRING match,no STRING match,2579,2950,1,1
1738,fig|6666666.1036479.peg.1127,fig|6666666.1036479.peg.1947,0.8819275140762329,0.003528733391807166,Low,Medium,Low–Medium,Hypothetical protein.,,0,secondary STRING hit (STRING protein assigned to a better match),no STRING match,2743,2930,1,1
1739,fig|6666666.1036479.peg.2672,fig|6666666.1036479.peg.1554,0.8819215655326843,0.0035307637332293797,Medium,Medium,Medium–Medium,,,0,no STRING match,no STRING match,2341,2831,1,1
1740,fig|6666666.1036479.peg.3207,fig|6666666.1036479.peg.1951,0.8818925321102142,0.0035327940746515936,Medium,High,Medium–High,,,0,no STRING match,no STRING match,2468,2934,1,1
1741,fig|6666666.1036479.peg.2948,fig|6666666.1036479.peg.289,0.881884777545929,0.003534824416073807,High,High,High–High,,Hypothetical protein.,0,no STRING match,secondary STRING hit (STRING protein assigned to a better match),2410,2559,1,1
1742,fig|6666666.1036479.peg.3017,fig|6666666.1036479.peg.1308,0.8818747282028199,0.0035368547574960206,Medium,Medium,Medium–Medium,,,0,no STRING match,no STRING match,2430,2764,1,1
1743,fig|6666666.1036479.peg.1961,fig|6666666.1036479.peg.2348,0.8818660199642181,0.003538885098918234,Medium,High,Medium–High,,,0,no STRING match,no STRING match,2943,3019,1,1
1744,fig|6666666.1036479.peg.2623,fig|6666666.1036479.peg.3020,0.8818585932254791,0.0035409154403404476,Very Low,Low,Very Low–Low,,,0,no STRING match,no STRING match,2333,2433,1,1
1745,fig|6666666.1036479.peg.551,fig|6666666.1036479.peg.861,0.8818038105964661,0.003542945781762661,Very Low,High,Very Low–High,,,0,no STRING match,no STRING match,2597,2665,1,1
1746,fig|6666666.1036479.peg.1300,fig|6666666.1036479.peg.1566,0.8817992866039276,0.0035449761231848747,Low,High,Low–High,,,0,no STRING match,no STRING match,2763,2838,1,1
1747,fig|6666666.1036479.peg.2924,fig|6666666.1036479.peg.2948,0.8817700445652008,0.003547006464607088,Very Low,High,Very Low–High,,,0,no STRING match,no STRING match,2401,2410,1,1
1748,fig|6666666.1036479.peg.2548,fig|6666666.1036479.peg.1118,0.8817360937595368,0.003549036806029302,High,Very Low,Very Low–High,,,0,no STRING match,no STRING match,2298,2734,1,1
1749,fig|6666666.1036479.peg.2509,fig|6666666.1036479.peg.881,0.8817062258720398,0.0035510671474515156,Very Low,High,Very Low–High,,,0,no STRING match,no STRING match,2273,2674,15,1
1750,fig|6666666.1036479.peg.2513,fig|6666666.1036479.peg.881,0.8817062258720398,0.003553097488873729,Very Low,High,Very Low–High,,,0,no STRING match,no STRING match,2273,2674,15,1
1751,fig|6666666.1036479.peg.2519,fig|6666666.1036479.peg.881,0.8817062258720398,0.0035551278302959426,Very Low,High,Very Low–High,,,0,no STRING match,no STRING match,2273,2674,15,1
1752,fig|6666666.1036479.peg.2526,fig|6666666.1036479.peg.881,0.8817062258720398,0.003557158171718156,Very Low,High,Very Low–High,,,0,no STRING match,no STRING match,2273,2674,15,1
1753,fig|6666666.1036479.peg.2530,fig|6666666.1036479.peg.881,0.8817062258720398,0.0035591885131403696,Very Low,High,Very Low–High,,,0,no STRING match,no STRING match,2273,2674,15,1
1754,fig|6666666.1036479.peg.2534,fig|6666666.1036479.peg.881,0.8817062258720398,0.003561218854562583,Very Low,High,Very Low–High,,,0,no STRING match,no STRING match,2273,2674,15,1
1755,fig|6666666.1036479.peg.3173,fig|6666666.1036479.peg.881,0.8817062258720398,0.0035632491959847966,Very Low,High,Very Low–High,,,0,no STRING match,no STRING match,2273,2674,15,1
1756,fig|6666666.1036479.peg.881,fig|6666666.1036479.peg.971,0.8817062258720398,0.0035652795374070106,High,Very Low,Very Low–High,,,0,no STRING match,no STRING match,2674,2273,1,15
1757,fig|6666666.1036479.peg.881,fig|6666666.1036479.peg.976,0.8817062258720398,0.003567309878829224,High,Very Low,Very Low–High,,,0,no STRING match,no STRING match,2674,2273,1,15
1758,fig|6666666.1036479.peg.881,fig|6666666.1036479.peg.981,0.8817062258720398,0.0035693402202514376,High,Very Low,Very Low–High,,,0,no STRING match,no STRING match,2674,2273,1,15
1759,fig|6666666.1036479.peg.881,fig|6666666.1036479.peg.985,0.8817062258720398,0.003571370561673651,High,Very Low,Very Low–High,,,0,no STRING match,no STRING match,2674,2273,1,15
1760,fig|6666666.1036479.peg.881,fig|6666666.1036479.peg.989,0.8817062258720398,0.0035734009030958646,High,Very Low,Very Low–High,,,0,no STRING match,no STRING match,2674,2273,1,15
1761,fig|6666666.1036479.peg.881,fig|6666666.1036479.peg.2489,0.8817062258720398,0.003575431244518078,High,Very Low,Very Low–High,,,0,no STRING match,no STRING match,2674,2273,1,15
1762,fig|6666666.1036479.peg.881,fig|6666666.1036479.peg.2494,0.8817062258720398,0.0035774615859402916,High,Very Low,Very Low–High,,,0,no STRING match,no STRING match,2674,2273,1,15
1763,fig|6666666.1036479.peg.881,fig|6666666.1036479.peg.2498,0.8817062258720398,0.003579491927362505,High,Very Low,Very Low–High,,,0,no STRING match,no STRING match,2674,2273,1,15
1764,fig|6666666.1036479.peg.2987,fig|6666666.1036479.peg.866,0.8816581964492798,0.003581522268784719,Very Low,High,Very Low–High,,,0,no STRING match,no STRING match,2415,2667,1,1
1765,fig|6666666.1036479.peg.2510,fig|6666666.1036479.peg.370,0.8816581606864929,0.0035835526102069326,Very Low,High,Very Low–High,,,0,no STRING match,no STRING match,2274,2579,12,1
1766,fig|6666666.1036479.peg.2527,fig|6666666.1036479.peg.370,0.8816581606864929,0.003585582951629146,Very Low,High,Very Low–High,,,0,no STRING match,no STRING match,2274,2579,12,1
1767,fig|6666666.1036479.peg.2531,fig|6666666.1036479.peg.370,0.8816581606864929,0.0035876132930513596,Very Low,High,Very Low–High,,,0,no STRING match,no STRING match,2274,2579,12,1
1768,fig|6666666.1036479.peg.3174,fig|6666666.1036479.peg.370,0.8816581606864929,0.003589643634473573,Very Low,High,Very Low–High,,,0,no STRING match,no STRING match,2274,2579,12,1
1769,fig|6666666.1036479.peg.370,fig|6666666.1036479.peg.970,0.8816581606864929,0.0035916739758957866,High,Very Low,Very Low–High,,,0,no STRING match,no STRING match,2579,2274,1,12
1770,fig|6666666.1036479.peg.370,fig|6666666.1036479.peg.975,0.8816581606864929,0.003593704317318,High,Very Low,Very Low–High,,,0,no STRING match,no STRING match,2579,2274,1,12
1771,fig|6666666.1036479.peg.370,fig|6666666.1036479.peg.980,0.8816581606864929,0.0035957346587402136,High,Very Low,Very Low–High,,,0,no STRING match,no STRING match,2579,2274,1,12
1772,fig|6666666.1036479.peg.370,fig|6666666.1036479.peg.984,0.8816581606864929,0.0035977650001624275,High,Very Low,Very Low–High,,,0,no STRING match,no STRING match,2579,2274,1,12
1773,fig|6666666.1036479.peg.370,fig|6666666.1036479.peg.988,0.8816581606864929,0.003599795341584641,High,Very Low,Very Low–High,,,0,no STRING match,no STRING match,2579,2274,1,12
1774,fig|6666666.1036479.peg.370,fig|6666666.1036479.peg.2490,0.8816581606864929,0.0036018256830068545,High,Very Low,Very Low–High,,,0,no STRING match,no STRING match,2579,2274,1,12
1775,fig|6666666.1036479.peg.370,fig|6666666.1036479.peg.2495,0.8816581606864929,0.003603856024429068,High,Very Low,Very Low–High,,,0,no STRING match,no STRING match,2579,2274,1,12
1776,fig|6666666.1036479.peg.370,fig|6666666.1036479.peg.2499,0.8816581606864929,0.0036058863658512815,High,Very Low,Very Low–High,,,0,no STRING match,no STRING match,2579,2274,1,12
1777,fig|6666666.1036479.peg.3207,fig|6666666.1036479.peg.2404,0.881655502319336,0.003607916707273495,Medium,Medium,Medium–Medium,,Hypothetical protein; COG0605 Superoxide dismutase.,0,no STRING match,secondary STRING hit (STRING protein assigned to a better match),2468,3028,1,1
1778,fig|6666666.1036479.peg.728,fig|6666666.1036479.peg.1943,0.8816189348697663,0.0036099470486957086,Medium,Medium,Medium–Medium,,COG3103 SH3 domain protein.,0,no STRING match,secondary STRING hit (STRING protein assigned to a better match),2639,2926,1,1
1779,fig|6666666.1036479.peg.411,fig|6666666.1036479.peg.2025,0.8816173255443573,0.003611977390117922,Low,Very Low,Very Low–Low,Hypothetical protein.,,0,secondary STRING hit (STRING protein assigned to a better match),no STRING match,2585,2950,1,1
1780,fig|6666666.1036479.peg.2920,fig|6666666.1036479.peg.2092,0.8815837264060974,0.003614007731540136,Very Low,Medium,Very Low–Medium,,,0,no STRING match,no STRING match,2397,2954,1,1
1781,fig|6666666.1036479.peg.1300,fig|6666666.1036479.peg.1657,0.8815133392810821,0.0036160380729623495,Low,Medium,Low–Medium,,,0,no STRING match,no STRING match,2763,2883,1,1
1782,fig|6666666.1036479.peg.370,fig|6666666.1036479.peg.1377,0.8815027952194214,0.003618068414384563,High,Very Low,Very Low–High,,,0,no STRING match,no STRING match,2579,2809,1,1
1783,fig|6666666.1036479.peg.724,fig|6666666.1036479.peg.1947,0.8815016329288483,0.0036200987558067765,Medium,Medium,Medium–Medium,,,0,no STRING match,no STRING match,2635,2930,1,1
1784,fig|6666666.1036479.peg.3142,fig|6666666.1036479.peg.370,0.8814938366413116,0.00362212909722899,Low,High,Low–High,,,0,no STRING match,no STRING match,2448,2579,1,1
1785,fig|6666666.1036479.peg.3213,fig|6666666.1036479.peg.411,0.8814564883708954,0.0036241594386512035,Very Low,Low,Very Low–Low,,Hypothetical protein.,0,no STRING match,secondary STRING hit (STRING protein assigned to a better match),2470,2585,1,1
1786,fig|6666666.1036479.peg.3010,fig|6666666.1036479.peg.881,0.881449842453003,0.003626189780073417,Low,High,Low–High,,,0,no STRING match,no STRING match,2425,2674,1,1
1787,fig|6666666.1036479.peg.3191,fig|6666666.1036479.peg.866,0.8814300537109375,0.0036282201214956305,Medium,High,Medium–High,,,0,no STRING match,no STRING match,2464,2667,1,1
1788,fig|6666666.1036479.peg.1494,fig|6666666.1036479.peg.2348,0.8813930988311768,0.0036302504629178445,Very Low,High,Very Low–High,,,0,no STRING match,no STRING match,2824,3019,1,1
1789,fig|6666666.1036479.peg.2348,fig|6666666.1036479.peg.2352,0.8813871562480926,0.003632280804340058,High,Medium,Medium–High,,,0,no STRING match,no STRING match,3019,3020,1,1
1790,fig|6666666.1036479.peg.2948,fig|6666666.1036479.peg.3015,0.881386113166809,0.0036343111457622715,High,Low,Low–High,,,0,no STRING match,no STRING match,2410,2428,1,1
1791,fig|6666666.1036479.peg.728,fig|6666666.1036479.peg.942,0.881365692615509,0.003636341487184485,Medium,Very Low,Very Low–Medium,,,0,no STRING match,no STRING match,2639,2691,1,1
1792,fig|6666666.1036479.peg.2503,fig|6666666.1036479.peg.2548,0.8813553631305695,0.0036383718286066985,Very Low,High,Very Low–High,,,0,no STRING match,no STRING match,2267,2298,1,1
1793,fig|6666666.1036479.peg.573,fig|6666666.1036479.peg.1655,0.8813425600528717,0.003640402170028912,Very Low,Medium,Very Low–Medium,Hypothetical protein.,,0,secondary STRING hit (STRING protein assigned to a better match),no STRING match,2601,2882,1,1
1794,fig|6666666.1036479.peg.3191,fig|6666666.1036479.peg.2348,0.8813338935375213,0.0036424325114511255,Medium,High,Medium–High,,,0,no STRING match,no STRING match,2464,3019,1,1
1795,fig|6666666.1036479.peg.3254,fig|6666666.1036479.peg.1308,0.8813283503055572,0.003644462852873339,High,Medium,Medium–High,,,0,no STRING match,no STRING match,2505,2764,3,1
1796,fig|6666666.1036479.peg.22,fig|6666666.1036479.peg.1308,0.8813283503055572,0.003646493194295553,High,Medium,Medium–High,,,0,no STRING match,no STRING match,2505,2764,3,1
1797,fig|6666666.1036479.peg.170,fig|6666666.1036479.peg.1308,0.8813283503055572,0.0036485235357177665,High,Medium,Medium–High,,,0,no STRING match,no STRING match,2505,2764,3,1
1798,fig|6666666.1036479.peg.728,fig|6666666.1036479.peg.2405,0.8813120186328888,0.00365055387713998,Medium,Medium,Medium–Medium,,Hypothetical protein; COG0605 Superoxide dismutase.,0,no STRING match,secondary STRING hit (STRING protein assigned to a better match),2639,3029,1,1
1799,fig|6666666.1036479.peg.3207,fig|6666666.1036479.peg.732,0.8813105821609497,0.0036525842185621935,Medium,Medium,Medium–Medium,,,0,no STRING match,no STRING match,2468,2643,1,1
1800,fig|6666666.1036479.peg.2548,fig|6666666.1036479.peg.281,0.8812358021736145,0.003654614559984407,High,Very Low,Very Low–High,,,0,no STRING match,no STRING match,2298,2558,1,1
1801,fig|6666666.1036479.peg.861,fig|6666666.1036479.peg.2469,0.8811912298202514,0.0036566449014066205,High,Very Low,Very Low–High,,,0,no STRING match,no STRING match,2665,3042,1,1
1802,fig|6666666.1036479.peg.36,fig|6666666.1036479.peg.2436,0.8811775386333466,0.003658675242828834,Medium,Medium,Medium–Medium,,,0,no STRING match,no STRING match,2524,3033,2,1
1803,fig|6666666.1036479.peg.184,fig|6666666.1036479.peg.2436,0.8811775386333466,0.0036607055842510475,Medium,Medium,Medium–Medium,,,0,no STRING match,no STRING match,2524,3033,2,1
1804,fig|6666666.1036479.peg.3077,fig|6666666.1036479.peg.2348,0.8811722278594971,0.0036627359256732614,Medium,High,Medium–High,,,0,no STRING match,no STRING match,2440,3019,1,1
1805,fig|6666666.1036479.peg.2535,fig|6666666.1036479.peg.866,0.8811563074588775,0.003664766267095475,Very Low,High,Very Low–High,,,0,no STRING match,no STRING match,2285,2667,1,1
1806,fig|6666666.1036479.peg.2547,fig|6666666.1036479.peg.1410,0.8811057567596435,0.0036667966085176884,Medium,Medium,Medium–Medium,,,0,no STRING match,no STRING match,2297,2813,1,1
1807,fig|6666666.1036479.peg.2547,fig|6666666.1036479.peg.3254,0.8810568213462829,0.003668826949939902,Medium,High,Medium–High,,,0,no STRING match,no STRING match,2297,2505,1,3
1808,fig|6666666.1036479.peg.2547,fig|6666666.1036479.peg.22,0.8810568213462829,0.0036708572913621155,Medium,High,Medium–High,,,0,no STRING match,no STRING match,2297,2505,1,3
1809,fig|6666666.1036479.peg.2547,fig|6666666.1036479.peg.170,0.8810568213462829,0.003672887632784329,Medium,High,Medium–High,,,0,no STRING match,no STRING match,2297,2505,1,3
1810,fig|6666666.1036479.peg.2348,fig|6666666.1036479.peg.2383,0.8810513257980347,0.0036749179742065425,High,Very Low,Very Low–High,,Hypothetical protein.,0,no STRING match,secondary STRING hit (STRING protein assigned to a better match),3019,3024,1,1
1811,fig|6666666.1036479.peg.3077,fig|6666666.1036479.peg.866,0.8810324430465698,0.003676948315628756,Medium,High,Medium–High,,,0,no STRING match,no STRING match,2440,2667,1,1
1812,fig|6666666.1036479.peg.2114,fig|6666666.1036479.peg.2436,0.8810100138187409,0.00367897865705097,Very Low,Medium,Very Low–Medium,"COG1629 Outer membrane receptor proteins, mostly Fe transport.",,0,secondary STRING hit (STRING protein assigned to a better match),no STRING match,2964,3033,1,1
1813,fig|6666666.1036479.peg.719,fig|6666666.1036479.peg.1657,0.8809967458248138,0.0036810089984731834,Medium,Medium,Medium–Medium,,,0,no STRING match,no STRING match,2630,2883,1,1
1814,fig|6666666.1036479.peg.411,fig|6666666.1036479.peg.1632,0.8809862732887268,0.003683039339895397,Low,Very Low,Very Low–Low,Hypothetical protein.,,0,secondary STRING hit (STRING protein assigned to a better match),no STRING match,2585,2870,1,2
1815,fig|6666666.1036479.peg.411,fig|6666666.1036479.peg.1639,0.8809862732887268,0.0036850696813176104,Low,Very Low,Very Low–Low,Hypothetical protein.,,0,secondary STRING hit (STRING protein assigned to a better match),no STRING match,2585,2870,1,2
1816,fig|6666666.1036479.peg.2988,fig|6666666.1036479.peg.723,0.8809832513332367,0.003687100022739824,Medium,High,Medium–High,Hypothetical protein.,,0,secondary STRING hit (STRING protein assigned to a better match),no STRING match,2416,2634,1,1
1817,fig|6666666.1036479.peg.861,fig|6666666.1036479.peg.2294,0.8809580266475677,0.0036891303641620374,High,Very Low,Very Low–High,,,0,no STRING match,no STRING match,2665,3007,1,1
1818,fig|6666666.1036479.peg.3020,fig|6666666.1036479.peg.314,0.8809472978115082,0.003691160705584251,Low,Very Low,Very Low–Low,,,0,no STRING match,no STRING match,2433,2572,1,1
1819,fig|6666666.1036479.peg.1632,fig|6666666.1036479.peg.2348,0.8809438347816467,0.0036931910470064644,Very Low,High,Very Low–High,,,0,no STRING match,no STRING match,2870,3019,2,1
1820,fig|6666666.1036479.peg.1639,fig|6666666.1036479.peg.2348,0.8809438347816467,0.0036952213884286784,Very Low,High,Very Low–High,,,0,no STRING match,no STRING match,2870,3019,2,1
1821,fig|6666666.1036479.peg.370,fig|6666666.1036479.peg.659,0.880932343006134,0.003697251729850892,High,Very Low,Very Low–High,,,0,no STRING match,no STRING match,2579,2617,1,1
1822,fig|6666666.1036479.peg.2548,fig|6666666.1036479.peg.1554,0.8809258580207825,0.0036992820712731054,High,Medium,Medium–High,,,0,no STRING match,no STRING match,2298,2831,1,1
1823,fig|6666666.1036479.peg.2547,fig|6666666.1036479.peg.3184,0.8809144139289856,0.003701312412695319,Medium,Very Low,Very Low–Medium,,,0,no STRING match,no STRING match,2297,2457,1,1
1824,fig|6666666.1036479.peg.2672,fig|6666666.1036479.peg.1965,0.8809106290340424,0.0037033427541175324,Medium,Medium,Medium–Medium,,Hypothetical protein.,0,no STRING match,secondary STRING hit (STRING protein assigned to a better match),2341,2945,1,1
1825,fig|6666666.1036479.peg.2504,fig|6666666.1036479.peg.881,0.880894559621811,0.003705373095539746,Very Low,High,Very Low–High,,,0,no STRING match,no STRING match,2268,2674,1,1
1826,fig|6666666.1036479.peg.2960,fig|6666666.1036479.peg.3231,0.880888020992279,0.0037074034369619594,Low,Very Low,Very Low–Low,,,0,no STRING match,no STRING match,2412,2482,1,2
1827,fig|6666666.1036479.peg.2960,fig|6666666.1036479.peg.147,0.880888020992279,0.003709433778384173,Low,Very Low,Very Low–Low,,,0,no STRING match,no STRING match,2412,2482,1,2
1828,fig|6666666.1036479.peg.861,fig|6666666.1036479.peg.2166,0.8808850049972534,0.003711464119806387,High,Very Low,Very Low–High,,,0,no STRING match,no STRING match,2665,2987,1,1
1829,fig|6666666.1036479.peg.573,fig|6666666.1036479.peg.2405,0.8808269500732422,0.0037134944612286004,Very Low,Medium,Very Low–Medium,Hypothetical protein.,Hypothetical protein; COG0605 Superoxide dismutase.,0,secondary STRING hit (STRING protein assigned to a better match),secondary STRING hit (STRING protein assigned to a better match),2601,3029,1,1
1830,fig|6666666.1036479.peg.3207,fig|6666666.1036479.peg.89,0.8808234214782715,0.003715524802650814,Medium,Very Low,Very Low–Medium,,,0,no STRING match,no STRING match,2468,2542,1,1
1831,fig|6666666.1036479.peg.3020,fig|6666666.1036479.peg.236,0.8807995915412903,0.0037175551440730274,Low,Very Low,Very Low–Low,,,0,no STRING match,no STRING match,2433,2552,1,1
1832,fig|6666666.1036479.peg.3020,fig|6666666.1036479.peg.724,0.8807980954647064,0.003719585485495241,Low,Medium,Low–Medium,,,0,no STRING match,no STRING match,2433,2635,1,1
1833,fig|6666666.1036479.peg.725,fig|6666666.1036479.peg.2455,0.8807930469512939,0.0037216158269174544,Very Low,Medium,Very Low–Medium,,,0,no STRING match,no STRING match,2636,3038,1,1
1834,fig|6666666.1036479.peg.2672,fig|6666666.1036479.peg.1807,0.8807829141616821,0.003723646168339668,Medium,Low,Low–Medium,,,0,no STRING match,no STRING match,2341,2905,1,1
1835,fig|6666666.1036479.peg.312,fig|6666666.1036479.peg.861,0.8807718753814697,0.0037256765097618814,Medium,High,Medium–High,,,0,no STRING match,no STRING match,2570,2665,1,1
1836,fig|6666666.1036479.peg.2948,fig|6666666.1036479.peg.2327,0.880725371837616,0.0037277068511840953,High,Medium,Medium–High,,,0,no STRING match,no STRING match,2410,3016,1,1
1837,fig|6666666.1036479.peg.2929,fig|6666666.1036479.peg.1300,0.8807125866413117,0.003729737192606309,Very Low,Low,Very Low–Low,Hypothetical protein.,,0,secondary STRING hit (STRING protein assigned to a better match),no STRING match,2404,2763,1,1
1838,fig|6666666.1036479.peg.2510,fig|6666666.1036479.peg.411,0.8807025909423828,0.0037317675340285223,Very Low,Low,Very Low–Low,,Hypothetical protein.,0,no STRING match,secondary STRING hit (STRING protein assigned to a better match),2274,2585,12,1
1839,fig|6666666.1036479.peg.2527,fig|6666666.1036479.peg.411,0.8807025909423828,0.003733797875450736,Very Low,Low,Very Low–Low,,Hypothetical protein.,0,no STRING match,secondary STRING hit (STRING protein assigned to a better match),2274,2585,12,1
1840,fig|6666666.1036479.peg.2531,fig|6666666.1036479.peg.411,0.8807025909423828,0.0037358282168729494,Very Low,Low,Very Low–Low,,Hypothetical protein.,0,no STRING match,secondary STRING hit (STRING protein assigned to a better match),2274,2585,12,1
1841,fig|6666666.1036479.peg.3174,fig|6666666.1036479.peg.411,0.8807025909423828,0.003737858558295163,Very Low,Low,Very Low–Low,,Hypothetical protein.,0,no STRING match,secondary STRING hit (STRING protein assigned to a better match),2274,2585,12,1
1842,fig|6666666.1036479.peg.411,fig|6666666.1036479.peg.970,0.8807025909423828,0.0037398888997173764,Low,Very Low,Very Low–Low,Hypothetical protein.,,0,secondary STRING hit (STRING protein assigned to a better match),no STRING match,2585,2274,1,12
1843,fig|6666666.1036479.peg.411,fig|6666666.1036479.peg.975,0.8807025909423828,0.00374191924113959,Low,Very Low,Very Low–Low,Hypothetical protein.,,0,secondary STRING hit (STRING protein assigned to a better match),no STRING match,2585,2274,1,12
1844,fig|6666666.1036479.peg.411,fig|6666666.1036479.peg.980,0.8807025909423828,0.003743949582561804,Low,Very Low,Very Low–Low,Hypothetical protein.,,0,secondary STRING hit (STRING protein assigned to a better match),no STRING match,2585,2274,1,12
1845,fig|6666666.1036479.peg.411,fig|6666666.1036479.peg.984,0.8807025909423828,0.0037459799239840173,Low,Very Low,Very Low–Low,Hypothetical protein.,,0,secondary STRING hit (STRING protein assigned to a better match),no STRING match,2585,2274,1,12
1846,fig|6666666.1036479.peg.411,fig|6666666.1036479.peg.988,0.8807025909423828,0.003748010265406231,Low,Very Low,Very Low–Low,Hypothetical protein.,,0,secondary STRING hit (STRING protein assigned to a better match),no STRING match,2585,2274,1,12
1847,fig|6666666.1036479.peg.411,fig|6666666.1036479.peg.2490,0.8807025909423828,0.0037500406068284443,Low,Very Low,Very Low–Low,Hypothetical protein.,,0,secondary STRING hit (STRING protein assigned to a better match),no STRING match,2585,2274,1,12
1848,fig|6666666.1036479.peg.411,fig|6666666.1036479.peg.2495,0.8807025909423828,0.003752070948250658,Low,Very Low,Very Low–Low,Hypothetical protein.,,0,secondary STRING hit (STRING protein assigned to a better match),no STRING match,2585,2274,1,12
1849,fig|6666666.1036479.peg.411,fig|6666666.1036479.peg.2499,0.8807025909423828,0.0037541012896728713,Low,Very Low,Very Low–Low,Hypothetical protein.,,0,secondary STRING hit (STRING protein assigned to a better match),no STRING match,2585,2274,1,12
1850,fig|6666666.1036479.peg.3222,fig|6666666.1036479.peg.3254,0.8806247293949128,0.003756131631095085,Medium,High,Medium–High,,,0,no STRING match,no STRING match,2473,2505,2,3
1851,fig|6666666.1036479.peg.3222,fig|6666666.1036479.peg.22,0.8806247293949128,0.0037581619725172983,Medium,High,Medium–High,,,0,no STRING match,no STRING match,2473,2505,2,3
1852,fig|6666666.1036479.peg.3222,fig|6666666.1036479.peg.170,0.8806247293949128,0.0037601923139395123,Medium,High,Medium–High,,,0,no STRING match,no STRING match,2473,2505,2,3
1853,fig|6666666.1036479.peg.3254,fig|6666666.1036479.peg.138,0.8806247293949128,0.003762222655361726,High,Medium,Medium–High,,,0,no STRING match,no STRING match,2505,2473,3,2
1854,fig|6666666.1036479.peg.22,fig|6666666.1036479.peg.138,0.8806247293949128,0.0037642529967839393,High,Medium,Medium–High,,,0,no STRING match,no STRING match,2505,2473,3,2
1855,fig|6666666.1036479.peg.138,fig|6666666.1036479.peg.170,0.8806247293949128,0.003766283338206153,Medium,High,Medium–High,,,0,no STRING match,no STRING match,2473,2505,2,3
1856,fig|6666666.1036479.peg.3187,fig|6666666.1036479.peg.2348,0.8806094229221344,0.0037683136796283663,Very Low,High,Very Low–High,Hypothetical protein.,,0,secondary STRING hit (STRING protein assigned to a better match),no STRING match,2460,3019,1,1
1857,fig|6666666.1036479.peg.2523,fig|6666666.1036479.peg.3020,0.8805941045284271,0.00377034402105058,Low,Low,Low–Low,,,0,no STRING match,no STRING match,2282,2433,1,1
1858,fig|6666666.1036479.peg.573,fig|6666666.1036479.peg.2454,0.8805770456790925,0.0037723743624727933,Very Low,Medium,Very Low–Medium,Hypothetical protein.,,0,secondary STRING hit (STRING protein assigned to a better match),no STRING match,2601,3037,1,1
1859,fig|6666666.1036479.peg.3209,fig|6666666.1036479.peg.881,0.8805704593658448,0.003774404703895007,Medium,High,Medium–High,,,0,no STRING match,no STRING match,2469,2674,1,1
1860,fig|6666666.1036479.peg.1412,fig|6666666.1036479.peg.2348,0.8805500090122222,0.0037764350453172208,Medium,High,Medium–High,,,0,no STRING match,no STRING match,2815,3019,1,1
1861,fig|6666666.1036479.peg.881,fig|6666666.1036479.peg.1074,0.8805412352085114,0.0037784653867394343,High,High,High–High,,,0,no STRING match,no STRING match,2674,2706,1,1
1862,fig|6666666.1036479.peg.861,fig|6666666.1036479.peg.1377,0.8805385887622833,0.0037804957281616478,High,Very Low,Very Low–High,,,0,no STRING match,no STRING match,2665,2809,1,1
1863,fig|6666666.1036479.peg.2548,fig|6666666.1036479.peg.714,0.8805385291576385,0.0037825260695838613,High,Low,Low–High,,,0,no STRING match,no STRING match,2298,2627,1,1
1864,fig|6666666.1036479.peg.1657,fig|6666666.1036479.peg.2092,0.8805375516414642,0.0037845564110060748,Medium,Medium,Medium–Medium,,,0,no STRING match,no STRING match,2883,2954,1,1
1865,fig|6666666.1036479.peg.866,fig|6666666.1036479.peg.1961,0.8805362999439239,0.0037865867524282883,High,Medium,Medium–High,,,0,no STRING match,no STRING match,2667,2943,1,1
1866,fig|6666666.1036479.peg.2547,fig|6666666.1036479.peg.2929,0.8805122673511505,0.003788617093850502,Medium,Very Low,Very Low–Medium,,Hypothetical protein.,0,no STRING match,secondary STRING hit (STRING protein assigned to a better match),2297,2404,1,1
1867,fig|6666666.1036479.peg.728,fig|6666666.1036479.peg.1962,0.8804910063743592,0.0037906474352727153,Medium,Medium,Medium–Medium,,,0,no STRING match,no STRING match,2639,2944,1,1
1868,fig|6666666.1036479.peg.2548,fig|6666666.1036479.peg.1704,0.8804865419864655,0.0037926777766949292,High,Very Low,Very Low–High,,,0,no STRING match,no STRING match,2298,2885,1,1
1869,fig|6666666.1036479.peg.2532,fig|6666666.1036479.peg.728,0.8804804503917694,0.0037947081181171427,Low,Medium,Low–Medium,,,0,no STRING match,no STRING match,2284,2639,4,1
1870,fig|6666666.1036479.peg.3171,fig|6666666.1036479.peg.728,0.8804804503917694,0.0037967384595393562,Low,Medium,Low–Medium,,,0,no STRING match,no STRING match,2284,2639,4,1
1871,fig|6666666.1036479.peg.728,fig|6666666.1036479.peg.987,0.8804804503917694,0.0037987688009615697,Medium,Low,Low–Medium,,,0,no STRING match,no STRING match,2639,2284,1,4
1872,fig|6666666.1036479.peg.728,fig|6666666.1036479.peg.2492,0.8804804503917694,0.0038007991423837833,Medium,Low,Low–Medium,,,0,no STRING match,no STRING match,2639,2284,1,4
1873,fig|6666666.1036479.peg.2948,fig|6666666.1036479.peg.740,0.8804542064666748,0.0038028294838059968,High,Very Low,Very Low–High,,,0,no STRING match,no STRING match,2410,2651,1,1
1874,fig|6666666.1036479.peg.2548,fig|6666666.1036479.peg.312,0.8804408967494964,0.0038048598252282103,High,Medium,Medium–High,,,0,no STRING match,no STRING match,2298,2570,1,1
1875,fig|6666666.1036479.peg.2948,fig|6666666.1036479.peg.3223,0.8804384529590606,0.0038068901666504238,High,High,High–High,,,0,no STRING match,no STRING match,2410,2474,1,2
1876,fig|6666666.1036479.peg.2948,fig|6666666.1036479.peg.139,0.8804384529590606,0.0038089205080726377,High,High,High–High,,,0,no STRING match,no STRING match,2410,2474,1,2
1877,fig|6666666.1036479.peg.861,fig|6666666.1036479.peg.1632,0.8804381549358368,0.003810950849494851,High,Very Low,Very Low–High,,,0,no STRING match,no STRING match,2665,2870,1,2
1878,fig|6666666.1036479.peg.861,fig|6666666.1036479.peg.1639,0.8804381549358368,0.0038129811909170647,High,Very Low,Very Low–High,,,0,no STRING match,no STRING match,2665,2870,1,2
1879,fig|6666666.1036479.peg.3107,fig|6666666.1036479.peg.861,0.8804314255714416,0.0038150115323392782,Very Low,High,Very Low–High,,,0,no STRING match,no STRING match,2444,2665,1,1
1880,fig|6666666.1036479.peg.3017,fig|6666666.1036479.peg.573,0.8804275333881378,0.0038170418737614917,Medium,Very Low,Very Low–Medium,,Hypothetical protein.,0,no STRING match,secondary STRING hit (STRING protein assigned to a better match),2430,2601,1,1
1881,fig|6666666.1036479.peg.2929,fig|6666666.1036479.peg.1308,0.8804253101348877,0.0038190722151837052,Very Low,Medium,Very Low–Medium,Hypothetical protein.,,0,secondary STRING hit (STRING protein assigned to a better match),no STRING match,2404,2764,1,1
1882,fig|6666666.1036479.peg.1410,fig|6666666.1036479.peg.2436,0.8804136037826538,0.0038211025566059187,Medium,Medium,Medium–Medium,,,0,no STRING match,no STRING match,2813,3033,1,1
1883,fig|6666666.1036479.peg.2524,fig|6666666.1036479.peg.411,0.8803889870643615,0.0038231328980281322,Low,Low,Low–Low,,Hypothetical protein.,0,no STRING match,secondary STRING hit (STRING protein assigned to a better match),2283,2585,1,1
1884,fig|6666666.1036479.peg.2987,fig|6666666.1036479.peg.370,0.8803802073001862,0.003825163239450346,Very Low,High,Very Low–High,,,0,no STRING match,no STRING match,2415,2579,1,1
1885,fig|6666666.1036479.peg.38,fig|6666666.1036479.peg.1308,0.8803525984287262,0.0038271935808725597,Low,Medium,Low–Medium,,,0,no STRING match,no STRING match,2526,2764,2,1
1886,fig|6666666.1036479.peg.186,fig|6666666.1036479.peg.1308,0.8803525984287262,0.003829223922294773,Low,Medium,Low–Medium,,,0,no STRING match,no STRING match,2526,2764,2,1
1887,fig|6666666.1036479.peg.2672,fig|6666666.1036479.peg.312,0.8803155779838562,0.0038312542637169867,Medium,Medium,Medium–Medium,,,0,no STRING match,no STRING match,2341,2570,1,1
1888,fig|6666666.1036479.peg.1409,fig|6666666.1036479.peg.2364,0.8802958130836487,0.0038332846051392,Medium,Medium,Medium–Medium,,,0,no STRING match,no STRING match,2812,3022,1,1
1889,fig|6666666.1036479.peg.2960,fig|6666666.1036479.peg.1080,0.8802903652191162,0.0038353149465614137,Low,High,Low–High,,,0,no STRING match,no STRING match,2412,2712,1,1
1890,fig|6666666.1036479.peg.720,fig|6666666.1036479.peg.1308,0.8802248239517212,0.003837345287983627,High,Medium,Medium–High,,,0,no STRING match,no STRING match,2631,2764,1,1
1891,fig|6666666.1036479.peg.3222,fig|6666666.1036479.peg.36,0.8801926255226136,0.0038393756294058407,Medium,Medium,Medium–Medium,,,0,no STRING match,no STRING match,2473,2524,2,2
1892,fig|6666666.1036479.peg.3222,fig|6666666.1036479.peg.184,0.8801926255226136,0.0038414059708280547,Medium,Medium,Medium–Medium,,,0,no STRING match,no STRING match,2473,2524,2,2
1893,fig|6666666.1036479.peg.36,fig|6666666.1036479.peg.138,0.8801926255226136,0.003843436312250268,Medium,Medium,Medium–Medium,,,0,no STRING match,no STRING match,2524,2473,2,2
1894,fig|6666666.1036479.peg.138,fig|6666666.1036479.peg.184,0.8801926255226136,0.0038454666536724817,Medium,Medium,Medium–Medium,,,0,no STRING match,no STRING match,2473,2524,2,2
1895,fig|6666666.1036479.peg.2672,fig|6666666.1036479.peg.2166,0.880176043510437,0.003847496995094695,Medium,Very Low,Very Low–Medium,,,0,no STRING match,no STRING match,2341,2987,1,1
1896,fig|6666666.1036479.peg.3100,fig|6666666.1036479.peg.2348,0.8801625669002533,0.0038495273365169087,Medium,High,Medium–High,,,0,no STRING match,no STRING match,2443,3019,1,1
1897,fig|6666666.1036479.peg.2548,fig|6666666.1036479.peg.3079,0.8801414012908936,0.003851557677939122,High,Very Low,Very Low–High,,,0,no STRING match,no STRING match,2298,2442,1,1
1898,fig|6666666.1036479.peg.861,fig|6666666.1036479.peg.1554,0.8801171123981476,0.0038535880193613357,High,Medium,Medium–High,,,0,no STRING match,no STRING match,2665,2831,1,1
1899,fig|6666666.1036479.peg.48,fig|6666666.1036479.peg.411,0.8800427079200744,0.003855618360783549,Medium,Low,Low–Medium,,Hypothetical protein.,0,no STRING match,secondary STRING hit (STRING protein assigned to a better match),2536,2585,1,1
1900,fig|6666666.1036479.peg.2510,fig|6666666.1036479.peg.861,0.8800266504287719,0.003857648702205763,Very Low,High,Very Low–High,,,0,no STRING match,no STRING match,2274,2665,12,1
1901,fig|6666666.1036479.peg.2527,fig|6666666.1036479.peg.861,0.8800266504287719,0.0038596790436279766,Very Low,High,Very Low–High,,,0,no STRING match,no STRING match,2274,2665,12,1
1902,fig|6666666.1036479.peg.2531,fig|6666666.1036479.peg.861,0.8800266504287719,0.00386170938505019,Very Low,High,Very Low–High,,,0,no STRING match,no STRING match,2274,2665,12,1
1903,fig|6666666.1036479.peg.3174,fig|6666666.1036479.peg.861,0.8800266504287719,0.0038637397264724037,Very Low,High,Very Low–High,,,0,no STRING match,no STRING match,2274,2665,12,1
1904,fig|6666666.1036479.peg.861,fig|6666666.1036479.peg.970,0.8800266504287719,0.003865770067894617,High,Very Low,Very Low–High,,,0,no STRING match,no STRING match,2665,2274,1,12
1905,fig|6666666.1036479.peg.861,fig|6666666.1036479.peg.975,0.8800266504287719,0.0038678004093168307,High,Very Low,Very Low–High,,,0,no STRING match,no STRING match,2665,2274,1,12
1906,fig|6666666.1036479.peg.861,fig|6666666.1036479.peg.980,0.8800266504287719,0.003869830750739044,High,Very Low,Very Low–High,,,0,no STRING match,no STRING match,2665,2274,1,12
1907,fig|6666666.1036479.peg.861,fig|6666666.1036479.peg.984,0.8800266504287719,0.0038718610921612577,High,Very Low,Very Low–High,,,0,no STRING match,no STRING match,2665,2274,1,12
1908,fig|6666666.1036479.peg.861,fig|6666666.1036479.peg.988,0.8800266504287719,0.0038738914335834716,High,Very Low,Very Low–High,,,0,no STRING match,no STRING match,2665,2274,1,12
1909,fig|6666666.1036479.peg.861,fig|6666666.1036479.peg.2490,0.8800266504287719,0.003875921775005685,High,Very Low,Very Low–High,,,0,no STRING match,no STRING match,2665,2274,1,12
1910,fig|6666666.1036479.peg.861,fig|6666666.1036479.peg.2495,0.8800266504287719,0.0038779521164278986,High,Very Low,Very Low–High,,,0,no STRING match,no STRING match,2665,2274,1,12
1911,fig|6666666.1036479.peg.861,fig|6666666.1036479.peg.2499,0.8800266504287719,0.003879982457850112,High,Very Low,Very Low–High,,,0,no STRING match,no STRING match,2665,2274,1,12
1912,fig|6666666.1036479.peg.881,fig|6666666.1036479.peg.2455,0.8800161957740784,0.0038820127992723256,High,Medium,Medium–High,,,0,no STRING match,no STRING match,2674,3038,1,1
1913,fig|6666666.1036479.peg.2960,fig|6666666.1036479.peg.1308,0.8800102949142456,0.003884043140694539,Low,Medium,Low–Medium,,,0,no STRING match,no STRING match,2412,2764,1,1
1914,fig|6666666.1036479.peg.370,fig|6666666.1036479.peg.2497,0.8800088167190552,0.0038860734821167526,High,Very Low,Very Low–High,,,0,no STRING match,no STRING match,2579,3047,1,1
1915,fig|6666666.1036479.peg.3033,fig|6666666.1036479.peg.861,0.8799934446811676,0.003888103823538966,Low,High,Low–High,,,0,no STRING match,no STRING match,2437,2665,1,1
1916,fig|6666666.1036479.peg.866,fig|6666666.1036479.peg.1919,0.8799881637096405,0.00389013416496118,High,Very Low,Very Low–High,,,0,no STRING match,no STRING match,2667,2920,1,1
1917,fig|6666666.1036479.peg.3020,fig|6666666.1036479.peg.1566,0.8799250066280365,0.0038921645063833936,Low,High,Low–High,,,0,no STRING match,no STRING match,2433,2838,1,1
1918,fig|6666666.1036479.peg.720,fig|6666666.1036479.peg.2364,0.8799193620681762,0.003894194847805607,High,Medium,Medium–High,,,0,no STRING match,no STRING match,2631,3022,1,1
1919,fig|6666666.1036479.peg.861,fig|6666666.1036479.peg.1965,0.8799105644226074,0.0038962251892278206,High,Medium,Medium–High,,Hypothetical protein.,0,no STRING match,secondary STRING hit (STRING protein assigned to a better match),2665,2945,1,1
1920,fig|6666666.1036479.peg.89,fig|6666666.1036479.peg.881,0.8798886358737945,0.003898255530650034,Very Low,High,Very Low–High,,,0,no STRING match,no STRING match,2542,2674,1,1
1921,fig|6666666.1036479.peg.720,fig|6666666.1036479.peg.1300,0.8798866987228393,0.0039002858720722476,High,Low,Low–High,,,0,no STRING match,no STRING match,2631,2763,1,1
1922,fig|6666666.1036479.peg.3020,fig|6666666.1036479.peg.1949,0.879883086681366,0.003902316213494461,Low,Medium,Low–Medium,,,0,no STRING match,no STRING match,2433,2932,1,1
1923,fig|6666666.1036479.peg.1308,fig|6666666.1036479.peg.2114,0.8798281371593475,0.0039043465549166746,Medium,Very Low,Very Low–Medium,,"COG1629 Outer membrane receptor proteins, mostly Fe transport.",0,no STRING match,secondary STRING hit (STRING protein assigned to a better match),2764,2964,1,1
1924,fig|6666666.1036479.peg.861,fig|6666666.1036479.peg.1807,0.8798129439353943,0.003906376896338888,High,Low,Low–High,,,0,no STRING match,no STRING match,2665,2905,1,1
1925,fig|6666666.1036479.peg.370,fig|6666666.1036479.peg.1919,0.8797735452651978,0.003908407237761102,High,Very Low,Very Low–High,,,0,no STRING match,no STRING match,2579,2920,1,1
1926,fig|6666666.1036479.peg.725,fig|6666666.1036479.peg.1300,0.8797660768032074,0.003910437579183315,Very Low,Low,Very Low–Low,,,0,no STRING match,no STRING match,2636,2763,1,1
1927,fig|6666666.1036479.peg.236,fig|6666666.1036479.peg.1947,0.8797530412673951,0.003912467920605529,Very Low,Medium,Very Low–Medium,,,0,no STRING match,no STRING match,2552,2930,1,1
1928,fig|6666666.1036479.peg.3008,fig|6666666.1036479.peg.1308,0.8797194242477417,0.003914498262027743,Medium,Medium,Medium–Medium,,,0,no STRING match,no STRING match,2423,2764,1,1
1929,fig|6666666.1036479.peg.866,fig|6666666.1036479.peg.1957,0.8797073483467102,0.0039165286034499565,High,Medium,Medium–High,,,0,no STRING match,no STRING match,2667,2939,1,1
1930,fig|6666666.1036479.peg.2679,fig|6666666.1036479.peg.728,0.8797033250331878,0.00391855894487217,Medium,Medium,Medium–Medium,,,0,no STRING match,no STRING match,2342,2639,1,1
1931,fig|6666666.1036479.peg.2509,fig|6666666.1036479.peg.1300,0.879701828956604,0.0039205892862943835,Very Low,Low,Very Low–Low,,,0,no STRING match,no STRING match,2273,2763,15,1
1932,fig|6666666.1036479.peg.2513,fig|6666666.1036479.peg.1300,0.879701828956604,0.003922619627716597,Very Low,Low,Very Low–Low,,,0,no STRING match,no STRING match,2273,2763,15,1
1933,fig|6666666.1036479.peg.2519,fig|6666666.1036479.peg.1300,0.879701828956604,0.0039246499691388105,Very Low,Low,Very Low–Low,,,0,no STRING match,no STRING match,2273,2763,15,1
1934,fig|6666666.1036479.peg.2526,fig|6666666.1036479.peg.1300,0.879701828956604,0.003926680310561024,Very Low,Low,Very Low–Low,,,0,no STRING match,no STRING match,2273,2763,15,1
1935,fig|6666666.1036479.peg.2530,fig|6666666.1036479.peg.1300,0.879701828956604,0.0039287106519832376,Very Low,Low,Very Low–Low,,,0,no STRING match,no STRING match,2273,2763,15,1
1936,fig|6666666.1036479.peg.2534,fig|6666666.1036479.peg.1300,0.879701828956604,0.003930740993405451,Very Low,Low,Very Low–Low,,,0,no STRING match,no STRING match,2273,2763,15,1
1937,fig|6666666.1036479.peg.3173,fig|6666666.1036479.peg.1300,0.879701828956604,0.0039327713348276646,Very Low,Low,Very Low–Low,,,0,no STRING match,no STRING match,2273,2763,15,1
1938,fig|6666666.1036479.peg.971,fig|6666666.1036479.peg.1300,0.879701828956604,0.003934801676249878,Very Low,Low,Very Low–Low,,,0,no STRING match,no STRING match,2273,2763,15,1
1939,fig|6666666.1036479.peg.976,fig|6666666.1036479.peg.1300,0.879701828956604,0.003936832017672092,Very Low,Low,Very Low–Low,,,0,no STRING match,no STRING match,2273,2763,15,1
1940,fig|6666666.1036479.peg.981,fig|6666666.1036479.peg.1300,0.879701828956604,0.003938862359094305,Very Low,Low,Very Low–Low,,,0,no STRING match,no STRING match,2273,2763,15,1
1941,fig|6666666.1036479.peg.985,fig|6666666.1036479.peg.1300,0.879701828956604,0.003940892700516519,Very Low,Low,Very Low–Low,,,0,no STRING match,no STRING match,2273,2763,15,1
1942,fig|6666666.1036479.peg.989,fig|6666666.1036479.peg.1300,0.879701828956604,0.003942923041938732,Very Low,Low,Very Low–Low,,,0,no STRING match,no STRING match,2273,2763,15,1
1943,fig|6666666.1036479.peg.1300,fig|6666666.1036479.peg.2489,0.879701828956604,0.003944953383360946,Low,Very Low,Very Low–Low,,,0,no STRING match,no STRING match,2763,2273,1,15
1944,fig|6666666.1036479.peg.1300,fig|6666666.1036479.peg.2494,0.879701828956604,0.00394698372478316,Low,Very Low,Very Low–Low,,,0,no STRING match,no STRING match,2763,2273,1,15
1945,fig|6666666.1036479.peg.1300,fig|6666666.1036479.peg.2498,0.879701828956604,0.0039490140662053735,Low,Very Low,Very Low–Low,,,0,no STRING match,no STRING match,2763,2273,1,15
1946,fig|6666666.1036479.peg.3142,fig|6666666.1036479.peg.866,0.8797007739543915,0.003951044407627587,Low,High,Low–High,,,0,no STRING match,no STRING match,2448,2667,1,1
1947,fig|6666666.1036479.peg.729,fig|6666666.1036479.peg.1947,0.8797005474567413,0.0039530747490498005,Medium,Medium,Medium–Medium,,,0,no STRING match,no STRING match,2640,2930,1,1
1948,fig|6666666.1036479.peg.2988,fig|6666666.1036479.peg.1655,0.8796627223491669,0.003955105090472014,Medium,Medium,Medium–Medium,Hypothetical protein.,,0,secondary STRING hit (STRING protein assigned to a better match),no STRING match,2416,2882,1,1
1949,fig|6666666.1036479.peg.2517,fig|6666666.1036479.peg.866,0.8796464622020721,0.0039571354318942275,Medium,High,Medium–High,,,0,no STRING match,no STRING match,2279,2667,1,1
1950,fig|6666666.1036479.peg.2548,fig|6666666.1036479.peg.2385,0.8796394109725952,0.003959165773316441,High,Medium,Medium–High,,,0,no STRING match,no STRING match,2298,3026,1,1
1951,fig|6666666.1036479.peg.3207,fig|6666666.1036479.peg.2352,0.8796327650547028,0.0039611961147386545,Medium,Medium,Medium–Medium,,,0,no STRING match,no STRING match,2468,3020,1,1
1952,fig|6666666.1036479.peg.1946,fig|6666666.1036479.peg.2092,0.8796269595623016,0.003963226456160868,Medium,Medium,Medium–Medium,,,0,no STRING match,no STRING match,2929,2954,1,1
1953,fig|6666666.1036479.peg.38,fig|6666666.1036479.peg.2364,0.8796154081821441,0.0039652567975830815,Low,Medium,Low–Medium,,,0,no STRING match,no STRING match,2526,3022,2,1
1954,fig|6666666.1036479.peg.186,fig|6666666.1036479.peg.2364,0.8796154081821441,0.003967287139005295,Low,Medium,Low–Medium,,,0,no STRING match,no STRING match,2526,3022,2,1
1955,fig|6666666.1036479.peg.1265,fig|6666666.1036479.peg.2348,0.8796083033084869,0.0039693174804275085,Low,High,Low–High,,,0,no STRING match,no STRING match,2760,3019,1,1
1956,fig|6666666.1036479.peg.2672,fig|6666666.1036479.peg.1649,0.8795715987682342,0.003971347821849722,Medium,Very Low,Very Low–Medium,,YD repeat-containing protein; COG3209 Rhs family protein.,0,no STRING match,secondary STRING hit (STRING protein assigned to a better match),2341,2879,1,1
1957,fig|6666666.1036479.peg.3207,fig|6666666.1036479.peg.1265,0.8795333206653595,0.0039733781632719355,Medium,Low,Low–Medium,,,0,no STRING match,no STRING match,2468,2760,1,1
1958,fig|6666666.1036479.peg.2918,fig|6666666.1036479.peg.2348,0.8795254409313202,0.003975408504694149,Very Low,High,Very Low–High,,,0,no STRING match,no STRING match,2396,3019,1,1
1959,fig|6666666.1036479.peg.3231,fig|6666666.1036479.peg.2364,0.8794837236404419,0.0039774388461163625,Very Low,Medium,Very Low–Medium,,,0,no STRING match,no STRING match,2482,3022,2,1
1960,fig|6666666.1036479.peg.147,fig|6666666.1036479.peg.2364,0.8794837236404419,0.003979469187538577,Very Low,Medium,Very Low–Medium,,,0,no STRING match,no STRING match,2482,3022,2,1
1961,fig|6666666.1036479.peg.2672,fig|6666666.1036479.peg.2987,0.8794748306274414,0.00398149952896079,Medium,Very Low,Very Low–Medium,,,0,no STRING match,no STRING match,2341,2415,1,1
1962,fig|6666666.1036479.peg.2672,fig|6666666.1036479.peg.2923,0.8793854117393494,0.003983529870383004,Medium,Medium,Medium–Medium,,,0,no STRING match,no STRING match,2341,2400,1,1
1963,fig|6666666.1036479.peg.2988,fig|6666666.1036479.peg.1617,0.8793815732002258,0.003985560211805217,Medium,Low,Low–Medium,Hypothetical protein.,,0,secondary STRING hit (STRING protein assigned to a better match),no STRING match,2416,2864,1,2
1964,fig|6666666.1036479.peg.2988,fig|6666666.1036479.peg.1625,0.8793815732002258,0.003987590553227431,Medium,Low,Low–Medium,Hypothetical protein.,,0,secondary STRING hit (STRING protein assigned to a better match),no STRING match,2416,2864,1,2
1965,fig|6666666.1036479.peg.3223,fig|6666666.1036479.peg.881,0.8793582499027253,0.0039896208946496444,High,High,High–High,,,0,no STRING match,no STRING match,2474,2674,2,1
1966,fig|6666666.1036479.peg.139,fig|6666666.1036479.peg.881,0.8793582499027253,0.003991651236071858,High,High,High–High,,,0,no STRING match,no STRING match,2474,2674,2,1
1967,fig|6666666.1036479.peg.1289,fig|6666666.1036479.peg.2364,0.8793498277664185,0.0039936815774940715,Very Low,Medium,Very Low–Medium,,,0,no STRING match,no STRING match,2762,3022,1,1
1968,fig|6666666.1036479.peg.1289,fig|6666666.1036479.peg.1308,0.8793408095836639,0.003995711918916285,Very Low,Medium,Very Low–Medium,,,0,no STRING match,no STRING match,2762,2764,1,1
1969,fig|6666666.1036479.peg.2548,fig|6666666.1036479.peg.1753,0.8793393969535828,0.0039977422603384985,High,Medium,Medium–High,,Hypothetical protein.,0,no STRING match,secondary STRING hit (STRING protein assigned to a better match),2298,2890,1,1
1970,fig|6666666.1036479.peg.2924,fig|6666666.1036479.peg.411,0.8793354332447052,0.003999772601760712,Very Low,Low,Very Low–Low,,Hypothetical protein.,0,no STRING match,secondary STRING hit (STRING protein assigned to a better match),2401,2585,1,1
1971,fig|6666666.1036479.peg.2988,fig|6666666.1036479.peg.2093,0.8793184280395507,0.0040018029431829255,Medium,Medium,Medium–Medium,Hypothetical protein.,,0,secondary STRING hit (STRING protein assigned to a better match),no STRING match,2416,2955,1,1
1972,fig|6666666.1036479.peg.2672,fig|6666666.1036479.peg.776,0.8793148338794708,0.004003833284605139,Medium,Low,Low–Medium,,,0,no STRING match,no STRING match,2341,2659,1,1
1973,fig|6666666.1036479.peg.2672,fig|6666666.1036479.peg.2294,0.8792705357074737,0.0040058636260273525,Medium,Very Low,Very Low–Medium,,,0,no STRING match,no STRING match,2341,3007,1,1
1974,fig|6666666.1036479.peg.370,fig|6666666.1036479.peg.1416,0.8792598247528076,0.004007893967449566,High,Medium,Medium–High,,,0,no STRING match,no STRING match,2579,2817,1,1
1975,fig|6666666.1036479.peg.370,fig|6666666.1036479.peg.1949,0.8792573690414429,0.0040099243088717795,High,Medium,Medium–High,,,0,no STRING match,no STRING match,2579,2932,1,1
1976,fig|6666666.1036479.peg.411,fig|6666666.1036479.peg.659,0.8792402505874634,0.004011954650293994,Low,Very Low,Very Low–Low,Hypothetical protein.,,0,secondary STRING hit (STRING protein assigned to a better match),no STRING match,2585,2617,1,1
1977,fig|6666666.1036479.peg.2548,fig|6666666.1036479.peg.1807,0.8792147397994995,0.004013984991716207,High,Low,Low–High,,,0,no STRING match,no STRING match,2298,2905,1,1
1978,fig|6666666.1036479.peg.2548,fig|6666666.1036479.peg.2654,0.8792113363742828,0.004016015333138421,High,High,High–High,,,0,no STRING match,no STRING match,2298,2337,1,1
1979,fig|6666666.1036479.peg.411,fig|6666666.1036479.peg.1377,0.879210090637207,0.004018045674560634,Low,Very Low,Very Low–Low,Hypothetical protein.,,0,secondary STRING hit (STRING protein assigned to a better match),no STRING match,2585,2809,1,1
1980,fig|6666666.1036479.peg.2920,fig|6666666.1036479.peg.2455,0.8792010009288788,0.004020076015982848,Very Low,Medium,Very Low–Medium,,,0,no STRING match,no STRING match,2397,3038,1,1
1981,fig|6666666.1036479.peg.2501,fig|6666666.1036479.peg.3207,0.879182767868042,0.004022106357405061,High,Medium,Medium–High,,,0,no STRING match,no STRING match,2265,2468,1,1
1982,fig|6666666.1036479.peg.3187,fig|6666666.1036479.peg.866,0.8791611731052399,0.004024136698827275,Very Low,High,Very Low–High,Hypothetical protein.,,0,secondary STRING hit (STRING protein assigned to a better match),no STRING match,2460,2667,1,1
1983,fig|6666666.1036479.peg.1945,fig|6666666.1036479.peg.2436,0.8791589736938477,0.004026167040249488,Very Low,Medium,Very Low–Medium,,,0,no STRING match,no STRING match,2928,3033,1,1
1984,fig|6666666.1036479.peg.370,fig|6666666.1036479.peg.729,0.8791459619998931,0.004028197381671702,High,Medium,Medium–High,,,0,no STRING match,no STRING match,2579,2640,1,1
1985,fig|6666666.1036479.peg.2548,fig|6666666.1036479.peg.1,0.8791447639465332,0.004030227723093915,High,Very Low,Very Low–High,,,0,no STRING match,no STRING match,2298,2509,1,1
1986,fig|6666666.1036479.peg.48,fig|6666666.1036479.peg.728,0.8791340708732605,0.004032258064516129,Medium,Medium,Medium–Medium,,,0,no STRING match,no STRING match,2536,2639,1,1
1987,fig|6666666.1036479.peg.2523,fig|6666666.1036479.peg.1947,0.8791066646575928,0.004034288405938342,Low,Medium,Low–Medium,,,0,no STRING match,no STRING match,2282,2930,1,1
1988,fig|6666666.1036479.peg.659,fig|6666666.1036479.peg.861,0.8790903210639953,0.004036318747360556,Very Low,High,Very Low–High,,,0,no STRING match,no STRING match,2617,2665,1,1
1989,fig|6666666.1036479.peg.3222,fig|6666666.1036479.peg.2093,0.8790754437446594,0.0040383490887827694,Medium,Medium,Medium–Medium,,,0,no STRING match,no STRING match,2473,2955,2,1
1990,fig|6666666.1036479.peg.138,fig|6666666.1036479.peg.2093,0.8790754437446594,0.004040379430204983,Medium,Medium,Medium–Medium,,,0,no STRING match,no STRING match,2473,2955,2,1
1991,fig|6666666.1036479.peg.2920,fig|6666666.1036479.peg.3231,0.8790597975254059,0.0040424097716271964,Very Low,Very Low,Very Low–Very Low,,,0,no STRING match,no STRING match,2397,2482,1,2
1992,fig|6666666.1036479.peg.2920,fig|6666666.1036479.peg.147,0.8790597975254059,0.004044440113049411,Very Low,Very Low,Very Low–Very Low,,,0,no STRING match,no STRING match,2397,2482,1,2
1993,fig|6666666.1036479.peg.2843,fig|6666666.1036479.peg.1308,0.8790323376655579,0.004046470454471624,Very Low,Medium,Very Low–Medium,,,0,no STRING match,no STRING match,2370,2764,1,1
1994,fig|6666666.1036479.peg.2672,fig|6666666.1036479.peg.1632,0.8789928972721099,0.004048500795893838,Medium,Very Low,Very Low–Medium,,,0,no STRING match,no STRING match,2341,2870,1,2
1995,fig|6666666.1036479.peg.2672,fig|6666666.1036479.peg.1639,0.8789928972721099,0.004050531137316051,Medium,Very Low,Very Low–Medium,,,0,no STRING match,no STRING match,2341,2870,1,2
1996,fig|6666666.1036479.peg.3107,fig|6666666.1036479.peg.370,0.878978431224823,0.004052561478738265,Very Low,High,Very Low–High,,,0,no STRING match,no STRING match,2444,2579,1,1
1997,fig|6666666.1036479.peg.866,fig|6666666.1036479.peg.1377,0.8789661228656769,0.004054591820160478,High,Very Low,Very Low–High,,,0,no STRING match,no STRING match,2667,2809,1,1
1998,fig|6666666.1036479.peg.2923,fig|6666666.1036479.peg.861,0.8789412379264832,0.004056622161582692,Medium,High,Medium–High,,,0,no STRING match,no STRING match,2400,2665,1,1
1999,fig|6666666.1036479.peg.3191,fig|6666666.1036479.peg.3207,0.8789001047611237,0.004058652503004905,Medium,Medium,Medium–Medium,,,0,no STRING match,no STRING match,2464,2468,1,1
2000,fig|6666666.1036479.peg.861,fig|6666666.1036479.peg.1706,0.8788945376873016,0.004060682844427119,High,Very Low,Very Low–High,,,0,no STRING match,no STRING match,2665,2886,1,1
2001,fig|6666666.1036479.peg.861,fig|6666666.1036479.peg.1494,0.8788944184780121,0.004062713185849332,High,Very Low,Very Low–High,,,0,no STRING match,no STRING match,2665,2824,1,1
2002,fig|6666666.1036479.peg.3011,fig|6666666.1036479.peg.411,0.8788798153400421,0.004064743527271546,High,Low,Low–High,,Hypothetical protein.,0,no STRING match,secondary STRING hit (STRING protein assigned to a better match),2426,2585,1,1
2003,fig|6666666.1036479.peg.289,fig|6666666.1036479.peg.573,0.8788634836673737,0.004066773868693759,High,Very Low,Very Low–High,Hypothetical protein.,Hypothetical protein.,0,secondary STRING hit (STRING protein assigned to a better match),secondary STRING hit (STRING protein assigned to a better match),2559,2601,1,1
2004,fig|6666666.1036479.peg.889,fig|6666666.1036479.peg.1308,0.8788174867630005,0.004068804210115973,Low,Medium,Low–Medium,,,0,no STRING match,no STRING match,2682,2764,1,1
2005,fig|6666666.1036479.peg.728,fig|6666666.1036479.peg.2454,0.8788080811500549,0.004070834551538186,Medium,Medium,Medium–Medium,,,0,no STRING match,no STRING match,2639,3037,1,1
2006,fig|6666666.1036479.peg.411,fig|6666666.1036479.peg.1127,0.8788074493408203,0.0040728648929604,Low,Low,Low–Low,Hypothetical protein.,Hypothetical protein.,0,secondary STRING hit (STRING protein assigned to a better match),secondary STRING hit (STRING protein assigned to a better match),2585,2743,1,1
2007,fig|6666666.1036479.peg.370,fig|6666666.1036479.peg.1265,0.8787842094898224,0.004074895234382613,High,Low,Low–High,,,0,no STRING match,no STRING match,2579,2760,1,1
2008,fig|6666666.1036479.peg.2547,fig|6666666.1036479.peg.1946,0.8787742137908936,0.004076925575804828,Medium,Medium,Medium–Medium,,,0,no STRING match,no STRING match,2297,2929,1,1
2009,fig|6666666.1036479.peg.728,fig|6666666.1036479.peg.885,0.8787559986114502,0.004078955917227041,Medium,Medium,Medium–Medium,,,0,no STRING match,no STRING match,2639,2678,1,1
2010,fig|6666666.1036479.peg.2918,fig|6666666.1036479.peg.861,0.8787515699863434,0.004080986258649255,Very Low,High,Very Low–High,,,0,no STRING match,no STRING match,2396,2665,1,1
2011,fig|6666666.1036479.peg.2988,fig|6666666.1036479.peg.3015,0.8787466585636139,0.004083016600071468,Medium,Low,Low–Medium,Hypothetical protein.,,0,secondary STRING hit (STRING protein assigned to a better match),no STRING match,2416,2428,1,1
2012,fig|6666666.1036479.peg.411,fig|6666666.1036479.peg.1416,0.8787257254123688,0.004085046941493682,Low,Medium,Low–Medium,Hypothetical protein.,,0,secondary STRING hit (STRING protein assigned to a better match),no STRING match,2585,2817,1,1
2013,fig|6666666.1036479.peg.889,fig|6666666.1036479.peg.1300,0.8787215888500214,0.004087077282915895,Low,Low,Low–Low,,,0,no STRING match,no STRING match,2682,2763,1,1
2014,fig|6666666.1036479.peg.2891,fig|6666666.1036479.peg.411,0.8787215530872345,0.004089107624338109,Medium,Low,Low–Medium,,Hypothetical protein.,0,no STRING match,secondary STRING hit (STRING protein assigned to a better match),2390,2585,1,1
2015,fig|6666666.1036479.peg.2672,fig|6666666.1036479.peg.2469,0.8787207663059234,0.004091137965760322,Medium,Very Low,Very Low–Medium,,,0,no STRING match,no STRING match,2341,3042,1,1
2016,fig|6666666.1036479.peg.726,fig|6666666.1036479.peg.866,0.8786820650100708,0.004093168307182536,Very Low,High,Very Low–High,,,0,no STRING match,no STRING match,2637,2667,1,1
2017,fig|6666666.1036479.peg.889,fig|6666666.1036479.peg.2436,0.8786726772785187,0.004095198648604749,Low,Medium,Low–Medium,,,0,no STRING match,no STRING match,2682,3033,1,1
2018,fig|6666666.1036479.peg.370,fig|6666666.1036479.peg.1632,0.8786436796188355,0.004097228990026963,High,Very Low,Very Low–High,,,0,no STRING match,no STRING match,2579,2870,1,2
2019,fig|6666666.1036479.peg.370,fig|6666666.1036479.peg.1639,0.8786436796188355,0.004099259331449176,High,Very Low,Very Low–High,,,0,no STRING match,no STRING match,2579,2870,1,2
2020,fig|6666666.1036479.peg.2539,fig|6666666.1036479.peg.3207,0.8786168813705444,0.00410128967287139,Low,Medium,Low–Medium,,,0,no STRING match,no STRING match,2289,2468,1,1
2021,fig|6666666.1036479.peg.2523,fig|6666666.1036479.peg.728,0.8785937309265137,0.004103320014293603,Low,Medium,Low–Medium,,,0,no STRING match,no STRING match,2282,2639,1,1
2022,fig|6666666.1036479.peg.2988,fig|6666666.1036479.peg.289,0.8785818874835968,0.004105350355715817,Medium,High,Medium–High,Hypothetical protein.,Hypothetical protein.,0,secondary STRING hit (STRING protein assigned to a better match),secondary STRING hit (STRING protein assigned to a better match),2416,2559,1,1
2023,fig|6666666.1036479.peg.740,fig|6666666.1036479.peg.881,0.8785190641880035,0.00410738069713803,Very Low,High,Very Low–High,,,0,no STRING match,no STRING match,2651,2674,1,1
2024,fig|6666666.1036479.peg.861,fig|6666666.1036479.peg.1092,0.878515899181366,0.004109411038560245,High,Very Low,Very Low–High,,,0,no STRING match,no STRING match,2665,2715,1,1
2025,fig|6666666.1036479.peg.2920,fig|6666666.1036479.peg.38,0.8784989416599274,0.004111441379982458,Very Low,Low,Very Low–Low,,,0,no STRING match,no STRING match,2397,2526,1,2
2026,fig|6666666.1036479.peg.2920,fig|6666666.1036479.peg.186,0.8784989416599274,0.004113471721404672,Very Low,Low,Very Low–Low,,,0,no STRING match,no STRING match,2397,2526,1,2
2027,fig|6666666.1036479.peg.2672,fig|6666666.1036479.peg.551,0.8784979403018951,0.004115502062826885,Medium,Very Low,Very Low–Medium,,,0,no STRING match,no STRING match,2341,2597,1,1
2028,fig|6666666.1036479.peg.3107,fig|6666666.1036479.peg.866,0.8784938395023346,0.004117532404249099,Very Low,High,Very Low–High,,,0,no STRING match,no STRING match,2444,2667,1,1
2029,fig|6666666.1036479.peg.3207,fig|6666666.1036479.peg.1412,0.8784897327423096,0.004119562745671312,Medium,Medium,Medium–Medium,,,0,no STRING match,no STRING match,2468,2815,1,1
2030,fig|6666666.1036479.peg.2092,fig|6666666.1036479.peg.2455,0.8784730672836304,0.004121593087093526,Medium,Medium,Medium–Medium,,,0,no STRING match,no STRING match,2954,3038,1,1
2031,fig|6666666.1036479.peg.1308,fig|6666666.1036479.peg.1410,0.878420615196228,0.004123623428515739,Medium,Medium,Medium–Medium,,,0,no STRING match,no STRING match,2764,2813,1,1
2032,fig|6666666.1036479.peg.2547,fig|6666666.1036479.peg.1080,0.878406149148941,0.004125653769937953,Medium,High,Medium–High,,,0,no STRING match,no STRING match,2297,2712,1,1
2033,fig|6666666.1036479.peg.2548,fig|6666666.1036479.peg.3202,0.8784034192562103,0.004127684111360166,High,Very Low,Very Low–High,,,0,no STRING match,no STRING match,2298,2467,1,1
2034,fig|6666666.1036479.peg.3207,fig|6666666.1036479.peg.1961,0.8783995270729065,0.00412971445278238,Medium,Medium,Medium–Medium,,,0,no STRING match,no STRING match,2468,2943,1,1
2035,fig|6666666.1036479.peg.2948,fig|6666666.1036479.peg.2405,0.8783933699131012,0.004131744794204593,High,Medium,Medium–High,,Hypothetical protein; COG0605 Superoxide dismutase.,0,no STRING match,secondary STRING hit (STRING protein assigned to a better match),2410,3029,1,1
2036,fig|6666666.1036479.peg.551,fig|6666666.1036479.peg.866,0.8783593535423279,0.004133775135626807,Very Low,High,Very Low–High,,,0,no STRING match,no STRING match,2597,2667,1,1
2037,fig|6666666.1036479.peg.1657,fig|6666666.1036479.peg.2455,0.8783530712127685,0.00413580547704902,Medium,Medium,Medium–Medium,,,0,no STRING match,no STRING match,2883,3038,1,1
2038,fig|6666666.1036479.peg.2504,fig|6666666.1036479.peg.861,0.8782898306846618,0.004137835818471234,Very Low,High,Very Low–High,,,0,no STRING match,no STRING match,2268,2665,1,1
2039,fig|6666666.1036479.peg.370,fig|6666666.1036479.peg.1951,0.8782524645328522,0.004139866159893447,High,High,High–High,,,0,no STRING match,no STRING match,2579,2934,1,1
2040,fig|6666666.1036479.peg.2548,fig|6666666.1036479.peg.2289,0.8782358944416047,0.004141896501315662,High,Very Low,Very Low–High,,,0,no STRING match,no STRING match,2298,3006,1,1
2041,fig|6666666.1036479.peg.2523,fig|6666666.1036479.peg.3017,0.8782288670539856,0.004143926842737875,Low,Medium,Low–Medium,,,0,no STRING match,no STRING match,2282,2430,1,1
2042,fig|6666666.1036479.peg.2988,fig|6666666.1036479.peg.2327,0.8782148778438568,0.004145957184160089,Medium,Medium,Medium–Medium,Hypothetical protein.,,0,secondary STRING hit (STRING protein assigned to a better match),no STRING match,2416,3016,1,1
2043,fig|6666666.1036479.peg.3207,fig|6666666.1036479.peg.1344,0.8782116949558259,0.004147987525582302,Medium,Very Low,Very Low–Medium,,,0,no STRING match,no STRING match,2468,2782,1,1
2044,fig|6666666.1036479.peg.2672,fig|6666666.1036479.peg.3142,0.8782067477703095,0.004150017867004516,Medium,Low,Low–Medium,,,0,no STRING match,no STRING match,2341,2448,1,1
2045,fig|6666666.1036479.peg.2510,fig|6666666.1036479.peg.2348,0.8781994819641114,0.004152048208426729,Very Low,High,Very Low–High,,,0,no STRING match,no STRING match,2274,3019,12,1
2046,fig|6666666.1036479.peg.2527,fig|6666666.1036479.peg.2348,0.8781994819641114,0.004154078549848943,Very Low,High,Very Low–High,,,0,no STRING match,no STRING match,2274,3019,12,1
2047,fig|6666666.1036479.peg.2531,fig|6666666.1036479.peg.2348,0.8781994819641114,0.004156108891271156,Very Low,High,Very Low–High,,,0,no STRING match,no STRING match,2274,3019,12,1
2048,fig|6666666.1036479.peg.3174,fig|6666666.1036479.peg.2348,0.8781994819641114,0.00415813923269337,Very Low,High,Very Low–High,,,0,no STRING match,no STRING match,2274,3019,12,1
2049,fig|6666666.1036479.peg.970,fig|6666666.1036479.peg.2348,0.8781994819641114,0.004160169574115583,Very Low,High,Very Low–High,,,0,no STRING match,no STRING match,2274,3019,12,1
2050,fig|6666666.1036479.peg.975,fig|6666666.1036479.peg.2348,0.8781994819641114,0.004162199915537797,Very Low,High,Very Low–High,,,0,no STRING match,no STRING match,2274,3019,12,1
2051,fig|6666666.1036479.peg.980,fig|6666666.1036479.peg.2348,0.8781994819641114,0.00416423025696001,Very Low,High,Very Low–High,,,0,no STRING match,no STRING match,2274,3019,12,1
2052,fig|6666666.1036479.peg.984,fig|6666666.1036479.peg.2348,0.8781994819641114,0.004166260598382224,Very Low,High,Very Low–High,,,0,no STRING match,no STRING match,2274,3019,12,1
2053,fig|6666666.1036479.peg.988,fig|6666666.1036479.peg.2348,0.8781994819641114,0.004168290939804437,Very Low,High,Very Low–High,,,0,no STRING match,no STRING match,2274,3019,12,1
2054,fig|6666666.1036479.peg.2348,fig|6666666.1036479.peg.2490,0.8781994819641114,0.004170321281226651,High,Very Low,Very Low–High,,,0,no STRING match,no STRING match,3019,2274,1,12
2055,fig|6666666.1036479.peg.2348,fig|6666666.1036479.peg.2495,0.8781994819641114,0.004172351622648864,High,Very Low,Very Low–High,,,0,no STRING match,no STRING match,3019,2274,1,12
2056,fig|6666666.1036479.peg.2348,fig|6666666.1036479.peg.2499,0.8781994819641114,0.004174381964071079,High,Very Low,Very Low–High,,,0,no STRING match,no STRING match,3019,2274,1,12
2057,fig|6666666.1036479.peg.881,fig|6666666.1036479.peg.1410,0.8781372129917144,0.004176412305493292,High,Medium,Medium–High,,,0,no STRING match,no STRING match,2674,2813,1,1
2058,fig|6666666.1036479.peg.861,fig|6666666.1036479.peg.2497,0.8781136393547058,0.004178442646915506,High,Very Low,Very Low–High,,,0,no STRING match,no STRING match,2665,3047,1,1
2059,fig|6666666.1036479.peg.3188,fig|6666666.1036479.peg.2364,0.8781077563762665,0.004180472988337719,Medium,Medium,Medium–Medium,,,0,no STRING match,no STRING match,2461,3022,1,1
2060,fig|6666666.1036479.peg.2506,fig|6666666.1036479.peg.3017,0.8780831754207611,0.004182503329759933,Very Low,Medium,Very Low–Medium,,,0,no STRING match,no STRING match,2270,2430,6,1
2061,fig|6666666.1036479.peg.2516,fig|6666666.1036479.peg.3017,0.8780831754207611,0.004184533671182146,Very Low,Medium,Very Low–Medium,,,0,no STRING match,no STRING match,2270,2430,6,1
2062,fig|6666666.1036479.peg.2522,fig|6666666.1036479.peg.3017,0.8780831754207611,0.00418656401260436,Very Low,Medium,Very Low–Medium,,,0,no STRING match,no STRING match,2270,2430,6,1
2063,fig|6666666.1036479.peg.3017,fig|6666666.1036479.peg.974,0.8780831754207611,0.004188594354026573,Medium,Very Low,Very Low–Medium,,,0,no STRING match,no STRING match,2430,2270,1,6
2064,fig|6666666.1036479.peg.3017,fig|6666666.1036479.peg.979,0.8780831754207611,0.004190624695448787,Medium,Very Low,Very Low–Medium,,,0,no STRING match,no STRING match,2430,2270,1,6
2065,fig|6666666.1036479.peg.3017,fig|6666666.1036479.peg.2491,0.8780831754207611,0.004192655036871,Medium,Very Low,Very Low–Medium,,,0,no STRING match,no STRING match,2430,2270,1,6
2066,fig|6666666.1036479.peg.2106,fig|6666666.1036479.peg.2364,0.8780080676078796,0.004194685378293214,High,Medium,Medium–High,Hypothetical protein.,,0,secondary STRING hit (STRING protein assigned to a better match),no STRING match,2959,3022,1,1
2067,fig|6666666.1036479.peg.1953,fig|6666666.1036479.peg.2436,0.8779794216156006,0.004196715719715427,Low,Medium,Low–Medium,,,0,no STRING match,no STRING match,2935,3033,1,1
2068,fig|6666666.1036479.peg.3020,fig|6666666.1036479.peg.729,0.8779710292816162,0.004198746061137641,Low,Medium,Low–Medium,,,0,no STRING match,no STRING match,2433,2640,1,1
2069,fig|6666666.1036479.peg.2843,fig|6666666.1036479.peg.2092,0.8779508769512177,0.004200776402559854,Very Low,Medium,Very Low–Medium,,,0,no STRING match,no STRING match,2370,2954,1,1
2070,fig|6666666.1036479.peg.866,fig|6666666.1036479.peg.2469,0.8779490172863007,0.004202806743982068,High,Very Low,Very Low–High,,,0,no STRING match,no STRING match,2667,3042,1,1
2071,fig|6666666.1036479.peg.2960,fig|6666666.1036479.peg.38,0.8779422342777252,0.004204837085404281,Low,Low,Low–Low,,,0,no STRING match,no STRING match,2412,2526,1,2
2072,fig|6666666.1036479.peg.2960,fig|6666666.1036479.peg.186,0.8779422342777252,0.004206867426826496,Low,Low,Low–Low,,,0,no STRING match,no STRING match,2412,2526,1,2
2073,fig|6666666.1036479.peg.1080,fig|6666666.1036479.peg.1308,0.8779374718666076,0.004208897768248709,High,Medium,Medium–High,,,0,no STRING match,no STRING match,2712,2764,1,1
2074,fig|6666666.1036479.peg.2672,fig|6666666.1036479.peg.3077,0.8779110968112945,0.004210928109670923,Medium,Medium,Medium–Medium,,,0,no STRING match,no STRING match,2341,2440,1,1
2075,fig|6666666.1036479.peg.40,fig|6666666.1036479.peg.411,0.8779048383235931,0.004212958451093136,Very Low,Low,Very Low–Low,,Hypothetical protein.,0,no STRING match,secondary STRING hit (STRING protein assigned to a better match),2528,2585,2,1
2076,fig|6666666.1036479.peg.188,fig|6666666.1036479.peg.411,0.8779048383235931,0.00421498879251535,Very Low,Low,Very Low–Low,,Hypothetical protein.,0,no STRING match,secondary STRING hit (STRING protein assigned to a better match),2528,2585,2,1
2077,fig|6666666.1036479.peg.2920,fig|6666666.1036479.peg.3017,0.8778983354568481,0.004217019133937563,Very Low,Medium,Very Low–Medium,,,0,no STRING match,no STRING match,2397,2430,1,1
2078,fig|6666666.1036479.peg.2571,fig|6666666.1036479.peg.728,0.8778963446617126,0.004219049475359777,Medium,Medium,Medium–Medium,,,0,no STRING match,no STRING match,2316,2639,1,1
2079,fig|6666666.1036479.peg.3142,fig|6666666.1036479.peg.2348,0.8778494119644165,0.00422107981678199,Low,High,Low–High,,,0,no STRING match,no STRING match,2448,3019,1,1
2080,fig|6666666.1036479.peg.1913,fig|6666666.1036479.peg.2348,0.8778329014778137,0.004223110158204204,Very Low,High,Very Low–High,,,0,no STRING match,no STRING match,2917,3019,1,1
2081,fig|6666666.1036479.peg.2547,fig|6666666.1036479.peg.1945,0.8778200447559357,0.004225140499626417,Medium,Very Low,Very Low–Medium,,,0,no STRING match,no STRING match,2297,2928,1,1
2082,fig|6666666.1036479.peg.411,fig|6666666.1036479.peg.1946,0.8778180539608001,0.004227170841048631,Low,Medium,Low–Medium,Hypothetical protein.,,0,secondary STRING hit (STRING protein assigned to a better match),no STRING match,2585,2929,1,1
2083,fig|6666666.1036479.peg.2548,fig|6666666.1036479.peg.1343,0.8778155505657196,0.004229201182470844,High,Very Low,Very Low–High,,,0,no STRING match,no STRING match,2298,2781,1,1
2084,fig|6666666.1036479.peg.659,fig|6666666.1036479.peg.866,0.8777987062931061,0.004231231523893058,Very Low,High,Very Low–High,,,0,no STRING match,no STRING match,2617,2667,1,1
2085,fig|6666666.1036479.peg.3010,fig|6666666.1036479.peg.2364,0.87779101729393,0.004233261865315271,Low,Medium,Low–Medium,,,0,no STRING match,no STRING match,2425,3022,1,1
2086,fig|6666666.1036479.peg.2547,fig|6666666.1036479.peg.3209,0.8777864933013916,0.004235292206737485,Medium,Medium,Medium–Medium,,,0,no STRING match,no STRING match,2297,2469,1,1
2087,fig|6666666.1036479.peg.2920,fig|6666666.1036479.peg.1289,0.8777675747871398,0.004237322548159698,Very Low,Very Low,Very Low–Very Low,,,0,no STRING match,no STRING match,2397,2762,1,1
2088,fig|6666666.1036479.peg.3142,fig|6666666.1036479.peg.411,0.8777672350406647,0.0042393528895819125,Low,Low,Low–Low,,Hypothetical protein.,0,no STRING match,secondary STRING hit (STRING protein assigned to a better match),2448,2585,1,1
2089,fig|6666666.1036479.peg.2891,fig|6666666.1036479.peg.728,0.8777563333511352,0.004241383231004126,Medium,Medium,Medium–Medium,,,0,no STRING match,no STRING match,2390,2639,1,1
2090,fig|6666666.1036479.peg.2506,fig|6666666.1036479.peg.2948,0.8777450144290924,0.0042434135724263395,Very Low,High,Very Low–High,,,0,no STRING match,no STRING match,2270,2410,6,1
2091,fig|6666666.1036479.peg.2516,fig|6666666.1036479.peg.2948,0.8777450144290924,0.004245443913848553,Very Low,High,Very Low–High,,,0,no STRING match,no STRING match,2270,2410,6,1
2092,fig|6666666.1036479.peg.2522,fig|6666666.1036479.peg.2948,0.8777450144290924,0.0042474742552707665,Very Low,High,Very Low–High,,,0,no STRING match,no STRING match,2270,2410,6,1
2093,fig|6666666.1036479.peg.2948,fig|6666666.1036479.peg.974,0.8777450144290924,0.00424950459669298,High,Very Low,Very Low–High,,,0,no STRING match,no STRING match,2410,2270,1,6
2094,fig|6666666.1036479.peg.2948,fig|6666666.1036479.peg.979,0.8777450144290924,0.0042515349381151936,High,Very Low,Very Low–High,,,0,no STRING match,no STRING match,2410,2270,1,6
2095,fig|6666666.1036479.peg.2948,fig|6666666.1036479.peg.2491,0.8777450144290924,0.004253565279537407,High,Very Low,Very Low–High,,,0,no STRING match,no STRING match,2410,2270,1,6
2096,fig|6666666.1036479.peg.861,fig|6666666.1036479.peg.2025,0.8777353405952454,0.0042555956209596206,High,Very Low,Very Low–High,,,0,no STRING match,no STRING match,2665,2950,1,1
2097,fig|6666666.1036479.peg.411,fig|6666666.1036479.peg.887,0.877710223197937,0.004257625962381834,Low,Medium,Low–Medium,Hypothetical protein.,,0,secondary STRING hit (STRING protein assigned to a better match),no STRING match,2585,2680,1,1
2098,fig|6666666.1036479.peg.2843,fig|6666666.1036479.peg.725,0.8777060091495514,0.004259656303804048,Very Low,Very Low,Very Low–Very Low,,,0,no STRING match,no STRING match,2370,2636,1,1
2099,fig|6666666.1036479.peg.2547,fig|6666666.1036479.peg.2556,0.8776767373085022,0.004261686645226261,Medium,High,Medium–High,,,0,no STRING match,no STRING match,2297,2306,1,2
2100,fig|6666666.1036479.peg.2547,fig|6666666.1036479.peg.2564,0.8776767373085022,0.004263716986648475,Medium,High,Medium–High,,,0,no STRING match,no STRING match,2297,2306,1,2
2101,fig|6666666.1036479.peg.2547,fig|6666666.1036479.peg.36,0.8776573717594147,0.004265747328070688,Medium,Medium,Medium–Medium,,,0,no STRING match,no STRING match,2297,2524,1,2
2102,fig|6666666.1036479.peg.2547,fig|6666666.1036479.peg.184,0.8776573717594147,0.004267777669492902,Medium,Medium,Medium–Medium,,,0,no STRING match,no STRING match,2297,2524,1,2
2103,fig|6666666.1036479.peg.1566,fig|6666666.1036479.peg.1947,0.8776350021362305,0.004269808010915115,High,Medium,Medium–High,,,0,no STRING match,no STRING match,2838,2930,1,1
2104,fig|6666666.1036479.peg.2548,fig|6666666.1036479.peg.894,0.877597713470459,0.0042718383523373295,High,Very Low,Very Low–High,,,0,no STRING match,no STRING match,2298,2686,1,1
2105,fig|6666666.1036479.peg.866,fig|6666666.1036479.peg.2383,0.8775965452194214,0.004273868693759543,High,Very Low,Very Low–High,,Hypothetical protein.,0,no STRING match,secondary STRING hit (STRING protein assigned to a better match),2667,3024,1,1
2106,fig|6666666.1036479.peg.2093,fig|6666666.1036479.peg.2364,0.8775914788246155,0.0042758990351817565,Medium,Medium,Medium–Medium,,,0,no STRING match,no STRING match,2955,3022,1,1
2107,fig|6666666.1036479.peg.728,fig|6666666.1036479.peg.1127,0.8775750875473023,0.00427792937660397,Medium,Low,Low–Medium,,Hypothetical protein.,0,no STRING match,secondary STRING hit (STRING protein assigned to a better match),2639,2743,1,1
2108,fig|6666666.1036479.peg.411,fig|6666666.1036479.peg.724,0.8775334775447845,0.0042799597180261835,Low,Medium,Low–Medium,Hypothetical protein.,,0,secondary STRING hit (STRING protein assigned to a better match),no STRING match,2585,2635,1,1
2109,fig|6666666.1036479.peg.2929,fig|6666666.1036479.peg.2436,0.8774926126003265,0.004281990059448397,Very Low,Medium,Very Low–Medium,Hypothetical protein.,,0,secondary STRING hit (STRING protein assigned to a better match),no STRING match,2404,3033,1,1
2110,fig|6666666.1036479.peg.728,fig|6666666.1036479.peg.887,0.87748903632164,0.0042840204008706105,Medium,Medium,Medium–Medium,,,0,no STRING match,no STRING match,2639,2680,1,1
2111,fig|6666666.1036479.peg.861,fig|6666666.1036479.peg.1649,0.877473646402359,0.004286050742292824,High,Very Low,Very Low–High,,YD repeat-containing protein; COG3209 Rhs family protein.,0,no STRING match,secondary STRING hit (STRING protein assigned to a better match),2665,2879,1,1
2112,fig|6666666.1036479.peg.2517,fig|6666666.1036479.peg.2672,0.8774680078029633,0.0042880810837150375,Medium,Medium,Medium–Medium,,,0,no STRING match,no STRING match,2279,2341,1,1
2113,fig|6666666.1036479.peg.1567,fig|6666666.1036479.peg.1947,0.8774456143379211,0.004290111425137251,Low,Medium,Low–Medium,,,0,no STRING match,no STRING match,2839,2930,1,1
2114,fig|6666666.1036479.peg.573,fig|6666666.1036479.peg.2327,0.877430135011673,0.0042921417665594645,Very Low,Medium,Very Low–Medium,Hypothetical protein.,,0,secondary STRING hit (STRING protein assigned to a better match),no STRING match,2601,3016,1,1
2115,fig|6666666.1036479.peg.2548,fig|6666666.1036479.peg.1965,0.8774227857589721,0.004294172107981678,High,Medium,Medium–High,,Hypothetical protein.,0,no STRING match,secondary STRING hit (STRING protein assigned to a better match),2298,2945,1,1
2116,fig|6666666.1036479.peg.2509,fig|6666666.1036479.peg.1947,0.8774144768714904,0.0042962024494038915,Very Low,Medium,Very Low–Medium,,,0,no STRING match,no STRING match,2273,2930,15,1
2117,fig|6666666.1036479.peg.2513,fig|6666666.1036479.peg.1947,0.8774144768714904,0.004298232790826105,Very Low,Medium,Very Low–Medium,,,0,no STRING match,no STRING match,2273,2930,15,1
2118,fig|6666666.1036479.peg.2519,fig|6666666.1036479.peg.1947,0.8774144768714904,0.0043002631322483185,Very Low,Medium,Very Low–Medium,,,0,no STRING match,no STRING match,2273,2930,15,1
2119,fig|6666666.1036479.peg.2526,fig|6666666.1036479.peg.1947,0.8774144768714904,0.004302293473670532,Very Low,Medium,Very Low–Medium,,,0,no STRING match,no STRING match,2273,2930,15,1
2120,fig|6666666.1036479.peg.2530,fig|6666666.1036479.peg.1947,0.8774144768714904,0.004304323815092746,Very Low,Medium,Very Low–Medium,,,0,no STRING match,no STRING match,2273,2930,15,1
2121,fig|6666666.1036479.peg.2534,fig|6666666.1036479.peg.1947,0.8774144768714904,0.00430635415651496,Very Low,Medium,Very Low–Medium,,,0,no STRING match,no STRING match,2273,2930,15,1
2122,fig|6666666.1036479.peg.3173,fig|6666666.1036479.peg.1947,0.8774144768714904,0.0043083844979371734,Very Low,Medium,Very Low–Medium,,,0,no STRING match,no STRING match,2273,2930,15,1
2123,fig|6666666.1036479.peg.971,fig|6666666.1036479.peg.1947,0.8774144768714904,0.004310414839359387,Very Low,Medium,Very Low–Medium,,,0,no STRING match,no STRING match,2273,2930,15,1
2124,fig|6666666.1036479.peg.976,fig|6666666.1036479.peg.1947,0.8774144768714904,0.0043124451807816004,Very Low,Medium,Very Low–Medium,,,0,no STRING match,no STRING match,2273,2930,15,1
2125,fig|6666666.1036479.peg.981,fig|6666666.1036479.peg.1947,0.8774144768714904,0.004314475522203814,Very Low,Medium,Very Low–Medium,,,0,no STRING match,no STRING match,2273,2930,15,1
2126,fig|6666666.1036479.peg.985,fig|6666666.1036479.peg.1947,0.8774144768714904,0.0043165058636260275,Very Low,Medium,Very Low–Medium,,,0,no STRING match,no STRING match,2273,2930,15,1
2127,fig|6666666.1036479.peg.989,fig|6666666.1036479.peg.1947,0.8774144768714904,0.004318536205048241,Very Low,Medium,Very Low–Medium,,,0,no STRING match,no STRING match,2273,2930,15,1
2128,fig|6666666.1036479.peg.1947,fig|6666666.1036479.peg.2489,0.8774144768714904,0.0043205665464704545,Medium,Very Low,Very Low–Medium,,,0,no STRING match,no STRING match,2930,2273,1,15
2129,fig|6666666.1036479.peg.1947,fig|6666666.1036479.peg.2494,0.8774144768714904,0.004322596887892668,Medium,Very Low,Very Low–Medium,,,0,no STRING match,no STRING match,2930,2273,1,15
2130,fig|6666666.1036479.peg.1947,fig|6666666.1036479.peg.2498,0.8774144768714904,0.0043246272293148815,Medium,Very Low,Very Low–Medium,,,0,no STRING match,no STRING match,2930,2273,1,15
2131,fig|6666666.1036479.peg.2814,fig|6666666.1036479.peg.3020,0.8774053573608398,0.004326657570737095,Very Low,Low,Very Low–Low,,,0,no STRING match,no STRING match,2358,2433,1,1
2132,fig|6666666.1036479.peg.866,fig|6666666.1036479.peg.2025,0.8773707985877991,0.0043286879121593085,High,Very Low,Very Low–High,,,0,no STRING match,no STRING match,2667,2950,1,1
2133,fig|6666666.1036479.peg.2504,fig|6666666.1036479.peg.1300,0.8773604512214661,0.004330718253581522,Very Low,Low,Very Low–Low,,,0,no STRING match,no STRING match,2268,2763,1,1
2134,fig|6666666.1036479.peg.2547,fig|6666666.1036479.peg.720,0.8773592054843903,0.0043327485950037355,Medium,High,Medium–High,,,0,no STRING match,no STRING match,2297,2631,1,1
2135,fig|6666666.1036479.peg.2509,fig|6666666.1036479.peg.3020,0.8773551344871521,0.004334778936425949,Very Low,Low,Very Low–Low,,,0,no STRING match,no STRING match,2273,2433,15,1
2136,fig|6666666.1036479.peg.2513,fig|6666666.1036479.peg.3020,0.8773551344871521,0.004336809277848163,Very Low,Low,Very Low–Low,,,0,no STRING match,no STRING match,2273,2433,15,1
2137,fig|6666666.1036479.peg.2519,fig|6666666.1036479.peg.3020,0.8773551344871521,0.004338839619270377,Very Low,Low,Very Low–Low,,,0,no STRING match,no STRING match,2273,2433,15,1
2138,fig|6666666.1036479.peg.2526,fig|6666666.1036479.peg.3020,0.8773551344871521,0.00434086996069259,Very Low,Low,Very Low–Low,,,0,no STRING match,no STRING match,2273,2433,15,1
2139,fig|6666666.1036479.peg.2530,fig|6666666.1036479.peg.3020,0.8773551344871521,0.004342900302114804,Very Low,Low,Very Low–Low,,,0,no STRING match,no STRING match,2273,2433,15,1
2140,fig|6666666.1036479.peg.2534,fig|6666666.1036479.peg.3020,0.8773551344871521,0.004344930643537017,Very Low,Low,Very Low–Low,,,0,no STRING match,no STRING match,2273,2433,15,1
2141,fig|6666666.1036479.peg.3020,fig|6666666.1036479.peg.3173,0.8773551344871521,0.004346960984959231,Low,Very Low,Very Low–Low,,,0,no STRING match,no STRING match,2433,2273,1,15
2142,fig|6666666.1036479.peg.3020,fig|6666666.1036479.peg.971,0.8773551344871521,0.004348991326381444,Low,Very Low,Very Low–Low,,,0,no STRING match,no STRING match,2433,2273,1,15
2143,fig|6666666.1036479.peg.3020,fig|6666666.1036479.peg.976,0.8773551344871521,0.004351021667803658,Low,Very Low,Very Low–Low,,,0,no STRING match,no STRING match,2433,2273,1,15
2144,fig|6666666.1036479.peg.3020,fig|6666666.1036479.peg.981,0.8773551344871521,0.004353052009225871,Low,Very Low,Very Low–Low,,,0,no STRING match,no STRING match,2433,2273,1,15
2145,fig|6666666.1036479.peg.3020,fig|6666666.1036479.peg.985,0.8773551344871521,0.004355082350648085,Low,Very Low,Very Low–Low,,,0,no STRING match,no STRING match,2433,2273,1,15
2146,fig|6666666.1036479.peg.3020,fig|6666666.1036479.peg.989,0.8773551344871521,0.004357112692070298,Low,Very Low,Very Low–Low,,,0,no STRING match,no STRING match,2433,2273,1,15
2147,fig|6666666.1036479.peg.3020,fig|6666666.1036479.peg.2489,0.8773551344871521,0.004359143033492512,Low,Very Low,Very Low–Low,,,0,no STRING match,no STRING match,2433,2273,1,15
2148,fig|6666666.1036479.peg.3020,fig|6666666.1036479.peg.2494,0.8773551344871521,0.0043611733749147254,Low,Very Low,Very Low–Low,,,0,no STRING match,no STRING match,2433,2273,1,15
2149,fig|6666666.1036479.peg.3020,fig|6666666.1036479.peg.2498,0.8773551344871521,0.004363203716336939,Low,Very Low,Very Low–Low,,,0,no STRING match,no STRING match,2433,2273,1,15
2150,fig|6666666.1036479.peg.2623,fig|6666666.1036479.peg.728,0.8773405730724335,0.0043652340577591525,Very Low,Medium,Very Low–Medium,,,0,no STRING match,no STRING match,2333,2639,1,1
2151,fig|6666666.1036479.peg.2924,fig|6666666.1036479.peg.2988,0.8772917687892914,0.004367264399181366,Very Low,Medium,Very Low–Medium,,Hypothetical protein.,0,no STRING match,secondary STRING hit (STRING protein assigned to a better match),2401,2416,1,1
2152,fig|6666666.1036479.peg.2948,fig|6666666.1036479.peg.1943,0.8772875249385834,0.00436929474060358,High,Medium,Medium–High,,COG3103 SH3 domain protein.,0,no STRING match,secondary STRING hit (STRING protein assigned to a better match),2410,2926,1,1
2153,fig|6666666.1036479.peg.776,fig|6666666.1036479.peg.861,0.8772143602371216,0.004371325082025794,Low,High,Low–High,,,0,no STRING match,no STRING match,2659,2665,1,1
2154,fig|6666666.1036479.peg.1377,fig|6666666.1036479.peg.2348,0.8772135853767395,0.004373355423448007,Very Low,High,Very Low–High,,,0,no STRING match,no STRING match,2809,3019,1,1
2155,fig|6666666.1036479.peg.3222,fig|6666666.1036479.peg.719,0.8771654009819031,0.004375385764870221,Medium,Medium,Medium–Medium,,,0,no STRING match,no STRING match,2473,2630,2,1
2156,fig|6666666.1036479.peg.138,fig|6666666.1036479.peg.719,0.8771654009819031,0.004377416106292434,Medium,Medium,Medium–Medium,,,0,no STRING match,no STRING match,2473,2630,2,1
2157,fig|6666666.1036479.peg.411,fig|6666666.1036479.peg.1919,0.8771634578704834,0.004379446447714648,Low,Very Low,Very Low–Low,Hypothetical protein.,,0,secondary STRING hit (STRING protein assigned to a better match),no STRING match,2585,2920,1,1
2158,fig|6666666.1036479.peg.3207,fig|6666666.1036479.peg.1919,0.8770964086055756,0.004381476789136861,Medium,Very Low,Very Low–Medium,,,0,no STRING match,no STRING match,2468,2920,1,1
2159,fig|6666666.1036479.peg.3209,fig|6666666.1036479.peg.1300,0.8770541071891784,0.004383507130559075,Medium,Low,Low–Medium,,,0,no STRING match,no STRING match,2469,2763,1,1
2160,fig|6666666.1036479.peg.2672,fig|6666666.1036479.peg.3033,0.8770215272903442,0.004385537471981288,Medium,Low,Low–Medium,,,0,no STRING match,no STRING match,2341,2437,1,1
2161,fig|6666666.1036479.peg.2548,fig|6666666.1036479.peg.1755,0.8770183563232422,0.004387567813403502,High,Medium,Medium–High,,Hypothetical protein.,0,no STRING match,secondary STRING hit (STRING protein assigned to a better match),2298,2892,1,1
2162,fig|6666666.1036479.peg.861,fig|6666666.1036479.peg.1785,0.8770066440105438,0.004389598154825715,High,Very Low,Very Low–High,,,0,no STRING match,no STRING match,2665,2898,1,1
2163,fig|6666666.1036479.peg.731,fig|6666666.1036479.peg.861,0.8769534885883331,0.004391628496247929,Low,High,Low–High,,,0,no STRING match,no STRING match,2642,2665,1,1
2164,fig|6666666.1036479.peg.411,fig|6666666.1036479.peg.2497,0.8769312679767609,0.004393658837670142,Low,Very Low,Very Low–Low,Hypothetical protein.,,0,secondary STRING hit (STRING protein assigned to a better match),no STRING match,2585,3047,1,1
2165,fig|6666666.1036479.peg.723,fig|6666666.1036479.peg.2364,0.8769163310527801,0.004395689179092356,High,Medium,Medium–High,,,0,no STRING match,no STRING match,2634,3022,1,1
2166,fig|6666666.1036479.peg.2948,fig|6666666.1036479.peg.1962,0.8768882989883423,0.004397719520514569,High,Medium,Medium–High,,,0,no STRING match,no STRING match,2410,2944,1,1
2167,fig|6666666.1036479.peg.3020,fig|6666666.1036479.peg.1894,0.8768378734588623,0.004399749861936783,Low,Medium,Low–Medium,,Hypothetical protein.,0,no STRING match,secondary STRING hit (STRING protein assigned to a better match),2433,2912,1,1
2168,fig|6666666.1036479.peg.3207,fig|6666666.1036479.peg.3213,0.8768367528915405,0.004401780203358997,Medium,Very Low,Very Low–Medium,,,0,no STRING match,no STRING match,2468,2470,1,1
2169,fig|6666666.1036479.peg.3187,fig|6666666.1036479.peg.3207,0.8768323421478271,0.004403810544781211,Very Low,Medium,Very Low–Medium,Hypothetical protein.,,0,secondary STRING hit (STRING protein assigned to a better match),no STRING match,2460,2468,1,1
2170,fig|6666666.1036479.peg.2623,fig|6666666.1036479.peg.1947,0.8768159329891205,0.004405840886203424,Very Low,Medium,Very Low–Medium,,,0,no STRING match,no STRING match,2333,2930,1,1
2171,fig|6666666.1036479.peg.2987,fig|6666666.1036479.peg.2348,0.876765501499176,0.004407871227625638,Very Low,High,Very Low–High,,,0,no STRING match,no STRING match,2415,3019,1,1
2172,fig|6666666.1036479.peg.2988,fig|6666666.1036479.peg.740,0.876725310087204,0.004409901569047851,Medium,Very Low,Very Low–Medium,Hypothetical protein.,,0,secondary STRING hit (STRING protein assigned to a better match),no STRING match,2416,2651,1,1
2173,fig|6666666.1036479.peg.2548,fig|6666666.1036479.peg.2923,0.8767133414745331,0.004411931910470065,High,Medium,Medium–High,,,0,no STRING match,no STRING match,2298,2400,1,1
2174,fig|6666666.1036479.peg.1265,fig|6666666.1036479.peg.1947,0.8766516625881196,0.004413962251892278,Low,Medium,Low–Medium,,,0,no STRING match,no STRING match,2760,2930,1,1
2175,fig|6666666.1036479.peg.38,fig|6666666.1036479.peg.2436,0.8765837728977204,0.004415992593314492,Low,Medium,Low–Medium,,,0,no STRING match,no STRING match,2526,3033,2,1
2176,fig|6666666.1036479.peg.186,fig|6666666.1036479.peg.2436,0.8765837728977204,0.004418022934736705,Low,Medium,Low–Medium,,,0,no STRING match,no STRING match,2526,3033,2,1
2177,fig|6666666.1036479.peg.1947,fig|6666666.1036479.peg.1951,0.8765732228755951,0.004420053276158919,Medium,High,Medium–High,,,0,no STRING match,no STRING match,2930,2934,1,1
2178,fig|6666666.1036479.peg.370,fig|6666666.1036479.peg.2404,0.8765580952167511,0.004422083617581132,High,Medium,Medium–High,,Hypothetical protein; COG0605 Superoxide dismutase.,0,no STRING match,secondary STRING hit (STRING protein assigned to a better match),2579,3028,1,1
2179,fig|6666666.1036479.peg.2672,fig|6666666.1036479.peg.1350,0.8765565752983093,0.004424113959003346,Medium,Medium,Medium–Medium,,,0,no STRING match,no STRING match,2341,2788,1,1
2180,fig|6666666.1036479.peg.3011,fig|6666666.1036479.peg.2348,0.8765415191650391,0.004426144300425559,High,High,High–High,,,0,no STRING match,no STRING match,2426,3019,1,1
2181,fig|6666666.1036479.peg.2881,fig|6666666.1036479.peg.861,0.8765407025814056,0.004428174641847773,Very Low,High,Very Low–High,,,0,no STRING match,no STRING match,2383,2665,1,1
2182,fig|6666666.1036479.peg.3254,fig|6666666.1036479.peg.881,0.8765106737613678,0.004430204983269986,High,High,High–High,,,0,no STRING match,no STRING match,2505,2674,3,1
2183,fig|6666666.1036479.peg.22,fig|6666666.1036479.peg.881,0.8765106737613678,0.0044322353246922,High,High,High–High,,,0,no STRING match,no STRING match,2505,2674,3,1
2184,fig|6666666.1036479.peg.170,fig|6666666.1036479.peg.881,0.8765106737613678,0.004434265666114414,High,High,High–High,,,0,no STRING match,no STRING match,2505,2674,3,1
2185,fig|6666666.1036479.peg.2510,fig|6666666.1036479.peg.2672,0.8765068650245667,0.004436296007536628,Very Low,Medium,Very Low–Medium,,,0,no STRING match,no STRING match,2274,2341,12,1
2186,fig|6666666.1036479.peg.2527,fig|6666666.1036479.peg.2672,0.8765068650245667,0.004438326348958841,Very Low,Medium,Very Low–Medium,,,0,no STRING match,no STRING match,2274,2341,12,1
2187,fig|6666666.1036479.peg.2531,fig|6666666.1036479.peg.2672,0.8765068650245667,0.004440356690381055,Very Low,Medium,Very Low–Medium,,,0,no STRING match,no STRING match,2274,2341,12,1
2188,fig|6666666.1036479.peg.2672,fig|6666666.1036479.peg.3174,0.8765068650245667,0.004442387031803268,Medium,Very Low,Very Low–Medium,,,0,no STRING match,no STRING match,2341,2274,1,12
2189,fig|6666666.1036479.peg.2672,fig|6666666.1036479.peg.970,0.8765068650245667,0.004444417373225482,Medium,Very Low,Very Low–Medium,,,0,no STRING match,no STRING match,2341,2274,1,12
2190,fig|6666666.1036479.peg.2672,fig|6666666.1036479.peg.975,0.8765068650245667,0.004446447714647695,Medium,Very Low,Very Low–Medium,,,0,no STRING match,no STRING match,2341,2274,1,12
2191,fig|6666666.1036479.peg.2672,fig|6666666.1036479.peg.980,0.8765068650245667,0.004448478056069909,Medium,Very Low,Very Low–Medium,,,0,no STRING match,no STRING match,2341,2274,1,12
2192,fig|6666666.1036479.peg.2672,fig|6666666.1036479.peg.984,0.8765068650245667,0.004450508397492122,Medium,Very Low,Very Low–Medium,,,0,no STRING match,no STRING match,2341,2274,1,12
2193,fig|6666666.1036479.peg.2672,fig|6666666.1036479.peg.988,0.8765068650245667,0.004452538738914336,Medium,Very Low,Very Low–Medium,,,0,no STRING match,no STRING match,2341,2274,1,12
2194,fig|6666666.1036479.peg.2672,fig|6666666.1036479.peg.2490,0.8765068650245667,0.004454569080336549,Medium,Very Low,Very Low–Medium,,,0,no STRING match,no STRING match,2341,2274,1,12
2195,fig|6666666.1036479.peg.2672,fig|6666666.1036479.peg.2495,0.8765068650245667,0.004456599421758763,Medium,Very Low,Very Low–Medium,,,0,no STRING match,no STRING match,2341,2274,1,12
2196,fig|6666666.1036479.peg.2672,fig|6666666.1036479.peg.2499,0.8765068650245667,0.004458629763180976,Medium,Very Low,Very Low–Medium,,,0,no STRING match,no STRING match,2341,2274,1,12
2197,fig|6666666.1036479.peg.3184,fig|6666666.1036479.peg.2092,0.8764812827110291,0.00446066010460319,Very Low,Medium,Very Low–Medium,,,0,no STRING match,no STRING match,2457,2954,1,1
2198,fig|6666666.1036479.peg.659,fig|6666666.1036479.peg.2348,0.8764430046081543,0.004462690446025403,Very Low,High,Very Low–High,,,0,no STRING match,no STRING match,2617,3019,1,1
2199,fig|6666666.1036479.peg.2556,fig|6666666.1036479.peg.2364,0.8763984858989715,0.004464720787447617,High,Medium,Medium–High,,,0,no STRING match,no STRING match,2306,3022,2,1
2200,fig|6666666.1036479.peg.2564,fig|6666666.1036479.peg.2364,0.8763984858989715,0.004466751128869831,High,Medium,Medium–High,,,0,no STRING match,no STRING match,2306,3022,2,1
2201,fig|6666666.1036479.peg.2025,fig|6666666.1036479.peg.2348,0.8763802170753479,0.004468781470292045,Very Low,High,Very Low–High,,,0,no STRING match,no STRING match,2950,3019,1,1
2202,fig|6666666.1036479.peg.3254,fig|6666666.1036479.peg.725,0.8763455867767334,0.004470811811714258,High,Very Low,Very Low–High,,,0,no STRING match,no STRING match,2505,2636,3,1
2203,fig|6666666.1036479.peg.22,fig|6666666.1036479.peg.725,0.8763455867767334,0.004472842153136472,High,Very Low,Very Low–High,,,0,no STRING match,no STRING match,2505,2636,3,1
2204,fig|6666666.1036479.peg.170,fig|6666666.1036479.peg.725,0.8763455867767334,0.004474872494558685,High,Very Low,Very Low–High,,,0,no STRING match,no STRING match,2505,2636,3,1
2205,fig|6666666.1036479.peg.3231,fig|6666666.1036479.peg.719,0.8762903690338135,0.004476902835980899,Very Low,Medium,Very Low–Medium,,,0,no STRING match,no STRING match,2482,2630,2,1
2206,fig|6666666.1036479.peg.147,fig|6666666.1036479.peg.719,0.8762903690338135,0.004478933177403112,Very Low,Medium,Very Low–Medium,,,0,no STRING match,no STRING match,2482,2630,2,1
2207,fig|6666666.1036479.peg.3011,fig|6666666.1036479.peg.370,0.8762572586536408,0.004480963518825326,High,High,High–High,,,0,no STRING match,no STRING match,2426,2579,1,1
2208,fig|6666666.1036479.peg.3020,fig|6666666.1036479.peg.40,0.8762485563755036,0.004482993860247539,Low,Very Low,Very Low–Low,,,0,no STRING match,no STRING match,2433,2528,1,2
2209,fig|6666666.1036479.peg.3020,fig|6666666.1036479.peg.188,0.8762485563755036,0.004485024201669753,Low,Very Low,Very Low–Low,,,0,no STRING match,no STRING match,2433,2528,1,2
2210,fig|6666666.1036479.peg.3222,fig|6666666.1036479.peg.1945,0.8762299180030823,0.004487054543091966,Medium,Very Low,Very Low–Medium,,,0,no STRING match,no STRING match,2473,2928,2,1
2211,fig|6666666.1036479.peg.138,fig|6666666.1036479.peg.1945,0.8762299180030823,0.00448908488451418,Medium,Very Low,Very Low–Medium,,,0,no STRING match,no STRING match,2473,2928,2,1
2212,fig|6666666.1036479.peg.866,fig|6666666.1036479.peg.2497,0.8762275755405426,0.004491115225936393,High,Very Low,Very Low–High,,,0,no STRING match,no STRING match,2667,3047,1,1
2213,fig|6666666.1036479.peg.2948,fig|6666666.1036479.peg.942,0.8762109756469727,0.004493145567358607,High,Very Low,Very Low–High,,,0,no STRING match,no STRING match,2410,2691,1,1
2214,fig|6666666.1036479.peg.861,fig|6666666.1036479.peg.1350,0.8761918246746063,0.00449517590878082,High,Medium,Medium–High,,,0,no STRING match,no STRING match,2665,2788,1,1
2215,fig|6666666.1036479.peg.370,fig|6666666.1036479.peg.1412,0.8761812686920166,0.004497206250203034,High,Medium,Medium–High,,,0,no STRING match,no STRING match,2579,2815,1,1
2216,fig|6666666.1036479.peg.1289,fig|6666666.1036479.peg.2436,0.8761592447757721,0.004499236591625248,Very Low,Medium,Very Low–Medium,,,0,no STRING match,no STRING match,2762,3033,1,1
2217,fig|6666666.1036479.peg.2547,fig|6666666.1036479.peg.3010,0.8761101186275482,0.004501266933047462,Medium,Low,Low–Medium,,,0,no STRING match,no STRING match,2297,2425,1,1
2218,fig|6666666.1036479.peg.2548,fig|6666666.1036479.peg.2895,0.8761076867580414,0.004503297274469675,High,Very Low,Very Low–High,,,0,no STRING match,no STRING match,2298,2394,1,1
2219,fig|6666666.1036479.peg.861,fig|6666666.1036479.peg.2145,0.8760940134525299,0.004505327615891889,High,Very Low,Very Low–High,,,0,no STRING match,no STRING match,2665,2973,1,1
2220,fig|6666666.1036479.peg.2679,fig|6666666.1036479.peg.3017,0.87608043551445,0.004507357957314102,Medium,Medium,Medium–Medium,,,0,no STRING match,no STRING match,2342,2430,1,1
2221,fig|6666666.1036479.peg.36,fig|6666666.1036479.peg.1308,0.8760630488395691,0.004509388298736316,Medium,Medium,Medium–Medium,,,0,no STRING match,no STRING match,2524,2764,2,1
2222,fig|6666666.1036479.peg.184,fig|6666666.1036479.peg.1308,0.8760630488395691,0.004511418640158529,Medium,Medium,Medium–Medium,,,0,no STRING match,no STRING match,2524,2764,2,1
2223,fig|6666666.1036479.peg.1409,fig|6666666.1036479.peg.2436,0.8760531365871429,0.004513448981580743,Medium,Medium,Medium–Medium,,,0,no STRING match,no STRING match,2812,3033,1,1
2224,fig|6666666.1036479.peg.861,fig|6666666.1036479.peg.1950,0.8760391592979431,0.004515479323002956,High,Very Low,Very Low–High,,,0,no STRING match,no STRING match,2665,2933,1,1
2225,fig|6666666.1036479.peg.411,fig|6666666.1036479.peg.2405,0.8760327637195587,0.00451750966442517,Low,Medium,Low–Medium,Hypothetical protein.,Hypothetical protein; COG0605 Superoxide dismutase.,0,secondary STRING hit (STRING protein assigned to a better match),secondary STRING hit (STRING protein assigned to a better match),2585,3029,1,1
2226,fig|6666666.1036479.peg.2547,fig|6666666.1036479.peg.1953,0.8760013699531555,0.004519540005847383,Medium,Low,Low–Medium,,,0,no STRING match,no STRING match,2297,2935,1,1
2227,fig|6666666.1036479.peg.411,fig|6666666.1036479.peg.652,0.875994062423706,0.004521570347269597,Low,Very Low,Very Low–Low,Hypothetical protein.,,0,secondary STRING hit (STRING protein assigned to a better match),no STRING match,2585,2615,1,1
2228,fig|6666666.1036479.peg.1947,fig|6666666.1036479.peg.2404,0.8759940147399903,0.00452360068869181,Medium,Medium,Medium–Medium,,Hypothetical protein; COG0605 Superoxide dismutase.,0,no STRING match,secondary STRING hit (STRING protein assigned to a better match),2930,3028,1,1
2229,fig|6666666.1036479.peg.2556,fig|6666666.1036479.peg.881,0.87597815990448,0.004525631030114024,High,High,High–High,,,0,no STRING match,no STRING match,2306,2674,2,1
2230,fig|6666666.1036479.peg.2564,fig|6666666.1036479.peg.881,0.87597815990448,0.004527661371536237,High,High,High–High,,,0,no STRING match,no STRING match,2306,2674,2,1
2231,fig|6666666.1036479.peg.2948,fig|6666666.1036479.peg.48,0.8759504795074463,0.004529691712958451,High,Medium,Medium–High,,,0,no STRING match,no STRING match,2410,2536,1,1
2232,fig|6666666.1036479.peg.1894,fig|6666666.1036479.peg.1947,0.8759336292743682,0.004531722054380665,Medium,Medium,Medium–Medium,Hypothetical protein.,,0,secondary STRING hit (STRING protein assigned to a better match),no STRING match,2912,2930,1,1
2233,fig|6666666.1036479.peg.866,fig|6666666.1036479.peg.1092,0.8759222984313965,0.004533752395802879,High,Very Low,Very Low–High,,,0,no STRING match,no STRING match,2667,2715,1,1
2234,fig|6666666.1036479.peg.391,fig|6666666.1036479.peg.411,0.8759122967720032,0.004535782737225092,Medium,Low,Low–Medium,,Hypothetical protein.,0,no STRING match,secondary STRING hit (STRING protein assigned to a better match),2580,2585,1,1
2235,fig|6666666.1036479.peg.2539,fig|6666666.1036479.peg.411,0.8758915781974792,0.004537813078647306,Low,Low,Low–Low,,Hypothetical protein.,0,no STRING match,secondary STRING hit (STRING protein assigned to a better match),2289,2585,1,1
2236,fig|6666666.1036479.peg.861,fig|6666666.1036479.peg.1416,0.8758852362632752,0.004539843420069519,High,Medium,Medium–High,,,0,no STRING match,no STRING match,2665,2817,1,1
2237,fig|6666666.1036479.peg.3015,fig|6666666.1036479.peg.573,0.8758752524852753,0.004541873761491733,Low,Very Low,Very Low–Low,,Hypothetical protein.,0,no STRING match,secondary STRING hit (STRING protein assigned to a better match),2428,2601,1,1
2238,fig|6666666.1036479.peg.370,fig|6666666.1036479.peg.391,0.8758381545543671,0.004543904102913946,High,Medium,Medium–High,,,0,no STRING match,no STRING match,2579,2580,1,1
2239,fig|6666666.1036479.peg.3011,fig|6666666.1036479.peg.861,0.8758370637893677,0.00454593444433616,High,High,High–High,,,0,no STRING match,no STRING match,2426,2665,1,1
2240,fig|6666666.1036479.peg.1344,fig|6666666.1036479.peg.1947,0.8758339285850525,0.004547964785758373,Very Low,Medium,Very Low–Medium,,,0,no STRING match,no STRING match,2782,2930,1,1
2241,fig|6666666.1036479.peg.2960,fig|6666666.1036479.peg.1289,0.8758068203926086,0.004549995127180587,Low,Very Low,Very Low–Low,,,0,no STRING match,no STRING match,2412,2762,1,1
2242,fig|6666666.1036479.peg.40,fig|6666666.1036479.peg.1947,0.8757885932922364,0.0045520254686028,Very Low,Medium,Very Low–Medium,,,0,no STRING match,no STRING match,2528,2930,2,1
2243,fig|6666666.1036479.peg.188,fig|6666666.1036479.peg.1947,0.8757885932922364,0.004554055810025014,Very Low,Medium,Very Low–Medium,,,0,no STRING match,no STRING match,2528,2930,2,1
2244,fig|6666666.1036479.peg.2547,fig|6666666.1036479.peg.2843,0.8757849097251892,0.004556086151447227,Medium,Very Low,Very Low–Medium,,,0,no STRING match,no STRING match,2297,2370,1,1
2245,fig|6666666.1036479.peg.3008,fig|6666666.1036479.peg.2092,0.8757767021656037,0.004558116492869441,Medium,Medium,Medium–Medium,,,0,no STRING match,no STRING match,2423,2954,1,1
2246,fig|6666666.1036479.peg.1617,fig|6666666.1036479.peg.2364,0.8757732391357422,0.004560146834291654,Low,Medium,Low–Medium,,,0,no STRING match,no STRING match,2864,3022,2,1
2247,fig|6666666.1036479.peg.1625,fig|6666666.1036479.peg.2364,0.8757732391357422,0.004562177175713868,Low,Medium,Low–Medium,,,0,no STRING match,no STRING match,2864,3022,2,1
2248,fig|6666666.1036479.peg.2672,fig|6666666.1036479.peg.1377,0.8757620811462402,0.004564207517136082,Medium,Very Low,Very Low–Medium,,,0,no STRING match,no STRING match,2341,2809,1,1
2249,fig|6666666.1036479.peg.2960,fig|6666666.1036479.peg.2364,0.8757585346698761,0.0045662378585582955,Low,Medium,Low–Medium,,,0,no STRING match,no STRING match,2412,3022,1,1
2250,fig|6666666.1036479.peg.3015,fig|6666666.1036479.peg.881,0.875739449262619,0.004568268199980509,Low,High,Low–High,,,0,no STRING match,no STRING match,2428,2674,1,1
2251,fig|6666666.1036479.peg.2514,fig|6666666.1036479.peg.2548,0.8757098495960236,0.0045702985414027225,Very Low,High,Very Low–High,,,0,no STRING match,no STRING match,2277,2298,1,1
2252,fig|6666666.1036479.peg.2672,fig|6666666.1036479.peg.1092,0.8756957411766052,0.004572328882824936,Medium,Very Low,Very Low–Medium,,,0,no STRING match,no STRING match,2341,2715,1,1
2253,fig|6666666.1036479.peg.2510,fig|6666666.1036479.peg.866,0.8756848573684692,0.0045743592242471496,Very Low,High,Very Low–High,,,0,no STRING match,no STRING match,2274,2667,12,1
2254,fig|6666666.1036479.peg.2527,fig|6666666.1036479.peg.866,0.8756848573684692,0.004576389565669363,Very Low,High,Very Low–High,,,0,no STRING match,no STRING match,2274,2667,12,1
2255,fig|6666666.1036479.peg.2531,fig|6666666.1036479.peg.866,0.8756848573684692,0.004578419907091577,Very Low,High,Very Low–High,,,0,no STRING match,no STRING match,2274,2667,12,1
2256,fig|6666666.1036479.peg.3174,fig|6666666.1036479.peg.866,0.8756848573684692,0.00458045024851379,Very Low,High,Very Low–High,,,0,no STRING match,no STRING match,2274,2667,12,1
2257,fig|6666666.1036479.peg.866,fig|6666666.1036479.peg.970,0.8756848573684692,0.004582480589936004,High,Very Low,Very Low–High,,,0,no STRING match,no STRING match,2667,2274,1,12
2258,fig|6666666.1036479.peg.866,fig|6666666.1036479.peg.975,0.8756848573684692,0.004584510931358217,High,Very Low,Very Low–High,,,0,no STRING match,no STRING match,2667,2274,1,12
2259,fig|6666666.1036479.peg.866,fig|6666666.1036479.peg.980,0.8756848573684692,0.004586541272780431,High,Very Low,Very Low–High,,,0,no STRING match,no STRING match,2667,2274,1,12
2260,fig|6666666.1036479.peg.866,fig|6666666.1036479.peg.984,0.8756848573684692,0.004588571614202644,High,Very Low,Very Low–High,,,0,no STRING match,no STRING match,2667,2274,1,12
2261,fig|6666666.1036479.peg.866,fig|6666666.1036479.peg.988,0.8756848573684692,0.004590601955624858,High,Very Low,Very Low–High,,,0,no STRING match,no STRING match,2667,2274,1,12
2262,fig|6666666.1036479.peg.866,fig|6666666.1036479.peg.2490,0.8756848573684692,0.004592632297047071,High,Very Low,Very Low–High,,,0,no STRING match,no STRING match,2667,2274,1,12
2263,fig|6666666.1036479.peg.866,fig|6666666.1036479.peg.2495,0.8756848573684692,0.004594662638469285,High,Very Low,Very Low–High,,,0,no STRING match,no STRING match,2667,2274,1,12
2264,fig|6666666.1036479.peg.866,fig|6666666.1036479.peg.2499,0.8756848573684692,0.004596692979891499,High,Very Low,Very Low–High,,,0,no STRING match,no STRING match,2667,2274,1,12
2265,fig|6666666.1036479.peg.3207,fig|6666666.1036479.peg.2383,0.8756745338439942,0.0045987233213137125,Medium,Very Low,Very Low–Medium,,Hypothetical protein.,0,no STRING match,secondary STRING hit (STRING protein assigned to a better match),2468,3024,1,1
2266,fig|6666666.1036479.peg.2920,fig|6666666.1036479.peg.2960,0.8756742000579834,0.004600753662735926,Very Low,Low,Very Low–Low,,,0,no STRING match,no STRING match,2397,2412,1,1
2267,fig|6666666.1036479.peg.2672,fig|6666666.1036479.peg.3107,0.8756203293800354,0.0046027840041581395,Medium,Very Low,Very Low–Medium,,,0,no STRING match,no STRING match,2341,2444,1,1
2268,fig|6666666.1036479.peg.2548,fig|6666666.1036479.peg.2176,0.8756178081035614,0.004604814345580353,High,Very Low,Very Low–High,,,0,no STRING match,no STRING match,2298,2996,1,1
2269,fig|6666666.1036479.peg.2918,fig|6666666.1036479.peg.866,0.87560276389122,0.0046068446870025665,Very Low,High,Very Low–High,,,0,no STRING match,no STRING match,2396,2667,1,1
2270,fig|6666666.1036479.peg.2294,fig|6666666.1036479.peg.2348,0.875570821762085,0.00460887502842478,Very Low,High,Very Low–High,,,0,no STRING match,no STRING match,3007,3019,1,1
2271,fig|6666666.1036479.peg.1300,fig|6666666.1036479.peg.2455,0.8755640327930451,0.0046109053698469935,Low,Medium,Low–Medium,,,0,no STRING match,no STRING match,2763,3038,1,1
2272,fig|6666666.1036479.peg.1,fig|6666666.1036479.peg.866,0.8755414009094238,0.004612935711269207,Very Low,High,Very Low–High,,,0,no STRING match,no STRING match,2509,2667,1,1
2273,fig|6666666.1036479.peg.48,fig|6666666.1036479.peg.573,0.8755355060100556,0.0046149660526914205,Medium,Very Low,Very Low–Medium,,Hypothetical protein.,0,no STRING match,secondary STRING hit (STRING protein assigned to a better match),2536,2601,1,1
2274,fig|6666666.1036479.peg.881,fig|6666666.1036479.peg.2092,0.8755246996879578,0.004616996394113634,High,Medium,Medium–High,,,0,no STRING match,no STRING match,2674,2954,1,1
2275,fig|6666666.1036479.peg.3020,fig|6666666.1036479.peg.817,0.8754758536815643,0.0046190267355358475,Low,Low,Low–Low,,Phospholipid/glycerol acyltransferase; COG4258 Predicted exporter.,0,no STRING match,secondary STRING hit (STRING protein assigned to a better match),2433,2663,1,1
2276,fig|6666666.1036479.peg.2948,fig|6666666.1036479.peg.2454,0.8754736661911011,0.004621057076958061,High,Medium,Medium–High,,,0,no STRING match,no STRING match,2410,3037,1,1
2277,fig|6666666.1036479.peg.411,fig|6666666.1036479.peg.2093,0.8754656255245209,0.0046230874183802746,Low,Medium,Low–Medium,Hypothetical protein.,,0,secondary STRING hit (STRING protein assigned to a better match),no STRING match,2585,2955,1,1
2278,fig|6666666.1036479.peg.3008,fig|6666666.1036479.peg.725,0.8754628419876098,0.004625117759802488,Medium,Very Low,Very Low–Medium,,,0,no STRING match,no STRING match,2423,2636,1,1
2279,fig|6666666.1036479.peg.573,fig|6666666.1036479.peg.1943,0.8754366338253021,0.0046271481012247016,Very Low,Medium,Very Low–Medium,Hypothetical protein.,COG3103 SH3 domain protein.,0,secondary STRING hit (STRING protein assigned to a better match),secondary STRING hit (STRING protein assigned to a better match),2601,2926,1,1
2280,fig|6666666.1036479.peg.3010,fig|6666666.1036479.peg.1300,0.875428831577301,0.004629178442646916,Low,Low,Low–Low,,,0,no STRING match,no STRING match,2425,2763,1,1
2281,fig|6666666.1036479.peg.2814,fig|6666666.1036479.peg.1300,0.8754215002059936,0.0046312087840691294,Very Low,Low,Very Low–Low,,,0,no STRING match,no STRING match,2358,2763,1,1
2282,fig|6666666.1036479.peg.2839,fig|6666666.1036479.peg.861,0.8753972470760345,0.004633239125491343,Very Low,High,Very Low–High,,,0,no STRING match,no STRING match,2368,2665,1,1
2283,fig|6666666.1036479.peg.2814,fig|6666666.1036479.peg.728,0.8753919780254364,0.0046352694669135565,Very Low,Medium,Very Low–Medium,,,0,no STRING match,no STRING match,2358,2639,1,1
2284,fig|6666666.1036479.peg.2532,fig|6666666.1036479.peg.3017,0.8753916442394256,0.00463729980833577,Low,Medium,Low–Medium,,,0,no STRING match,no STRING match,2284,2430,4,1
2285,fig|6666666.1036479.peg.3017,fig|6666666.1036479.peg.3171,0.8753916442394256,0.0046393301497579835,Medium,Low,Low–Medium,,,0,no STRING match,no STRING match,2430,2284,1,4
2286,fig|6666666.1036479.peg.3017,fig|6666666.1036479.peg.987,0.8753916442394256,0.004641360491180197,Medium,Low,Low–Medium,,,0,no STRING match,no STRING match,2430,2284,1,4
2287,fig|6666666.1036479.peg.3017,fig|6666666.1036479.peg.2492,0.8753916442394256,0.0046433908326024105,Medium,Low,Low–Medium,,,0,no STRING match,no STRING match,2430,2284,1,4
2288,fig|6666666.1036479.peg.1,fig|6666666.1036479.peg.861,0.8753594279289245,0.004645421174024624,Very Low,High,Very Low–High,,,0,no STRING match,no STRING match,2509,2665,1,1
2289,fig|6666666.1036479.peg.370,fig|6666666.1036479.peg.2145,0.8753546118736267,0.0046474515154468375,High,Very Low,Very Low–High,,,0,no STRING match,no STRING match,2579,2973,1,1
2290,fig|6666666.1036479.peg.3184,fig|6666666.1036479.peg.1308,0.8753490328788758,0.004649481856869051,Very Low,Medium,Very Low–Medium,,,0,no STRING match,no STRING match,2457,2764,1,1
2291,fig|6666666.1036479.peg.573,fig|6666666.1036479.peg.1949,0.8753342211246491,0.0046515121982912645,Very Low,Medium,Very Low–Medium,Hypothetical protein.,,0,secondary STRING hit (STRING protein assigned to a better match),no STRING match,2601,2932,1,1
2292,fig|6666666.1036479.peg.573,fig|6666666.1036479.peg.942,0.8753000319004058,0.004653542539713478,Very Low,Very Low,Very Low–Very Low,Hypothetical protein.,,0,secondary STRING hit (STRING protein assigned to a better match),no STRING match,2601,2691,1,1
2293,fig|6666666.1036479.peg.3017,fig|6666666.1036479.peg.719,0.8752355694770813,0.0046555728811356915,Medium,Medium,Medium–Medium,,,0,no STRING match,no STRING match,2430,2630,1,1
2294,fig|6666666.1036479.peg.2809,fig|6666666.1036479.peg.866,0.8752251148223877,0.004657603222557905,Very Low,High,Very Low–High,,,0,no STRING match,no STRING match,2357,2667,1,1
2295,fig|6666666.1036479.peg.3207,fig|6666666.1036479.peg.726,0.8752222836017609,0.0046596335639801185,Medium,Very Low,Very Low–Medium,,,0,no STRING match,no STRING match,2468,2637,1,1
2296,fig|6666666.1036479.peg.2548,fig|6666666.1036479.peg.1649,0.8752100586891174,0.004661663905402333,High,Very Low,Very Low–High,,YD repeat-containing protein; COG3209 Rhs family protein.,0,no STRING match,secondary STRING hit (STRING protein assigned to a better match),2298,2879,1,1
2297,fig|6666666.1036479.peg.2881,fig|6666666.1036479.peg.866,0.8751807034015655,0.004663694246824546,Very Low,High,Very Low–High,,,0,no STRING match,no STRING match,2383,2667,1,1
2298,fig|6666666.1036479.peg.2348,fig|6666666.1036479.peg.2497,0.8751708745956421,0.00466572458824676,High,Very Low,Very Low–High,,,0,no STRING match,no STRING match,3019,3047,1,1
2299,fig|6666666.1036479.peg.866,fig|6666666.1036479.peg.1416,0.8751513600349426,0.004667754929668973,High,Medium,Medium–High,,,0,no STRING match,no STRING match,2667,2817,1,1
2300,fig|6666666.1036479.peg.3107,fig|6666666.1036479.peg.2348,0.8751332759857178,0.004669785271091187,Very Low,High,Very Low–High,,,0,no STRING match,no STRING match,2444,3019,1,1
2301,fig|6666666.1036479.peg.1344,fig|6666666.1036479.peg.2348,0.8750937640666961,0.0046718156125134,Very Low,High,Very Low–High,,,0,no STRING match,no STRING match,2782,3019,1,1
2302,fig|6666666.1036479.peg.2924,fig|6666666.1036479.peg.2364,0.8750784456729889,0.004673845953935614,Very Low,Medium,Very Low–Medium,,,0,no STRING match,no STRING match,2401,3022,1,1
2303,fig|6666666.1036479.peg.2920,fig|6666666.1036479.peg.3254,0.8750471532344818,0.004675876295357827,Very Low,High,Very Low–High,,,0,no STRING match,no STRING match,2397,2505,1,3
2304,fig|6666666.1036479.peg.2920,fig|6666666.1036479.peg.22,0.8750471532344818,0.004677906636780041,Very Low,High,Very Low–High,,,0,no STRING match,no STRING match,2397,2505,1,3
2305,fig|6666666.1036479.peg.2920,fig|6666666.1036479.peg.170,0.8750471532344818,0.004679936978202254,Very Low,High,Very Low–High,,,0,no STRING match,no STRING match,2397,2505,1,3
2306,fig|6666666.1036479.peg.370,fig|6666666.1036479.peg.551,0.8750446677207947,0.004681967319624468,High,Very Low,Very Low–High,,,0,no STRING match,no STRING match,2579,2597,1,1
2307,fig|6666666.1036479.peg.2672,fig|6666666.1036479.peg.1785,0.8750303089618683,0.0046839976610466814,Medium,Very Low,Very Low–Medium,,,0,no STRING match,no STRING match,2341,2898,1,1
2308,fig|6666666.1036479.peg.724,fig|6666666.1036479.peg.728,0.8750296771526337,0.004686028002468895,Medium,Medium,Medium–Medium,,,0,no STRING match,no STRING match,2635,2639,1,1
2309,fig|6666666.1036479.peg.2547,fig|6666666.1036479.peg.723,0.8750226855278015,0.0046880583438911085,Medium,High,Medium–High,,,0,no STRING match,no STRING match,2297,2634,1,1
2310,fig|6666666.1036479.peg.573,fig|6666666.1036479.peg.1962,0.8750092625617981,0.004690088685313322,Very Low,Medium,Very Low–Medium,Hypothetical protein.,,0,secondary STRING hit (STRING protein assigned to a better match),no STRING match,2601,2944,1,1
2311,fig|6666666.1036479.peg.3020,fig|6666666.1036479.peg.1951,0.8749960660934448,0.0046921190267355355,Low,High,Low–High,,,0,no STRING match,no STRING match,2433,2934,1,1
2312,fig|6666666.1036479.peg.411,fig|6666666.1036479.peg.2347,0.8749817430973053,0.00469414936815775,Low,Low,Low–Low,Hypothetical protein.,,0,secondary STRING hit (STRING protein assigned to a better match),no STRING match,2585,3018,1,1
2313,fig|6666666.1036479.peg.719,fig|6666666.1036479.peg.2455,0.8749760806560516,0.004696179709579963,Medium,Medium,Medium–Medium,,,0,no STRING match,no STRING match,2630,3038,1,1
2314,fig|6666666.1036479.peg.3231,fig|6666666.1036479.peg.2436,0.8749674320220947,0.004698210051002177,Very Low,Medium,Very Low–Medium,,,0,no STRING match,no STRING match,2482,3033,2,1
2315,fig|6666666.1036479.peg.147,fig|6666666.1036479.peg.2436,0.8749674320220947,0.00470024039242439,Very Low,Medium,Very Low–Medium,,,0,no STRING match,no STRING match,2482,3033,2,1
2316,fig|6666666.1036479.peg.2988,fig|6666666.1036479.peg.2405,0.8749664783477783,0.004702270733846604,Medium,Medium,Medium–Medium,Hypothetical protein.,Hypothetical protein; COG0605 Superoxide dismutase.,0,secondary STRING hit (STRING protein assigned to a better match),secondary STRING hit (STRING protein assigned to a better match),2416,3029,1,1
2317,fig|6666666.1036479.peg.2672,fig|6666666.1036479.peg.1603,0.874958848953247,0.004704301075268817,Medium,Very Low,Very Low–Medium,,,0,no STRING match,no STRING match,2341,2861,1,2
2318,fig|6666666.1036479.peg.2672,fig|6666666.1036479.peg.1610,0.874958848953247,0.004706331416691031,Medium,Very Low,Very Low–Medium,,,0,no STRING match,no STRING match,2341,2861,1,2
2319,fig|6666666.1036479.peg.728,fig|6666666.1036479.peg.1566,0.8749548077583313,0.004708361758113244,Medium,High,Medium–High,,,0,no STRING match,no STRING match,2639,2838,1,1
2320,fig|6666666.1036479.peg.2547,fig|6666666.1036479.peg.2114,0.8749529778957367,0.004710392099535458,Medium,Very Low,Very Low–Medium,,"COG1629 Outer membrane receptor proteins, mostly Fe transport.",0,no STRING match,secondary STRING hit (STRING protein assigned to a better match),2297,2964,1,1
2321,fig|6666666.1036479.peg.2948,fig|6666666.1036479.peg.885,0.8749306082725525,0.004712422440957671,High,Medium,Medium–High,,,0,no STRING match,no STRING match,2410,2678,1,1
2322,fig|6666666.1036479.peg.2509,fig|6666666.1036479.peg.728,0.87487633228302,0.004714452782379885,Very Low,Medium,Very Low–Medium,,,0,no STRING match,no STRING match,2273,2639,15,1
2323,fig|6666666.1036479.peg.2513,fig|6666666.1036479.peg.728,0.87487633228302,0.004716483123802098,Very Low,Medium,Very Low–Medium,,,0,no STRING match,no STRING match,2273,2639,15,1
2324,fig|6666666.1036479.peg.2519,fig|6666666.1036479.peg.728,0.87487633228302,0.004718513465224312,Very Low,Medium,Very Low–Medium,,,0,no STRING match,no STRING match,2273,2639,15,1
2325,fig|6666666.1036479.peg.2526,fig|6666666.1036479.peg.728,0.87487633228302,0.004720543806646525,Very Low,Medium,Very Low–Medium,,,0,no STRING match,no STRING match,2273,2639,15,1
2326,fig|6666666.1036479.peg.2530,fig|6666666.1036479.peg.728,0.87487633228302,0.004722574148068739,Very Low,Medium,Very Low–Medium,,,0,no STRING match,no STRING match,2273,2639,15,1
2327,fig|6666666.1036479.peg.2534,fig|6666666.1036479.peg.728,0.87487633228302,0.004724604489490952,Very Low,Medium,Very Low–Medium,,,0,no STRING match,no STRING match,2273,2639,15,1
2328,fig|6666666.1036479.peg.3173,fig|6666666.1036479.peg.728,0.87487633228302,0.004726634830913167,Very Low,Medium,Very Low–Medium,,,0,no STRING match,no STRING match,2273,2639,15,1
2329,fig|6666666.1036479.peg.728,fig|6666666.1036479.peg.971,0.87487633228302,0.00472866517233538,Medium,Very Low,Very Low–Medium,,,0,no STRING match,no STRING match,2639,2273,1,15
2330,fig|6666666.1036479.peg.728,fig|6666666.1036479.peg.976,0.87487633228302,0.004730695513757594,Medium,Very Low,Very Low–Medium,,,0,no STRING match,no STRING match,2639,2273,1,15
2331,fig|6666666.1036479.peg.728,fig|6666666.1036479.peg.981,0.87487633228302,0.004732725855179807,Medium,Very Low,Very Low–Medium,,,0,no STRING match,no STRING match,2639,2273,1,15
2332,fig|6666666.1036479.peg.728,fig|6666666.1036479.peg.985,0.87487633228302,0.004734756196602021,Medium,Very Low,Very Low–Medium,,,0,no STRING match,no STRING match,2639,2273,1,15
2333,fig|6666666.1036479.peg.728,fig|6666666.1036479.peg.989,0.87487633228302,0.004736786538024234,Medium,Very Low,Very Low–Medium,,,0,no STRING match,no STRING match,2639,2273,1,15
2334,fig|6666666.1036479.peg.728,fig|6666666.1036479.peg.2489,0.87487633228302,0.004738816879446448,Medium,Very Low,Very Low–Medium,,,0,no STRING match,no STRING match,2639,2273,1,15
2335,fig|6666666.1036479.peg.728,fig|6666666.1036479.peg.2494,0.87487633228302,0.004740847220868661,Medium,Very Low,Very Low–Medium,,,0,no STRING match,no STRING match,2639,2273,1,15
2336,fig|6666666.1036479.peg.728,fig|6666666.1036479.peg.2498,0.87487633228302,0.004742877562290875,Medium,Very Low,Very Low–Medium,,,0,no STRING match,no STRING match,2639,2273,1,15
2337,fig|6666666.1036479.peg.2988,fig|6666666.1036479.peg.3223,0.8748706996440887,0.004744907903713088,Medium,High,Medium–High,Hypothetical protein.,,0,secondary STRING hit (STRING protein assigned to a better match),no STRING match,2416,2474,1,2
2338,fig|6666666.1036479.peg.2988,fig|6666666.1036479.peg.139,0.8748706996440887,0.004746938245135302,Medium,High,Medium–High,Hypothetical protein.,,0,secondary STRING hit (STRING protein assigned to a better match),no STRING match,2416,2474,1,2
2339,fig|6666666.1036479.peg.3222,fig|6666666.1036479.peg.1410,0.874862653017044,0.004748968586557515,Medium,Medium,Medium–Medium,,,0,no STRING match,no STRING match,2473,2813,2,1
2340,fig|6666666.1036479.peg.138,fig|6666666.1036479.peg.1410,0.874862653017044,0.004750998927979729,Medium,Medium,Medium–Medium,,,0,no STRING match,no STRING match,2473,2813,2,1
2341,fig|6666666.1036479.peg.236,fig|6666666.1036479.peg.573,0.874833059310913,0.004753029269401942,Very Low,Very Low,Very Low–Very Low,,Hypothetical protein.,0,no STRING match,secondary STRING hit (STRING protein assigned to a better match),2552,2601,1,1
2342,fig|6666666.1036479.peg.2505,fig|6666666.1036479.peg.3207,0.8748162448406219,0.004755059610824156,Very Low,Medium,Very Low–Medium,,,0,no STRING match,no STRING match,2269,2468,1,1
2343,fig|6666666.1036479.peg.236,fig|6666666.1036479.peg.728,0.8748143374919891,0.004757089952246369,Very Low,Medium,Very Low–Medium,,,0,no STRING match,no STRING match,2552,2639,1,1
2344,fig|6666666.1036479.peg.2672,fig|6666666.1036479.peg.2386,0.8747992038726806,0.004759120293668584,Medium,Medium,Medium–Medium,,,0,no STRING match,no STRING match,2341,3027,1,1
2345,fig|6666666.1036479.peg.2679,fig|6666666.1036479.peg.2948,0.8747909545898438,0.004761150635090797,Medium,High,Medium–High,,,0,no STRING match,no STRING match,2342,2410,1,1
2346,fig|6666666.1036479.peg.2093,fig|6666666.1036479.peg.2436,0.8747907400131225,0.004763180976513011,Medium,Medium,Medium–Medium,,,0,no STRING match,no STRING match,2955,3033,1,1
2347,fig|6666666.1036479.peg.2520,fig|6666666.1036479.peg.3207,0.8747800111770629,0.004765211317935224,Very Low,Medium,Very Low–Medium,,,0,no STRING match,no STRING match,2280,2468,1,1
2348,fig|6666666.1036479.peg.3222,fig|6666666.1036479.peg.1409,0.8747789025306701,0.004767241659357438,Medium,Medium,Medium–Medium,,,0,no STRING match,no STRING match,2473,2812,2,1
2349,fig|6666666.1036479.peg.138,fig|6666666.1036479.peg.1409,0.8747789025306701,0.004769272000779651,Medium,Medium,Medium–Medium,,,0,no STRING match,no STRING match,2473,2812,2,1
2350,fig|6666666.1036479.peg.1957,fig|6666666.1036479.peg.2348,0.8747738540172577,0.004771302342201865,Medium,High,Medium–High,,,0,no STRING match,no STRING match,2939,3019,1,1
2351,fig|6666666.1036479.peg.89,fig|6666666.1036479.peg.1300,0.874749732017517,0.004773332683624078,Very Low,Low,Very Low–Low,,,0,no STRING match,no STRING match,2542,2763,1,1
2352,fig|6666666.1036479.peg.3209,fig|6666666.1036479.peg.2364,0.8747395634651184,0.004775363025046292,Medium,Medium,Medium–Medium,,,0,no STRING match,no STRING match,2469,3022,1,1
2353,fig|6666666.1036479.peg.2809,fig|6666666.1036479.peg.3207,0.8747269332408905,0.004777393366468505,Very Low,Medium,Very Low–Medium,,,0,no STRING match,no STRING match,2357,2468,1,1
2354,fig|6666666.1036479.peg.3020,fig|6666666.1036479.peg.2404,0.874713933467865,0.004779423707890719,Low,Medium,Low–Medium,,Hypothetical protein; COG0605 Superoxide dismutase.,0,no STRING match,secondary STRING hit (STRING protein assigned to a better match),2433,3028,1,1
2355,fig|6666666.1036479.peg.2948,fig|6666666.1036479.peg.887,0.8747138977050781,0.004781454049312932,High,Medium,Medium–High,,,0,no STRING match,no STRING match,2410,2680,1,1
2356,fig|6666666.1036479.peg.2571,fig|6666666.1036479.peg.2948,0.8747094571590424,0.004783484390735146,Medium,High,Medium–High,,,0,no STRING match,no STRING match,2316,2410,1,1
2357,fig|6666666.1036479.peg.3020,fig|6666666.1036479.peg.1567,0.8746980488300323,0.004785514732157359,Low,Low,Low–Low,,,0,no STRING match,no STRING match,2433,2839,1,1
2358,fig|6666666.1036479.peg.370,fig|6666666.1036479.peg.1961,0.8746651709079742,0.004787545073579573,High,Medium,Medium–High,,,0,no STRING match,no STRING match,2579,2943,1,1
2359,fig|6666666.1036479.peg.370,fig|6666666.1036479.peg.652,0.8746641635894775,0.004789575415001786,High,Very Low,Very Low–High,,,0,no STRING match,no STRING match,2579,2615,1,1
2360,fig|6666666.1036479.peg.2532,fig|6666666.1036479.peg.2948,0.8746610164642334,0.004791605756424001,Low,High,Low–High,,,0,no STRING match,no STRING match,2284,2410,4,1
2361,fig|6666666.1036479.peg.2948,fig|6666666.1036479.peg.3171,0.8746610164642334,0.004793636097846214,High,Low,Low–High,,,0,no STRING match,no STRING match,2410,2284,1,4
2362,fig|6666666.1036479.peg.2948,fig|6666666.1036479.peg.987,0.8746610164642334,0.004795666439268428,High,Low,Low–High,,,0,no STRING match,no STRING match,2410,2284,1,4
2363,fig|6666666.1036479.peg.2948,fig|6666666.1036479.peg.2492,0.8746610164642334,0.004797696780690641,High,Low,Low–High,,,0,no STRING match,no STRING match,2410,2284,1,4
2364,fig|6666666.1036479.peg.2881,fig|6666666.1036479.peg.370,0.8746157705783844,0.004799727122112855,Very Low,High,Very Low–High,,,0,no STRING match,no STRING match,2383,2579,1,1
2365,fig|6666666.1036479.peg.411,fig|6666666.1036479.peg.2382,0.8746080040931702,0.004801757463535068,Low,Very Low,Very Low–Low,Hypothetical protein.,Rhs element Vgr protein; COG3501 Uncharacterized protein conserved in bacteria.,0,secondary STRING hit (STRING protein assigned to a better match),secondary STRING hit (STRING protein assigned to a better match),2585,3023,1,1
2366,fig|6666666.1036479.peg.3017,fig|6666666.1036479.peg.2364,0.8746005356311798,0.004803787804957282,Medium,Medium,Medium–Medium,,,0,no STRING match,no STRING match,2430,3022,1,1
2367,fig|6666666.1036479.peg.1308,fig|6666666.1036479.peg.1945,0.8745535612106323,0.004805818146379495,Medium,Very Low,Very Low–Medium,,,0,no STRING match,no STRING match,2764,2928,1,1
2368,fig|6666666.1036479.peg.3020,fig|6666666.1036479.peg.732,0.8745443820953369,0.004807848487801709,Low,Medium,Low–Medium,,,0,no STRING match,no STRING match,2433,2643,1,1
2369,fig|6666666.1036479.peg.3107,fig|6666666.1036479.peg.411,0.8745286285877227,0.004809878829223922,Very Low,Low,Very Low–Low,,Hypothetical protein.,0,no STRING match,secondary STRING hit (STRING protein assigned to a better match),2444,2585,1,1
2370,fig|6666666.1036479.peg.370,fig|6666666.1036479.peg.1706,0.8745250523090362,0.004811909170646136,High,Very Low,Very Low–High,,,0,no STRING match,no STRING match,2579,2886,1,1
2371,fig|6666666.1036479.peg.2506,fig|6666666.1036479.peg.3231,0.8745144128799438,0.004813939512068349,Very Low,Very Low,Very Low–Very Low,,,0,no STRING match,no STRING match,2270,2482,6,2
2372,fig|6666666.1036479.peg.2506,fig|6666666.1036479.peg.147,0.8745144128799438,0.004815969853490563,Very Low,Very Low,Very Low–Very Low,,,0,no STRING match,no STRING match,2270,2482,6,2
2373,fig|6666666.1036479.peg.2516,fig|6666666.1036479.peg.3231,0.8745144128799438,0.004818000194912776,Very Low,Very Low,Very Low–Very Low,,,0,no STRING match,no STRING match,2270,2482,6,2
2374,fig|6666666.1036479.peg.2516,fig|6666666.1036479.peg.147,0.8745144128799438,0.00482003053633499,Very Low,Very Low,Very Low–Very Low,,,0,no STRING match,no STRING match,2270,2482,6,2
2375,fig|6666666.1036479.peg.2522,fig|6666666.1036479.peg.3231,0.8745144128799438,0.004822060877757203,Very Low,Very Low,Very Low–Very Low,,,0,no STRING match,no STRING match,2270,2482,6,2
2376,fig|6666666.1036479.peg.2522,fig|6666666.1036479.peg.147,0.8745144128799438,0.004824091219179418,Very Low,Very Low,Very Low–Very Low,,,0,no STRING match,no STRING match,2270,2482,6,2
2377,fig|6666666.1036479.peg.3231,fig|6666666.1036479.peg.974,0.8745144128799438,0.004826121560601631,Very Low,Very Low,Very Low–Very Low,,,0,no STRING match,no STRING match,2482,2270,2,6
2378,fig|6666666.1036479.peg.3231,fig|6666666.1036479.peg.979,0.8745144128799438,0.004828151902023845,Very Low,Very Low,Very Low–Very Low,,,0,no STRING match,no STRING match,2482,2270,2,6
2379,fig|6666666.1036479.peg.3231,fig|6666666.1036479.peg.2491,0.8745144128799438,0.004830182243446058,Very Low,Very Low,Very Low–Very Low,,,0,no STRING match,no STRING match,2482,2270,2,6
2380,fig|6666666.1036479.peg.147,fig|6666666.1036479.peg.974,0.8745144128799438,0.004832212584868272,Very Low,Very Low,Very Low–Very Low,,,0,no STRING match,no STRING match,2482,2270,2,6
2381,fig|6666666.1036479.peg.147,fig|6666666.1036479.peg.979,0.8745144128799438,0.004834242926290485,Very Low,Very Low,Very Low–Very Low,,,0,no STRING match,no STRING match,2482,2270,2,6
2382,fig|6666666.1036479.peg.147,fig|6666666.1036479.peg.2491,0.8745144128799438,0.004836273267712699,Very Low,Very Low,Very Low–Very Low,,,0,no STRING match,no STRING match,2482,2270,2,6
2383,fig|6666666.1036479.peg.3222,fig|6666666.1036479.peg.1953,0.8745110154151916,0.004838303609134912,Medium,Low,Low–Medium,,,0,no STRING match,no STRING match,2473,2935,2,1
2384,fig|6666666.1036479.peg.138,fig|6666666.1036479.peg.1953,0.8745110154151916,0.004840333950557126,Medium,Low,Low–Medium,,,0,no STRING match,no STRING match,2473,2935,2,1
2385,fig|6666666.1036479.peg.2501,fig|6666666.1036479.peg.881,0.8744847893714904,0.004842364291979339,High,High,High–High,,,0,no STRING match,no STRING match,2265,2674,1,1
2386,fig|6666666.1036479.peg.3020,fig|6666666.1036479.peg.1074,0.8744762659072876,0.004844394633401553,Low,High,Low–High,,,0,no STRING match,no STRING match,2433,2706,1,1
2387,fig|6666666.1036479.peg.2672,fig|6666666.1036479.peg.1706,0.8744577705860138,0.004846424974823766,Medium,Very Low,Very Low–Medium,,,0,no STRING match,no STRING match,2341,2886,1,1
2388,fig|6666666.1036479.peg.3010,fig|6666666.1036479.peg.1308,0.8744358599185944,0.00484845531624598,Low,Medium,Low–Medium,,,0,no STRING match,no STRING match,2425,2764,1,1
2389,fig|6666666.1036479.peg.3254,fig|6666666.1036479.peg.1657,0.8744190752506256,0.004850485657668193,High,Medium,Medium–High,,,0,no STRING match,no STRING match,2505,2883,3,1
2390,fig|6666666.1036479.peg.22,fig|6666666.1036479.peg.1657,0.8744190752506256,0.004852515999090407,High,Medium,Medium–High,,,0,no STRING match,no STRING match,2505,2883,3,1
2391,fig|6666666.1036479.peg.170,fig|6666666.1036479.peg.1657,0.8744190752506256,0.00485454634051262,High,Medium,Medium–High,,,0,no STRING match,no STRING match,2505,2883,3,1
2392,fig|6666666.1036479.peg.2547,fig|6666666.1036479.peg.1655,0.8744147181510925,0.004856576681934835,Medium,Medium,Medium–Medium,,,0,no STRING match,no STRING match,2297,2882,1,1
2393,fig|6666666.1036479.peg.866,fig|6666666.1036479.peg.1706,0.8742865145206451,0.004858607023357048,High,Very Low,Very Low–High,,,0,no STRING match,no STRING match,2667,2886,1,1
2394,fig|6666666.1036479.peg.2920,fig|6666666.1036479.peg.2929,0.8742849946022033,0.004860637364779262,Very Low,Very Low,Very Low–Very Low,,Hypothetical protein.,0,no STRING match,secondary STRING hit (STRING protein assigned to a better match),2397,2404,1,1
2395,fig|6666666.1036479.peg.2988,fig|6666666.1036479.peg.1943,0.8742777407169342,0.004862667706201475,Medium,Medium,Medium–Medium,Hypothetical protein.,COG3103 SH3 domain protein.,0,secondary STRING hit (STRING protein assigned to a better match),secondary STRING hit (STRING protein assigned to a better match),2416,2926,1,1
2396,fig|6666666.1036479.peg.38,fig|6666666.1036479.peg.1080,0.8742253065109253,0.004864698047623689,Low,High,Low–High,,,0,no STRING match,no STRING match,2526,2712,2,1
2397,fig|6666666.1036479.peg.186,fig|6666666.1036479.peg.1080,0.8742253065109253,0.004866728389045902,Low,High,Low–High,,,0,no STRING match,no STRING match,2526,2712,2,1
2398,fig|6666666.1036479.peg.2672,fig|6666666.1036479.peg.31,0.8742237865924836,0.004868758730468116,Medium,Very Low,Very Low–Medium,,,0,no STRING match,no STRING match,2341,2519,1,2
2399,fig|6666666.1036479.peg.2672,fig|6666666.1036479.peg.179,0.8742237865924836,0.004870789071890329,Medium,Very Low,Very Low–Medium,,,0,no STRING match,no STRING match,2341,2519,1,2
2400,fig|6666666.1036479.peg.370,fig|6666666.1036479.peg.2352,0.8742136061191559,0.004872819413312543,High,Medium,Medium–High,,,0,no STRING match,no STRING match,2579,3020,1,1
2401,fig|6666666.1036479.peg.2920,fig|6666666.1036479.peg.3008,0.8741909444332123,0.004874849754734756,Very Low,Medium,Very Low–Medium,,,0,no STRING match,no STRING match,2397,2423,1,1
2402,fig|6666666.1036479.peg.2548,fig|6666666.1036479.peg.244,0.8741791307926178,0.00487688009615697,High,Very Low,Very Low–High,,,0,no STRING match,no STRING match,2298,2554,1,1
2403,fig|6666666.1036479.peg.573,fig|6666666.1036479.peg.887,0.8741754651069641,0.004878910437579183,Very Low,Medium,Very Low–Medium,Hypothetical protein.,,0,secondary STRING hit (STRING protein assigned to a better match),no STRING match,2601,2680,1,1
2404,fig|6666666.1036479.peg.1300,fig|6666666.1036479.peg.2092,0.8741700172424316,0.004880940779001397,Low,Medium,Low–Medium,,,0,no STRING match,no STRING match,2763,2954,1,1
2405,fig|6666666.1036479.peg.1947,fig|6666666.1036479.peg.2352,0.8741700112819671,0.00488297112042361,Medium,Medium,Medium–Medium,,,0,no STRING match,no STRING match,2930,3020,1,1
2406,fig|6666666.1036479.peg.3017,fig|6666666.1036479.peg.1566,0.8741521954536438,0.004885001461845824,Medium,High,Medium–High,,,0,no STRING match,no STRING match,2430,2838,1,1
2407,fig|6666666.1036479.peg.2672,fig|6666666.1036479.peg.659,0.8741454064846039,0.004887031803268037,Medium,Very Low,Very Low–Medium,,,0,no STRING match,no STRING match,2341,2617,1,1
2408,fig|6666666.1036479.peg.2548,fig|6666666.1036479.peg.1603,0.8741394340991974,0.0048890621446902515,High,Very Low,Very Low–High,,,0,no STRING match,no STRING match,2298,2861,1,2
2409,fig|6666666.1036479.peg.2548,fig|6666666.1036479.peg.1610,0.8741394340991974,0.004891092486112465,High,Very Low,Very Low–High,,,0,no STRING match,no STRING match,2298,2861,1,2
2410,fig|6666666.1036479.peg.861,fig|6666666.1036479.peg.1603,0.8741225004196167,0.0048931228275346786,High,Very Low,Very Low–High,,,0,no STRING match,no STRING match,2665,2861,1,2
2411,fig|6666666.1036479.peg.861,fig|6666666.1036479.peg.1610,0.8741225004196167,0.004895153168956892,High,Very Low,Very Low–High,,,0,no STRING match,no STRING match,2665,2861,1,2
2412,fig|6666666.1036479.peg.391,fig|6666666.1036479.peg.861,0.8740528643131256,0.0048971835103791056,Medium,High,Medium–High,,,0,no STRING match,no STRING match,2580,2665,1,1
2413,fig|6666666.1036479.peg.314,fig|6666666.1036479.peg.728,0.8740241527557373,0.004899213851801319,Very Low,Medium,Very Low–Medium,,,0,no STRING match,no STRING match,2572,2639,1,1
2414,fig|6666666.1036479.peg.2987,fig|6666666.1036479.peg.411,0.8740209758281707,0.004901244193223533,Very Low,Low,Very Low–Low,,Hypothetical protein.,0,no STRING match,secondary STRING hit (STRING protein assigned to a better match),2415,2585,1,1
2415,fig|6666666.1036479.peg.3012,fig|6666666.1036479.peg.411,0.8740106403827668,0.004903274534645746,Low,Low,Low–Low,,Hypothetical protein.,0,no STRING match,secondary STRING hit (STRING protein assigned to a better match),2427,2585,1,1
2416,fig|6666666.1036479.peg.2839,fig|6666666.1036479.peg.866,0.8740003764629364,0.00490530487606796,Very Low,High,Very Low–High,,,0,no STRING match,no STRING match,2368,2667,1,1
2417,fig|6666666.1036479.peg.3191,fig|6666666.1036479.peg.370,0.8739959120750427,0.004907335217490173,Medium,High,Medium–High,,,0,no STRING match,no STRING match,2464,2579,1,1
2418,fig|6666666.1036479.peg.2672,fig|6666666.1036479.peg.1950,0.8739929318428039,0.004909365558912387,Medium,Very Low,Very Low–Medium,,,0,no STRING match,no STRING match,2341,2933,1,1
2419,fig|6666666.1036479.peg.866,fig|6666666.1036479.peg.2145,0.8739903509616852,0.0049113959003346,High,Very Low,Very Low–High,,,0,no STRING match,no STRING match,2667,2973,1,1
2420,fig|6666666.1036479.peg.3008,fig|6666666.1036479.peg.1657,0.8739585518836975,0.004913426241756814,Medium,Medium,Medium–Medium,,,0,no STRING match,no STRING match,2423,2883,1,1
2421,fig|6666666.1036479.peg.861,fig|6666666.1036479.peg.1343,0.8739488422870636,0.004915456583179027,High,Very Low,Very Low–High,,,0,no STRING match,no STRING match,2665,2781,1,1
2422,fig|6666666.1036479.peg.1300,fig|6666666.1036479.peg.1410,0.873947674036026,0.004917486924601241,Low,Medium,Low–Medium,,,0,no STRING match,no STRING match,2763,2813,1,1
2423,fig|6666666.1036479.peg.2809,fig|6666666.1036479.peg.370,0.8739174485206604,0.004919517266023454,Very Low,High,Very Low–High,,,0,no STRING match,no STRING match,2357,2579,1,1
2424,fig|6666666.1036479.peg.3207,fig|6666666.1036479.peg.1957,0.8739068388938904,0.0049215476074456685,Medium,Medium,Medium–Medium,,,0,no STRING match,no STRING match,2468,2939,1,1
2425,fig|6666666.1036479.peg.1416,fig|6666666.1036479.peg.2348,0.8739042103290557,0.004923577948867882,Medium,High,Medium–High,,,0,no STRING match,no STRING match,2817,3019,1,1
2426,fig|6666666.1036479.peg.2348,fig|6666666.1036479.peg.2382,0.8738909721374511,0.0049256082902900955,High,Very Low,Very Low–High,,Rhs element Vgr protein; COG3501 Uncharacterized protein conserved in bacteria.,0,no STRING match,secondary STRING hit (STRING protein assigned to a better match),3019,3023,1,1
2427,fig|6666666.1036479.peg.1308,fig|6666666.1036479.peg.1953,0.8738850295543671,0.004927638631712309,Medium,Low,Low–Medium,,,0,no STRING match,no STRING match,2764,2935,1,1
2428,fig|6666666.1036479.peg.370,fig|6666666.1036479.peg.2383,0.8738823592662811,0.0049296689731345225,High,Very Low,Very Low–High,,Hypothetical protein.,0,no STRING match,secondary STRING hit (STRING protein assigned to a better match),2579,3024,1,1
2429,fig|6666666.1036479.peg.2539,fig|6666666.1036479.peg.1947,0.873880273103714,0.004931699314556736,Low,Medium,Low–Medium,,,0,no STRING match,no STRING match,2289,2930,1,1
2430,fig|6666666.1036479.peg.2672,fig|6666666.1036479.peg.2761,0.8738638520240783,0.0049337296559789495,Medium,Low,Low–Medium,,,0,no STRING match,no STRING match,2341,2352,1,1
2431,fig|6666666.1036479.peg.3008,fig|6666666.1036479.peg.881,0.8738610148429871,0.004935759997401163,Medium,High,Medium–High,,,0,no STRING match,no STRING match,2423,2674,1,1
2432,fig|6666666.1036479.peg.573,fig|6666666.1036479.peg.1127,0.8738481879234314,0.0049377903388233765,Very Low,Low,Very Low–Low,Hypothetical protein.,Hypothetical protein.,0,secondary STRING hit (STRING protein assigned to a better match),secondary STRING hit (STRING protein assigned to a better match),2601,2743,1,1
2433,fig|6666666.1036479.peg.2672,fig|6666666.1036479.peg.1343,0.8738433361053467,0.00493982068024559,Medium,Very Low,Very Low–Medium,,,0,no STRING match,no STRING match,2341,2781,1,1
2434,fig|6666666.1036479.peg.2839,fig|6666666.1036479.peg.370,0.8738111913204193,0.0049418510216678035,Very Low,High,Very Low–High,,,0,no STRING match,no STRING match,2368,2579,1,1
2435,fig|6666666.1036479.peg.1353,fig|6666666.1036479.peg.1966,0.8737855017185211,0.004943881363090017,Very Low,Very Low,Very Low–Very Low,,,0,no STRING match,no STRING match,2790,2946,1,1
2436,fig|6666666.1036479.peg.1554,fig|6666666.1036479.peg.2348,0.8737805247306824,0.0049459117045122306,Medium,High,Medium–High,,,0,no STRING match,no STRING match,2831,3019,1,1
2437,fig|6666666.1036479.peg.2672,fig|6666666.1036479.peg.878,0.8737756669521332,0.004947942045934444,Medium,Very Low,Very Low–Medium,,,0,no STRING match,no STRING match,2341,1858,1,4
2438,fig|6666666.1036479.peg.2672,fig|6666666.1036479.peg.2100,0.8737756669521332,0.0049499723873566576,Medium,Very Low,Very Low–Medium,,,0,no STRING match,no STRING match,2341,1858,1,4
2439,fig|6666666.1036479.peg.2672,fig|6666666.1036479.peg.2381,0.8737756669521332,0.004952002728778871,Medium,Very Low,Very Low–Medium,,,0,no STRING match,no STRING match,2341,1858,1,4
2440,fig|6666666.1036479.peg.2672,fig|6666666.1036479.peg.731,0.873773992061615,0.0049540330702010854,Medium,Low,Low–Medium,,,0,no STRING match,no STRING match,2341,2642,1,1
2441,fig|6666666.1036479.peg.2548,fig|6666666.1036479.peg.2104,0.8737104892730713,0.004956063411623299,High,High,High–High,,,0,no STRING match,no STRING match,2298,2958,1,1
2442,fig|6666666.1036479.peg.31,fig|6666666.1036479.peg.861,0.8737091779708862,0.0049580937530455125,Very Low,High,Very Low–High,,,0,no STRING match,no STRING match,2519,2665,2,1
2443,fig|6666666.1036479.peg.179,fig|6666666.1036479.peg.861,0.8737091779708862,0.004960124094467726,Very Low,High,Very Low–High,,,0,no STRING match,no STRING match,2519,2665,2,1
2444,fig|6666666.1036479.peg.1655,fig|6666666.1036479.peg.2364,0.8736950397491455,0.0049621544358899395,Medium,Medium,Medium–Medium,,,0,no STRING match,no STRING match,2882,3022,1,1
2445,fig|6666666.1036479.peg.411,fig|6666666.1036479.peg.1894,0.8736787974834442,0.004964184777312153,Low,Medium,Low–Medium,Hypothetical protein.,Hypothetical protein.,0,secondary STRING hit (STRING protein assigned to a better match),secondary STRING hit (STRING protein assigned to a better match),2585,2912,1,1
2446,fig|6666666.1036479.peg.2672,fig|6666666.1036479.peg.2497,0.8736752390861511,0.0049662151187343665,Medium,Very Low,Very Low–Medium,,,0,no STRING match,no STRING match,2341,3047,1,1
2447,fig|6666666.1036479.peg.3020,fig|6666666.1036479.peg.2352,0.873660010099411,0.00496824546015658,Low,Medium,Low–Medium,,,0,no STRING match,no STRING match,2433,3020,1,1
2448,fig|6666666.1036479.peg.2556,fig|6666666.1036479.peg.1300,0.8736444115638733,0.0049702758015787935,High,Low,Low–High,,,0,no STRING match,no STRING match,2306,2763,2,1
2449,fig|6666666.1036479.peg.2564,fig|6666666.1036479.peg.1300,0.8736444115638733,0.004972306143001007,High,Low,Low–High,,,0,no STRING match,no STRING match,2306,2763,2,1
2450,fig|6666666.1036479.peg.2672,fig|6666666.1036479.peg.2889,0.8736376702785492,0.0049743364844232205,Medium,Medium,Medium–Medium,,,0,no STRING match,no STRING match,2341,2388,1,1
2451,fig|6666666.1036479.peg.2548,fig|6666666.1036479.peg.1754,0.873603492975235,0.004976366825845434,High,Medium,Medium–High,,Hypothetical protein.,0,no STRING match,secondary STRING hit (STRING protein assigned to a better match),2298,2891,1,1
2452,fig|6666666.1036479.peg.2166,fig|6666666.1036479.peg.2348,0.8735930562019348,0.0049783971672676475,Very Low,High,Very Low–High,,,0,no STRING match,no STRING match,2987,3019,1,1
2453,fig|6666666.1036479.peg.3223,fig|6666666.1036479.peg.1300,0.8735763549804687,0.004980427508689861,High,Low,Low–High,,,0,no STRING match,no STRING match,2474,2763,2,1
2454,fig|6666666.1036479.peg.139,fig|6666666.1036479.peg.1300,0.8735763549804687,0.0049824578501120745,High,Low,Low–High,,,0,no STRING match,no STRING match,2474,2763,2,1
2455,fig|6666666.1036479.peg.861,fig|6666666.1036479.peg.2104,0.8735535264015197,0.004984488191534288,High,High,High–High,,,0,no STRING match,no STRING match,2665,2958,1,1
2456,fig|6666666.1036479.peg.2891,fig|6666666.1036479.peg.2948,0.8735317587852478,0.004986518532956502,Medium,High,Medium–High,,,0,no STRING match,no STRING match,2390,2410,1,1
2457,fig|6666666.1036479.peg.392,fig|6666666.1036479.peg.861,0.8735136032104492,0.004988548874378716,Very Low,High,Very Low–High,,,0,no STRING match,no STRING match,2581,2665,1,1
2458,fig|6666666.1036479.peg.720,fig|6666666.1036479.peg.2436,0.8735101878643036,0.004990579215800929,High,Medium,Medium–High,,,0,no STRING match,no STRING match,2631,3033,1,1
2459,fig|6666666.1036479.peg.861,fig|6666666.1036479.peg.1207,0.8735022246837616,0.004992609557223143,High,Low,Low–High,,,0,no STRING match,no STRING match,2665,2750,1,1
2460,fig|6666666.1036479.peg.3223,fig|6666666.1036479.peg.573,0.8735009491443634,0.004994639898645356,High,Very Low,Very Low–High,,Hypothetical protein.,0,no STRING match,secondary STRING hit (STRING protein assigned to a better match),2474,2601,2,1
2461,fig|6666666.1036479.peg.139,fig|6666666.1036479.peg.573,0.8735009491443634,0.00499667024006757,High,Very Low,Very Low–High,,Hypothetical protein.,0,no STRING match,secondary STRING hit (STRING protein assigned to a better match),2474,2601,2,1
2462,fig|6666666.1036479.peg.2891,fig|6666666.1036479.peg.573,0.8734949350357055,0.004998700581489783,Medium,Very Low,Very Low–Medium,,Hypothetical protein.,0,no STRING match,secondary STRING hit (STRING protein assigned to a better match),2390,2601,1,1
2463,fig|6666666.1036479.peg.3231,fig|6666666.1036479.peg.1657,0.8734790623188019,0.005000730922911997,Very Low,Medium,Very Low–Medium,,,0,no STRING match,no STRING match,2482,2883,2,1
2464,fig|6666666.1036479.peg.147,fig|6666666.1036479.peg.1657,0.8734790623188019,0.0050027612643342104,Very Low,Medium,Very Low–Medium,,,0,no STRING match,no STRING match,2482,2883,2,1
2465,fig|6666666.1036479.peg.728,fig|6666666.1036479.peg.1949,0.873475182056427,0.005004791605756424,Medium,Medium,Medium–Medium,,,0,no STRING match,no STRING match,2639,2932,1,1
2466,fig|6666666.1036479.peg.2889,fig|6666666.1036479.peg.861,0.8734527111053467,0.0050068219471786374,Medium,High,Medium–High,,,0,no STRING match,no STRING match,2388,2665,1,1
2467,fig|6666666.1036479.peg.31,fig|6666666.1036479.peg.2348,0.8734123110771179,0.005008852288600851,Very Low,High,Very Low–High,,,0,no STRING match,no STRING match,2519,3019,2,1
2468,fig|6666666.1036479.peg.179,fig|6666666.1036479.peg.2348,0.8734123110771179,0.0050108826300230645,Very Low,High,Very Low–High,,,0,no STRING match,no STRING match,2519,3019,2,1
2469,fig|6666666.1036479.peg.2920,fig|6666666.1036479.peg.889,0.8734033942222595,0.005012912971445278,Very Low,Low,Very Low–Low,,,0,no STRING match,no STRING match,2397,2682,1,1
2470,fig|6666666.1036479.peg.2523,fig|6666666.1036479.peg.3231,0.8733969271183014,0.0050149433128674915,Low,Very Low,Very Low–Low,,,0,no STRING match,no STRING match,2282,2482,1,2
2471,fig|6666666.1036479.peg.2523,fig|6666666.1036479.peg.147,0.8733969271183014,0.005016973654289705,Low,Very Low,Very Low–Low,,,0,no STRING match,no STRING match,2282,2482,1,2
2472,fig|6666666.1036479.peg.719,fig|6666666.1036479.peg.720,0.8733697950839996,0.005019003995711919,Medium,High,Medium–High,,,0,no STRING match,no STRING match,2630,2631,1,1
2473,fig|6666666.1036479.peg.2672,fig|6666666.1036479.peg.3011,0.8733462929725647,0.005021034337134133,Medium,High,Medium–High,,,0,no STRING match,no STRING match,2341,2426,1,1
2474,fig|6666666.1036479.peg.3033,fig|6666666.1036479.peg.866,0.8733440577983856,0.005023064678556346,Low,High,Low–High,,,0,no STRING match,no STRING match,2437,2667,1,1
2475,fig|6666666.1036479.peg.2843,fig|6666666.1036479.peg.1657,0.8733272850513458,0.00502509501997856,Very Low,Medium,Very Low–Medium,,,0,no STRING match,no STRING match,2370,2883,1,1
2476,fig|6666666.1036479.peg.2988,fig|6666666.1036479.peg.942,0.8733225464820862,0.005027125361400773,Medium,Very Low,Very Low–Medium,Hypothetical protein.,,0,secondary STRING hit (STRING protein assigned to a better match),no STRING match,2416,2691,1,1
2477,fig|6666666.1036479.peg.2948,fig|6666666.1036479.peg.1127,0.8732550382614136,0.005029155702822987,High,Low,Low–High,,Hypothetical protein.,0,no STRING match,secondary STRING hit (STRING protein assigned to a better match),2410,2743,1,1
2478,fig|6666666.1036479.peg.411,fig|6666666.1036479.peg.879,0.8732503056526184,0.0050311860442452,Low,Very Low,Very Low–Low,Hypothetical protein.,Rhs element Vgr protein; COG3501 Uncharacterized protein conserved in bacteria.,0,secondary STRING hit (STRING protein assigned to a better match),secondary STRING hit (STRING protein assigned to a better match),2585,2672,1,1
2479,fig|6666666.1036479.peg.314,fig|6666666.1036479.peg.411,0.8732436120510101,0.005033216385667414,Very Low,Low,Very Low–Low,,Hypothetical protein.,0,no STRING match,secondary STRING hit (STRING protein assigned to a better match),2572,2585,1,1
2480,fig|6666666.1036479.peg.3187,fig|6666666.1036479.peg.370,0.8732284843921662,0.005035246727089627,Very Low,High,Very Low–High,Hypothetical protein.,,0,secondary STRING hit (STRING protein assigned to a better match),no STRING match,2460,2579,1,1
2481,fig|6666666.1036479.peg.719,fig|6666666.1036479.peg.1080,0.8732189238071442,0.005037277068511841,Medium,High,Medium–High,,,0,no STRING match,no STRING match,2630,2712,1,1
2482,fig|6666666.1036479.peg.723,fig|6666666.1036479.peg.2436,0.8732126295566559,0.005039307409934054,High,Medium,Medium–High,,,0,no STRING match,no STRING match,2634,3033,1,1
2483,fig|6666666.1036479.peg.2520,fig|6666666.1036479.peg.881,0.8732012212276459,0.005041337751356268,Very Low,High,Very Low–High,,,0,no STRING match,no STRING match,2280,2674,1,1
2484,fig|6666666.1036479.peg.2924,fig|6666666.1036479.peg.3222,0.8731995582580566,0.005043368092778481,Very Low,Medium,Very Low–Medium,,,0,no STRING match,no STRING match,2401,2473,1,2
2485,fig|6666666.1036479.peg.2924,fig|6666666.1036479.peg.138,0.8731995582580566,0.005045398434200695,Very Low,Medium,Very Low–Medium,,,0,no STRING match,no STRING match,2401,2473,1,2
2486,fig|6666666.1036479.peg.861,fig|6666666.1036479.peg.2278,0.8731790363788605,0.005047428775622908,High,Low,Low–High,,,0,no STRING match,no STRING match,2665,3005,1,1
2487,fig|6666666.1036479.peg.2106,fig|6666666.1036479.peg.2436,0.873178344964981,0.005049459117045122,High,Medium,Medium–High,Hypothetical protein.,,0,secondary STRING hit (STRING protein assigned to a better match),no STRING match,2959,3033,1,1
2488,fig|6666666.1036479.peg.1412,fig|6666666.1036479.peg.1947,0.8731779634952546,0.005051489458467336,Medium,Medium,Medium–Medium,,,0,no STRING match,no STRING match,2815,2930,1,1
2489,fig|6666666.1036479.peg.3010,fig|6666666.1036479.peg.2436,0.8731518805027008,0.00505351979988955,Low,Medium,Low–Medium,,,0,no STRING match,no STRING match,2425,3033,1,1
2490,fig|6666666.1036479.peg.866,fig|6666666.1036479.peg.2166,0.8731481194496155,0.005055550141311763,High,Very Low,Very Low–High,,,0,no STRING match,no STRING match,2667,2987,1,1
2491,fig|6666666.1036479.peg.370,fig|6666666.1036479.peg.2294,0.8731057047843933,0.005057580482733977,High,Very Low,Very Low–High,,,0,no STRING match,no STRING match,2579,3007,1,1
2492,fig|6666666.1036479.peg.728,fig|6666666.1036479.peg.817,0.8730933368206024,0.00505961082415619,Medium,Low,Low–Medium,,Phospholipid/glycerol acyltransferase; COG4258 Predicted exporter.,0,no STRING match,secondary STRING hit (STRING protein assigned to a better match),2639,2663,1,1
2493,fig|6666666.1036479.peg.2535,fig|6666666.1036479.peg.3207,0.8730797231197357,0.005061641165578404,Very Low,Medium,Very Low–Medium,,,0,no STRING match,no STRING match,2285,2468,1,1
2494,fig|6666666.1036479.peg.2547,fig|6666666.1036479.peg.1617,0.8730533421039581,0.005063671507000617,Medium,Low,Low–Medium,,,0,no STRING match,no STRING match,2297,2864,1,2
2495,fig|6666666.1036479.peg.2547,fig|6666666.1036479.peg.1625,0.8730533421039581,0.005065701848422831,Medium,Low,Low–Medium,,,0,no STRING match,no STRING match,2297,2864,1,2
2496,fig|6666666.1036479.peg.3020,fig|6666666.1036479.peg.1265,0.873036003112793,0.005067732189845044,Low,Low,Low–Low,,,0,no STRING match,no STRING match,2433,2760,1,1
2497,fig|6666666.1036479.peg.3222,fig|6666666.1036479.peg.881,0.8730294585227967,0.005069762531267258,Medium,High,Medium–High,,,0,no STRING match,no STRING match,2473,2674,2,1
2498,fig|6666666.1036479.peg.138,fig|6666666.1036479.peg.881,0.8730294585227967,0.005071792872689471,Medium,High,Medium–High,,,0,no STRING match,no STRING match,2473,2674,2,1
2499,fig|6666666.1036479.peg.2672,fig|6666666.1036479.peg.1494,0.8730183780193329,0.005073823214111685,Medium,Very Low,Very Low–Medium,,,0,no STRING match,no STRING match,2341,2824,1,1
2500,fig|6666666.1036479.peg.2854,fig|6666666.1036479.peg.861,0.8730079710483551,0.005075853555533898,Low,High,Low–High,,,0,no STRING match,no STRING match,2373,2665,1,1
2501,fig|6666666.1036479.peg.3254,fig|6666666.1036479.peg.2092,0.8729973077774048,0.005077883896956112,High,Medium,Medium–High,,,0,no STRING match,no STRING match,2505,2954,3,1
2502,fig|6666666.1036479.peg.22,fig|6666666.1036479.peg.2092,0.8729973077774048,0.005079914238378325,High,Medium,Medium–High,,,0,no STRING match,no STRING match,2505,2954,3,1
2503,fig|6666666.1036479.peg.170,fig|6666666.1036479.peg.2092,0.8729973077774048,0.005081944579800539,High,Medium,Medium–High,,,0,no STRING match,no STRING match,2505,2954,3,1
2504,fig|6666666.1036479.peg.551,fig|6666666.1036479.peg.2348,0.8729679405689239,0.005083974921222753,Very Low,High,Very Low–High,,,0,no STRING match,no STRING match,2597,3019,1,1
2505,fig|6666666.1036479.peg.2523,fig|6666666.1036479.peg.1080,0.8729639649391174,0.005086005262644967,Low,High,Low–High,,,0,no STRING match,no STRING match,2282,2712,1,1
2506,fig|6666666.1036479.peg.1950,fig|6666666.1036479.peg.2348,0.8729582905769349,0.00508803560406718,Very Low,High,Very Low–High,,,0,no STRING match,no STRING match,2933,3019,1,1
2507,fig|6666666.1036479.peg.2623,fig|6666666.1036479.peg.2948,0.8729564070701599,0.005090065945489394,Very Low,High,Very Low–High,,,0,no STRING match,no STRING match,2333,2410,1,1
2508,fig|6666666.1036479.peg.573,fig|6666666.1036479.peg.729,0.8729500412940979,0.005092096286911607,Very Low,Medium,Very Low–Medium,Hypothetical protein.,,0,secondary STRING hit (STRING protein assigned to a better match),no STRING match,2601,2640,1,1
2509,fig|6666666.1036479.peg.740,fig|6666666.1036479.peg.1300,0.8729348301887512,0.005094126628333821,Very Low,Low,Very Low–Low,,,0,no STRING match,no STRING match,2651,2763,1,1
2510,fig|6666666.1036479.peg.3188,fig|6666666.1036479.peg.2436,0.8729105412960052,0.005096156969756034,Medium,Medium,Medium–Medium,,,0,no STRING match,no STRING match,2461,3033,1,1
2511,fig|6666666.1036479.peg.3191,fig|6666666.1036479.peg.1947,0.8728873908519745,0.005098187311178248,Medium,Medium,Medium–Medium,,,0,no STRING match,no STRING match,2464,2930,1,1
2512,fig|6666666.1036479.peg.2547,fig|6666666.1036479.peg.1409,0.8728705525398255,0.005100217652600461,Medium,Medium,Medium–Medium,,,0,no STRING match,no STRING match,2297,2812,1,1
2513,fig|6666666.1036479.peg.2988,fig|6666666.1036479.peg.1962,0.87286017537117,0.005102247994022675,Medium,Medium,Medium–Medium,Hypothetical protein.,,0,secondary STRING hit (STRING protein assigned to a better match),no STRING match,2416,2944,1,1
2514,fig|6666666.1036479.peg.866,fig|6666666.1036479.peg.1494,0.8728594720363617,0.005104278335444888,High,Very Low,Very Low–High,,,0,no STRING match,no STRING match,2667,2824,1,1
2515,fig|6666666.1036479.peg.370,fig|6666666.1036479.peg.2278,0.8728481709957123,0.005106308676867102,High,Low,Low–High,,,0,no STRING match,no STRING match,2579,3005,1,1
2516,fig|6666666.1036479.peg.861,fig|6666666.1036479.peg.2386,0.8727837979793549,0.005108339018289315,High,Medium,Medium–High,,,0,no STRING match,no STRING match,2665,3027,1,1
2517,fig|6666666.1036479.peg.2960,fig|6666666.1036479.peg.719,0.8727691948413849,0.005110369359711529,Low,Medium,Low–Medium,,,0,no STRING match,no STRING match,2412,2630,1,1
2518,fig|6666666.1036479.peg.2556,fig|6666666.1036479.peg.2436,0.8727643430233002,0.005112399701133742,High,Medium,Medium–High,,,0,no STRING match,no STRING match,2306,3033,2,1
2519,fig|6666666.1036479.peg.2564,fig|6666666.1036479.peg.2436,0.8727643430233002,0.005114430042555956,High,Medium,Medium–High,,,0,no STRING match,no STRING match,2306,3033,2,1
2520,fig|6666666.1036479.peg.2672,fig|6666666.1036479.peg.1,0.8727641880512238,0.00511646038397817,Medium,Very Low,Very Low–Medium,,,0,no STRING match,no STRING match,2341,2509,1,1
2521,fig|6666666.1036479.peg.2506,fig|6666666.1036479.peg.2988,0.8727471053600311,0.005118490725400384,Very Low,Medium,Very Low–Medium,,Hypothetical protein.,0,no STRING match,secondary STRING hit (STRING protein assigned to a better match),2270,2416,6,1
2522,fig|6666666.1036479.peg.2516,fig|6666666.1036479.peg.2988,0.8727471053600311,0.005120521066822597,Very Low,Medium,Very Low–Medium,,Hypothetical protein.,0,no STRING match,secondary STRING hit (STRING protein assigned to a better match),2270,2416,6,1
2523,fig|6666666.1036479.peg.2522,fig|6666666.1036479.peg.2988,0.8727471053600311,0.005122551408244811,Very Low,Medium,Very Low–Medium,,Hypothetical protein.,0,no STRING match,secondary STRING hit (STRING protein assigned to a better match),2270,2416,6,1
2524,fig|6666666.1036479.peg.2988,fig|6666666.1036479.peg.974,0.8727471053600311,0.005124581749667024,Medium,Very Low,Very Low–Medium,Hypothetical protein.,,0,secondary STRING hit (STRING protein assigned to a better match),no STRING match,2416,2270,1,6
2525,fig|6666666.1036479.peg.2988,fig|6666666.1036479.peg.979,0.8727471053600311,0.005126612091089238,Medium,Very Low,Very Low–Medium,Hypothetical protein.,,0,secondary STRING hit (STRING protein assigned to a better match),no STRING match,2416,2270,1,6
2526,fig|6666666.1036479.peg.2988,fig|6666666.1036479.peg.2491,0.8727471053600311,0.005128642432511451,Medium,Very Low,Very Low–Medium,Hypothetical protein.,,0,secondary STRING hit (STRING protein assigned to a better match),no STRING match,2416,2270,1,6
2527,fig|6666666.1036479.peg.2920,fig|6666666.1036479.peg.1410,0.8727370083332062,0.005130672773933665,Very Low,Medium,Very Low–Medium,,,0,no STRING match,no STRING match,2397,2813,1,1
2528,fig|6666666.1036479.peg.573,fig|6666666.1036479.peg.740,0.8727204144001007,0.005132703115355878,Very Low,Very Low,Very Low–Very Low,Hypothetical protein.,,0,secondary STRING hit (STRING protein assigned to a better match),no STRING match,2601,2651,1,1
2529,fig|6666666.1036479.peg.879,fig|6666666.1036479.peg.2348,0.8726789772510528,0.005134733456778092,Very Low,High,Very Low–High,Rhs element Vgr protein; COG3501 Uncharacterized protein conserved in bacteria.,,0,secondary STRING hit (STRING protein assigned to a better match),no STRING match,2672,3019,1,1
2530,fig|6666666.1036479.peg.2672,fig|6666666.1036479.peg.1753,0.872672826051712,0.005136763798200305,Medium,Medium,Medium–Medium,,Hypothetical protein.,0,no STRING match,secondary STRING hit (STRING protein assigned to a better match),2341,2890,1,1
2531,fig|6666666.1036479.peg.2548,fig|6666666.1036479.peg.35,0.8726703286170959,0.005138794139622519,High,Very Low,Very Low–High,,,0,no STRING match,no STRING match,2298,2523,1,2
2532,fig|6666666.1036479.peg.2548,fig|6666666.1036479.peg.183,0.8726703286170959,0.005140824481044732,High,Very Low,Very Low–High,,,0,no STRING match,no STRING match,2298,2523,1,2
2533,fig|6666666.1036479.peg.3184,fig|6666666.1036479.peg.725,0.8726589500904083,0.005142854822466946,Very Low,Very Low,Very Low–Very Low,,,0,no STRING match,no STRING match,2457,2636,1,1
2534,fig|6666666.1036479.peg.3188,fig|6666666.1036479.peg.1308,0.8726558089256287,0.005144885163889159,Medium,Medium,Medium–Medium,,,0,no STRING match,no STRING match,2461,2764,1,1
2535,fig|6666666.1036479.peg.2672,fig|6666666.1036479.peg.32,0.872654914855957,0.005146915505311373,Medium,Low,Low–Medium,,,0,no STRING match,no STRING match,2341,2520,1,2
2536,fig|6666666.1036479.peg.2672,fig|6666666.1036479.peg.180,0.872654914855957,0.005148945846733587,Medium,Low,Low–Medium,,,0,no STRING match,no STRING match,2341,2520,1,2
2537,fig|6666666.1036479.peg.236,fig|6666666.1036479.peg.411,0.8726483047008514,0.005150976188155801,Very Low,Low,Very Low–Low,,Hypothetical protein.,0,no STRING match,secondary STRING hit (STRING protein assigned to a better match),2552,2585,1,1
2538,fig|6666666.1036479.peg.2548,fig|6666666.1036479.peg.2922,0.8726429998874664,0.005153006529578014,High,Very Low,Very Low–High,,,0,no STRING match,no STRING match,2298,2399,1,1
2539,fig|6666666.1036479.peg.2672,fig|6666666.1036479.peg.2104,0.8726084172725678,0.005155036871000228,Medium,High,Medium–High,,,0,no STRING match,no STRING match,2341,2958,1,1
2540,fig|6666666.1036479.peg.2548,fig|6666666.1036479.peg.1319,0.8726072490215302,0.005157067212422441,High,High,High–High,,,0,no STRING match,no STRING match,2298,2773,1,1
2541,fig|6666666.1036479.peg.2540,fig|6666666.1036479.peg.2548,0.8726004600524903,0.005159097553844655,Medium,High,Medium–High,,,0,no STRING match,no STRING match,2290,2298,1,1
2542,fig|6666666.1036479.peg.2988,fig|6666666.1036479.peg.2454,0.8725843489170074,0.005161127895266868,Medium,Medium,Medium–Medium,Hypothetical protein.,,0,secondary STRING hit (STRING protein assigned to a better match),no STRING match,2416,3037,1,1
2543,fig|6666666.1036479.peg.3020,fig|6666666.1036479.peg.89,0.8725494742393494,0.005163158236689082,Low,Very Low,Very Low–Low,,,0,no STRING match,no STRING match,2433,2542,1,1
2544,fig|6666666.1036479.peg.2504,fig|6666666.1036479.peg.866,0.8725453197956086,0.005165188578111295,Very Low,High,Very Low–High,,,0,no STRING match,no STRING match,2268,2667,1,1
2545,fig|6666666.1036479.peg.731,fig|6666666.1036479.peg.866,0.8725257158279419,0.005167218919533509,Low,High,Low–High,,,0,no STRING match,no STRING match,2642,2667,1,1
2546,fig|6666666.1036479.peg.3020,fig|6666666.1036479.peg.3191,0.8725140810012817,0.005169249260955722,Low,Medium,Low–Medium,,,0,no STRING match,no STRING match,2433,2464,1,1
2547,fig|6666666.1036479.peg.2623,fig|6666666.1036479.peg.881,0.8724985003471375,0.005171279602377936,Very Low,High,Very Low–High,,,0,no STRING match,no STRING match,2333,2674,1,1
2548,fig|6666666.1036479.peg.881,fig|6666666.1036479.peg.2114,0.8724918365478516,0.005173309943800149,High,Very Low,Very Low–High,,"COG1629 Outer membrane receptor proteins, mostly Fe transport.",0,no STRING match,secondary STRING hit (STRING protein assigned to a better match),2674,2964,1,1
2549,fig|6666666.1036479.peg.2929,fig|6666666.1036479.peg.719,0.8724678456783295,0.005175340285222363,Very Low,Medium,Very Low–Medium,Hypothetical protein.,,0,secondary STRING hit (STRING protein assigned to a better match),no STRING match,2404,2630,1,1
2550,fig|6666666.1036479.peg.2364,fig|6666666.1036479.peg.2405,0.8724676609039307,0.005177370626644576,Medium,Medium,Medium–Medium,,Hypothetical protein; COG0605 Superoxide dismutase.,0,no STRING match,secondary STRING hit (STRING protein assigned to a better match),3022,3029,1,1
2551,fig|6666666.1036479.peg.728,fig|6666666.1036479.peg.1074,0.8724565386772156,0.00517940096806679,Medium,High,Medium–High,,,0,no STRING match,no STRING match,2639,2706,1,1
2552,fig|6666666.1036479.peg.3188,fig|6666666.1036479.peg.881,0.8724478602409362,0.005181431309489004,Medium,High,Medium–High,,,0,no STRING match,no STRING match,2461,2674,1,1
2553,fig|6666666.1036479.peg.725,fig|6666666.1036479.peg.2114,0.8724299728870392,0.005183461650911218,Very Low,Very Low,Very Low–Very Low,,"COG1629 Outer membrane receptor proteins, mostly Fe transport.",0,no STRING match,secondary STRING hit (STRING protein assigned to a better match),2636,2964,1,1
2554,fig|6666666.1036479.peg.312,fig|6666666.1036479.peg.866,0.8724136471748352,0.005185491992333431,Medium,High,Medium–High,,,0,no STRING match,no STRING match,2570,2667,1,1
2555,fig|6666666.1036479.peg.725,fig|6666666.1036479.peg.1410,0.8724083125591278,0.005187522333755645,Very Low,Medium,Very Low–Medium,,,0,no STRING match,no STRING match,2636,2813,1,1
2556,fig|6666666.1036479.peg.2523,fig|6666666.1036479.peg.2948,0.8724025785923004,0.005189552675177858,Low,High,Low–High,,,0,no STRING match,no STRING match,2282,2410,1,1
2557,fig|6666666.1036479.peg.881,fig|6666666.1036479.peg.1655,0.8723969697952271,0.005191583016600072,High,Medium,Medium–High,,,0,no STRING match,no STRING match,2674,2882,1,1
2558,fig|6666666.1036479.peg.719,fig|6666666.1036479.peg.2092,0.8723792910575867,0.005193613358022285,Medium,Medium,Medium–Medium,,,0,no STRING match,no STRING match,2630,2954,1,1
2559,fig|6666666.1036479.peg.3222,fig|6666666.1036479.peg.1300,0.8723755598068237,0.005195643699444499,Medium,Low,Low–Medium,,,0,no STRING match,no STRING match,2473,2763,2,1
2560,fig|6666666.1036479.peg.138,fig|6666666.1036479.peg.1300,0.8723755598068237,0.005197674040866712,Medium,Low,Low–Medium,,,0,no STRING match,no STRING match,2473,2763,2,1
2561,fig|6666666.1036479.peg.861,fig|6666666.1036479.peg.1753,0.8723641276359558,0.005199704382288926,High,Medium,Medium–High,,Hypothetical protein.,0,no STRING match,secondary STRING hit (STRING protein assigned to a better match),2665,2890,1,1
2562,fig|6666666.1036479.peg.573,fig|6666666.1036479.peg.1080,0.87235027551651,0.005201734723711139,Very Low,High,Very Low–High,Hypothetical protein.,,0,secondary STRING hit (STRING protein assigned to a better match),no STRING match,2601,2712,1,1
2563,fig|6666666.1036479.peg.2679,fig|6666666.1036479.peg.3231,0.8723229765892029,0.005203765065133353,Medium,Very Low,Very Low–Medium,,,0,no STRING match,no STRING match,2342,2482,1,2
2564,fig|6666666.1036479.peg.2679,fig|6666666.1036479.peg.147,0.8723229765892029,0.005205795406555566,Medium,Very Low,Very Low–Medium,,,0,no STRING match,no STRING match,2342,2482,1,2
2565,fig|6666666.1036479.peg.3222,fig|6666666.1036479.peg.889,0.8723095834255219,0.00520782574797778,Medium,Low,Low–Medium,,,0,no STRING match,no STRING match,2473,2682,2,1
2566,fig|6666666.1036479.peg.138,fig|6666666.1036479.peg.889,0.8723095834255219,0.005209856089399993,Medium,Low,Low–Medium,,,0,no STRING match,no STRING match,2473,2682,2,1
2567,fig|6666666.1036479.peg.3222,fig|6666666.1036479.peg.2114,0.872308361530304,0.005211886430822207,Medium,Very Low,Very Low–Medium,,"COG1629 Outer membrane receptor proteins, mostly Fe transport.",0,no STRING match,secondary STRING hit (STRING protein assigned to a better match),2473,2964,2,1
2568,fig|6666666.1036479.peg.138,fig|6666666.1036479.peg.2114,0.872308361530304,0.005213916772244421,Medium,Very Low,Very Low–Medium,,"COG1629 Outer membrane receptor proteins, mostly Fe transport.",0,no STRING match,secondary STRING hit (STRING protein assigned to a better match),2473,2964,2,1
2569,fig|6666666.1036479.peg.38,fig|6666666.1036479.peg.1657,0.8722790539264679,0.0052159471136666346,Low,Medium,Low–Medium,,,0,no STRING match,no STRING match,2526,2883,2,1
2570,fig|6666666.1036479.peg.186,fig|6666666.1036479.peg.1657,0.8722790539264679,0.005217977455088848,Low,Medium,Low–Medium,,,0,no STRING match,no STRING match,2526,2883,2,1
2571,fig|6666666.1036479.peg.866,fig|6666666.1036479.peg.2294,0.8722763001918793,0.005220007796511062,High,Very Low,Very Low–High,,,0,no STRING match,no STRING match,2667,3007,1,1
2572,fig|6666666.1036479.peg.38,fig|6666666.1036479.peg.725,0.8722663938999176,0.005222038137933275,Low,Very Low,Very Low–Low,,,0,no STRING match,no STRING match,2526,2636,2,1
2573,fig|6666666.1036479.peg.186,fig|6666666.1036479.peg.725,0.8722663938999176,0.005224068479355489,Low,Very Low,Very Low–Low,,,0,no STRING match,no STRING match,2526,2636,2,1
2574,fig|6666666.1036479.peg.3017,fig|6666666.1036479.peg.720,0.8722313463687896,0.005226098820777702,Medium,High,Medium–High,,,0,no STRING match,no STRING match,2430,2631,1,1
2575,fig|6666666.1036479.peg.391,fig|6666666.1036479.peg.2348,0.872209495306015,0.005228129162199916,Medium,High,Medium–High,,,0,no STRING match,no STRING match,2580,3019,1,1
2576,fig|6666666.1036479.peg.2504,fig|6666666.1036479.peg.2672,0.8721952438354492,0.005230159503622129,Very Low,Medium,Very Low–Medium,,,0,no STRING match,no STRING match,2268,2341,1,1
2577,fig|6666666.1036479.peg.728,fig|6666666.1036479.peg.1894,0.8721905887126923,0.005232189845044343,Medium,Medium,Medium–Medium,,Hypothetical protein.,0,no STRING match,secondary STRING hit (STRING protein assigned to a better match),2639,2912,1,1
2578,fig|6666666.1036479.peg.2672,fig|6666666.1036479.peg.2918,0.8721875190734864,0.005234220186466556,Medium,Very Low,Very Low–Medium,,,0,no STRING match,no STRING match,2341,2396,1,1
2579,fig|6666666.1036479.peg.866,fig|6666666.1036479.peg.1913,0.8721861839294434,0.00523625052788877,High,Very Low,Very Low–High,,,0,no STRING match,no STRING match,2667,2917,1,1
2580,fig|6666666.1036479.peg.1617,fig|6666666.1036479.peg.2436,0.8721498548984528,0.005238280869310983,Low,Medium,Low–Medium,,,0,no STRING match,no STRING match,2864,3033,2,1
2581,fig|6666666.1036479.peg.1625,fig|6666666.1036479.peg.2436,0.8721498548984528,0.005240311210733197,Low,Medium,Low–Medium,,,0,no STRING match,no STRING match,2864,3033,2,1
2582,fig|6666666.1036479.peg.36,fig|6666666.1036479.peg.725,0.8721394658088684,0.00524234155215541,Medium,Very Low,Very Low–Medium,,,0,no STRING match,no STRING match,2524,2636,2,1
2583,fig|6666666.1036479.peg.184,fig|6666666.1036479.peg.725,0.8721394658088684,0.005244371893577624,Medium,Very Low,Very Low–Medium,,,0,no STRING match,no STRING match,2524,2636,2,1
2584,fig|6666666.1036479.peg.2988,fig|6666666.1036479.peg.48,0.8721234142780304,0.005246402234999838,Medium,Medium,Medium–Medium,Hypothetical protein.,,0,secondary STRING hit (STRING protein assigned to a better match),no STRING match,2416,2536,1,1
2585,fig|6666666.1036479.peg.1080,fig|6666666.1036479.peg.1289,0.8721116006374359,0.0052484325764220515,High,Very Low,Very Low–High,,,0,no STRING match,no STRING match,2712,2762,1,1
2586,fig|6666666.1036479.peg.370,fig|6666666.1036479.peg.736,0.8721060693264008,0.005250462917844265,High,Very Low,Very Low–High,,,0,no STRING match,no STRING match,2579,2647,1,1
2587,fig|6666666.1036479.peg.2672,fig|6666666.1036479.peg.2881,0.8721018373966217,0.0052524932592664785,Medium,Very Low,Very Low–Medium,,,0,no STRING match,no STRING match,2341,2383,1,1
2588,fig|6666666.1036479.peg.36,fig|6666666.1036479.peg.2092,0.8720781743526459,0.005254523600688692,Medium,Medium,Medium–Medium,,,0,no STRING match,no STRING match,2524,2954,2,1
2589,fig|6666666.1036479.peg.184,fig|6666666.1036479.peg.2092,0.8720781743526459,0.0052565539421109055,Medium,Medium,Medium–Medium,,,0,no STRING match,no STRING match,2524,2954,2,1
2590,fig|6666666.1036479.peg.411,fig|6666666.1036479.peg.2145,0.8720593631267548,0.005258584283533119,Low,Very Low,Very Low–Low,Hypothetical protein.,,0,secondary STRING hit (STRING protein assigned to a better match),no STRING match,2585,2973,1,1
2591,fig|6666666.1036479.peg.1706,fig|6666666.1036479.peg.2348,0.8720435321331024,0.0052606146249553325,Very Low,High,Very Low–High,,,0,no STRING match,no STRING match,2886,3019,1,1
2592,fig|6666666.1036479.peg.2948,fig|6666666.1036479.peg.724,0.8720286905765533,0.005262644966377546,High,Medium,Medium–High,,,0,no STRING match,no STRING match,2410,2635,1,1
2593,fig|6666666.1036479.peg.2547,fig|6666666.1036479.peg.3188,0.8720283746719361,0.0052646753077997595,Medium,Medium,Medium–Medium,,,0,no STRING match,no STRING match,2297,2461,1,1
2594,fig|6666666.1036479.peg.2948,fig|6666666.1036479.peg.236,0.872022134065628,0.005266705649221973,High,Very Low,Very Low–High,,,0,no STRING match,no STRING match,2410,2552,1,1
2595,fig|6666666.1036479.peg.2929,fig|6666666.1036479.peg.725,0.8719962775707245,0.0052687359906441866,Very Low,Very Low,Very Low–Very Low,Hypothetical protein.,,0,secondary STRING hit (STRING protein assigned to a better match),no STRING match,2404,2636,1,1
2596,fig|6666666.1036479.peg.289,fig|6666666.1036479.peg.2364,0.8719830334186554,0.0052707663320664,High,Medium,Medium–High,Hypothetical protein.,,0,secondary STRING hit (STRING protein assigned to a better match),no STRING match,2559,3022,1,1
2597,fig|6666666.1036479.peg.2843,fig|6666666.1036479.peg.2920,0.8719687700271607,0.005272796673488614,Very Low,Very Low,Very Low–Very Low,,,0,no STRING match,no STRING match,2370,2397,1,1
2598,fig|6666666.1036479.peg.720,fig|6666666.1036479.peg.1080,0.8719668328762055,0.005274827014910827,High,High,High–High,,,0,no STRING match,no STRING match,2631,2712,1,1
2599,fig|6666666.1036479.peg.2539,fig|6666666.1036479.peg.3020,0.8719635605812073,0.005276857356333041,Low,Low,Low–Low,,,0,no STRING match,no STRING match,2289,2433,1,1
2600,fig|6666666.1036479.peg.2506,fig|6666666.1036479.peg.2547,0.8719446301460266,0.005278887697755255,Very Low,Medium,Very Low–Medium,,,0,no STRING match,no STRING match,2270,2297,6,1
2601,fig|6666666.1036479.peg.2516,fig|6666666.1036479.peg.2547,0.8719446301460266,0.0052809180391774685,Very Low,Medium,Very Low–Medium,,,0,no STRING match,no STRING match,2270,2297,6,1
2602,fig|6666666.1036479.peg.2522,fig|6666666.1036479.peg.2547,0.8719446301460266,0.005282948380599682,Very Low,Medium,Very Low–Medium,,,0,no STRING match,no STRING match,2270,2297,6,1
2603,fig|6666666.1036479.peg.2547,fig|6666666.1036479.peg.974,0.8719446301460266,0.0052849787220218955,Medium,Very Low,Very Low–Medium,,,0,no STRING match,no STRING match,2297,2270,1,6
2604,fig|6666666.1036479.peg.2547,fig|6666666.1036479.peg.979,0.8719446301460266,0.005287009063444109,Medium,Very Low,Very Low–Medium,,,0,no STRING match,no STRING match,2297,2270,1,6
2605,fig|6666666.1036479.peg.2547,fig|6666666.1036479.peg.2491,0.8719446301460266,0.0052890394048663225,Medium,Very Low,Very Low–Medium,,,0,no STRING match,no STRING match,2297,2270,1,6
2606,fig|6666666.1036479.peg.38,fig|6666666.1036479.peg.719,0.8719038665294647,0.005291069746288536,Low,Medium,Low–Medium,,,0,no STRING match,no STRING match,2526,2630,2,1
2607,fig|6666666.1036479.peg.186,fig|6666666.1036479.peg.719,0.8719038665294647,0.0052931000877107495,Low,Medium,Low–Medium,,,0,no STRING match,no STRING match,2526,2630,2,1
2608,fig|6666666.1036479.peg.2548,fig|6666666.1036479.peg.1941,0.8718957901000977,0.005295130429132963,High,Medium,Medium–High,,,0,no STRING match,no STRING match,2298,2924,1,1
2609,fig|6666666.1036479.peg.728,fig|6666666.1036479.peg.729,0.8718879342079162,0.0052971607705551765,Medium,Medium,Medium–Medium,,,0,no STRING match,no STRING match,2639,2640,1,1
2610,fig|6666666.1036479.peg.2960,fig|6666666.1036479.peg.2436,0.8718856692314148,0.00529919111197739,Low,Medium,Low–Medium,,,0,no STRING match,no STRING match,2412,3033,1,1
2611,fig|6666666.1036479.peg.866,fig|6666666.1036479.peg.1632,0.8718806028366088,0.0053012214533996035,High,Very Low,Very Low–High,,,0,no STRING match,no STRING match,2667,2870,1,2
2612,fig|6666666.1036479.peg.866,fig|6666666.1036479.peg.1639,0.8718806028366088,0.005303251794821817,High,Very Low,Very Low–High,,,0,no STRING match,no STRING match,2667,2870,1,2
2613,fig|6666666.1036479.peg.725,fig|6666666.1036479.peg.889,0.8718437016010284,0.0053052821362440305,Very Low,Low,Very Low–Low,,,0,no STRING match,no STRING match,2636,2682,1,1
2614,fig|6666666.1036479.peg.2505,fig|6666666.1036479.peg.881,0.8718409061431884,0.005307312477666244,Very Low,High,Very Low–High,,,0,no STRING match,no STRING match,2269,2674,1,1
2615,fig|6666666.1036479.peg.2501,fig|6666666.1036479.peg.1300,0.8718010485172272,0.0053093428190884575,High,Low,Low–High,,,0,no STRING match,no STRING match,2265,2763,1,1
2616,fig|6666666.1036479.peg.2654,fig|6666666.1036479.peg.411,0.8717840492725373,0.005311373160510672,High,Low,Low–High,,Hypothetical protein.,0,no STRING match,secondary STRING hit (STRING protein assigned to a better match),2337,2585,1,1
2617,fig|6666666.1036479.peg.2672,fig|6666666.1036479.peg.2025,0.8717692852020263,0.005313403501932885,Medium,Very Low,Very Low–Medium,,,0,no STRING match,no STRING match,2341,2950,1,1
2618,fig|6666666.1036479.peg.370,fig|6666666.1036479.peg.731,0.8717536687850952,0.005315433843355099,High,Low,Low–High,,,0,no STRING match,no STRING match,2579,2642,1,1
2619,fig|6666666.1036479.peg.3012,fig|6666666.1036479.peg.2348,0.8717412531375885,0.005317464184777312,Low,High,Low–High,,,0,no STRING match,no STRING match,2427,3019,1,1
2620,fig|6666666.1036479.peg.736,fig|6666666.1036479.peg.861,0.8717182159423829,0.005319494526199526,Very Low,High,Very Low–High,,,0,no STRING match,no STRING match,2647,2665,1,1
2621,fig|6666666.1036479.peg.1308,fig|6666666.1036479.peg.1946,0.8717117190361023,0.005321524867621739,Medium,Medium,Medium–Medium,,,0,no STRING match,no STRING match,2764,2929,1,1
2622,fig|6666666.1036479.peg.3222,fig|6666666.1036479.peg.1617,0.871688848733902,0.005323555209043953,Medium,Low,Low–Medium,,,0,no STRING match,no STRING match,2473,2864,2,2
2623,fig|6666666.1036479.peg.3222,fig|6666666.1036479.peg.1625,0.871688848733902,0.0053255855504661664,Medium,Low,Low–Medium,,,0,no STRING match,no STRING match,2473,2864,2,2
2624,fig|6666666.1036479.peg.138,fig|6666666.1036479.peg.1617,0.871688848733902,0.00532761589188838,Medium,Low,Low–Medium,,,0,no STRING match,no STRING match,2473,2864,2,2
2625,fig|6666666.1036479.peg.138,fig|6666666.1036479.peg.1625,0.871688848733902,0.0053296462333105935,Medium,Low,Low–Medium,,,0,no STRING match,no STRING match,2473,2864,2,2
2626,fig|6666666.1036479.peg.3019,fig|6666666.1036479.peg.1966,0.8716804027557373,0.005331676574732807,Very Low,Very Low,Very Low–Very Low,,,0,no STRING match,no STRING match,2432,2946,1,1
2627,fig|6666666.1036479.peg.652,fig|6666666.1036479.peg.861,0.8716303765773773,0.0053337069161550205,Very Low,High,Very Low–High,,,0,no STRING match,no STRING match,2615,2665,1,1
2628,fig|6666666.1036479.peg.2924,fig|6666666.1036479.peg.2436,0.8716259002685547,0.005335737257577234,Very Low,Medium,Very Low–Medium,,,0,no STRING match,no STRING match,2401,3033,1,1
2629,fig|6666666.1036479.peg.2547,fig|6666666.1036479.peg.3223,0.871613371372223,0.0053377675989994475,Medium,High,Medium–High,,,0,no STRING match,no STRING match,2297,2474,1,2
2630,fig|6666666.1036479.peg.2547,fig|6666666.1036479.peg.139,0.871613371372223,0.005339797940421661,Medium,High,Medium–High,,,0,no STRING match,no STRING match,2297,2474,1,2
2631,fig|6666666.1036479.peg.2145,fig|6666666.1036479.peg.2348,0.8716086328029633,0.0053418282818438745,Very Low,High,Very Low–High,,,0,no STRING match,no STRING match,2973,3019,1,1
2632,fig|6666666.1036479.peg.2814,fig|6666666.1036479.peg.1947,0.8716008007526398,0.005343858623266089,Very Low,Medium,Very Low–Medium,,,0,no STRING match,no STRING match,2358,2930,1,1
2633,fig|6666666.1036479.peg.1289,fig|6666666.1036479.peg.1657,0.8715824782848358,0.005345888964688302,Very Low,Medium,Very Low–Medium,,,0,no STRING match,no STRING match,2762,2883,1,1
2634,fig|6666666.1036479.peg.2929,fig|6666666.1036479.peg.3231,0.8715539932250976,0.005347919306110516,Very Low,Very Low,Very Low–Very Low,Hypothetical protein.,,0,secondary STRING hit (STRING protein assigned to a better match),no STRING match,2404,2482,1,2
2635,fig|6666666.1036479.peg.2929,fig|6666666.1036479.peg.147,0.8715539932250976,0.005349949647532729,Very Low,Very Low,Very Low–Very Low,Hypothetical protein.,,0,secondary STRING hit (STRING protein assigned to a better match),no STRING match,2404,2482,1,2
2636,fig|6666666.1036479.peg.1410,fig|6666666.1036479.peg.1657,0.8715459287166596,0.005351979988954943,Medium,Medium,Medium–Medium,,,0,no STRING match,no STRING match,2813,2883,1,1
2637,fig|6666666.1036479.peg.3209,fig|6666666.1036479.peg.1308,0.8715409934520721,0.005354010330377156,Medium,Medium,Medium–Medium,,,0,no STRING match,no STRING match,2469,2764,1,1
2638,fig|6666666.1036479.peg.2672,fig|6666666.1036479.peg.1755,0.8715402722358704,0.00535604067179937,Medium,Medium,Medium–Medium,,Hypothetical protein.,0,no STRING match,secondary STRING hit (STRING protein assigned to a better match),2341,2892,1,1
2639,fig|6666666.1036479.peg.866,fig|6666666.1036479.peg.1807,0.8715257823467255,0.005358071013221583,High,Low,Low–High,,,0,no STRING match,no STRING match,2667,2905,1,1
2640,fig|6666666.1036479.peg.2948,fig|6666666.1036479.peg.314,0.8714895725250245,0.005360101354643797,High,Very Low,Very Low–High,,,0,no STRING match,no STRING match,2410,2572,1,1
2641,fig|6666666.1036479.peg.3222,fig|6666666.1036479.peg.38,0.871487045288086,0.00536213169606601,Medium,Low,Low–Medium,,,0,no STRING match,no STRING match,2473,2526,2,2
2642,fig|6666666.1036479.peg.3222,fig|6666666.1036479.peg.186,0.871487045288086,0.005364162037488224,Medium,Low,Low–Medium,,,0,no STRING match,no STRING match,2473,2526,2,2
2643,fig|6666666.1036479.peg.38,fig|6666666.1036479.peg.138,0.871487045288086,0.005366192378910437,Low,Medium,Low–Medium,,,0,no STRING match,no STRING match,2526,2473,2,2
2644,fig|6666666.1036479.peg.138,fig|6666666.1036479.peg.186,0.871487045288086,0.005368222720332651,Medium,Low,Low–Medium,,,0,no STRING match,no STRING match,2473,2526,2,2
2645,fig|6666666.1036479.peg.2506,fig|6666666.1036479.peg.1080,0.8714845180511475,0.005370253061754864,Very Low,High,Very Low–High,,,0,no STRING match,no STRING match,2270,2712,6,1
2646,fig|6666666.1036479.peg.2516,fig|6666666.1036479.peg.1080,0.8714845180511475,0.005372283403177078,Very Low,High,Very Low–High,,,0,no STRING match,no STRING match,2270,2712,6,1
2647,fig|6666666.1036479.peg.2522,fig|6666666.1036479.peg.1080,0.8714845180511475,0.005374313744599291,Very Low,High,Very Low–High,,,0,no STRING match,no STRING match,2270,2712,6,1
2648,fig|6666666.1036479.peg.974,fig|6666666.1036479.peg.1080,0.8714845180511475,0.005376344086021506,Very Low,High,Very Low–High,,,0,no STRING match,no STRING match,2270,2712,6,1
2649,fig|6666666.1036479.peg.979,fig|6666666.1036479.peg.1080,0.8714845180511475,0.005378374427443719,Very Low,High,Very Low–High,,,0,no STRING match,no STRING match,2270,2712,6,1
2650,fig|6666666.1036479.peg.1080,fig|6666666.1036479.peg.2491,0.8714845180511475,0.005380404768865933,High,Very Low,Very Low–High,,,0,no STRING match,no STRING match,2712,2270,1,6
2651,fig|6666666.1036479.peg.2507,fig|6666666.1036479.peg.2548,0.8714629352092743,0.005382435110288146,Low,High,Low–High,,,0,no STRING match,no STRING match,2271,2298,1,1
2652,fig|6666666.1036479.peg.2571,fig|6666666.1036479.peg.573,0.871462345123291,0.00538446545171036,Medium,Very Low,Very Low–Medium,,Hypothetical protein.,0,no STRING match,secondary STRING hit (STRING protein assigned to a better match),2316,2601,1,1
2653,fig|6666666.1036479.peg.391,fig|6666666.1036479.peg.866,0.871458375453949,0.005386495793132573,Medium,High,Medium–High,,,0,no STRING match,no STRING match,2580,2667,1,1
2654,fig|6666666.1036479.peg.2501,fig|6666666.1036479.peg.3020,0.871455705165863,0.005388526134554787,High,Low,Low–High,,,0,no STRING match,no STRING match,2265,2433,1,1
2655,fig|6666666.1036479.peg.3254,fig|6666666.1036479.peg.719,0.8714432775974273,0.005390556475977,High,Medium,Medium–High,,,0,no STRING match,no STRING match,2505,2630,3,1
2656,fig|6666666.1036479.peg.22,fig|6666666.1036479.peg.719,0.8714432775974273,0.005392586817399214,High,Medium,Medium–High,,,0,no STRING match,no STRING match,2505,2630,3,1
2657,fig|6666666.1036479.peg.170,fig|6666666.1036479.peg.719,0.8714432775974273,0.005394617158821427,High,Medium,Medium–High,,,0,no STRING match,no STRING match,2505,2630,3,1
2658,fig|6666666.1036479.peg.2532,fig|6666666.1036479.peg.3231,0.8714287281036377,0.005396647500243641,Low,Very Low,Very Low–Low,,,0,no STRING match,no STRING match,2284,2482,4,2
2659,fig|6666666.1036479.peg.2532,fig|6666666.1036479.peg.147,0.8714287281036377,0.005398677841665854,Low,Very Low,Very Low–Low,,,0,no STRING match,no STRING match,2284,2482,4,2
2660,fig|6666666.1036479.peg.3171,fig|6666666.1036479.peg.3231,0.8714287281036377,0.005400708183088068,Low,Very Low,Very Low–Low,,,0,no STRING match,no STRING match,2284,2482,4,2
2661,fig|6666666.1036479.peg.3171,fig|6666666.1036479.peg.147,0.8714287281036377,0.005402738524510281,Low,Very Low,Very Low–Low,,,0,no STRING match,no STRING match,2284,2482,4,2
2662,fig|6666666.1036479.peg.3231,fig|6666666.1036479.peg.987,0.8714287281036377,0.005404768865932495,Very Low,Low,Very Low–Low,,,0,no STRING match,no STRING match,2482,2284,2,4
2663,fig|6666666.1036479.peg.3231,fig|6666666.1036479.peg.2492,0.8714287281036377,0.005406799207354708,Very Low,Low,Very Low–Low,,,0,no STRING match,no STRING match,2482,2284,2,4
2664,fig|6666666.1036479.peg.147,fig|6666666.1036479.peg.987,0.8714287281036377,0.005408829548776923,Very Low,Low,Very Low–Low,,,0,no STRING match,no STRING match,2482,2284,2,4
2665,fig|6666666.1036479.peg.147,fig|6666666.1036479.peg.2492,0.8714287281036377,0.005410859890199136,Very Low,Low,Very Low–Low,,,0,no STRING match,no STRING match,2482,2284,2,4
2666,fig|6666666.1036479.peg.2501,fig|6666666.1036479.peg.1947,0.8714119553565979,0.00541289023162135,High,Medium,Medium–High,,,0,no STRING match,no STRING match,2265,2930,1,1
2667,fig|6666666.1036479.peg.881,fig|6666666.1036479.peg.1945,0.8714085698127747,0.005414920573043563,High,Very Low,Very Low–High,,,0,no STRING match,no STRING match,2674,2928,1,1
2668,fig|6666666.1036479.peg.861,fig|6666666.1036479.peg.1941,0.8714014410972595,0.005416950914465777,High,Medium,Medium–High,,,0,no STRING match,no STRING match,2665,2924,1,1
2669,fig|6666666.1036479.peg.314,fig|6666666.1036479.peg.573,0.8713817894458771,0.00541898125588799,Very Low,Very Low,Very Low–Very Low,,Hypothetical protein.,0,no STRING match,secondary STRING hit (STRING protein assigned to a better match),2572,2601,1,1
2670,fig|6666666.1036479.peg.725,fig|6666666.1036479.peg.1289,0.8713587641716003,0.005421011597310204,Very Low,Very Low,Very Low–Very Low,,,0,no STRING match,no STRING match,2636,2762,1,1
2671,fig|6666666.1036479.peg.2672,fig|6666666.1036479.peg.727,0.8713582992553711,0.005423041938732417,Medium,Very Low,Very Low–Medium,,,0,no STRING match,no STRING match,2341,2638,1,1
2672,fig|6666666.1036479.peg.725,fig|6666666.1036479.peg.1946,0.8713543772697449,0.005425072280154631,Very Low,Medium,Very Low–Medium,,,0,no STRING match,no STRING match,2636,2929,1,1
2673,fig|6666666.1036479.peg.370,fig|6666666.1036479.peg.2166,0.8713527321815491,0.005427102621576844,High,Very Low,Very Low–High,,,0,no STRING match,no STRING match,2579,2987,1,1
2674,fig|6666666.1036479.peg.3020,fig|6666666.1036479.peg.1961,0.871344119310379,0.005429132962999058,Low,Medium,Low–Medium,,,0,no STRING match,no STRING match,2433,2943,1,1
2675,fig|6666666.1036479.peg.89,fig|6666666.1036479.peg.1947,0.8713067948818207,0.005431163304421271,Very Low,Medium,Very Low–Medium,,,0,no STRING match,no STRING match,2542,2930,1,1
2676,fig|6666666.1036479.peg.3231,fig|6666666.1036479.peg.725,0.871292507648468,0.005433193645843485,Very Low,Very Low,Very Low–Very Low,,,0,no STRING match,no STRING match,2482,2636,2,1
2677,fig|6666666.1036479.peg.147,fig|6666666.1036479.peg.725,0.871292507648468,0.005435223987265698,Very Low,Very Low,Very Low–Very Low,,,0,no STRING match,no STRING match,2482,2636,2,1
2678,fig|6666666.1036479.peg.2920,fig|6666666.1036479.peg.3184,0.871288126707077,0.005437254328687912,Very Low,Very Low,Very Low–Very Low,,,0,no STRING match,no STRING match,2397,2457,1,1
2679,fig|6666666.1036479.peg.2672,fig|6666666.1036479.peg.2145,0.87127565741539,0.005439284670110125,Medium,Very Low,Very Low–Medium,,,0,no STRING match,no STRING match,2341,2973,1,1
2680,fig|6666666.1036479.peg.3222,fig|6666666.1036479.peg.1289,0.8712732076644898,0.00544131501153234,Medium,Very Low,Very Low–Medium,,,0,no STRING match,no STRING match,2473,2762,2,1
2681,fig|6666666.1036479.peg.138,fig|6666666.1036479.peg.1289,0.8712732076644898,0.005443345352954553,Medium,Very Low,Very Low–Medium,,,0,no STRING match,no STRING match,2473,2762,2,1
2682,fig|6666666.1036479.peg.2506,fig|6666666.1036479.peg.38,0.8712551534175873,0.005445375694376767,Very Low,Low,Very Low–Low,,,0,no STRING match,no STRING match,2270,2526,6,2
2683,fig|6666666.1036479.peg.2506,fig|6666666.1036479.peg.186,0.8712551534175873,0.00544740603579898,Very Low,Low,Very Low–Low,,,0,no STRING match,no STRING match,2270,2526,6,2
2684,fig|6666666.1036479.peg.2516,fig|6666666.1036479.peg.38,0.8712551534175873,0.005449436377221194,Very Low,Low,Very Low–Low,,,0,no STRING match,no STRING match,2270,2526,6,2
2685,fig|6666666.1036479.peg.2516,fig|6666666.1036479.peg.186,0.8712551534175873,0.005451466718643407,Very Low,Low,Very Low–Low,,,0,no STRING match,no STRING match,2270,2526,6,2
2686,fig|6666666.1036479.peg.2522,fig|6666666.1036479.peg.38,0.8712551534175873,0.005453497060065621,Very Low,Low,Very Low–Low,,,0,no STRING match,no STRING match,2270,2526,6,2
2687,fig|6666666.1036479.peg.2522,fig|6666666.1036479.peg.186,0.8712551534175873,0.005455527401487834,Very Low,Low,Very Low–Low,,,0,no STRING match,no STRING match,2270,2526,6,2
2688,fig|6666666.1036479.peg.38,fig|6666666.1036479.peg.974,0.8712551534175873,0.005457557742910048,Low,Very Low,Very Low–Low,,,0,no STRING match,no STRING match,2526,2270,2,6
2689,fig|6666666.1036479.peg.38,fig|6666666.1036479.peg.979,0.8712551534175873,0.005459588084332261,Low,Very Low,Very Low–Low,,,0,no STRING match,no STRING match,2526,2270,2,6
2690,fig|6666666.1036479.peg.38,fig|6666666.1036479.peg.2491,0.8712551534175873,0.005461618425754475,Low,Very Low,Very Low–Low,,,0,no STRING match,no STRING match,2526,2270,2,6
2691,fig|6666666.1036479.peg.186,fig|6666666.1036479.peg.974,0.8712551534175873,0.005463648767176688,Low,Very Low,Very Low–Low,,,0,no STRING match,no STRING match,2526,2270,2,6
2692,fig|6666666.1036479.peg.186,fig|6666666.1036479.peg.979,0.8712551534175873,0.005465679108598902,Low,Very Low,Very Low–Low,,,0,no STRING match,no STRING match,2526,2270,2,6
2693,fig|6666666.1036479.peg.186,fig|6666666.1036479.peg.2491,0.8712551534175873,0.005467709450021115,Low,Very Low,Very Low–Low,,,0,no STRING match,no STRING match,2526,2270,2,6
2694,fig|6666666.1036479.peg.861,fig|6666666.1036479.peg.878,0.871248459815979,0.005469739791443329,High,Very Low,Very Low–High,,,0,no STRING match,no STRING match,2665,1858,1,4
2695,fig|6666666.1036479.peg.861,fig|6666666.1036479.peg.2100,0.871248459815979,0.005471770132865542,High,Very Low,Very Low–High,,,0,no STRING match,no STRING match,2665,1858,1,4
2696,fig|6666666.1036479.peg.861,fig|6666666.1036479.peg.2381,0.871248459815979,0.005473800474287757,High,Very Low,Very Low–High,,,0,no STRING match,no STRING match,2665,1858,1,4
2697,fig|6666666.1036479.peg.3231,fig|6666666.1036479.peg.720,0.8712466061115265,0.00547583081570997,Very Low,High,Very Low–High,,,0,no STRING match,no STRING match,2482,2631,2,1
2698,fig|6666666.1036479.peg.147,fig|6666666.1036479.peg.720,0.8712466061115265,0.005477861157132184,Very Low,High,Very Low–High,,,0,no STRING match,no STRING match,2482,2631,2,1
2699,fig|6666666.1036479.peg.1947,fig|6666666.1036479.peg.1961,0.8712429165840149,0.005479891498554397,Medium,Medium,Medium–Medium,,,0,no STRING match,no STRING match,2930,2943,1,1
2700,fig|6666666.1036479.peg.2548,fig|6666666.1036479.peg.1496,0.8712373673915863,0.005481921839976611,High,Very Low,Very Low–High,,,0,no STRING match,no STRING match,2298,2826,1,1
2701,fig|6666666.1036479.peg.2548,fig|6666666.1036479.peg.426,0.8712239325046539,0.005483952181398824,High,Very Low,Very Low–High,,,0,no STRING match,no STRING match,2298,2588,1,1
2702,fig|6666666.1036479.peg.3222,fig|6666666.1036479.peg.723,0.8712207794189453,0.005485982522821038,Medium,High,Medium–High,,,0,no STRING match,no STRING match,2473,2634,2,1
2703,fig|6666666.1036479.peg.138,fig|6666666.1036479.peg.723,0.8712207794189453,0.005488012864243251,Medium,High,Medium–High,,,0,no STRING match,no STRING match,2473,2634,2,1
2704,fig|6666666.1036479.peg.370,fig|6666666.1036479.peg.2469,0.8711836457252502,0.005490043205665465,High,Very Low,Very Low–High,,,0,no STRING match,no STRING match,2579,3042,1,1
2705,fig|6666666.1036479.peg.2548,fig|6666666.1036479.peg.2761,0.8711607873439788,0.005492073547087678,High,Low,Low–High,,,0,no STRING match,no STRING match,2298,2352,1,1
2706,fig|6666666.1036479.peg.3012,fig|6666666.1036479.peg.861,0.8711528778076172,0.005494103888509892,Low,High,Low–High,,,0,no STRING match,no STRING match,2427,2665,1,1
2707,fig|6666666.1036479.peg.2548,fig|6666666.1036479.peg.1117,0.8711342573165893,0.005496134229932105,High,Very Low,Very Low–High,,,0,no STRING match,no STRING match,2298,2733,1,1
2708,fig|6666666.1036479.peg.2364,fig|6666666.1036479.peg.2454,0.8710895836353302,0.005498164571354319,Medium,Medium,Medium–Medium,,,0,no STRING match,no STRING match,3022,3037,1,1
2709,fig|6666666.1036479.peg.2929,fig|6666666.1036479.peg.1657,0.8710893273353577,0.005500194912776532,Very Low,Medium,Very Low–Medium,Hypothetical protein.,,0,secondary STRING hit (STRING protein assigned to a better match),no STRING match,2404,2883,1,1
2710,fig|6666666.1036479.peg.3254,fig|6666666.1036479.peg.1300,0.8710518419742584,0.005502225254198746,High,Low,Low–High,,,0,no STRING match,no STRING match,2505,2763,3,1
2711,fig|6666666.1036479.peg.22,fig|6666666.1036479.peg.1300,0.8710518419742584,0.005504255595620959,High,Low,Low–High,,,0,no STRING match,no STRING match,2505,2763,3,1
2712,fig|6666666.1036479.peg.170,fig|6666666.1036479.peg.1300,0.8710518419742584,0.005506285937043174,High,Low,Low–High,,,0,no STRING match,no STRING match,2505,2763,3,1
2713,fig|6666666.1036479.peg.370,fig|6666666.1036479.peg.1957,0.8710413634777069,0.005508316278465387,High,Medium,Medium–High,,,0,no STRING match,no STRING match,2579,2939,1,1
2714,fig|6666666.1036479.peg.861,fig|6666666.1036479.peg.1755,0.8710306227207184,0.005510346619887601,High,Medium,Medium–High,,Hypothetical protein.,0,no STRING match,secondary STRING hit (STRING protein assigned to a better match),2665,2892,1,1
2715,fig|6666666.1036479.peg.2920,fig|6666666.1036479.peg.720,0.8710274159908294,0.005512376961309814,Very Low,High,Very Low–High,,,0,no STRING match,no STRING match,2397,2631,1,1
2716,fig|6666666.1036479.peg.3020,fig|6666666.1036479.peg.1344,0.8710213601589203,0.005514407302732028,Low,Very Low,Very Low–Low,,,0,no STRING match,no STRING match,2433,2782,1,1
2717,fig|6666666.1036479.peg.2891,fig|6666666.1036479.peg.2988,0.8710159718990326,0.005516437644154241,Medium,Medium,Medium–Medium,,Hypothetical protein.,0,no STRING match,secondary STRING hit (STRING protein assigned to a better match),2390,2416,1,1
2718,fig|6666666.1036479.peg.3209,fig|6666666.1036479.peg.2436,0.8709883570671082,0.005518467985576455,Medium,Medium,Medium–Medium,,,0,no STRING match,no STRING match,2469,3033,1,1
2719,fig|6666666.1036479.peg.573,fig|6666666.1036479.peg.885,0.8709821164608001,0.005520498326998668,Very Low,Medium,Very Low–Medium,Hypothetical protein.,,0,secondary STRING hit (STRING protein assigned to a better match),no STRING match,2601,2678,1,1
2720,fig|6666666.1036479.peg.2918,fig|6666666.1036479.peg.1300,0.8709405362606049,0.005522528668420882,Very Low,Low,Very Low–Low,,,0,no STRING match,no STRING match,2396,2763,1,1
2721,fig|6666666.1036479.peg.866,fig|6666666.1036479.peg.1207,0.8709300696849823,0.005524559009843095,High,Low,Low–High,,,0,no STRING match,no STRING match,2667,2750,1,1
2722,fig|6666666.1036479.peg.652,fig|6666666.1036479.peg.2348,0.8709283173084259,0.005526589351265309,Very Low,High,Very Low–High,,,0,no STRING match,no STRING match,2615,3019,1,1
2723,fig|6666666.1036479.peg.861,fig|6666666.1036479.peg.1959,0.8709271728992463,0.005528619692687522,High,Low,Low–High,,,0,no STRING match,no STRING match,2665,2941,1,1
2724,fig|6666666.1036479.peg.1074,fig|6666666.1036479.peg.1300,0.8709190309047699,0.005530650034109736,High,Low,Low–High,,,0,no STRING match,no STRING match,2706,2763,1,1
2725,fig|6666666.1036479.peg.889,fig|6666666.1036479.peg.1657,0.8709126710891724,0.005532680375531949,Low,Medium,Low–Medium,,,0,no STRING match,no STRING match,2682,2883,1,1
2726,fig|6666666.1036479.peg.2854,fig|6666666.1036479.peg.370,0.8709073424339294,0.005534710716954163,Low,High,Low–High,,,0,no STRING match,no STRING match,2373,2579,1,1
2727,fig|6666666.1036479.peg.410,fig|6666666.1036479.peg.1116,0.8709002315998078,0.005536741058376376,Very Low,Very Low,Very Low–Very Low,,,0,no STRING match,no STRING match,2584,2732,1,1
2728,fig|6666666.1036479.peg.2988,fig|6666666.1036479.peg.1127,0.8708850800991058,0.0055387713997985906,Medium,Low,Low–Medium,Hypothetical protein.,Hypothetical protein.,0,secondary STRING hit (STRING protein assigned to a better match),secondary STRING hit (STRING protein assigned to a better match),2416,2743,1,1
2729,fig|6666666.1036479.peg.2988,fig|6666666.1036479.peg.885,0.8708822965621948,0.005540801741220804,Medium,Medium,Medium–Medium,Hypothetical protein.,,0,secondary STRING hit (STRING protein assigned to a better match),no STRING match,2416,2678,1,1
2730,fig|6666666.1036479.peg.866,fig|6666666.1036479.peg.2278,0.8708762705326081,0.005542832082643018,High,Low,Low–High,,,0,no STRING match,no STRING match,2667,3005,1,1
2731,fig|6666666.1036479.peg.2948,fig|6666666.1036479.peg.1949,0.8708718299865723,0.005544862424065231,High,Medium,Medium–High,,,0,no STRING match,no STRING match,2410,2932,1,1
2732,fig|6666666.1036479.peg.3033,fig|6666666.1036479.peg.881,0.8708554089069367,0.005546892765487445,Low,High,Low–High,,,0,no STRING match,no STRING match,2437,2674,1,1
2733,fig|6666666.1036479.peg.3012,fig|6666666.1036479.peg.370,0.8708530962467194,0.005548923106909658,Low,High,Low–High,,,0,no STRING match,no STRING match,2427,2579,1,1
2734,fig|6666666.1036479.peg.3017,fig|6666666.1036479.peg.1657,0.8708297491073609,0.005550953448331872,Medium,Medium,Medium–Medium,,,0,no STRING match,no STRING match,2430,2883,1,1
2735,fig|6666666.1036479.peg.3017,fig|6666666.1036479.peg.2436,0.8708259582519531,0.005552983789754085,Medium,Medium,Medium–Medium,,,0,no STRING match,no STRING match,2430,3033,1,1
2736,fig|6666666.1036479.peg.776,fig|6666666.1036479.peg.866,0.8708198964595795,0.005555014131176299,Low,High,Low–High,,,0,no STRING match,no STRING match,2659,2667,1,1
2737,fig|6666666.1036479.peg.2548,fig|6666666.1036479.peg.1122,0.8708194315433502,0.005557044472598512,High,Very Low,Very Low–High,,,0,no STRING match,no STRING match,2298,2738,1,1
2738,fig|6666666.1036479.peg.2672,fig|6666666.1036479.peg.2839,0.8708047211170197,0.005559074814020726,Medium,Very Low,Very Low–Medium,,,0,no STRING match,no STRING match,2341,2368,1,1
2739,fig|6666666.1036479.peg.32,fig|6666666.1036479.peg.861,0.870802390575409,0.005561105155442939,Low,High,Low–High,,,0,no STRING match,no STRING match,2520,2665,2,1
2740,fig|6666666.1036479.peg.180,fig|6666666.1036479.peg.861,0.870802390575409,0.005563135496865153,Low,High,Low–High,,,0,no STRING match,no STRING match,2520,2665,2,1
2741,fig|6666666.1036479.peg.1308,fig|6666666.1036479.peg.2106,0.870789647102356,0.005565165838287366,Medium,High,Medium–High,,Hypothetical protein.,0,no STRING match,secondary STRING hit (STRING protein assigned to a better match),2764,2959,1,1
2742,fig|6666666.1036479.peg.573,fig|6666666.1036479.peg.724,0.8707708120346069,0.00556719617970958,Very Low,Medium,Very Low–Medium,Hypothetical protein.,,0,secondary STRING hit (STRING protein assigned to a better match),no STRING match,2601,2635,1,1
2743,fig|6666666.1036479.peg.2920,fig|6666666.1036479.peg.36,0.8707566618919372,0.005569226521131793,Very Low,Medium,Very Low–Medium,,,0,no STRING match,no STRING match,2397,2524,1,2
2744,fig|6666666.1036479.peg.2920,fig|6666666.1036479.peg.184,0.8707566618919372,0.0055712568625540075,Very Low,Medium,Very Low–Medium,,,0,no STRING match,no STRING match,2397,2524,1,2
2745,fig|6666666.1036479.peg.881,fig|6666666.1036479.peg.2327,0.8707496047019958,0.005573287203976221,High,Medium,Medium–High,,,0,no STRING match,no STRING match,2674,3016,1,1
2746,fig|6666666.1036479.peg.370,fig|6666666.1036479.peg.1950,0.8707133114337922,0.0055753175453984345,High,Very Low,Very Low–High,,,0,no STRING match,no STRING match,2579,2933,1,1
2747,fig|6666666.1036479.peg.861,fig|6666666.1036479.peg.1447,0.8706690728664398,0.005577347886820648,High,Low,Low–High,,,0,no STRING match,no STRING match,2665,2821,1,1
2748,fig|6666666.1036479.peg.1308,fig|6666666.1036479.peg.1409,0.8706485807895661,0.0055793782282428615,Medium,Medium,Medium–Medium,,,0,no STRING match,no STRING match,2764,2812,1,1
2749,fig|6666666.1036479.peg.2948,fig|6666666.1036479.peg.1566,0.8706427454948426,0.005581408569665075,High,High,High–High,,,0,no STRING match,no STRING match,2410,2838,1,1
2750,fig|6666666.1036479.peg.2548,fig|6666666.1036479.peg.3078,0.8706316888332367,0.0055834389110872885,High,Medium,Medium–High,,,0,no STRING match,no STRING match,2298,2441,1,1
2751,fig|6666666.1036479.peg.2929,fig|6666666.1036479.peg.3017,0.8706309199333191,0.005585469252509502,Very Low,Medium,Very Low–Medium,Hypothetical protein.,,0,secondary STRING hit (STRING protein assigned to a better match),no STRING match,2404,2430,1,1
2752,fig|6666666.1036479.peg.2556,fig|6666666.1036479.peg.1308,0.8705940067768096,0.0055874995939317156,High,Medium,Medium–High,,,0,no STRING match,no STRING match,2306,2764,2,1
2753,fig|6666666.1036479.peg.2564,fig|6666666.1036479.peg.1308,0.8705940067768096,0.005589529935353929,High,Medium,Medium–High,,,0,no STRING match,no STRING match,2306,2764,2,1
2754,fig|6666666.1036479.peg.2547,fig|6666666.1036479.peg.2924,0.8705929279327392,0.0055915602767761426,Medium,Very Low,Very Low–Medium,,,0,no STRING match,no STRING match,2297,2401,1,1
2755,fig|6666666.1036479.peg.2547,fig|6666666.1036479.peg.2106,0.8705858767032624,0.005593590618198356,Medium,High,Medium–High,,Hypothetical protein.,0,no STRING match,secondary STRING hit (STRING protein assigned to a better match),2297,2959,1,1
2756,fig|6666666.1036479.peg.3184,fig|6666666.1036479.peg.1657,0.8705844819545746,0.00559562095962057,Very Low,Medium,Very Low–Medium,,,0,no STRING match,no STRING match,2457,2883,1,1
2757,fig|6666666.1036479.peg.289,fig|6666666.1036479.peg.881,0.870580130815506,0.005597651301042783,High,High,High–High,Hypothetical protein.,,0,secondary STRING hit (STRING protein assigned to a better match),no STRING match,2559,2674,1,1
2758,fig|6666666.1036479.peg.3020,fig|6666666.1036479.peg.3187,0.870574826002121,0.005599681642464997,Low,Very Low,Very Low–Low,,Hypothetical protein.,0,no STRING match,secondary STRING hit (STRING protein assigned to a better match),2433,2460,1,1
2759,fig|6666666.1036479.peg.861,fig|6666666.1036479.peg.2385,0.870555168390274,0.00560171198388721,High,Medium,Medium–High,,,0,no STRING match,no STRING match,2665,3026,1,1
2760,fig|6666666.1036479.peg.304,fig|6666666.1036479.peg.861,0.8705549299716949,0.0056037423253094245,Medium,High,Medium–High,,,0,no STRING match,no STRING match,2565,2665,1,1
2761,fig|6666666.1036479.peg.728,fig|6666666.1036479.peg.1567,0.8705448091030121,0.005605772666731638,Medium,Low,Low–Medium,,,0,no STRING match,no STRING match,2639,2839,1,1
2762,fig|6666666.1036479.peg.719,fig|6666666.1036479.peg.1289,0.8705365180969238,0.0056078030081538515,Medium,Very Low,Very Low–Medium,,,0,no STRING match,no STRING match,2630,2762,1,1
2763,fig|6666666.1036479.peg.2548,fig|6666666.1036479.peg.1959,0.8705313026905059,0.005609833349576065,High,Low,Low–High,,,0,no STRING match,no STRING match,2298,2941,1,1
2764,fig|6666666.1036479.peg.3213,fig|6666666.1036479.peg.1947,0.8704877018928527,0.0056118636909982785,Very Low,Medium,Very Low–Medium,,,0,no STRING match,no STRING match,2470,2930,1,1
2765,fig|6666666.1036479.peg.36,fig|6666666.1036479.peg.881,0.8704765856266021,0.005613894032420492,Medium,High,Medium–High,,,0,no STRING match,no STRING match,2524,2674,2,1
2766,fig|6666666.1036479.peg.184,fig|6666666.1036479.peg.881,0.8704765856266021,0.0056159243738427055,Medium,High,Medium–High,,,0,no STRING match,no STRING match,2524,2674,2,1
2767,fig|6666666.1036479.peg.3015,fig|6666666.1036479.peg.1300,0.870470541715622,0.005617954715264919,Low,Low,Low–Low,,,0,no STRING match,no STRING match,2428,2763,1,1
2768,fig|6666666.1036479.peg.2327,fig|6666666.1036479.peg.2364,0.8704609513282776,0.0056199850566871325,Medium,Medium,Medium–Medium,,,0,no STRING match,no STRING match,3016,3022,1,1
2769,fig|6666666.1036479.peg.3020,fig|6666666.1036479.peg.1412,0.870453554391861,0.005622015398109346,Low,Medium,Low–Medium,,,0,no STRING match,no STRING match,2433,2815,1,1
2770,fig|6666666.1036479.peg.2672,fig|6666666.1036479.peg.304,0.8704355895519257,0.0056240457395315595,Medium,Medium,Medium–Medium,,,0,no STRING match,no STRING match,2341,2565,1,1
2771,fig|6666666.1036479.peg.2761,fig|6666666.1036479.peg.861,0.8704262256622315,0.005626076080953773,Low,High,Low–High,,,0,no STRING match,no STRING match,2352,2665,1,1
2772,fig|6666666.1036479.peg.719,fig|6666666.1036479.peg.2114,0.8704184472560883,0.0056281064223759865,Medium,Very Low,Very Low–Medium,,"COG1629 Outer membrane receptor proteins, mostly Fe transport.",0,no STRING match,secondary STRING hit (STRING protein assigned to a better match),2630,2964,1,1
2773,fig|6666666.1036479.peg.1657,fig|6666666.1036479.peg.2114,0.8704114854335785,0.0056301367637982,Medium,Very Low,Very Low–Medium,,"COG1629 Outer membrane receptor proteins, mostly Fe transport.",0,no STRING match,secondary STRING hit (STRING protein assigned to a better match),2883,2964,1,1
2774,fig|6666666.1036479.peg.2920,fig|6666666.1036479.peg.2114,0.8703887701034546,0.0056321671052204135,Very Low,Very Low,Very Low–Very Low,,"COG1629 Outer membrane receptor proteins, mostly Fe transport.",0,no STRING match,secondary STRING hit (STRING protein assigned to a better match),2397,2964,1,1
2775,fig|6666666.1036479.peg.2881,fig|6666666.1036479.peg.2348,0.8703850626945495,0.005634197446642627,Very Low,High,Very Low–High,,,0,no STRING match,no STRING match,2383,3019,1,1
2776,fig|6666666.1036479.peg.3020,fig|6666666.1036479.peg.1919,0.8703842878341674,0.005636227788064841,Low,Very Low,Very Low–Low,,,0,no STRING match,no STRING match,2433,2920,1,1
2777,fig|6666666.1036479.peg.370,fig|6666666.1036479.peg.1447,0.8703822374343873,0.005638258129487055,High,Low,Low–High,,,0,no STRING match,no STRING match,2579,2821,1,1
2778,fig|6666666.1036479.peg.3187,fig|6666666.1036479.peg.1947,0.870358794927597,0.005640288470909268,Very Low,Medium,Very Low–Medium,Hypothetical protein.,,0,secondary STRING hit (STRING protein assigned to a better match),no STRING match,2460,2930,1,1
2779,fig|6666666.1036479.peg.731,fig|6666666.1036479.peg.2348,0.870336502790451,0.005642318812331482,Low,High,Low–High,,,0,no STRING match,no STRING match,2642,3019,1,1
2780,fig|6666666.1036479.peg.2556,fig|6666666.1036479.peg.3222,0.870292741060257,0.005644349153753695,High,Medium,Medium–High,,,0,no STRING match,no STRING match,2306,2473,2,2
2781,fig|6666666.1036479.peg.2556,fig|6666666.1036479.peg.138,0.870292741060257,0.005646379495175909,High,Medium,Medium–High,,,0,no STRING match,no STRING match,2306,2473,2,2
2782,fig|6666666.1036479.peg.2564,fig|6666666.1036479.peg.3222,0.870292741060257,0.0056484098365981224,High,Medium,Medium–High,,,0,no STRING match,no STRING match,2306,2473,2,2
2783,fig|6666666.1036479.peg.2564,fig|6666666.1036479.peg.138,0.870292741060257,0.005650440178020336,High,Medium,Medium–High,,,0,no STRING match,no STRING match,2306,2473,2,2
2784,fig|6666666.1036479.peg.732,fig|6666666.1036479.peg.1947,0.8702907383441925,0.0056524705194425495,Medium,Medium,Medium–Medium,,,0,no STRING match,no STRING match,2643,2930,1,1
2785,fig|6666666.1036479.peg.2547,fig|6666666.1036479.peg.2093,0.8702880918979645,0.005654500860864763,Medium,Medium,Medium–Medium,,,0,no STRING match,no STRING match,2297,2955,1,1
2786,fig|6666666.1036479.peg.2672,fig|6666666.1036479.peg.1941,0.8702838182449341,0.0056565312022869765,Medium,Medium,Medium–Medium,,,0,no STRING match,no STRING match,2341,2924,1,1
2787,fig|6666666.1036479.peg.392,fig|6666666.1036479.peg.866,0.8702795743942261,0.00565856154370919,Very Low,High,Very Low–High,,,0,no STRING match,no STRING match,2581,2667,1,1
2788,fig|6666666.1036479.peg.3100,fig|6666666.1036479.peg.370,0.8702580809593201,0.0056605918851314035,Medium,High,Medium–High,,,0,no STRING match,no STRING match,2443,2579,1,1
2789,fig|6666666.1036479.peg.725,fig|6666666.1036479.peg.1945,0.8702542662620545,0.005662622226553617,Very Low,Very Low,Very Low–Very Low,,,0,no STRING match,no STRING match,2636,2928,1,1
2790,fig|6666666.1036479.peg.38,fig|6666666.1036479.peg.2092,0.8702296257019043,0.0056646525679758305,Low,Medium,Low–Medium,,,0,no STRING match,no STRING match,2526,2954,2,1
2791,fig|6666666.1036479.peg.186,fig|6666666.1036479.peg.2092,0.8702296257019043,0.005666682909398044,Low,Medium,Low–Medium,,,0,no STRING match,no STRING match,2526,2954,2,1
2792,fig|6666666.1036479.peg.2571,fig|6666666.1036479.peg.2988,0.8702293515205384,0.005668713250820258,Medium,Medium,Medium–Medium,,Hypothetical protein.,0,no STRING match,secondary STRING hit (STRING protein assigned to a better match),2316,2416,1,1
2793,fig|6666666.1036479.peg.2672,fig|6666666.1036479.peg.2382,0.8702158212661744,0.005670743592242472,Medium,Very Low,Very Low–Medium,,Rhs element Vgr protein; COG3501 Uncharacterized protein conserved in bacteria.,0,no STRING match,secondary STRING hit (STRING protein assigned to a better match),2341,3023,1,1
2794,fig|6666666.1036479.peg.727,fig|6666666.1036479.peg.861,0.8701799511909485,0.005672773933664685,Very Low,High,Very Low–High,,,0,no STRING match,no STRING match,2638,2665,1,1
2795,fig|6666666.1036479.peg.3008,fig|6666666.1036479.peg.1300,0.8701772451400757,0.005674804275086899,Medium,Low,Low–Medium,,,0,no STRING match,no STRING match,2423,2763,1,1
2796,fig|6666666.1036479.peg.2920,fig|6666666.1036479.peg.1080,0.8701665341854096,0.005676834616509112,Very Low,High,Very Low–High,,,0,no STRING match,no STRING match,2397,2712,1,1
2797,fig|6666666.1036479.peg.1947,fig|6666666.1036479.peg.1957,0.8701544344425202,0.005678864957931326,Medium,Medium,Medium–Medium,,,0,no STRING match,no STRING match,2930,2939,1,1
2798,fig|6666666.1036479.peg.370,fig|6666666.1036479.peg.1344,0.8701499044895172,0.005680895299353539,High,Very Low,Very Low–High,,,0,no STRING match,no STRING match,2579,2782,1,1
2799,fig|6666666.1036479.peg.2814,fig|6666666.1036479.peg.2948,0.8701286137104034,0.005682925640775753,Very Low,High,Very Low–High,,,0,no STRING match,no STRING match,2358,2410,1,1
2800,fig|6666666.1036479.peg.861,fig|6666666.1036479.peg.2382,0.8701032936573029,0.005684955982197966,High,Very Low,Very Low–High,,Rhs element Vgr protein; COG3501 Uncharacterized protein conserved in bacteria.,0,no STRING match,secondary STRING hit (STRING protein assigned to a better match),2665,3023,1,1
2801,fig|6666666.1036479.peg.2520,fig|6666666.1036479.peg.1300,0.8700963199138642,0.00568698632362018,Very Low,Low,Very Low–Low,,,0,no STRING match,no STRING match,2280,2763,1,1
2802,fig|6666666.1036479.peg.2672,fig|6666666.1036479.peg.1416,0.8700920164585113,0.005689016665042393,Medium,Medium,Medium–Medium,,,0,no STRING match,no STRING match,2341,2817,1,1
2803,fig|6666666.1036479.peg.2505,fig|6666666.1036479.peg.1300,0.8700663268566131,0.005691047006464607,Very Low,Low,Very Low–Low,,,0,no STRING match,no STRING match,2269,2763,1,1
2804,fig|6666666.1036479.peg.2918,fig|6666666.1036479.peg.881,0.8700508654117585,0.00569307734788682,Very Low,High,Very Low–High,,,0,no STRING match,no STRING match,2396,2674,1,1
2805,fig|6666666.1036479.peg.31,fig|6666666.1036479.peg.411,0.8700306296348572,0.005695107689309034,Very Low,Low,Very Low–Low,,Hypothetical protein.,0,no STRING match,secondary STRING hit (STRING protein assigned to a better match),2519,2585,2,1
2806,fig|6666666.1036479.peg.179,fig|6666666.1036479.peg.411,0.8700306296348572,0.0056971380307312474,Very Low,Low,Very Low–Low,,Hypothetical protein.,0,no STRING match,secondary STRING hit (STRING protein assigned to a better match),2519,2585,2,1
2807,fig|6666666.1036479.peg.2988,fig|6666666.1036479.peg.887,0.870013701915741,0.005699168372153461,Medium,Medium,Medium–Medium,Hypothetical protein.,,0,secondary STRING hit (STRING protein assigned to a better match),no STRING match,2416,2680,1,1
2808,fig|6666666.1036479.peg.2548,fig|6666666.1036479.peg.1350,0.8699889838695526,0.005701198713575675,High,Medium,Medium–High,,,0,no STRING match,no STRING match,2298,2788,1,1
2809,fig|6666666.1036479.peg.3008,fig|6666666.1036479.peg.2455,0.8699855446815491,0.005703229054997889,Medium,Medium,Medium–Medium,,,0,no STRING match,no STRING match,2423,3038,1,1
2810,fig|6666666.1036479.peg.728,fig|6666666.1036479.peg.732,0.8699327111244202,0.005705259396420102,Medium,Medium,Medium–Medium,,,0,no STRING match,no STRING match,2639,2643,1,1
2811,fig|6666666.1036479.peg.2532,fig|6666666.1036479.peg.2988,0.8699187517166138,0.005707289737842316,Low,Medium,Low–Medium,,Hypothetical protein.,0,no STRING match,secondary STRING hit (STRING protein assigned to a better match),2284,2416,4,1
2812,fig|6666666.1036479.peg.2988,fig|6666666.1036479.peg.3171,0.8699187517166138,0.005709320079264529,Medium,Low,Low–Medium,Hypothetical protein.,,0,secondary STRING hit (STRING protein assigned to a better match),no STRING match,2416,2284,1,4
2813,fig|6666666.1036479.peg.2988,fig|6666666.1036479.peg.987,0.8699187517166138,0.005711350420686743,Medium,Low,Low–Medium,Hypothetical protein.,,0,secondary STRING hit (STRING protein assigned to a better match),no STRING match,2416,2284,1,4
2814,fig|6666666.1036479.peg.2988,fig|6666666.1036479.peg.2492,0.8699187517166138,0.005713380762108956,Medium,Low,Low–Medium,Hypothetical protein.,,0,secondary STRING hit (STRING protein assigned to a better match),no STRING match,2416,2284,1,4
2815,fig|6666666.1036479.peg.1655,fig|6666666.1036479.peg.2436,0.8699145436286926,0.00571541110353117,Medium,Medium,Medium–Medium,,,0,no STRING match,no STRING match,2882,3033,1,1
2816,fig|6666666.1036479.peg.723,fig|6666666.1036479.peg.881,0.8699032068252563,0.005717441444953383,High,High,High–High,,,0,no STRING match,no STRING match,2634,2674,1,1
2817,fig|6666666.1036479.peg.3254,fig|6666666.1036479.peg.2455,0.8698673844337463,0.005719471786375597,High,Medium,Medium–High,,,0,no STRING match,no STRING match,2505,3038,3,1
2818,fig|6666666.1036479.peg.22,fig|6666666.1036479.peg.2455,0.8698673844337463,0.00572150212779781,High,Medium,Medium–High,,,0,no STRING match,no STRING match,2505,3038,3,1
2819,fig|6666666.1036479.peg.170,fig|6666666.1036479.peg.2455,0.8698673844337463,0.005723532469220024,High,Medium,Medium–High,,,0,no STRING match,no STRING match,2505,3038,3,1
2820,fig|6666666.1036479.peg.3222,fig|6666666.1036479.peg.2454,0.8698513805866241,0.005725562810642237,Medium,Medium,Medium–Medium,,,0,no STRING match,no STRING match,2473,3037,2,1
2821,fig|6666666.1036479.peg.138,fig|6666666.1036479.peg.2454,0.8698513805866241,0.005727593152064451,Medium,Medium,Medium–Medium,,,0,no STRING match,no STRING match,2473,3037,2,1
2822,fig|6666666.1036479.peg.36,fig|6666666.1036479.peg.1657,0.8698493659496307,0.005729623493486664,Medium,Medium,Medium–Medium,,,0,no STRING match,no STRING match,2524,2883,2,1
2823,fig|6666666.1036479.peg.184,fig|6666666.1036479.peg.1657,0.8698493659496307,0.005731653834908878,Medium,Medium,Medium–Medium,,,0,no STRING match,no STRING match,2524,2883,2,1
2824,fig|6666666.1036479.peg.281,fig|6666666.1036479.peg.861,0.8698373317718506,0.005733684176331092,Very Low,High,Very Low–High,,,0,no STRING match,no STRING match,2558,2665,1,1
2825,fig|6666666.1036479.peg.411,fig|6666666.1036479.peg.2278,0.8698357105255127,0.005735714517753306,Low,Low,Low–Low,Hypothetical protein.,,0,secondary STRING hit (STRING protein assigned to a better match),no STRING match,2585,3005,1,1
2826,fig|6666666.1036479.peg.3020,fig|6666666.1036479.peg.3213,0.8698268413543702,0.005737744859175519,Low,Very Low,Very Low–Low,,,0,no STRING match,no STRING match,2433,2470,1,1
2827,fig|6666666.1036479.peg.2548,fig|6666666.1036479.peg.1471,0.869824331998825,0.005739775200597733,High,Very Low,Very Low–High,,,0,no STRING match,no STRING match,2298,2822,1,1
2828,fig|6666666.1036479.peg.2512,fig|6666666.1036479.peg.370,0.8698167204856873,0.005741805542019946,Very Low,High,Very Low–High,,,0,no STRING match,no STRING match,2276,2579,13,1
2829,fig|6666666.1036479.peg.2518,fig|6666666.1036479.peg.370,0.8698167204856873,0.00574383588344216,Very Low,High,Very Low–High,,,0,no STRING match,no STRING match,2276,2579,13,1
2830,fig|6666666.1036479.peg.2525,fig|6666666.1036479.peg.370,0.8698167204856873,0.005745866224864373,Very Low,High,Very Low–High,,,0,no STRING match,no STRING match,2276,2579,13,1
2831,fig|6666666.1036479.peg.2529,fig|6666666.1036479.peg.370,0.8698167204856873,0.005747896566286587,Very Low,High,Very Low–High,,,0,no STRING match,no STRING match,2276,2579,13,1
2832,fig|6666666.1036479.peg.2533,fig|6666666.1036479.peg.370,0.8698167204856873,0.0057499269077088,Very Low,High,Very Low–High,,,0,no STRING match,no STRING match,2276,2579,13,1
2833,fig|6666666.1036479.peg.3172,fig|6666666.1036479.peg.370,0.8698167204856873,0.005751957249131014,Very Low,High,Very Low–High,,,0,no STRING match,no STRING match,2276,2579,13,1
2834,fig|6666666.1036479.peg.370,fig|6666666.1036479.peg.972,0.8698167204856873,0.005753987590553227,High,Very Low,Very Low–High,,,0,no STRING match,no STRING match,2579,2276,1,13
2835,fig|6666666.1036479.peg.370,fig|6666666.1036479.peg.977,0.8698167204856873,0.005756017931975441,High,Very Low,Very Low–High,,,0,no STRING match,no STRING match,2579,2276,1,13
2836,fig|6666666.1036479.peg.370,fig|6666666.1036479.peg.982,0.8698167204856873,0.005758048273397654,High,Very Low,Very Low–High,,,0,no STRING match,no STRING match,2579,2276,1,13
2837,fig|6666666.1036479.peg.370,fig|6666666.1036479.peg.986,0.8698167204856873,0.005760078614819868,High,Very Low,Very Low–High,,,0,no STRING match,no STRING match,2579,2276,1,13
2838,fig|6666666.1036479.peg.370,fig|6666666.1036479.peg.990,0.8698167204856873,0.005762108956242081,High,Very Low,Very Low–High,,,0,no STRING match,no STRING match,2579,2276,1,13
2839,fig|6666666.1036479.peg.370,fig|6666666.1036479.peg.2488,0.8698167204856873,0.005764139297664295,High,Very Low,Very Low–High,,,0,no STRING match,no STRING match,2579,2276,1,13
2840,fig|6666666.1036479.peg.370,fig|6666666.1036479.peg.2493,0.8698167204856873,0.005766169639086509,High,Very Low,Very Low–High,,,0,no STRING match,no STRING match,2579,2276,1,13
2841,fig|6666666.1036479.peg.1289,fig|6666666.1036479.peg.2092,0.8698084115982055,0.005768199980508723,Very Low,Medium,Very Low–Medium,,,0,no STRING match,no STRING match,2762,2954,1,1
2842,fig|6666666.1036479.peg.40,fig|6666666.1036479.peg.728,0.8697997629642487,0.005770230321930936,Very Low,Medium,Very Low–Medium,,,0,no STRING match,no STRING match,2528,2639,2,1
2843,fig|6666666.1036479.peg.188,fig|6666666.1036479.peg.728,0.8697997629642487,0.00577226066335315,Very Low,Medium,Very Low–Medium,,,0,no STRING match,no STRING match,2528,2639,2,1
2844,fig|6666666.1036479.peg.3100,fig|6666666.1036479.peg.866,0.8697845041751862,0.005774291004775363,Medium,High,Medium–High,,,0,no STRING match,no STRING match,2443,2667,1,1
2845,fig|6666666.1036479.peg.3015,fig|6666666.1036479.peg.2364,0.8697692155838013,0.005776321346197577,Low,Medium,Low–Medium,,,0,no STRING match,no STRING match,2428,3022,1,1
2846,fig|6666666.1036479.peg.2548,fig|6666666.1036479.peg.2163,0.8697680592536926,0.00577835168761979,High,Very Low,Very Low–High,,,0,no STRING match,no STRING match,2298,2984,1,1
2847,fig|6666666.1036479.peg.3207,fig|6666666.1036479.peg.1913,0.8697530329227448,0.005780382029042004,Medium,Very Low,Very Low–Medium,,,0,no STRING match,no STRING match,2468,2917,1,1
2848,fig|6666666.1036479.peg.2548,fig|6666666.1036479.peg.27,0.8697462379932404,0.005782412370464217,High,Very Low,Very Low–High,,,0,no STRING match,no STRING match,2298,2515,1,2
2849,fig|6666666.1036479.peg.2548,fig|6666666.1036479.peg.175,0.8697462379932404,0.005784442711886431,High,Very Low,Very Low–High,,,0,no STRING match,no STRING match,2298,2515,1,2
2850,fig|6666666.1036479.peg.2987,fig|6666666.1036479.peg.3207,0.8697335064411164,0.005786473053308644,Very Low,Medium,Very Low–Medium,,,0,no STRING match,no STRING match,2415,2468,1,1
2851,fig|6666666.1036479.peg.411,fig|6666666.1036479.peg.736,0.8697330355644226,0.005788503394730858,Low,Very Low,Very Low–Low,Hypothetical protein.,,0,secondary STRING hit (STRING protein assigned to a better match),no STRING match,2585,2647,1,1
2852,fig|6666666.1036479.peg.866,fig|6666666.1036479.peg.1554,0.8697231233119964,0.005790533736153071,High,Medium,Medium–High,,,0,no STRING match,no STRING match,2667,2831,1,1
2853,fig|6666666.1036479.peg.817,fig|6666666.1036479.peg.1947,0.8697178483009338,0.005792564077575285,Low,Medium,Low–Medium,Phospholipid/glycerol acyltransferase; COG4258 Predicted exporter.,,0,secondary STRING hit (STRING protein assigned to a better match),no STRING match,2663,2930,1,1
2854,fig|6666666.1036479.peg.881,fig|6666666.1036479.peg.1953,0.869690215587616,0.005794594418997498,High,Low,Low–High,,,0,no STRING match,no STRING match,2674,2935,1,1
2855,fig|6666666.1036479.peg.2535,fig|6666666.1036479.peg.881,0.8696846246719361,0.005796624760419712,Very Low,High,Very Low–High,,,0,no STRING match,no STRING match,2285,2674,1,1
2856,fig|6666666.1036479.peg.2517,fig|6666666.1036479.peg.881,0.8696713089942932,0.005798655101841926,Medium,High,Medium–High,,,0,no STRING match,no STRING match,2279,2674,1,1
2857,fig|6666666.1036479.peg.2672,fig|6666666.1036479.peg.1959,0.8696555078029633,0.00580068544326414,Medium,Low,Low–Medium,,,0,no STRING match,no STRING match,2341,2941,1,1
2858,fig|6666666.1036479.peg.2672,fig|6666666.1036479.peg.1207,0.8696284890174866,0.005802715784686353,Medium,Low,Low–Medium,,,0,no STRING match,no STRING match,2341,2750,1,1
2859,fig|6666666.1036479.peg.861,fig|6666666.1036479.peg.1118,0.869605940580368,0.005804746126108567,High,Very Low,Very Low–High,,,0,no STRING match,no STRING match,2665,2734,1,1
2860,fig|6666666.1036479.peg.312,fig|6666666.1036479.peg.2348,0.8696020245552063,0.00580677646753078,Medium,High,Medium–High,,,0,no STRING match,no STRING match,2570,3019,1,1
2861,fig|6666666.1036479.peg.2092,fig|6666666.1036479.peg.2093,0.8696012735366822,0.005808806808952994,Medium,Medium,Medium–Medium,,,0,no STRING match,no STRING match,2954,2955,1,1
2862,fig|6666666.1036479.peg.2348,fig|6666666.1036479.peg.2469,0.8695763111114502,0.005810837150375207,High,Very Low,Very Low–High,,,0,no STRING match,no STRING match,3019,3042,1,1
2863,fig|6666666.1036479.peg.2672,fig|6666666.1036479.peg.392,0.8695583760738372,0.005812867491797421,Medium,Very Low,Very Low–Medium,,,0,no STRING match,no STRING match,2341,2581,1,1
2864,fig|6666666.1036479.peg.2839,fig|6666666.1036479.peg.2348,0.869540947675705,0.005814897833219634,Very Low,High,Very Low–High,,,0,no STRING match,no STRING match,2368,3019,1,1
2865,fig|6666666.1036479.peg.3017,fig|6666666.1036479.peg.725,0.8694864809513092,0.005816928174641848,Medium,Very Low,Very Low–Medium,,,0,no STRING match,no STRING match,2430,2636,1,1
2866,fig|6666666.1036479.peg.2548,fig|6666666.1036479.peg.2855,0.8694605112075806,0.005818958516064061,High,Very Low,Very Low–High,,,0,no STRING match,no STRING match,2298,2374,1,1
2867,fig|6666666.1036479.peg.2854,fig|6666666.1036479.peg.866,0.8694571197032929,0.005820988857486275,Low,High,Low–High,,,0,no STRING match,no STRING match,2373,2667,1,1
2868,fig|6666666.1036479.peg.411,fig|6666666.1036479.peg.1950,0.8694454312324524,0.005823019198908488,Low,Very Low,Very Low–Low,Hypothetical protein.,,0,secondary STRING hit (STRING protein assigned to a better match),no STRING match,2585,2933,1,1
2869,fig|6666666.1036479.peg.736,fig|6666666.1036479.peg.866,0.8694407224655152,0.005825049540330702,Very Low,High,Very Low–High,,,0,no STRING match,no STRING match,2647,2667,1,1
2870,fig|6666666.1036479.peg.723,fig|6666666.1036479.peg.1308,0.8694260776042938,0.005827079881752915,High,Medium,Medium–High,,,0,no STRING match,no STRING match,2634,2764,1,1
2871,fig|6666666.1036479.peg.1753,fig|6666666.1036479.peg.2348,0.8694041192531585,0.005829110223175129,Medium,High,Medium–High,Hypothetical protein.,,0,secondary STRING hit (STRING protein assigned to a better match),no STRING match,2890,3019,1,1
2872,fig|6666666.1036479.peg.3231,fig|6666666.1036479.peg.889,0.8694008231163025,0.005831140564597343,Very Low,Low,Very Low–Low,,,0,no STRING match,no STRING match,2482,2682,2,1
2873,fig|6666666.1036479.peg.147,fig|6666666.1036479.peg.889,0.8694008231163025,0.005833170906019557,Very Low,Low,Very Low–Low,,,0,no STRING match,no STRING match,2482,2682,2,1
2874,fig|6666666.1036479.peg.1785,fig|6666666.1036479.peg.2348,0.8694007575511933,0.00583520124744177,Very Low,High,Very Low–High,,,0,no STRING match,no STRING match,2898,3019,1,1
2875,fig|6666666.1036479.peg.2809,fig|6666666.1036479.peg.411,0.8693970382213593,0.005837231588863984,Very Low,Low,Very Low–Low,,Hypothetical protein.,0,no STRING match,secondary STRING hit (STRING protein assigned to a better match),2357,2585,1,1
2876,fig|6666666.1036479.peg.1649,fig|6666666.1036479.peg.2348,0.8693955302238464,0.005839261930286197,Very Low,High,Very Low–High,YD repeat-containing protein; COG3209 Rhs family protein.,,0,secondary STRING hit (STRING protein assigned to a better match),no STRING match,2879,3019,1,1
2877,fig|6666666.1036479.peg.2547,fig|6666666.1036479.peg.740,0.869390469789505,0.005841292271708411,Medium,Very Low,Very Low–Medium,,,0,no STRING match,no STRING match,2297,2651,1,1
2878,fig|6666666.1036479.peg.2920,fig|6666666.1036479.peg.1945,0.8693717181682586,0.005843322613130624,Very Low,Very Low,Very Low–Very Low,,,0,no STRING match,no STRING match,2397,2928,1,1
2879,fig|6666666.1036479.peg.411,fig|6666666.1036479.peg.2294,0.8693654656410217,0.005845352954552838,Low,Very Low,Very Low–Low,Hypothetical protein.,,0,secondary STRING hit (STRING protein assigned to a better match),no STRING match,2585,3007,1,1
2880,fig|6666666.1036479.peg.2920,fig|6666666.1036479.peg.3010,0.8693242788314819,0.005847383295975051,Very Low,Low,Very Low–Low,,,0,no STRING match,no STRING match,2397,2425,1,1
2881,fig|6666666.1036479.peg.370,fig|6666666.1036479.peg.1913,0.8692845344543457,0.005849413637397265,High,Very Low,Very Low–High,,,0,no STRING match,no STRING match,2579,2917,1,1
2882,fig|6666666.1036479.peg.3100,fig|6666666.1036479.peg.3207,0.8692752420902252,0.005851443978819478,Medium,Medium,Medium–Medium,,,0,no STRING match,no STRING match,2443,2468,1,1
2883,fig|6666666.1036479.peg.2843,fig|6666666.1036479.peg.2455,0.8692259132862091,0.005853474320241692,Very Low,Medium,Very Low–Medium,,,0,no STRING match,no STRING match,2370,3038,1,1
2884,fig|6666666.1036479.peg.719,fig|6666666.1036479.peg.889,0.8692217588424682,0.005855504661663905,Medium,Low,Low–Medium,,,0,no STRING match,no STRING match,2630,2682,1,1
2885,fig|6666666.1036479.peg.2672,fig|6666666.1036479.peg.879,0.8692126095294952,0.005857535003086119,Medium,Very Low,Very Low–Medium,,Rhs element Vgr protein; COG3501 Uncharacterized protein conserved in bacteria.,0,no STRING match,secondary STRING hit (STRING protein assigned to a better match),2341,2672,1,1
2886,fig|6666666.1036479.peg.861,fig|6666666.1036479.peg.879,0.8691825568675995,0.005859565344508332,High,Very Low,Very Low–High,,Rhs element Vgr protein; COG3501 Uncharacterized protein conserved in bacteria.,0,no STRING match,secondary STRING hit (STRING protein assigned to a better match),2665,2672,1,1
2887,fig|6666666.1036479.peg.2960,fig|6666666.1036479.peg.1657,0.8691136419773102,0.005861595685930546,Low,Medium,Low–Medium,,,0,no STRING match,no STRING match,2412,2883,1,1
2888,fig|6666666.1036479.peg.2960,fig|6666666.1036479.peg.725,0.8691085994243621,0.00586362602735276,Low,Very Low,Very Low–Low,,,0,no STRING match,no STRING match,2412,2636,1,1
2889,fig|6666666.1036479.peg.411,fig|6666666.1036479.peg.2454,0.8691002309322358,0.005865656368774974,Low,Medium,Low–Medium,Hypothetical protein.,,0,secondary STRING hit (STRING protein assigned to a better match),no STRING match,2585,3037,1,1
2890,fig|6666666.1036479.peg.881,fig|6666666.1036479.peg.1494,0.8690954804420471,0.005867686710197187,High,Very Low,Very Low–High,,,0,no STRING match,no STRING match,2674,2824,1,1
2891,fig|6666666.1036479.peg.3184,fig|6666666.1036479.peg.881,0.8690882325172424,0.005869717051619401,Very Low,High,Very Low–High,,,0,no STRING match,no STRING match,2457,2674,1,1
2892,fig|6666666.1036479.peg.2679,fig|6666666.1036479.peg.1080,0.8690794050693512,0.005871747393041614,Medium,High,Medium–High,,,0,no STRING match,no STRING match,2342,2712,1,1
2893,fig|6666666.1036479.peg.866,fig|6666666.1036479.peg.1350,0.8690787553787231,0.005873777734463828,High,Medium,Medium–High,,,0,no STRING match,no STRING match,2667,2788,1,1
2894,fig|6666666.1036479.peg.2278,fig|6666666.1036479.peg.2348,0.8690692484378815,0.005875808075886041,Low,High,Low–High,,,0,no STRING match,no STRING match,3005,3019,1,1
2895,fig|6666666.1036479.peg.1945,fig|6666666.1036479.peg.2092,0.8690588235855102,0.005877838417308255,Very Low,Medium,Very Low–Medium,,,0,no STRING match,no STRING match,2928,2954,1,1
2896,fig|6666666.1036479.peg.3020,fig|6666666.1036479.peg.2383,0.8690353631973267,0.005879868758730468,Low,Very Low,Very Low–Low,,Hypothetical protein.,0,no STRING match,secondary STRING hit (STRING protein assigned to a better match),2433,3024,1,1
2897,fig|6666666.1036479.peg.720,fig|6666666.1036479.peg.725,0.8690347790718078,0.005881899100152682,High,Very Low,Very Low–High,,,0,no STRING match,no STRING match,2631,2636,1,1
2898,fig|6666666.1036479.peg.2988,fig|6666666.1036479.peg.236,0.8690334141254425,0.005883929441574895,Medium,Very Low,Very Low–Medium,Hypothetical protein.,,0,secondary STRING hit (STRING protein assigned to a better match),no STRING match,2416,2552,1,1
2899,fig|6666666.1036479.peg.2547,fig|6666666.1036479.peg.289,0.8690201342105865,0.005885959782997109,Medium,High,Medium–High,,Hypothetical protein.,0,no STRING match,secondary STRING hit (STRING protein assigned to a better match),2297,2559,1,1
2900,fig|6666666.1036479.peg.1300,fig|6666666.1036479.peg.1655,0.8690200269222259,0.005887990124419322,Low,Medium,Low–Medium,,,0,no STRING match,no STRING match,2763,2882,1,1
2901,fig|6666666.1036479.peg.2623,fig|6666666.1036479.peg.2988,0.8690042555332184,0.005890020465841536,Very Low,Medium,Very Low–Medium,,Hypothetical protein.,0,no STRING match,secondary STRING hit (STRING protein assigned to a better match),2333,2416,1,1
2902,fig|6666666.1036479.peg.2679,fig|6666666.1036479.peg.2988,0.8689645409584046,0.005892050807263749,Medium,Medium,Medium–Medium,,Hypothetical protein.,0,no STRING match,secondary STRING hit (STRING protein assigned to a better match),2342,2416,1,1
2903,fig|6666666.1036479.peg.1410,fig|6666666.1036479.peg.2092,0.868962037563324,0.005894081148685963,Medium,Medium,Medium–Medium,,,0,no STRING match,no STRING match,2813,2954,1,1
2904,fig|6666666.1036479.peg.725,fig|6666666.1036479.peg.1953,0.8689455568790436,0.005896111490108177,Very Low,Low,Very Low–Low,,,0,no STRING match,no STRING match,2636,2935,1,1
2905,fig|6666666.1036479.peg.2923,fig|6666666.1036479.peg.866,0.8689162015914917,0.0058981418315303905,Medium,High,Medium–High,,,0,no STRING match,no STRING match,2400,2667,1,1
2906,fig|6666666.1036479.peg.2920,fig|6666666.1036479.peg.1946,0.8688969254493714,0.005900172172952604,Very Low,Medium,Very Low–Medium,,,0,no STRING match,no STRING match,2397,2929,1,1
2907,fig|6666666.1036479.peg.3202,fig|6666666.1036479.peg.861,0.8688691616058349,0.0059022025143748175,Very Low,High,Very Low–High,,,0,no STRING match,no STRING match,2467,2665,1,1
2908,fig|6666666.1036479.peg.2506,fig|6666666.1036479.peg.1289,0.8688638806343079,0.005904232855797031,Very Low,Very Low,Very Low–Very Low,,,0,no STRING match,no STRING match,2270,2762,6,1
2909,fig|6666666.1036479.peg.2516,fig|6666666.1036479.peg.1289,0.8688638806343079,0.0059062631972192445,Very Low,Very Low,Very Low–Very Low,,,0,no STRING match,no STRING match,2270,2762,6,1
2910,fig|6666666.1036479.peg.2522,fig|6666666.1036479.peg.1289,0.8688638806343079,0.005908293538641458,Very Low,Very Low,Very Low–Very Low,,,0,no STRING match,no STRING match,2270,2762,6,1
2911,fig|6666666.1036479.peg.974,fig|6666666.1036479.peg.1289,0.8688638806343079,0.0059103238800636716,Very Low,Very Low,Very Low–Very Low,,,0,no STRING match,no STRING match,2270,2762,6,1
2912,fig|6666666.1036479.peg.979,fig|6666666.1036479.peg.1289,0.8688638806343079,0.005912354221485885,Very Low,Very Low,Very Low–Very Low,,,0,no STRING match,no STRING match,2270,2762,6,1
2913,fig|6666666.1036479.peg.1289,fig|6666666.1036479.peg.2491,0.8688638806343079,0.005914384562908099,Very Low,Very Low,Very Low–Very Low,,,0,no STRING match,no STRING match,2762,2270,1,6
2914,fig|6666666.1036479.peg.3077,fig|6666666.1036479.peg.3207,0.8688471794128418,0.005916414904330312,Medium,Medium,Medium–Medium,,,0,no STRING match,no STRING match,2440,2468,1,1
2915,fig|6666666.1036479.peg.2547,fig|6666666.1036479.peg.2679,0.8688305616378784,0.005918445245752526,Medium,Medium,Medium–Medium,,,0,no STRING match,no STRING match,2297,2342,1,1
2916,fig|6666666.1036479.peg.2523,fig|6666666.1036479.peg.38,0.8688220679759979,0.005920475587174739,Low,Low,Low–Low,,,0,no STRING match,no STRING match,2282,2526,1,2
2917,fig|6666666.1036479.peg.2523,fig|6666666.1036479.peg.186,0.8688220679759979,0.005922505928596953,Low,Low,Low–Low,,,0,no STRING match,no STRING match,2282,2526,1,2
2918,fig|6666666.1036479.peg.3231,fig|6666666.1036479.peg.1566,0.8687656342983245,0.005924536270019166,Very Low,High,Very Low–High,,,0,no STRING match,no STRING match,2482,2838,2,1
2919,fig|6666666.1036479.peg.147,fig|6666666.1036479.peg.1566,0.8687656342983245,0.00592656661144138,Very Low,High,Very Low–High,,,0,no STRING match,no STRING match,2482,2838,2,1
2920,fig|6666666.1036479.peg.2672,fig|6666666.1036479.peg.391,0.8687638163566589,0.005928596952863594,Medium,Medium,Medium–Medium,,,0,no STRING match,no STRING match,2341,2580,1,1
2921,fig|6666666.1036479.peg.1965,fig|6666666.1036479.peg.2348,0.8686998963356019,0.0059306272942858075,Medium,High,Medium–High,Hypothetical protein.,,0,secondary STRING hit (STRING protein assigned to a better match),no STRING match,2945,3019,1,1
2922,fig|6666666.1036479.peg.3142,fig|6666666.1036479.peg.3207,0.8686987161636353,0.005932657635708021,Low,Medium,Low–Medium,,,0,no STRING match,no STRING match,2448,2468,1,1
2923,fig|6666666.1036479.peg.2672,fig|6666666.1036479.peg.3012,0.8686974108219147,0.0059346879771302345,Medium,Low,Low–Medium,,,0,no STRING match,no STRING match,2341,2427,1,1
2924,fig|6666666.1036479.peg.1807,fig|6666666.1036479.peg.2348,0.8686966598033905,0.005936718318552448,Low,High,Low–High,,,0,no STRING match,no STRING match,2905,3019,1,1
2925,fig|6666666.1036479.peg.861,fig|6666666.1036479.peg.894,0.8686948776245117,0.0059387486599746615,High,Very Low,Very Low–High,,,0,no STRING match,no STRING match,2665,2686,1,1
2926,fig|6666666.1036479.peg.2814,fig|6666666.1036479.peg.1080,0.8686922729015351,0.005940779001396875,Very Low,High,Very Low–High,,,0,no STRING match,no STRING match,2358,2712,1,1
2927,fig|6666666.1036479.peg.728,fig|6666666.1036479.peg.2404,0.8686854839324951,0.0059428093428190885,Medium,Medium,Medium–Medium,,Hypothetical protein; COG0605 Superoxide dismutase.,0,no STRING match,secondary STRING hit (STRING protein assigned to a better match),2639,3028,1,1
2928,fig|6666666.1036479.peg.1300,fig|6666666.1036479.peg.1567,0.868679940700531,0.005944839684241302,Low,Low,Low–Low,,,0,no STRING match,no STRING match,2763,2839,1,1
2929,fig|6666666.1036479.peg.2517,fig|6666666.1036479.peg.3207,0.868665337562561,0.0059468700256635155,Medium,Medium,Medium–Medium,,,0,no STRING match,no STRING match,2279,2468,1,1
2930,fig|6666666.1036479.peg.1080,fig|6666666.1036479.peg.2364,0.8686607420444489,0.005948900367085729,High,Medium,Medium–High,,,0,no STRING match,no STRING match,2712,3022,1,1
2931,fig|6666666.1036479.peg.652,fig|6666666.1036479.peg.866,0.8686151146888733,0.0059509307085079425,Very Low,High,Very Low–High,,,0,no STRING match,no STRING match,2615,2667,1,1
2932,fig|6666666.1036479.peg.2532,fig|6666666.1036479.peg.2547,0.8685998260974884,0.005952961049930156,Low,Medium,Low–Medium,,,0,no STRING match,no STRING match,2284,2297,4,1
2933,fig|6666666.1036479.peg.2547,fig|6666666.1036479.peg.3171,0.8685998260974884,0.0059549913913523695,Medium,Low,Low–Medium,,,0,no STRING match,no STRING match,2297,2284,1,4
2934,fig|6666666.1036479.peg.2547,fig|6666666.1036479.peg.987,0.8685998260974884,0.005957021732774583,Medium,Low,Low–Medium,,,0,no STRING match,no STRING match,2297,2284,1,4
2935,fig|6666666.1036479.peg.2547,fig|6666666.1036479.peg.2492,0.8685998260974884,0.0059590520741967965,Medium,Low,Low–Medium,,,0,no STRING match,no STRING match,2297,2284,1,4
2936,fig|6666666.1036479.peg.1657,fig|6666666.1036479.peg.1946,0.8685992360115051,0.005961082415619011,Medium,Medium,Medium–Medium,,,0,no STRING match,no STRING match,2883,2929,1,1
2937,fig|6666666.1036479.peg.2548,fig|6666666.1036479.peg.304,0.8685901820659637,0.005963112757041224,High,Medium,Medium–High,,,0,no STRING match,no STRING match,2298,2565,1,1
2938,fig|6666666.1036479.peg.2672,fig|6666666.1036479.peg.2854,0.8685661613941192,0.005965143098463438,Medium,Low,Low–Medium,,,0,no STRING match,no STRING match,2341,2373,1,1
2939,fig|6666666.1036479.peg.720,fig|6666666.1036479.peg.1657,0.8685651242733001,0.0059671734398856514,High,Medium,Medium–High,,,0,no STRING match,no STRING match,2631,2883,1,1
2940,fig|6666666.1036479.peg.2532,fig|6666666.1036479.peg.1080,0.8685640215873718,0.005969203781307865,Low,High,Low–High,,,0,no STRING match,no STRING match,2284,2712,4,1
2941,fig|6666666.1036479.peg.3171,fig|6666666.1036479.peg.1080,0.8685640215873718,0.0059712341227300784,Low,High,Low–High,,,0,no STRING match,no STRING match,2284,2712,4,1
2942,fig|6666666.1036479.peg.987,fig|6666666.1036479.peg.1080,0.8685640215873718,0.005973264464152292,Low,High,Low–High,,,0,no STRING match,no STRING match,2284,2712,4,1
2943,fig|6666666.1036479.peg.1080,fig|6666666.1036479.peg.2492,0.8685640215873718,0.0059752948055745055,High,Low,Low–High,,,0,no STRING match,no STRING match,2712,2284,1,4
2944,fig|6666666.1036479.peg.2548,fig|6666666.1036479.peg.2347,0.8685576677322387,0.005977325146996719,High,Low,Low–High,,,0,no STRING match,no STRING match,2298,3018,1,1
2945,fig|6666666.1036479.peg.2881,fig|6666666.1036479.peg.411,0.8685542941093445,0.0059793554884189325,Very Low,Low,Very Low–Low,,Hypothetical protein.,0,no STRING match,secondary STRING hit (STRING protein assigned to a better match),2383,2585,1,1
2946,fig|6666666.1036479.peg.2672,fig|6666666.1036479.peg.2385,0.868544089794159,0.005981385829841146,Medium,Medium,Medium–Medium,,,0,no STRING match,no STRING match,2341,3026,1,1
2947,fig|6666666.1036479.peg.2679,fig|6666666.1036479.peg.38,0.8685433328151703,0.0059834161712633595,Medium,Low,Low–Medium,,,0,no STRING match,no STRING match,2342,2526,1,2
2948,fig|6666666.1036479.peg.2679,fig|6666666.1036479.peg.186,0.8685433328151703,0.005985446512685573,Medium,Low,Low–Medium,,,0,no STRING match,no STRING match,2342,2526,1,2
2949,fig|6666666.1036479.peg.2405,fig|6666666.1036479.peg.2436,0.8684900820255279,0.0059874768541077865,Medium,Medium,Medium–Medium,Hypothetical protein; COG0605 Superoxide dismutase.,,0,secondary STRING hit (STRING protein assigned to a better match),no STRING match,3029,3033,1,1
2950,fig|6666666.1036479.peg.719,fig|6666666.1036479.peg.1410,0.8684836745262146,0.00598950719553,Medium,Medium,Medium–Medium,,,0,no STRING match,no STRING match,2630,2813,1,1
2951,fig|6666666.1036479.peg.2535,fig|6666666.1036479.peg.1300,0.8684763252735138,0.0059915375369522135,Very Low,Low,Very Low–Low,,,0,no STRING match,no STRING match,2285,2763,1,1
2952,fig|6666666.1036479.peg.2506,fig|6666666.1036479.peg.2960,0.8684723556041718,0.005993567878374428,Very Low,Low,Very Low–Low,,,0,no STRING match,no STRING match,2270,2412,6,1
2953,fig|6666666.1036479.peg.2516,fig|6666666.1036479.peg.2960,0.8684723556041718,0.005995598219796641,Very Low,Low,Very Low–Low,,,0,no STRING match,no STRING match,2270,2412,6,1
2954,fig|6666666.1036479.peg.2522,fig|6666666.1036479.peg.2960,0.8684723556041718,0.005997628561218855,Very Low,Low,Very Low–Low,,,0,no STRING match,no STRING match,2270,2412,6,1
2955,fig|6666666.1036479.peg.2960,fig|6666666.1036479.peg.974,0.8684723556041718,0.005999658902641068,Low,Very Low,Very Low–Low,,,0,no STRING match,no STRING match,2412,2270,1,6
2956,fig|6666666.1036479.peg.2960,fig|6666666.1036479.peg.979,0.8684723556041718,0.006001689244063282,Low,Very Low,Very Low–Low,,,0,no STRING match,no STRING match,2412,2270,1,6
2957,fig|6666666.1036479.peg.2960,fig|6666666.1036479.peg.2491,0.8684723556041718,0.006003719585485495,Low,Very Low,Very Low–Low,,,0,no STRING match,no STRING match,2412,2270,1,6
2958,fig|6666666.1036479.peg.866,fig|6666666.1036479.peg.1785,0.8684702098369599,0.006005749926907709,High,Very Low,Very Low–High,,,0,no STRING match,no STRING match,2667,2898,1,1
2959,fig|6666666.1036479.peg.726,fig|6666666.1036479.peg.881,0.8684693932533264,0.006007780268329922,Very Low,High,Very Low–High,,,0,no STRING match,no STRING match,2637,2674,1,1
2960,fig|6666666.1036479.peg.3011,fig|6666666.1036479.peg.866,0.8684634685516357,0.006009810609752136,High,High,High–High,,,0,no STRING match,no STRING match,2426,2667,1,1
2961,fig|6666666.1036479.peg.3017,fig|6666666.1036479.peg.889,0.8684619307518006,0.006011840951174349,Medium,Low,Low–Medium,,,0,no STRING match,no STRING match,2430,2682,1,1
2962,fig|6666666.1036479.peg.2547,fig|6666666.1036479.peg.3015,0.8684324443340301,0.006013871292596563,Medium,Low,Low–Medium,,,0,no STRING match,no STRING match,2297,2428,1,1
2963,fig|6666666.1036479.peg.1657,fig|6666666.1036479.peg.1945,0.8684253215789794,0.006015901634018776,Medium,Very Low,Very Low–Medium,,,0,no STRING match,no STRING match,2883,2928,1,1
2964,fig|6666666.1036479.peg.370,fig|6666666.1036479.peg.392,0.8684156239032745,0.00601793197544099,High,Very Low,Very Low–High,,,0,no STRING match,no STRING match,2579,2581,1,1
2965,fig|6666666.1036479.peg.31,fig|6666666.1036479.peg.370,0.868378221988678,0.0060199623168632034,Very Low,High,Very Low–High,,,0,no STRING match,no STRING match,2519,2579,2,1
2966,fig|6666666.1036479.peg.179,fig|6666666.1036479.peg.370,0.868378221988678,0.006021992658285417,Very Low,High,Very Low–High,,,0,no STRING match,no STRING match,2519,2579,2,1
2967,fig|6666666.1036479.peg.1943,fig|6666666.1036479.peg.2364,0.8683457255363465,0.0060240229997076305,Medium,Medium,Medium–Medium,COG3103 SH3 domain protein.,,0,secondary STRING hit (STRING protein assigned to a better match),no STRING match,2926,3022,1,1
2968,fig|6666666.1036479.peg.370,fig|6666666.1036479.peg.1092,0.8683316171169281,0.006026053341129845,High,Very Low,Very Low–High,,,0,no STRING match,no STRING match,2579,2715,1,1
2969,fig|6666666.1036479.peg.3008,fig|6666666.1036479.peg.719,0.8683292150497437,0.006028083682552058,Medium,Medium,Medium–Medium,,,0,no STRING match,no STRING match,2423,2630,1,1
2970,fig|6666666.1036479.peg.866,fig|6666666.1036479.peg.1965,0.8683274805545806,0.006030114023974272,High,Medium,Medium–High,,Hypothetical protein.,0,no STRING match,secondary STRING hit (STRING protein assigned to a better match),2667,2945,1,1
2971,fig|6666666.1036479.peg.2532,fig|6666666.1036479.peg.38,0.8683072030544281,0.006032144365396485,Low,Low,Low–Low,,,0,no STRING match,no STRING match,2284,2526,4,2
2972,fig|6666666.1036479.peg.2532,fig|6666666.1036479.peg.186,0.8683072030544281,0.006034174706818699,Low,Low,Low–Low,,,0,no STRING match,no STRING match,2284,2526,4,2
2973,fig|6666666.1036479.peg.3171,fig|6666666.1036479.peg.38,0.8683072030544281,0.006036205048240912,Low,Low,Low–Low,,,0,no STRING match,no STRING match,2284,2526,4,2
2974,fig|6666666.1036479.peg.3171,fig|6666666.1036479.peg.186,0.8683072030544281,0.006038235389663126,Low,Low,Low–Low,,,0,no STRING match,no STRING match,2284,2526,4,2
2975,fig|6666666.1036479.peg.38,fig|6666666.1036479.peg.987,0.8683072030544281,0.006040265731085339,Low,Low,Low–Low,,,0,no STRING match,no STRING match,2526,2284,2,4
2976,fig|6666666.1036479.peg.38,fig|6666666.1036479.peg.2492,0.8683072030544281,0.006042296072507553,Low,Low,Low–Low,,,0,no STRING match,no STRING match,2526,2284,2,4
2977,fig|6666666.1036479.peg.186,fig|6666666.1036479.peg.987,0.8683072030544281,0.006044326413929766,Low,Low,Low–Low,,,0,no STRING match,no STRING match,2526,2284,2,4
2978,fig|6666666.1036479.peg.186,fig|6666666.1036479.peg.2492,0.8683072030544281,0.00604635675535198,Low,Low,Low–Low,,,0,no STRING match,no STRING match,2526,2284,2,4
2979,fig|6666666.1036479.peg.2672,fig|6666666.1036479.peg.1754,0.8683039009571075,0.006048387096774193,Medium,Medium,Medium–Medium,,Hypothetical protein.,0,no STRING match,secondary STRING hit (STRING protein assigned to a better match),2341,2891,1,1
2980,fig|6666666.1036479.peg.3202,fig|6666666.1036479.peg.866,0.868292486667633,0.006050417438196407,Very Low,High,Very Low–High,,,0,no STRING match,no STRING match,2467,2667,1,1
2981,fig|6666666.1036479.peg.2839,fig|6666666.1036479.peg.411,0.8682885348796845,0.00605244777961862,Very Low,Low,Very Low–Low,,Hypothetical protein.,0,no STRING match,secondary STRING hit (STRING protein assigned to a better match),2368,2585,1,1
2982,fig|6666666.1036479.peg.2948,fig|6666666.1036479.peg.817,0.8682829856872558,0.006054478121040834,High,Low,Low–High,,Phospholipid/glycerol acyltransferase; COG4258 Predicted exporter.,0,no STRING match,secondary STRING hit (STRING protein assigned to a better match),2410,2663,1,1
2983,fig|6666666.1036479.peg.881,fig|6666666.1036479.peg.1567,0.868279081583023,0.006056508462463047,High,Low,Low–High,,,0,no STRING match,no STRING match,2674,2839,1,1
2984,fig|6666666.1036479.peg.1308,fig|6666666.1036479.peg.1655,0.8682725071907044,0.006058538803885262,Medium,Medium,Medium–Medium,,,0,no STRING match,no STRING match,2764,2882,1,1
2985,fig|6666666.1036479.peg.2672,fig|6666666.1036479.peg.2278,0.8682476639747619,0.006060569145307475,Medium,Low,Low–Medium,,,0,no STRING match,no STRING match,2341,3005,1,1
2986,fig|6666666.1036479.peg.2814,fig|6666666.1036479.peg.3017,0.8682266712188721,0.006062599486729689,Very Low,Medium,Very Low–Medium,,,0,no STRING match,no STRING match,2358,2430,1,1
2987,fig|6666666.1036479.peg.89,fig|6666666.1036479.peg.728,0.8682232677936554,0.006064629828151902,Very Low,Medium,Very Low–Medium,,,0,no STRING match,no STRING match,2542,2639,1,1
2988,fig|6666666.1036479.peg.728,fig|6666666.1036479.peg.1951,0.868210357427597,0.006066660169574116,Medium,High,Medium–High,,,0,no STRING match,no STRING match,2639,2934,1,1
2989,fig|6666666.1036479.peg.2509,fig|6666666.1036479.peg.2948,0.8681857705116272,0.006068690510996329,Very Low,High,Very Low–High,,,0,no STRING match,no STRING match,2273,2410,15,1
2990,fig|6666666.1036479.peg.2513,fig|6666666.1036479.peg.2948,0.8681857705116272,0.006070720852418543,Very Low,High,Very Low–High,,,0,no STRING match,no STRING match,2273,2410,15,1
2991,fig|6666666.1036479.peg.2519,fig|6666666.1036479.peg.2948,0.8681857705116272,0.006072751193840756,Very Low,High,Very Low–High,,,0,no STRING match,no STRING match,2273,2410,15,1
2992,fig|6666666.1036479.peg.2526,fig|6666666.1036479.peg.2948,0.8681857705116272,0.00607478153526297,Very Low,High,Very Low–High,,,0,no STRING match,no STRING match,2273,2410,15,1
2993,fig|6666666.1036479.peg.2530,fig|6666666.1036479.peg.2948,0.8681857705116272,0.006076811876685183,Very Low,High,Very Low–High,,,0,no STRING match,no STRING match,2273,2410,15,1
2994,fig|6666666.1036479.peg.2534,fig|6666666.1036479.peg.2948,0.8681857705116272,0.006078842218107397,Very Low,High,Very Low–High,,,0,no STRING match,no STRING match,2273,2410,15,1
2995,fig|6666666.1036479.peg.2948,fig|6666666.1036479.peg.3173,0.8681857705116272,0.00608087255952961,High,Very Low,Very Low–High,,,0,no STRING match,no STRING match,2410,2273,1,15
2996,fig|6666666.1036479.peg.2948,fig|6666666.1036479.peg.971,0.8681857705116272,0.006082902900951824,High,Very Low,Very Low–High,,,0,no STRING match,no STRING match,2410,2273,1,15
2997,fig|6666666.1036479.peg.2948,fig|6666666.1036479.peg.976,0.8681857705116272,0.006084933242374037,High,Very Low,Very Low–High,,,0,no STRING match,no STRING match,2410,2273,1,15
2998,fig|6666666.1036479.peg.2948,fig|6666666.1036479.peg.981,0.8681857705116272,0.006086963583796251,High,Very Low,Very Low–High,,,0,no STRING match,no STRING match,2410,2273,1,15
2999,fig|6666666.1036479.peg.2948,fig|6666666.1036479.peg.985,0.8681857705116272,0.006088993925218464,High,Very Low,Very Low–High,,,0,no STRING match,no STRING match,2410,2273,1,15
3000,fig|6666666.1036479.peg.2948,fig|6666666.1036479.peg.989,0.8681857705116272,0.006091024266640679,High,Very Low,Very Low–High,,,0,no STRING match,no STRING match,2410,2273,1,15
3001,fig|6666666.1036479.peg.2948,fig|6666666.1036479.peg.2489,0.8681857705116272,0.006093054608062892,High,Very Low,Very Low–High,,,0,no STRING match,no STRING match,2410,2273,1,15
3002,fig|6666666.1036479.peg.2948,fig|6666666.1036479.peg.2494,0.8681857705116272,0.006095084949485106,High,Very Low,Very Low–High,,,0,no STRING match,no STRING match,2410,2273,1,15
3003,fig|6666666.1036479.peg.2948,fig|6666666.1036479.peg.2498,0.8681857705116272,0.006097115290907319,High,Very Low,Very Low–High,,,0,no STRING match,no STRING match,2410,2273,1,15
3004,fig|6666666.1036479.peg.2547,fig|6666666.1036479.peg.2327,0.8681342542171478,0.006099145632329533,Medium,Medium,Medium–Medium,,,0,no STRING match,no STRING match,2297,3016,1,1
3005,fig|6666666.1036479.peg.1947,fig|6666666.1036479.peg.2383,0.868122673034668,0.006101175973751746,Medium,Very Low,Very Low–Medium,,Hypothetical protein.,0,no STRING match,secondary STRING hit (STRING protein assigned to a better match),2930,3024,1,1
3006,fig|6666666.1036479.peg.2548,fig|6666666.1036479.peg.2889,0.8680818796157836,0.00610320631517396,High,Medium,Medium–High,,,0,no STRING match,no STRING match,2298,2388,1,1
3007,fig|6666666.1036479.peg.2948,fig|6666666.1036479.peg.729,0.8680669128894806,0.006105236656596173,High,Medium,Medium–High,,,0,no STRING match,no STRING match,2410,2640,1,1
3008,fig|6666666.1036479.peg.736,fig|6666666.1036479.peg.2348,0.8680573165416717,0.006107266998018387,Very Low,High,Very Low–High,,,0,no STRING match,no STRING match,2647,3019,1,1
3009,fig|6666666.1036479.peg.3184,fig|6666666.1036479.peg.1946,0.86805100440979,0.0061092973394406,Very Low,Medium,Very Low–Medium,,,0,no STRING match,no STRING match,2457,2929,1,1
3010,fig|6666666.1036479.peg.281,fig|6666666.1036479.peg.866,0.8680424928665161,0.006111327680862814,Very Low,High,Very Low–High,,,0,no STRING match,no STRING match,2558,2667,1,1
3011,fig|6666666.1036479.peg.2920,fig|6666666.1036479.peg.1953,0.8680307984352111,0.006113358022285027,Very Low,Low,Very Low–Low,,,0,no STRING match,no STRING match,2397,2935,1,1
3012,fig|6666666.1036479.peg.3222,fig|6666666.1036479.peg.2405,0.8680266857147216,0.006115388363707241,Medium,Medium,Medium–Medium,,Hypothetical protein; COG0605 Superoxide dismutase.,0,no STRING match,secondary STRING hit (STRING protein assigned to a better match),2473,3029,2,1
3013,fig|6666666.1036479.peg.138,fig|6666666.1036479.peg.2405,0.8680266857147216,0.006117418705129454,Medium,Medium,Medium–Medium,,Hypothetical protein; COG0605 Superoxide dismutase.,0,no STRING match,secondary STRING hit (STRING protein assigned to a better match),2473,3029,2,1
3014,fig|6666666.1036479.peg.2809,fig|6666666.1036479.peg.3020,0.8680064678192139,0.006119449046551668,Very Low,Low,Very Low–Low,,,0,no STRING match,no STRING match,2357,2433,1,1
3015,fig|6666666.1036479.peg.2524,fig|6666666.1036479.peg.370,0.8680017471313477,0.006121479387973881,Low,High,Low–High,,,0,no STRING match,no STRING match,2283,2579,1,1
3016,fig|6666666.1036479.peg.1300,fig|6666666.1036479.peg.1494,0.8679969668388366,0.006123509729396096,Low,Very Low,Very Low–Low,,,0,no STRING match,no STRING match,2763,2824,1,1
3017,fig|6666666.1036479.peg.2672,fig|6666666.1036479.peg.1118,0.8679720759391785,0.006125540070818309,Medium,Very Low,Very Low–Medium,,,0,no STRING match,no STRING match,2341,2734,1,1
3018,fig|6666666.1036479.peg.2548,fig|6666666.1036479.peg.32,0.867971557378769,0.006127570412240523,High,Low,Low–High,,,0,no STRING match,no STRING match,2298,2520,1,2
3019,fig|6666666.1036479.peg.2548,fig|6666666.1036479.peg.180,0.867971557378769,0.006129600753662736,High,Low,Low–High,,,0,no STRING match,no STRING match,2298,2520,1,2
3020,fig|6666666.1036479.peg.370,fig|6666666.1036479.peg.2382,0.8679485201835633,0.00613163109508495,High,Very Low,Very Low–High,,Rhs element Vgr protein; COG3501 Uncharacterized protein conserved in bacteria.,0,no STRING match,secondary STRING hit (STRING protein assigned to a better match),2579,3023,1,1
3021,fig|6666666.1036479.peg.1300,fig|6666666.1036479.peg.1945,0.8679350197315217,0.006133661436507163,Low,Very Low,Very Low–Low,,,0,no STRING match,no STRING match,2763,2928,1,1
3022,fig|6666666.1036479.peg.881,fig|6666666.1036479.peg.2106,0.867922580242157,0.006135691777929377,High,High,High–High,,Hypothetical protein.,0,no STRING match,secondary STRING hit (STRING protein assigned to a better match),2674,2959,1,1
3023,fig|6666666.1036479.peg.3207,fig|6666666.1036479.peg.551,0.867886620759964,0.00613772211935159,Medium,Very Low,Very Low–Medium,,,0,no STRING match,no STRING match,2468,2597,1,1
3024,fig|6666666.1036479.peg.2515,fig|6666666.1036479.peg.370,0.867880231142044,0.006139752460773804,Very Low,High,Very Low–High,,,0,no STRING match,no STRING match,2278,2579,1,1
3025,fig|6666666.1036479.peg.2929,fig|6666666.1036479.peg.38,0.8678524136543274,0.006141782802196017,Very Low,Low,Very Low–Low,Hypothetical protein.,,0,secondary STRING hit (STRING protein assigned to a better match),no STRING match,2404,2526,1,2
3026,fig|6666666.1036479.peg.2929,fig|6666666.1036479.peg.186,0.8678524136543274,0.006143813143618231,Very Low,Low,Very Low–Low,Hypothetical protein.,,0,secondary STRING hit (STRING protein assigned to a better match),no STRING match,2404,2526,1,2
3027,fig|6666666.1036479.peg.2541,fig|6666666.1036479.peg.2672,0.8678242444992066,0.006145843485040444,Very Low,Medium,Very Low–Medium,,,0,no STRING match,no STRING match,2291,2341,1,1
3028,fig|6666666.1036479.peg.3010,fig|6666666.1036479.peg.725,0.867822778224945,0.006147873826462658,Low,Very Low,Very Low–Low,,,0,no STRING match,no STRING match,2425,2636,1,1
3029,fig|6666666.1036479.peg.573,fig|6666666.1036479.peg.1894,0.8678225159645081,0.006149904167884871,Very Low,Medium,Very Low–Medium,Hypothetical protein.,Hypothetical protein.,0,secondary STRING hit (STRING protein assigned to a better match),secondary STRING hit (STRING protein assigned to a better match),2601,2912,1,1
3030,fig|6666666.1036479.peg.38,fig|6666666.1036479.peg.889,0.8678195714950562,0.006151934509307085,Low,Low,Low–Low,,,0,no STRING match,no STRING match,2526,2682,2,1
3031,fig|6666666.1036479.peg.186,fig|6666666.1036479.peg.889,0.8678195714950562,0.006153964850729298,Low,Low,Low–Low,,,0,no STRING match,no STRING match,2526,2682,2,1
3032,fig|6666666.1036479.peg.861,fig|6666666.1036479.peg.1754,0.867803019285202,0.006155995192151513,High,Medium,Medium–High,,Hypothetical protein.,0,no STRING match,secondary STRING hit (STRING protein assigned to a better match),2665,2891,1,1
3033,fig|6666666.1036479.peg.1118,fig|6666666.1036479.peg.2348,0.8677747964859008,0.006158025533573726,Very Low,High,Very Low–High,,,0,no STRING match,no STRING match,2734,3019,1,1
3034,fig|6666666.1036479.peg.2548,fig|6666666.1036479.peg.2386,0.8677678346633911,0.00616005587499594,High,Medium,Medium–High,,,0,no STRING match,no STRING match,2298,3027,1,1
3035,fig|6666666.1036479.peg.2948,fig|6666666.1036479.peg.1894,0.8677671611309051,0.006162086216418153,High,Medium,Medium–High,,Hypothetical protein.,0,no STRING match,secondary STRING hit (STRING protein assigned to a better match),2410,2912,1,1
3036,fig|6666666.1036479.peg.411,fig|6666666.1036479.peg.1706,0.8677304208278656,0.006164116557840367,Low,Very Low,Very Low–Low,Hypothetical protein.,,0,secondary STRING hit (STRING protein assigned to a better match),no STRING match,2585,2886,1,1
3037,fig|6666666.1036479.peg.1074,fig|6666666.1036479.peg.1947,0.867717957496643,0.00616614689926258,High,Medium,Medium–High,,,0,no STRING match,no STRING match,2706,2930,1,1
3038,fig|6666666.1036479.peg.3100,fig|6666666.1036479.peg.411,0.8677070677280426,0.006168177240684794,Medium,Low,Low–Medium,,Hypothetical protein.,0,no STRING match,secondary STRING hit (STRING protein assigned to a better match),2443,2585,1,1
3039,fig|6666666.1036479.peg.2672,fig|6666666.1036479.peg.1604,0.8676924228668212,0.006170207582107007,Medium,Very Low,Very Low–Medium,,YD repeat-containing protein; COG3209 Rhs family protein.,0,no STRING match,secondary STRING hit (STRING protein assigned to a better match),2341,2862,1,2
3040,fig|6666666.1036479.peg.2672,fig|6666666.1036479.peg.1611,0.8676924228668212,0.006172237923529221,Medium,Very Low,Very Low–Medium,,YD repeat-containing protein; COG3209 Rhs family protein.,0,no STRING match,secondary STRING hit (STRING protein assigned to a better match),2341,2862,1,2
3041,fig|6666666.1036479.peg.2854,fig|6666666.1036479.peg.2348,0.8676847279071808,0.006174268264951434,Low,High,Low–High,,,0,no STRING match,no STRING match,2373,3019,1,1
3042,fig|6666666.1036479.peg.866,fig|6666666.1036479.peg.2104,0.8676643788814544,0.006176298606373648,High,High,High–High,,,0,no STRING match,no STRING match,2667,2958,1,1
3043,fig|6666666.1036479.peg.48,fig|6666666.1036479.peg.2364,0.8676559269428253,0.006178328947795861,Medium,Medium,Medium–Medium,,,0,no STRING match,no STRING match,2536,3022,1,1
3044,fig|6666666.1036479.peg.3207,fig|6666666.1036479.peg.2469,0.8676556766033172,0.006180359289218075,Medium,Very Low,Very Low–Medium,,,0,no STRING match,no STRING match,2468,3042,1,1
3045,fig|6666666.1036479.peg.236,fig|6666666.1036479.peg.2364,0.8676480948925018,0.006182389630640288,Very Low,Medium,Very Low–Medium,,,0,no STRING match,no STRING match,2552,3022,1,1
3046,fig|6666666.1036479.peg.2548,fig|6666666.1036479.peg.3183,0.867646461725235,0.006184419972062502,High,Very Low,Very Low–High,,,0,no STRING match,no STRING match,2298,2456,1,1
3047,fig|6666666.1036479.peg.573,fig|6666666.1036479.peg.2352,0.8676380693912507,0.006186450313484715,Very Low,Medium,Very Low–Medium,Hypothetical protein.,,0,secondary STRING hit (STRING protein assigned to a better match),no STRING match,2601,3020,1,1
3048,fig|6666666.1036479.peg.2960,fig|6666666.1036479.peg.720,0.8676201701164246,0.00618848065490693,Low,High,Low–High,,,0,no STRING match,no STRING match,2412,2631,1,1
3049,fig|6666666.1036479.peg.2988,fig|6666666.1036479.peg.724,0.8676152467727661,0.006190510996329143,Medium,Medium,Medium–Medium,Hypothetical protein.,,0,secondary STRING hit (STRING protein assigned to a better match),no STRING match,2416,2635,1,1
3050,fig|6666666.1036479.peg.3222,fig|6666666.1036479.peg.2106,0.867585176229477,0.006192541337751357,Medium,High,Medium–High,,Hypothetical protein.,0,no STRING match,secondary STRING hit (STRING protein assigned to a better match),2473,2959,2,1
3051,fig|6666666.1036479.peg.138,fig|6666666.1036479.peg.2106,0.867585176229477,0.00619457167917357,Medium,High,Medium–High,,Hypothetical protein.,0,no STRING match,secondary STRING hit (STRING protein assigned to a better match),2473,2959,2,1
3052,fig|6666666.1036479.peg.38,fig|6666666.1036479.peg.2455,0.8675843060016633,0.006196602020595784,Low,Medium,Low–Medium,,,0,no STRING match,no STRING match,2526,3038,2,1
3053,fig|6666666.1036479.peg.186,fig|6666666.1036479.peg.2455,0.8675843060016633,0.006198632362017997,Low,Medium,Low–Medium,,,0,no STRING match,no STRING match,2526,3038,2,1
3054,fig|6666666.1036479.peg.3015,fig|6666666.1036479.peg.1308,0.8675441861152648,0.006200662703440211,Low,Medium,Low–Medium,,,0,no STRING match,no STRING match,2428,2764,1,1
3055,fig|6666666.1036479.peg.2929,fig|6666666.1036479.peg.3222,0.8675365269184112,0.006202693044862424,Very Low,Medium,Very Low–Medium,Hypothetical protein.,,0,secondary STRING hit (STRING protein assigned to a better match),no STRING match,2404,2473,1,2
3056,fig|6666666.1036479.peg.2929,fig|6666666.1036479.peg.138,0.8675365269184112,0.006204723386284638,Very Low,Medium,Very Low–Medium,Hypothetical protein.,,0,secondary STRING hit (STRING protein assigned to a better match),no STRING match,2404,2473,1,2
3057,fig|6666666.1036479.peg.2523,fig|6666666.1036479.peg.2960,0.8675319135189057,0.006206753727706851,Low,Low,Low–Low,,,0,no STRING match,no STRING match,2282,2412,1,1
3058,fig|6666666.1036479.peg.370,fig|6666666.1036479.peg.1785,0.8675289154052734,0.006208784069129065,High,Very Low,Very Low–High,,,0,no STRING match,no STRING match,2579,2898,1,1
3059,fig|6666666.1036479.peg.889,fig|6666666.1036479.peg.2092,0.8674994647502899,0.006210814410551278,Low,Medium,Low–Medium,,,0,no STRING match,no STRING match,2682,2954,1,1
3060,fig|6666666.1036479.peg.2436,fig|6666666.1036479.peg.2454,0.8674870908260346,0.006212844751973492,Medium,Medium,Medium–Medium,,,0,no STRING match,no STRING match,3033,3037,1,1
3061,fig|6666666.1036479.peg.2548,fig|6666666.1036479.peg.2099,0.8674760103225708,0.006214875093395705,High,Low,Low–High,,,0,no STRING match,no STRING match,2298,2957,1,1
3062,fig|6666666.1036479.peg.1657,fig|6666666.1036479.peg.1953,0.8674631476402282,0.006216905434817919,Medium,Low,Low–Medium,,,0,no STRING match,no STRING match,2883,2935,1,1
3063,fig|6666666.1036479.peg.866,fig|6666666.1036479.peg.1950,0.8674584686756134,0.006218935776240132,High,Very Low,Very Low–High,,,0,no STRING match,no STRING match,2667,2933,1,1
3064,fig|6666666.1036479.peg.3077,fig|6666666.1036479.peg.881,0.8674476325511933,0.0062209661176623465,Medium,High,Medium–High,,,0,no STRING match,no STRING match,2440,2674,1,1
3065,fig|6666666.1036479.peg.3207,fig|6666666.1036479.peg.2294,0.8674329042434692,0.00622299645908456,Medium,Very Low,Very Low–Medium,,,0,no STRING match,no STRING match,2468,3007,1,1
3066,fig|6666666.1036479.peg.2761,fig|6666666.1036479.peg.2348,0.867423003911972,0.0062250268005067735,Low,High,Low–High,,,0,no STRING match,no STRING match,2352,3019,1,1
3067,fig|6666666.1036479.peg.1074,fig|6666666.1036479.peg.1080,0.8673931181430816,0.006227057141928987,High,High,High–High,,,0,no STRING match,no STRING match,2706,2712,1,1
3068,fig|6666666.1036479.peg.3184,fig|6666666.1036479.peg.2455,0.8673696219921112,0.0062290874833512005,Very Low,Medium,Very Low–Medium,,,0,no STRING match,no STRING match,2457,3038,1,1
3069,fig|6666666.1036479.peg.1919,fig|6666666.1036479.peg.1947,0.8673421978950501,0.006231117824773414,Very Low,Medium,Very Low–Medium,,,0,no STRING match,no STRING match,2920,2930,1,1
3070,fig|6666666.1036479.peg.1953,fig|6666666.1036479.peg.2092,0.8673230409622192,0.0062331481661956276,Low,Medium,Low–Medium,,,0,no STRING match,no STRING match,2935,2954,1,1
3071,fig|6666666.1036479.peg.1755,fig|6666666.1036479.peg.2348,0.8673160433769226,0.006235178507617841,Medium,High,Medium–High,Hypothetical protein.,,0,secondary STRING hit (STRING protein assigned to a better match),no STRING match,2892,3019,1,1
3072,fig|6666666.1036479.peg.2523,fig|6666666.1036479.peg.2988,0.867314749956131,0.006237208849040055,Low,Medium,Low–Medium,,Hypothetical protein.,0,no STRING match,secondary STRING hit (STRING protein assigned to a better match),2282,2416,1,1
3073,fig|6666666.1036479.peg.3207,fig|6666666.1036479.peg.2166,0.8673046410083771,0.006239239190462268,Medium,Very Low,Very Low–Medium,,,0,no STRING match,no STRING match,2468,2987,1,1
3074,fig|6666666.1036479.peg.2920,fig|6666666.1036479.peg.3209,0.8672994673252106,0.006241269531884482,Very Low,Medium,Very Low–Medium,,,0,no STRING match,no STRING match,2397,2469,1,1
3075,fig|6666666.1036479.peg.3020,fig|6666666.1036479.peg.726,0.8672977030277252,0.006243299873306695,Low,Very Low,Very Low–Low,,,0,no STRING match,no STRING match,2433,2637,1,1
3076,fig|6666666.1036479.peg.1308,fig|6666666.1036479.peg.1617,0.8672837555408478,0.006245330214728909,Medium,Low,Low–Medium,,,0,no STRING match,no STRING match,2764,2864,1,2
3077,fig|6666666.1036479.peg.1308,fig|6666666.1036479.peg.1625,0.8672837555408478,0.006247360556151122,Medium,Low,Low–Medium,,,0,no STRING match,no STRING match,2764,2864,1,2
3078,fig|6666666.1036479.peg.2843,fig|6666666.1036479.peg.719,0.8672769784927368,0.006249390897573336,Very Low,Medium,Very Low–Medium,,,0,no STRING match,no STRING match,2370,2630,1,1
3079,fig|6666666.1036479.peg.2988,fig|6666666.1036479.peg.1949,0.867255175113678,0.006251421238995549,Medium,Medium,Medium–Medium,Hypothetical protein.,,0,secondary STRING hit (STRING protein assigned to a better match),no STRING match,2416,2932,1,1
3080,fig|6666666.1036479.peg.3207,fig|6666666.1036479.peg.312,0.8672323822975159,0.0062534515804177635,Medium,Medium,Medium–Medium,,,0,no STRING match,no STRING match,2468,2570,1,1
3081,fig|6666666.1036479.peg.2509,fig|6666666.1036479.peg.3017,0.8672313153743744,0.006255481921839977,Very Low,Medium,Very Low–Medium,,,0,no STRING match,no STRING match,2273,2430,15,1
3082,fig|6666666.1036479.peg.2513,fig|6666666.1036479.peg.3017,0.8672313153743744,0.0062575122632621905,Very Low,Medium,Very Low–Medium,,,0,no STRING match,no STRING match,2273,2430,15,1
3083,fig|6666666.1036479.peg.2519,fig|6666666.1036479.peg.3017,0.8672313153743744,0.006259542604684404,Very Low,Medium,Very Low–Medium,,,0,no STRING match,no STRING match,2273,2430,15,1
3084,fig|6666666.1036479.peg.2526,fig|6666666.1036479.peg.3017,0.8672313153743744,0.0062615729461066175,Very Low,Medium,Very Low–Medium,,,0,no STRING match,no STRING match,2273,2430,15,1
3085,fig|6666666.1036479.peg.2530,fig|6666666.1036479.peg.3017,0.8672313153743744,0.006263603287528831,Very Low,Medium,Very Low–Medium,,,0,no STRING match,no STRING match,2273,2430,15,1
3086,fig|6666666.1036479.peg.2534,fig|6666666.1036479.peg.3017,0.8672313153743744,0.0062656336289510445,Very Low,Medium,Very Low–Medium,,,0,no STRING match,no STRING match,2273,2430,15,1
3087,fig|6666666.1036479.peg.3017,fig|6666666.1036479.peg.3173,0.8672313153743744,0.006267663970373258,Medium,Very Low,Very Low–Medium,,,0,no STRING match,no STRING match,2430,2273,1,15
3088,fig|6666666.1036479.peg.3017,fig|6666666.1036479.peg.971,0.8672313153743744,0.0062696943117954715,Medium,Very Low,Very Low–Medium,,,0,no STRING match,no STRING match,2430,2273,1,15
3089,fig|6666666.1036479.peg.3017,fig|6666666.1036479.peg.976,0.8672313153743744,0.006271724653217685,Medium,Very Low,Very Low–Medium,,,0,no STRING match,no STRING match,2430,2273,1,15
3090,fig|6666666.1036479.peg.3017,fig|6666666.1036479.peg.981,0.8672313153743744,0.0062737549946398985,Medium,Very Low,Very Low–Medium,,,0,no STRING match,no STRING match,2430,2273,1,15
3091,fig|6666666.1036479.peg.3017,fig|6666666.1036479.peg.985,0.8672313153743744,0.006275785336062112,Medium,Very Low,Very Low–Medium,,,0,no STRING match,no STRING match,2430,2273,1,15
3092,fig|6666666.1036479.peg.3017,fig|6666666.1036479.peg.989,0.8672313153743744,0.0062778156774843255,Medium,Very Low,Very Low–Medium,,,0,no STRING match,no STRING match,2430,2273,1,15
3093,fig|6666666.1036479.peg.3017,fig|6666666.1036479.peg.2489,0.8672313153743744,0.006279846018906539,Medium,Very Low,Very Low–Medium,,,0,no STRING match,no STRING match,2430,2273,1,15
3094,fig|6666666.1036479.peg.3017,fig|6666666.1036479.peg.2494,0.8672313153743744,0.0062818763603287526,Medium,Very Low,Very Low–Medium,,,0,no STRING match,no STRING match,2430,2273,1,15
3095,fig|6666666.1036479.peg.3017,fig|6666666.1036479.peg.2498,0.8672313153743744,0.006283906701750966,Medium,Very Low,Very Low–Medium,,,0,no STRING match,no STRING match,2430,2273,1,15
3096,fig|6666666.1036479.peg.2504,fig|6666666.1036479.peg.3017,0.8672174632549285,0.00628593704317318,Very Low,Medium,Very Low–Medium,,,0,no STRING match,no STRING match,2268,2430,1,1
3097,fig|6666666.1036479.peg.2510,fig|6666666.1036479.peg.3207,0.8672139406204223,0.006287967384595394,Very Low,Medium,Very Low–Medium,,,0,no STRING match,no STRING match,2274,2468,12,1
3098,fig|6666666.1036479.peg.2527,fig|6666666.1036479.peg.3207,0.8672139406204223,0.0062899977260176074,Very Low,Medium,Very Low–Medium,,,0,no STRING match,no STRING match,2274,2468,12,1
3099,fig|6666666.1036479.peg.2531,fig|6666666.1036479.peg.3207,0.8672139406204223,0.006292028067439821,Very Low,Medium,Very Low–Medium,,,0,no STRING match,no STRING match,2274,2468,12,1
3100,fig|6666666.1036479.peg.3174,fig|6666666.1036479.peg.3207,0.8672139406204223,0.0062940584088620345,Very Low,Medium,Very Low–Medium,,,0,no STRING match,no STRING match,2274,2468,12,1
3101,fig|6666666.1036479.peg.3207,fig|6666666.1036479.peg.970,0.8672139406204223,0.006296088750284248,Medium,Very Low,Very Low–Medium,,,0,no STRING match,no STRING match,2468,2274,1,12
3102,fig|6666666.1036479.peg.3207,fig|6666666.1036479.peg.975,0.8672139406204223,0.0062981190917064615,Medium,Very Low,Very Low–Medium,,,0,no STRING match,no STRING match,2468,2274,1,12
3103,fig|6666666.1036479.peg.3207,fig|6666666.1036479.peg.980,0.8672139406204223,0.006300149433128675,Medium,Very Low,Very Low–Medium,,,0,no STRING match,no STRING match,2468,2274,1,12
3104,fig|6666666.1036479.peg.3207,fig|6666666.1036479.peg.984,0.8672139406204223,0.0063021797745508885,Medium,Very Low,Very Low–Medium,,,0,no STRING match,no STRING match,2468,2274,1,12
3105,fig|6666666.1036479.peg.3207,fig|6666666.1036479.peg.988,0.8672139406204223,0.006304210115973102,Medium,Very Low,Very Low–Medium,,,0,no STRING match,no STRING match,2468,2274,1,12
3106,fig|6666666.1036479.peg.3207,fig|6666666.1036479.peg.2490,0.8672139406204223,0.0063062404573953155,Medium,Very Low,Very Low–Medium,,,0,no STRING match,no STRING match,2468,2274,1,12
3107,fig|6666666.1036479.peg.3207,fig|6666666.1036479.peg.2495,0.8672139406204223,0.006308270798817529,Medium,Very Low,Very Low–Medium,,,0,no STRING match,no STRING match,2468,2274,1,12
3108,fig|6666666.1036479.peg.3207,fig|6666666.1036479.peg.2499,0.8672139406204223,0.0063103011402397425,Medium,Very Low,Very Low–Medium,,,0,no STRING match,no STRING match,2468,2274,1,12
3109,fig|6666666.1036479.peg.2512,fig|6666666.1036479.peg.861,0.8671911358833313,0.006312331481661956,Very Low,High,Very Low–High,,,0,no STRING match,no STRING match,2276,2665,13,1
3110,fig|6666666.1036479.peg.2518,fig|6666666.1036479.peg.861,0.8671911358833313,0.0063143618230841695,Very Low,High,Very Low–High,,,0,no STRING match,no STRING match,2276,2665,13,1
3111,fig|6666666.1036479.peg.2525,fig|6666666.1036479.peg.861,0.8671911358833313,0.006316392164506383,Very Low,High,Very Low–High,,,0,no STRING match,no STRING match,2276,2665,13,1
3112,fig|6666666.1036479.peg.2529,fig|6666666.1036479.peg.861,0.8671911358833313,0.006318422505928597,Very Low,High,Very Low–High,,,0,no STRING match,no STRING match,2276,2665,13,1
3113,fig|6666666.1036479.peg.2533,fig|6666666.1036479.peg.861,0.8671911358833313,0.006320452847350811,Very Low,High,Very Low–High,,,0,no STRING match,no STRING match,2276,2665,13,1
3114,fig|6666666.1036479.peg.3172,fig|6666666.1036479.peg.861,0.8671911358833313,0.006322483188773024,Very Low,High,Very Low–High,,,0,no STRING match,no STRING match,2276,2665,13,1
3115,fig|6666666.1036479.peg.861,fig|6666666.1036479.peg.972,0.8671911358833313,0.006324513530195238,High,Very Low,Very Low–High,,,0,no STRING match,no STRING match,2665,2276,1,13
3116,fig|6666666.1036479.peg.861,fig|6666666.1036479.peg.977,0.8671911358833313,0.006326543871617451,High,Very Low,Very Low–High,,,0,no STRING match,no STRING match,2665,2276,1,13
3117,fig|6666666.1036479.peg.861,fig|6666666.1036479.peg.982,0.8671911358833313,0.006328574213039665,High,Very Low,Very Low–High,,,0,no STRING match,no STRING match,2665,2276,1,13
3118,fig|6666666.1036479.peg.861,fig|6666666.1036479.peg.986,0.8671911358833313,0.006330604554461878,High,Very Low,Very Low–High,,,0,no STRING match,no STRING match,2665,2276,1,13
3119,fig|6666666.1036479.peg.861,fig|6666666.1036479.peg.990,0.8671911358833313,0.006332634895884092,High,Very Low,Very Low–High,,,0,no STRING match,no STRING match,2665,2276,1,13
3120,fig|6666666.1036479.peg.861,fig|6666666.1036479.peg.2488,0.8671911358833313,0.006334665237306305,High,Very Low,Very Low–High,,,0,no STRING match,no STRING match,2665,2276,1,13
3121,fig|6666666.1036479.peg.861,fig|6666666.1036479.peg.2493,0.8671911358833313,0.006336695578728519,High,Very Low,Very Low–High,,,0,no STRING match,no STRING match,2665,2276,1,13
3122,fig|6666666.1036479.peg.573,fig|6666666.1036479.peg.1951,0.8671561539173126,0.006338725920150732,Very Low,High,Very Low–High,Hypothetical protein.,,0,secondary STRING hit (STRING protein assigned to a better match),no STRING match,2601,2934,1,1
3123,fig|6666666.1036479.peg.889,fig|6666666.1036479.peg.1289,0.8671047985553741,0.006340756261572946,Low,Very Low,Very Low–Low,,,0,no STRING match,no STRING match,2682,2762,1,1
3124,fig|6666666.1036479.peg.2512,fig|6666666.1036479.peg.411,0.8670879662036896,0.0063427866029951594,Very Low,Low,Very Low–Low,,Hypothetical protein.,0,no STRING match,secondary STRING hit (STRING protein assigned to a better match),2276,2585,13,1
3125,fig|6666666.1036479.peg.2518,fig|6666666.1036479.peg.411,0.8670879662036896,0.006344816944417373,Very Low,Low,Very Low–Low,,Hypothetical protein.,0,no STRING match,secondary STRING hit (STRING protein assigned to a better match),2276,2585,13,1
3126,fig|6666666.1036479.peg.2525,fig|6666666.1036479.peg.411,0.8670879662036896,0.0063468472858395865,Very Low,Low,Very Low–Low,,Hypothetical protein.,0,no STRING match,secondary STRING hit (STRING protein assigned to a better match),2276,2585,13,1
3127,fig|6666666.1036479.peg.2529,fig|6666666.1036479.peg.411,0.8670879662036896,0.0063488776272618,Very Low,Low,Very Low–Low,,Hypothetical protein.,0,no STRING match,secondary STRING hit (STRING protein assigned to a better match),2276,2585,13,1
3128,fig|6666666.1036479.peg.2533,fig|6666666.1036479.peg.411,0.8670879662036896,0.006350907968684014,Very Low,Low,Very Low–Low,,Hypothetical protein.,0,no STRING match,secondary STRING hit (STRING protein assigned to a better match),2276,2585,13,1
3129,fig|6666666.1036479.peg.3172,fig|6666666.1036479.peg.411,0.8670879662036896,0.006352938310106228,Very Low,Low,Very Low–Low,,Hypothetical protein.,0,no STRING match,secondary STRING hit (STRING protein assigned to a better match),2276,2585,13,1
3130,fig|6666666.1036479.peg.411,fig|6666666.1036479.peg.972,0.8670879662036896,0.006354968651528441,Low,Very Low,Very Low–Low,Hypothetical protein.,,0,secondary STRING hit (STRING protein assigned to a better match),no STRING match,2585,2276,1,13
3131,fig|6666666.1036479.peg.411,fig|6666666.1036479.peg.977,0.8670879662036896,0.006356998992950655,Low,Very Low,Very Low–Low,Hypothetical protein.,,0,secondary STRING hit (STRING protein assigned to a better match),no STRING match,2585,2276,1,13
3132,fig|6666666.1036479.peg.411,fig|6666666.1036479.peg.982,0.8670879662036896,0.006359029334372868,Low,Very Low,Very Low–Low,Hypothetical protein.,,0,secondary STRING hit (STRING protein assigned to a better match),no STRING match,2585,2276,1,13
3133,fig|6666666.1036479.peg.411,fig|6666666.1036479.peg.986,0.8670879662036896,0.006361059675795082,Low,Very Low,Very Low–Low,Hypothetical protein.,,0,secondary STRING hit (STRING protein assigned to a better match),no STRING match,2585,2276,1,13
3134,fig|6666666.1036479.peg.411,fig|6666666.1036479.peg.990,0.8670879662036896,0.006363090017217295,Low,Very Low,Very Low–Low,Hypothetical protein.,,0,secondary STRING hit (STRING protein assigned to a better match),no STRING match,2585,2276,1,13
3135,fig|6666666.1036479.peg.411,fig|6666666.1036479.peg.2488,0.8670879662036896,0.006365120358639509,Low,Very Low,Very Low–Low,Hypothetical protein.,,0,secondary STRING hit (STRING protein assigned to a better match),no STRING match,2585,2276,1,13
3136,fig|6666666.1036479.peg.411,fig|6666666.1036479.peg.2493,0.8670879662036896,0.006367150700061722,Low,Very Low,Very Low–Low,Hypothetical protein.,,0,secondary STRING hit (STRING protein assigned to a better match),no STRING match,2585,2276,1,13
3137,fig|6666666.1036479.peg.370,fig|6666666.1036479.peg.1207,0.8670693635940552,0.006369181041483936,High,Low,Low–High,,,0,no STRING match,no STRING match,2579,2750,1,1
3138,fig|6666666.1036479.peg.2501,fig|6666666.1036479.peg.728,0.8670685946941376,0.006371211382906149,High,Medium,Medium–High,,,0,no STRING match,no STRING match,2265,2639,1,1
3139,fig|6666666.1036479.peg.3184,fig|6666666.1036479.peg.1300,0.8670464932918549,0.006373241724328363,Very Low,Low,Very Low–Low,,,0,no STRING match,no STRING match,2457,2763,1,1
3140,fig|6666666.1036479.peg.1080,fig|6666666.1036479.peg.1566,0.8670404970645904,0.006375272065750576,High,High,High–High,,,0,no STRING match,no STRING match,2712,2838,1,1
3141,fig|6666666.1036479.peg.289,fig|6666666.1036479.peg.1308,0.8670362770557404,0.00637730240717279,High,Medium,Medium–High,Hypothetical protein.,,0,secondary STRING hit (STRING protein assigned to a better match),no STRING match,2559,2764,1,1
3142,fig|6666666.1036479.peg.2520,fig|6666666.1036479.peg.3020,0.867031067609787,0.006379332748595003,Very Low,Low,Very Low–Low,,,0,no STRING match,no STRING match,2280,2433,1,1
3143,fig|6666666.1036479.peg.573,fig|6666666.1036479.peg.2404,0.867024403810501,0.006381363090017217,Very Low,Medium,Very Low–Medium,Hypothetical protein.,Hypothetical protein; COG0605 Superoxide dismutase.,0,secondary STRING hit (STRING protein assigned to a better match),secondary STRING hit (STRING protein assigned to a better match),2601,3028,1,1
3144,fig|6666666.1036479.peg.1962,fig|6666666.1036479.peg.2364,0.8670155942440033,0.006383393431439431,Medium,Medium,Medium–Medium,,,0,no STRING match,no STRING match,2944,3022,1,1
3145,fig|6666666.1036479.peg.2895,fig|6666666.1036479.peg.861,0.8670041561126709,0.006385423772861645,Very Low,High,Very Low–High,,,0,no STRING match,no STRING match,2394,2665,1,1
3146,fig|6666666.1036479.peg.3231,fig|6666666.1036479.peg.2455,0.8670031130313873,0.006387454114283858,Very Low,Medium,Very Low–Medium,,,0,no STRING match,no STRING match,2482,3038,2,1
3147,fig|6666666.1036479.peg.147,fig|6666666.1036479.peg.2455,0.8670031130313873,0.006389484455706072,Very Low,Medium,Very Low–Medium,,,0,no STRING match,no STRING match,2482,3038,2,1
3148,fig|6666666.1036479.peg.2504,fig|6666666.1036479.peg.1080,0.8669803738594055,0.006391514797128285,Very Low,High,Very Low–High,,,0,no STRING match,no STRING match,2268,2712,1,1
3149,fig|6666666.1036479.peg.2548,fig|6666666.1036479.peg.878,0.8669792592525483,0.006393545138550499,High,Very Low,Very Low–High,,,0,no STRING match,no STRING match,2298,1858,1,4
3150,fig|6666666.1036479.peg.2548,fig|6666666.1036479.peg.2100,0.8669792592525483,0.006395575479972712,High,Very Low,Very Low–High,,,0,no STRING match,no STRING match,2298,1858,1,4
3151,fig|6666666.1036479.peg.2548,fig|6666666.1036479.peg.2381,0.8669792592525483,0.006397605821394926,High,Very Low,Very Low–High,,,0,no STRING match,no STRING match,2298,1858,1,4
3152,fig|6666666.1036479.peg.1289,fig|6666666.1036479.peg.2455,0.8669566571712494,0.006399636162817139,Very Low,Medium,Very Low–Medium,,,0,no STRING match,no STRING match,2762,3038,1,1
3153,fig|6666666.1036479.peg.2548,fig|6666666.1036479.peg.2158,0.8669265031814575,0.006401666504239353,High,Very Low,Very Low–High,,,0,no STRING match,no STRING match,2298,2979,1,1
3154,fig|6666666.1036479.peg.411,fig|6666666.1036479.peg.1447,0.8669223368167878,0.006403696845661566,Low,Low,Low–Low,Hypothetical protein.,,0,secondary STRING hit (STRING protein assigned to a better match),no STRING match,2585,2821,1,1
3155,fig|6666666.1036479.peg.2929,fig|6666666.1036479.peg.2960,0.8669219195842743,0.00640572718708378,Very Low,Low,Very Low–Low,Hypothetical protein.,,0,secondary STRING hit (STRING protein assigned to a better match),no STRING match,2404,2412,1,1
3156,fig|6666666.1036479.peg.2948,fig|6666666.1036479.peg.1074,0.8668985307216645,0.006407757528505993,High,High,High–High,,,0,no STRING match,no STRING match,2410,2706,1,1
3157,fig|6666666.1036479.peg.289,fig|6666666.1036479.peg.2436,0.8668979525566101,0.006409787869928207,High,Medium,Medium–High,Hypothetical protein.,,0,secondary STRING hit (STRING protein assigned to a better match),no STRING match,2559,3033,1,1
3158,fig|6666666.1036479.peg.2923,fig|6666666.1036479.peg.2348,0.8668918132781982,0.00641181821135042,Medium,High,Medium–High,,,0,no STRING match,no STRING match,2400,3019,1,1
3159,fig|6666666.1036479.peg.1343,fig|6666666.1036479.peg.2348,0.8668880045413971,0.006413848552772634,Very Low,High,Very Low–High,,,0,no STRING match,no STRING match,2781,3019,1,1
3160,fig|6666666.1036479.peg.2969,fig|6666666.1036479.peg.370,0.8668541252613068,0.006415878894194848,Very Low,High,Very Low–High,,,0,no STRING match,no STRING match,2414,2579,1,1
3161,fig|6666666.1036479.peg.2523,fig|6666666.1036479.peg.2547,0.8668531835079193,0.006417909235617062,Low,Medium,Low–Medium,,,0,no STRING match,no STRING match,2282,2297,1,1
3162,fig|6666666.1036479.peg.1409,fig|6666666.1036479.peg.2092,0.8668385922908783,0.006419939577039275,Medium,Medium,Medium–Medium,,,0,no STRING match,no STRING match,2812,2954,1,1
3163,fig|6666666.1036479.peg.3207,fig|6666666.1036479.peg.1632,0.8668365061283112,0.006421969918461489,Medium,Very Low,Very Low–Medium,,,0,no STRING match,no STRING match,2468,2870,1,2
3164,fig|6666666.1036479.peg.3207,fig|6666666.1036479.peg.1639,0.8668365061283112,0.006424000259883702,Medium,Very Low,Very Low–Medium,,,0,no STRING match,no STRING match,2468,2870,1,2
3165,fig|6666666.1036479.peg.725,fig|6666666.1036479.peg.1409,0.8668239712715149,0.006426030601305916,Very Low,Medium,Very Low–Medium,,,0,no STRING match,no STRING match,2636,2812,1,1
3166,fig|6666666.1036479.peg.2556,fig|6666666.1036479.peg.2920,0.8668071985244751,0.006428060942728129,High,Very Low,Very Low–High,,,0,no STRING match,no STRING match,2306,2397,2,1
3167,fig|6666666.1036479.peg.2564,fig|6666666.1036479.peg.2920,0.8668071985244751,0.006430091284150343,High,Very Low,Very Low–High,,,0,no STRING match,no STRING match,2306,2397,2,1
3168,fig|6666666.1036479.peg.370,fig|6666666.1036479.peg.879,0.8667938530445098,0.006432121625572556,High,Very Low,Very Low–High,,Rhs element Vgr protein; COG3501 Uncharacterized protein conserved in bacteria.,0,no STRING match,secondary STRING hit (STRING protein assigned to a better match),2579,2672,1,1
3169,fig|6666666.1036479.peg.3020,fig|6666666.1036479.peg.1957,0.8667814552783966,0.00643415196699477,Low,Medium,Low–Medium,,,0,no STRING match,no STRING match,2433,2939,1,1
3170,fig|6666666.1036479.peg.2672,fig|6666666.1036479.peg.1582,0.8667507886886596,0.006436182308416983,Medium,Very Low,Very Low–Medium,,YD repeat-containing protein; COG3209 Rhs family protein.,0,no STRING match,secondary STRING hit (STRING protein assigned to a better match),2341,2850,1,1
3171,fig|6666666.1036479.peg.3207,fig|6666666.1036479.peg.1377,0.8667502403259277,0.006438212649839197,Medium,Very Low,Very Low–Medium,,,0,no STRING match,no STRING match,2468,2809,1,1
3172,fig|6666666.1036479.peg.866,fig|6666666.1036479.peg.1447,0.8667430222034455,0.00644024299126141,High,Low,Low–High,,,0,no STRING match,no STRING match,2667,2821,1,1
3173,fig|6666666.1036479.peg.2548,fig|6666666.1036479.peg.687,0.8666697025299073,0.006442273332683624,High,Very Low,Very Low–High,,,0,no STRING match,no STRING match,2298,2621,1,1
3174,fig|6666666.1036479.peg.866,fig|6666666.1036479.peg.894,0.8666587173938751,0.006444303674105837,High,Very Low,Very Low–High,,,0,no STRING match,no STRING match,2667,2686,1,1
3175,fig|6666666.1036479.peg.2854,fig|6666666.1036479.peg.411,0.866645234823227,0.006446334015528051,Low,Low,Low–Low,,Hypothetical protein.,0,no STRING match,secondary STRING hit (STRING protein assigned to a better match),2373,2585,1,1
3176,fig|6666666.1036479.peg.2969,fig|6666666.1036479.peg.861,0.8666249930858612,0.006448364356950265,Very Low,High,Very Low–High,,,0,no STRING match,no STRING match,2414,2665,1,1
3177,fig|6666666.1036479.peg.1410,fig|6666666.1036479.peg.2455,0.8666248023509979,0.006450394698372479,Medium,Medium,Medium–Medium,,,0,no STRING match,no STRING match,2813,3038,1,1
3178,fig|6666666.1036479.peg.2515,fig|6666666.1036479.peg.411,0.8666159689426423,0.006452425039794692,Very Low,Low,Very Low–Low,,Hypothetical protein.,0,no STRING match,secondary STRING hit (STRING protein assigned to a better match),2278,2585,1,1
3179,fig|6666666.1036479.peg.2505,fig|6666666.1036479.peg.3020,0.8665968298912048,0.006454455381216906,Very Low,Low,Very Low–Low,,,0,no STRING match,no STRING match,2269,2433,1,1
3180,fig|6666666.1036479.peg.573,fig|6666666.1036479.peg.1344,0.8665519297122956,0.006456485722639119,Very Low,Very Low,Very Low–Very Low,Hypothetical protein.,,0,secondary STRING hit (STRING protein assigned to a better match),no STRING match,2601,2782,1,1
3181,fig|6666666.1036479.peg.3209,fig|6666666.1036479.peg.3231,0.8665292501449585,0.006458516064061333,Medium,Very Low,Very Low–Medium,,,0,no STRING match,no STRING match,2469,2482,1,2
3182,fig|6666666.1036479.peg.3209,fig|6666666.1036479.peg.147,0.8665292501449585,0.006460546405483546,Medium,Very Low,Very Low–Medium,,,0,no STRING match,no STRING match,2469,2482,1,2
3183,fig|6666666.1036479.peg.2548,fig|6666666.1036479.peg.2157,0.8665275275707245,0.00646257674690576,High,Very Low,Very Low–High,,,0,no STRING match,no STRING match,2298,2978,1,1
3184,fig|6666666.1036479.peg.1946,fig|6666666.1036479.peg.2455,0.8665220081806183,0.006464607088327973,Medium,Medium,Medium–Medium,,,0,no STRING match,no STRING match,2929,3038,1,1
3185,fig|6666666.1036479.peg.3207,fig|6666666.1036479.peg.1965,0.8665216863155365,0.006466637429750187,Medium,Medium,Medium–Medium,,Hypothetical protein.,0,no STRING match,secondary STRING hit (STRING protein assigned to a better match),2468,2945,1,1
3186,fig|6666666.1036479.peg.2988,fig|6666666.1036479.peg.314,0.8665212452411651,0.0064686677711724,Medium,Very Low,Very Low–Medium,Hypothetical protein.,,0,secondary STRING hit (STRING protein assigned to a better match),no STRING match,2416,2572,1,1
3187,fig|6666666.1036479.peg.36,fig|6666666.1036479.peg.2455,0.8665205836296082,0.006470698112594614,Medium,Medium,Medium–Medium,,,0,no STRING match,no STRING match,2524,3038,2,1
3188,fig|6666666.1036479.peg.184,fig|6666666.1036479.peg.2455,0.8665205836296082,0.006472728454016827,Medium,Medium,Medium–Medium,,,0,no STRING match,no STRING match,2524,3038,2,1
3189,fig|6666666.1036479.peg.411,fig|6666666.1036479.peg.731,0.8665096402168274,0.006474758795439041,Low,Low,Low–Low,Hypothetical protein.,,0,secondary STRING hit (STRING protein assigned to a better match),no STRING match,2585,2642,1,1
3190,fig|6666666.1036479.peg.289,fig|6666666.1036479.peg.1300,0.8665029168128967,0.006476789136861254,High,Low,Low–High,Hypothetical protein.,,0,secondary STRING hit (STRING protein assigned to a better match),no STRING match,2559,2763,1,1
3191,fig|6666666.1036479.peg.817,fig|6666666.1036479.peg.881,0.8664881229400635,0.006478819478283468,Low,High,Low–High,Phospholipid/glycerol acyltransferase; COG4258 Predicted exporter.,,0,secondary STRING hit (STRING protein assigned to a better match),no STRING match,2663,2674,1,1
3192,fig|6666666.1036479.peg.1447,fig|6666666.1036479.peg.2348,0.866481602191925,0.006480849819705682,Low,High,Low–High,,,0,no STRING match,no STRING match,2821,3019,1,1
3193,fig|6666666.1036479.peg.3209,fig|6666666.1036479.peg.3222,0.8664773166179657,0.006482880161127896,Medium,Medium,Medium–Medium,,,0,no STRING match,no STRING match,2469,2473,1,2
3194,fig|6666666.1036479.peg.3209,fig|6666666.1036479.peg.138,0.8664773166179657,0.006484910502550109,Medium,Medium,Medium–Medium,,,0,no STRING match,no STRING match,2469,2473,1,2
3195,fig|6666666.1036479.peg.2541,fig|6666666.1036479.peg.861,0.8664540708065033,0.006486940843972323,Very Low,High,Very Low–High,,,0,no STRING match,no STRING match,2291,2665,1,1
3196,fig|6666666.1036479.peg.2679,fig|6666666.1036479.peg.2960,0.8664483428001404,0.006488971185394536,Medium,Low,Low–Medium,,,0,no STRING match,no STRING match,2342,2412,1,1
3197,fig|6666666.1036479.peg.1300,fig|6666666.1036479.peg.2327,0.8664388000965119,0.00649100152681675,Low,Medium,Low–Medium,,,0,no STRING match,no STRING match,2763,3016,1,1
3198,fig|6666666.1036479.peg.2548,fig|6666666.1036479.peg.1431,0.8664300680160523,0.006493031868238963,High,Very Low,Very Low–High,,,0,no STRING match,no STRING match,2298,2820,1,1
3199,fig|6666666.1036479.peg.2506,fig|6666666.1036479.peg.2516,0.8664288282394409,0.006495062209661177,Very Low,Very Low,Very Low–Very Low,,,0,no STRING match,no STRING match,2270,2270,6,6
3200,fig|6666666.1036479.peg.2506,fig|6666666.1036479.peg.2522,0.8664288282394409,0.00649709255108339,Very Low,Very Low,Very Low–Very Low,,,0,no STRING match,no STRING match,2270,2270,6,6
3201,fig|6666666.1036479.peg.2506,fig|6666666.1036479.peg.974,0.8664288282394409,0.006499122892505604,Very Low,Very Low,Very Low–Very Low,,,0,no STRING match,no STRING match,2270,2270,6,6
3202,fig|6666666.1036479.peg.2506,fig|6666666.1036479.peg.979,0.8664288282394409,0.006501153233927817,Very Low,Very Low,Very Low–Very Low,,,0,no STRING match,no STRING match,2270,2270,6,6
3203,fig|6666666.1036479.peg.2506,fig|6666666.1036479.peg.2491,0.8664288282394409,0.006503183575350031,Very Low,Very Low,Very Low–Very Low,,,0,no STRING match,no STRING match,2270,2270,6,6
3204,fig|6666666.1036479.peg.2516,fig|6666666.1036479.peg.2522,0.8664288282394409,0.006505213916772244,Very Low,Very Low,Very Low–Very Low,,,0,no STRING match,no STRING match,2270,2270,6,6
3205,fig|6666666.1036479.peg.2516,fig|6666666.1036479.peg.974,0.8664288282394409,0.006507244258194458,Very Low,Very Low,Very Low–Very Low,,,0,no STRING match,no STRING match,2270,2270,6,6
3206,fig|6666666.1036479.peg.2516,fig|6666666.1036479.peg.979,0.8664288282394409,0.006509274599616671,Very Low,Very Low,Very Low–Very Low,,,0,no STRING match,no STRING match,2270,2270,6,6
3207,fig|6666666.1036479.peg.2516,fig|6666666.1036479.peg.2491,0.8664288282394409,0.006511304941038885,Very Low,Very Low,Very Low–Very Low,,,0,no STRING match,no STRING match,2270,2270,6,6
3208,fig|6666666.1036479.peg.2522,fig|6666666.1036479.peg.974,0.8664288282394409,0.006513335282461099,Very Low,Very Low,Very Low–Very Low,,,0,no STRING match,no STRING match,2270,2270,6,6
3209,fig|6666666.1036479.peg.2522,fig|6666666.1036479.peg.979,0.8664288282394409,0.006515365623883313,Very Low,Very Low,Very Low–Very Low,,,0,no STRING match,no STRING match,2270,2270,6,6
3210,fig|6666666.1036479.peg.2522,fig|6666666.1036479.peg.2491,0.8664288282394409,0.006517395965305526,Very Low,Very Low,Very Low–Very Low,,,0,no STRING match,no STRING match,2270,2270,6,6
3211,fig|6666666.1036479.peg.974,fig|6666666.1036479.peg.979,0.8664288282394409,0.00651942630672774,Very Low,Very Low,Very Low–Very Low,,,0,no STRING match,no STRING match,2270,2270,6,6
3212,fig|6666666.1036479.peg.974,fig|6666666.1036479.peg.2491,0.8664288282394409,0.006521456648149953,Very Low,Very Low,Very Low–Very Low,,,0,no STRING match,no STRING match,2270,2270,6,6
3213,fig|6666666.1036479.peg.979,fig|6666666.1036479.peg.2491,0.8664288282394409,0.006523486989572167,Very Low,Very Low,Very Low–Very Low,,,0,no STRING match,no STRING match,2270,2270,6,6
3214,fig|6666666.1036479.peg.1092,fig|6666666.1036479.peg.2348,0.8664286851882934,0.00652551733099438,Very Low,High,Very Low–High,,,0,no STRING match,no STRING match,2715,3019,1,1
3215,fig|6666666.1036479.peg.3222,fig|6666666.1036479.peg.1655,0.8664235889911651,0.006527547672416594,Medium,Medium,Medium–Medium,,,0,no STRING match,no STRING match,2473,2882,2,1
3216,fig|6666666.1036479.peg.138,fig|6666666.1036479.peg.1655,0.8664235889911651,0.006529578013838807,Medium,Medium,Medium–Medium,,,0,no STRING match,no STRING match,2473,2882,2,1
3217,fig|6666666.1036479.peg.740,fig|6666666.1036479.peg.2364,0.8664195358753204,0.006531608355261021,Very Low,Medium,Very Low–Medium,,,0,no STRING match,no STRING match,2651,3022,1,1
3218,fig|6666666.1036479.peg.2547,fig|6666666.1036479.peg.1962,0.8664127826690674,0.006533638696683234,Medium,Medium,Medium–Medium,,,0,no STRING match,no STRING match,2297,2944,1,1
3219,fig|6666666.1036479.peg.740,fig|6666666.1036479.peg.1308,0.8664076626300812,0.006535669038105448,Very Low,Medium,Very Low–Medium,,,0,no STRING match,no STRING match,2651,2764,1,1
3220,fig|6666666.1036479.peg.2672,fig|6666666.1036479.peg.736,0.8664067268371582,0.006537699379527661,Medium,Very Low,Very Low–Medium,,,0,no STRING match,no STRING match,2341,2647,1,1
3221,fig|6666666.1036479.peg.723,fig|6666666.1036479.peg.1300,0.8663842856884003,0.006539729720949875,High,Low,Low–High,,,0,no STRING match,no STRING match,2634,2763,1,1
3222,fig|6666666.1036479.peg.3207,fig|6666666.1036479.peg.1807,0.8663470447063446,0.006541760062372088,Medium,Low,Low–Medium,,,0,no STRING match,no STRING match,2468,2905,1,1
3223,fig|6666666.1036479.peg.370,fig|6666666.1036479.peg.1554,0.8663202047348022,0.006543790403794302,High,Medium,Medium–High,,,0,no STRING match,no STRING match,2579,2831,1,1
3224,fig|6666666.1036479.peg.1300,fig|6666666.1036479.peg.2114,0.8663081169128418,0.006545820745216516,Low,Very Low,Very Low–Low,,"COG1629 Outer membrane receptor proteins, mostly Fe transport.",0,no STRING match,secondary STRING hit (STRING protein assigned to a better match),2763,2964,1,1
3225,fig|6666666.1036479.peg.3010,fig|6666666.1036479.peg.719,0.8662887692451477,0.0065478510866387295,Low,Medium,Low–Medium,,,0,no STRING match,no STRING match,2425,2630,1,1
3226,fig|6666666.1036479.peg.3107,fig|6666666.1036479.peg.3207,0.8662887156009674,0.006549881428060943,Very Low,Medium,Very Low–Medium,,,0,no STRING match,no STRING match,2444,2468,1,1
3227,fig|6666666.1036479.peg.2843,fig|6666666.1036479.peg.1946,0.8662514746189117,0.0065519117694831566,Very Low,Medium,Very Low–Medium,,,0,no STRING match,no STRING match,2370,2929,1,1
3228,fig|6666666.1036479.peg.2672,fig|6666666.1036479.peg.652,0.8662443101406098,0.00655394211090537,Medium,Very Low,Very Low–Medium,,,0,no STRING match,no STRING match,2341,2615,1,1
3229,fig|6666666.1036479.peg.1308,fig|6666666.1036479.peg.2327,0.8662255942821503,0.0065559724523275836,Medium,Medium,Medium–Medium,,,0,no STRING match,no STRING match,2764,3016,1,1
3230,fig|6666666.1036479.peg.2891,fig|6666666.1036479.peg.2364,0.8662192940711975,0.006558002793749797,Medium,Medium,Medium–Medium,,,0,no STRING match,no STRING match,2390,3022,1,1
3231,fig|6666666.1036479.peg.881,fig|6666666.1036479.peg.1617,0.8662064135074615,0.006560033135172011,High,Low,Low–High,,,0,no STRING match,no STRING match,2674,2864,1,2
3232,fig|6666666.1036479.peg.881,fig|6666666.1036479.peg.1625,0.8662064135074615,0.006562063476594224,High,Low,Low–High,,,0,no STRING match,no STRING match,2674,2864,1,2
3233,fig|6666666.1036479.peg.2548,fig|6666666.1036479.peg.776,0.8662049531936645,0.006564093818016438,High,Low,Low–High,,,0,no STRING match,no STRING match,2298,2659,1,1
3234,fig|6666666.1036479.peg.35,fig|6666666.1036479.peg.861,0.866195124387741,0.006566124159438651,Very Low,High,Very Low–High,,,0,no STRING match,no STRING match,2523,2665,2,1
3235,fig|6666666.1036479.peg.183,fig|6666666.1036479.peg.861,0.866195124387741,0.006568154500860865,Very Low,High,Very Low–High,,,0,no STRING match,no STRING match,2523,2665,2,1
3236,fig|6666666.1036479.peg.3207,fig|6666666.1036479.peg.1554,0.8661814987659454,0.006570184842283078,Medium,Medium,Medium–Medium,,,0,no STRING match,no STRING match,2468,2831,1,1
3237,fig|6666666.1036479.peg.2929,fig|6666666.1036479.peg.1289,0.8661678373813629,0.006572215183705292,Very Low,Very Low,Very Low–Very Low,Hypothetical protein.,,0,secondary STRING hit (STRING protein assigned to a better match),no STRING match,2404,2762,1,1
3238,fig|6666666.1036479.peg.2679,fig|6666666.1036479.peg.1289,0.8661668002605438,0.006574245525127505,Medium,Very Low,Very Low–Medium,,,0,no STRING match,no STRING match,2342,2762,1,1
3239,fig|6666666.1036479.peg.3254,fig|6666666.1036479.peg.22,0.8661423265933991,0.006576275866549719,High,High,High–High,,,0,no STRING match,no STRING match,2505,2505,3,3
3240,fig|6666666.1036479.peg.3254,fig|6666666.1036479.peg.170,0.8661423265933991,0.006578306207971933,High,High,High–High,,,0,no STRING match,no STRING match,2505,2505,3,3
3241,fig|6666666.1036479.peg.22,fig|6666666.1036479.peg.170,0.8661423265933991,0.0065803365493941465,High,High,High–High,,,0,no STRING match,no STRING match,2505,2505,3,3
3242,fig|6666666.1036479.peg.1949,fig|6666666.1036479.peg.2364,0.8661406457424163,0.00658236689081636,Medium,Medium,Medium–Medium,,,0,no STRING match,no STRING match,2932,3022,1,1
3243,fig|6666666.1036479.peg.728,fig|6666666.1036479.peg.2352,0.866119784116745,0.0065843972322385735,Medium,Medium,Medium–Medium,,,0,no STRING match,no STRING match,2639,3020,1,1
3244,fig|6666666.1036479.peg.2672,fig|6666666.1036479.peg.721,0.8661110460758209,0.006586427573660787,Medium,High,Medium–High,,Yd repeat protein; COG3209 Rhs family protein.,0,no STRING match,secondary STRING hit (STRING protein assigned to a better match),2341,2632,1,1
3245,fig|6666666.1036479.peg.3188,fig|6666666.1036479.peg.1300,0.866111022233963,0.0065884579150830005,Medium,Low,Low–Medium,,,0,no STRING match,no STRING match,2461,2763,1,1
3246,fig|6666666.1036479.peg.2506,fig|6666666.1036479.peg.2523,0.8661008417606354,0.006590488256505214,Very Low,Low,Very Low–Low,,,0,no STRING match,no STRING match,2270,2282,6,1
3247,fig|6666666.1036479.peg.2516,fig|6666666.1036479.peg.2523,0.8661008417606354,0.0065925185979274275,Very Low,Low,Very Low–Low,,,0,no STRING match,no STRING match,2270,2282,6,1
3248,fig|6666666.1036479.peg.2522,fig|6666666.1036479.peg.2523,0.8661008417606354,0.006594548939349641,Very Low,Low,Very Low–Low,,,0,no STRING match,no STRING match,2270,2282,6,1
3249,fig|6666666.1036479.peg.2523,fig|6666666.1036479.peg.974,0.8661008417606354,0.0065965792807718545,Low,Very Low,Very Low–Low,,,0,no STRING match,no STRING match,2282,2270,1,6
3250,fig|6666666.1036479.peg.2523,fig|6666666.1036479.peg.979,0.8661008417606354,0.006598609622194068,Low,Very Low,Very Low–Low,,,0,no STRING match,no STRING match,2282,2270,1,6
3251,fig|6666666.1036479.peg.2523,fig|6666666.1036479.peg.2491,0.8661008417606354,0.0066006399636162815,Low,Very Low,Very Low–Low,,,0,no STRING match,no STRING match,2282,2270,1,6
3252,fig|6666666.1036479.peg.1127,fig|6666666.1036479.peg.2364,0.8660899937152863,0.006602670305038495,Low,Medium,Low–Medium,Hypothetical protein.,,0,secondary STRING hit (STRING protein assigned to a better match),no STRING match,2743,3022,1,1
3253,fig|6666666.1036479.peg.36,fig|6666666.1036479.peg.1300,0.8660892963409423,0.0066047006464607086,Medium,Low,Low–Medium,,,0,no STRING match,no STRING match,2524,2763,2,1
3254,fig|6666666.1036479.peg.184,fig|6666666.1036479.peg.1300,0.8660892963409423,0.006606730987882922,Medium,Low,Low–Medium,,,0,no STRING match,no STRING match,2524,2763,2,1
3255,fig|6666666.1036479.peg.942,fig|6666666.1036479.peg.2364,0.8660624206066132,0.006608761329305136,Very Low,Medium,Very Low–Medium,,,0,no STRING match,no STRING match,2691,3022,1,1
3256,fig|6666666.1036479.peg.3191,fig|6666666.1036479.peg.728,0.8660532116889954,0.00661079167072735,Medium,Medium,Medium–Medium,,,0,no STRING match,no STRING match,2464,2639,1,1
3257,fig|6666666.1036479.peg.2505,fig|6666666.1036479.peg.1947,0.8660416543483734,0.0066128220121495634,Very Low,Medium,Very Low–Medium,,,0,no STRING match,no STRING match,2269,2930,1,1
3258,fig|6666666.1036479.peg.861,fig|6666666.1036479.peg.1319,0.8660051822662354,0.006614852353571777,High,High,High–High,,,0,no STRING match,no STRING match,2665,2773,1,1
3259,fig|6666666.1036479.peg.2520,fig|6666666.1036479.peg.1947,0.8659957528114319,0.0066168826949939905,Very Low,Medium,Very Low–Medium,,,0,no STRING match,no STRING match,2280,2930,1,1
3260,fig|6666666.1036479.peg.2517,fig|6666666.1036479.peg.1300,0.8659786283969879,0.006618913036416204,Medium,Low,Low–Medium,,,0,no STRING match,no STRING match,2279,2763,1,1
3261,fig|6666666.1036479.peg.2548,fig|6666666.1036479.peg.1181,0.8659720957279206,0.0066209433778384175,High,Very Low,Very Low–High,,,0,no STRING match,no STRING match,2298,2747,1,1
3262,fig|6666666.1036479.peg.889,fig|6666666.1036479.peg.2455,0.8659481406211853,0.006622973719260631,Low,Medium,Low–Medium,,,0,no STRING match,no STRING match,2682,3038,1,1
3263,fig|6666666.1036479.peg.861,fig|6666666.1036479.peg.1604,0.865948086977005,0.0066250040606828445,High,Very Low,Very Low–High,,YD repeat-containing protein; COG3209 Rhs family protein.,0,no STRING match,secondary STRING hit (STRING protein assigned to a better match),2665,2862,1,2
3264,fig|6666666.1036479.peg.861,fig|6666666.1036479.peg.1611,0.865948086977005,0.006627034402105058,High,Very Low,Very Low–High,,YD repeat-containing protein; COG3209 Rhs family protein.,0,no STRING match,secondary STRING hit (STRING protein assigned to a better match),2665,2862,1,2
3265,fig|6666666.1036479.peg.3033,fig|6666666.1036479.peg.3207,0.865946638584137,0.0066290647435272715,Low,Medium,Low–Medium,,,0,no STRING match,no STRING match,2437,2468,1,1
3266,fig|6666666.1036479.peg.411,fig|6666666.1036479.peg.2383,0.865903502702713,0.006631095084949485,Low,Very Low,Very Low–Low,Hypothetical protein.,Hypothetical protein.,0,secondary STRING hit (STRING protein assigned to a better match),secondary STRING hit (STRING protein assigned to a better match),2585,3024,1,1
3267,fig|6666666.1036479.peg.2523,fig|6666666.1036479.peg.1289,0.8658556699752807,0.0066331254263716985,Low,Very Low,Very Low–Low,,,0,no STRING match,no STRING match,2282,2762,1,1
3268,fig|6666666.1036479.peg.2948,fig|6666666.1036479.peg.1567,0.8658531785011292,0.006635155767793912,High,Low,Low–High,,,0,no STRING match,no STRING match,2410,2839,1,1
3269,fig|6666666.1036479.peg.3188,fig|6666666.1036479.peg.725,0.8658482670783997,0.0066371861092161255,Medium,Very Low,Very Low–Medium,,,0,no STRING match,no STRING match,2461,2636,1,1
3270,fig|6666666.1036479.peg.3079,fig|6666666.1036479.peg.411,0.8658466756343841,0.006639216450638339,Very Low,Low,Very Low–Low,,Hypothetical protein.,0,no STRING match,secondary STRING hit (STRING protein assigned to a better match),2442,2585,1,1
3271,fig|6666666.1036479.peg.887,fig|6666666.1036479.peg.2364,0.8658099472522736,0.0066412467920605525,Medium,Medium,Medium–Medium,,,0,no STRING match,no STRING match,2680,3022,1,1
3272,fig|6666666.1036479.peg.2672,fig|6666666.1036479.peg.35,0.865799605846405,0.006643277133482767,Medium,Very Low,Very Low–Medium,,,0,no STRING match,no STRING match,2341,2523,1,2
3273,fig|6666666.1036479.peg.2672,fig|6666666.1036479.peg.183,0.865799605846405,0.00664530747490498,Medium,Very Low,Very Low–Medium,,,0,no STRING match,no STRING match,2341,2523,1,2
3274,fig|6666666.1036479.peg.2348,fig|6666666.1036479.peg.2385,0.8657892882823944,0.006647337816327194,High,Medium,Medium–High,,,0,no STRING match,no STRING match,3019,3026,1,1
3275,fig|6666666.1036479.peg.2504,fig|6666666.1036479.peg.3207,0.8657851219177246,0.006649368157749407,Very Low,Medium,Very Low–Medium,,,0,no STRING match,no STRING match,2268,2468,1,1
3276,fig|6666666.1036479.peg.3209,fig|6666666.1036479.peg.38,0.8657608807086945,0.006651398499171621,Medium,Low,Low–Medium,,,0,no STRING match,no STRING match,2469,2526,1,2
3277,fig|6666666.1036479.peg.3209,fig|6666666.1036479.peg.186,0.8657608807086945,0.006653428840593834,Medium,Low,Low–Medium,,,0,no STRING match,no STRING match,2469,2526,1,2
3278,fig|6666666.1036479.peg.2843,fig|6666666.1036479.peg.3254,0.8657433032989502,0.006655459182016048,Very Low,High,Very Low–High,,,0,no STRING match,no STRING match,2370,2505,1,3
3279,fig|6666666.1036479.peg.2843,fig|6666666.1036479.peg.22,0.8657433032989502,0.006657489523438261,Very Low,High,Very Low–High,,,0,no STRING match,no STRING match,2370,2505,1,3
3280,fig|6666666.1036479.peg.2843,fig|6666666.1036479.peg.170,0.8657433032989502,0.006659519864860475,Very Low,High,Very Low–High,,,0,no STRING match,no STRING match,2370,2505,1,3
3281,fig|6666666.1036479.peg.2532,fig|6666666.1036479.peg.1289,0.8657397985458374,0.0066615502062826884,Low,Very Low,Very Low–Low,,,0,no STRING match,no STRING match,2284,2762,4,1
3282,fig|6666666.1036479.peg.3171,fig|6666666.1036479.peg.1289,0.8657397985458374,0.006663580547704902,Low,Very Low,Very Low–Low,,,0,no STRING match,no STRING match,2284,2762,4,1
3283,fig|6666666.1036479.peg.987,fig|6666666.1036479.peg.1289,0.8657397985458374,0.0066656108891271154,Low,Very Low,Very Low–Low,,,0,no STRING match,no STRING match,2284,2762,4,1
3284,fig|6666666.1036479.peg.1289,fig|6666666.1036479.peg.2492,0.8657397985458374,0.006667641230549329,Very Low,Low,Very Low–Low,,,0,no STRING match,no STRING match,2762,2284,1,4
3285,fig|6666666.1036479.peg.411,fig|6666666.1036479.peg.1412,0.8657339155673981,0.0066696715719715425,Low,Medium,Low–Medium,Hypothetical protein.,,0,secondary STRING hit (STRING protein assigned to a better match),no STRING match,2585,2815,1,1
3286,fig|6666666.1036479.peg.370,fig|6666666.1036479.peg.1118,0.865694522857666,0.006671701913393756,High,Very Low,Very Low–High,,,0,no STRING match,no STRING match,2579,2734,1,1
3287,fig|6666666.1036479.peg.281,fig|6666666.1036479.peg.370,0.8656799733638764,0.0066737322548159695,Very Low,High,Very Low–High,,,0,no STRING match,no STRING match,2558,2579,1,1
3288,fig|6666666.1036479.peg.2948,fig|6666666.1036479.peg.40,0.8656782150268555,0.006675762596238184,High,Very Low,Very Low–High,,,0,no STRING match,no STRING match,2410,2528,1,2
3289,fig|6666666.1036479.peg.2948,fig|6666666.1036479.peg.188,0.8656782150268555,0.006677792937660397,High,Very Low,Very Low–High,,,0,no STRING match,no STRING match,2410,2528,1,2
3290,fig|6666666.1036479.peg.2547,fig|6666666.1036479.peg.1943,0.865671581029892,0.006679823279082611,Medium,Medium,Medium–Medium,,COG3103 SH3 domain protein.,0,no STRING match,secondary STRING hit (STRING protein assigned to a better match),2297,2926,1,1
3291,fig|6666666.1036479.peg.3008,fig|6666666.1036479.peg.1946,0.8656533539295197,0.006681853620504824,Medium,Medium,Medium–Medium,,,0,no STRING match,no STRING match,2423,2929,1,1
3292,fig|6666666.1036479.peg.3010,fig|6666666.1036479.peg.1657,0.865645557641983,0.006683883961927038,Low,Medium,Low–Medium,,,0,no STRING match,no STRING match,2425,2883,1,1
3293,fig|6666666.1036479.peg.2672,fig|6666666.1036479.peg.1447,0.8656345129013061,0.006685914303349251,Medium,Low,Low–Medium,,,0,no STRING match,no STRING match,2341,2821,1,1
3294,fig|6666666.1036479.peg.2532,fig|6666666.1036479.peg.2960,0.8655734479427337,0.006687944644771465,Low,Low,Low–Low,,,0,no STRING match,no STRING match,2284,2412,4,1
3295,fig|6666666.1036479.peg.2960,fig|6666666.1036479.peg.3171,0.8655734479427337,0.006689974986193678,Low,Low,Low–Low,,,0,no STRING match,no STRING match,2412,2284,1,4
3296,fig|6666666.1036479.peg.2960,fig|6666666.1036479.peg.987,0.8655734479427337,0.006692005327615892,Low,Low,Low–Low,,,0,no STRING match,no STRING match,2412,2284,1,4
3297,fig|6666666.1036479.peg.2960,fig|6666666.1036479.peg.2492,0.8655734479427337,0.006694035669038105,Low,Low,Low–Low,,,0,no STRING match,no STRING match,2412,2284,1,4
3298,fig|6666666.1036479.peg.392,fig|6666666.1036479.peg.2348,0.8655713438987732,0.006696066010460319,Very Low,High,Very Low–High,,,0,no STRING match,no STRING match,2581,3019,1,1
3299,fig|6666666.1036479.peg.866,fig|6666666.1036479.peg.1649,0.8655694484710693,0.006698096351882532,High,Very Low,Very Low–High,,YD repeat-containing protein; COG3209 Rhs family protein.,0,no STRING match,secondary STRING hit (STRING protein assigned to a better match),2667,2879,1,1
3300,fig|6666666.1036479.peg.2548,fig|6666666.1036479.peg.1229,0.8655693590641022,0.006700126693304746,High,Very Low,Very Low–High,,,0,no STRING match,no STRING match,2298,2753,1,1
3301,fig|6666666.1036479.peg.3010,fig|6666666.1036479.peg.3017,0.8655676960945129,0.006702157034726959,Low,Medium,Low–Medium,,,0,no STRING match,no STRING match,2425,2430,1,1
3302,fig|6666666.1036479.peg.861,fig|6666666.1036479.peg.2289,0.8655488908290863,0.006704187376149173,High,Very Low,Very Low–High,,,0,no STRING match,no STRING match,2665,3006,1,1
3303,fig|6666666.1036479.peg.2948,fig|6666666.1036479.peg.1951,0.8655382513999939,0.006706217717571386,High,High,High–High,,,0,no STRING match,no STRING match,2410,2934,1,1
3304,fig|6666666.1036479.peg.2920,fig|6666666.1036479.peg.3188,0.8655353605747222,0.006708248058993601,Very Low,Medium,Very Low–Medium,,,0,no STRING match,no STRING match,2397,2461,1,1
3305,fig|6666666.1036479.peg.725,fig|6666666.1036479.peg.2106,0.8655342280864715,0.006710278400415814,Very Low,High,Very Low–High,,Hypothetical protein.,0,no STRING match,secondary STRING hit (STRING protein assigned to a better match),2636,2959,1,1
3306,fig|6666666.1036479.peg.2547,fig|6666666.1036479.peg.2405,0.8655055582523346,0.006712308741838028,Medium,Medium,Medium–Medium,,Hypothetical protein; COG0605 Superoxide dismutase.,0,no STRING match,secondary STRING hit (STRING protein assigned to a better match),2297,3029,1,1
3307,fig|6666666.1036479.peg.1300,fig|6666666.1036479.peg.1953,0.8655005514621734,0.006714339083260241,Low,Low,Low–Low,,,0,no STRING match,no STRING match,2763,2935,1,1
3308,fig|6666666.1036479.peg.3223,fig|6666666.1036479.peg.2364,0.8654695212841034,0.006716369424682455,High,Medium,Medium–High,,,0,no STRING match,no STRING match,2474,3022,2,1
3309,fig|6666666.1036479.peg.139,fig|6666666.1036479.peg.2364,0.8654695212841034,0.006718399766104668,High,Medium,Medium–High,,,0,no STRING match,no STRING match,2474,3022,2,1
3310,fig|6666666.1036479.peg.2503,fig|6666666.1036479.peg.411,0.8654613196849823,0.006720430107526882,Very Low,Low,Very Low–Low,,Hypothetical protein.,0,no STRING match,secondary STRING hit (STRING protein assigned to a better match),2267,2585,1,1
3311,fig|6666666.1036479.peg.411,fig|6666666.1036479.peg.551,0.865449583530426,0.006722460448949095,Low,Very Low,Very Low–Low,Hypothetical protein.,,0,secondary STRING hit (STRING protein assigned to a better match),no STRING match,2585,2597,1,1
3312,fig|6666666.1036479.peg.1603,fig|6666666.1036479.peg.2348,0.8654469788074494,0.006724490790371309,Very Low,High,Very Low–High,,,0,no STRING match,no STRING match,2861,3019,2,1
3313,fig|6666666.1036479.peg.1610,fig|6666666.1036479.peg.2348,0.8654469788074494,0.006726521131793522,Very Low,High,Very Low–High,,,0,no STRING match,no STRING match,2861,3019,2,1
3314,fig|6666666.1036479.peg.881,fig|6666666.1036479.peg.1409,0.8654360473155975,0.006728551473215736,High,Medium,Medium–High,,,0,no STRING match,no STRING match,2674,2812,1,1
3315,fig|6666666.1036479.peg.2929,fig|6666666.1036479.peg.1080,0.8654089510440827,0.006730581814637949,Very Low,High,Very Low–High,Hypothetical protein.,,0,secondary STRING hit (STRING protein assigned to a better match),no STRING match,2404,2712,1,1
3316,fig|6666666.1036479.peg.2923,fig|6666666.1036479.peg.3207,0.8654053032398223,0.006732612156060163,Medium,Medium,Medium–Medium,,,0,no STRING match,no STRING match,2400,2468,1,1
3317,fig|6666666.1036479.peg.3231,fig|6666666.1036479.peg.1410,0.8653976321220398,0.006734642497482376,Very Low,Medium,Very Low–Medium,,,0,no STRING match,no STRING match,2482,2813,2,1
3318,fig|6666666.1036479.peg.147,fig|6666666.1036479.peg.1410,0.8653976321220398,0.00673667283890459,Very Low,Medium,Very Low–Medium,,,0,no STRING match,no STRING match,2482,2813,2,1
3319,fig|6666666.1036479.peg.2503,fig|6666666.1036479.peg.370,0.8653861820697785,0.006738703180326803,Very Low,High,Very Low–High,,,0,no STRING match,no STRING match,2267,2579,1,1
3320,fig|6666666.1036479.peg.3017,fig|6666666.1036479.peg.3209,0.8653858721256256,0.006740733521749018,Medium,Medium,Medium–Medium,,,0,no STRING match,no STRING match,2430,2469,1,1
3321,fig|6666666.1036479.peg.2929,fig|6666666.1036479.peg.2455,0.8653773427009582,0.006742763863171231,Very Low,Medium,Very Low–Medium,Hypothetical protein.,,0,secondary STRING hit (STRING protein assigned to a better match),no STRING match,2404,3038,1,1
3322,fig|6666666.1036479.peg.3008,fig|6666666.1036479.peg.3184,0.8653339445590973,0.006744794204593445,Medium,Very Low,Very Low–Medium,,,0,no STRING match,no STRING match,2423,2457,1,1
3323,fig|6666666.1036479.peg.2512,fig|6666666.1036479.peg.866,0.8653142809867859,0.006746824546015658,Very Low,High,Very Low–High,,,0,no STRING match,no STRING match,2276,2667,13,1
3324,fig|6666666.1036479.peg.2518,fig|6666666.1036479.peg.866,0.8653142809867859,0.006748854887437872,Very Low,High,Very Low–High,,,0,no STRING match,no STRING match,2276,2667,13,1
3325,fig|6666666.1036479.peg.2525,fig|6666666.1036479.peg.866,0.8653142809867859,0.006750885228860085,Very Low,High,Very Low–High,,,0,no STRING match,no STRING match,2276,2667,13,1
3326,fig|6666666.1036479.peg.2529,fig|6666666.1036479.peg.866,0.8653142809867859,0.006752915570282299,Very Low,High,Very Low–High,,,0,no STRING match,no STRING match,2276,2667,13,1
3327,fig|6666666.1036479.peg.2533,fig|6666666.1036479.peg.866,0.8653142809867859,0.006754945911704512,Very Low,High,Very Low–High,,,0,no STRING match,no STRING match,2276,2667,13,1
3328,fig|6666666.1036479.peg.3172,fig|6666666.1036479.peg.866,0.8653142809867859,0.006756976253126726,Very Low,High,Very Low–High,,,0,no STRING match,no STRING match,2276,2667,13,1
3329,fig|6666666.1036479.peg.866,fig|6666666.1036479.peg.972,0.8653142809867859,0.006759006594548939,High,Very Low,Very Low–High,,,0,no STRING match,no STRING match,2667,2276,1,13
3330,fig|6666666.1036479.peg.866,fig|6666666.1036479.peg.977,0.8653142809867859,0.006761036935971153,High,Very Low,Very Low–High,,,0,no STRING match,no STRING match,2667,2276,1,13
3331,fig|6666666.1036479.peg.866,fig|6666666.1036479.peg.982,0.8653142809867859,0.006763067277393366,High,Very Low,Very Low–High,,,0,no STRING match,no STRING match,2667,2276,1,13
3332,fig|6666666.1036479.peg.866,fig|6666666.1036479.peg.986,0.8653142809867859,0.00676509761881558,High,Very Low,Very Low–High,,,0,no STRING match,no STRING match,2667,2276,1,13
3333,fig|6666666.1036479.peg.866,fig|6666666.1036479.peg.990,0.8653142809867859,0.006767127960237793,High,Very Low,Very Low–High,,,0,no STRING match,no STRING match,2667,2276,1,13
3334,fig|6666666.1036479.peg.866,fig|6666666.1036479.peg.2488,0.8653142809867859,0.006769158301660007,High,Very Low,Very Low–High,,,0,no STRING match,no STRING match,2667,2276,1,13
3335,fig|6666666.1036479.peg.866,fig|6666666.1036479.peg.2493,0.8653142809867859,0.00677118864308222,High,Very Low,Very Low–High,,,0,no STRING match,no STRING match,2667,2276,1,13
3336,fig|6666666.1036479.peg.2672,fig|6666666.1036479.peg.281,0.8652953207492828,0.006773218984504435,Medium,Very Low,Very Low–Medium,,,0,no STRING match,no STRING match,2341,2558,1,1
3337,fig|6666666.1036479.peg.1308,fig|6666666.1036479.peg.2093,0.8652853846549988,0.006775249325926648,Medium,Medium,Medium–Medium,,,0,no STRING match,no STRING match,2764,2955,1,1
3338,fig|6666666.1036479.peg.2988,fig|6666666.1036479.peg.729,0.8652754545211792,0.006777279667348862,Medium,Medium,Medium–Medium,Hypothetical protein.,,0,secondary STRING hit (STRING protein assigned to a better match),no STRING match,2416,2640,1,1
3339,fig|6666666.1036479.peg.3017,fig|6666666.1036479.peg.89,0.8652570366859436,0.006779310008771075,Medium,Very Low,Very Low–Medium,,,0,no STRING match,no STRING match,2430,2542,1,1
3340,fig|6666666.1036479.peg.728,fig|6666666.1036479.peg.1412,0.8652495861053466,0.006781340350193289,Medium,Medium,Medium–Medium,,,0,no STRING match,no STRING match,2639,2815,1,1
3341,fig|6666666.1036479.peg.2548,fig|6666666.1036479.peg.2784,0.8652481317520142,0.006783370691615502,High,Very Low,Very Low–High,,,0,no STRING match,no STRING match,2298,2355,1,1
3342,fig|6666666.1036479.peg.881,fig|6666666.1036479.peg.942,0.8652477622032165,0.006785401033037716,High,Very Low,Very Low–High,,,0,no STRING match,no STRING match,2674,2691,1,1
3343,fig|6666666.1036479.peg.2988,fig|6666666.1036479.peg.1894,0.8652252733707428,0.006787431374459929,Medium,Medium,Medium–Medium,Hypothetical protein.,Hypothetical protein.,0,secondary STRING hit (STRING protein assigned to a better match),secondary STRING hit (STRING protein assigned to a better match),2416,2912,1,1
3344,fig|6666666.1036479.peg.2092,fig|6666666.1036479.peg.2114,0.8652194678783417,0.006789461715882143,Medium,Very Low,Very Low–Medium,,"COG1629 Outer membrane receptor proteins, mostly Fe transport.",0,no STRING match,secondary STRING hit (STRING protein assigned to a better match),2954,2964,1,1
3345,fig|6666666.1036479.peg.3207,fig|6666666.1036479.peg.659,0.8652051687240601,0.006791492057304356,Medium,Very Low,Very Low–Medium,,,0,no STRING match,no STRING match,2468,2617,1,1
3346,fig|6666666.1036479.peg.2948,fig|6666666.1036479.peg.2404,0.8651762545108795,0.00679352239872657,High,Medium,Medium–High,,Hypothetical protein; COG0605 Superoxide dismutase.,0,no STRING match,secondary STRING hit (STRING protein assigned to a better match),2410,3028,1,1
3347,fig|6666666.1036479.peg.411,fig|6666666.1036479.peg.1951,0.8651742279529572,0.006795552740148783,Low,High,Low–High,Hypothetical protein.,,0,secondary STRING hit (STRING protein assigned to a better match),no STRING match,2585,2934,1,1
3348,fig|6666666.1036479.peg.2672,fig|6666666.1036479.peg.1109,0.8651726186275482,0.006797583081570997,Medium,Very Low,Very Low–Medium,,,0,no STRING match,no STRING match,2341,2726,1,1
3349,fig|6666666.1036479.peg.2327,fig|6666666.1036479.peg.2436,0.8651678264141083,0.00679961342299321,Medium,Medium,Medium–Medium,,,0,no STRING match,no STRING match,3016,3033,1,1
3350,fig|6666666.1036479.peg.2547,fig|6666666.1036479.peg.1566,0.8651269733905792,0.006801643764415424,Medium,High,Medium–High,,,0,no STRING match,no STRING match,2297,2838,1,1
3351,fig|6666666.1036479.peg.3008,fig|6666666.1036479.peg.3254,0.8651249766349792,0.006803674105837637,Medium,High,Medium–High,,,0,no STRING match,no STRING match,2423,2505,1,3
3352,fig|6666666.1036479.peg.3008,fig|6666666.1036479.peg.22,0.8651249766349792,0.006805704447259852,Medium,High,Medium–High,,,0,no STRING match,no STRING match,2423,2505,1,3
3353,fig|6666666.1036479.peg.3008,fig|6666666.1036479.peg.170,0.8651249766349792,0.006807734788682065,Medium,High,Medium–High,,,0,no STRING match,no STRING match,2423,2505,1,3
3354,fig|6666666.1036479.peg.426,fig|6666666.1036479.peg.861,0.8651090383529663,0.006809765130104279,Very Low,High,Very Low–High,,,0,no STRING match,no STRING match,2588,2665,1,1
3355,fig|6666666.1036479.peg.411,fig|6666666.1036479.peg.1961,0.8650999188423156,0.006811795471526492,Low,Medium,Low–Medium,Hypothetical protein.,,0,secondary STRING hit (STRING protein assigned to a better match),no STRING match,2585,2943,1,1
3356,fig|6666666.1036479.peg.2920,fig|6666666.1036479.peg.1409,0.8650864958763123,0.006813825812948706,Very Low,Medium,Very Low–Medium,,,0,no STRING match,no STRING match,2397,2812,1,1
3357,fig|6666666.1036479.peg.312,fig|6666666.1036479.peg.370,0.8650710940361023,0.006815856154370919,Medium,High,Medium–High,,,0,no STRING match,no STRING match,2570,2579,1,1
3358,fig|6666666.1036479.peg.3010,fig|6666666.1036479.peg.3231,0.8650709211826324,0.006817886495793133,Low,Very Low,Very Low–Low,,,0,no STRING match,no STRING match,2425,2482,1,2
3359,fig|6666666.1036479.peg.3010,fig|6666666.1036479.peg.147,0.8650709211826324,0.006819916837215346,Low,Very Low,Very Low–Low,,,0,no STRING match,no STRING match,2425,2482,1,2
3360,fig|6666666.1036479.peg.861,fig|6666666.1036479.peg.1582,0.8650516271591187,0.00682194717863756,High,Very Low,Very Low–High,,YD repeat-containing protein; COG3209 Rhs family protein.,0,no STRING match,secondary STRING hit (STRING protein assigned to a better match),2665,2850,1,1
3361,fig|6666666.1036479.peg.728,fig|6666666.1036479.peg.1961,0.8650514364242554,0.006823977520059773,Medium,Medium,Medium–Medium,,,0,no STRING match,no STRING match,2639,2943,1,1
3362,fig|6666666.1036479.peg.411,fig|6666666.1036479.peg.1118,0.8650511801242828,0.006826007861481987,Low,Very Low,Very Low–Low,Hypothetical protein.,,0,secondary STRING hit (STRING protein assigned to a better match),no STRING match,2585,2734,1,1
3363,fig|6666666.1036479.peg.2843,fig|6666666.1036479.peg.3008,0.8650457680225372,0.0068280382029042,Very Low,Medium,Very Low–Medium,,,0,no STRING match,no STRING match,2370,2423,1,1
3364,fig|6666666.1036479.peg.881,fig|6666666.1036479.peg.2025,0.8650280058383941,0.006830068544326414,High,Very Low,Very Low–High,,,0,no STRING match,no STRING match,2674,2950,1,1
3365,fig|6666666.1036479.peg.3191,fig|6666666.1036479.peg.573,0.865026342868805,0.006832098885748627,Medium,Very Low,Very Low–Medium,,Hypothetical protein.,0,no STRING match,secondary STRING hit (STRING protein assigned to a better match),2464,2601,1,1
3366,fig|6666666.1036479.peg.3017,fig|6666666.1036479.peg.1074,0.8650094509124756,0.006834129227170841,Medium,High,Medium–High,,,0,no STRING match,no STRING match,2430,2706,1,1
3367,fig|6666666.1036479.peg.2556,fig|6666666.1036479.peg.725,0.8649748623371124,0.006836159568593054,High,Very Low,Very Low–High,,,0,no STRING match,no STRING match,2306,2636,2,1
3368,fig|6666666.1036479.peg.2564,fig|6666666.1036479.peg.725,0.8649748623371124,0.006838189910015269,High,Very Low,Very Low–High,,,0,no STRING match,no STRING match,2306,2636,2,1
3369,fig|6666666.1036479.peg.2556,fig|6666666.1036479.peg.2092,0.864970350265503,0.006840220251437482,High,Medium,Medium–High,,,0,no STRING match,no STRING match,2306,2954,2,1
3370,fig|6666666.1036479.peg.2564,fig|6666666.1036479.peg.2092,0.864970350265503,0.006842250592859696,High,Medium,Medium–High,,,0,no STRING match,no STRING match,2306,2954,2,1
3371,fig|6666666.1036479.peg.728,fig|6666666.1036479.peg.1265,0.864954823255539,0.006844280934281909,Medium,Low,Low–Medium,,,0,no STRING match,no STRING match,2639,2760,1,1
3372,fig|6666666.1036479.peg.411,fig|6666666.1036479.peg.714,0.8649307012557983,0.006846311275704123,Low,Low,Low–Low,Hypothetical protein.,,0,secondary STRING hit (STRING protein assigned to a better match),no STRING match,2585,2627,1,1
3373,fig|6666666.1036479.peg.36,fig|6666666.1036479.peg.719,0.864911413192749,0.006848341617126336,Medium,Medium,Medium–Medium,,,0,no STRING match,no STRING match,2524,2630,2,1
3374,fig|6666666.1036479.peg.184,fig|6666666.1036479.peg.719,0.864911413192749,0.00685037195854855,Medium,Medium,Medium–Medium,,,0,no STRING match,no STRING match,2524,2630,2,1
3375,fig|6666666.1036479.peg.2538,fig|6666666.1036479.peg.2548,0.8648995161056519,0.006852402299970763,Very Low,High,Very Low–High,,,0,no STRING match,no STRING match,2288,2298,1,1
3376,fig|6666666.1036479.peg.2114,fig|6666666.1036479.peg.2455,0.8648891150951385,0.006854432641392977,Very Low,Medium,Very Low–Medium,"COG1629 Outer membrane receptor proteins, mostly Fe transport.",,0,secondary STRING hit (STRING protein assigned to a better match),no STRING match,2964,3038,1,1
3377,fig|6666666.1036479.peg.1947,fig|6666666.1036479.peg.2469,0.8648667514324189,0.00685646298281519,Medium,Very Low,Very Low–Medium,,,0,no STRING match,no STRING match,2930,3042,1,1
3378,fig|6666666.1036479.peg.2948,fig|6666666.1036479.peg.732,0.8648484349250793,0.006858493324237404,High,Medium,Medium–High,,,0,no STRING match,no STRING match,2410,2643,1,1
3379,fig|6666666.1036479.peg.2548,fig|6666666.1036479.peg.1178,0.8648400783538819,0.006860523665659617,High,Very Low,Very Low–High,,,0,no STRING match,no STRING match,2298,2745,1,1
3380,fig|6666666.1036479.peg.861,fig|6666666.1036479.peg.1496,0.8648232698440552,0.006862554007081831,High,Very Low,Very Low–High,,,0,no STRING match,no STRING match,2665,2826,1,1
3381,fig|6666666.1036479.peg.2547,fig|6666666.1036479.peg.942,0.8648221611976623,0.006864584348504044,Medium,Very Low,Very Low–Medium,,,0,no STRING match,no STRING match,2297,2691,1,1
3382,fig|6666666.1036479.peg.2969,fig|6666666.1036479.peg.411,0.8648051798343659,0.006866614689926258,Very Low,Low,Very Low–Low,,Hypothetical protein.,0,no STRING match,secondary STRING hit (STRING protein assigned to a better match),2414,2585,1,1
3383,fig|6666666.1036479.peg.2515,fig|6666666.1036479.peg.861,0.8647727310657501,0.006868645031348471,Very Low,High,Very Low–High,,,0,no STRING match,no STRING match,2278,2665,1,1
3384,fig|6666666.1036479.peg.3209,fig|6666666.1036479.peg.1289,0.8647604763507843,0.0068706753727706855,Medium,Very Low,Very Low–Medium,,,0,no STRING match,no STRING match,2469,2762,1,1
3385,fig|6666666.1036479.peg.2672,fig|6666666.1036479.peg.894,0.8647573113441467,0.006872705714192899,Medium,Very Low,Very Low–Medium,,,0,no STRING match,no STRING match,2341,2686,1,1
3386,fig|6666666.1036479.peg.728,fig|6666666.1036479.peg.1919,0.8647490978240967,0.0068747360556151126,Medium,Very Low,Very Low–Medium,,,0,no STRING match,no STRING match,2639,2920,1,1
3387,fig|6666666.1036479.peg.2548,fig|6666666.1036479.peg.103,0.8647454917430878,0.006876766397037326,High,Low,Low–High,,Hypothetical protein; COG0457 FOG: TPR repeat.,0,no STRING match,secondary STRING hit (STRING protein assigned to a better match),2298,2543,1,1
3388,fig|6666666.1036479.peg.2814,fig|6666666.1036479.peg.3231,0.8647443950176239,0.00687879673845954,Very Low,Very Low,Very Low–Very Low,,,0,no STRING match,no STRING match,2358,2482,1,2
3389,fig|6666666.1036479.peg.2814,fig|6666666.1036479.peg.147,0.8647443950176239,0.006880827079881753,Very Low,Very Low,Very Low–Very Low,,,0,no STRING match,no STRING match,2358,2482,1,2
3390,fig|6666666.1036479.peg.2672,fig|6666666.1036479.peg.3202,0.8647409915924072,0.006882857421303967,Medium,Very Low,Very Low–Medium,,,0,no STRING match,no STRING match,2341,2467,1,1
3391,fig|6666666.1036479.peg.2809,fig|6666666.1036479.peg.1947,0.8647305548191071,0.00688488776272618,Very Low,Medium,Very Low–Medium,,,0,no STRING match,no STRING match,2357,2930,1,1
3392,fig|6666666.1036479.peg.2548,fig|6666666.1036479.peg.877,0.8647034049034119,0.006886918104148394,High,Very Low,Very Low–High,,,0,no STRING match,no STRING match,2298,2671,1,1
3393,fig|6666666.1036479.peg.3010,fig|6666666.1036479.peg.3222,0.8646897912025452,0.006888948445570607,Low,Medium,Low–Medium,,,0,no STRING match,no STRING match,2425,2473,1,2
3394,fig|6666666.1036479.peg.3010,fig|6666666.1036479.peg.138,0.8646897912025452,0.006890978786992821,Low,Medium,Low–Medium,,,0,no STRING match,no STRING match,2425,2473,1,2
3395,fig|6666666.1036479.peg.3187,fig|6666666.1036479.peg.728,0.8646875262260437,0.006893009128415034,Very Low,Medium,Very Low–Medium,Hypothetical protein.,,0,secondary STRING hit (STRING protein assigned to a better match),no STRING match,2460,2639,1,1
3396,fig|6666666.1036479.peg.3223,fig|6666666.1036479.peg.1308,0.8646874308586121,0.006895039469837248,High,Medium,Medium–High,,,0,no STRING match,no STRING match,2474,2764,2,1
3397,fig|6666666.1036479.peg.139,fig|6666666.1036479.peg.1308,0.8646874308586121,0.006897069811259461,High,Medium,Medium–High,,,0,no STRING match,no STRING match,2474,2764,2,1
3398,fig|6666666.1036479.peg.3188,fig|6666666.1036479.peg.3222,0.8646848261356354,0.006899100152681675,Medium,Medium,Medium–Medium,,,0,no STRING match,no STRING match,2461,2473,1,2
3399,fig|6666666.1036479.peg.3188,fig|6666666.1036479.peg.138,0.8646848261356354,0.006901130494103888,Medium,Medium,Medium–Medium,,,0,no STRING match,no STRING match,2461,2473,1,2
3400,fig|6666666.1036479.peg.3222,fig|6666666.1036479.peg.1949,0.8646817684173584,0.0069031608355261025,Medium,Medium,Medium–Medium,,,0,no STRING match,no STRING match,2473,2932,2,1
3401,fig|6666666.1036479.peg.138,fig|6666666.1036479.peg.1949,0.8646817684173584,0.006905191176948316,Medium,Medium,Medium–Medium,,,0,no STRING match,no STRING match,2473,2932,2,1
3402,fig|6666666.1036479.peg.411,fig|6666666.1036479.peg.2404,0.8646812796592712,0.0069072215183705295,Low,Medium,Low–Medium,Hypothetical protein.,Hypothetical protein; COG0605 Superoxide dismutase.,0,secondary STRING hit (STRING protein assigned to a better match),secondary STRING hit (STRING protein assigned to a better match),2585,3028,1,1
3403,fig|6666666.1036479.peg.2535,fig|6666666.1036479.peg.3020,0.8646805226802826,0.006909251859792743,Very Low,Low,Very Low–Low,,,0,no STRING match,no STRING match,2285,2433,1,1
3404,fig|6666666.1036479.peg.726,fig|6666666.1036479.peg.728,0.8646686732769012,0.0069112822012149565,Very Low,Medium,Very Low–Medium,,,0,no STRING match,no STRING match,2637,2639,1,1
3405,fig|6666666.1036479.peg.3077,fig|6666666.1036479.peg.1300,0.864653354883194,0.00691331254263717,Medium,Low,Low–Medium,,,0,no STRING match,no STRING match,2440,2763,1,1
3406,fig|6666666.1036479.peg.861,fig|6666666.1036479.peg.1109,0.864632660150528,0.0069153428840593835,High,Very Low,Very Low–High,,,0,no STRING match,no STRING match,2665,2726,1,1
3407,fig|6666666.1036479.peg.2889,fig|6666666.1036479.peg.866,0.8646201014518737,0.006917373225481597,Medium,High,Medium–High,,,0,no STRING match,no STRING match,2388,2667,1,1
3408,fig|6666666.1036479.peg.3207,fig|6666666.1036479.peg.1494,0.8646185994148254,0.0069194035669038105,Medium,Very Low,Very Low–Medium,,,0,no STRING match,no STRING match,2468,2824,1,1
3409,fig|6666666.1036479.peg.2988,fig|6666666.1036479.peg.817,0.8646091997623444,0.006921433908326024,Medium,Low,Low–Medium,Hypothetical protein.,Phospholipid/glycerol acyltransferase; COG4258 Predicted exporter.,0,secondary STRING hit (STRING protein assigned to a better match),secondary STRING hit (STRING protein assigned to a better match),2416,2663,1,1
3410,fig|6666666.1036479.peg.2918,fig|6666666.1036479.peg.3207,0.8646031320095062,0.0069234642497482375,Very Low,Medium,Very Low–Medium,,,0,no STRING match,no STRING match,2396,2468,1,1
3411,fig|6666666.1036479.peg.3231,fig|6666666.1036479.peg.2092,0.8645865023136139,0.006925494591170451,Very Low,Medium,Very Low–Medium,,,0,no STRING match,no STRING match,2482,2954,2,1
3412,fig|6666666.1036479.peg.147,fig|6666666.1036479.peg.2092,0.8645865023136139,0.0069275249325926646,Very Low,Medium,Very Low–Medium,,,0,no STRING match,no STRING match,2482,2954,2,1
3413,fig|6666666.1036479.peg.2814,fig|6666666.1036479.peg.2988,0.8645661234855652,0.006929555274014878,Very Low,Medium,Very Low–Medium,,Hypothetical protein.,0,no STRING match,secondary STRING hit (STRING protein assigned to a better match),2358,2416,1,1
3414,fig|6666666.1036479.peg.2538,fig|6666666.1036479.peg.2672,0.8645549476146698,0.006931585615437092,Very Low,Medium,Very Low–Medium,,,0,no STRING match,no STRING match,2288,2341,1,1
3415,fig|6666666.1036479.peg.2548,fig|6666666.1036479.peg.1784,0.8645499765872955,0.006933615956859305,High,Very Low,Very Low–High,,,0,no STRING match,no STRING match,2298,2897,1,1
3416,fig|6666666.1036479.peg.2539,fig|6666666.1036479.peg.728,0.8645325183868409,0.0069356462982815194,Low,Medium,Low–Medium,,,0,no STRING match,no STRING match,2289,2639,1,1
3417,fig|6666666.1036479.peg.2548,fig|6666666.1036479.peg.3182,0.8645319640636444,0.006937676639703733,High,Very Low,Very Low–High,,Rhs element Vgr protein; COG3501 Uncharacterized protein conserved in bacteria.,0,no STRING match,secondary STRING hit (STRING protein assigned to a better match),2298,2455,1,1
3418,fig|6666666.1036479.peg.3207,fig|6666666.1036479.peg.1706,0.8645252227783203,0.0069397069811259465,Medium,Very Low,Very Low–Medium,,,0,no STRING match,no STRING match,2468,2886,1,1
3419,fig|6666666.1036479.peg.3209,fig|6666666.1036479.peg.725,0.864523071050644,0.00694173732254816,Medium,Very Low,Very Low–Medium,,,0,no STRING match,no STRING match,2469,2636,1,1
3420,fig|6666666.1036479.peg.3207,fig|6666666.1036479.peg.1092,0.8645165264606476,0.0069437676639703735,Medium,Very Low,Very Low–Medium,,,0,no STRING match,no STRING match,2468,2715,1,1
3421,fig|6666666.1036479.peg.2924,fig|6666666.1036479.peg.1308,0.8645135343074799,0.006945798005392587,Very Low,Medium,Very Low–Medium,,,0,no STRING match,no STRING match,2401,2764,1,1
3422,fig|6666666.1036479.peg.2512,fig|6666666.1036479.peg.2348,0.8645084202289581,0.0069478283468148005,Very Low,High,Very Low–High,,,0,no STRING match,no STRING match,2276,3019,13,1
3423,fig|6666666.1036479.peg.2518,fig|6666666.1036479.peg.2348,0.8645084202289581,0.006949858688237014,Very Low,High,Very Low–High,,,0,no STRING match,no STRING match,2276,3019,13,1
3424,fig|6666666.1036479.peg.2525,fig|6666666.1036479.peg.2348,0.8645084202289581,0.0069518890296592275,Very Low,High,Very Low–High,,,0,no STRING match,no STRING match,2276,3019,13,1
3425,fig|6666666.1036479.peg.2529,fig|6666666.1036479.peg.2348,0.8645084202289581,0.006953919371081441,Very Low,High,Very Low–High,,,0,no STRING match,no STRING match,2276,3019,13,1
3426,fig|6666666.1036479.peg.2533,fig|6666666.1036479.peg.2348,0.8645084202289581,0.0069559497125036545,Very Low,High,Very Low–High,,,0,no STRING match,no STRING match,2276,3019,13,1
3427,fig|6666666.1036479.peg.3172,fig|6666666.1036479.peg.2348,0.8645084202289581,0.006957980053925868,Very Low,High,Very Low–High,,,0,no STRING match,no STRING match,2276,3019,13,1
3428,fig|6666666.1036479.peg.972,fig|6666666.1036479.peg.2348,0.8645084202289581,0.0069600103953480815,Very Low,High,Very Low–High,,,0,no STRING match,no STRING match,2276,3019,13,1
3429,fig|6666666.1036479.peg.977,fig|6666666.1036479.peg.2348,0.8645084202289581,0.006962040736770295,Very Low,High,Very Low–High,,,0,no STRING match,no STRING match,2276,3019,13,1
3430,fig|6666666.1036479.peg.982,fig|6666666.1036479.peg.2348,0.8645084202289581,0.0069640710781925085,Very Low,High,Very Low–High,,,0,no STRING match,no STRING match,2276,3019,13,1
3431,fig|6666666.1036479.peg.986,fig|6666666.1036479.peg.2348,0.8645084202289581,0.006966101419614722,Very Low,High,Very Low–High,,,0,no STRING match,no STRING match,2276,3019,13,1
3432,fig|6666666.1036479.peg.990,fig|6666666.1036479.peg.2348,0.8645084202289581,0.006968131761036936,Very Low,High,Very Low–High,,,0,no STRING match,no STRING match,2276,3019,13,1
3433,fig|6666666.1036479.peg.2348,fig|6666666.1036479.peg.2488,0.8645084202289581,0.00697016210245915,High,Very Low,Very Low–High,,,0,no STRING match,no STRING match,3019,2276,1,13
3434,fig|6666666.1036479.peg.2348,fig|6666666.1036479.peg.2493,0.8645084202289581,0.006972192443881363,High,Very Low,Very Low–High,,,0,no STRING match,no STRING match,3019,2276,1,13
3435,fig|6666666.1036479.peg.2535,fig|6666666.1036479.peg.1947,0.8645082652568817,0.006974222785303577,Very Low,Medium,Very Low–Medium,,,0,no STRING match,no STRING match,2285,2930,1,1
3436,fig|6666666.1036479.peg.861,fig|6666666.1036479.peg.1352,0.8644972562789917,0.00697625312672579,High,Medium,Medium–High,,,0,no STRING match,no STRING match,2665,2789,1,1
3437,fig|6666666.1036479.peg.1409,fig|6666666.1036479.peg.1657,0.8644940972328186,0.006978283468148004,Medium,Medium,Medium–Medium,,,0,no STRING match,no STRING match,2812,2883,1,1
3438,fig|6666666.1036479.peg.2509,fig|6666666.1036479.peg.3231,0.8644858598709106,0.006980313809570217,Very Low,Very Low,Very Low–Very Low,,,0,no STRING match,no STRING match,2273,2482,15,2
3439,fig|6666666.1036479.peg.2509,fig|6666666.1036479.peg.147,0.8644858598709106,0.006982344150992431,Very Low,Very Low,Very Low–Very Low,,,0,no STRING match,no STRING match,2273,2482,15,2
3440,fig|6666666.1036479.peg.2513,fig|6666666.1036479.peg.3231,0.8644858598709106,0.0069843744924146444,Very Low,Very Low,Very Low–Very Low,,,0,no STRING match,no STRING match,2273,2482,15,2
3441,fig|6666666.1036479.peg.2513,fig|6666666.1036479.peg.147,0.8644858598709106,0.006986404833836858,Very Low,Very Low,Very Low–Very Low,,,0,no STRING match,no STRING match,2273,2482,15,2
3442,fig|6666666.1036479.peg.2519,fig|6666666.1036479.peg.3231,0.8644858598709106,0.0069884351752590715,Very Low,Very Low,Very Low–Very Low,,,0,no STRING match,no STRING match,2273,2482,15,2
3443,fig|6666666.1036479.peg.2519,fig|6666666.1036479.peg.147,0.8644858598709106,0.006990465516681285,Very Low,Very Low,Very Low–Very Low,,,0,no STRING match,no STRING match,2273,2482,15,2
3444,fig|6666666.1036479.peg.2526,fig|6666666.1036479.peg.3231,0.8644858598709106,0.0069924958581034985,Very Low,Very Low,Very Low–Very Low,,,0,no STRING match,no STRING match,2273,2482,15,2
3445,fig|6666666.1036479.peg.2526,fig|6666666.1036479.peg.147,0.8644858598709106,0.006994526199525712,Very Low,Very Low,Very Low–Very Low,,,0,no STRING match,no STRING match,2273,2482,15,2
3446,fig|6666666.1036479.peg.2530,fig|6666666.1036479.peg.3231,0.8644858598709106,0.0069965565409479255,Very Low,Very Low,Very Low–Very Low,,,0,no STRING match,no STRING match,2273,2482,15,2
3447,fig|6666666.1036479.peg.2530,fig|6666666.1036479.peg.147,0.8644858598709106,0.006998586882370139,Very Low,Very Low,Very Low–Very Low,,,0,no STRING match,no STRING match,2273,2482,15,2
3448,fig|6666666.1036479.peg.2534,fig|6666666.1036479.peg.3231,0.8644858598709106,0.007000617223792353,Very Low,Very Low,Very Low–Very Low,,,0,no STRING match,no STRING match,2273,2482,15,2
3449,fig|6666666.1036479.peg.2534,fig|6666666.1036479.peg.147,0.8644858598709106,0.007002647565214567,Very Low,Very Low,Very Low–Very Low,,,0,no STRING match,no STRING match,2273,2482,15,2
3450,fig|6666666.1036479.peg.3173,fig|6666666.1036479.peg.3231,0.8644858598709106,0.00700467790663678,Very Low,Very Low,Very Low–Very Low,,,0,no STRING match,no STRING match,2273,2482,15,2
3451,fig|6666666.1036479.peg.3173,fig|6666666.1036479.peg.147,0.8644858598709106,0.007006708248058994,Very Low,Very Low,Very Low–Very Low,,,0,no STRING match,no STRING match,2273,2482,15,2
3452,fig|6666666.1036479.peg.3231,fig|6666666.1036479.peg.971,0.8644858598709106,0.007008738589481207,Very Low,Very Low,Very Low–Very Low,,,0,no STRING match,no STRING match,2482,2273,2,15
3453,fig|6666666.1036479.peg.3231,fig|6666666.1036479.peg.976,0.8644858598709106,0.007010768930903421,Very Low,Very Low,Very Low–Very Low,,,0,no STRING match,no STRING match,2482,2273,2,15
3454,fig|6666666.1036479.peg.3231,fig|6666666.1036479.peg.981,0.8644858598709106,0.007012799272325634,Very Low,Very Low,Very Low–Very Low,,,0,no STRING match,no STRING match,2482,2273,2,15
3455,fig|6666666.1036479.peg.3231,fig|6666666.1036479.peg.985,0.8644858598709106,0.007014829613747848,Very Low,Very Low,Very Low–Very Low,,,0,no STRING match,no STRING match,2482,2273,2,15
3456,fig|6666666.1036479.peg.3231,fig|6666666.1036479.peg.989,0.8644858598709106,0.007016859955170061,Very Low,Very Low,Very Low–Very Low,,,0,no STRING match,no STRING match,2482,2273,2,15
3457,fig|6666666.1036479.peg.3231,fig|6666666.1036479.peg.2489,0.8644858598709106,0.007018890296592275,Very Low,Very Low,Very Low–Very Low,,,0,no STRING match,no STRING match,2482,2273,2,15
3458,fig|6666666.1036479.peg.3231,fig|6666666.1036479.peg.2494,0.8644858598709106,0.007020920638014488,Very Low,Very Low,Very Low–Very Low,,,0,no STRING match,no STRING match,2482,2273,2,15
3459,fig|6666666.1036479.peg.3231,fig|6666666.1036479.peg.2498,0.8644858598709106,0.007022950979436702,Very Low,Very Low,Very Low–Very Low,,,0,no STRING match,no STRING match,2482,2273,2,15
3460,fig|6666666.1036479.peg.147,fig|6666666.1036479.peg.971,0.8644858598709106,0.007024981320858915,Very Low,Very Low,Very Low–Very Low,,,0,no STRING match,no STRING match,2482,2273,2,15
3461,fig|6666666.1036479.peg.147,fig|6666666.1036479.peg.976,0.8644858598709106,0.007027011662281129,Very Low,Very Low,Very Low–Very Low,,,0,no STRING match,no STRING match,2482,2273,2,15
3462,fig|6666666.1036479.peg.147,fig|6666666.1036479.peg.981,0.8644858598709106,0.007029042003703342,Very Low,Very Low,Very Low–Very Low,,,0,no STRING match,no STRING match,2482,2273,2,15
3463,fig|6666666.1036479.peg.147,fig|6666666.1036479.peg.985,0.8644858598709106,0.007031072345125556,Very Low,Very Low,Very Low–Very Low,,,0,no STRING match,no STRING match,2482,2273,2,15
3464,fig|6666666.1036479.peg.147,fig|6666666.1036479.peg.989,0.8644858598709106,0.00703310268654777,Very Low,Very Low,Very Low–Very Low,,,0,no STRING match,no STRING match,2482,2273,2,15
3465,fig|6666666.1036479.peg.147,fig|6666666.1036479.peg.2489,0.8644858598709106,0.007035133027969984,Very Low,Very Low,Very Low–Very Low,,,0,no STRING match,no STRING match,2482,2273,2,15
3466,fig|6666666.1036479.peg.147,fig|6666666.1036479.peg.2494,0.8644858598709106,0.007037163369392197,Very Low,Very Low,Very Low–Very Low,,,0,no STRING match,no STRING match,2482,2273,2,15
3467,fig|6666666.1036479.peg.147,fig|6666666.1036479.peg.2498,0.8644858598709106,0.007039193710814411,Very Low,Very Low,Very Low–Very Low,,,0,no STRING match,no STRING match,2482,2273,2,15
3468,fig|6666666.1036479.peg.38,fig|6666666.1036479.peg.720,0.8644834518432617,0.007041224052236624,Low,High,Low–High,,,0,no STRING match,no STRING match,2526,2631,2,1
3469,fig|6666666.1036479.peg.186,fig|6666666.1036479.peg.720,0.8644834518432617,0.007043254393658838,Low,High,Low–High,,,0,no STRING match,no STRING match,2526,2631,2,1
3470,fig|6666666.1036479.peg.2924,fig|6666666.1036479.peg.2092,0.8644767642021179,0.007045284735081051,Very Low,Medium,Very Low–Medium,,,0,no STRING match,no STRING match,2401,2954,1,1
3471,fig|6666666.1036479.peg.3207,fig|6666666.1036479.peg.2497,0.8644511342048645,0.007047315076503265,Medium,Very Low,Very Low–Medium,,,0,no STRING match,no STRING match,2468,3047,1,1
3472,fig|6666666.1036479.peg.370,fig|6666666.1036479.peg.1704,0.8644343078136444,0.007049345417925478,High,Very Low,Very Low–High,,,0,no STRING match,no STRING match,2579,2885,1,1
3473,fig|6666666.1036479.peg.2920,fig|6666666.1036479.peg.723,0.8644227743148803,0.007051375759347692,Very Low,High,Very Low–High,,,0,no STRING match,no STRING match,2397,2634,1,1
3474,fig|6666666.1036479.peg.3015,fig|6666666.1036479.peg.2436,0.8644118130207061,0.007053406100769905,Low,Medium,Low–Medium,,,0,no STRING match,no STRING match,2428,3033,1,1
3475,fig|6666666.1036479.peg.1,fig|6666666.1036479.peg.370,0.8643844425678253,0.007055436442192119,Very Low,High,Very Low–High,,,0,no STRING match,no STRING match,2509,2579,1,1
3476,fig|6666666.1036479.peg.2987,fig|6666666.1036479.peg.1947,0.8643712401390076,0.007057466783614332,Very Low,Medium,Very Low–Medium,,,0,no STRING match,no STRING match,2415,2930,1,1
3477,fig|6666666.1036479.peg.2547,fig|6666666.1036479.peg.887,0.8643637835979462,0.007059497125036546,Medium,Medium,Medium–Medium,,,0,no STRING match,no STRING match,2297,2680,1,1
3478,fig|6666666.1036479.peg.2960,fig|6666666.1036479.peg.889,0.8643637537956238,0.007061527466458759,Low,Low,Low–Low,,,0,no STRING match,no STRING match,2412,2682,1,1
3479,fig|6666666.1036479.peg.881,fig|6666666.1036479.peg.885,0.8643536984920501,0.007063557807880973,High,Medium,Medium–High,,,0,no STRING match,no STRING match,2674,2678,1,1
3480,fig|6666666.1036479.peg.2969,fig|6666666.1036479.peg.866,0.8643338978290558,0.007065588149303187,Very Low,High,Very Low–High,,,0,no STRING match,no STRING match,2414,2667,1,1
3481,fig|6666666.1036479.peg.723,fig|6666666.1036479.peg.2092,0.8643256187438965,0.007067618490725401,High,Medium,Medium–High,,,0,no STRING match,no STRING match,2634,2954,1,1
3482,fig|6666666.1036479.peg.2920,fig|6666666.1036479.peg.2106,0.8643220424652099,0.007069648832147614,Very Low,High,Very Low–High,,Hypothetical protein.,0,no STRING match,secondary STRING hit (STRING protein assigned to a better match),2397,2959,1,1
3483,fig|6666666.1036479.peg.3213,fig|6666666.1036479.peg.881,0.86431804895401,0.007071679173569828,Very Low,High,Very Low–High,,,0,no STRING match,no STRING match,2470,2674,1,1
3484,fig|6666666.1036479.peg.2548,fig|6666666.1036479.peg.727,0.8643047153949738,0.007073709514992041,High,Very Low,Very Low–High,,,0,no STRING match,no STRING match,2298,2638,1,1
3485,fig|6666666.1036479.peg.1945,fig|6666666.1036479.peg.2455,0.8642421841621399,0.007075739856414255,Very Low,Medium,Very Low–Medium,,,0,no STRING match,no STRING match,2928,3038,1,1
3486,fig|6666666.1036479.peg.725,fig|6666666.1036479.peg.2093,0.8642328202724456,0.007077770197836468,Very Low,Medium,Very Low–Medium,,,0,no STRING match,no STRING match,2636,2955,1,1
3487,fig|6666666.1036479.peg.723,fig|6666666.1036479.peg.725,0.8642166078090667,0.007079800539258682,High,Very Low,Very Low–High,,,0,no STRING match,no STRING match,2634,2636,1,1
3488,fig|6666666.1036479.peg.2556,fig|6666666.1036479.peg.1657,0.8642162680625916,0.007081830880680895,High,Medium,Medium–High,,,0,no STRING match,no STRING match,2306,2883,2,1
3489,fig|6666666.1036479.peg.2564,fig|6666666.1036479.peg.1657,0.8642162680625916,0.007083861222103109,High,Medium,Medium–High,,,0,no STRING match,no STRING match,2306,2883,2,1
3490,fig|6666666.1036479.peg.2509,fig|6666666.1036479.peg.2988,0.8642042636871338,0.007085891563525322,Very Low,Medium,Very Low–Medium,,Hypothetical protein.,0,no STRING match,secondary STRING hit (STRING protein assigned to a better match),2273,2416,15,1
3491,fig|6666666.1036479.peg.2513,fig|6666666.1036479.peg.2988,0.8642042636871338,0.007087921904947536,Very Low,Medium,Very Low–Medium,,Hypothetical protein.,0,no STRING match,secondary STRING hit (STRING protein assigned to a better match),2273,2416,15,1
3492,fig|6666666.1036479.peg.2519,fig|6666666.1036479.peg.2988,0.8642042636871338,0.007089952246369749,Very Low,Medium,Very Low–Medium,,Hypothetical protein.,0,no STRING match,secondary STRING hit (STRING protein assigned to a better match),2273,2416,15,1
3493,fig|6666666.1036479.peg.2526,fig|6666666.1036479.peg.2988,0.8642042636871338,0.007091982587791963,Very Low,Medium,Very Low–Medium,,Hypothetical protein.,0,no STRING match,secondary STRING hit (STRING protein assigned to a better match),2273,2416,15,1
3494,fig|6666666.1036479.peg.2530,fig|6666666.1036479.peg.2988,0.8642042636871338,0.007094012929214176,Very Low,Medium,Very Low–Medium,,Hypothetical protein.,0,no STRING match,secondary STRING hit (STRING protein assigned to a better match),2273,2416,15,1
3495,fig|6666666.1036479.peg.2534,fig|6666666.1036479.peg.2988,0.8642042636871338,0.00709604327063639,Very Low,Medium,Very Low–Medium,,Hypothetical protein.,0,no STRING match,secondary STRING hit (STRING protein assigned to a better match),2273,2416,15,1
3496,fig|6666666.1036479.peg.2988,fig|6666666.1036479.peg.3173,0.8642042636871338,0.007098073612058604,Medium,Very Low,Very Low–Medium,Hypothetical protein.,,0,secondary STRING hit (STRING protein assigned to a better match),no STRING match,2416,2273,1,15
3497,fig|6666666.1036479.peg.2988,fig|6666666.1036479.peg.971,0.8642042636871338,0.007100103953480818,Medium,Very Low,Very Low–Medium,Hypothetical protein.,,0,secondary STRING hit (STRING protein assigned to a better match),no STRING match,2416,2273,1,15
3498,fig|6666666.1036479.peg.2988,fig|6666666.1036479.peg.976,0.8642042636871338,0.007102134294903031,Medium,Very Low,Very Low–Medium,Hypothetical protein.,,0,secondary STRING hit (STRING protein assigned to a better match),no STRING match,2416,2273,1,15
3499,fig|6666666.1036479.peg.2988,fig|6666666.1036479.peg.981,0.8642042636871338,0.007104164636325245,Medium,Very Low,Very Low–Medium,Hypothetical protein.,,0,secondary STRING hit (STRING protein assigned to a better match),no STRING match,2416,2273,1,15
3500,fig|6666666.1036479.peg.2988,fig|6666666.1036479.peg.985,0.8642042636871338,0.007106194977747458,Medium,Very Low,Very Low–Medium,Hypothetical protein.,,0,secondary STRING hit (STRING protein assigned to a better match),no STRING match,2416,2273,1,15
3501,fig|6666666.1036479.peg.2988,fig|6666666.1036479.peg.989,0.8642042636871338,0.007108225319169672,Medium,Very Low,Very Low–Medium,Hypothetical protein.,,0,secondary STRING hit (STRING protein assigned to a better match),no STRING match,2416,2273,1,15
3502,fig|6666666.1036479.peg.2988,fig|6666666.1036479.peg.2489,0.8642042636871338,0.007110255660591885,Medium,Very Low,Very Low–Medium,Hypothetical protein.,,0,secondary STRING hit (STRING protein assigned to a better match),no STRING match,2416,2273,1,15
3503,fig|6666666.1036479.peg.2988,fig|6666666.1036479.peg.2494,0.8642042636871338,0.007112286002014099,Medium,Very Low,Very Low–Medium,Hypothetical protein.,,0,secondary STRING hit (STRING protein assigned to a better match),no STRING match,2416,2273,1,15
3504,fig|6666666.1036479.peg.2988,fig|6666666.1036479.peg.2498,0.8642042636871338,0.007114316343436312,Medium,Very Low,Very Low–Medium,Hypothetical protein.,,0,secondary STRING hit (STRING protein assigned to a better match),no STRING match,2416,2273,1,15
3505,fig|6666666.1036479.peg.3017,fig|6666666.1036479.peg.3223,0.8641810417175293,0.007116346684858526,Medium,High,Medium–High,,,0,no STRING match,no STRING match,2430,2474,1,2
3506,fig|6666666.1036479.peg.3017,fig|6666666.1036479.peg.139,0.8641810417175293,0.007118377026280739,Medium,High,Medium–High,,,0,no STRING match,no STRING match,2430,2474,1,2
3507,fig|6666666.1036479.peg.38,fig|6666666.1036479.peg.1566,0.8641705214977264,0.007120407367702953,Low,High,Low–High,,,0,no STRING match,no STRING match,2526,2838,2,1
3508,fig|6666666.1036479.peg.186,fig|6666666.1036479.peg.1566,0.8641705214977264,0.007122437709125166,Low,High,Low–High,,,0,no STRING match,no STRING match,2526,2838,2,1
3509,fig|6666666.1036479.peg.38,fig|6666666.1036479.peg.1410,0.8641618669033051,0.00712446805054738,Low,Medium,Low–Medium,,,0,no STRING match,no STRING match,2526,2813,2,1
3510,fig|6666666.1036479.peg.186,fig|6666666.1036479.peg.1410,0.8641618669033051,0.007126498391969593,Low,Medium,Low–Medium,,,0,no STRING match,no STRING match,2526,2813,2,1
3511,fig|6666666.1036479.peg.2809,fig|6666666.1036479.peg.728,0.8641504406929016,0.007128528733391807,Very Low,Medium,Very Low–Medium,,,0,no STRING match,no STRING match,2357,2639,1,1
3512,fig|6666666.1036479.peg.3188,fig|6666666.1036479.peg.1657,0.8641457080841064,0.007130559074814021,Medium,Medium,Medium–Medium,,,0,no STRING match,no STRING match,2461,2883,1,1
3513,fig|6666666.1036479.peg.1617,fig|6666666.1036479.peg.2092,0.8641367137432099,0.007132589416236235,Low,Medium,Low–Medium,,,0,no STRING match,no STRING match,2864,2954,2,1
3514,fig|6666666.1036479.peg.1625,fig|6666666.1036479.peg.2092,0.8641367137432099,0.007134619757658448,Low,Medium,Low–Medium,,,0,no STRING match,no STRING match,2864,2954,2,1
3515,fig|6666666.1036479.peg.370,fig|6666666.1036479.peg.1807,0.8641210436820984,0.007136650099080662,High,Low,Low–High,,,0,no STRING match,no STRING match,2579,2905,1,1
3516,fig|6666666.1036479.peg.2672,fig|6666666.1036479.peg.2895,0.8640900075435638,0.007138680440502875,Medium,Very Low,Very Low–Medium,,,0,no STRING match,no STRING match,2341,2394,1,1
3517,fig|6666666.1036479.peg.721,fig|6666666.1036479.peg.861,0.8640672981739044,0.007140710781925089,High,High,High–High,Yd repeat protein; COG3209 Rhs family protein.,,0,secondary STRING hit (STRING protein assigned to a better match),no STRING match,2632,2665,1,1
3518,fig|6666666.1036479.peg.370,fig|6666666.1036479.peg.714,0.8640542030334473,0.007142741123347302,High,Low,Low–High,,,0,no STRING match,no STRING match,2579,2627,1,1
3519,fig|6666666.1036479.peg.2922,fig|6666666.1036479.peg.861,0.8640510320663453,0.007144771464769516,Very Low,High,Very Low–High,,,0,no STRING match,no STRING match,2399,2665,1,1
3520,fig|6666666.1036479.peg.2548,fig|6666666.1036479.peg.2715,0.8640289068222046,0.007146801806191729,High,Very Low,Very Low–High,,,0,no STRING match,no STRING match,2298,2348,1,1
3521,fig|6666666.1036479.peg.2960,fig|6666666.1036479.peg.1566,0.8640252828598023,0.007148832147613943,Low,High,Low–High,,,0,no STRING match,no STRING match,2412,2838,1,1
3522,fig|6666666.1036479.peg.370,fig|6666666.1036479.peg.1753,0.8640062630176544,0.007150862489036156,High,Medium,Medium–High,,Hypothetical protein.,0,no STRING match,secondary STRING hit (STRING protein assigned to a better match),2579,2890,1,1
3523,fig|6666666.1036479.peg.1207,fig|6666666.1036479.peg.2348,0.8639885425567627,0.00715289283045837,Low,High,Low–High,,,0,no STRING match,no STRING match,2750,3019,1,1
3524,fig|6666666.1036479.peg.1080,fig|6666666.1036479.peg.1657,0.8639824330806732,0.007154923171880583,High,Medium,Medium–High,,,0,no STRING match,no STRING match,2712,2883,1,1
3525,fig|6666666.1036479.peg.1754,fig|6666666.1036479.peg.2348,0.8639764249324798,0.007156953513302797,Medium,High,Medium–High,Hypothetical protein.,,0,secondary STRING hit (STRING protein assigned to a better match),no STRING match,2891,3019,1,1
3526,fig|6666666.1036479.peg.2505,fig|6666666.1036479.peg.728,0.8639691174030304,0.00715898385472501,Very Low,Medium,Very Low–Medium,,,0,no STRING match,no STRING match,2269,2639,1,1
3527,fig|6666666.1036479.peg.3209,fig|6666666.1036479.peg.1657,0.8639641523361206,0.007161014196147224,Medium,Medium,Medium–Medium,,,0,no STRING match,no STRING match,2469,2883,1,1
3528,fig|6666666.1036479.peg.573,fig|6666666.1036479.peg.1265,0.8639564752578736,0.007163044537569438,Very Low,Low,Very Low–Low,Hypothetical protein.,,0,secondary STRING hit (STRING protein assigned to a better match),no STRING match,2601,2760,1,1
3529,fig|6666666.1036479.peg.881,fig|6666666.1036479.peg.1943,0.8639459252357483,0.007165074878991652,High,Medium,Medium–High,,COG3103 SH3 domain protein.,0,no STRING match,secondary STRING hit (STRING protein assigned to a better match),2674,2926,1,1
3530,fig|6666666.1036479.peg.2843,fig|6666666.1036479.peg.3184,0.8639405906200409,0.007167105220413865,Very Low,Very Low,Very Low–Very Low,,,0,no STRING match,no STRING match,2370,2457,1,1
3531,fig|6666666.1036479.peg.3017,fig|6666666.1036479.peg.2455,0.8639403462409974,0.007169135561836079,Medium,Medium,Medium–Medium,,,0,no STRING match,no STRING match,2430,3038,1,1
3532,fig|6666666.1036479.peg.2571,fig|6666666.1036479.peg.2364,0.8639399707317352,0.007171165903258292,Medium,Medium,Medium–Medium,,,0,no STRING match,no STRING match,2316,3022,1,1
3533,fig|6666666.1036479.peg.2672,fig|6666666.1036479.peg.2384,0.8639297544956207,0.007173196244680506,Medium,Medium,Medium–Medium,,,0,no STRING match,no STRING match,2341,3025,1,1
3534,fig|6666666.1036479.peg.861,fig|6666666.1036479.peg.2158,0.8639183104038238,0.007175226586102719,High,Very Low,Very Low–High,,,0,no STRING match,no STRING match,2665,2979,1,1
3535,fig|6666666.1036479.peg.411,fig|6666666.1036479.peg.1913,0.8639054536819458,0.007177256927524933,Low,Very Low,Very Low–Low,Hypothetical protein.,,0,secondary STRING hit (STRING protein assigned to a better match),no STRING match,2585,2917,1,1
3536,fig|6666666.1036479.peg.411,fig|6666666.1036479.peg.729,0.8638857007026672,0.007179287268947146,Low,Medium,Low–Medium,Hypothetical protein.,,0,secondary STRING hit (STRING protein assigned to a better match),no STRING match,2585,2640,1,1
3537,fig|6666666.1036479.peg.3213,fig|6666666.1036479.peg.728,0.8638603866100312,0.00718131761036936,Very Low,Medium,Very Low–Medium,,,0,no STRING match,no STRING match,2470,2639,1,1
3538,fig|6666666.1036479.peg.719,fig|6666666.1036479.peg.1945,0.8638425707817078,0.007183347951791573,Medium,Very Low,Very Low–Medium,,,0,no STRING match,no STRING match,2630,2928,1,1
3539,fig|6666666.1036479.peg.885,fig|6666666.1036479.peg.2364,0.8637764275074005,0.007185378293213787,Medium,Medium,Medium–Medium,,,0,no STRING match,no STRING match,2678,3022,1,1
3540,fig|6666666.1036479.peg.866,fig|6666666.1036479.peg.1319,0.8637632906436921,0.007187408634636,High,High,High–High,,,0,no STRING match,no STRING match,2667,2773,1,1
3541,fig|6666666.1036479.peg.2623,fig|6666666.1036479.peg.1300,0.8637545943260193,0.007189438976058214,Very Low,Low,Very Low–Low,,,0,no STRING match,no STRING match,2333,2763,1,1
3542,fig|6666666.1036479.peg.410,fig|6666666.1036479.peg.1128,0.8637260556221008,0.007191469317480427,Very Low,Very Low,Very Low–Very Low,,,0,no STRING match,no STRING match,2584,2744,1,1
3543,fig|6666666.1036479.peg.728,fig|6666666.1036479.peg.2383,0.8636909008026123,0.007193499658902641,Medium,Very Low,Very Low–Medium,,Hypothetical protein.,0,no STRING match,secondary STRING hit (STRING protein assigned to a better match),2639,3024,1,1
3544,fig|6666666.1036479.peg.2672,fig|6666666.1036479.peg.2158,0.8636831402778625,0.007195530000324855,Medium,Very Low,Very Low–Medium,,,0,no STRING match,no STRING match,2341,2979,1,1
3545,fig|6666666.1036479.peg.2547,fig|6666666.1036479.peg.48,0.8636749804019928,0.0071975603417470686,Medium,Medium,Medium–Medium,,,0,no STRING match,no STRING match,2297,2536,1,1
3546,fig|6666666.1036479.peg.2929,fig|6666666.1036479.peg.2092,0.8636653244495391,0.007199590683169282,Very Low,Medium,Very Low–Medium,Hypothetical protein.,,0,secondary STRING hit (STRING protein assigned to a better match),no STRING match,2404,2954,1,1
3547,fig|6666666.1036479.peg.1300,fig|6666666.1036479.peg.1617,0.8636571347713471,0.007201621024591496,Low,Low,Low–Low,,,0,no STRING match,no STRING match,2763,2864,1,2
3548,fig|6666666.1036479.peg.1300,fig|6666666.1036479.peg.1625,0.8636571347713471,0.007203651366013709,Low,Low,Low–Low,,,0,no STRING match,no STRING match,2763,2864,1,2
3549,fig|6666666.1036479.peg.551,fig|6666666.1036479.peg.1947,0.863653165102005,0.007205681707435923,Very Low,Medium,Very Low–Medium,,,0,no STRING match,no STRING match,2597,2930,1,1
3550,fig|6666666.1036479.peg.2988,fig|6666666.1036479.peg.1566,0.8636298418045044,0.007207712048858136,Medium,High,Medium–High,Hypothetical protein.,,0,secondary STRING hit (STRING protein assigned to a better match),no STRING match,2416,2838,1,1
3551,fig|6666666.1036479.peg.1943,fig|6666666.1036479.peg.2436,0.8636276483535766,0.00720974239028035,Medium,Medium,Medium–Medium,COG3103 SH3 domain protein.,,0,secondary STRING hit (STRING protein assigned to a better match),no STRING match,2926,3033,1,1
3552,fig|6666666.1036479.peg.2948,fig|6666666.1036479.peg.89,0.8636237204074859,0.007211772731702563,High,Very Low,Very Low–High,,,0,no STRING match,no STRING match,2410,2542,1,1
3553,fig|6666666.1036479.peg.3207,fig|6666666.1036479.peg.1649,0.8636043608188629,0.007213803073124777,Medium,Very Low,Very Low–Medium,,YD repeat-containing protein; COG3209 Rhs family protein.,0,no STRING match,secondary STRING hit (STRING protein assigned to a better match),2468,2879,1,1
3554,fig|6666666.1036479.peg.411,fig|6666666.1036479.peg.1949,0.8635873198509216,0.00721583341454699,Low,Medium,Low–Medium,Hypothetical protein.,,0,secondary STRING hit (STRING protein assigned to a better match),no STRING match,2585,2932,1,1
3555,fig|6666666.1036479.peg.2556,fig|6666666.1036479.peg.38,0.8635761678218842,0.007217863755969204,High,Low,Low–High,,,0,no STRING match,no STRING match,2306,2526,2,2
3556,fig|6666666.1036479.peg.2556,fig|6666666.1036479.peg.186,0.8635761678218842,0.007219894097391417,High,Low,Low–High,,,0,no STRING match,no STRING match,2306,2526,2,2
3557,fig|6666666.1036479.peg.2564,fig|6666666.1036479.peg.38,0.8635761678218842,0.007221924438813631,High,Low,Low–High,,,0,no STRING match,no STRING match,2306,2526,2,2
3558,fig|6666666.1036479.peg.2564,fig|6666666.1036479.peg.186,0.8635761678218842,0.007223954780235844,High,Low,Low–High,,,0,no STRING match,no STRING match,2306,2526,2,2
3559,fig|6666666.1036479.peg.370,fig|6666666.1036479.peg.2385,0.863572609424591,0.007225985121658058,High,Medium,Medium–High,,,0,no STRING match,no STRING match,2579,3026,1,1
3560,fig|6666666.1036479.peg.2920,fig|6666666.1036479.peg.1655,0.863565844297409,0.007228015463080272,Very Low,Medium,Very Low–Medium,,,0,no STRING match,no STRING match,2397,2882,1,1
3561,fig|6666666.1036479.peg.2672,fig|6666666.1036479.peg.2922,0.863550740480423,0.0072300458045024855,Medium,Very Low,Very Low–Medium,,,0,no STRING match,no STRING match,2341,2399,1,1
3562,fig|6666666.1036479.peg.866,fig|6666666.1036479.peg.1959,0.8635366082191467,0.007232076145924699,High,Low,Low–High,,,0,no STRING match,no STRING match,2667,2941,1,1
3563,fig|6666666.1036479.peg.732,fig|6666666.1036479.peg.881,0.8635153234004974,0.0072341064873469125,Medium,High,Medium–High,,,0,no STRING match,no STRING match,2643,2674,1,1
3564,fig|6666666.1036479.peg.2948,fig|6666666.1036479.peg.2352,0.8635103940963745,0.007236136828769126,High,Medium,Medium–High,,,0,no STRING match,no STRING match,2410,3020,1,1
3565,fig|6666666.1036479.peg.2538,fig|6666666.1036479.peg.861,0.8634937047958374,0.0072381671701913395,Very Low,High,Very Low–High,,,0,no STRING match,no STRING match,2288,2665,1,1
3566,fig|6666666.1036479.peg.3207,fig|6666666.1036479.peg.776,0.8634812951087951,0.007240197511613553,Medium,Low,Low–Medium,,,0,no STRING match,no STRING match,2468,2659,1,1
3567,fig|6666666.1036479.peg.3222,fig|6666666.1036479.peg.3231,0.863476425409317,0.0072422278530357665,Medium,Very Low,Very Low–Medium,,,0,no STRING match,no STRING match,2473,2482,2,2
3568,fig|6666666.1036479.peg.3222,fig|6666666.1036479.peg.147,0.863476425409317,0.00724425819445798,Medium,Very Low,Very Low–Medium,,,0,no STRING match,no STRING match,2473,2482,2,2
3569,fig|6666666.1036479.peg.3231,fig|6666666.1036479.peg.138,0.863476425409317,0.0072462885358801936,Very Low,Medium,Very Low–Medium,,,0,no STRING match,no STRING match,2482,2473,2,2
3570,fig|6666666.1036479.peg.138,fig|6666666.1036479.peg.147,0.863476425409317,0.007248318877302407,Medium,Very Low,Very Low–Medium,,,0,no STRING match,no STRING match,2473,2482,2,2
3571,fig|6666666.1036479.peg.3079,fig|6666666.1036479.peg.370,0.8634732604026795,0.0072503492187246206,Very Low,High,Very Low–High,,,0,no STRING match,no STRING match,2442,2579,1,1
3572,fig|6666666.1036479.peg.1289,fig|6666666.1036479.peg.1410,0.8634504735469818,0.007252379560146834,Very Low,Medium,Very Low–Medium,,,0,no STRING match,no STRING match,2762,2813,1,1
3573,fig|6666666.1036479.peg.2523,fig|6666666.1036479.peg.2532,0.8634463608264923,0.007254409901569048,Low,Low,Low–Low,,,0,no STRING match,no STRING match,2282,2284,1,4
3574,fig|6666666.1036479.peg.2523,fig|6666666.1036479.peg.3171,0.8634463608264923,0.007256440242991261,Low,Low,Low–Low,,,0,no STRING match,no STRING match,2282,2284,1,4
3575,fig|6666666.1036479.peg.2523,fig|6666666.1036479.peg.987,0.8634463608264923,0.007258470584413475,Low,Low,Low–Low,,,0,no STRING match,no STRING match,2282,2284,1,4
3576,fig|6666666.1036479.peg.2523,fig|6666666.1036479.peg.2492,0.8634463608264923,0.007260500925835689,Low,Low,Low–Low,,,0,no STRING match,no STRING match,2282,2284,1,4
3577,fig|6666666.1036479.peg.2520,fig|6666666.1036479.peg.728,0.863446182012558,0.0072625312672579025,Very Low,Medium,Very Low–Medium,,,0,no STRING match,no STRING match,2280,2639,1,1
3578,fig|6666666.1036479.peg.2672,fig|6666666.1036479.peg.1352,0.8634450554847717,0.007264561608680116,Medium,Medium,Medium–Medium,,,0,no STRING match,no STRING match,2341,2789,1,1
3579,fig|6666666.1036479.peg.48,fig|6666666.1036479.peg.2436,0.863430517911911,0.0072665919501023295,Medium,Medium,Medium–Medium,,,0,no STRING match,no STRING match,2536,3033,1,1
3580,fig|6666666.1036479.peg.1962,fig|6666666.1036479.peg.2436,0.8634211242198944,0.007268622291524543,Medium,Medium,Medium–Medium,,,0,no STRING match,no STRING match,2944,3033,1,1
3581,fig|6666666.1036479.peg.2654,fig|6666666.1036479.peg.370,0.8634078741073609,0.0072706526329467565,High,High,High–High,,,0,no STRING match,no STRING match,2337,2579,1,1
3582,fig|6666666.1036479.peg.3207,fig|6666666.1036479.peg.2025,0.8634027183055878,0.00727268297436897,Medium,Very Low,Very Low–Medium,,,0,no STRING match,no STRING match,2468,2950,1,1
3583,fig|6666666.1036479.peg.2548,fig|6666666.1036479.peg.2604,0.8633909702301026,0.0072747133157911835,High,Low,Low–High,,,0,no STRING match,no STRING match,2298,2321,1,1
3584,fig|6666666.1036479.peg.3207,fig|6666666.1036479.peg.731,0.8633811235427856,0.007276743657213397,Medium,Low,Low–Medium,,,0,no STRING match,no STRING match,2468,2642,1,1
3585,fig|6666666.1036479.peg.2510,fig|6666666.1036479.peg.881,0.8633608639240264,0.0072787739986356105,Very Low,High,Very Low–High,,,0,no STRING match,no STRING match,2274,2674,12,1
3586,fig|6666666.1036479.peg.2527,fig|6666666.1036479.peg.881,0.8633608639240264,0.007280804340057824,Very Low,High,Very Low–High,,,0,no STRING match,no STRING match,2274,2674,12,1
3587,fig|6666666.1036479.peg.2531,fig|6666666.1036479.peg.881,0.8633608639240264,0.0072828346814800375,Very Low,High,Very Low–High,,,0,no STRING match,no STRING match,2274,2674,12,1
3588,fig|6666666.1036479.peg.3174,fig|6666666.1036479.peg.881,0.8633608639240264,0.007284865022902251,Very Low,High,Very Low–High,,,0,no STRING match,no STRING match,2274,2674,12,1
3589,fig|6666666.1036479.peg.881,fig|6666666.1036479.peg.970,0.8633608639240264,0.0072868953643244645,High,Very Low,Very Low–High,,,0,no STRING match,no STRING match,2674,2274,1,12
3590,fig|6666666.1036479.peg.881,fig|6666666.1036479.peg.975,0.8633608639240264,0.007288925705746678,High,Very Low,Very Low–High,,,0,no STRING match,no STRING match,2674,2274,1,12
3591,fig|6666666.1036479.peg.881,fig|6666666.1036479.peg.980,0.8633608639240264,0.0072909560471688915,High,Very Low,Very Low–High,,,0,no STRING match,no STRING match,2674,2274,1,12
3592,fig|6666666.1036479.peg.881,fig|6666666.1036479.peg.984,0.8633608639240264,0.007292986388591106,High,Very Low,Very Low–High,,,0,no STRING match,no STRING match,2674,2274,1,12
3593,fig|6666666.1036479.peg.881,fig|6666666.1036479.peg.988,0.8633608639240264,0.007295016730013319,High,Very Low,Very Low–High,,,0,no STRING match,no STRING match,2674,2274,1,12
3594,fig|6666666.1036479.peg.881,fig|6666666.1036479.peg.2490,0.8633608639240264,0.007297047071435533,High,Very Low,Very Low–High,,,0,no STRING match,no STRING match,2674,2274,1,12
3595,fig|6666666.1036479.peg.881,fig|6666666.1036479.peg.2495,0.8633608639240264,0.007299077412857746,High,Very Low,Very Low–High,,,0,no STRING match,no STRING match,2674,2274,1,12
3596,fig|6666666.1036479.peg.881,fig|6666666.1036479.peg.2499,0.8633608639240264,0.00730110775427996,High,Very Low,Very Low–High,,,0,no STRING match,no STRING match,2674,2274,1,12
3597,fig|6666666.1036479.peg.719,fig|6666666.1036479.peg.1953,0.8633232116699219,0.0073031380957021734,Medium,Low,Low–Medium,,,0,no STRING match,no STRING match,2630,2935,1,1
3598,fig|6666666.1036479.peg.3008,fig|6666666.1036479.peg.38,0.8633224904537201,0.007305168437124387,Medium,Low,Low–Medium,,,0,no STRING match,no STRING match,2423,2526,1,2
3599,fig|6666666.1036479.peg.3008,fig|6666666.1036479.peg.186,0.8633224904537201,0.0073071987785466004,Medium,Low,Low–Medium,,,0,no STRING match,no STRING match,2423,2526,1,2
3600,fig|6666666.1036479.peg.3188,fig|6666666.1036479.peg.719,0.8633198440074921,0.007309229119968814,Medium,Medium,Medium–Medium,,,0,no STRING match,no STRING match,2461,2630,1,1
3601,fig|6666666.1036479.peg.3012,fig|6666666.1036479.peg.866,0.8633074641227723,0.0073112594613910275,Low,High,Low–High,,,0,no STRING match,no STRING match,2427,2667,1,1
3602,fig|6666666.1036479.peg.1953,fig|6666666.1036479.peg.2455,0.8633048892021179,0.007313289802813241,Low,Medium,Low–Medium,,,0,no STRING match,no STRING match,2935,3038,1,1
3603,fig|6666666.1036479.peg.2969,fig|6666666.1036479.peg.2348,0.863292932510376,0.0073153201442354545,Very Low,High,Very Low–High,,,0,no STRING match,no STRING match,2414,3019,1,1
3604,fig|6666666.1036479.peg.2556,fig|6666666.1036479.peg.3231,0.8632928788661957,0.007317350485657668,High,Very Low,Very Low–High,,,0,no STRING match,no STRING match,2306,2482,2,2
3605,fig|6666666.1036479.peg.2556,fig|6666666.1036479.peg.147,0.8632928788661957,0.0073193808270798815,High,Very Low,Very Low–High,,,0,no STRING match,no STRING match,2306,2482,2,2
3606,fig|6666666.1036479.peg.2564,fig|6666666.1036479.peg.3231,0.8632928788661957,0.007321411168502095,High,Very Low,Very Low–High,,,0,no STRING match,no STRING match,2306,2482,2,2
3607,fig|6666666.1036479.peg.2564,fig|6666666.1036479.peg.147,0.8632928788661957,0.0073234415099243085,High,Very Low,Very Low–High,,,0,no STRING match,no STRING match,2306,2482,2,2
3608,fig|6666666.1036479.peg.881,fig|6666666.1036479.peg.1962,0.8632788240909577,0.007325471851346523,High,Medium,Medium–High,,,0,no STRING match,no STRING match,2674,2944,1,1
3609,fig|6666666.1036479.peg.723,fig|6666666.1036479.peg.1657,0.8632723867893219,0.007327502192768736,High,Medium,Medium–High,,,0,no STRING match,no STRING match,2634,2883,1,1
3610,fig|6666666.1036479.peg.2506,fig|6666666.1036479.peg.2532,0.8632480442523957,0.00732953253419095,Very Low,Low,Very Low–Low,,,0,no STRING match,no STRING match,2270,2284,6,4
3611,fig|6666666.1036479.peg.2506,fig|6666666.1036479.peg.3171,0.8632480442523957,0.007331562875613163,Very Low,Low,Very Low–Low,,,0,no STRING match,no STRING match,2270,2284,6,4
3612,fig|6666666.1036479.peg.2506,fig|6666666.1036479.peg.987,0.8632480442523957,0.007333593217035377,Very Low,Low,Very Low–Low,,,0,no STRING match,no STRING match,2270,2284,6,4
3613,fig|6666666.1036479.peg.2506,fig|6666666.1036479.peg.2492,0.8632480442523957,0.00733562355845759,Very Low,Low,Very Low–Low,,,0,no STRING match,no STRING match,2270,2284,6,4
3614,fig|6666666.1036479.peg.2516,fig|6666666.1036479.peg.2532,0.8632480442523957,0.007337653899879804,Very Low,Low,Very Low–Low,,,0,no STRING match,no STRING match,2270,2284,6,4
3615,fig|6666666.1036479.peg.2516,fig|6666666.1036479.peg.3171,0.8632480442523957,0.007339684241302017,Very Low,Low,Very Low–Low,,,0,no STRING match,no STRING match,2270,2284,6,4
3616,fig|6666666.1036479.peg.2516,fig|6666666.1036479.peg.987,0.8632480442523957,0.007341714582724231,Very Low,Low,Very Low–Low,,,0,no STRING match,no STRING match,2270,2284,6,4
3617,fig|6666666.1036479.peg.2516,fig|6666666.1036479.peg.2492,0.8632480442523957,0.007343744924146444,Very Low,Low,Very Low–Low,,,0,no STRING match,no STRING match,2270,2284,6,4
3618,fig|6666666.1036479.peg.2522,fig|6666666.1036479.peg.2532,0.8632480442523957,0.007345775265568658,Very Low,Low,Very Low–Low,,,0,no STRING match,no STRING match,2270,2284,6,4
3619,fig|6666666.1036479.peg.2522,fig|6666666.1036479.peg.3171,0.8632480442523957,0.007347805606990871,Very Low,Low,Very Low–Low,,,0,no STRING match,no STRING match,2270,2284,6,4
3620,fig|6666666.1036479.peg.2522,fig|6666666.1036479.peg.987,0.8632480442523957,0.007349835948413085,Very Low,Low,Very Low–Low,,,0,no STRING match,no STRING match,2270,2284,6,4
3621,fig|6666666.1036479.peg.2522,fig|6666666.1036479.peg.2492,0.8632480442523957,0.007351866289835298,Very Low,Low,Very Low–Low,,,0,no STRING match,no STRING match,2270,2284,6,4
3622,fig|6666666.1036479.peg.2532,fig|6666666.1036479.peg.974,0.8632480442523957,0.007353896631257512,Low,Very Low,Very Low–Low,,,0,no STRING match,no STRING match,2284,2270,4,6
3623,fig|6666666.1036479.peg.2532,fig|6666666.1036479.peg.979,0.8632480442523957,0.0073559269726797254,Low,Very Low,Very Low–Low,,,0,no STRING match,no STRING match,2284,2270,4,6
3624,fig|6666666.1036479.peg.2532,fig|6666666.1036479.peg.2491,0.8632480442523957,0.00735795731410194,Low,Very Low,Very Low–Low,,,0,no STRING match,no STRING match,2284,2270,4,6
3625,fig|6666666.1036479.peg.3171,fig|6666666.1036479.peg.974,0.8632480442523957,0.007359987655524153,Low,Very Low,Very Low–Low,,,0,no STRING match,no STRING match,2284,2270,4,6
3626,fig|6666666.1036479.peg.3171,fig|6666666.1036479.peg.979,0.8632480442523957,0.007362017996946367,Low,Very Low,Very Low–Low,,,0,no STRING match,no STRING match,2284,2270,4,6
3627,fig|6666666.1036479.peg.3171,fig|6666666.1036479.peg.2491,0.8632480442523957,0.00736404833836858,Low,Very Low,Very Low–Low,,,0,no STRING match,no STRING match,2284,2270,4,6
3628,fig|6666666.1036479.peg.974,fig|6666666.1036479.peg.987,0.8632480442523957,0.007366078679790794,Very Low,Low,Very Low–Low,,,0,no STRING match,no STRING match,2270,2284,6,4
3629,fig|6666666.1036479.peg.974,fig|6666666.1036479.peg.2492,0.8632480442523957,0.007368109021213007,Very Low,Low,Very Low–Low,,,0,no STRING match,no STRING match,2270,2284,6,4
3630,fig|6666666.1036479.peg.979,fig|6666666.1036479.peg.987,0.8632480442523957,0.007370139362635221,Very Low,Low,Very Low–Low,,,0,no STRING match,no STRING match,2270,2284,6,4
3631,fig|6666666.1036479.peg.979,fig|6666666.1036479.peg.2492,0.8632480442523957,0.007372169704057434,Very Low,Low,Very Low–Low,,,0,no STRING match,no STRING match,2270,2284,6,4
3632,fig|6666666.1036479.peg.987,fig|6666666.1036479.peg.2491,0.8632480442523957,0.007374200045479648,Low,Very Low,Very Low–Low,,,0,no STRING match,no STRING match,2284,2270,4,6
3633,fig|6666666.1036479.peg.2491,fig|6666666.1036479.peg.2492,0.8632480442523957,0.007376230386901861,Very Low,Low,Very Low–Low,,,0,no STRING match,no STRING match,2270,2284,6,4
3634,fig|6666666.1036479.peg.2548,fig|6666666.1036479.peg.1103,0.863245552778244,0.007378260728324075,High,Low,Low–High,,,0,no STRING match,no STRING match,2298,2720,1,1
3635,fig|6666666.1036479.peg.3207,fig|6666666.1036479.peg.1785,0.8632429242134094,0.007380291069746288,Medium,Very Low,Very Low–Medium,,,0,no STRING match,no STRING match,2468,2898,1,1
3636,fig|6666666.1036479.peg.2506,fig|6666666.1036479.peg.1308,0.8632381319999695,0.007382321411168502,Very Low,Medium,Very Low–Medium,,,0,no STRING match,no STRING match,2270,2764,6,1
3637,fig|6666666.1036479.peg.2516,fig|6666666.1036479.peg.1308,0.8632381319999695,0.007384351752590715,Very Low,Medium,Very Low–Medium,,,0,no STRING match,no STRING match,2270,2764,6,1
3638,fig|6666666.1036479.peg.2522,fig|6666666.1036479.peg.1308,0.8632381319999695,0.007386382094012929,Very Low,Medium,Very Low–Medium,,,0,no STRING match,no STRING match,2270,2764,6,1
3639,fig|6666666.1036479.peg.974,fig|6666666.1036479.peg.1308,0.8632381319999695,0.007388412435435142,Very Low,Medium,Very Low–Medium,,,0,no STRING match,no STRING match,2270,2764,6,1
3640,fig|6666666.1036479.peg.979,fig|6666666.1036479.peg.1308,0.8632381319999695,0.007390442776857357,Very Low,Medium,Very Low–Medium,,,0,no STRING match,no STRING match,2270,2764,6,1
3641,fig|6666666.1036479.peg.1308,fig|6666666.1036479.peg.2491,0.8632381319999695,0.00739247311827957,Medium,Very Low,Very Low–Medium,,,0,no STRING match,no STRING match,2764,2270,1,6
3642,fig|6666666.1036479.peg.3010,fig|6666666.1036479.peg.38,0.8632117629051208,0.007394503459701784,Low,Low,Low–Low,,,0,no STRING match,no STRING match,2425,2526,1,2
3643,fig|6666666.1036479.peg.3010,fig|6666666.1036479.peg.186,0.8632117629051208,0.007396533801123997,Low,Low,Low–Low,,,0,no STRING match,no STRING match,2425,2526,1,2
3644,fig|6666666.1036479.peg.866,fig|6666666.1036479.peg.1343,0.8632104635238648,0.007398564142546211,High,Very Low,Very Low–High,,,0,no STRING match,no STRING match,2667,2781,1,1
3645,fig|6666666.1036479.peg.2547,fig|6666666.1036479.peg.885,0.863198745250702,0.007400594483968424,Medium,Medium,Medium–Medium,,,0,no STRING match,no STRING match,2297,2678,1,1
3646,fig|6666666.1036479.peg.2548,fig|6666666.1036479.peg.2478,0.8631860136985778,0.007402624825390638,High,Very Low,Very Low–High,,,0,no STRING match,no STRING match,2298,3044,1,1
3647,fig|6666666.1036479.peg.3202,fig|6666666.1036479.peg.370,0.8631682693958282,0.007404655166812851,Very Low,High,Very Low–High,,,0,no STRING match,no STRING match,2467,2579,1,1
3648,fig|6666666.1036479.peg.659,fig|6666666.1036479.peg.881,0.8631415128707886,0.007406685508235065,Very Low,High,Very Low–High,,,0,no STRING match,no STRING match,2617,2674,1,1
3649,fig|6666666.1036479.peg.3017,fig|6666666.1036479.peg.740,0.8631413340568542,0.007408715849657278,Medium,Very Low,Very Low–Medium,,,0,no STRING match,no STRING match,2430,2651,1,1
3650,fig|6666666.1036479.peg.2556,fig|6666666.1036479.peg.1289,0.8631355285644531,0.007410746191079492,High,Very Low,Very Low–High,,,0,no STRING match,no STRING match,2306,2762,2,1
3651,fig|6666666.1036479.peg.2564,fig|6666666.1036479.peg.1289,0.8631355285644531,0.007412776532501705,High,Very Low,Very Low–High,,,0,no STRING match,no STRING match,2306,2762,2,1
3652,fig|6666666.1036479.peg.866,fig|6666666.1036479.peg.2289,0.8631226718425751,0.007414806873923919,High,Very Low,Very Low–High,,,0,no STRING match,no STRING match,2667,3006,1,1
3653,fig|6666666.1036479.peg.2523,fig|6666666.1036479.peg.2679,0.8630952596664428,0.007416837215346132,Low,Medium,Low–Medium,,,0,no STRING match,no STRING match,2282,2342,1,1
3654,fig|6666666.1036479.peg.411,fig|6666666.1036479.peg.1265,0.8630838751792907,0.007418867556768346,Low,Low,Low–Low,Hypothetical protein.,,0,secondary STRING hit (STRING protein assigned to a better match),no STRING match,2585,2760,1,1
3655,fig|6666666.1036479.peg.2548,fig|6666666.1036479.peg.1352,0.8630778849124908,0.007420897898190559,High,Medium,Medium–High,,,0,no STRING match,no STRING match,2298,2789,1,1
3656,fig|6666666.1036479.peg.881,fig|6666666.1036479.peg.1377,0.8630712807178498,0.007422928239612774,High,Very Low,Very Low–High,,,0,no STRING match,no STRING match,2674,2809,1,1
3657,fig|6666666.1036479.peg.2672,fig|6666666.1036479.peg.27,0.8630646526813507,0.007424958581034987,Medium,Very Low,Very Low–Medium,,,0,no STRING match,no STRING match,2341,2515,1,2
3658,fig|6666666.1036479.peg.2672,fig|6666666.1036479.peg.175,0.8630646526813507,0.007426988922457201,Medium,Very Low,Very Low–Medium,,,0,no STRING match,no STRING match,2341,2515,1,2
3659,fig|6666666.1036479.peg.2929,fig|6666666.1036479.peg.720,0.8630622804164887,0.007429019263879414,Very Low,High,Very Low–High,Hypothetical protein.,,0,secondary STRING hit (STRING protein assigned to a better match),no STRING match,2404,2631,1,1
3660,fig|6666666.1036479.peg.728,fig|6666666.1036479.peg.1344,0.8630524933338165,0.007431049605301628,Medium,Very Low,Very Low–Medium,,,0,no STRING match,no STRING match,2639,2782,1,1
3661,fig|6666666.1036479.peg.3231,fig|6666666.1036479.peg.740,0.8630416750907898,0.007433079946723841,Very Low,Very Low,Very Low–Very Low,,,0,no STRING match,no STRING match,2482,2651,2,1
3662,fig|6666666.1036479.peg.147,fig|6666666.1036479.peg.740,0.8630416750907898,0.007435110288146055,Very Low,Very Low,Very Low–Very Low,,,0,no STRING match,no STRING match,2482,2651,2,1
3663,fig|6666666.1036479.peg.776,fig|6666666.1036479.peg.1947,0.8630038201808929,0.007437140629568268,Low,Medium,Low–Medium,,,0,no STRING match,no STRING match,2659,2930,1,1
3664,fig|6666666.1036479.peg.2623,fig|6666666.1036479.peg.573,0.863001161813736,0.007439170970990482,Very Low,Very Low,Very Low–Very Low,,Hypothetical protein.,0,no STRING match,secondary STRING hit (STRING protein assigned to a better match),2333,2601,1,1
3665,fig|6666666.1036479.peg.2548,fig|6666666.1036479.peg.208,0.8629954099655152,0.007441201312412695,High,Low,Low–High,,,0,no STRING match,no STRING match,2298,2550,1,1
3666,fig|6666666.1036479.peg.861,fig|6666666.1036479.peg.1471,0.8629932284355164,0.007443231653834909,High,Very Low,Very Low–High,,,0,no STRING match,no STRING match,2665,2822,1,1
3667,fig|6666666.1036479.peg.720,fig|6666666.1036479.peg.1289,0.8629820108413696,0.007445261995257122,High,Very Low,Very Low–High,,,0,no STRING match,no STRING match,2631,2762,1,1
3668,fig|6666666.1036479.peg.1657,fig|6666666.1036479.peg.2106,0.8629630148410797,0.007447292336679336,Medium,High,Medium–High,,Hypothetical protein.,0,no STRING match,secondary STRING hit (STRING protein assigned to a better match),2883,2959,1,1
3669,fig|6666666.1036479.peg.3008,fig|6666666.1036479.peg.1289,0.8629310667514801,0.007449322678101549,Medium,Very Low,Very Low–Medium,,,0,no STRING match,no STRING match,2423,2762,1,1
3670,fig|6666666.1036479.peg.2548,fig|6666666.1036479.peg.1109,0.8629206418991089,0.007451353019523763,High,Very Low,Very Low–High,,,0,no STRING match,no STRING match,2298,2726,1,1
3671,fig|6666666.1036479.peg.411,fig|6666666.1036479.peg.2166,0.8629099249839782,0.007453383360945976,Low,Very Low,Very Low–Low,Hypothetical protein.,,0,secondary STRING hit (STRING protein assigned to a better match),no STRING match,2585,2987,1,1
3672,fig|6666666.1036479.peg.2960,fig|6666666.1036479.peg.2455,0.8629071354866028,0.007455413702368191,Low,Medium,Low–Medium,,,0,no STRING match,no STRING match,2412,3038,1,1
3673,fig|6666666.1036479.peg.724,fig|6666666.1036479.peg.2364,0.8629034161567688,0.007457444043790404,Medium,Medium,Medium–Medium,,,0,no STRING match,no STRING match,2635,3022,1,1
3674,fig|6666666.1036479.peg.2506,fig|6666666.1036479.peg.2679,0.8629029572010041,0.007459474385212618,Very Low,Medium,Very Low–Medium,,,0,no STRING match,no STRING match,2270,2342,6,1
3675,fig|6666666.1036479.peg.2516,fig|6666666.1036479.peg.2679,0.8629029572010041,0.007461504726634831,Very Low,Medium,Very Low–Medium,,,0,no STRING match,no STRING match,2270,2342,6,1
3676,fig|6666666.1036479.peg.2522,fig|6666666.1036479.peg.2679,0.8629029572010041,0.007463535068057045,Very Low,Medium,Very Low–Medium,,,0,no STRING match,no STRING match,2270,2342,6,1
3677,fig|6666666.1036479.peg.2679,fig|6666666.1036479.peg.974,0.8629029572010041,0.007465565409479258,Medium,Very Low,Very Low–Medium,,,0,no STRING match,no STRING match,2342,2270,1,6
3678,fig|6666666.1036479.peg.2679,fig|6666666.1036479.peg.979,0.8629029572010041,0.007467595750901472,Medium,Very Low,Very Low–Medium,,,0,no STRING match,no STRING match,2342,2270,1,6
3679,fig|6666666.1036479.peg.2679,fig|6666666.1036479.peg.2491,0.8629029572010041,0.007469626092323685,Medium,Very Low,Very Low–Medium,,,0,no STRING match,no STRING match,2342,2270,1,6
3680,fig|6666666.1036479.peg.866,fig|6666666.1036479.peg.1941,0.8628884732723237,0.007471656433745899,High,Medium,Medium–High,,,0,no STRING match,no STRING match,2667,2924,1,1
3681,fig|6666666.1036479.peg.725,fig|6666666.1036479.peg.1617,0.8628739058971405,0.007473686775168112,Very Low,Low,Very Low–Low,,,0,no STRING match,no STRING match,2636,2864,1,2
3682,fig|6666666.1036479.peg.725,fig|6666666.1036479.peg.1625,0.8628739058971405,0.007475717116590326,Very Low,Low,Very Low–Low,,,0,no STRING match,no STRING match,2636,2864,1,2
3683,fig|6666666.1036479.peg.27,fig|6666666.1036479.peg.861,0.862819617986679,0.007477747458012539,Very Low,High,Very Low–High,,,0,no STRING match,no STRING match,2515,2665,2,1
3684,fig|6666666.1036479.peg.175,fig|6666666.1036479.peg.861,0.862819617986679,0.007479777799434753,Very Low,High,Very Low–High,,,0,no STRING match,no STRING match,2515,2665,2,1
3685,fig|6666666.1036479.peg.3017,fig|6666666.1036479.peg.1410,0.8628070056438446,0.007481808140856966,Medium,Medium,Medium–Medium,,,0,no STRING match,no STRING match,2430,2813,1,1
3686,fig|6666666.1036479.peg.729,fig|6666666.1036479.peg.2364,0.86279376745224,0.00748383848227918,Medium,Medium,Medium–Medium,,,0,no STRING match,no STRING match,2640,3022,1,1
3687,fig|6666666.1036479.peg.2547,fig|6666666.1036479.peg.314,0.8627814412117004,0.007485868823701393,Medium,Very Low,Very Low–Medium,,,0,no STRING match,no STRING match,2297,2572,1,1
3688,fig|6666666.1036479.peg.3008,fig|6666666.1036479.peg.1410,0.8627060890197754,0.007487899165123608,Medium,Medium,Medium–Medium,,,0,no STRING match,no STRING match,2423,2813,1,1
3689,fig|6666666.1036479.peg.3207,fig|6666666.1036479.peg.1350,0.8627042710781098,0.007489929506545821,Medium,Medium,Medium–Medium,,,0,no STRING match,no STRING match,2468,2788,1,1
3690,fig|6666666.1036479.peg.1300,fig|6666666.1036479.peg.1409,0.8627009510993957,0.007491959847968035,Low,Medium,Low–Medium,,,0,no STRING match,no STRING match,2763,2812,1,1
3691,fig|6666666.1036479.peg.3020,fig|6666666.1036479.peg.1913,0.8626933574676514,0.007493990189390248,Low,Very Low,Very Low–Low,,,0,no STRING match,no STRING match,2433,2917,1,1
3692,fig|6666666.1036479.peg.725,fig|6666666.1036479.peg.1080,0.8626919329166413,0.007496020530812462,Very Low,High,Very Low–High,,,0,no STRING match,no STRING match,2636,2712,1,1
3693,fig|6666666.1036479.peg.2515,fig|6666666.1036479.peg.2348,0.8626795887947083,0.007498050872234675,Very Low,High,Very Low–High,,,0,no STRING match,no STRING match,2278,3019,1,1
3694,fig|6666666.1036479.peg.3187,fig|6666666.1036479.peg.411,0.8626674890518189,0.007500081213656889,Very Low,Low,Very Low–Low,Hypothetical protein.,Hypothetical protein.,0,secondary STRING hit (STRING protein assigned to a better match),secondary STRING hit (STRING protein assigned to a better match),2460,2585,1,1
3695,fig|6666666.1036479.peg.3184,fig|6666666.1036479.peg.719,0.8626038551330566,0.007502111555079102,Very Low,Medium,Very Low–Medium,,,0,no STRING match,no STRING match,2457,2630,1,1
3696,fig|6666666.1036479.peg.2515,fig|6666666.1036479.peg.866,0.8625962615013123,0.007504141896501316,Very Low,High,Very Low–High,,,0,no STRING match,no STRING match,2278,2667,1,1
3697,fig|6666666.1036479.peg.942,fig|6666666.1036479.peg.1300,0.8625865340232849,0.007506172237923529,Very Low,Low,Very Low–Low,,,0,no STRING match,no STRING match,2691,2763,1,1
3698,fig|6666666.1036479.peg.2509,fig|6666666.1036479.peg.2547,0.862585860490799,0.007508202579345743,Very Low,Medium,Very Low–Medium,,,0,no STRING match,no STRING match,2273,2297,15,1
3699,fig|6666666.1036479.peg.2513,fig|6666666.1036479.peg.2547,0.862585860490799,0.007510232920767956,Very Low,Medium,Very Low–Medium,,,0,no STRING match,no STRING match,2273,2297,15,1
3700,fig|6666666.1036479.peg.2519,fig|6666666.1036479.peg.2547,0.862585860490799,0.00751226326219017,Very Low,Medium,Very Low–Medium,,,0,no STRING match,no STRING match,2273,2297,15,1
3701,fig|6666666.1036479.peg.2526,fig|6666666.1036479.peg.2547,0.862585860490799,0.007514293603612383,Very Low,Medium,Very Low–Medium,,,0,no STRING match,no STRING match,2273,2297,15,1
3702,fig|6666666.1036479.peg.2530,fig|6666666.1036479.peg.2547,0.862585860490799,0.007516323945034597,Very Low,Medium,Very Low–Medium,,,0,no STRING match,no STRING match,2273,2297,15,1
3703,fig|6666666.1036479.peg.2534,fig|6666666.1036479.peg.2547,0.862585860490799,0.00751835428645681,Very Low,Medium,Very Low–Medium,,,0,no STRING match,no STRING match,2273,2297,15,1
3704,fig|6666666.1036479.peg.2547,fig|6666666.1036479.peg.3173,0.862585860490799,0.0075203846278790246,Medium,Very Low,Very Low–Medium,,,0,no STRING match,no STRING match,2297,2273,1,15
3705,fig|6666666.1036479.peg.2547,fig|6666666.1036479.peg.971,0.862585860490799,0.007522414969301238,Medium,Very Low,Very Low–Medium,,,0,no STRING match,no STRING match,2297,2273,1,15
3706,fig|6666666.1036479.peg.2547,fig|6666666.1036479.peg.976,0.862585860490799,0.007524445310723452,Medium,Very Low,Very Low–Medium,,,0,no STRING match,no STRING match,2297,2273,1,15
3707,fig|6666666.1036479.peg.2547,fig|6666666.1036479.peg.981,0.862585860490799,0.007526475652145665,Medium,Very Low,Very Low–Medium,,,0,no STRING match,no STRING match,2297,2273,1,15
3708,fig|6666666.1036479.peg.2547,fig|6666666.1036479.peg.985,0.862585860490799,0.007528505993567879,Medium,Very Low,Very Low–Medium,,,0,no STRING match,no STRING match,2297,2273,1,15
3709,fig|6666666.1036479.peg.2547,fig|6666666.1036479.peg.989,0.862585860490799,0.007530536334990092,Medium,Very Low,Very Low–Medium,,,0,no STRING match,no STRING match,2297,2273,1,15
3710,fig|6666666.1036479.peg.2547,fig|6666666.1036479.peg.2489,0.862585860490799,0.007532566676412306,Medium,Very Low,Very Low–Medium,,,0,no STRING match,no STRING match,2297,2273,1,15
3711,fig|6666666.1036479.peg.2547,fig|6666666.1036479.peg.2494,0.862585860490799,0.007534597017834519,Medium,Very Low,Very Low–Medium,,,0,no STRING match,no STRING match,2297,2273,1,15
3712,fig|6666666.1036479.peg.2547,fig|6666666.1036479.peg.2498,0.862585860490799,0.007536627359256733,Medium,Very Low,Very Low–Medium,,,0,no STRING match,no STRING match,2297,2273,1,15
3713,fig|6666666.1036479.peg.2920,fig|6666666.1036479.peg.1617,0.862579983472824,0.007538657700678946,Very Low,Low,Very Low–Low,,,0,no STRING match,no STRING match,2397,2864,1,2
3714,fig|6666666.1036479.peg.2920,fig|6666666.1036479.peg.1625,0.862579983472824,0.00754068804210116,Very Low,Low,Very Low–Low,,,0,no STRING match,no STRING match,2397,2864,1,2
3715,fig|6666666.1036479.peg.2987,fig|6666666.1036479.peg.3020,0.862556129693985,0.007542718383523373,Very Low,Low,Very Low–Low,,,0,no STRING match,no STRING match,2415,2433,1,1
3716,fig|6666666.1036479.peg.2948,fig|6666666.1036479.peg.1265,0.862548416852951,0.007544748724945587,High,Low,Low–High,,,0,no STRING match,no STRING match,2410,2760,1,1
3717,fig|6666666.1036479.peg.3223,fig|6666666.1036479.peg.2436,0.8625362277030945,0.0075467790663678,High,Medium,Medium–High,,,0,no STRING match,no STRING match,2474,3033,2,1
3718,fig|6666666.1036479.peg.139,fig|6666666.1036479.peg.2436,0.8625362277030945,0.007548809407790014,High,Medium,Medium–High,,,0,no STRING match,no STRING match,2474,3033,2,1
3719,fig|6666666.1036479.peg.3254,fig|6666666.1036479.peg.38,0.8625318884849549,0.007550839749212227,High,Low,Low–High,,,0,no STRING match,no STRING match,2505,2526,3,2
3720,fig|6666666.1036479.peg.3254,fig|6666666.1036479.peg.186,0.8625318884849549,0.0075528700906344415,High,Low,Low–High,,,0,no STRING match,no STRING match,2505,2526,3,2
3721,fig|6666666.1036479.peg.22,fig|6666666.1036479.peg.38,0.8625318884849549,0.007554900432056655,High,Low,Low–High,,,0,no STRING match,no STRING match,2505,2526,3,2
3722,fig|6666666.1036479.peg.22,fig|6666666.1036479.peg.186,0.8625318884849549,0.0075569307734788685,High,Low,Low–High,,,0,no STRING match,no STRING match,2505,2526,3,2
3723,fig|6666666.1036479.peg.38,fig|6666666.1036479.peg.170,0.8625318884849549,0.007558961114901082,Low,High,Low–High,,,0,no STRING match,no STRING match,2526,2505,2,3
3724,fig|6666666.1036479.peg.170,fig|6666666.1036479.peg.186,0.8625318884849549,0.0075609914563232955,High,Low,Low–High,,,0,no STRING match,no STRING match,2505,2526,3,2
3725,fig|6666666.1036479.peg.1080,fig|6666666.1036479.peg.2436,0.8625255286693573,0.007563021797745509,High,Medium,Medium–High,,,0,no STRING match,no STRING match,2712,3033,1,1
3726,fig|6666666.1036479.peg.2881,fig|6666666.1036479.peg.3207,0.8624748289585114,0.0075650521391677225,Very Low,Medium,Very Low–Medium,,,0,no STRING match,no STRING match,2383,2468,1,1
3727,fig|6666666.1036479.peg.2672,fig|6666666.1036479.peg.1319,0.8624617278575897,0.007567082480589936,Medium,High,Medium–High,,,0,no STRING match,no STRING match,2341,2773,1,1
3728,fig|6666666.1036479.peg.2510,fig|6666666.1036479.peg.1300,0.8624600887298584,0.0075691128220121496,Very Low,Low,Very Low–Low,,,0,no STRING match,no STRING match,2274,2763,12,1
3729,fig|6666666.1036479.peg.2527,fig|6666666.1036479.peg.1300,0.8624600887298584,0.007571143163434363,Very Low,Low,Very Low–Low,,,0,no STRING match,no STRING match,2274,2763,12,1
3730,fig|6666666.1036479.peg.2531,fig|6666666.1036479.peg.1300,0.8624600887298584,0.007573173504856577,Very Low,Low,Very Low–Low,,,0,no STRING match,no STRING match,2274,2763,12,1
3731,fig|6666666.1036479.peg.3174,fig|6666666.1036479.peg.1300,0.8624600887298584,0.00757520384627879,Very Low,Low,Very Low–Low,,,0,no STRING match,no STRING match,2274,2763,12,1
3732,fig|6666666.1036479.peg.970,fig|6666666.1036479.peg.1300,0.8624600887298584,0.007577234187701004,Very Low,Low,Very Low–Low,,,0,no STRING match,no STRING match,2274,2763,12,1
3733,fig|6666666.1036479.peg.975,fig|6666666.1036479.peg.1300,0.8624600887298584,0.007579264529123217,Very Low,Low,Very Low–Low,,,0,no STRING match,no STRING match,2274,2763,12,1
3734,fig|6666666.1036479.peg.980,fig|6666666.1036479.peg.1300,0.8624600887298584,0.007581294870545431,Very Low,Low,Very Low–Low,,,0,no STRING match,no STRING match,2274,2763,12,1
3735,fig|6666666.1036479.peg.984,fig|6666666.1036479.peg.1300,0.8624600887298584,0.007583325211967644,Very Low,Low,Very Low–Low,,,0,no STRING match,no STRING match,2274,2763,12,1
3736,fig|6666666.1036479.peg.988,fig|6666666.1036479.peg.1300,0.8624600887298584,0.0075853555533898585,Very Low,Low,Very Low–Low,,,0,no STRING match,no STRING match,2274,2763,12,1
3737,fig|6666666.1036479.peg.1300,fig|6666666.1036479.peg.2490,0.8624600887298584,0.007587385894812072,Low,Very Low,Very Low–Low,,,0,no STRING match,no STRING match,2763,2274,1,12
3738,fig|6666666.1036479.peg.1300,fig|6666666.1036479.peg.2495,0.8624600887298584,0.0075894162362342855,Low,Very Low,Very Low–Low,,,0,no STRING match,no STRING match,2763,2274,1,12
3739,fig|6666666.1036479.peg.1300,fig|6666666.1036479.peg.2499,0.8624600887298584,0.007591446577656499,Low,Very Low,Very Low–Low,,,0,no STRING match,no STRING match,2763,2274,1,12
3740,fig|6666666.1036479.peg.3231,fig|6666666.1036479.peg.3254,0.8624510526657104,0.0075934769190787125,Very Low,High,Very Low–High,,,0,no STRING match,no STRING match,2482,2505,2,3
3741,fig|6666666.1036479.peg.3231,fig|6666666.1036479.peg.22,0.8624510526657104,0.007595507260500926,Very Low,High,Very Low–High,,,0,no STRING match,no STRING match,2482,2505,2,3
3742,fig|6666666.1036479.peg.3231,fig|6666666.1036479.peg.170,0.8624510526657104,0.0075975376019231395,Very Low,High,Very Low–High,,,0,no STRING match,no STRING match,2482,2505,2,3
3743,fig|6666666.1036479.peg.3254,fig|6666666.1036479.peg.147,0.8624510526657104,0.007599567943345353,High,Very Low,Very Low–High,,,0,no STRING match,no STRING match,2505,2482,3,2
3744,fig|6666666.1036479.peg.22,fig|6666666.1036479.peg.147,0.8624510526657104,0.0076015982847675665,High,Very Low,Very Low–High,,,0,no STRING match,no STRING match,2505,2482,3,2
3745,fig|6666666.1036479.peg.147,fig|6666666.1036479.peg.170,0.8624510526657104,0.00760362862618978,Very Low,High,Very Low–High,,,0,no STRING match,no STRING match,2482,2505,2,3
3746,fig|6666666.1036479.peg.411,fig|6666666.1036479.peg.1704,0.8624479174613953,0.0076056589676119935,Low,Very Low,Very Low–Low,Hypothetical protein.,,0,secondary STRING hit (STRING protein assigned to a better match),no STRING match,2585,2885,1,1
3747,fig|6666666.1036479.peg.1949,fig|6666666.1036479.peg.2436,0.8624451041221619,0.007607689309034207,Medium,Medium,Medium–Medium,,,0,no STRING match,no STRING match,2932,3033,1,1
3748,fig|6666666.1036479.peg.2506,fig|6666666.1036479.peg.573,0.8624354302883148,0.0076097196504564205,Very Low,Very Low,Very Low–Very Low,,Hypothetical protein.,0,no STRING match,secondary STRING hit (STRING protein assigned to a better match),2270,2601,6,1
3749,fig|6666666.1036479.peg.2516,fig|6666666.1036479.peg.573,0.8624354302883148,0.007611749991878634,Very Low,Very Low,Very Low–Very Low,,Hypothetical protein.,0,no STRING match,secondary STRING hit (STRING protein assigned to a better match),2270,2601,6,1
3750,fig|6666666.1036479.peg.2522,fig|6666666.1036479.peg.573,0.8624354302883148,0.0076137803333008475,Very Low,Very Low,Very Low–Very Low,,Hypothetical protein.,0,no STRING match,secondary STRING hit (STRING protein assigned to a better match),2270,2601,6,1
3751,fig|6666666.1036479.peg.573,fig|6666666.1036479.peg.974,0.8624354302883148,0.007615810674723061,Very Low,Very Low,Very Low–Very Low,Hypothetical protein.,,0,secondary STRING hit (STRING protein assigned to a better match),no STRING match,2601,2270,1,6
3752,fig|6666666.1036479.peg.573,fig|6666666.1036479.peg.979,0.8624354302883148,0.007617841016145275,Very Low,Very Low,Very Low–Very Low,Hypothetical protein.,,0,secondary STRING hit (STRING protein assigned to a better match),no STRING match,2601,2270,1,6
3753,fig|6666666.1036479.peg.573,fig|6666666.1036479.peg.2491,0.8624354302883148,0.007619871357567489,Very Low,Very Low,Very Low–Very Low,Hypothetical protein.,,0,secondary STRING hit (STRING protein assigned to a better match),no STRING match,2601,2270,1,6
3754,fig|6666666.1036479.peg.2948,fig|6666666.1036479.peg.3191,0.8624295115470886,0.007621901698989702,High,Medium,Medium–High,,,0,no STRING match,no STRING match,2410,2464,1,1
3755,fig|6666666.1036479.peg.1300,fig|6666666.1036479.peg.2106,0.8624065756797791,0.007623932040411916,Low,High,Low–High,,Hypothetical protein.,0,no STRING match,secondary STRING hit (STRING protein assigned to a better match),2763,2959,1,1
3756,fig|6666666.1036479.peg.2524,fig|6666666.1036479.peg.2348,0.862401407957077,0.0076259623818341294,Low,High,Low–High,,,0,no STRING match,no STRING match,2283,3019,1,1
3757,fig|6666666.1036479.peg.2895,fig|6666666.1036479.peg.866,0.8623986363410949,0.007627992723256343,Very Low,High,Very Low–High,,,0,no STRING match,no STRING match,2394,2667,1,1
3758,fig|6666666.1036479.peg.314,fig|6666666.1036479.peg.2364,0.8623689830303192,0.0076300230646785564,Very Low,Medium,Very Low–Medium,,,0,no STRING match,no STRING match,2572,3022,1,1
3759,fig|6666666.1036479.peg.3209,fig|6666666.1036479.peg.2092,0.8623648226261139,0.00763205340610077,Medium,Medium,Medium–Medium,,,0,no STRING match,no STRING match,2469,2954,1,1
3760,fig|6666666.1036479.peg.1,fig|6666666.1036479.peg.1947,0.8623494863510132,0.0076340837475229835,Very Low,Medium,Very Low–Medium,,,0,no STRING match,no STRING match,2509,2930,1,1
3761,fig|6666666.1036479.peg.281,fig|6666666.1036479.peg.2348,0.8623489558696746,0.007636114088945197,Very Low,High,Very Low–High,,,0,no STRING match,no STRING match,2558,3019,1,1
3762,fig|6666666.1036479.peg.370,fig|6666666.1036479.peg.2289,0.8623371839523315,0.0076381444303674105,High,Very Low,Very Low–High,,,0,no STRING match,no STRING match,2579,3006,1,1
3763,fig|6666666.1036479.peg.2988,fig|6666666.1036479.peg.40,0.862315160036087,0.007640174771789624,Medium,Very Low,Very Low–Medium,Hypothetical protein.,,0,secondary STRING hit (STRING protein assigned to a better match),no STRING match,2416,2528,1,2
3764,fig|6666666.1036479.peg.2988,fig|6666666.1036479.peg.188,0.862315160036087,0.0076422051132118375,Medium,Very Low,Very Low–Medium,Hypothetical protein.,,0,secondary STRING hit (STRING protein assigned to a better match),no STRING match,2416,2528,1,2
3765,fig|6666666.1036479.peg.861,fig|6666666.1036479.peg.2176,0.8623017609119416,0.007644235454634051,High,Very Low,Very Low–High,,,0,no STRING match,no STRING match,2665,2996,1,1
3766,fig|6666666.1036479.peg.866,fig|6666666.1036479.peg.1603,0.8622865855693818,0.0076462657960562645,High,Very Low,Very Low–High,,,0,no STRING match,no STRING match,2667,2861,1,2
3767,fig|6666666.1036479.peg.866,fig|6666666.1036479.peg.1610,0.8622865855693818,0.007648296137478478,High,Very Low,Very Low–High,,,0,no STRING match,no STRING match,2667,2861,1,2
3768,fig|6666666.1036479.peg.31,fig|6666666.1036479.peg.866,0.8622707664966583,0.007650326478900692,Very Low,High,Very Low–High,,,0,no STRING match,no STRING match,2519,2667,2,1
3769,fig|6666666.1036479.peg.179,fig|6666666.1036479.peg.866,0.8622707664966583,0.007652356820322906,Very Low,High,Very Low–High,,,0,no STRING match,no STRING match,2519,2667,2,1
3770,fig|6666666.1036479.peg.3142,fig|6666666.1036479.peg.1947,0.8622604966163635,0.007654387161745119,Low,Medium,Low–Medium,,,0,no STRING match,no STRING match,2448,2930,1,1
3771,fig|6666666.1036479.peg.2512,fig|6666666.1036479.peg.2672,0.8622533738613128,0.007656417503167333,Very Low,Medium,Very Low–Medium,,,0,no STRING match,no STRING match,2276,2341,13,1
3772,fig|6666666.1036479.peg.2518,fig|6666666.1036479.peg.2672,0.8622533738613128,0.007658447844589546,Very Low,Medium,Very Low–Medium,,,0,no STRING match,no STRING match,2276,2341,13,1
3773,fig|6666666.1036479.peg.2525,fig|6666666.1036479.peg.2672,0.8622533738613128,0.00766047818601176,Very Low,Medium,Very Low–Medium,,,0,no STRING match,no STRING match,2276,2341,13,1
3774,fig|6666666.1036479.peg.2529,fig|6666666.1036479.peg.2672,0.8622533738613128,0.007662508527433973,Very Low,Medium,Very Low–Medium,,,0,no STRING match,no STRING match,2276,2341,13,1
3775,fig|6666666.1036479.peg.2533,fig|6666666.1036479.peg.2672,0.8622533738613128,0.007664538868856187,Very Low,Medium,Very Low–Medium,,,0,no STRING match,no STRING match,2276,2341,13,1
3776,fig|6666666.1036479.peg.2672,fig|6666666.1036479.peg.3172,0.8622533738613128,0.0076665692102784,Medium,Very Low,Very Low–Medium,,,0,no STRING match,no STRING match,2341,2276,1,13
3777,fig|6666666.1036479.peg.2672,fig|6666666.1036479.peg.972,0.8622533738613128,0.007668599551700614,Medium,Very Low,Very Low–Medium,,,0,no STRING match,no STRING match,2341,2276,1,13
3778,fig|6666666.1036479.peg.2672,fig|6666666.1036479.peg.977,0.8622533738613128,0.007670629893122827,Medium,Very Low,Very Low–Medium,,,0,no STRING match,no STRING match,2341,2276,1,13
3779,fig|6666666.1036479.peg.2672,fig|6666666.1036479.peg.982,0.8622533738613128,0.007672660234545041,Medium,Very Low,Very Low–Medium,,,0,no STRING match,no STRING match,2341,2276,1,13
3780,fig|6666666.1036479.peg.2672,fig|6666666.1036479.peg.986,0.8622533738613128,0.007674690575967254,Medium,Very Low,Very Low–Medium,,,0,no STRING match,no STRING match,2341,2276,1,13
3781,fig|6666666.1036479.peg.2672,fig|6666666.1036479.peg.990,0.8622533738613128,0.007676720917389468,Medium,Very Low,Very Low–Medium,,,0,no STRING match,no STRING match,2341,2276,1,13
3782,fig|6666666.1036479.peg.2672,fig|6666666.1036479.peg.2488,0.8622533738613128,0.0076787512588116814,Medium,Very Low,Very Low–Medium,,,0,no STRING match,no STRING match,2341,2276,1,13
3783,fig|6666666.1036479.peg.2672,fig|6666666.1036479.peg.2493,0.8622533738613128,0.007680781600233895,Medium,Very Low,Very Low–Medium,,,0,no STRING match,no STRING match,2341,2276,1,13
3784,fig|6666666.1036479.peg.1308,fig|6666666.1036479.peg.1943,0.8622471570968628,0.007682811941656109,Medium,Medium,Medium–Medium,,COG3103 SH3 domain protein.,0,no STRING match,secondary STRING hit (STRING protein assigned to a better match),2764,2926,1,1
3785,fig|6666666.1036479.peg.2672,fig|6666666.1036479.peg.426,0.8622319638729096,0.007684842283078323,Medium,Very Low,Very Low–Medium,,,0,no STRING match,no STRING match,2341,2588,1,1
3786,fig|6666666.1036479.peg.725,fig|6666666.1036479.peg.1655,0.8622286081314087,0.007686872624500536,Very Low,Medium,Very Low–Medium,,,0,no STRING match,no STRING match,2636,2882,1,1
3787,fig|6666666.1036479.peg.304,fig|6666666.1036479.peg.866,0.8622266948223114,0.00768890296592275,Medium,High,Medium–High,,,0,no STRING match,no STRING match,2565,2667,1,1
3788,fig|6666666.1036479.peg.2509,fig|6666666.1036479.peg.38,0.8622254967689514,0.007690933307344963,Very Low,Low,Very Low–Low,,,0,no STRING match,no STRING match,2273,2526,15,2
3789,fig|6666666.1036479.peg.2509,fig|6666666.1036479.peg.186,0.8622254967689514,0.007692963648767177,Very Low,Low,Very Low–Low,,,0,no STRING match,no STRING match,2273,2526,15,2
3790,fig|6666666.1036479.peg.2513,fig|6666666.1036479.peg.38,0.8622254967689514,0.00769499399018939,Very Low,Low,Very Low–Low,,,0,no STRING match,no STRING match,2273,2526,15,2
3791,fig|6666666.1036479.peg.2513,fig|6666666.1036479.peg.186,0.8622254967689514,0.007697024331611604,Very Low,Low,Very Low–Low,,,0,no STRING match,no STRING match,2273,2526,15,2
3792,fig|6666666.1036479.peg.2519,fig|6666666.1036479.peg.38,0.8622254967689514,0.007699054673033817,Very Low,Low,Very Low–Low,,,0,no STRING match,no STRING match,2273,2526,15,2
3793,fig|6666666.1036479.peg.2519,fig|6666666.1036479.peg.186,0.8622254967689514,0.007701085014456031,Very Low,Low,Very Low–Low,,,0,no STRING match,no STRING match,2273,2526,15,2
3794,fig|6666666.1036479.peg.2526,fig|6666666.1036479.peg.38,0.8622254967689514,0.007703115355878244,Very Low,Low,Very Low–Low,,,0,no STRING match,no STRING match,2273,2526,15,2
3795,fig|6666666.1036479.peg.2526,fig|6666666.1036479.peg.186,0.8622254967689514,0.007705145697300458,Very Low,Low,Very Low–Low,,,0,no STRING match,no STRING match,2273,2526,15,2
3796,fig|6666666.1036479.peg.2530,fig|6666666.1036479.peg.38,0.8622254967689514,0.007707176038722671,Very Low,Low,Very Low–Low,,,0,no STRING match,no STRING match,2273,2526,15,2
3797,fig|6666666.1036479.peg.2530,fig|6666666.1036479.peg.186,0.8622254967689514,0.007709206380144885,Very Low,Low,Very Low–Low,,,0,no STRING match,no STRING match,2273,2526,15,2
3798,fig|6666666.1036479.peg.2534,fig|6666666.1036479.peg.38,0.8622254967689514,0.007711236721567098,Very Low,Low,Very Low–Low,,,0,no STRING match,no STRING match,2273,2526,15,2
3799,fig|6666666.1036479.peg.2534,fig|6666666.1036479.peg.186,0.8622254967689514,0.007713267062989312,Very Low,Low,Very Low–Low,,,0,no STRING match,no STRING match,2273,2526,15,2
3800,fig|6666666.1036479.peg.3173,fig|6666666.1036479.peg.38,0.8622254967689514,0.007715297404411526,Very Low,Low,Very Low–Low,,,0,no STRING match,no STRING match,2273,2526,15,2
3801,fig|6666666.1036479.peg.3173,fig|6666666.1036479.peg.186,0.8622254967689514,0.00771732774583374,Very Low,Low,Very Low–Low,,,0,no STRING match,no STRING match,2273,2526,15,2
3802,fig|6666666.1036479.peg.38,fig|6666666.1036479.peg.971,0.8622254967689514,0.007719358087255953,Low,Very Low,Very Low–Low,,,0,no STRING match,no STRING match,2526,2273,2,15
3803,fig|6666666.1036479.peg.38,fig|6666666.1036479.peg.976,0.8622254967689514,0.007721388428678167,Low,Very Low,Very Low–Low,,,0,no STRING match,no STRING match,2526,2273,2,15
3804,fig|6666666.1036479.peg.38,fig|6666666.1036479.peg.981,0.8622254967689514,0.00772341877010038,Low,Very Low,Very Low–Low,,,0,no STRING match,no STRING match,2526,2273,2,15
3805,fig|6666666.1036479.peg.38,fig|6666666.1036479.peg.985,0.8622254967689514,0.007725449111522594,Low,Very Low,Very Low–Low,,,0,no STRING match,no STRING match,2526,2273,2,15
3806,fig|6666666.1036479.peg.38,fig|6666666.1036479.peg.989,0.8622254967689514,0.007727479452944807,Low,Very Low,Very Low–Low,,,0,no STRING match,no STRING match,2526,2273,2,15
3807,fig|6666666.1036479.peg.38,fig|6666666.1036479.peg.2489,0.8622254967689514,0.007729509794367021,Low,Very Low,Very Low–Low,,,0,no STRING match,no STRING match,2526,2273,2,15
3808,fig|6666666.1036479.peg.38,fig|6666666.1036479.peg.2494,0.8622254967689514,0.007731540135789234,Low,Very Low,Very Low–Low,,,0,no STRING match,no STRING match,2526,2273,2,15
3809,fig|6666666.1036479.peg.38,fig|6666666.1036479.peg.2498,0.8622254967689514,0.007733570477211448,Low,Very Low,Very Low–Low,,,0,no STRING match,no STRING match,2526,2273,2,15
3810,fig|6666666.1036479.peg.186,fig|6666666.1036479.peg.971,0.8622254967689514,0.007735600818633661,Low,Very Low,Very Low–Low,,,0,no STRING match,no STRING match,2526,2273,2,15
3811,fig|6666666.1036479.peg.186,fig|6666666.1036479.peg.976,0.8622254967689514,0.007737631160055875,Low,Very Low,Very Low–Low,,,0,no STRING match,no STRING match,2526,2273,2,15
3812,fig|6666666.1036479.peg.186,fig|6666666.1036479.peg.981,0.8622254967689514,0.007739661501478088,Low,Very Low,Very Low–Low,,,0,no STRING match,no STRING match,2526,2273,2,15
3813,fig|6666666.1036479.peg.186,fig|6666666.1036479.peg.985,0.8622254967689514,0.007741691842900302,Low,Very Low,Very Low–Low,,,0,no STRING match,no STRING match,2526,2273,2,15
3814,fig|6666666.1036479.peg.186,fig|6666666.1036479.peg.989,0.8622254967689514,0.007743722184322515,Low,Very Low,Very Low–Low,,,0,no STRING match,no STRING match,2526,2273,2,15
3815,fig|6666666.1036479.peg.186,fig|6666666.1036479.peg.2489,0.8622254967689514,0.007745752525744729,Low,Very Low,Very Low–Low,,,0,no STRING match,no STRING match,2526,2273,2,15
3816,fig|6666666.1036479.peg.186,fig|6666666.1036479.peg.2494,0.8622254967689514,0.007747782867166943,Low,Very Low,Very Low–Low,,,0,no STRING match,no STRING match,2526,2273,2,15
3817,fig|6666666.1036479.peg.186,fig|6666666.1036479.peg.2498,0.8622254967689514,0.007749813208589157,Low,Very Low,Very Low–Low,,,0,no STRING match,no STRING match,2526,2273,2,15
3818,fig|6666666.1036479.peg.3207,fig|6666666.1036479.peg.1,0.8622214138507843,0.00775184355001137,Medium,Very Low,Very Low–Medium,,,0,no STRING match,no STRING match,2468,2509,1,1
3819,fig|6666666.1036479.peg.573,fig|6666666.1036479.peg.1961,0.8622078895568848,0.007753873891433584,Very Low,Medium,Very Low–Medium,Hypothetical protein.,,0,secondary STRING hit (STRING protein assigned to a better match),no STRING match,2601,2943,1,1
3820,fig|6666666.1036479.peg.3008,fig|6666666.1036479.peg.36,0.8621951282024384,0.007755904232855797,Medium,Medium,Medium–Medium,,,0,no STRING match,no STRING match,2423,2524,1,2
3821,fig|6666666.1036479.peg.3008,fig|6666666.1036479.peg.184,0.8621951282024384,0.007757934574278011,Medium,Medium,Medium–Medium,,,0,no STRING match,no STRING match,2423,2524,1,2
3822,fig|6666666.1036479.peg.866,fig|6666666.1036479.peg.1496,0.86215740442276,0.007759964915700224,High,Very Low,Very Low–High,,,0,no STRING match,no STRING match,2667,2826,1,1
3823,fig|6666666.1036479.peg.236,fig|6666666.1036479.peg.2436,0.8621554434299469,0.007761995257122438,Very Low,Medium,Very Low–Medium,,,0,no STRING match,no STRING match,2552,3033,1,1
3824,fig|6666666.1036479.peg.3207,fig|6666666.1036479.peg.2145,0.8621239960193634,0.007764025598544651,Medium,Very Low,Very Low–Medium,,,0,no STRING match,no STRING match,2468,2973,1,1
3825,fig|6666666.1036479.peg.3020,fig|6666666.1036479.peg.3100,0.8621212244033813,0.007766055939966865,Low,Medium,Low–Medium,,,0,no STRING match,no STRING match,2433,2443,1,1
3826,fig|6666666.1036479.peg.2843,fig|6666666.1036479.peg.36,0.862118273973465,0.007768086281389078,Very Low,Medium,Very Low–Medium,,,0,no STRING match,no STRING match,2370,2524,1,2
3827,fig|6666666.1036479.peg.2843,fig|6666666.1036479.peg.184,0.862118273973465,0.007770116622811292,Very Low,Medium,Very Low–Medium,,,0,no STRING match,no STRING match,2370,2524,1,2
3828,fig|6666666.1036479.peg.2535,fig|6666666.1036479.peg.728,0.8621134281158447,0.007772146964233505,Very Low,Medium,Very Low–Medium,,,0,no STRING match,no STRING match,2285,2639,1,1
3829,fig|6666666.1036479.peg.3187,fig|6666666.1036479.peg.573,0.8621067225933075,0.007774177305655719,Very Low,Very Low,Very Low–Very Low,Hypothetical protein.,Hypothetical protein.,0,secondary STRING hit (STRING protein assigned to a better match),secondary STRING hit (STRING protein assigned to a better match),2460,2601,1,1
3830,fig|6666666.1036479.peg.942,fig|6666666.1036479.peg.2436,0.8621046364307403,0.007776207647077932,Very Low,Medium,Very Low–Medium,,,0,no STRING match,no STRING match,2691,3033,1,1
3831,fig|6666666.1036479.peg.3207,fig|6666666.1036479.peg.1950,0.8621018052101135,0.007778237988500146,Medium,Very Low,Very Low–Medium,,,0,no STRING match,no STRING match,2468,2933,1,1
3832,fig|6666666.1036479.peg.3184,fig|6666666.1036479.peg.3254,0.8620920062065125,0.00778026832992236,Very Low,High,Very Low–High,,,0,no STRING match,no STRING match,2457,2505,1,3
3833,fig|6666666.1036479.peg.3184,fig|6666666.1036479.peg.22,0.8620920062065125,0.007782298671344574,Very Low,High,Very Low–High,,,0,no STRING match,no STRING match,2457,2505,1,3
3834,fig|6666666.1036479.peg.3184,fig|6666666.1036479.peg.170,0.8620920062065125,0.007784329012766787,Very Low,High,Very Low–High,,,0,no STRING match,no STRING match,2457,2505,1,3
3835,fig|6666666.1036479.peg.1092,fig|6666666.1036479.peg.1947,0.8620898127555847,0.007786359354189001,Very Low,Medium,Very Low–Medium,,,0,no STRING match,no STRING match,2715,2930,1,1
3836,fig|6666666.1036479.peg.887,fig|6666666.1036479.peg.2436,0.8620530784130096,0.007788389695611214,Medium,Medium,Medium–Medium,,,0,no STRING match,no STRING match,2680,3033,1,1
3837,fig|6666666.1036479.peg.861,fig|6666666.1036479.peg.1122,0.8620386064052582,0.007790420037033428,High,Very Low,Very Low–High,,,0,no STRING match,no STRING match,2665,2738,1,1
3838,fig|6666666.1036479.peg.2988,fig|6666666.1036479.peg.2404,0.8620352745056152,0.007792450378455641,Medium,Medium,Medium–Medium,Hypothetical protein.,Hypothetical protein; COG0605 Superoxide dismutase.,0,secondary STRING hit (STRING protein assigned to a better match),secondary STRING hit (STRING protein assigned to a better match),2416,3028,1,1
3839,fig|6666666.1036479.peg.370,fig|6666666.1036479.peg.894,0.8620336949825287,0.007794480719877855,High,Very Low,Very Low–High,,,0,no STRING match,no STRING match,2579,2686,1,1
3840,fig|6666666.1036479.peg.3010,fig|6666666.1036479.peg.1289,0.862028431892395,0.007796511061300068,Low,Very Low,Very Low–Low,,,0,no STRING match,no STRING match,2425,2762,1,1
3841,fig|6666666.1036479.peg.3254,fig|6666666.1036479.peg.1410,0.8620108783245086,0.007798541402722282,High,Medium,Medium–High,,,0,no STRING match,no STRING match,2505,2813,3,1
3842,fig|6666666.1036479.peg.22,fig|6666666.1036479.peg.1410,0.8620108783245086,0.007800571744144495,High,Medium,Medium–High,,,0,no STRING match,no STRING match,2505,2813,3,1
3843,fig|6666666.1036479.peg.170,fig|6666666.1036479.peg.1410,0.8620108783245086,0.007802602085566709,High,Medium,Medium–High,,,0,no STRING match,no STRING match,2505,2813,3,1
3844,fig|6666666.1036479.peg.3191,fig|6666666.1036479.peg.411,0.8619900643825531,0.007804632426988922,Medium,Low,Low–Medium,,Hypothetical protein.,0,no STRING match,secondary STRING hit (STRING protein assigned to a better match),2464,2585,1,1
3845,fig|6666666.1036479.peg.3008,fig|6666666.1036479.peg.3231,0.8619897663593292,0.007806662768411136,Medium,Very Low,Very Low–Medium,,,0,no STRING match,no STRING match,2423,2482,1,2
3846,fig|6666666.1036479.peg.3008,fig|6666666.1036479.peg.147,0.8619897663593292,0.007808693109833349,Medium,Very Low,Very Low–Medium,,,0,no STRING match,no STRING match,2423,2482,1,2
3847,fig|6666666.1036479.peg.2501,fig|6666666.1036479.peg.2948,0.8619776368141174,0.007810723451255563,High,High,High–High,,,0,no STRING match,no STRING match,2265,2410,1,1
3848,fig|6666666.1036479.peg.2960,fig|6666666.1036479.peg.3010,0.8619755506515503,0.007812753792677776,Low,Low,Low–Low,,,0,no STRING match,no STRING match,2412,2425,1,1
3849,fig|6666666.1036479.peg.2948,fig|6666666.1036479.peg.1412,0.8619747281074523,0.00781478413409999,High,Medium,Medium–High,,,0,no STRING match,no STRING match,2410,2815,1,1
3850,fig|6666666.1036479.peg.2948,fig|6666666.1036479.peg.1961,0.8619387030601502,0.007816814475522203,High,Medium,Medium–High,,,0,no STRING match,no STRING match,2410,2943,1,1
3851,fig|6666666.1036479.peg.370,fig|6666666.1036479.peg.1965,0.8619197487831116,0.007818844816944417,High,Medium,Medium–High,,Hypothetical protein.,0,no STRING match,secondary STRING hit (STRING protein assigned to a better match),2579,2945,1,1
3852,fig|6666666.1036479.peg.2547,fig|6666666.1036479.peg.2454,0.8619156002998352,0.00782087515836663,Medium,Medium,Medium–Medium,,,0,no STRING match,no STRING match,2297,3037,1,1
3853,fig|6666666.1036479.peg.2920,fig|6666666.1036479.peg.3015,0.8619093596935272,0.007822905499788844,Very Low,Low,Very Low–Low,,,0,no STRING match,no STRING match,2397,2428,1,1
3854,fig|6666666.1036479.peg.2843,fig|6666666.1036479.peg.2114,0.8618905961513519,0.007824935841211057,Very Low,Very Low,Very Low–Very Low,,"COG1629 Outer membrane receptor proteins, mostly Fe transport.",0,no STRING match,secondary STRING hit (STRING protein assigned to a better match),2370,2964,1,1
3855,fig|6666666.1036479.peg.40,fig|6666666.1036479.peg.573,0.8618866026401519,0.00782696618263327,Very Low,Very Low,Very Low–Very Low,,Hypothetical protein.,0,no STRING match,secondary STRING hit (STRING protein assigned to a better match),2528,2601,2,1
3856,fig|6666666.1036479.peg.188,fig|6666666.1036479.peg.573,0.8618866026401519,0.007828996524055486,Very Low,Very Low,Very Low–Very Low,,Hypothetical protein.,0,no STRING match,secondary STRING hit (STRING protein assigned to a better match),2528,2601,2,1
3857,fig|6666666.1036479.peg.3011,fig|6666666.1036479.peg.3207,0.8618864595890046,0.0078310268654777,High,Medium,Medium–High,,,0,no STRING match,no STRING match,2426,2468,1,1
3858,fig|6666666.1036479.peg.2920,fig|6666666.1036479.peg.2093,0.8618852078914643,0.007833057206899913,Very Low,Medium,Very Low–Medium,,,0,no STRING match,no STRING match,2397,2955,1,1
3859,fig|6666666.1036479.peg.2988,fig|6666666.1036479.peg.1074,0.8618761837482453,0.007835087548322127,Medium,High,Medium–High,Hypothetical protein.,,0,secondary STRING hit (STRING protein assigned to a better match),no STRING match,2416,2706,1,1
3860,fig|6666666.1036479.peg.3254,fig|6666666.1036479.peg.1289,0.8618625402450562,0.00783711788974434,High,Very Low,Very Low–High,,,0,no STRING match,no STRING match,2505,2762,3,1
3861,fig|6666666.1036479.peg.22,fig|6666666.1036479.peg.1289,0.8618625402450562,0.007839148231166554,High,Very Low,Very Low–High,,,0,no STRING match,no STRING match,2505,2762,3,1
3862,fig|6666666.1036479.peg.170,fig|6666666.1036479.peg.1289,0.8618625402450562,0.007841178572588767,High,Very Low,Very Low–High,,,0,no STRING match,no STRING match,2505,2762,3,1
3863,fig|6666666.1036479.peg.1300,fig|6666666.1036479.peg.1377,0.861860728263855,0.00784320891401098,Low,Very Low,Very Low–Low,,,0,no STRING match,no STRING match,2763,2809,1,1
3864,fig|6666666.1036479.peg.2547,fig|6666666.1036479.peg.2571,0.8618458390235901,0.007845239255433194,Medium,Medium,Medium–Medium,,,0,no STRING match,no STRING match,2297,2316,1,1
3865,fig|6666666.1036479.peg.2548,fig|6666666.1036479.peg.1215,0.8618421435356141,0.007847269596855408,High,Low,Low–High,,,0,no STRING match,no STRING match,2298,2751,1,1
3866,fig|6666666.1036479.peg.370,fig|6666666.1036479.peg.1343,0.8618318021297455,0.007849299938277621,High,Very Low,Very Low–High,,,0,no STRING match,no STRING match,2579,2781,1,1
3867,fig|6666666.1036479.peg.866,fig|6666666.1036479.peg.1753,0.8618102908134461,0.007851330279699835,High,Medium,Medium–High,,Hypothetical protein.,0,no STRING match,secondary STRING hit (STRING protein assigned to a better match),2667,2890,1,1
3868,fig|6666666.1036479.peg.1308,fig|6666666.1036479.peg.2405,0.8617965102195739,0.007853360621122048,Medium,Medium,Medium–Medium,,Hypothetical protein; COG0605 Superoxide dismutase.,0,no STRING match,secondary STRING hit (STRING protein assigned to a better match),2764,3029,1,1
3869,fig|6666666.1036479.peg.2948,fig|6666666.1036479.peg.1344,0.8617918074131012,0.007855390962544262,High,Very Low,Very Low–High,,,0,no STRING match,no STRING match,2410,2782,1,1
3870,fig|6666666.1036479.peg.861,fig|6666666.1036479.peg.1704,0.8617749869823456,0.007857421303966475,High,Very Low,Very Low–High,,,0,no STRING match,no STRING match,2665,2885,1,1
3871,fig|6666666.1036479.peg.3223,fig|6666666.1036479.peg.38,0.8617656528949738,0.007859451645388689,High,Low,Low–High,,,0,no STRING match,no STRING match,2474,2526,2,2
3872,fig|6666666.1036479.peg.3223,fig|6666666.1036479.peg.186,0.8617656528949738,0.007861481986810902,High,Low,Low–High,,,0,no STRING match,no STRING match,2474,2526,2,2
3873,fig|6666666.1036479.peg.38,fig|6666666.1036479.peg.139,0.8617656528949738,0.007863512328233116,Low,High,Low–High,,,0,no STRING match,no STRING match,2526,2474,2,2
3874,fig|6666666.1036479.peg.139,fig|6666666.1036479.peg.186,0.8617656528949738,0.007865542669655329,High,Low,Low–High,,,0,no STRING match,no STRING match,2474,2526,2,2
3875,fig|6666666.1036479.peg.2672,fig|6666666.1036479.peg.2969,0.8617510259151459,0.007867573011077543,Medium,Very Low,Very Low–Medium,,,0,no STRING match,no STRING match,2341,2414,1,1
3876,fig|6666666.1036479.peg.740,fig|6666666.1036479.peg.2436,0.8616983473300934,0.007869603352499756,Very Low,Medium,Very Low–Medium,,,0,no STRING match,no STRING match,2651,3033,1,1
3877,fig|6666666.1036479.peg.32,fig|6666666.1036479.peg.866,0.8616868317127228,0.00787163369392197,Low,High,Low–High,,,0,no STRING match,no STRING match,2520,2667,2,1
3878,fig|6666666.1036479.peg.180,fig|6666666.1036479.peg.866,0.8616868317127228,0.007873664035344183,Low,High,Low–High,,,0,no STRING match,no STRING match,2520,2667,2,1
3879,fig|6666666.1036479.peg.866,fig|6666666.1036479.peg.2385,0.8616807162761688,0.007875694376766397,High,Medium,Medium–High,,,0,no STRING match,no STRING match,2667,3026,1,1
3880,fig|6666666.1036479.peg.3184,fig|6666666.1036479.peg.1289,0.8616782426834106,0.00787772471818861,Very Low,Very Low,Very Low–Very Low,,,0,no STRING match,no STRING match,2457,2762,1,1
3881,fig|6666666.1036479.peg.2571,fig|6666666.1036479.peg.881,0.8616707861423493,0.007879755059610824,Medium,High,Medium–High,,,0,no STRING match,no STRING match,2316,2674,1,1
3882,fig|6666666.1036479.peg.3008,fig|6666666.1036479.peg.889,0.8616662502288819,0.007881785401033037,Medium,Low,Low–Medium,,,0,no STRING match,no STRING match,2423,2682,1,1
3883,fig|6666666.1036479.peg.3184,fig|6666666.1036479.peg.38,0.8616578459739686,0.00788381574245525,Very Low,Low,Very Low–Low,,,0,no STRING match,no STRING match,2457,2526,1,2
3884,fig|6666666.1036479.peg.3184,fig|6666666.1036479.peg.186,0.8616578459739686,0.007885846083877464,Very Low,Low,Very Low–Low,,,0,no STRING match,no STRING match,2457,2526,1,2
3885,fig|6666666.1036479.peg.370,fig|6666666.1036479.peg.1755,0.8616402387619019,0.007887876425299678,High,Medium,Medium–High,,Hypothetical protein.,0,no STRING match,secondary STRING hit (STRING protein assigned to a better match),2579,2892,1,1
3886,fig|6666666.1036479.peg.312,fig|6666666.1036479.peg.1947,0.8616395473480225,0.007889906766721891,Medium,Medium,Medium–Medium,,,0,no STRING match,no STRING match,2570,2930,1,1
3887,fig|6666666.1036479.peg.2988,fig|6666666.1036479.peg.732,0.8616212785243988,0.007891937108144105,Medium,Medium,Medium–Medium,Hypothetical protein.,,0,secondary STRING hit (STRING protein assigned to a better match),no STRING match,2416,2643,1,1
3888,fig|6666666.1036479.peg.2922,fig|6666666.1036479.peg.2348,0.8616180896759034,0.00789396744956632,Very Low,High,Very Low–High,,,0,no STRING match,no STRING match,2399,3019,1,1
3889,fig|6666666.1036479.peg.861,fig|6666666.1036479.peg.2384,0.8616082429885864,0.007895997790988533,High,Medium,Medium–High,,,0,no STRING match,no STRING match,2665,3025,1,1
3890,fig|6666666.1036479.peg.1300,fig|6666666.1036479.peg.2025,0.861597192287445,0.007898028132410747,Low,Very Low,Very Low–Low,,,0,no STRING match,no STRING match,2763,2950,1,1
3891,fig|6666666.1036479.peg.659,fig|6666666.1036479.peg.1300,0.8615843772888183,0.00790005847383296,Very Low,Low,Very Low–Low,,,0,no STRING match,no STRING match,2617,2763,1,1
3892,fig|6666666.1036479.peg.411,fig|6666666.1036479.peg.1753,0.8615836024284362,0.007902088815255174,Low,Medium,Low–Medium,Hypothetical protein.,Hypothetical protein.,0,secondary STRING hit (STRING protein assigned to a better match),secondary STRING hit (STRING protein assigned to a better match),2585,2890,1,1
3893,fig|6666666.1036479.peg.74,fig|6666666.1036479.peg.861,0.8615520298480988,0.007904119156677387,Very Low,High,Very Low–High,,,0,no STRING match,no STRING match,2538,2665,1,1
3894,fig|6666666.1036479.peg.866,fig|6666666.1036479.peg.1704,0.8615502893924714,0.007906149498099601,High,Very Low,Very Low–High,,,0,no STRING match,no STRING match,2667,2885,1,1
3895,fig|6666666.1036479.peg.3223,fig|6666666.1036479.peg.3231,0.8615415632724762,0.007908179839521814,High,Very Low,Very Low–High,,,0,no STRING match,no STRING match,2474,2482,2,2
3896,fig|6666666.1036479.peg.3223,fig|6666666.1036479.peg.147,0.8615415632724762,0.007910210180944028,High,Very Low,Very Low–High,,,0,no STRING match,no STRING match,2474,2482,2,2
3897,fig|6666666.1036479.peg.3231,fig|6666666.1036479.peg.139,0.8615415632724762,0.007912240522366241,Very Low,High,Very Low–High,,,0,no STRING match,no STRING match,2482,2474,2,2
3898,fig|6666666.1036479.peg.139,fig|6666666.1036479.peg.147,0.8615415632724762,0.007914270863788455,High,Very Low,Very Low–High,,,0,no STRING match,no STRING match,2474,2482,2,2
3899,fig|6666666.1036479.peg.1655,fig|6666666.1036479.peg.1657,0.8615372002124786,0.007916301205210668,Medium,Medium,Medium–Medium,,,0,no STRING match,no STRING match,2882,2883,1,1
3900,fig|6666666.1036479.peg.3209,fig|6666666.1036479.peg.719,0.8615106999874115,0.007918331546632882,Medium,Medium,Medium–Medium,,,0,no STRING match,no STRING match,2469,2630,1,1
3901,fig|6666666.1036479.peg.2548,fig|6666666.1036479.peg.1835,0.8615049898624421,0.007920361888055096,High,Very Low,Very Low–High,,,0,no STRING match,no STRING match,2298,2906,1,1
3902,fig|6666666.1036479.peg.2348,fig|6666666.1036479.peg.2386,0.8614974558353424,0.007922392229477309,High,Medium,Medium–High,,,0,no STRING match,no STRING match,3019,3027,1,1
3903,fig|6666666.1036479.peg.3207,fig|6666666.1036479.peg.1416,0.8614638447761536,0.007924422570899523,Medium,Medium,Medium–Medium,,,0,no STRING match,no STRING match,2468,2817,1,1
3904,fig|6666666.1036479.peg.3222,fig|6666666.1036479.peg.314,0.8614627659320832,0.007926452912321736,Medium,Very Low,Very Low–Medium,,,0,no STRING match,no STRING match,2473,2572,2,1
3905,fig|6666666.1036479.peg.138,fig|6666666.1036479.peg.314,0.8614627659320832,0.00792848325374395,Medium,Very Low,Very Low–Medium,,,0,no STRING match,no STRING match,2473,2572,2,1
3906,fig|6666666.1036479.peg.2924,fig|6666666.1036479.peg.725,0.8614527940750122,0.007930513595166163,Very Low,Very Low,Very Low–Very Low,,,0,no STRING match,no STRING match,2401,2636,1,1
3907,fig|6666666.1036479.peg.881,fig|6666666.1036479.peg.1416,0.86144158244133,0.007932543936588377,High,Medium,Medium–High,,,0,no STRING match,no STRING match,2674,2817,1,1
3908,fig|6666666.1036479.peg.2654,fig|6666666.1036479.peg.2348,0.8614379465579987,0.00793457427801059,High,High,High–High,,,0,no STRING match,no STRING match,2337,3019,1,1
3909,fig|6666666.1036479.peg.2988,fig|6666666.1036479.peg.1951,0.861437726020813,0.007936604619432804,Medium,High,Medium–High,Hypothetical protein.,,0,secondary STRING hit (STRING protein assigned to a better match),no STRING match,2416,2934,1,1
3910,fig|6666666.1036479.peg.35,fig|6666666.1036479.peg.2348,0.861436665058136,0.007938634960855017,Very Low,High,Very Low–High,,,0,no STRING match,no STRING match,2523,3019,2,1
3911,fig|6666666.1036479.peg.183,fig|6666666.1036479.peg.2348,0.861436665058136,0.00794066530227723,Very Low,High,Very Low–High,,,0,no STRING match,no STRING match,2523,3019,2,1
3912,fig|6666666.1036479.peg.2891,fig|6666666.1036479.peg.2436,0.8614021599292755,0.007942695643699444,Medium,Medium,Medium–Medium,,,0,no STRING match,no STRING match,2390,3033,1,1
3913,fig|6666666.1036479.peg.3254,fig|6666666.1036479.peg.889,0.8613799333572387,0.007944725985121658,High,Low,Low–High,,,0,no STRING match,no STRING match,2505,2682,3,1
3914,fig|6666666.1036479.peg.22,fig|6666666.1036479.peg.889,0.8613799333572387,0.007946756326543871,High,Low,Low–High,,,0,no STRING match,no STRING match,2505,2682,3,1
3915,fig|6666666.1036479.peg.170,fig|6666666.1036479.peg.889,0.8613799333572387,0.007948786667966085,High,Low,Low–High,,,0,no STRING match,no STRING match,2505,2682,3,1
3916,fig|6666666.1036479.peg.3183,fig|6666666.1036479.peg.861,0.8613552331924439,0.007950817009388298,Very Low,High,Very Low–High,,,0,no STRING match,no STRING match,2456,2665,1,1
3917,fig|6666666.1036479.peg.3213,fig|6666666.1036479.peg.1300,0.861338871717453,0.007952847350810512,Very Low,Low,Very Low–Low,,,0,no STRING match,no STRING match,2470,2763,1,1
3918,fig|6666666.1036479.peg.1617,fig|6666666.1036479.peg.1657,0.8613370180130004,0.007954877692232725,Low,Medium,Low–Medium,,,0,no STRING match,no STRING match,2864,2883,2,1
3919,fig|6666666.1036479.peg.1625,fig|6666666.1036479.peg.1657,0.8613370180130004,0.007956908033654939,Low,Medium,Low–Medium,,,0,no STRING match,no STRING match,2864,2883,2,1
3920,fig|6666666.1036479.peg.1289,fig|6666666.1036479.peg.1566,0.8613346993923188,0.007958938375077154,Very Low,High,Very Low–High,,,0,no STRING match,no STRING match,2762,2838,1,1
3921,fig|6666666.1036479.peg.878,fig|6666666.1036479.peg.2348,0.8613326013088226,0.007960968716499367,Very Low,High,Very Low–High,,,0,no STRING match,no STRING match,1858,3019,4,1
3922,fig|6666666.1036479.peg.2100,fig|6666666.1036479.peg.2348,0.8613326013088226,0.00796299905792158,Very Low,High,Very Low–High,,,0,no STRING match,no STRING match,1858,3019,4,1
3923,fig|6666666.1036479.peg.2348,fig|6666666.1036479.peg.2381,0.8613326013088226,0.007965029399343794,High,Very Low,Very Low–High,,,0,no STRING match,no STRING match,3019,1858,1,4
3924,fig|6666666.1036479.peg.3254,fig|6666666.1036479.peg.36,0.8613318383693696,0.007967059740766008,High,Medium,Medium–High,,,0,no STRING match,no STRING match,2505,2524,3,2
3925,fig|6666666.1036479.peg.3254,fig|6666666.1036479.peg.184,0.8613318383693696,0.007969090082188221,High,Medium,Medium–High,,,0,no STRING match,no STRING match,2505,2524,3,2
3926,fig|6666666.1036479.peg.22,fig|6666666.1036479.peg.36,0.8613318383693696,0.007971120423610435,High,Medium,Medium–High,,,0,no STRING match,no STRING match,2505,2524,3,2
3927,fig|6666666.1036479.peg.22,fig|6666666.1036479.peg.184,0.8613318383693696,0.007973150765032648,High,Medium,Medium–High,,,0,no STRING match,no STRING match,2505,2524,3,2
3928,fig|6666666.1036479.peg.36,fig|6666666.1036479.peg.170,0.8613318383693696,0.007975181106454862,Medium,High,Medium–High,,,0,no STRING match,no STRING match,2524,2505,2,3
3929,fig|6666666.1036479.peg.170,fig|6666666.1036479.peg.184,0.8613318383693696,0.007977211447877075,High,Medium,Medium–High,,,0,no STRING match,no STRING match,2505,2524,3,2
3930,fig|6666666.1036479.peg.2923,fig|6666666.1036479.peg.370,0.8613047003746033,0.007979241789299289,Medium,High,Medium–High,,,0,no STRING match,no STRING match,2400,2579,1,1
3931,fig|6666666.1036479.peg.2839,fig|6666666.1036479.peg.3207,0.8613005697727203,0.007981272130721502,Very Low,Medium,Very Low–Medium,,,0,no STRING match,no STRING match,2368,2468,1,1
3932,fig|6666666.1036479.peg.3254,fig|6666666.1036479.peg.2114,0.86129812002182,0.007983302472143716,High,Very Low,Very Low–High,,"COG1629 Outer membrane receptor proteins, mostly Fe transport.",0,no STRING match,secondary STRING hit (STRING protein assigned to a better match),2505,2964,3,1
3933,fig|6666666.1036479.peg.22,fig|6666666.1036479.peg.2114,0.86129812002182,0.00798533281356593,High,Very Low,Very Low–High,,"COG1629 Outer membrane receptor proteins, mostly Fe transport.",0,no STRING match,secondary STRING hit (STRING protein assigned to a better match),2505,2964,3,1
3934,fig|6666666.1036479.peg.170,fig|6666666.1036479.peg.2114,0.86129812002182,0.007987363154988143,High,Very Low,Very Low–High,,"COG1629 Outer membrane receptor proteins, mostly Fe transport.",0,no STRING match,secondary STRING hit (STRING protein assigned to a better match),2505,2964,3,1
3935,fig|6666666.1036479.peg.2504,fig|6666666.1036479.peg.3231,0.8612662196159363,0.007989393496410356,Very Low,Very Low,Very Low–Very Low,,,0,no STRING match,no STRING match,2268,2482,1,2
3936,fig|6666666.1036479.peg.2504,fig|6666666.1036479.peg.147,0.8612662196159363,0.00799142383783257,Very Low,Very Low,Very Low–Very Low,,,0,no STRING match,no STRING match,2268,2482,1,2
3937,fig|6666666.1036479.peg.3020,fig|6666666.1036479.peg.3077,0.8612551689147949,0.007993454179254783,Low,Medium,Low–Medium,,,0,no STRING match,no STRING match,2433,2440,1,1
3938,fig|6666666.1036479.peg.1119,fig|6666666.1036479.peg.1966,0.8612547039985656,0.007995484520676997,Very Low,Very Low,Very Low–Very Low,,,0,no STRING match,no STRING match,2735,2946,1,1
3939,fig|6666666.1036479.peg.2920,fig|6666666.1036479.peg.3223,0.8612525045871735,0.00799751486209921,Very Low,High,Very Low–High,,,0,no STRING match,no STRING match,2397,2474,1,2
3940,fig|6666666.1036479.peg.2920,fig|6666666.1036479.peg.139,0.8612525045871735,0.007999545203521424,Very Low,High,Very Low–High,,,0,no STRING match,no STRING match,2397,2474,1,2
3941,fig|6666666.1036479.peg.3222,fig|6666666.1036479.peg.887,0.8612505376338959,0.008001575544943637,Medium,Medium,Medium–Medium,,,0,no STRING match,no STRING match,2473,2680,2,1
3942,fig|6666666.1036479.peg.138,fig|6666666.1036479.peg.887,0.8612505376338959,0.008003605886365851,Medium,Medium,Medium–Medium,,,0,no STRING match,no STRING match,2473,2680,2,1
3943,fig|6666666.1036479.peg.3142,fig|6666666.1036479.peg.1300,0.8612455129623413,0.008005636227788064,Low,Low,Low–Low,,,0,no STRING match,no STRING match,2448,2763,1,1
3944,fig|6666666.1036479.peg.726,fig|6666666.1036479.peg.1947,0.8612373054027558,0.008007666569210278,Very Low,Medium,Very Low–Medium,,,0,no STRING match,no STRING match,2637,2930,1,1
3945,fig|6666666.1036479.peg.2929,fig|6666666.1036479.peg.889,0.8612325370311738,0.008009696910632491,Very Low,Low,Very Low–Low,Hypothetical protein.,,0,secondary STRING hit (STRING protein assigned to a better match),no STRING match,2404,2682,1,1
3946,fig|6666666.1036479.peg.2548,fig|6666666.1036479.peg.1781,0.86121466755867,0.008011727252054705,High,Very Low,Very Low–High,,,0,no STRING match,no STRING match,2298,2894,1,1
3947,fig|6666666.1036479.peg.3142,fig|6666666.1036479.peg.881,0.8612061202526092,0.008013757593476918,Low,High,Low–High,,,0,no STRING match,no STRING match,2448,2674,1,1
3948,fig|6666666.1036479.peg.2672,fig|6666666.1036479.peg.3183,0.8612049400806427,0.008015787934899132,Medium,Very Low,Very Low–Medium,,,0,no STRING match,no STRING match,2341,2456,1,1
3949,fig|6666666.1036479.peg.3254,fig|6666666.1036479.peg.1946,0.861190116405487,0.008017818276321345,High,Medium,Medium–High,,,0,no STRING match,no STRING match,2505,2929,3,1
3950,fig|6666666.1036479.peg.22,fig|6666666.1036479.peg.1946,0.861190116405487,0.008019848617743559,High,Medium,Medium–High,,,0,no STRING match,no STRING match,2505,2929,3,1
3951,fig|6666666.1036479.peg.170,fig|6666666.1036479.peg.1946,0.861190116405487,0.008021878959165772,High,Medium,Medium–High,,,0,no STRING match,no STRING match,2505,2929,3,1
3952,fig|6666666.1036479.peg.866,fig|6666666.1036479.peg.2386,0.8611584782600403,0.008023909300587988,High,Medium,Medium–High,,,0,no STRING match,no STRING match,2667,3027,1,1
3953,fig|6666666.1036479.peg.2541,fig|6666666.1036479.peg.2548,0.8611530840396882,0.008025939642010201,Very Low,High,Very Low–High,,,0,no STRING match,no STRING match,2291,2298,1,1
3954,fig|6666666.1036479.peg.881,fig|6666666.1036479.peg.2497,0.8611373484134675,0.008027969983432415,High,Very Low,Very Low–High,,,0,no STRING match,no STRING match,2674,3047,1,1
3955,fig|6666666.1036479.peg.1807,fig|6666666.1036479.peg.1947,0.8611335337162018,0.008030000324854628,Low,Medium,Low–Medium,,,0,no STRING match,no STRING match,2905,2930,1,1
3956,fig|6666666.1036479.peg.720,fig|6666666.1036479.peg.2455,0.8611264288425445,0.008032030666276842,High,Medium,Medium–High,,,0,no STRING match,no STRING match,2631,3038,1,1
3957,fig|6666666.1036479.peg.573,fig|6666666.1036479.peg.1412,0.8610683143138885,0.008034061007699055,Very Low,Medium,Very Low–Medium,Hypothetical protein.,,0,secondary STRING hit (STRING protein assigned to a better match),no STRING match,2601,2815,1,1
3958,fig|6666666.1036479.peg.32,fig|6666666.1036479.peg.2348,0.86105517745018,0.008036091349121269,Low,High,Low–High,,,0,no STRING match,no STRING match,2520,3019,2,1
3959,fig|6666666.1036479.peg.180,fig|6666666.1036479.peg.2348,0.86105517745018,0.008038121690543482,Low,High,Low–High,,,0,no STRING match,no STRING match,2520,3019,2,1
3960,fig|6666666.1036479.peg.3222,fig|6666666.1036479.peg.729,0.861031049489975,0.008040152031965696,Medium,Medium,Medium–Medium,,,0,no STRING match,no STRING match,2473,2640,2,1
3961,fig|6666666.1036479.peg.138,fig|6666666.1036479.peg.729,0.861031049489975,0.00804218237338791,Medium,Medium,Medium–Medium,,,0,no STRING match,no STRING match,2473,2640,2,1
3962,fig|6666666.1036479.peg.1655,fig|6666666.1036479.peg.2092,0.8610274910926818,0.008044212714810123,Medium,Medium,Medium–Medium,,,0,no STRING match,no STRING match,2882,2954,1,1
3963,fig|6666666.1036479.peg.3231,fig|6666666.1036479.peg.89,0.8610176324844361,0.008046243056232336,Very Low,Very Low,Very Low–Very Low,,,0,no STRING match,no STRING match,2482,2542,2,1
3964,fig|6666666.1036479.peg.89,fig|6666666.1036479.peg.147,0.8610176324844361,0.00804827339765455,Very Low,Very Low,Very Low–Very Low,,,0,no STRING match,no STRING match,2542,2482,1,2
3965,fig|6666666.1036479.peg.866,fig|6666666.1036479.peg.1118,0.8610144972801208,0.008050303739076763,High,Very Low,Very Low–High,,,0,no STRING match,no STRING match,2667,2734,1,1
3966,fig|6666666.1036479.peg.1657,fig|6666666.1036479.peg.2093,0.8610099852085114,0.008052334080498977,Medium,Medium,Medium–Medium,,,0,no STRING match,no STRING match,2883,2955,1,1
3967,fig|6666666.1036479.peg.1,fig|6666666.1036479.peg.2348,0.8609946370124817,0.00805436442192119,Very Low,High,Very Low–High,,,0,no STRING match,no STRING match,2509,3019,1,1
3968,fig|6666666.1036479.peg.2556,fig|6666666.1036479.peg.3017,0.8609845638275146,0.008056394763343404,High,Medium,Medium–High,,,0,no STRING match,no STRING match,2306,2430,2,1
3969,fig|6666666.1036479.peg.2564,fig|6666666.1036479.peg.3017,0.8609845638275146,0.008058425104765617,High,Medium,Medium–High,,,0,no STRING match,no STRING match,2306,2430,2,1
3970,fig|6666666.1036479.peg.3184,fig|6666666.1036479.peg.36,0.8609545588493347,0.00806045544618783,Very Low,Medium,Very Low–Medium,,,0,no STRING match,no STRING match,2457,2524,1,2
3971,fig|6666666.1036479.peg.3184,fig|6666666.1036479.peg.184,0.8609545588493347,0.008062485787610044,Very Low,Medium,Very Low–Medium,,,0,no STRING match,no STRING match,2457,2524,1,2
3972,fig|6666666.1036479.peg.881,fig|6666666.1036479.peg.1946,0.8609540343284607,0.008064516129032258,High,Medium,Medium–High,,,0,no STRING match,no STRING match,2674,2929,1,1
3973,fig|6666666.1036479.peg.1409,fig|6666666.1036479.peg.2455,0.860934716463089,0.008066546470454471,Medium,Medium,Medium–Medium,,,0,no STRING match,no STRING match,2812,3038,1,1
3974,fig|6666666.1036479.peg.2929,fig|6666666.1036479.peg.3254,0.860931122303009,0.008068576811876685,Very Low,High,Very Low–High,Hypothetical protein.,,0,secondary STRING hit (STRING protein assigned to a better match),no STRING match,2404,2505,1,3
3975,fig|6666666.1036479.peg.2929,fig|6666666.1036479.peg.22,0.860931122303009,0.008070607153298898,Very Low,High,Very Low–High,Hypothetical protein.,,0,secondary STRING hit (STRING protein assigned to a better match),no STRING match,2404,2505,1,3
3976,fig|6666666.1036479.peg.2929,fig|6666666.1036479.peg.170,0.860931122303009,0.008072637494721112,Very Low,High,Very Low–High,Hypothetical protein.,,0,secondary STRING hit (STRING protein assigned to a better match),no STRING match,2404,2505,1,3
3977,fig|6666666.1036479.peg.2506,fig|6666666.1036479.peg.2920,0.8609290659427643,0.008074667836143325,Very Low,Very Low,Very Low–Very Low,,,0,no STRING match,no STRING match,2270,2397,6,1
3978,fig|6666666.1036479.peg.2516,fig|6666666.1036479.peg.2920,0.8609290659427643,0.008076698177565539,Very Low,Very Low,Very Low–Very Low,,,0,no STRING match,no STRING match,2270,2397,6,1
3979,fig|6666666.1036479.peg.2522,fig|6666666.1036479.peg.2920,0.8609290659427643,0.008078728518987752,Very Low,Very Low,Very Low–Very Low,,,0,no STRING match,no STRING match,2270,2397,6,1
3980,fig|6666666.1036479.peg.2920,fig|6666666.1036479.peg.974,0.8609290659427643,0.008080758860409966,Very Low,Very Low,Very Low–Very Low,,,0,no STRING match,no STRING match,2397,2270,1,6
3981,fig|6666666.1036479.peg.2920,fig|6666666.1036479.peg.979,0.8609290659427643,0.00808278920183218,Very Low,Very Low,Very Low–Very Low,,,0,no STRING match,no STRING match,2397,2270,1,6
3982,fig|6666666.1036479.peg.2920,fig|6666666.1036479.peg.2491,0.8609290659427643,0.008084819543254393,Very Low,Very Low,Very Low–Very Low,,,0,no STRING match,no STRING match,2397,2270,1,6
3983,fig|6666666.1036479.peg.2920,fig|6666666.1036479.peg.740,0.8609123468399048,0.008086849884676606,Very Low,Very Low,Very Low–Very Low,,,0,no STRING match,no STRING match,2397,2651,1,1
3984,fig|6666666.1036479.peg.36,fig|6666666.1036479.peg.1946,0.8608767628669739,0.008088880226098822,Medium,Medium,Medium–Medium,,,0,no STRING match,no STRING match,2524,2929,2,1
3985,fig|6666666.1036479.peg.184,fig|6666666.1036479.peg.1946,0.8608767628669739,0.008090910567521035,Medium,Medium,Medium–Medium,,,0,no STRING match,no STRING match,2524,2929,2,1
3986,fig|6666666.1036479.peg.2988,fig|6666666.1036479.peg.1567,0.8608683228492737,0.008092940908943249,Medium,Low,Low–Medium,Hypothetical protein.,,0,secondary STRING hit (STRING protein assigned to a better match),no STRING match,2416,2839,1,1
3987,fig|6666666.1036479.peg.1127,fig|6666666.1036479.peg.2436,0.8608544826507568,0.008094971250365462,Low,Medium,Low–Medium,Hypothetical protein.,,0,secondary STRING hit (STRING protein assigned to a better match),no STRING match,2743,3033,1,1
3988,fig|6666666.1036479.peg.3015,fig|6666666.1036479.peg.3231,0.8608502864837646,0.008097001591787676,Low,Very Low,Very Low–Low,,,0,no STRING match,no STRING match,2428,2482,1,2
3989,fig|6666666.1036479.peg.3015,fig|6666666.1036479.peg.147,0.8608502864837646,0.00809903193320989,Low,Very Low,Very Low–Low,,,0,no STRING match,no STRING match,2428,2482,1,2
3990,fig|6666666.1036479.peg.411,fig|6666666.1036479.peg.1785,0.8608270525932312,0.008101062274632103,Low,Very Low,Very Low–Low,Hypothetical protein.,,0,secondary STRING hit (STRING protein assigned to a better match),no STRING match,2585,2898,1,1
3991,fig|6666666.1036479.peg.3008,fig|6666666.1036479.peg.1945,0.860819524526596,0.008103092616054316,Medium,Very Low,Very Low–Medium,,,0,no STRING match,no STRING match,2423,2928,1,1
3992,fig|6666666.1036479.peg.1300,fig|6666666.1036479.peg.2497,0.8608158886432647,0.00810512295747653,Low,Very Low,Very Low–Low,,,0,no STRING match,no STRING match,2763,3047,1,1
3993,fig|6666666.1036479.peg.2920,fig|6666666.1036479.peg.289,0.8607985258102417,0.008107153298898743,Very Low,High,Very Low–High,,Hypothetical protein.,0,no STRING match,secondary STRING hit (STRING protein assigned to a better match),2397,2559,1,1
3994,fig|6666666.1036479.peg.1947,fig|6666666.1036479.peg.2166,0.8607937932014466,0.008109183640320957,Medium,Very Low,Very Low–Medium,,,0,no STRING match,no STRING match,2930,2987,1,1
3995,fig|6666666.1036479.peg.3020,fig|6666666.1036479.peg.3142,0.8607841730117798,0.00811121398174317,Low,Low,Low–Low,,,0,no STRING match,no STRING match,2433,2448,1,1
3996,fig|6666666.1036479.peg.426,fig|6666666.1036479.peg.866,0.8607766926288605,0.008113244323165384,Very Low,High,Very Low–High,,,0,no STRING match,no STRING match,2588,2667,1,1
3997,fig|6666666.1036479.peg.1308,fig|6666666.1036479.peg.1962,0.8607635796070099,0.008115274664587597,Medium,Medium,Medium–Medium,,,0,no STRING match,no STRING match,2764,2944,1,1
3998,fig|6666666.1036479.peg.3020,fig|6666666.1036479.peg.551,0.86075679063797,0.00811730500600981,Low,Very Low,Very Low–Low,,,0,no STRING match,no STRING match,2433,2597,1,1
3999,fig|6666666.1036479.peg.889,fig|6666666.1036479.peg.1410,0.8607494413852692,0.008119335347432024,Low,Medium,Low–Medium,,,0,no STRING match,no STRING match,2682,2813,1,1
4000,fig|6666666.1036479.peg.2623,fig|6666666.1036479.peg.1308,0.8607320368289948,0.008121365688854238,Very Low,Medium,Very Low–Medium,,,0,no STRING match,no STRING match,2333,2764,1,1
4001,fig|6666666.1036479.peg.2548,fig|6666666.1036479.peg.1114,0.8607053399085999,0.008123396030276451,High,Very Low,Very Low–High,,,0,no STRING match,no STRING match,2298,2730,1,1
4002,fig|6666666.1036479.peg.2672,fig|6666666.1036479.peg.1496,0.8606993377208709,0.008125426371698665,Medium,Very Low,Very Low–Medium,,,0,no STRING match,no STRING match,2341,2826,1,1
4003,fig|6666666.1036479.peg.2092,fig|6666666.1036479.peg.2106,0.8606986939907074,0.008127456713120878,Medium,High,Medium–High,,Hypothetical protein.,0,no STRING match,secondary STRING hit (STRING protein assigned to a better match),2954,2959,1,1
4004,fig|6666666.1036479.peg.2503,fig|6666666.1036479.peg.861,0.8606866419315338,0.008129487054543092,Very Low,High,Very Low–High,,,0,no STRING match,no STRING match,2267,2665,1,1
4005,fig|6666666.1036479.peg.2539,fig|6666666.1036479.peg.2948,0.8606731057167053,0.008131517395965305,Low,High,Low–High,,,0,no STRING match,no STRING match,2289,2410,1,1
4006,fig|6666666.1036479.peg.3020,fig|6666666.1036479.peg.2166,0.860668009519577,0.008133547737387519,Low,Very Low,Very Low–Low,,,0,no STRING match,no STRING match,2433,2987,1,1
4007,fig|6666666.1036479.peg.719,fig|6666666.1036479.peg.2106,0.860658872127533,0.008135578078809732,Medium,High,Medium–High,,Hypothetical protein.,0,no STRING match,secondary STRING hit (STRING protein assigned to a better match),2630,2959,1,1
4008,fig|6666666.1036479.peg.2895,fig|6666666.1036479.peg.370,0.8606499791145324,0.008137608420231946,Very Low,High,Very Low–High,,,0,no STRING match,no STRING match,2394,2579,1,1
4009,fig|6666666.1036479.peg.392,fig|6666666.1036479.peg.411,0.8606446206569671,0.00813963876165416,Very Low,Low,Very Low–Low,,Hypothetical protein.,0,no STRING match,secondary STRING hit (STRING protein assigned to a better match),2581,2585,1,1
4010,fig|6666666.1036479.peg.2532,fig|6666666.1036479.peg.3171,0.8606425404548645,0.008141669103076373,Low,Low,Low–Low,,,0,no STRING match,no STRING match,2284,2284,4,4
4011,fig|6666666.1036479.peg.2532,fig|6666666.1036479.peg.987,0.8606425404548645,0.008143699444498586,Low,Low,Low–Low,,,0,no STRING match,no STRING match,2284,2284,4,4
4012,fig|6666666.1036479.peg.2532,fig|6666666.1036479.peg.2492,0.8606425404548645,0.0081457297859208,Low,Low,Low–Low,,,0,no STRING match,no STRING match,2284,2284,4,4
4013,fig|6666666.1036479.peg.3171,fig|6666666.1036479.peg.987,0.8606425404548645,0.008147760127343013,Low,Low,Low–Low,,,0,no STRING match,no STRING match,2284,2284,4,4
4014,fig|6666666.1036479.peg.3171,fig|6666666.1036479.peg.2492,0.8606425404548645,0.008149790468765227,Low,Low,Low–Low,,,0,no STRING match,no STRING match,2284,2284,4,4
4015,fig|6666666.1036479.peg.987,fig|6666666.1036479.peg.2492,0.8606425404548645,0.00815182081018744,Low,Low,Low–Low,,,0,no STRING match,no STRING match,2284,2284,4,4
4016,fig|6666666.1036479.peg.2548,fig|6666666.1036479.peg.2165,0.8606150865554809,0.008153851151609656,High,Very Low,Very Low–High,,,0,no STRING match,no STRING match,2298,2986,1,1
4017,fig|6666666.1036479.peg.3077,fig|6666666.1036479.peg.1947,0.8605932831764221,0.008155881493031869,Medium,Medium,Medium–Medium,,,0,no STRING match,no STRING match,2440,2930,1,1
4018,fig|6666666.1036479.peg.208,fig|6666666.1036479.peg.861,0.8605850994586944,0.008157911834454083,Low,High,Low–High,,,0,no STRING match,no STRING match,2550,2665,1,1
4019,fig|6666666.1036479.peg.2517,fig|6666666.1036479.peg.3020,0.8605840384960175,0.008159942175876296,Medium,Low,Low–Medium,,,0,no STRING match,no STRING match,2279,2433,1,1
4020,fig|6666666.1036479.peg.2104,fig|6666666.1036479.peg.2348,0.8605598986148835,0.00816197251729851,High,High,High–High,,,0,no STRING match,no STRING match,2958,3019,1,1
4021,fig|6666666.1036479.peg.3207,fig|6666666.1036479.peg.1603,0.8605382323265076,0.008164002858720723,Medium,Very Low,Very Low–Medium,,,0,no STRING match,no STRING match,2468,2861,1,2
4022,fig|6666666.1036479.peg.3207,fig|6666666.1036479.peg.1610,0.8605382323265076,0.008166033200142937,Medium,Very Low,Very Low–Medium,,,0,no STRING match,no STRING match,2468,2861,1,2
4023,fig|6666666.1036479.peg.370,fig|6666666.1036479.peg.1649,0.8605329275131226,0.00816806354156515,High,Very Low,Very Low–High,,YD repeat-containing protein; COG3209 Rhs family protein.,0,no STRING match,secondary STRING hit (STRING protein assigned to a better match),2579,2879,1,1
4024,fig|6666666.1036479.peg.2948,fig|6666666.1036479.peg.3187,0.860530287027359,0.008170093882987364,High,Very Low,Very Low–High,,Hypothetical protein.,0,no STRING match,secondary STRING hit (STRING protein assigned to a better match),2410,2460,1,1
4025,fig|6666666.1036479.peg.3020,fig|6666666.1036479.peg.2469,0.8605250000953675,0.008172124224409577,Low,Very Low,Very Low–Low,,,0,no STRING match,no STRING match,2433,3042,1,1
4026,fig|6666666.1036479.peg.3010,fig|6666666.1036479.peg.2455,0.8605233013629914,0.00817415456583179,Low,Medium,Low–Medium,,,0,no STRING match,no STRING match,2425,3038,1,1
4027,fig|6666666.1036479.peg.714,fig|6666666.1036479.peg.861,0.860509318113327,0.008176184907254004,Low,High,Low–High,,,0,no STRING match,no STRING match,2627,2665,1,1
4028,fig|6666666.1036479.peg.3223,fig|6666666.1036479.peg.1289,0.8605043828487396,0.008178215248676218,High,Very Low,Very Low–High,,,0,no STRING match,no STRING match,2474,2762,2,1
4029,fig|6666666.1036479.peg.139,fig|6666666.1036479.peg.1289,0.8605043828487396,0.008180245590098431,High,Very Low,Very Low–High,,,0,no STRING match,no STRING match,2474,2762,2,1
4030,fig|6666666.1036479.peg.1947,fig|6666666.1036479.peg.1965,0.8604886114597321,0.008182275931520645,Medium,Medium,Medium–Medium,,Hypothetical protein.,0,no STRING match,secondary STRING hit (STRING protein assigned to a better match),2930,2945,1,1
4031,fig|6666666.1036479.peg.3010,fig|6666666.1036479.peg.2092,0.8604689776897431,0.008184306272942858,Low,Medium,Low–Medium,,,0,no STRING match,no STRING match,2425,2954,1,1
4032,fig|6666666.1036479.peg.411,fig|6666666.1036479.peg.2385,0.8604612827301026,0.008186336614365072,Low,Medium,Low–Medium,Hypothetical protein.,,0,secondary STRING hit (STRING protein assigned to a better match),no STRING match,2585,3026,1,1
4033,fig|6666666.1036479.peg.3207,fig|6666666.1036479.peg.31,0.860451740026474,0.008188366955787285,Medium,Very Low,Very Low–Medium,,,0,no STRING match,no STRING match,2468,2519,1,2
4034,fig|6666666.1036479.peg.3207,fig|6666666.1036479.peg.179,0.860451740026474,0.008190397297209499,Medium,Very Low,Very Low–Medium,,,0,no STRING match,no STRING match,2468,2519,1,2
4035,fig|6666666.1036479.peg.1913,fig|6666666.1036479.peg.1947,0.8603997945785522,0.008192427638631712,Very Low,Medium,Very Low–Medium,,,0,no STRING match,no STRING match,2917,2930,1,1
4036,fig|6666666.1036479.peg.289,fig|6666666.1036479.peg.725,0.8603958010673523,0.008194457980053926,High,Very Low,Very Low–High,Hypothetical protein.,,0,secondary STRING hit (STRING protein assigned to a better match),no STRING match,2559,2636,1,1
4037,fig|6666666.1036479.peg.2524,fig|6666666.1036479.peg.881,0.8603922605514527,0.00819648832147614,Low,High,Low–High,,,0,no STRING match,no STRING match,2283,2674,1,1
4038,fig|6666666.1036479.peg.1350,fig|6666666.1036479.peg.1947,0.8603671312332153,0.008198518662898353,Medium,Medium,Medium–Medium,,,0,no STRING match,no STRING match,2788,2930,1,1
4039,fig|6666666.1036479.peg.3222,fig|6666666.1036479.peg.1962,0.8603505373001099,0.008200549004320566,Medium,Medium,Medium–Medium,,,0,no STRING match,no STRING match,2473,2944,2,1
4040,fig|6666666.1036479.peg.138,fig|6666666.1036479.peg.1962,0.8603505373001099,0.00820257934574278,Medium,Medium,Medium–Medium,,,0,no STRING match,no STRING match,2473,2944,2,1
4041,fig|6666666.1036479.peg.3015,fig|6666666.1036479.peg.719,0.860344135761261,0.008204609687164993,Low,Medium,Low–Medium,,,0,no STRING match,no STRING match,2428,2630,1,1
4042,fig|6666666.1036479.peg.3222,fig|6666666.1036479.peg.942,0.8603358626365661,0.008206640028587207,Medium,Very Low,Very Low–Medium,,,0,no STRING match,no STRING match,2473,2691,2,1
4043,fig|6666666.1036479.peg.138,fig|6666666.1036479.peg.942,0.8603358626365661,0.00820867037000942,Medium,Very Low,Very Low–Medium,,,0,no STRING match,no STRING match,2473,2691,2,1
4044,fig|6666666.1036479.peg.3207,fig|6666666.1036479.peg.1343,0.860321992635727,0.008210700711431634,Medium,Very Low,Very Low–Medium,,,0,no STRING match,no STRING match,2468,2781,1,1
4045,fig|6666666.1036479.peg.2092,fig|6666666.1036479.peg.2454,0.8602866709232331,0.008212731052853847,Medium,Medium,Medium–Medium,,,0,no STRING match,no STRING match,2954,3037,1,1
4046,fig|6666666.1036479.peg.2672,fig|6666666.1036479.peg.2289,0.8602832794189453,0.00821476139427606,Medium,Very Low,Very Low–Medium,,,0,no STRING match,no STRING match,2341,3006,1,1
4047,fig|6666666.1036479.peg.2920,fig|6666666.1036479.peg.2924,0.8602771461009979,0.008216791735698274,Very Low,Very Low,Very Low–Very Low,,,0,no STRING match,no STRING match,2397,2401,1,1
4048,fig|6666666.1036479.peg.726,fig|6666666.1036479.peg.1300,0.8602553725242614,0.00821882207712049,Very Low,Low,Very Low–Low,,,0,no STRING match,no STRING match,2637,2763,1,1
4049,fig|6666666.1036479.peg.2515,fig|6666666.1036479.peg.2672,0.8602506220340729,0.008220852418542703,Very Low,Medium,Very Low–Medium,,,0,no STRING match,no STRING match,2278,2341,1,1
4050,fig|6666666.1036479.peg.942,fig|6666666.1036479.peg.1308,0.8602436125278473,0.008222882759964916,Very Low,Medium,Very Low–Medium,,,0,no STRING match,no STRING match,2691,2764,1,1
4051,fig|6666666.1036479.peg.3017,fig|6666666.1036479.peg.3254,0.8602386355400086,0.00822491310138713,Medium,High,Medium–High,,,0,no STRING match,no STRING match,2430,2505,1,3
4052,fig|6666666.1036479.peg.3017,fig|6666666.1036479.peg.22,0.8602386355400086,0.008226943442809343,Medium,High,Medium–High,,,0,no STRING match,no STRING match,2430,2505,1,3
4053,fig|6666666.1036479.peg.3017,fig|6666666.1036479.peg.170,0.8602386355400086,0.008228973784231557,Medium,High,Medium–High,,,0,no STRING match,no STRING match,2430,2505,1,3
4054,fig|6666666.1036479.peg.861,fig|6666666.1036479.peg.1117,0.8602276742458344,0.00823100412565377,High,Very Low,Very Low–High,,,0,no STRING match,no STRING match,2665,2733,1,1
4055,fig|6666666.1036479.peg.3222,fig|6666666.1036479.peg.48,0.8602270483970642,0.008233034467075984,Medium,Medium,Medium–Medium,,,0,no STRING match,no STRING match,2473,2536,2,1
4056,fig|6666666.1036479.peg.48,fig|6666666.1036479.peg.138,0.8602270483970642,0.008235064808498197,Medium,Medium,Medium–Medium,,,0,no STRING match,no STRING match,2536,2473,1,2
4057,fig|6666666.1036479.peg.2532,fig|6666666.1036479.peg.1308,0.8602025032043457,0.008237095149920411,Low,Medium,Low–Medium,,,0,no STRING match,no STRING match,2284,2764,4,1
4058,fig|6666666.1036479.peg.3171,fig|6666666.1036479.peg.1308,0.8602025032043457,0.008239125491342624,Low,Medium,Low–Medium,,,0,no STRING match,no STRING match,2284,2764,4,1
4059,fig|6666666.1036479.peg.987,fig|6666666.1036479.peg.1308,0.8602025032043457,0.008241155832764838,Low,Medium,Low–Medium,,,0,no STRING match,no STRING match,2284,2764,4,1
4060,fig|6666666.1036479.peg.1308,fig|6666666.1036479.peg.2492,0.8602025032043457,0.008243186174187052,Medium,Low,Low–Medium,,,0,no STRING match,no STRING match,2764,2284,1,4
4061,fig|6666666.1036479.peg.2548,fig|6666666.1036479.peg.3004,0.8601945221424103,0.008245216515609265,High,Very Low,Very Low–High,,,0,no STRING match,no STRING match,2298,2419,1,1
4062,fig|6666666.1036479.peg.866,fig|6666666.1036479.peg.1755,0.8601907908916473,0.008247246857031479,High,Medium,Medium–High,,Hypothetical protein.,0,no STRING match,secondary STRING hit (STRING protein assigned to a better match),2667,2892,1,1
4063,fig|6666666.1036479.peg.3020,fig|6666666.1036479.peg.1807,0.8601880609989166,0.008249277198453692,Low,Low,Low–Low,,,0,no STRING match,no STRING match,2433,2905,1,1
4064,fig|6666666.1036479.peg.2509,fig|6666666.1036479.peg.1289,0.8601637959480286,0.008251307539875906,Very Low,Very Low,Very Low–Very Low,,,0,no STRING match,no STRING match,2273,2762,15,1
4065,fig|6666666.1036479.peg.2513,fig|6666666.1036479.peg.1289,0.8601637959480286,0.008253337881298119,Very Low,Very Low,Very Low–Very Low,,,0,no STRING match,no STRING match,2273,2762,15,1
4066,fig|6666666.1036479.peg.2519,fig|6666666.1036479.peg.1289,0.8601637959480286,0.008255368222720333,Very Low,Very Low,Very Low–Very Low,,,0,no STRING match,no STRING match,2273,2762,15,1
4067,fig|6666666.1036479.peg.2526,fig|6666666.1036479.peg.1289,0.8601637959480286,0.008257398564142546,Very Low,Very Low,Very Low–Very Low,,,0,no STRING match,no STRING match,2273,2762,15,1
4068,fig|6666666.1036479.peg.2530,fig|6666666.1036479.peg.1289,0.8601637959480286,0.00825942890556476,Very Low,Very Low,Very Low–Very Low,,,0,no STRING match,no STRING match,2273,2762,15,1
4069,fig|6666666.1036479.peg.2534,fig|6666666.1036479.peg.1289,0.8601637959480286,0.008261459246986973,Very Low,Very Low,Very Low–Very Low,,,0,no STRING match,no STRING match,2273,2762,15,1
4070,fig|6666666.1036479.peg.3173,fig|6666666.1036479.peg.1289,0.8601637959480286,0.008263489588409187,Very Low,Very Low,Very Low–Very Low,,,0,no STRING match,no STRING match,2273,2762,15,1
4071,fig|6666666.1036479.peg.971,fig|6666666.1036479.peg.1289,0.8601637959480286,0.0082655199298314,Very Low,Very Low,Very Low–Very Low,,,0,no STRING match,no STRING match,2273,2762,15,1
4072,fig|6666666.1036479.peg.976,fig|6666666.1036479.peg.1289,0.8601637959480286,0.008267550271253614,Very Low,Very Low,Very Low–Very Low,,,0,no STRING match,no STRING match,2273,2762,15,1
4073,fig|6666666.1036479.peg.981,fig|6666666.1036479.peg.1289,0.8601637959480286,0.008269580612675827,Very Low,Very Low,Very Low–Very Low,,,0,no STRING match,no STRING match,2273,2762,15,1
4074,fig|6666666.1036479.peg.985,fig|6666666.1036479.peg.1289,0.8601637959480286,0.00827161095409804,Very Low,Very Low,Very Low–Very Low,,,0,no STRING match,no STRING match,2273,2762,15,1
4075,fig|6666666.1036479.peg.989,fig|6666666.1036479.peg.1289,0.8601637959480286,0.008273641295520254,Very Low,Very Low,Very Low–Very Low,,,0,no STRING match,no STRING match,2273,2762,15,1
4076,fig|6666666.1036479.peg.1289,fig|6666666.1036479.peg.2489,0.8601637959480286,0.008275671636942468,Very Low,Very Low,Very Low–Very Low,,,0,no STRING match,no STRING match,2762,2273,1,15
4077,fig|6666666.1036479.peg.1289,fig|6666666.1036479.peg.2494,0.8601637959480286,0.008277701978364681,Very Low,Very Low,Very Low–Very Low,,,0,no STRING match,no STRING match,2762,2273,1,15
4078,fig|6666666.1036479.peg.1289,fig|6666666.1036479.peg.2498,0.8601637959480286,0.008279732319786895,Very Low,Very Low,Very Low–Very Low,,,0,no STRING match,no STRING match,2762,2273,1,15
4079,fig|6666666.1036479.peg.2948,fig|6666666.1036479.peg.1919,0.8601543068885803,0.008281762661209108,High,Very Low,Very Low–High,,,0,no STRING match,no STRING match,2410,2920,1,1
4080,fig|6666666.1036479.peg.2679,fig|6666666.1036479.peg.1308,0.8601240396499634,0.008283793002631323,Medium,Medium,Medium–Medium,,,0,no STRING match,no STRING match,2342,2764,1,1
4081,fig|6666666.1036479.peg.2960,fig|6666666.1036479.peg.3209,0.86011803150177,0.008285823344053537,Low,Medium,Low–Medium,,,0,no STRING match,no STRING match,2412,2469,1,1
4082,fig|6666666.1036479.peg.1300,fig|6666666.1036479.peg.1943,0.8601155459880829,0.00828785368547575,Low,Medium,Low–Medium,,COG3103 SH3 domain protein.,0,no STRING match,secondary STRING hit (STRING protein assigned to a better match),2763,2926,1,1
4083,fig|6666666.1036479.peg.2547,fig|6666666.1036479.peg.2891,0.8601075708866119,0.008289884026897964,Medium,Medium,Medium–Medium,,,0,no STRING match,no STRING match,2297,2390,1,1
4084,fig|6666666.1036479.peg.411,fig|6666666.1036479.peg.2352,0.8601030528545379,0.008291914368320177,Low,Medium,Low–Medium,Hypothetical protein.,,0,secondary STRING hit (STRING protein assigned to a better match),no STRING match,2585,3020,1,1
4085,fig|6666666.1036479.peg.3107,fig|6666666.1036479.peg.1947,0.8601026117801667,0.008293944709742391,Very Low,Medium,Very Low–Medium,,,0,no STRING match,no STRING match,2444,2930,1,1
4086,fig|6666666.1036479.peg.1113,fig|6666666.1036479.peg.1966,0.8600999116897583,0.008295975051164604,Very Low,Very Low,Very Low–Very Low,,,0,no STRING match,no STRING match,2729,2946,1,1
4087,fig|6666666.1036479.peg.1894,fig|6666666.1036479.peg.2364,0.8600824475288391,0.008298005392586818,Medium,Medium,Medium–Medium,Hypothetical protein.,,0,secondary STRING hit (STRING protein assigned to a better match),no STRING match,2912,3022,1,1
4088,fig|6666666.1036479.peg.2532,fig|6666666.1036479.peg.2679,0.8600809216499329,0.008300035734009031,Low,Medium,Low–Medium,,,0,no STRING match,no STRING match,2284,2342,4,1
4089,fig|6666666.1036479.peg.2679,fig|6666666.1036479.peg.3171,0.8600809216499329,0.008302066075431245,Medium,Low,Low–Medium,,,0,no STRING match,no STRING match,2342,2284,1,4
4090,fig|6666666.1036479.peg.2679,fig|6666666.1036479.peg.987,0.8600809216499329,0.008304096416853458,Medium,Low,Low–Medium,,,0,no STRING match,no STRING match,2342,2284,1,4
4091,fig|6666666.1036479.peg.2679,fig|6666666.1036479.peg.2492,0.8600809216499329,0.008306126758275672,Medium,Low,Low–Medium,,,0,no STRING match,no STRING match,2342,2284,1,4
4092,fig|6666666.1036479.peg.2548,fig|6666666.1036479.peg.74,0.8600803077220917,0.008308157099697885,High,Very Low,Very Low–High,,,0,no STRING match,no STRING match,2298,2538,1,1
4093,fig|6666666.1036479.peg.2548,fig|6666666.1036479.peg.2107,0.8600801169872284,0.008310187441120099,High,Very Low,Very Low–High,,,0,no STRING match,no STRING match,2298,2960,1,1
4094,fig|6666666.1036479.peg.2503,fig|6666666.1036479.peg.2348,0.8600696682929992,0.008312217782542312,Very Low,High,Very Low–High,,,0,no STRING match,no STRING match,2267,3019,1,1
4095,fig|6666666.1036479.peg.2548,fig|6666666.1036479.peg.1124,0.8600593507289886,0.008314248123964526,High,Very Low,Very Low–High,,,0,no STRING match,no STRING match,2298,2740,1,1
4096,fig|6666666.1036479.peg.2672,fig|6666666.1036479.peg.1471,0.8600522458553315,0.00831627846538674,Medium,Very Low,Very Low–Medium,,,0,no STRING match,no STRING match,2341,2822,1,1
4097,fig|6666666.1036479.peg.2929,fig|6666666.1036479.peg.1410,0.8600341498851776,0.008318308806808953,Very Low,Medium,Very Low–Medium,Hypothetical protein.,,0,secondary STRING hit (STRING protein assigned to a better match),no STRING match,2404,2813,1,1
4098,fig|6666666.1036479.peg.74,fig|6666666.1036479.peg.866,0.8600322782993317,0.008320339148231166,Very Low,High,Very Low–High,,,0,no STRING match,no STRING match,2538,2667,1,1
4099,fig|6666666.1036479.peg.2889,fig|6666666.1036479.peg.3207,0.8600042283535003,0.00832236948965338,Medium,Medium,Medium–Medium,,,0,no STRING match,no STRING match,2388,2468,1,1
4100,fig|6666666.1036479.peg.2672,fig|6666666.1036479.peg.103,0.8600030541419983,0.008324399831075593,Medium,Low,Low–Medium,,Hypothetical protein; COG0457 FOG: TPR repeat.,0,no STRING match,secondary STRING hit (STRING protein assigned to a better match),2341,2543,1,1
4101,fig|6666666.1036479.peg.3020,fig|6666666.1036479.peg.2294,0.8599976539611817,0.008326430172497807,Low,Very Low,Very Low–Low,,,0,no STRING match,no STRING match,2433,3007,1,1
4102,fig|6666666.1036479.peg.2504,fig|6666666.1036479.peg.2523,0.8599923253059387,0.00832846051392002,Very Low,Low,Very Low–Low,,,0,no STRING match,no STRING match,2268,2282,1,1
4103,fig|6666666.1036479.peg.2923,fig|6666666.1036479.peg.1947,0.859984564781189,0.008330490855342234,Medium,Medium,Medium–Medium,,,0,no STRING match,no STRING match,2400,2930,1,1
4104,fig|6666666.1036479.peg.889,fig|6666666.1036479.peg.1080,0.8599839746952057,0.008332521196764447,Low,High,Low–High,,,0,no STRING match,no STRING match,2682,2712,1,1
4105,fig|6666666.1036479.peg.48,fig|6666666.1036479.peg.1308,0.8599774599075317,0.008334551538186661,Medium,Medium,Medium–Medium,,,0,no STRING match,no STRING match,2536,2764,1,1
4106,fig|6666666.1036479.peg.2920,fig|6666666.1036479.peg.2327,0.8599722385406494,0.008336581879608874,Very Low,Medium,Very Low–Medium,,,0,no STRING match,no STRING match,2397,3016,1,1
4107,fig|6666666.1036479.peg.3207,fig|6666666.1036479.peg.2104,0.8599632978439331,0.008338612221031088,Medium,High,Medium–High,,,0,no STRING match,no STRING match,2468,2958,1,1
4108,fig|6666666.1036479.peg.2988,fig|6666666.1036479.peg.2352,0.8599588215351105,0.008340642562453301,Medium,Medium,Medium–Medium,Hypothetical protein.,,0,secondary STRING hit (STRING protein assigned to a better match),no STRING match,2416,3020,1,1
4109,fig|6666666.1036479.peg.2547,fig|6666666.1036479.peg.1567,0.8599437892436981,0.008342672903875515,Medium,Low,Low–Medium,,,0,no STRING match,no STRING match,2297,2839,1,1
4110,fig|6666666.1036479.peg.2548,fig|6666666.1036479.peg.1604,0.8599248170852661,0.008344703245297728,High,Very Low,Very Low–High,,YD repeat-containing protein; COG3209 Rhs family protein.,0,no STRING match,secondary STRING hit (STRING protein assigned to a better match),2298,2862,1,2
4111,fig|6666666.1036479.peg.2548,fig|6666666.1036479.peg.1611,0.8599248170852661,0.008346733586719942,High,Very Low,Very Low–High,,YD repeat-containing protein; COG3209 Rhs family protein.,0,no STRING match,secondary STRING hit (STRING protein assigned to a better match),2298,2862,1,2
4112,fig|6666666.1036479.peg.3015,fig|6666666.1036479.peg.3017,0.8599184989929199,0.008348763928142157,Low,Medium,Low–Medium,,,0,no STRING match,no STRING match,2428,2430,1,1
4113,fig|6666666.1036479.peg.3207,fig|6666666.1036479.peg.391,0.8599171757698059,0.00835079426956437,Medium,Medium,Medium–Medium,,,0,no STRING match,no STRING match,2468,2580,1,1
4114,fig|6666666.1036479.peg.3020,fig|6666666.1036479.peg.1554,0.8599093079566955,0.008352824610986584,Low,Medium,Low–Medium,,,0,no STRING match,no STRING match,2433,2831,1,1
4115,fig|6666666.1036479.peg.1377,fig|6666666.1036479.peg.1947,0.8599086761474609,0.008354854952408798,Very Low,Medium,Very Low–Medium,,,0,no STRING match,no STRING match,2809,2930,1,1
4116,fig|6666666.1036479.peg.2547,fig|6666666.1036479.peg.724,0.8598864614963532,0.008356885293831011,Medium,Medium,Medium–Medium,,,0,no STRING match,no STRING match,2297,2635,1,1
4117,fig|6666666.1036479.peg.3033,fig|6666666.1036479.peg.1300,0.8598694503307343,0.008358915635253225,Low,Low,Low–Low,,,0,no STRING match,no STRING match,2437,2763,1,1
4118,fig|6666666.1036479.peg.728,fig|6666666.1036479.peg.1957,0.8598532319068909,0.008360945976675438,Medium,Medium,Medium–Medium,,,0,no STRING match,no STRING match,2639,2939,1,1
4119,fig|6666666.1036479.peg.2960,fig|6666666.1036479.peg.1410,0.8598525404930115,0.008362976318097652,Low,Medium,Low–Medium,,,0,no STRING match,no STRING match,2412,2813,1,1
4120,fig|6666666.1036479.peg.866,fig|6666666.1036479.peg.878,0.8598452389240265,0.008365006659519865,High,Very Low,Very Low–High,,,0,no STRING match,no STRING match,2667,1858,1,4
4121,fig|6666666.1036479.peg.866,fig|6666666.1036479.peg.2100,0.8598452389240265,0.008367037000942079,High,Very Low,Very Low–High,,,0,no STRING match,no STRING match,2667,1858,1,4
4122,fig|6666666.1036479.peg.866,fig|6666666.1036479.peg.2381,0.8598452389240265,0.008369067342364292,High,Very Low,Very Low–High,,,0,no STRING match,no STRING match,2667,1858,1,4
4123,fig|6666666.1036479.peg.3015,fig|6666666.1036479.peg.725,0.859797728061676,0.008371097683786506,Low,Very Low,Very Low–Low,,,0,no STRING match,no STRING match,2428,2636,1,1
4124,fig|6666666.1036479.peg.36,fig|6666666.1036479.peg.184,0.8597935378551483,0.00837312802520872,Medium,Medium,Medium–Medium,,,0,no STRING match,no STRING match,2524,2524,2,2
4125,fig|6666666.1036479.peg.1300,fig|6666666.1036479.peg.1946,0.8597791254520416,0.008375158366630933,Low,Medium,Low–Medium,,,0,no STRING match,no STRING match,2763,2929,1,1
4126,fig|6666666.1036479.peg.1946,fig|6666666.1036479.peg.2093,0.85977863073349,0.008377188708053146,Medium,Medium,Medium–Medium,,,0,no STRING match,no STRING match,2929,2955,1,1
4127,fig|6666666.1036479.peg.1350,fig|6666666.1036479.peg.2348,0.8597768723964692,0.00837921904947536,Medium,High,Medium–High,,,0,no STRING match,no STRING match,2788,3019,1,1
4128,fig|6666666.1036479.peg.727,fig|6666666.1036479.peg.866,0.8597730875015259,0.008381249390897573,Very Low,High,Very Low–High,,,0,no STRING match,no STRING match,2638,2667,1,1
4129,fig|6666666.1036479.peg.2514,fig|6666666.1036479.peg.370,0.8597687005996704,0.008383279732319787,Very Low,High,Very Low–High,,,0,no STRING match,no STRING match,2277,2579,1,1
4130,fig|6666666.1036479.peg.1300,fig|6666666.1036479.peg.1962,0.8597469687461853,0.008385310073742,Low,Medium,Low–Medium,,,0,no STRING match,no STRING match,2763,2944,1,1
4131,fig|6666666.1036479.peg.3184,fig|6666666.1036479.peg.1410,0.85973339676857,0.008387340415164214,Very Low,Medium,Very Low–Medium,,,0,no STRING match,no STRING match,2457,2813,1,1
4132,fig|6666666.1036479.peg.3231,fig|6666666.1036479.peg.1655,0.8597225666046142,0.008389370756586427,Very Low,Medium,Very Low–Medium,,,0,no STRING match,no STRING match,2482,2882,2,1
4133,fig|6666666.1036479.peg.147,fig|6666666.1036479.peg.1655,0.8597225666046142,0.00839140109800864,Very Low,Medium,Very Low–Medium,,,0,no STRING match,no STRING match,2482,2882,2,1
4134,fig|6666666.1036479.peg.2548,fig|6666666.1036479.peg.721,0.859703415632248,0.008393431439430854,High,High,High–High,,Yd repeat protein; COG3209 Rhs family protein.,0,no STRING match,secondary STRING hit (STRING protein assigned to a better match),2298,2632,1,1
4135,fig|6666666.1036479.peg.2548,fig|6666666.1036479.peg.3189,0.8597000002861023,0.008395461780853068,High,Very Low,Very Low–High,,,0,no STRING match,no STRING match,2298,2462,1,1
4136,fig|6666666.1036479.peg.719,fig|6666666.1036479.peg.1409,0.8596969664096832,0.008397492122275281,Medium,Medium,Medium–Medium,,,0,no STRING match,no STRING match,2630,2812,1,1
4137,fig|6666666.1036479.peg.38,fig|6666666.1036479.peg.1945,0.8596873223781586,0.008399522463697495,Low,Very Low,Very Low–Low,,,0,no STRING match,no STRING match,2526,2928,2,1
4138,fig|6666666.1036479.peg.186,fig|6666666.1036479.peg.1945,0.8596873223781586,0.008401552805119708,Low,Very Low,Very Low–Low,,,0,no STRING match,no STRING match,2526,2928,2,1
4139,fig|6666666.1036479.peg.2672,fig|6666666.1036479.peg.1346,0.8596855819225311,0.008403583146541922,Medium,Medium,Medium–Medium,,,0,no STRING match,no STRING match,2341,2784,1,1
4140,fig|6666666.1036479.peg.3222,fig|6666666.1036479.peg.1344,0.8596742689609528,0.008405613487964135,Medium,Very Low,Very Low–Medium,,,0,no STRING match,no STRING match,2473,2782,2,1
4141,fig|6666666.1036479.peg.138,fig|6666666.1036479.peg.1344,0.8596742689609528,0.008407643829386349,Medium,Very Low,Very Low–Medium,,,0,no STRING match,no STRING match,2473,2782,2,1
4142,fig|6666666.1036479.peg.2960,fig|6666666.1036479.peg.2092,0.8596629738807678,0.008409674170808562,Low,Medium,Low–Medium,,,0,no STRING match,no STRING match,2412,2954,1,1
4143,fig|6666666.1036479.peg.1706,fig|6666666.1036479.peg.1947,0.859661066532135,0.008411704512230776,Very Low,Medium,Very Low–Medium,,,0,no STRING match,no STRING match,2886,2930,1,1
4144,fig|6666666.1036479.peg.2501,fig|6666666.1036479.peg.3017,0.8596470773220062,0.008413734853652991,High,Medium,Medium–High,,,0,no STRING match,no STRING match,2265,2430,1,1
4145,fig|6666666.1036479.peg.3207,fig|6666666.1036479.peg.392,0.8596386432647705,0.008415765195075205,Medium,Very Low,Very Low–Medium,,,0,no STRING match,no STRING match,2468,2581,1,1
4146,fig|6666666.1036479.peg.2556,fig|6666666.1036479.peg.2455,0.8596311926841735,0.008417795536497418,High,Medium,Medium–High,,,0,no STRING match,no STRING match,2306,3038,2,1
4147,fig|6666666.1036479.peg.2564,fig|6666666.1036479.peg.2455,0.8596311926841735,0.008419825877919632,High,Medium,Medium–High,,,0,no STRING match,no STRING match,2306,3038,2,1
4148,fig|6666666.1036479.peg.714,fig|6666666.1036479.peg.2348,0.859623783826828,0.008421856219341845,Low,High,Low–High,,,0,no STRING match,no STRING match,2627,3019,1,1
4149,fig|6666666.1036479.peg.2988,fig|6666666.1036479.peg.3191,0.8596174359321594,0.008423886560764059,Medium,Medium,Medium–Medium,Hypothetical protein.,,0,secondary STRING hit (STRING protein assigned to a better match),no STRING match,2416,2464,1,1
4150,fig|6666666.1036479.peg.2924,fig|6666666.1036479.peg.881,0.8596101641654968,0.008425916902186272,Very Low,High,Very Low–High,,,0,no STRING match,no STRING match,2401,2674,1,1
4151,fig|6666666.1036479.peg.3222,fig|6666666.1036479.peg.289,0.8595996737480164,0.008427947243608486,Medium,High,Medium–High,,Hypothetical protein.,0,no STRING match,secondary STRING hit (STRING protein assigned to a better match),2473,2559,2,1
4152,fig|6666666.1036479.peg.138,fig|6666666.1036479.peg.289,0.8595996737480164,0.0084299775850307,Medium,High,Medium–High,,Hypothetical protein.,0,no STRING match,secondary STRING hit (STRING protein assigned to a better match),2473,2559,2,1
4153,fig|6666666.1036479.peg.3020,fig|6666666.1036479.peg.1632,0.8595954954624176,0.008432007926452913,Low,Very Low,Very Low–Low,,,0,no STRING match,no STRING match,2433,2870,1,2
4154,fig|6666666.1036479.peg.3020,fig|6666666.1036479.peg.1639,0.8595954954624176,0.008434038267875126,Low,Very Low,Very Low–Low,,,0,no STRING match,no STRING match,2433,2870,1,2
4155,fig|6666666.1036479.peg.2556,fig|6666666.1036479.peg.719,0.8595649063587188,0.00843606860929734,High,Medium,Medium–High,,,0,no STRING match,no STRING match,2306,2630,2,1
4156,fig|6666666.1036479.peg.2564,fig|6666666.1036479.peg.719,0.8595649063587188,0.008438098950719553,High,Medium,Medium–High,,,0,no STRING match,no STRING match,2306,2630,2,1
4157,fig|6666666.1036479.peg.2548,fig|6666666.1036479.peg.2944,0.8595461964607238,0.008440129292141767,High,Low,Low–High,,,0,no STRING match,no STRING match,2298,2407,1,1
4158,fig|6666666.1036479.peg.314,fig|6666666.1036479.peg.2436,0.8595395028591156,0.00844215963356398,Very Low,Medium,Very Low–Medium,,,0,no STRING match,no STRING match,2572,3033,1,1
4159,fig|6666666.1036479.peg.2948,fig|6666666.1036479.peg.2383,0.8595251023769379,0.008444189974986194,High,Very Low,Very Low–High,,Hypothetical protein.,0,no STRING match,secondary STRING hit (STRING protein assigned to a better match),2410,3024,1,1
4160,fig|6666666.1036479.peg.2092,fig|6666666.1036479.peg.2405,0.8595174491405487,0.008446220316408407,Medium,Medium,Medium–Medium,,Hypothetical protein; COG0605 Superoxide dismutase.,0,no STRING match,secondary STRING hit (STRING protein assigned to a better match),2954,3029,1,1
4161,fig|6666666.1036479.peg.244,fig|6666666.1036479.peg.861,0.8595143020153045,0.00844825065783062,Very Low,High,Very Low–High,,,0,no STRING match,no STRING match,2554,2665,1,1
4162,fig|6666666.1036479.peg.2843,fig|6666666.1036479.peg.881,0.859508502483368,0.008450280999252834,Very Low,High,Very Low–High,,,0,no STRING match,no STRING match,2370,2674,1,1
4163,fig|6666666.1036479.peg.2548,fig|6666666.1036479.peg.2836,0.8595011353492736,0.008452311340675048,High,Very Low,Very Low–High,,,0,no STRING match,no STRING match,2298,2366,1,3
4164,fig|6666666.1036479.peg.2548,fig|6666666.1036479.peg.1373,0.8595011353492736,0.008454341682097261,High,Very Low,Very Low–High,,,0,no STRING match,no STRING match,2298,2366,1,3
4165,fig|6666666.1036479.peg.2548,fig|6666666.1036479.peg.1375,0.8595011353492736,0.008456372023519475,High,Very Low,Very Low–High,,,0,no STRING match,no STRING match,2298,2366,1,3
4166,fig|6666666.1036479.peg.3020,fig|6666666.1036479.peg.1377,0.8594954788684845,0.008458402364941688,Low,Very Low,Very Low–Low,,,0,no STRING match,no STRING match,2433,2809,1,1
4167,fig|6666666.1036479.peg.885,fig|6666666.1036479.peg.1308,0.8594940543174744,0.008460432706363902,Medium,Medium,Medium–Medium,,,0,no STRING match,no STRING match,2678,2764,1,1
4168,fig|6666666.1036479.peg.2924,fig|6666666.1036479.peg.1657,0.8594898760318757,0.008462463047786115,Very Low,Medium,Very Low–Medium,,,0,no STRING match,no STRING match,2401,2883,1,1
4169,fig|6666666.1036479.peg.866,fig|6666666.1036479.peg.1352,0.8594664335250854,0.008464493389208329,High,Medium,Medium–High,,,0,no STRING match,no STRING match,2667,2789,1,1
4170,fig|6666666.1036479.peg.3008,fig|6666666.1036479.peg.1953,0.8594444811344146,0.008466523730630542,Medium,Low,Low–Medium,,,0,no STRING match,no STRING match,2423,2935,1,1
4171,fig|6666666.1036479.peg.2960,fig|6666666.1036479.peg.3222,0.8594358623027801,0.008468554072052756,Low,Medium,Low–Medium,,,0,no STRING match,no STRING match,2412,2473,1,2
4172,fig|6666666.1036479.peg.2960,fig|6666666.1036479.peg.138,0.8594358623027801,0.00847058441347497,Low,Medium,Low–Medium,,,0,no STRING match,no STRING match,2412,2473,1,2
4173,fig|6666666.1036479.peg.573,fig|6666666.1036479.peg.817,0.859432190656662,0.008472614754897183,Very Low,Low,Very Low–Low,Hypothetical protein.,Phospholipid/glycerol acyltransferase; COG4258 Predicted exporter.,0,secondary STRING hit (STRING protein assigned to a better match),secondary STRING hit (STRING protein assigned to a better match),2601,2663,1,1
4174,fig|6666666.1036479.peg.2571,fig|6666666.1036479.peg.2436,0.8594290792942048,0.008474645096319396,Medium,Medium,Medium–Medium,,,0,no STRING match,no STRING match,2316,3033,1,1
4175,fig|6666666.1036479.peg.3209,fig|6666666.1036479.peg.2455,0.8594277024269104,0.00847667543774161,Medium,Medium,Medium–Medium,,,0,no STRING match,no STRING match,2469,3038,1,1
4176,fig|6666666.1036479.peg.3079,fig|6666666.1036479.peg.861,0.8593882739543914,0.008478705779163825,Very Low,High,Very Low–High,,,0,no STRING match,no STRING match,2442,2665,1,1
4177,fig|6666666.1036479.peg.885,fig|6666666.1036479.peg.2436,0.8593755245208741,0.008480736120586039,Medium,Medium,Medium–Medium,,,0,no STRING match,no STRING match,2678,3033,1,1
4178,fig|6666666.1036479.peg.2929,fig|6666666.1036479.peg.3008,0.859370905160904,0.008482766462008252,Very Low,Medium,Very Low–Medium,Hypothetical protein.,,0,secondary STRING hit (STRING protein assigned to a better match),no STRING match,2404,2423,1,1
4179,fig|6666666.1036479.peg.3020,fig|6666666.1036479.peg.312,0.8593706548213959,0.008484796803430466,Low,Medium,Low–Medium,,,0,no STRING match,no STRING match,2433,2570,1,1
4180,fig|6666666.1036479.peg.103,fig|6666666.1036479.peg.861,0.859361755847931,0.008486827144852679,Low,High,Low–High,Hypothetical protein; COG0457 FOG: TPR repeat.,,0,secondary STRING hit (STRING protein assigned to a better match),no STRING match,2543,2665,1,1
4181,fig|6666666.1036479.peg.3254,fig|6666666.1036479.peg.1945,0.8593603253364563,0.008488857486274893,High,Very Low,Very Low–High,,,0,no STRING match,no STRING match,2505,2928,3,1
4182,fig|6666666.1036479.peg.22,fig|6666666.1036479.peg.1945,0.8593603253364563,0.008490887827697106,High,Very Low,Very Low–High,,,0,no STRING match,no STRING match,2505,2928,3,1
4183,fig|6666666.1036479.peg.170,fig|6666666.1036479.peg.1945,0.8593603253364563,0.00849291816911932,High,Very Low,Very Low–High,,,0,no STRING match,no STRING match,2505,2928,3,1
4184,fig|6666666.1036479.peg.2509,fig|6666666.1036479.peg.1080,0.8593577086925507,0.008494948510541533,Very Low,High,Very Low–High,,,0,no STRING match,no STRING match,2273,2712,15,1
4185,fig|6666666.1036479.peg.2513,fig|6666666.1036479.peg.1080,0.8593577086925507,0.008496978851963747,Very Low,High,Very Low–High,,,0,no STRING match,no STRING match,2273,2712,15,1
4186,fig|6666666.1036479.peg.2519,fig|6666666.1036479.peg.1080,0.8593577086925507,0.00849900919338596,Very Low,High,Very Low–High,,,0,no STRING match,no STRING match,2273,2712,15,1
4187,fig|6666666.1036479.peg.2526,fig|6666666.1036479.peg.1080,0.8593577086925507,0.008501039534808174,Very Low,High,Very Low–High,,,0,no STRING match,no STRING match,2273,2712,15,1
4188,fig|6666666.1036479.peg.2530,fig|6666666.1036479.peg.1080,0.8593577086925507,0.008503069876230387,Very Low,High,Very Low–High,,,0,no STRING match,no STRING match,2273,2712,15,1
4189,fig|6666666.1036479.peg.2534,fig|6666666.1036479.peg.1080,0.8593577086925507,0.0085051002176526,Very Low,High,Very Low–High,,,0,no STRING match,no STRING match,2273,2712,15,1
4190,fig|6666666.1036479.peg.3173,fig|6666666.1036479.peg.1080,0.8593577086925507,0.008507130559074814,Very Low,High,Very Low–High,,,0,no STRING match,no STRING match,2273,2712,15,1
4191,fig|6666666.1036479.peg.971,fig|6666666.1036479.peg.1080,0.8593577086925507,0.008509160900497028,Very Low,High,Very Low–High,,,0,no STRING match,no STRING match,2273,2712,15,1
4192,fig|6666666.1036479.peg.976,fig|6666666.1036479.peg.1080,0.8593577086925507,0.008511191241919241,Very Low,High,Very Low–High,,,0,no STRING match,no STRING match,2273,2712,15,1
4193,fig|6666666.1036479.peg.981,fig|6666666.1036479.peg.1080,0.8593577086925507,0.008513221583341455,Very Low,High,Very Low–High,,,0,no STRING match,no STRING match,2273,2712,15,1
4194,fig|6666666.1036479.peg.985,fig|6666666.1036479.peg.1080,0.8593577086925507,0.008515251924763668,Very Low,High,Very Low–High,,,0,no STRING match,no STRING match,2273,2712,15,1
4195,fig|6666666.1036479.peg.989,fig|6666666.1036479.peg.1080,0.8593577086925507,0.008517282266185882,Very Low,High,Very Low–High,,,0,no STRING match,no STRING match,2273,2712,15,1
4196,fig|6666666.1036479.peg.1080,fig|6666666.1036479.peg.2489,0.8593577086925507,0.008519312607608095,High,Very Low,Very Low–High,,,0,no STRING match,no STRING match,2712,2273,1,15
4197,fig|6666666.1036479.peg.1080,fig|6666666.1036479.peg.2494,0.8593577086925507,0.008521342949030309,High,Very Low,Very Low–High,,,0,no STRING match,no STRING match,2712,2273,1,15
4198,fig|6666666.1036479.peg.1080,fig|6666666.1036479.peg.2498,0.8593577086925507,0.008523373290452522,High,Very Low,Very Low–High,,,0,no STRING match,no STRING match,2712,2273,1,15
4199,fig|6666666.1036479.peg.3020,fig|6666666.1036479.peg.1965,0.8593462705612183,0.008525403631874736,Low,Medium,Low–Medium,,Hypothetical protein.,0,no STRING match,secondary STRING hit (STRING protein assigned to a better match),2433,2945,1,1
4200,fig|6666666.1036479.peg.729,fig|6666666.1036479.peg.2436,0.8593455612659454,0.00852743397329695,Medium,Medium,Medium–Medium,,,0,no STRING match,no STRING match,2640,3033,1,1
4201,fig|6666666.1036479.peg.3184,fig|6666666.1036479.peg.889,0.8593171775341034,0.008529464314719163,Very Low,Low,Very Low–Low,,,0,no STRING match,no STRING match,2457,2682,1,1
4202,fig|6666666.1036479.peg.2539,fig|6666666.1036479.peg.881,0.8593164265155793,0.008531494656141376,Low,High,Low–High,,,0,no STRING match,no STRING match,2289,2674,1,1
4203,fig|6666666.1036479.peg.2532,fig|6666666.1036479.peg.573,0.8593159914016724,0.00853352499756359,Low,Very Low,Very Low–Low,,Hypothetical protein.,0,no STRING match,secondary STRING hit (STRING protein assigned to a better match),2284,2601,4,1
4204,fig|6666666.1036479.peg.3171,fig|6666666.1036479.peg.573,0.8593159914016724,0.008535555338985803,Low,Very Low,Very Low–Low,,Hypothetical protein.,0,no STRING match,secondary STRING hit (STRING protein assigned to a better match),2284,2601,4,1
4205,fig|6666666.1036479.peg.573,fig|6666666.1036479.peg.987,0.8593159914016724,0.008537585680408017,Very Low,Low,Very Low–Low,Hypothetical protein.,,0,secondary STRING hit (STRING protein assigned to a better match),no STRING match,2601,2284,1,4
4206,fig|6666666.1036479.peg.573,fig|6666666.1036479.peg.2492,0.8593159914016724,0.00853961602183023,Very Low,Low,Very Low–Low,Hypothetical protein.,,0,secondary STRING hit (STRING protein assigned to a better match),no STRING match,2601,2284,1,4
4207,fig|6666666.1036479.peg.38,fig|6666666.1036479.peg.1655,0.8593138873577117,0.008541646363252444,Low,Medium,Low–Medium,,,0,no STRING match,no STRING match,2526,2882,2,1
4208,fig|6666666.1036479.peg.186,fig|6666666.1036479.peg.1655,0.8593138873577117,0.008543676704674659,Low,Medium,Low–Medium,,,0,no STRING match,no STRING match,2526,2882,2,1
4209,fig|6666666.1036479.peg.3100,fig|6666666.1036479.peg.728,0.8593062877655029,0.008545707046096872,Medium,Medium,Medium–Medium,,,0,no STRING match,no STRING match,2443,2639,1,1
4210,fig|6666666.1036479.peg.1941,fig|6666666.1036479.peg.2348,0.8593043208122253,0.008547737387519086,Medium,High,Medium–High,,,0,no STRING match,no STRING match,2924,3019,1,1
4211,fig|6666666.1036479.peg.2672,fig|6666666.1036479.peg.74,0.8593001306056977,0.0085497677289413,Medium,Very Low,Very Low–Medium,,,0,no STRING match,no STRING match,2341,2538,1,1
4212,fig|6666666.1036479.peg.861,fig|6666666.1036479.peg.1346,0.8592803180217743,0.008551798070363513,High,Medium,Medium–High,,,0,no STRING match,no STRING match,2665,2784,1,1
4213,fig|6666666.1036479.peg.725,fig|6666666.1036479.peg.2327,0.8592585921287537,0.008553828411785726,Very Low,Medium,Very Low–Medium,,,0,no STRING match,no STRING match,2636,3016,1,1
4214,fig|6666666.1036479.peg.3202,fig|6666666.1036479.peg.2348,0.8592559993267059,0.00855585875320794,Very Low,High,Very Low–High,,,0,no STRING match,no STRING match,2467,3019,1,1
4215,fig|6666666.1036479.peg.3207,fig|6666666.1036479.peg.878,0.859244704246521,0.008557889094630153,Medium,Very Low,Very Low–Medium,,,0,no STRING match,no STRING match,2468,1858,1,4
4216,fig|6666666.1036479.peg.3207,fig|6666666.1036479.peg.2100,0.859244704246521,0.008559919436052367,Medium,Very Low,Very Low–Medium,,,0,no STRING match,no STRING match,2468,1858,1,4
4217,fig|6666666.1036479.peg.3207,fig|6666666.1036479.peg.2381,0.859244704246521,0.00856194977747458,Medium,Very Low,Very Low–Medium,,,0,no STRING match,no STRING match,2468,1858,1,4
4218,fig|6666666.1036479.peg.3079,fig|6666666.1036479.peg.2348,0.8592344760894776,0.008563980118896794,Very Low,High,Very Low–High,,,0,no STRING match,no STRING match,2442,3019,1,1
4219,fig|6666666.1036479.peg.36,fig|6666666.1036479.peg.38,0.8592287361621856,0.008566010460319008,Medium,Low,Low–Medium,,,0,no STRING match,no STRING match,2524,2526,2,2
4220,fig|6666666.1036479.peg.36,fig|6666666.1036479.peg.186,0.8592287361621856,0.008568040801741221,Medium,Low,Low–Medium,,,0,no STRING match,no STRING match,2524,2526,2,2
4221,fig|6666666.1036479.peg.38,fig|6666666.1036479.peg.184,0.8592287361621856,0.008570071143163435,Low,Medium,Low–Medium,,,0,no STRING match,no STRING match,2526,2524,2,2
4222,fig|6666666.1036479.peg.184,fig|6666666.1036479.peg.186,0.8592287361621856,0.008572101484585648,Medium,Low,Low–Medium,,,0,no STRING match,no STRING match,2524,2526,2,2
4223,fig|6666666.1036479.peg.2948,fig|6666666.1036479.peg.3213,0.8592236518859864,0.008574131826007862,High,Very Low,Very Low–High,,,0,no STRING match,no STRING match,2410,2470,1,1
4224,fig|6666666.1036479.peg.1289,fig|6666666.1036479.peg.1945,0.8592111170291901,0.008576162167430075,Very Low,Very Low,Very Low–Very Low,,,0,no STRING match,no STRING match,2762,2928,1,1
4225,fig|6666666.1036479.peg.3231,fig|6666666.1036479.peg.1945,0.8591992855072021,0.008578192508852289,Very Low,Very Low,Very Low–Very Low,,,0,no STRING match,no STRING match,2482,2928,2,1
4226,fig|6666666.1036479.peg.147,fig|6666666.1036479.peg.1945,0.8591992855072021,0.008580222850274502,Very Low,Very Low,Very Low–Very Low,,,0,no STRING match,no STRING match,2482,2928,2,1
4227,fig|6666666.1036479.peg.2672,fig|6666666.1036479.peg.302,0.8591938734054565,0.008582253191696716,Medium,Medium,Medium–Medium,,Hypothetical protein.,0,no STRING match,secondary STRING hit (STRING protein assigned to a better match),2341,2563,1,1
4228,fig|6666666.1036479.peg.2814,fig|6666666.1036479.peg.2960,0.8591933667659759,0.008584283533118929,Very Low,Low,Very Low–Low,,,0,no STRING match,no STRING match,2358,2412,1,1
4229,fig|6666666.1036479.peg.3010,fig|6666666.1036479.peg.1080,0.8591663241386414,0.008586313874541143,Low,High,Low–High,,,0,no STRING match,no STRING match,2425,2712,1,1
4230,fig|6666666.1036479.peg.27,fig|6666666.1036479.peg.2348,0.8591662108898163,0.008588344215963356,Very Low,High,Very Low–High,,,0,no STRING match,no STRING match,2515,3019,2,1
4231,fig|6666666.1036479.peg.175,fig|6666666.1036479.peg.2348,0.8591662108898163,0.00859037455738557,Very Low,High,Very Low–High,,,0,no STRING match,no STRING match,2515,3019,2,1
4232,fig|6666666.1036479.peg.2672,fig|6666666.1036479.peg.306,0.8591555297374726,0.008592404898807783,Medium,Medium,Medium–Medium,,,0,no STRING match,no STRING match,2341,2566,1,2
4233,fig|6666666.1036479.peg.2672,fig|6666666.1036479.peg.310,0.8591555297374726,0.008594435240229997,Medium,Medium,Medium–Medium,,,0,no STRING match,no STRING match,2341,2566,1,2
4234,fig|6666666.1036479.peg.2571,fig|6666666.1036479.peg.1308,0.8591191112995148,0.00859646558165221,Medium,Medium,Medium–Medium,,,0,no STRING match,no STRING match,2316,2764,1,1
4235,fig|6666666.1036479.peg.2517,fig|6666666.1036479.peg.1947,0.8591162383556366,0.008598495923074424,Medium,Medium,Medium–Medium,,,0,no STRING match,no STRING match,2279,2930,1,1
4236,fig|6666666.1036479.peg.3020,fig|6666666.1036479.peg.3107,0.8591159880161285,0.008600526264496637,Low,Very Low,Very Low–Low,,,0,no STRING match,no STRING match,2433,2444,1,1
4237,fig|6666666.1036479.peg.370,fig|6666666.1036479.peg.2176,0.8591122686862945,0.00860255660591885,High,Very Low,Very Low–High,,,0,no STRING match,no STRING match,2579,2996,1,1
4238,fig|6666666.1036479.peg.3207,fig|6666666.1036479.peg.2278,0.8590954005718231,0.008604586947341064,Medium,Low,Low–Medium,,,0,no STRING match,no STRING match,2468,3005,1,1
4239,fig|6666666.1036479.peg.1947,fig|6666666.1036479.peg.2294,0.8590641498565674,0.008606617288763278,Medium,Very Low,Very Low–Medium,,,0,no STRING match,no STRING match,2930,3007,1,1
4240,fig|6666666.1036479.peg.2895,fig|6666666.1036479.peg.2348,0.8590606153011322,0.008608647630185493,Very Low,High,Very Low–High,,,0,no STRING match,no STRING match,2394,3019,1,1
4241,fig|6666666.1036479.peg.3017,fig|6666666.1036479.peg.2092,0.859055346250534,0.008610677971607706,Medium,Medium,Medium–Medium,,,0,no STRING match,no STRING match,2430,2954,1,1
4242,fig|6666666.1036479.peg.2809,fig|6666666.1036479.peg.2948,0.8590551972389221,0.00861270831302992,Very Low,High,Very Low–High,,,0,no STRING match,no STRING match,2357,2410,1,1
4243,fig|6666666.1036479.peg.306,fig|6666666.1036479.peg.861,0.8590477466583252,0.008614738654452133,Medium,High,Medium–High,,,0,no STRING match,no STRING match,2566,2665,2,1
4244,fig|6666666.1036479.peg.310,fig|6666666.1036479.peg.861,0.8590477466583252,0.008616768995874347,Medium,High,Medium–High,,,0,no STRING match,no STRING match,2566,2665,2,1
4245,fig|6666666.1036479.peg.411,fig|6666666.1036479.peg.1554,0.8590473711490632,0.00861879933729656,Low,Medium,Low–Medium,Hypothetical protein.,,0,secondary STRING hit (STRING protein assigned to a better match),no STRING match,2585,2831,1,1
4246,fig|6666666.1036479.peg.2854,fig|6666666.1036479.peg.3207,0.8590332567691803,0.008620829678718774,Low,Medium,Low–Medium,,,0,no STRING match,no STRING match,2373,2468,1,1
4247,fig|6666666.1036479.peg.885,fig|6666666.1036479.peg.1300,0.8590206444263458,0.008622860020140987,Medium,Low,Low–Medium,,,0,no STRING match,no STRING match,2678,2763,1,1
4248,fig|6666666.1036479.peg.3231,fig|6666666.1036479.peg.1074,0.8590151607990265,0.008624890361563201,Very Low,High,Very Low–High,,,0,no STRING match,no STRING match,2482,2706,2,1
4249,fig|6666666.1036479.peg.147,fig|6666666.1036479.peg.1074,0.8590151607990265,0.008626920702985414,Very Low,High,Very Low–High,,,0,no STRING match,no STRING match,2482,2706,2,1
4250,fig|6666666.1036479.peg.3207,fig|6666666.1036479.peg.1207,0.8590137779712677,0.008628951044407628,Medium,Low,Low–Medium,,,0,no STRING match,no STRING match,2468,2750,1,1
4251,fig|6666666.1036479.peg.2510,fig|6666666.1036479.peg.3020,0.8590133965015412,0.008630981385829841,Very Low,Low,Very Low–Low,,,0,no STRING match,no STRING match,2274,2433,12,1
4252,fig|6666666.1036479.peg.2527,fig|6666666.1036479.peg.3020,0.8590133965015412,0.008633011727252055,Very Low,Low,Very Low–Low,,,0,no STRING match,no STRING match,2274,2433,12,1
4253,fig|6666666.1036479.peg.2531,fig|6666666.1036479.peg.3020,0.8590133965015412,0.008635042068674268,Very Low,Low,Very Low–Low,,,0,no STRING match,no STRING match,2274,2433,12,1
4254,fig|6666666.1036479.peg.3020,fig|6666666.1036479.peg.3174,0.8590133965015412,0.008637072410096482,Low,Very Low,Very Low–Low,,,0,no STRING match,no STRING match,2433,2274,1,12
4255,fig|6666666.1036479.peg.3020,fig|6666666.1036479.peg.970,0.8590133965015412,0.008639102751518695,Low,Very Low,Very Low–Low,,,0,no STRING match,no STRING match,2433,2274,1,12
4256,fig|6666666.1036479.peg.3020,fig|6666666.1036479.peg.975,0.8590133965015412,0.008641133092940909,Low,Very Low,Very Low–Low,,,0,no STRING match,no STRING match,2433,2274,1,12
4257,fig|6666666.1036479.peg.3020,fig|6666666.1036479.peg.980,0.8590133965015412,0.008643163434363122,Low,Very Low,Very Low–Low,,,0,no STRING match,no STRING match,2433,2274,1,12
4258,fig|6666666.1036479.peg.3020,fig|6666666.1036479.peg.984,0.8590133965015412,0.008645193775785336,Low,Very Low,Very Low–Low,,,0,no STRING match,no STRING match,2433,2274,1,12
4259,fig|6666666.1036479.peg.3020,fig|6666666.1036479.peg.988,0.8590133965015412,0.00864722411720755,Low,Very Low,Very Low–Low,,,0,no STRING match,no STRING match,2433,2274,1,12
4260,fig|6666666.1036479.peg.3020,fig|6666666.1036479.peg.2490,0.8590133965015412,0.008649254458629763,Low,Very Low,Very Low–Low,,,0,no STRING match,no STRING match,2433,2274,1,12
4261,fig|6666666.1036479.peg.3020,fig|6666666.1036479.peg.2495,0.8590133965015412,0.008651284800051976,Low,Very Low,Very Low–Low,,,0,no STRING match,no STRING match,2433,2274,1,12
4262,fig|6666666.1036479.peg.3020,fig|6666666.1036479.peg.2499,0.8590133965015412,0.00865331514147419,Low,Very Low,Very Low–Low,,,0,no STRING match,no STRING match,2433,2274,1,12
4263,fig|6666666.1036479.peg.2960,fig|6666666.1036479.peg.3254,0.8589999794960022,0.008655345482896403,Low,High,Low–High,,,0,no STRING match,no STRING match,2412,2505,1,3
4264,fig|6666666.1036479.peg.2960,fig|6666666.1036479.peg.22,0.8589999794960022,0.008657375824318617,Low,High,Low–High,,,0,no STRING match,no STRING match,2412,2505,1,3
4265,fig|6666666.1036479.peg.2960,fig|6666666.1036479.peg.170,0.8589999794960022,0.00865940616574083,Low,High,Low–High,,,0,no STRING match,no STRING match,2412,2505,1,3
4266,fig|6666666.1036479.peg.36,fig|6666666.1036479.peg.1289,0.8589969456195832,0.008661436507163044,Medium,Very Low,Very Low–Medium,,,0,no STRING match,no STRING match,2524,2762,2,1
4267,fig|6666666.1036479.peg.184,fig|6666666.1036479.peg.1289,0.8589969456195832,0.008663466848585257,Medium,Very Low,Very Low–Medium,,,0,no STRING match,no STRING match,2524,2762,2,1
4268,fig|6666666.1036479.peg.289,fig|6666666.1036479.peg.1657,0.8589923024177551,0.008665497190007471,High,Medium,Medium–High,Hypothetical protein.,,0,secondary STRING hit (STRING protein assigned to a better match),no STRING match,2559,2883,1,1
4269,fig|6666666.1036479.peg.861,fig|6666666.1036479.peg.2163,0.8589840650558471,0.008667527531429685,High,Very Low,Very Low–High,,,0,no STRING match,no STRING match,2665,2984,1,1
4270,fig|6666666.1036479.peg.573,fig|6666666.1036479.peg.2383,0.8589742720127106,0.008669557872851898,Very Low,Very Low,Very Low–Very Low,Hypothetical protein.,Hypothetical protein.,0,secondary STRING hit (STRING protein assigned to a better match),secondary STRING hit (STRING protein assigned to a better match),2601,3024,1,1
4271,fig|6666666.1036479.peg.2672,fig|6666666.1036479.peg.2478,0.858943909406662,0.008671588214274112,Medium,Very Low,Very Low–Medium,,,0,no STRING match,no STRING match,2341,3044,1,1
4272,fig|6666666.1036479.peg.2623,fig|6666666.1036479.peg.2364,0.8589294016361236,0.008673618555696327,Very Low,Medium,Very Low–Medium,,,0,no STRING match,no STRING match,2333,3022,1,1
4273,fig|6666666.1036479.peg.3184,fig|6666666.1036479.peg.1945,0.8589261531829834,0.00867564889711854,Very Low,Very Low,Very Low–Very Low,,,0,no STRING match,no STRING match,2457,2928,1,1
4274,fig|6666666.1036479.peg.720,fig|6666666.1036479.peg.889,0.8589239478111267,0.008677679238540754,High,Low,Low–High,,,0,no STRING match,no STRING match,2631,2682,1,1
4275,fig|6666666.1036479.peg.3188,fig|6666666.1036479.peg.2092,0.8589126765727997,0.008679709579962967,Medium,Medium,Medium–Medium,,,0,no STRING match,no STRING match,2461,2954,1,1
4276,fig|6666666.1036479.peg.2548,fig|6666666.1036479.peg.1105,0.8588985443115235,0.00868173992138518,High,Very Low,Very Low–High,,,0,no STRING match,no STRING match,2298,2722,1,1
4277,fig|6666666.1036479.peg.861,fig|6666666.1036479.peg.1355,0.8588953197002411,0.008683770262807394,High,Medium,Medium–High,,,0,no STRING match,no STRING match,2665,2792,1,1
4278,fig|6666666.1036479.peg.3207,fig|6666666.1036479.peg.2386,0.8588787615299225,0.008685800604229608,Medium,Medium,Medium–Medium,,,0,no STRING match,no STRING match,2468,3027,1,1
4279,fig|6666666.1036479.peg.2510,fig|6666666.1036479.peg.1947,0.8588738322257996,0.008687830945651821,Very Low,Medium,Very Low–Medium,,,0,no STRING match,no STRING match,2274,2930,12,1
4280,fig|6666666.1036479.peg.2527,fig|6666666.1036479.peg.1947,0.8588738322257996,0.008689861287074035,Very Low,Medium,Very Low–Medium,,,0,no STRING match,no STRING match,2274,2930,12,1
4281,fig|6666666.1036479.peg.2531,fig|6666666.1036479.peg.1947,0.8588738322257996,0.008691891628496248,Very Low,Medium,Very Low–Medium,,,0,no STRING match,no STRING match,2274,2930,12,1
4282,fig|6666666.1036479.peg.3174,fig|6666666.1036479.peg.1947,0.8588738322257996,0.008693921969918462,Very Low,Medium,Very Low–Medium,,,0,no STRING match,no STRING match,2274,2930,12,1
4283,fig|6666666.1036479.peg.970,fig|6666666.1036479.peg.1947,0.8588738322257996,0.008695952311340675,Very Low,Medium,Very Low–Medium,,,0,no STRING match,no STRING match,2274,2930,12,1
4284,fig|6666666.1036479.peg.975,fig|6666666.1036479.peg.1947,0.8588738322257996,0.008697982652762889,Very Low,Medium,Very Low–Medium,,,0,no STRING match,no STRING match,2274,2930,12,1
4285,fig|6666666.1036479.peg.980,fig|6666666.1036479.peg.1947,0.8588738322257996,0.008700012994185102,Very Low,Medium,Very Low–Medium,,,0,no STRING match,no STRING match,2274,2930,12,1
4286,fig|6666666.1036479.peg.984,fig|6666666.1036479.peg.1947,0.8588738322257996,0.008702043335607316,Very Low,Medium,Very Low–Medium,,,0,no STRING match,no STRING match,2274,2930,12,1
4287,fig|6666666.1036479.peg.988,fig|6666666.1036479.peg.1947,0.8588738322257996,0.00870407367702953,Very Low,Medium,Very Low–Medium,,,0,no STRING match,no STRING match,2274,2930,12,1
4288,fig|6666666.1036479.peg.1947,fig|6666666.1036479.peg.2490,0.8588738322257996,0.008706104018451743,Medium,Very Low,Very Low–Medium,,,0,no STRING match,no STRING match,2930,2274,1,12
4289,fig|6666666.1036479.peg.1947,fig|6666666.1036479.peg.2495,0.8588738322257996,0.008708134359873956,Medium,Very Low,Very Low–Medium,,,0,no STRING match,no STRING match,2930,2274,1,12
4290,fig|6666666.1036479.peg.1947,fig|6666666.1036479.peg.2499,0.8588738322257996,0.00871016470129617,Medium,Very Low,Very Low–Medium,,,0,no STRING match,no STRING match,2930,2274,1,12
4291,fig|6666666.1036479.peg.3231,fig|6666666.1036479.peg.2114,0.8588629484176635,0.008712195042718383,Very Low,Very Low,Very Low–Very Low,,"COG1629 Outer membrane receptor proteins, mostly Fe transport.",0,no STRING match,secondary STRING hit (STRING protein assigned to a better match),2482,2964,2,1
4292,fig|6666666.1036479.peg.147,fig|6666666.1036479.peg.2114,0.8588629484176635,0.008714225384140597,Very Low,Very Low,Very Low–Very Low,,"COG1629 Outer membrane receptor proteins, mostly Fe transport.",0,no STRING match,secondary STRING hit (STRING protein assigned to a better match),2482,2964,2,1
4293,fig|6666666.1036479.peg.1289,fig|6666666.1036479.peg.1655,0.8588390111923218,0.00871625572556281,Very Low,Medium,Very Low–Medium,,,0,no STRING match,no STRING match,2762,2882,1,1
4294,fig|6666666.1036479.peg.2672,fig|6666666.1036479.peg.1122,0.8588222146034241,0.008718286066985024,Medium,Very Low,Very Low–Medium,,,0,no STRING match,no STRING match,2341,2738,1,1
4295,fig|6666666.1036479.peg.719,fig|6666666.1036479.peg.740,0.8588171303272247,0.008720316408407237,Medium,Very Low,Very Low–Medium,,,0,no STRING match,no STRING match,2630,2651,1,1
4296,fig|6666666.1036479.peg.2364,fig|6666666.1036479.peg.2404,0.8588052034378052,0.008722346749829451,Medium,Medium,Medium–Medium,,Hypothetical protein; COG0605 Superoxide dismutase.,0,no STRING match,secondary STRING hit (STRING protein assigned to a better match),3022,3028,1,1
4297,fig|6666666.1036479.peg.3188,fig|6666666.1036479.peg.2455,0.858792757987976,0.008724377091251664,Medium,Medium,Medium–Medium,,,0,no STRING match,no STRING match,2461,3038,1,1
4298,fig|6666666.1036479.peg.2289,fig|6666666.1036479.peg.2348,0.8587556064128876,0.008726407432673878,Very Low,High,Very Low–High,,,0,no STRING match,no STRING match,3006,3019,1,1
4299,fig|6666666.1036479.peg.894,fig|6666666.1036479.peg.2348,0.8587517738342285,0.008728437774096091,Very Low,High,Very Low–High,,,0,no STRING match,no STRING match,2686,3019,1,1
4300,fig|6666666.1036479.peg.2672,fig|6666666.1036479.peg.1355,0.8587201476097107,0.008730468115518305,Medium,Medium,Medium–Medium,,,0,no STRING match,no STRING match,2341,2792,1,1
4301,fig|6666666.1036479.peg.2520,fig|6666666.1036479.peg.3017,0.8587124168872833,0.008732498456940518,Very Low,Medium,Very Low–Medium,,,0,no STRING match,no STRING match,2280,2430,1,1
4302,fig|6666666.1036479.peg.411,fig|6666666.1036479.peg.2467,0.8587109863758087,0.008734528798362732,Low,Low,Low–Low,Hypothetical protein.,,0,secondary STRING hit (STRING protein assigned to a better match),no STRING match,2585,3041,1,1
4303,fig|6666666.1036479.peg.2948,fig|6666666.1036479.peg.726,0.8587071180343628,0.008736559139784945,High,Very Low,Very Low–High,,,0,no STRING match,no STRING match,2410,2637,1,1
4304,fig|6666666.1036479.peg.38,fig|6666666.1036479.peg.740,0.8586908936500549,0.00873858948120716,Low,Very Low,Very Low–Low,,,0,no STRING match,no STRING match,2526,2651,2,1
4305,fig|6666666.1036479.peg.186,fig|6666666.1036479.peg.740,0.8586908936500549,0.008740619822629374,Low,Very Low,Very Low–Low,,,0,no STRING match,no STRING match,2526,2651,2,1
4306,fig|6666666.1036479.peg.370,fig|6666666.1036479.peg.2104,0.8586895525455475,0.008742650164051588,High,High,High–High,,,0,no STRING match,no STRING match,2579,2958,1,1
4307,fig|6666666.1036479.peg.1959,fig|6666666.1036479.peg.2348,0.8586832344532013,0.008744680505473801,Low,High,Low–High,,,0,no STRING match,no STRING match,2941,3019,1,1
4308,fig|6666666.1036479.peg.724,fig|6666666.1036479.peg.2436,0.8586778163909912,0.008746710846896015,Medium,Medium,Medium–Medium,,,0,no STRING match,no STRING match,2635,3033,1,1
4309,fig|6666666.1036479.peg.1704,fig|6666666.1036479.peg.2348,0.8586771667003632,0.008748741188318228,Very Low,High,Very Low–High,,,0,no STRING match,no STRING match,2885,3019,1,1
4310,fig|6666666.1036479.peg.2548,fig|6666666.1036479.peg.1726,0.8586770594120026,0.008750771529740442,High,Very Low,Very Low–High,,,0,no STRING match,no STRING match,2298,2889,1,1
4311,fig|6666666.1036479.peg.2514,fig|6666666.1036479.peg.411,0.8586590588092804,0.008752801871162655,Very Low,Low,Very Low–Low,,Hypothetical protein.,0,no STRING match,secondary STRING hit (STRING protein assigned to a better match),2277,2585,1,1
4312,fig|6666666.1036479.peg.2809,fig|6666666.1036479.peg.573,0.858657568693161,0.008754832212584869,Very Low,Very Low,Very Low–Very Low,,Hypothetical protein.,0,no STRING match,secondary STRING hit (STRING protein assigned to a better match),2357,2601,1,1
4313,fig|6666666.1036479.peg.2547,fig|6666666.1036479.peg.2623,0.858637398481369,0.008756862554007082,Medium,Very Low,Very Low–Medium,,,0,no STRING match,no STRING match,2297,2333,1,1
4314,fig|6666666.1036479.peg.866,fig|6666666.1036479.peg.1471,0.8586166739463806,0.008758892895429296,High,Very Low,Very Low–High,,,0,no STRING match,no STRING match,2667,2822,1,1
4315,fig|6666666.1036479.peg.2960,fig|6666666.1036479.peg.3223,0.858613908290863,0.00876092323685151,Low,High,Low–High,,,0,no STRING match,no STRING match,2412,2474,1,2
4316,fig|6666666.1036479.peg.2960,fig|6666666.1036479.peg.139,0.858613908290863,0.008762953578273723,Low,High,Low–High,,,0,no STRING match,no STRING match,2412,2474,1,2
4317,fig|6666666.1036479.peg.2352,fig|6666666.1036479.peg.2364,0.8586048066616059,0.008764983919695936,Medium,Medium,Medium–Medium,,,0,no STRING match,no STRING match,3020,3022,1,1
4318,fig|6666666.1036479.peg.2523,fig|6666666.1036479.peg.1566,0.858601427078247,0.00876701426111815,Low,High,Low–High,,,0,no STRING match,no STRING match,2282,2838,1,1
4319,fig|6666666.1036479.peg.2548,fig|6666666.1036479.peg.299,0.858559387922287,0.008769044602540363,High,Low,Low–High,,,0,no STRING match,no STRING match,2298,2560,1,1
4320,fig|6666666.1036479.peg.723,fig|6666666.1036479.peg.2455,0.8585559666156769,0.008771074943962577,High,Medium,Medium–High,,,0,no STRING match,no STRING match,2634,3038,1,1
4321,fig|6666666.1036479.peg.1300,fig|6666666.1036479.peg.1416,0.8585374653339386,0.00877310528538479,Low,Medium,Low–Medium,,,0,no STRING match,no STRING match,2763,2817,1,1
4322,fig|6666666.1036479.peg.861,fig|6666666.1036479.peg.1229,0.8585342288017273,0.008775135626807004,High,Very Low,Very Low–High,,,0,no STRING match,no STRING match,2665,2753,1,1
4323,fig|6666666.1036479.peg.1308,fig|6666666.1036479.peg.2454,0.8585132360458374,0.008777165968229217,Medium,Medium,Medium–Medium,,,0,no STRING match,no STRING match,2764,3037,1,1
4324,fig|6666666.1036479.peg.281,fig|6666666.1036479.peg.411,0.8585053324699402,0.00877919630965143,Very Low,Low,Very Low–Low,,Hypothetical protein.,0,no STRING match,secondary STRING hit (STRING protein assigned to a better match),2558,2585,1,1
4325,fig|6666666.1036479.peg.2503,fig|6666666.1036479.peg.866,0.8584968268871307,0.008781226651073644,Very Low,High,Very Low–High,,,0,no STRING match,no STRING match,2267,2667,1,1
4326,fig|6666666.1036479.peg.2679,fig|6666666.1036479.peg.573,0.8584814369678497,0.008783256992495858,Medium,Very Low,Very Low–Medium,,Hypothetical protein.,0,no STRING match,secondary STRING hit (STRING protein assigned to a better match),2342,2601,1,1
4327,fig|6666666.1036479.peg.2093,fig|6666666.1036479.peg.2455,0.858456289768219,0.008785287333918071,Medium,Medium,Medium–Medium,,,0,no STRING match,no STRING match,2955,3038,1,1
4328,fig|6666666.1036479.peg.3207,fig|6666666.1036479.peg.1753,0.8584526360034943,0.008787317675340285,Medium,Medium,Medium–Medium,,Hypothetical protein.,0,no STRING match,secondary STRING hit (STRING protein assigned to a better match),2468,2890,1,1
4329,fig|6666666.1036479.peg.370,fig|6666666.1036479.peg.1603,0.8584327280521393,0.008789348016762498,High,Very Low,Very Low–High,,,0,no STRING match,no STRING match,2579,2861,1,2
4330,fig|6666666.1036479.peg.370,fig|6666666.1036479.peg.1610,0.8584327280521393,0.008791378358184712,High,Very Low,Very Low–High,,,0,no STRING match,no STRING match,2579,2861,1,2
4331,fig|6666666.1036479.peg.3254,fig|6666666.1036479.peg.1953,0.8584322810173035,0.008793408699606925,High,Low,Low–High,,,0,no STRING match,no STRING match,2505,2935,3,1
4332,fig|6666666.1036479.peg.22,fig|6666666.1036479.peg.1953,0.8584322810173035,0.008795439041029139,High,Low,Low–High,,,0,no STRING match,no STRING match,2505,2935,3,1
4333,fig|6666666.1036479.peg.170,fig|6666666.1036479.peg.1953,0.8584322810173035,0.008797469382451352,High,Low,Low–High,,,0,no STRING match,no STRING match,2505,2935,3,1
4334,fig|6666666.1036479.peg.2672,fig|6666666.1036479.peg.208,0.8584023892879487,0.008799499723873566,Medium,Low,Low–Medium,,,0,no STRING match,no STRING match,2341,2550,1,1
4335,fig|6666666.1036479.peg.2523,fig|6666666.1036479.peg.1308,0.8583958804607391,0.00880153006529578,Low,Medium,Low–Medium,,,0,no STRING match,no STRING match,2282,2764,1,1
4336,fig|6666666.1036479.peg.3008,fig|6666666.1036479.peg.2114,0.8583795487880707,0.008803560406717995,Medium,Very Low,Very Low–Medium,,"COG1629 Outer membrane receptor proteins, mostly Fe transport.",0,no STRING match,secondary STRING hit (STRING protein assigned to a better match),2423,2964,1,1
4337,fig|6666666.1036479.peg.2106,fig|6666666.1036479.peg.2455,0.8583664476871491,0.008805590748140208,High,Medium,Medium–High,Hypothetical protein.,,0,secondary STRING hit (STRING protein assigned to a better match),no STRING match,2959,3038,1,1
4338,fig|6666666.1036479.peg.861,fig|6666666.1036479.peg.1077,0.8583496034145355,0.008807621089562422,High,Low,Low–High,,,0,no STRING match,no STRING match,2665,2709,1,1
4339,fig|6666666.1036479.peg.3015,fig|6666666.1036479.peg.1657,0.8583431899547577,0.008809651430984635,Low,Medium,Low–Medium,,,0,no STRING match,no STRING match,2428,2883,1,1
4340,fig|6666666.1036479.peg.1945,fig|6666666.1036479.peg.1946,0.858338987827301,0.008811681772406849,Very Low,Medium,Very Low–Medium,,,0,no STRING match,no STRING match,2928,2929,1,1
4341,fig|6666666.1036479.peg.3100,fig|6666666.1036479.peg.1947,0.8583294570446014,0.008813712113829062,Medium,Medium,Medium–Medium,,,0,no STRING match,no STRING match,2443,2930,1,1
4342,fig|6666666.1036479.peg.411,fig|6666666.1036479.peg.1755,0.858322697877884,0.008815742455251276,Low,Medium,Low–Medium,Hypothetical protein.,Hypothetical protein.,0,secondary STRING hit (STRING protein assigned to a better match),secondary STRING hit (STRING protein assigned to a better match),2585,2892,1,1
4343,fig|6666666.1036479.peg.725,fig|6666666.1036479.peg.2405,0.8583201885223388,0.008817772796673489,Very Low,Medium,Very Low–Medium,,Hypothetical protein; COG0605 Superoxide dismutase.,0,no STRING match,secondary STRING hit (STRING protein assigned to a better match),2636,3029,1,1
4344,fig|6666666.1036479.peg.2672,fig|6666666.1036479.peg.2172,0.8583173036575318,0.008819803138095703,Medium,Very Low,Very Low–Medium,,,0,no STRING match,no STRING match,2341,2992,1,1
4345,fig|6666666.1036479.peg.2988,fig|6666666.1036479.peg.3187,0.8582962572574615,0.008821833479517916,Medium,Very Low,Very Low–Medium,Hypothetical protein.,Hypothetical protein.,0,secondary STRING hit (STRING protein assigned to a better match),secondary STRING hit (STRING protein assigned to a better match),2416,2460,1,1
4346,fig|6666666.1036479.peg.1127,fig|6666666.1036479.peg.1308,0.8582844614982605,0.00882386382094013,Low,Medium,Low–Medium,Hypothetical protein.,,0,secondary STRING hit (STRING protein assigned to a better match),no STRING match,2743,2764,1,1
4347,fig|6666666.1036479.peg.2843,fig|6666666.1036479.peg.1945,0.8582817554473877,0.008825894162362343,Very Low,Very Low,Very Low–Very Low,,,0,no STRING match,no STRING match,2370,2928,1,1
4348,fig|6666666.1036479.peg.3184,fig|6666666.1036479.peg.3231,0.8582809269428253,0.008827924503784557,Very Low,Very Low,Very Low–Very Low,,,0,no STRING match,no STRING match,2457,2482,1,2
4349,fig|6666666.1036479.peg.3184,fig|6666666.1036479.peg.147,0.8582809269428253,0.00882995484520677,Very Low,Very Low,Very Low–Very Low,,,0,no STRING match,no STRING match,2457,2482,1,2
4350,fig|6666666.1036479.peg.2672,fig|6666666.1036479.peg.2156,0.8582794487476348,0.008831985186628984,Medium,Very Low,Very Low–Medium,,,0,no STRING match,no STRING match,2341,2977,1,1
4351,fig|6666666.1036479.peg.208,fig|6666666.1036479.peg.866,0.8582705378532409,0.008834015528051197,Low,High,Low–High,,,0,no STRING match,no STRING match,2550,2667,1,1
4352,fig|6666666.1036479.peg.3008,fig|6666666.1036479.peg.3017,0.8582688868045807,0.00883604586947341,Medium,Medium,Medium–Medium,,,0,no STRING match,no STRING match,2423,2430,1,1
4353,fig|6666666.1036479.peg.2988,fig|6666666.1036479.peg.1961,0.8582443237304688,0.008838076210895624,Medium,Medium,Medium–Medium,Hypothetical protein.,,0,secondary STRING hit (STRING protein assigned to a better match),no STRING match,2416,2943,1,1
4354,fig|6666666.1036479.peg.370,fig|6666666.1036479.peg.1754,0.8582416296005249,0.008840106552317838,High,Medium,Medium–High,,Hypothetical protein.,0,no STRING match,secondary STRING hit (STRING protein assigned to a better match),2579,2891,1,1
4355,fig|6666666.1036479.peg.2987,fig|6666666.1036479.peg.881,0.8582287847995758,0.008842136893740051,Very Low,High,Very Low–High,,,0,no STRING match,no STRING match,2415,2674,1,1
4356,fig|6666666.1036479.peg.3107,fig|6666666.1036479.peg.881,0.8582259476184845,0.008844167235162265,Very Low,High,Very Low–High,,,0,no STRING match,no STRING match,2444,2674,1,1
4357,fig|6666666.1036479.peg.2547,fig|6666666.1036479.peg.1949,0.8582242429256439,0.008846197576584478,Medium,Medium,Medium–Medium,,,0,no STRING match,no STRING match,2297,2932,1,1
4358,fig|6666666.1036479.peg.2843,fig|6666666.1036479.peg.1410,0.8582054853439331,0.008848227918006692,Very Low,Medium,Very Low–Medium,,,0,no STRING match,no STRING match,2370,2813,1,1
4359,fig|6666666.1036479.peg.2891,fig|6666666.1036479.peg.1308,0.8581921637058259,0.008850258259428905,Medium,Medium,Medium–Medium,,,0,no STRING match,no STRING match,2390,2764,1,1
4360,fig|6666666.1036479.peg.3020,fig|6666666.1036479.peg.3033,0.8581697642803192,0.008852288600851119,Low,Low,Low–Low,,,0,no STRING match,no STRING match,2433,2437,1,1
4361,fig|6666666.1036479.peg.659,fig|6666666.1036479.peg.1947,0.8581593632698059,0.008854318942273332,Very Low,Medium,Very Low–Medium,,,0,no STRING match,no STRING match,2617,2930,1,1
4362,fig|6666666.1036479.peg.2889,fig|6666666.1036479.peg.2348,0.8581533432006836,0.008856349283695546,Medium,High,Medium–High,,,0,no STRING match,no STRING match,2388,3019,1,1
4363,fig|6666666.1036479.peg.3033,fig|6666666.1036479.peg.1080,0.8581383764743805,0.00885837962511776,Low,High,Low–High,,,0,no STRING match,no STRING match,2437,2712,1,1
4364,fig|6666666.1036479.peg.861,fig|6666666.1036479.peg.1114,0.8581373453140259,0.008860409966539973,High,Very Low,Very Low–High,,,0,no STRING match,no STRING match,2665,2730,1,1
4365,fig|6666666.1036479.peg.89,fig|6666666.1036479.peg.1080,0.8581320703029632,0.008862440307962186,Very Low,High,Very Low–High,,,0,no STRING match,no STRING match,2542,2712,1,1
4366,fig|6666666.1036479.peg.776,fig|6666666.1036479.peg.2348,0.858105742931366,0.0088644706493844,Low,High,Low–High,,,0,no STRING match,no STRING match,2659,3019,1,1
4367,fig|6666666.1036479.peg.1951,fig|6666666.1036479.peg.2364,0.8581015944480896,0.008866500990806613,High,Medium,Medium–High,,,0,no STRING match,no STRING match,2934,3022,1,1
4368,fig|6666666.1036479.peg.2550,fig|6666666.1036479.peg.1966,0.8580952525138855,0.008868531332228828,Very Low,Very Low,Very Low–Very Low,,,0,no STRING match,no STRING match,2300,2946,2,1
4369,fig|6666666.1036479.peg.2558,fig|6666666.1036479.peg.1966,0.8580952525138855,0.008870561673651042,Very Low,Very Low,Very Low–Very Low,,,0,no STRING match,no STRING match,2300,2946,2,1
4370,fig|6666666.1036479.peg.573,fig|6666666.1036479.peg.1567,0.8580915689468384,0.008872592015073255,Very Low,Low,Very Low–Low,Hypothetical protein.,,0,secondary STRING hit (STRING protein assigned to a better match),no STRING match,2601,2839,1,1
4371,fig|6666666.1036479.peg.244,fig|6666666.1036479.peg.866,0.858086907863617,0.008874622356495469,Very Low,High,Very Low–High,,,0,no STRING match,no STRING match,2554,2667,1,1
4372,fig|6666666.1036479.peg.2547,fig|6666666.1036479.peg.2814,0.8580772161483765,0.008876652697917682,Medium,Very Low,Very Low–Medium,,,0,no STRING match,no STRING match,2297,2358,1,1
4373,fig|6666666.1036479.peg.1289,fig|6666666.1036479.peg.1946,0.8580707609653473,0.008878683039339896,Very Low,Medium,Very Low–Medium,,,0,no STRING match,no STRING match,2762,2929,1,1
4374,fig|6666666.1036479.peg.3254,fig|6666666.1036479.peg.720,0.8580277979373931,0.00888071338076211,High,High,High–High,,,0,no STRING match,no STRING match,2505,2631,3,1
4375,fig|6666666.1036479.peg.22,fig|6666666.1036479.peg.720,0.8580277979373931,0.008882743722184323,High,High,High–High,,,0,no STRING match,no STRING match,2505,2631,3,1
4376,fig|6666666.1036479.peg.170,fig|6666666.1036479.peg.720,0.8580277979373931,0.008884774063606537,High,High,High–High,,,0,no STRING match,no STRING match,2505,2631,3,1
4377,fig|6666666.1036479.peg.3020,fig|6666666.1036479.peg.659,0.8580270826816558,0.00888680440502875,Low,Very Low,Very Low–Low,,,0,no STRING match,no STRING match,2433,2617,1,1
4378,fig|6666666.1036479.peg.304,fig|6666666.1036479.peg.2348,0.8580040991306305,0.008888834746450964,Medium,High,Medium–High,,,0,no STRING match,no STRING match,2565,3019,1,1
4379,fig|6666666.1036479.peg.289,fig|6666666.1036479.peg.719,0.8580040216445923,0.008890865087873177,High,Medium,Medium–High,Hypothetical protein.,,0,secondary STRING hit (STRING protein assigned to a better match),no STRING match,2559,2630,1,1
4380,fig|6666666.1036479.peg.3020,fig|6666666.1036479.peg.776,0.8579974830150604,0.00889289542929539,Low,Low,Low–Low,,,0,no STRING match,no STRING match,2433,2659,1,1
4381,fig|6666666.1036479.peg.2923,fig|6666666.1036479.peg.3020,0.8579918742179871,0.008894925770717604,Medium,Low,Low–Medium,,,0,no STRING match,no STRING match,2400,2433,1,1
4382,fig|6666666.1036479.peg.720,fig|6666666.1036479.peg.2114,0.8579801380634308,0.008896956112139818,High,Very Low,Very Low–High,,"COG1629 Outer membrane receptor proteins, mostly Fe transport.",0,no STRING match,secondary STRING hit (STRING protein assigned to a better match),2631,2964,1,1
4383,fig|6666666.1036479.peg.48,fig|6666666.1036479.peg.881,0.8579752504825592,0.008898986453562031,Medium,High,Medium–High,,,0,no STRING match,no STRING match,2536,2674,1,1
4384,fig|6666666.1036479.peg.244,fig|6666666.1036479.peg.370,0.8579752445220947,0.008901016794984245,Very Low,High,Very Low–High,,,0,no STRING match,no STRING match,2554,2579,1,1
4385,fig|6666666.1036479.peg.38,fig|6666666.1036479.peg.723,0.8579644680023193,0.008903047136406458,Low,High,Low–High,,,0,no STRING match,no STRING match,2526,2634,2,1
4386,fig|6666666.1036479.peg.186,fig|6666666.1036479.peg.723,0.8579644680023193,0.008905077477828672,Low,High,Low–High,,,0,no STRING match,no STRING match,2526,2634,2,1
4387,fig|6666666.1036479.peg.2929,fig|6666666.1036479.peg.2114,0.8579350173473358,0.008907107819250885,Very Low,Very Low,Very Low–Very Low,Hypothetical protein.,"COG1629 Outer membrane receptor proteins, mostly Fe transport.",0,secondary STRING hit (STRING protein assigned to a better match),secondary STRING hit (STRING protein assigned to a better match),2404,2964,1,1
4388,fig|6666666.1036479.peg.2506,fig|6666666.1036479.peg.1566,0.857928889989853,0.008909138160673099,Very Low,High,Very Low–High,,,0,no STRING match,no STRING match,2270,2838,6,1
4389,fig|6666666.1036479.peg.2516,fig|6666666.1036479.peg.1566,0.857928889989853,0.008911168502095312,Very Low,High,Very Low–High,,,0,no STRING match,no STRING match,2270,2838,6,1
4390,fig|6666666.1036479.peg.2522,fig|6666666.1036479.peg.1566,0.857928889989853,0.008913198843517526,Very Low,High,Very Low–High,,,0,no STRING match,no STRING match,2270,2838,6,1
4391,fig|6666666.1036479.peg.974,fig|6666666.1036479.peg.1566,0.857928889989853,0.008915229184939739,Very Low,High,Very Low–High,,,0,no STRING match,no STRING match,2270,2838,6,1
4392,fig|6666666.1036479.peg.979,fig|6666666.1036479.peg.1566,0.857928889989853,0.008917259526361953,Very Low,High,Very Low–High,,,0,no STRING match,no STRING match,2270,2838,6,1
4393,fig|6666666.1036479.peg.1566,fig|6666666.1036479.peg.2491,0.857928889989853,0.008919289867784166,High,Very Low,Very Low–High,,,0,no STRING match,no STRING match,2838,2270,1,6
4394,fig|6666666.1036479.peg.2548,fig|6666666.1036479.peg.2172,0.8579209923744202,0.00892132020920638,High,Very Low,Very Low–High,,,0,no STRING match,no STRING match,2298,2992,1,1
4395,fig|6666666.1036479.peg.719,fig|6666666.1036479.peg.723,0.8578986763954163,0.008923350550628593,Medium,High,Medium–High,,,0,no STRING match,no STRING match,2630,2634,1,1
4396,fig|6666666.1036479.peg.2548,fig|6666666.1036479.peg.2173,0.8578925669193268,0.008925380892050807,High,Very Low,Very Low–High,,,0,no STRING match,no STRING match,2298,2993,1,1
4397,fig|6666666.1036479.peg.411,fig|6666666.1036479.peg.2469,0.8578877329826355,0.00892741123347302,Low,Very Low,Very Low–Low,Hypothetical protein.,,0,secondary STRING hit (STRING protein assigned to a better match),no STRING match,2585,3042,1,1
4398,fig|6666666.1036479.peg.36,fig|6666666.1036479.peg.1410,0.857886016368866,0.008929441574895234,Medium,Medium,Medium–Medium,,,0,no STRING match,no STRING match,2524,2813,2,1
4399,fig|6666666.1036479.peg.184,fig|6666666.1036479.peg.1410,0.857886016368866,0.008931471916317447,Medium,Medium,Medium–Medium,,,0,no STRING match,no STRING match,2524,2813,2,1
4400,fig|6666666.1036479.peg.2514,fig|6666666.1036479.peg.861,0.8578670859336853,0.008933502257739662,Very Low,High,Very Low–High,,,0,no STRING match,no STRING match,2277,2665,1,1
4401,fig|6666666.1036479.peg.861,fig|6666666.1036479.peg.2478,0.8578581213951111,0.008935532599161876,High,Very Low,Very Low–High,,,0,no STRING match,no STRING match,2665,3044,1,1
4402,fig|6666666.1036479.peg.2547,fig|6666666.1036479.peg.1127,0.8578336477279663,0.00893756294058409,Medium,Low,Low–Medium,,Hypothetical protein.,0,no STRING match,secondary STRING hit (STRING protein assigned to a better match),2297,2743,1,1
4403,fig|6666666.1036479.peg.573,fig|6666666.1036479.peg.1957,0.8578218042850494,0.008939593282006303,Very Low,Medium,Very Low–Medium,Hypothetical protein.,,0,secondary STRING hit (STRING protein assigned to a better match),no STRING match,2601,2939,1,1
4404,fig|6666666.1036479.peg.1657,fig|6666666.1036479.peg.2327,0.8578125238418579,0.008941623623428516,Medium,Medium,Medium–Medium,,,0,no STRING match,no STRING match,2883,3016,1,1
4405,fig|6666666.1036479.peg.391,fig|6666666.1036479.peg.881,0.857792729139328,0.00894365396485073,Medium,High,Medium–High,,,0,no STRING match,no STRING match,2580,2674,1,1
4406,fig|6666666.1036479.peg.725,fig|6666666.1036479.peg.740,0.8577591598033905,0.008945684306272943,Very Low,Very Low,Very Low–Very Low,,,0,no STRING match,no STRING match,2636,2651,1,1
4407,fig|6666666.1036479.peg.2929,fig|6666666.1036479.peg.3010,0.8577480792999268,0.008947714647695157,Very Low,Low,Very Low–Low,Hypothetical protein.,,0,secondary STRING hit (STRING protein assigned to a better match),no STRING match,2404,2425,1,1
4408,fig|6666666.1036479.peg.3222,fig|6666666.1036479.peg.1943,0.8577434360980988,0.00894974498911737,Medium,Medium,Medium–Medium,,COG3103 SH3 domain protein.,0,no STRING match,secondary STRING hit (STRING protein assigned to a better match),2473,2926,2,1
4409,fig|6666666.1036479.peg.138,fig|6666666.1036479.peg.1943,0.8577434360980988,0.008951775330539584,Medium,Medium,Medium–Medium,,COG3103 SH3 domain protein.,0,no STRING match,secondary STRING hit (STRING protein assigned to a better match),2473,2926,2,1
4410,fig|6666666.1036479.peg.2532,fig|6666666.1036479.peg.2920,0.8577336013317108,0.008953805671961797,Low,Very Low,Very Low–Low,,,0,no STRING match,no STRING match,2284,2397,4,1
4411,fig|6666666.1036479.peg.2920,fig|6666666.1036479.peg.3171,0.8577336013317108,0.008955836013384011,Very Low,Low,Very Low–Low,,,0,no STRING match,no STRING match,2397,2284,1,4
4412,fig|6666666.1036479.peg.2920,fig|6666666.1036479.peg.987,0.8577336013317108,0.008957866354806224,Very Low,Low,Very Low–Low,,,0,no STRING match,no STRING match,2397,2284,1,4
4413,fig|6666666.1036479.peg.2920,fig|6666666.1036479.peg.2492,0.8577336013317108,0.008959896696228438,Very Low,Low,Very Low–Low,,,0,no STRING match,no STRING match,2397,2284,1,4
4414,fig|6666666.1036479.peg.2672,fig|6666666.1036479.peg.2176,0.8577330827713012,0.008961927037650651,Medium,Very Low,Very Low–Medium,,,0,no STRING match,no STRING match,2341,2996,1,1
4415,fig|6666666.1036479.peg.2679,fig|6666666.1036479.peg.2920,0.8577137470245362,0.008963957379072865,Medium,Very Low,Very Low–Medium,,,0,no STRING match,no STRING match,2342,2397,1,1
4416,fig|6666666.1036479.peg.866,fig|6666666.1036479.peg.1229,0.8577005505561829,0.008965987720495078,High,Very Low,Very Low–High,,,0,no STRING match,no STRING match,2667,2753,1,1
4417,fig|6666666.1036479.peg.3188,fig|6666666.1036479.peg.3231,0.8576994180679322,0.008968018061917292,Medium,Very Low,Very Low–Medium,,,0,no STRING match,no STRING match,2461,2482,1,2
4418,fig|6666666.1036479.peg.3188,fig|6666666.1036479.peg.147,0.8576994180679322,0.008970048403339505,Medium,Very Low,Very Low–Medium,,,0,no STRING match,no STRING match,2461,2482,1,2
4419,fig|6666666.1036479.peg.728,fig|6666666.1036479.peg.1913,0.8576948940753937,0.008972078744761719,Medium,Very Low,Very Low–Medium,,,0,no STRING match,no STRING match,2639,2917,1,1
4420,fig|6666666.1036479.peg.2547,fig|6666666.1036479.peg.89,0.8576942503452301,0.008974109086183932,Medium,Very Low,Very Low–Medium,,,0,no STRING match,no STRING match,2297,2542,1,1
4421,fig|6666666.1036479.peg.2672,fig|6666666.1036479.peg.1117,0.8576837480068207,0.008976139427606146,Medium,Very Low,Very Low–Medium,,,0,no STRING match,no STRING match,2341,2733,1,1
4422,fig|6666666.1036479.peg.2572,fig|6666666.1036479.peg.2672,0.8576835751533508,0.00897816976902836,Very Low,Medium,Very Low–Medium,Yd repeat protein; COG3209 Rhs family protein.,,0,secondary STRING hit (STRING protein assigned to a better match),no STRING match,2317,2341,1,1
4423,fig|6666666.1036479.peg.2855,fig|6666666.1036479.peg.861,0.8576791703701019,0.008980200110450573,Very Low,High,Very Low–High,,,0,no STRING match,no STRING match,2374,2665,1,1
4424,fig|6666666.1036479.peg.2960,fig|6666666.1036479.peg.740,0.8576727211475372,0.008982230451872786,Low,Very Low,Very Low–Low,,,0,no STRING match,no STRING match,2412,2651,1,1
4425,fig|6666666.1036479.peg.861,fig|6666666.1036479.peg.1850,0.8576572716236115,0.008984260793295,High,Very Low,Very Low–High,,,0,no STRING match,no STRING match,2665,2907,1,1
4426,fig|6666666.1036479.peg.887,fig|6666666.1036479.peg.1308,0.8576563656330108,0.008986291134717213,Medium,Medium,Medium–Medium,,,0,no STRING match,no STRING match,2680,2764,1,1
4427,fig|6666666.1036479.peg.2509,fig|6666666.1036479.peg.2960,0.857622355222702,0.008988321476139427,Very Low,Low,Very Low–Low,,,0,no STRING match,no STRING match,2273,2412,15,1
4428,fig|6666666.1036479.peg.2513,fig|6666666.1036479.peg.2960,0.857622355222702,0.00899035181756164,Very Low,Low,Very Low–Low,,,0,no STRING match,no STRING match,2273,2412,15,1
4429,fig|6666666.1036479.peg.2519,fig|6666666.1036479.peg.2960,0.857622355222702,0.008992382158983854,Very Low,Low,Very Low–Low,,,0,no STRING match,no STRING match,2273,2412,15,1
4430,fig|6666666.1036479.peg.2526,fig|6666666.1036479.peg.2960,0.857622355222702,0.008994412500406068,Very Low,Low,Very Low–Low,,,0,no STRING match,no STRING match,2273,2412,15,1
4431,fig|6666666.1036479.peg.2530,fig|6666666.1036479.peg.2960,0.857622355222702,0.008996442841828281,Very Low,Low,Very Low–Low,,,0,no STRING match,no STRING match,2273,2412,15,1
4432,fig|6666666.1036479.peg.2534,fig|6666666.1036479.peg.2960,0.857622355222702,0.008998473183250496,Very Low,Low,Very Low–Low,,,0,no STRING match,no STRING match,2273,2412,15,1
4433,fig|6666666.1036479.peg.2960,fig|6666666.1036479.peg.3173,0.857622355222702,0.00900050352467271,Low,Very Low,Very Low–Low,,,0,no STRING match,no STRING match,2412,2273,1,15
4434,fig|6666666.1036479.peg.2960,fig|6666666.1036479.peg.971,0.857622355222702,0.009002533866094923,Low,Very Low,Very Low–Low,,,0,no STRING match,no STRING match,2412,2273,1,15
4435,fig|6666666.1036479.peg.2960,fig|6666666.1036479.peg.976,0.857622355222702,0.009004564207517137,Low,Very Low,Very Low–Low,,,0,no STRING match,no STRING match,2412,2273,1,15
4436,fig|6666666.1036479.peg.2960,fig|6666666.1036479.peg.981,0.857622355222702,0.00900659454893935,Low,Very Low,Very Low–Low,,,0,no STRING match,no STRING match,2412,2273,1,15
4437,fig|6666666.1036479.peg.2960,fig|6666666.1036479.peg.985,0.857622355222702,0.009008624890361564,Low,Very Low,Very Low–Low,,,0,no STRING match,no STRING match,2412,2273,1,15
4438,fig|6666666.1036479.peg.2960,fig|6666666.1036479.peg.989,0.857622355222702,0.009010655231783777,Low,Very Low,Very Low–Low,,,0,no STRING match,no STRING match,2412,2273,1,15
4439,fig|6666666.1036479.peg.2960,fig|6666666.1036479.peg.2489,0.857622355222702,0.00901268557320599,Low,Very Low,Very Low–Low,,,0,no STRING match,no STRING match,2412,2273,1,15
4440,fig|6666666.1036479.peg.2960,fig|6666666.1036479.peg.2494,0.857622355222702,0.009014715914628204,Low,Very Low,Very Low–Low,,,0,no STRING match,no STRING match,2412,2273,1,15
4441,fig|6666666.1036479.peg.2960,fig|6666666.1036479.peg.2498,0.857622355222702,0.009016746256050418,Low,Very Low,Very Low–Low,,,0,no STRING match,no STRING match,2412,2273,1,15
4442,fig|6666666.1036479.peg.1947,fig|6666666.1036479.peg.2497,0.8576205372810364,0.009018776597472631,Medium,Very Low,Very Low–Medium,,,0,no STRING match,no STRING match,2930,3047,1,1
4443,fig|6666666.1036479.peg.2988,fig|6666666.1036479.peg.1919,0.8576178014278412,0.009020806938894845,Medium,Very Low,Very Low–Medium,Hypothetical protein.,,0,secondary STRING hit (STRING protein assigned to a better match),no STRING match,2416,2920,1,1
4444,fig|6666666.1036479.peg.38,fig|6666666.1036479.peg.1946,0.857614415884018,0.009022837280317058,Low,Medium,Low–Medium,,,0,no STRING match,no STRING match,2526,2929,2,1
4445,fig|6666666.1036479.peg.186,fig|6666666.1036479.peg.1946,0.857614415884018,0.009024867621739272,Low,Medium,Low–Medium,,,0,no STRING match,no STRING match,2526,2929,2,1
4446,fig|6666666.1036479.peg.35,fig|6666666.1036479.peg.370,0.8576109766960144,0.009026897963161485,Very Low,High,Very Low–High,,,0,no STRING match,no STRING match,2523,2579,2,1
4447,fig|6666666.1036479.peg.183,fig|6666666.1036479.peg.370,0.8576109766960144,0.009028928304583699,Very Low,High,Very Low–High,,,0,no STRING match,no STRING match,2523,2579,2,1
4448,fig|6666666.1036479.peg.723,fig|6666666.1036479.peg.1289,0.8576066672801972,0.009030958646005912,High,Very Low,Very Low–High,,,0,no STRING match,no STRING match,2634,2762,1,1
4449,fig|6666666.1036479.peg.36,fig|6666666.1036479.peg.889,0.8576011300086975,0.009032988987428126,Medium,Low,Low–Medium,,,0,no STRING match,no STRING match,2524,2682,2,1
4450,fig|6666666.1036479.peg.184,fig|6666666.1036479.peg.889,0.8576011300086975,0.00903501932885034,Medium,Low,Low–Medium,,,0,no STRING match,no STRING match,2524,2682,2,1
4451,fig|6666666.1036479.peg.35,fig|6666666.1036479.peg.866,0.8575867116451263,0.009037049670272553,Very Low,High,Very Low–High,,,0,no STRING match,no STRING match,2523,2667,2,1
4452,fig|6666666.1036479.peg.183,fig|6666666.1036479.peg.866,0.8575867116451263,0.009039080011694766,Very Low,High,Very Low–High,,,0,no STRING match,no STRING match,2523,2667,2,1
4453,fig|6666666.1036479.peg.1410,fig|6666666.1036479.peg.1946,0.8575836479663849,0.00904111035311698,Medium,Medium,Medium–Medium,,,0,no STRING match,no STRING match,2813,2929,1,1
4454,fig|6666666.1036479.peg.3231,fig|6666666.1036479.peg.723,0.8575786411762237,0.009043140694539193,Very Low,High,Very Low–High,,,0,no STRING match,no STRING match,2482,2634,2,1
4455,fig|6666666.1036479.peg.147,fig|6666666.1036479.peg.723,0.8575786411762237,0.009045171035961407,Very Low,High,Very Low–High,,,0,no STRING match,no STRING match,2482,2634,2,1
4456,fig|6666666.1036479.peg.2548,fig|6666666.1036479.peg.3005,0.857552444934845,0.00904720137738362,High,Medium,Medium–High,,,0,no STRING match,no STRING match,2298,2420,1,1
4457,fig|6666666.1036479.peg.2881,fig|6666666.1036479.peg.1947,0.8575444459915161,0.009049231718805834,Very Low,Medium,Very Low–Medium,,,0,no STRING match,no STRING match,2383,2930,1,1
4458,fig|6666666.1036479.peg.881,fig|6666666.1036479.peg.887,0.8575394630432129,0.009051262060228047,High,Medium,Medium–High,,,0,no STRING match,no STRING match,2674,2680,1,1
4459,fig|6666666.1036479.peg.2539,fig|6666666.1036479.peg.1300,0.8575391709804535,0.009053292401650261,Low,Low,Low–Low,,,0,no STRING match,no STRING match,2289,2763,1,1
4460,fig|6666666.1036479.peg.817,fig|6666666.1036479.peg.1300,0.8575358688831329,0.009055322743072474,Low,Low,Low–Low,Phospholipid/glycerol acyltransferase; COG4258 Predicted exporter.,,0,secondary STRING hit (STRING protein assigned to a better match),no STRING match,2663,2763,1,1
4461,fig|6666666.1036479.peg.719,fig|6666666.1036479.peg.1946,0.8575339436531066,0.009057353084494688,Medium,Medium,Medium–Medium,,,0,no STRING match,no STRING match,2630,2929,1,1
4462,fig|6666666.1036479.peg.3020,fig|6666666.1036479.peg.1092,0.857531464099884,0.009059383425916901,Low,Very Low,Very Low–Low,,,0,no STRING match,no STRING match,2433,2715,1,1
4463,fig|6666666.1036479.peg.3207,fig|6666666.1036479.peg.1941,0.8575254380702972,0.009061413767339115,Medium,Medium,Medium–Medium,,,0,no STRING match,no STRING match,2468,2924,1,1
4464,fig|6666666.1036479.peg.731,fig|6666666.1036479.peg.1947,0.857520478963852,0.00906344410876133,Low,Medium,Low–Medium,,,0,no STRING match,no STRING match,2642,2930,1,1
4465,fig|6666666.1036479.peg.2548,fig|6666666.1036479.peg.2467,0.8575160086154938,0.009065474450183544,High,Low,Low–High,,,0,no STRING match,no STRING match,2298,3041,1,1
4466,fig|6666666.1036479.peg.3207,fig|6666666.1036479.peg.652,0.8575030088424682,0.009067504791605757,Medium,Very Low,Very Low–Medium,,,0,no STRING match,no STRING match,2468,2615,1,1
4467,fig|6666666.1036479.peg.236,fig|6666666.1036479.peg.1308,0.8574875056743622,0.00906953513302797,Very Low,Medium,Very Low–Medium,,,0,no STRING match,no STRING match,2552,2764,1,1
4468,fig|6666666.1036479.peg.2176,fig|6666666.1036479.peg.2348,0.857482123374939,0.009071565474450184,Very Low,High,Very Low–High,,,0,no STRING match,no STRING match,2996,3019,1,1
4469,fig|6666666.1036479.peg.2548,fig|6666666.1036479.peg.1348,0.857478392124176,0.009073595815872398,High,Medium,Medium–High,,,0,no STRING match,no STRING match,2298,2786,1,1
4470,fig|6666666.1036479.peg.2988,fig|6666666.1036479.peg.1412,0.8574659943580627,0.009075626157294611,Medium,Medium,Medium–Medium,Hypothetical protein.,,0,secondary STRING hit (STRING protein assigned to a better match),no STRING match,2416,2815,1,1
4471,fig|6666666.1036479.peg.1554,fig|6666666.1036479.peg.1947,0.8574475526809693,0.009077656498716825,Medium,Medium,Medium–Medium,,,0,no STRING match,no STRING match,2831,2930,1,1
4472,fig|6666666.1036479.peg.652,fig|6666666.1036479.peg.881,0.8574420630931854,0.009079686840139038,Very Low,High,Very Low–High,,,0,no STRING match,no STRING match,2615,2674,1,1
4473,fig|6666666.1036479.peg.866,fig|6666666.1036479.peg.1582,0.8574338376522064,0.009081717181561252,High,Very Low,Very Low–High,,YD repeat-containing protein; COG3209 Rhs family protein.,0,no STRING match,secondary STRING hit (STRING protein assigned to a better match),2667,2850,1,1
4474,fig|6666666.1036479.peg.3207,fig|6666666.1036479.peg.32,0.8574332773685456,0.009083747522983465,Medium,Low,Low–Medium,,,0,no STRING match,no STRING match,2468,2520,1,2
4475,fig|6666666.1036479.peg.3207,fig|6666666.1036479.peg.180,0.8574332773685456,0.009085777864405679,Medium,Low,Low–Medium,,,0,no STRING match,no STRING match,2468,2520,1,2
4476,fig|6666666.1036479.peg.1410,fig|6666666.1036479.peg.1945,0.8574269056320191,0.009087808205827892,Medium,Very Low,Very Low–Medium,,,0,no STRING match,no STRING match,2813,2928,1,1
4477,fig|6666666.1036479.peg.573,fig|6666666.1036479.peg.776,0.8574180543422699,0.009089838547250106,Very Low,Low,Very Low–Low,Hypothetical protein.,,0,secondary STRING hit (STRING protein assigned to a better match),no STRING match,2601,2659,1,1
4478,fig|6666666.1036479.peg.3017,fig|6666666.1036479.peg.1655,0.8574175357818603,0.00909186888867232,Medium,Medium,Medium–Medium,,,0,no STRING match,no STRING match,2430,2882,1,1
4479,fig|6666666.1036479.peg.2809,fig|6666666.1036479.peg.2988,0.857417231798172,0.009093899230094533,Very Low,Medium,Very Low–Medium,,Hypothetical protein.,0,no STRING match,secondary STRING hit (STRING protein assigned to a better match),2357,2416,1,1
4480,fig|6666666.1036479.peg.719,fig|6666666.1036479.peg.1655,0.8574063599109649,0.009095929571516746,Medium,Medium,Medium–Medium,,,0,no STRING match,no STRING match,2630,2882,1,1
4481,fig|6666666.1036479.peg.3223,fig|6666666.1036479.peg.725,0.8573827683925629,0.00909795991293896,High,Very Low,Very Low–High,,,0,no STRING match,no STRING match,2474,2636,2,1
4482,fig|6666666.1036479.peg.139,fig|6666666.1036479.peg.725,0.8573827683925629,0.009099990254361173,High,Very Low,Very Low–High,,,0,no STRING match,no STRING match,2474,2636,2,1
4483,fig|6666666.1036479.peg.2988,fig|6666666.1036479.peg.1265,0.857372909784317,0.009102020595783387,Medium,Low,Low–Medium,Hypothetical protein.,,0,secondary STRING hit (STRING protein assigned to a better match),no STRING match,2416,2760,1,1
4484,fig|6666666.1036479.peg.2987,fig|6666666.1036479.peg.1300,0.8573649227619171,0.0091040509372056,Very Low,Low,Very Low–Low,,,0,no STRING match,no STRING match,2415,2763,1,1
4485,fig|6666666.1036479.peg.38,fig|6666666.1036479.peg.1953,0.8573362290859222,0.009106081278627814,Low,Low,Low–Low,,,0,no STRING match,no STRING match,2526,2935,2,1
4486,fig|6666666.1036479.peg.186,fig|6666666.1036479.peg.1953,0.8573362290859222,0.009108111620050027,Low,Low,Low–Low,,,0,no STRING match,no STRING match,2526,2935,2,1
4487,fig|6666666.1036479.peg.3231,fig|6666666.1036479.peg.1953,0.8573324978351593,0.00911014196147224,Very Low,Low,Very Low–Low,,,0,no STRING match,no STRING match,2482,2935,2,1
4488,fig|6666666.1036479.peg.147,fig|6666666.1036479.peg.1953,0.8573324978351593,0.009112172302894454,Very Low,Low,Very Low–Low,,,0,no STRING match,no STRING match,2482,2935,2,1
4489,fig|6666666.1036479.peg.3207,fig|6666666.1036479.peg.736,0.8573073029518128,0.009114202644316668,Medium,Very Low,Very Low–Medium,,,0,no STRING match,no STRING match,2468,2647,1,1
4490,fig|6666666.1036479.peg.2704,fig|6666666.1036479.peg.866,0.8572999358177185,0.009116232985738881,Medium,High,Medium–High,,,0,no STRING match,no STRING match,2345,2667,1,1
4491,fig|6666666.1036479.peg.719,fig|6666666.1036479.peg.2327,0.8572993218898773,0.009118263327161095,Medium,Medium,Medium–Medium,,,0,no STRING match,no STRING match,2630,3016,1,1
4492,fig|6666666.1036479.peg.2505,fig|6666666.1036479.peg.3017,0.8572935402393341,0.009120293668583308,Very Low,Medium,Very Low–Medium,,,0,no STRING match,no STRING match,2269,2430,1,1
4493,fig|6666666.1036479.peg.3020,fig|6666666.1036479.peg.1649,0.8572836220264435,0.009122324010005522,Low,Very Low,Very Low–Low,,YD repeat-containing protein; COG3209 Rhs family protein.,0,no STRING match,secondary STRING hit (STRING protein assigned to a better match),2433,2879,1,1
4494,fig|6666666.1036479.peg.3222,fig|6666666.1036479.peg.3223,0.8572564005851746,0.009124354351427735,Medium,High,Medium–High,,,0,no STRING match,no STRING match,2473,2474,2,2
4495,fig|6666666.1036479.peg.3222,fig|6666666.1036479.peg.139,0.8572564005851746,0.009126384692849949,Medium,High,Medium–High,,,0,no STRING match,no STRING match,2473,2474,2,2
4496,fig|6666666.1036479.peg.3223,fig|6666666.1036479.peg.138,0.8572564005851746,0.009128415034272164,High,Medium,Medium–High,,,0,no STRING match,no STRING match,2474,2473,2,2
4497,fig|6666666.1036479.peg.138,fig|6666666.1036479.peg.139,0.8572564005851746,0.009130445375694378,Medium,High,Medium–High,,,0,no STRING match,no STRING match,2473,2474,2,2
4498,fig|6666666.1036479.peg.2501,fig|6666666.1036479.peg.3231,0.8572497844696045,0.009132475717116591,High,Very Low,Very Low–High,,,0,no STRING match,no STRING match,2265,2482,1,2
4499,fig|6666666.1036479.peg.2501,fig|6666666.1036479.peg.147,0.8572497844696045,0.009134506058538805,High,Very Low,Very Low–High,,,0,no STRING match,no STRING match,2265,2482,1,2
4500,fig|6666666.1036479.peg.1617,fig|6666666.1036479.peg.2455,0.8572064638137817,0.009136536399961018,Low,Medium,Low–Medium,,,0,no STRING match,no STRING match,2864,3038,2,1
4501,fig|6666666.1036479.peg.1625,fig|6666666.1036479.peg.2455,0.8572064638137817,0.009138566741383232,Low,Medium,Low–Medium,,,0,no STRING match,no STRING match,2864,3038,2,1
4502,fig|6666666.1036479.peg.2507,fig|6666666.1036479.peg.411,0.857195907831192,0.009140597082805445,Low,Low,Low–Low,,Hypothetical protein.,0,no STRING match,secondary STRING hit (STRING protein assigned to a better match),2271,2585,1,1
4503,fig|6666666.1036479.peg.2524,fig|6666666.1036479.peg.1300,0.8571956872940063,0.009142627424227659,Low,Low,Low–Low,,,0,no STRING match,no STRING match,2283,2763,1,1
4504,fig|6666666.1036479.peg.3231,fig|6666666.1036479.peg.36,0.8571758389472961,0.009144657765649872,Very Low,Medium,Very Low–Medium,,,0,no STRING match,no STRING match,2482,2524,2,2
4505,fig|6666666.1036479.peg.3231,fig|6666666.1036479.peg.184,0.8571758389472961,0.009146688107072086,Very Low,Medium,Very Low–Medium,,,0,no STRING match,no STRING match,2482,2524,2,2
4506,fig|6666666.1036479.peg.36,fig|6666666.1036479.peg.147,0.8571758389472961,0.009148718448494299,Medium,Very Low,Very Low–Medium,,,0,no STRING match,no STRING match,2524,2482,2,2
4507,fig|6666666.1036479.peg.147,fig|6666666.1036479.peg.184,0.8571758389472961,0.009150748789916513,Very Low,Medium,Very Low–Medium,,,0,no STRING match,no STRING match,2482,2524,2,2
4508,fig|6666666.1036479.peg.3207,fig|6666666.1036479.peg.1959,0.8571752667427063,0.009152779131338726,Medium,Low,Low–Medium,,,0,no STRING match,no STRING match,2468,2941,1,1
4509,fig|6666666.1036479.peg.2505,fig|6666666.1036479.peg.2948,0.8571485221385956,0.00915480947276094,Very Low,High,Very Low–High,,,0,no STRING match,no STRING match,2269,2410,1,1
4510,fig|6666666.1036479.peg.411,fig|6666666.1036479.peg.1957,0.857147353887558,0.009156839814183153,Low,Medium,Low–Medium,Hypothetical protein.,,0,secondary STRING hit (STRING protein assigned to a better match),no STRING match,2585,2939,1,1
4511,fig|6666666.1036479.peg.2988,fig|6666666.1036479.peg.89,0.8571374595165253,0.009158870155605367,Medium,Very Low,Very Low–Medium,Hypothetical protein.,,0,secondary STRING hit (STRING protein assigned to a better match),no STRING match,2416,2542,1,1
4512,fig|6666666.1036479.peg.2548,fig|6666666.1036479.peg.1850,0.8571333348751068,0.00916090049702758,High,Very Low,Very Low–High,,,0,no STRING match,no STRING match,2298,2907,1,1
4513,fig|6666666.1036479.peg.3207,fig|6666666.1036479.peg.1755,0.8571225583553315,0.009162930838449794,Medium,Medium,Medium–Medium,,Hypothetical protein.,0,no STRING match,secondary STRING hit (STRING protein assigned to a better match),2468,2892,1,1
4514,fig|6666666.1036479.peg.2556,fig|6666666.1036479.peg.3008,0.85711190700531,0.009164961179872007,High,Medium,Medium–High,,,0,no STRING match,no STRING match,2306,2423,2,1
4515,fig|6666666.1036479.peg.2564,fig|6666666.1036479.peg.3008,0.85711190700531,0.00916699152129422,High,Medium,Medium–High,,,0,no STRING match,no STRING match,2306,2423,2,1
4516,fig|6666666.1036479.peg.302,fig|6666666.1036479.peg.861,0.8571006953716278,0.009169021862716434,Medium,High,Medium–High,Hypothetical protein.,,0,secondary STRING hit (STRING protein assigned to a better match),no STRING match,2563,2665,1,1
4517,fig|6666666.1036479.peg.3012,fig|6666666.1036479.peg.3207,0.8570859730243683,0.009171052204138648,Low,Medium,Low–Medium,,,0,no STRING match,no STRING match,2427,2468,1,1
4518,fig|6666666.1036479.peg.2960,fig|6666666.1036479.peg.3008,0.8570823669433594,0.009173082545560861,Low,Medium,Low–Medium,,,0,no STRING match,no STRING match,2412,2423,1,1
4519,fig|6666666.1036479.peg.2538,fig|6666666.1036479.peg.2348,0.8570777654647828,0.009175112886983075,Very Low,High,Very Low–High,,,0,no STRING match,no STRING match,2288,3019,1,1
4520,fig|6666666.1036479.peg.2506,fig|6666666.1036479.peg.719,0.8570744752883911,0.009177143228405288,Very Low,Medium,Very Low–Medium,,,0,no STRING match,no STRING match,2270,2630,6,1
4521,fig|6666666.1036479.peg.2516,fig|6666666.1036479.peg.719,0.8570744752883911,0.009179173569827502,Very Low,Medium,Very Low–Medium,,,0,no STRING match,no STRING match,2270,2630,6,1
4522,fig|6666666.1036479.peg.2522,fig|6666666.1036479.peg.719,0.8570744752883911,0.009181203911249715,Very Low,Medium,Very Low–Medium,,,0,no STRING match,no STRING match,2270,2630,6,1
4523,fig|6666666.1036479.peg.719,fig|6666666.1036479.peg.974,0.8570744752883911,0.009183234252671929,Medium,Very Low,Very Low–Medium,,,0,no STRING match,no STRING match,2630,2270,1,6
4524,fig|6666666.1036479.peg.719,fig|6666666.1036479.peg.979,0.8570744752883911,0.009185264594094142,Medium,Very Low,Very Low–Medium,,,0,no STRING match,no STRING match,2630,2270,1,6
4525,fig|6666666.1036479.peg.719,fig|6666666.1036479.peg.2491,0.8570744752883911,0.009187294935516356,Medium,Very Low,Very Low–Medium,,,0,no STRING match,no STRING match,2630,2270,1,6
4526,fig|6666666.1036479.peg.866,fig|6666666.1036479.peg.1109,0.8570744574069977,0.00918932527693857,High,Very Low,Very Low–High,,,0,no STRING match,no STRING match,2667,2726,1,1
4527,fig|6666666.1036479.peg.866,fig|6666666.1036479.peg.1077,0.8570742309093475,0.009191355618360783,High,Low,Low–High,,,0,no STRING match,no STRING match,2667,2709,1,1
4528,fig|6666666.1036479.peg.2814,fig|6666666.1036479.peg.1308,0.8570690751075745,0.009193385959782998,Very Low,Medium,Very Low–Medium,,,0,no STRING match,no STRING match,2358,2764,1,1
4529,fig|6666666.1036479.peg.2540,fig|6666666.1036479.peg.370,0.8570572078227997,0.009195416301205211,Medium,High,Medium–High,,,0,no STRING match,no STRING match,2290,2579,1,1
4530,fig|6666666.1036479.peg.725,fig|6666666.1036479.peg.2454,0.857049185037613,0.009197446642627425,Very Low,Medium,Very Low–Medium,,,0,no STRING match,no STRING match,2636,3037,1,1
4531,fig|6666666.1036479.peg.3222,fig|6666666.1036479.peg.720,0.8570477783679962,0.009199476984049638,Medium,High,Medium–High,,,0,no STRING match,no STRING match,2473,2631,2,1
4532,fig|6666666.1036479.peg.138,fig|6666666.1036479.peg.720,0.8570477783679962,0.009201507325471852,Medium,High,Medium–High,,,0,no STRING match,no STRING match,2473,2631,2,1
4533,fig|6666666.1036479.peg.881,fig|6666666.1036479.peg.2093,0.8570286691188812,0.009203537666894065,High,Medium,Medium–High,,,0,no STRING match,no STRING match,2674,2955,1,1
4534,fig|6666666.1036479.peg.2520,fig|6666666.1036479.peg.2948,0.8570246934890747,0.009205568008316279,Very Low,High,Very Low–High,,,0,no STRING match,no STRING match,2280,2410,1,1
4535,fig|6666666.1036479.peg.3008,fig|6666666.1036479.peg.1409,0.8570206761360168,0.009207598349738493,Medium,Medium,Medium–Medium,,,0,no STRING match,no STRING match,2423,2812,1,1
4536,fig|6666666.1036479.peg.40,fig|6666666.1036479.peg.881,0.857016259431839,0.009209628691160706,Very Low,High,Very Low–High,,,0,no STRING match,no STRING match,2528,2674,2,1
4537,fig|6666666.1036479.peg.188,fig|6666666.1036479.peg.881,0.857016259431839,0.00921165903258292,Very Low,High,Very Low–High,,,0,no STRING match,no STRING match,2528,2674,2,1
4538,fig|6666666.1036479.peg.866,fig|6666666.1036479.peg.1754,0.8570055544376374,0.009213689374005133,High,Medium,Medium–High,,Hypothetical protein.,0,no STRING match,secondary STRING hit (STRING protein assigned to a better match),2667,2891,1,1
4539,fig|6666666.1036479.peg.3222,fig|6666666.1036479.peg.2327,0.8570006906986236,0.009215719715427347,Medium,Medium,Medium–Medium,,,0,no STRING match,no STRING match,2473,3016,2,1
4540,fig|6666666.1036479.peg.138,fig|6666666.1036479.peg.2327,0.8570006906986236,0.00921775005684956,Medium,Medium,Medium–Medium,,,0,no STRING match,no STRING match,2473,3016,2,1
4541,fig|6666666.1036479.peg.3231,fig|6666666.1036479.peg.289,0.8569893479347229,0.009219780398271774,Very Low,High,Very Low–High,,Hypothetical protein.,0,no STRING match,secondary STRING hit (STRING protein assigned to a better match),2482,2559,2,1
4542,fig|6666666.1036479.peg.147,fig|6666666.1036479.peg.289,0.8569893479347229,0.009221810739693987,Very Low,High,Very Low–High,,Hypothetical protein.,0,no STRING match,secondary STRING hit (STRING protein assigned to a better match),2482,2559,2,1
4543,fig|6666666.1036479.peg.2517,fig|6666666.1036479.peg.728,0.8569772422313691,0.0092238410811162,Medium,Medium,Medium–Medium,,,0,no STRING match,no STRING match,2279,2639,1,1
4544,fig|6666666.1036479.peg.740,fig|6666666.1036479.peg.1080,0.8569672405719757,0.009225871422538414,Very Low,High,Very Low–High,,,0,no STRING match,no STRING match,2651,2712,1,1
4545,fig|6666666.1036479.peg.3221,fig|6666666.1036479.peg.1966,0.8569532811641694,0.009227901763960628,High,Very Low,Very Low–High,,,0,no STRING match,no STRING match,2472,2946,2,1
4546,fig|6666666.1036479.peg.137,fig|6666666.1036479.peg.1966,0.8569532811641694,0.009229932105382841,High,Very Low,Very Low–High,,,0,no STRING match,no STRING match,2472,2946,2,1
4547,fig|6666666.1036479.peg.740,fig|6666666.1036479.peg.1657,0.8569434702396392,0.009231962446805055,Very Low,Medium,Very Low–Medium,,,0,no STRING match,no STRING match,2651,2883,1,1
4548,fig|6666666.1036479.peg.38,fig|6666666.1036479.peg.89,0.8569335877895355,0.009233992788227268,Low,Very Low,Very Low–Low,,,0,no STRING match,no STRING match,2526,2542,2,1
4549,fig|6666666.1036479.peg.89,fig|6666666.1036479.peg.186,0.8569335877895355,0.009236023129649482,Very Low,Low,Very Low–Low,,,0,no STRING match,no STRING match,2542,2526,1,2
4550,fig|6666666.1036479.peg.2672,fig|6666666.1036479.peg.1983,0.8569298028945923,0.009238053471071695,Medium,Very Low,Very Low–Medium,,,0,no STRING match,no STRING match,2341,2949,1,1
4551,fig|6666666.1036479.peg.740,fig|6666666.1036479.peg.1289,0.8569189727306366,0.009240083812493909,Very Low,Very Low,Very Low–Very Low,,,0,no STRING match,no STRING match,2651,2762,1,1
4552,fig|6666666.1036479.peg.2988,fig|6666666.1036479.peg.2383,0.8569164931774139,0.009242114153916122,Medium,Very Low,Very Low–Medium,Hypothetical protein.,Hypothetical protein.,0,secondary STRING hit (STRING protein assigned to a better match),secondary STRING hit (STRING protein assigned to a better match),2416,3024,1,1
4553,fig|6666666.1036479.peg.889,fig|6666666.1036479.peg.1945,0.8568939566612244,0.009244144495338336,Low,Very Low,Very Low–Low,,,0,no STRING match,no STRING match,2682,2928,1,1
4554,fig|6666666.1036479.peg.1655,fig|6666666.1036479.peg.2455,0.8568681955337525,0.009246174836760549,Medium,Medium,Medium–Medium,,,0,no STRING match,no STRING match,2882,3038,1,1
4555,fig|6666666.1036479.peg.3079,fig|6666666.1036479.peg.866,0.8568614006042481,0.009248205178182763,Very Low,High,Very Low–High,,,0,no STRING match,no STRING match,2442,2667,1,1
4556,fig|6666666.1036479.peg.3231,fig|6666666.1036479.peg.2327,0.8568608820438385,0.009250235519604976,Very Low,Medium,Very Low–Medium,,,0,no STRING match,no STRING match,2482,3016,2,1
4557,fig|6666666.1036479.peg.147,fig|6666666.1036479.peg.2327,0.8568608820438385,0.00925226586102719,Very Low,Medium,Very Low–Medium,,,0,no STRING match,no STRING match,2482,3016,2,1
4558,fig|6666666.1036479.peg.411,fig|6666666.1036479.peg.1207,0.8568569600582123,0.009254296202449403,Low,Low,Low–Low,Hypothetical protein.,,0,secondary STRING hit (STRING protein assigned to a better match),no STRING match,2585,2750,1,1
4559,fig|6666666.1036479.peg.1289,fig|6666666.1036479.peg.1953,0.856838458776474,0.009256326543871617,Very Low,Low,Very Low–Low,,,0,no STRING match,no STRING match,2762,2935,1,1
4560,fig|6666666.1036479.peg.2924,fig|6666666.1036479.peg.1300,0.856828486919403,0.009258356885293832,Very Low,Low,Very Low–Low,,,0,no STRING match,no STRING match,2401,2763,1,1
4561,fig|6666666.1036479.peg.2843,fig|6666666.1036479.peg.1953,0.8568038880825043,0.009260387226716045,Very Low,Low,Very Low–Low,,,0,no STRING match,no STRING match,2370,2935,1,1
4562,fig|6666666.1036479.peg.3184,fig|6666666.1036479.peg.1953,0.8568015396595001,0.009262417568138259,Very Low,Low,Very Low–Low,,,0,no STRING match,no STRING match,2457,2935,1,1
4563,fig|6666666.1036479.peg.3209,fig|6666666.1036479.peg.889,0.8567922651767731,0.009264447909560472,Medium,Low,Low–Medium,,,0,no STRING match,no STRING match,2469,2682,1,1
4564,fig|6666666.1036479.peg.2920,fig|6666666.1036479.peg.942,0.8567891955375672,0.009266478250982686,Very Low,Very Low,Very Low–Very Low,,,0,no STRING match,no STRING match,2397,2691,1,1
4565,fig|6666666.1036479.peg.2948,fig|6666666.1036479.peg.1957,0.8567877471446991,0.0092685085924049,High,Medium,Medium–High,,,0,no STRING match,no STRING match,2410,2939,1,1
4566,fig|6666666.1036479.peg.881,fig|6666666.1036479.peg.1632,0.8567819237709046,0.009270538933827113,High,Very Low,Very Low–High,,,0,no STRING match,no STRING match,2674,2870,1,2
4567,fig|6666666.1036479.peg.881,fig|6666666.1036479.peg.1639,0.8567819237709046,0.009272569275249326,High,Very Low,Very Low–High,,,0,no STRING match,no STRING match,2674,2870,1,2
4568,fig|6666666.1036479.peg.817,fig|6666666.1036479.peg.1308,0.8567817807197571,0.00927459961667154,Low,Medium,Low–Medium,Phospholipid/glycerol acyltransferase; COG4258 Predicted exporter.,,0,secondary STRING hit (STRING protein assigned to a better match),no STRING match,2663,2764,1,1
4569,fig|6666666.1036479.peg.2501,fig|6666666.1036479.peg.2988,0.8567622184753418,0.009276629958093753,High,Medium,Medium–High,,Hypothetical protein.,0,no STRING match,secondary STRING hit (STRING protein assigned to a better match),2265,2416,1,1
4570,fig|6666666.1036479.peg.3020,fig|6666666.1036479.peg.2497,0.8567533135414124,0.009278660299515967,Low,Very Low,Very Low–Low,,,0,no STRING match,no STRING match,2433,3047,1,1
4571,fig|6666666.1036479.peg.866,fig|6666666.1036479.peg.2176,0.8567440211772919,0.00928069064093818,High,Very Low,Very Low–High,,,0,no STRING match,no STRING match,2667,2996,1,1
4572,fig|6666666.1036479.peg.861,fig|6666666.1036479.peg.2156,0.8567438125610352,0.009282720982360394,High,Very Low,Very Low–High,,,0,no STRING match,no STRING match,2665,2977,1,1
4573,fig|6666666.1036479.peg.3191,fig|6666666.1036479.peg.2364,0.8567104876041413,0.009284751323782607,Medium,Medium,Medium–Medium,,,0,no STRING match,no STRING match,2464,3022,1,1
4574,fig|6666666.1036479.peg.2572,fig|6666666.1036479.peg.861,0.8566801309585571,0.009286781665204821,Very Low,High,Very Low–High,Yd repeat protein; COG3209 Rhs family protein.,,0,secondary STRING hit (STRING protein assigned to a better match),no STRING match,2317,2665,1,1
4575,fig|6666666.1036479.peg.3020,fig|6666666.1036479.peg.1,0.8566622495651245,0.009288812006627034,Low,Very Low,Very Low–Low,,,0,no STRING match,no STRING match,2433,2509,1,1
4576,fig|6666666.1036479.peg.3207,fig|6666666.1036479.peg.727,0.856653219461441,0.009290842348049248,Medium,Very Low,Very Low–Medium,,,0,no STRING match,no STRING match,2468,2638,1,1
4577,fig|6666666.1036479.peg.2922,fig|6666666.1036479.peg.370,0.8566463112831115,0.009292872689471461,Very Low,High,Very Low–High,,,0,no STRING match,no STRING match,2399,2579,1,1
4578,fig|6666666.1036479.peg.3107,fig|6666666.1036479.peg.1300,0.8566459774971008,0.009294903030893675,Very Low,Low,Very Low–Low,,,0,no STRING match,no STRING match,2444,2763,1,1
4579,fig|6666666.1036479.peg.3222,fig|6666666.1036479.peg.236,0.8566390872001648,0.009296933372315888,Medium,Very Low,Very Low–Medium,,,0,no STRING match,no STRING match,2473,2552,2,1
4580,fig|6666666.1036479.peg.138,fig|6666666.1036479.peg.236,0.8566390872001648,0.009298963713738102,Medium,Very Low,Very Low–Medium,,,0,no STRING match,no STRING match,2473,2552,2,1
4581,fig|6666666.1036479.peg.3207,fig|6666666.1036479.peg.304,0.8566359043121338,0.009300994055160315,Medium,Medium,Medium–Medium,,,0,no STRING match,no STRING match,2468,2565,1,1
4582,fig|6666666.1036479.peg.2556,fig|6666666.1036479.peg.3184,0.8566088497638702,0.009303024396582529,High,Very Low,Very Low–High,,,0,no STRING match,no STRING match,2306,2457,2,1
4583,fig|6666666.1036479.peg.2564,fig|6666666.1036479.peg.3184,0.8566088497638702,0.009305054738004742,High,Very Low,Very Low–High,,,0,no STRING match,no STRING match,2306,2457,2,1
4584,fig|6666666.1036479.peg.2889,fig|6666666.1036479.peg.1947,0.8566054463386535,0.009307085079426956,Medium,Medium,Medium–Medium,,,0,no STRING match,no STRING match,2388,2930,1,1
4585,fig|6666666.1036479.peg.2988,fig|6666666.1036479.peg.1344,0.856603491306305,0.00930911542084917,Medium,Very Low,Very Low–Medium,Hypothetical protein.,,0,secondary STRING hit (STRING protein assigned to a better match),no STRING match,2416,2782,1,1
4586,fig|6666666.1036479.peg.2672,fig|6666666.1036479.peg.1077,0.8565861284732819,0.009311145762271383,Medium,Low,Low–Medium,,,0,no STRING match,no STRING match,2341,2709,1,1
4587,fig|6666666.1036479.peg.2548,fig|6666666.1036479.peg.722,0.8565831422805786,0.009313176103693597,High,Very Low,Very Low–High,,,0,no STRING match,no STRING match,2298,2633,1,1
4588,fig|6666666.1036479.peg.3010,fig|6666666.1036479.peg.720,0.8565466165542602,0.00931520644511581,Low,High,Low–High,,,0,no STRING match,no STRING match,2425,2631,1,1
4589,fig|6666666.1036479.peg.2504,fig|6666666.1036479.peg.728,0.8565404534339904,0.009317236786538024,Very Low,Medium,Very Low–Medium,,,0,no STRING match,no STRING match,2268,2639,1,1
4590,fig|6666666.1036479.peg.2960,fig|6666666.1036479.peg.1074,0.8565230190753936,0.009319267127960237,Low,High,Low–High,,,0,no STRING match,no STRING match,2412,2706,1,1
4591,fig|6666666.1036479.peg.370,fig|6666666.1036479.peg.1319,0.8565145075321198,0.00932129746938245,High,High,High–High,,,0,no STRING match,no STRING match,2579,2773,1,1
4592,fig|6666666.1036479.peg.2920,fig|6666666.1036479.peg.1943,0.8565080344676972,0.009323327810804666,Very Low,Medium,Very Low–Medium,,COG3103 SH3 domain protein.,0,no STRING match,secondary STRING hit (STRING protein assigned to a better match),2397,2926,1,1
4593,fig|6666666.1036479.peg.2540,fig|6666666.1036479.peg.866,0.856505936384201,0.00932535815222688,Medium,High,Medium–High,,,0,no STRING match,no STRING match,2290,2667,1,1
4594,fig|6666666.1036479.peg.1344,fig|6666666.1036479.peg.2364,0.8565045952796936,0.009327388493649093,Very Low,Medium,Very Low–Medium,,,0,no STRING match,no STRING match,2782,3022,1,1
4595,fig|6666666.1036479.peg.2843,fig|6666666.1036479.peg.2093,0.8565004527568817,0.009329418835071306,Very Low,Medium,Very Low–Medium,,,0,no STRING match,no STRING match,2370,2955,1,1
4596,fig|6666666.1036479.peg.720,fig|6666666.1036479.peg.1410,0.8564995229244232,0.00933144917649352,High,Medium,Medium–High,,,0,no STRING match,no STRING match,2631,2813,1,1
4597,fig|6666666.1036479.peg.2504,fig|6666666.1036479.peg.2506,0.8564924955368042,0.009333479517915733,Very Low,Very Low,Very Low–Very Low,,,0,no STRING match,no STRING match,2268,2270,1,6
4598,fig|6666666.1036479.peg.2504,fig|6666666.1036479.peg.2516,0.8564924955368042,0.009335509859337947,Very Low,Very Low,Very Low–Very Low,,,0,no STRING match,no STRING match,2268,2270,1,6
4599,fig|6666666.1036479.peg.2504,fig|6666666.1036479.peg.2522,0.8564924955368042,0.00933754020076016,Very Low,Very Low,Very Low–Very Low,,,0,no STRING match,no STRING match,2268,2270,1,6
4600,fig|6666666.1036479.peg.2504,fig|6666666.1036479.peg.974,0.8564924955368042,0.009339570542182374,Very Low,Very Low,Very Low–Very Low,,,0,no STRING match,no STRING match,2268,2270,1,6
4601,fig|6666666.1036479.peg.2504,fig|6666666.1036479.peg.979,0.8564924955368042,0.009341600883604587,Very Low,Very Low,Very Low–Very Low,,,0,no STRING match,no STRING match,2268,2270,1,6
4602,fig|6666666.1036479.peg.2504,fig|6666666.1036479.peg.2491,0.8564924955368042,0.0093436312250268,Very Low,Very Low,Very Low–Very Low,,,0,no STRING match,no STRING match,2268,2270,1,6
4603,fig|6666666.1036479.peg.2623,fig|6666666.1036479.peg.3017,0.856487512588501,0.009345661566449014,Very Low,Medium,Very Low–Medium,,,0,no STRING match,no STRING match,2333,2430,1,1
4604,fig|6666666.1036479.peg.2761,fig|6666666.1036479.peg.3207,0.856486439704895,0.009347691907871228,Low,Medium,Low–Medium,,,0,no STRING match,no STRING match,2352,2468,1,1
4605,fig|6666666.1036479.peg.3207,fig|6666666.1036479.peg.2385,0.8564640045166015,0.009349722249293441,Medium,Medium,Medium–Medium,,,0,no STRING match,no STRING match,2468,3026,1,1
4606,fig|6666666.1036479.peg.2920,fig|6666666.1036479.peg.2405,0.856447434425354,0.009351752590715655,Very Low,Medium,Very Low–Medium,,Hypothetical protein; COG0605 Superoxide dismutase.,0,no STRING match,secondary STRING hit (STRING protein assigned to a better match),2397,3029,1,1
4607,fig|6666666.1036479.peg.411,fig|6666666.1036479.peg.2289,0.8564451515674592,0.009353782932137868,Low,Very Low,Very Low–Low,Hypothetical protein.,,0,secondary STRING hit (STRING protein assigned to a better match),no STRING match,2585,3006,1,1
4608,fig|6666666.1036479.peg.714,fig|6666666.1036479.peg.866,0.8564392626285553,0.009355813273560082,Low,High,Low–High,,,0,no STRING match,no STRING match,2627,2667,1,1
4609,fig|6666666.1036479.peg.1300,fig|6666666.1036479.peg.1706,0.8564375817775727,0.009357843614982295,Low,Very Low,Very Low–Low,,,0,no STRING match,no STRING match,2763,2886,1,1
4610,fig|6666666.1036479.peg.861,fig|6666666.1036479.peg.1431,0.8564228117465973,0.009359873956404509,High,Very Low,Very Low–High,,,0,no STRING match,no STRING match,2665,2820,1,1
4611,fig|6666666.1036479.peg.2556,fig|6666666.1036479.peg.2960,0.8564209103584289,0.009361904297826722,High,Low,Low–High,,,0,no STRING match,no STRING match,2306,2412,2,1
4612,fig|6666666.1036479.peg.2564,fig|6666666.1036479.peg.2960,0.8564209103584289,0.009363934639248936,High,Low,Low–High,,,0,no STRING match,no STRING match,2306,2412,2,1
4613,fig|6666666.1036479.peg.3078,fig|6666666.1036479.peg.861,0.85640829205513,0.00936596498067115,Medium,High,Medium–High,,,0,no STRING match,no STRING match,2441,2665,1,1
4614,fig|6666666.1036479.peg.3184,fig|6666666.1036479.peg.2093,0.8564068615436554,0.009367995322093363,Very Low,Medium,Very Low–Medium,,,0,no STRING match,no STRING match,2457,2955,1,1
4615,fig|6666666.1036479.peg.861,fig|6666666.1036479.peg.1357,0.8563843905925751,0.009370025663515576,High,Medium,Medium–High,,,0,no STRING match,no STRING match,2665,2793,1,1
4616,fig|6666666.1036479.peg.2548,fig|6666666.1036479.peg.2704,0.8563808679580689,0.00937205600493779,High,Medium,Medium–High,,,0,no STRING match,no STRING match,2298,2345,1,1
4617,fig|6666666.1036479.peg.1657,fig|6666666.1036479.peg.2405,0.8563778221607208,0.009374086346360003,Medium,Medium,Medium–Medium,,Hypothetical protein; COG0605 Superoxide dismutase.,0,no STRING match,secondary STRING hit (STRING protein assigned to a better match),2883,3029,1,1
4618,fig|6666666.1036479.peg.866,fig|6666666.1036479.peg.2382,0.856371945142746,0.009376116687782217,High,Very Low,Very Low–High,,Rhs element Vgr protein; COG3501 Uncharacterized protein conserved in bacteria.,0,no STRING match,secondary STRING hit (STRING protein assigned to a better match),2667,3023,1,1
4619,fig|6666666.1036479.peg.3010,fig|6666666.1036479.peg.889,0.8563382029533386,0.00937814702920443,Low,Low,Low–Low,,,0,no STRING match,no STRING match,2425,2682,1,1
4620,fig|6666666.1036479.peg.3015,fig|6666666.1036479.peg.38,0.8563363313674927,0.009380177370626644,Low,Low,Low–Low,,,0,no STRING match,no STRING match,2428,2526,1,2
4621,fig|6666666.1036479.peg.3015,fig|6666666.1036479.peg.186,0.8563363313674927,0.009382207712048857,Low,Low,Low–Low,,,0,no STRING match,no STRING match,2428,2526,1,2
4622,fig|6666666.1036479.peg.1410,fig|6666666.1036479.peg.2114,0.856326299905777,0.009384238053471071,Medium,Very Low,Very Low–Medium,,"COG1629 Outer membrane receptor proteins, mostly Fe transport.",0,no STRING match,secondary STRING hit (STRING protein assigned to a better match),2813,2964,1,1
4623,fig|6666666.1036479.peg.889,fig|6666666.1036479.peg.1946,0.8563221216201782,0.009386268394893284,Low,Medium,Low–Medium,,,0,no STRING match,no STRING match,2682,2929,1,1
4624,fig|6666666.1036479.peg.3010,fig|6666666.1036479.peg.3254,0.8563212215900421,0.0093882987363155,Low,High,Low–High,,,0,no STRING match,no STRING match,2425,2505,1,3
4625,fig|6666666.1036479.peg.3010,fig|6666666.1036479.peg.22,0.8563212215900421,0.009390329077737713,Low,High,Low–High,,,0,no STRING match,no STRING match,2425,2505,1,3
4626,fig|6666666.1036479.peg.3010,fig|6666666.1036479.peg.170,0.8563212215900421,0.009392359419159927,Low,High,Low–High,,,0,no STRING match,no STRING match,2425,2505,1,3
4627,fig|6666666.1036479.peg.3183,fig|6666666.1036479.peg.2348,0.8563199758529663,0.00939438976058214,Very Low,High,Very Low–High,,,0,no STRING match,no STRING match,2456,3019,1,1
4628,fig|6666666.1036479.peg.2924,fig|6666666.1036479.peg.1946,0.8563054084777832,0.009396420102004354,Very Low,Medium,Very Low–Medium,,,0,no STRING match,no STRING match,2401,2929,1,1
4629,fig|6666666.1036479.peg.3207,fig|6666666.1036479.peg.2382,0.8562900304794312,0.009398450443426567,Medium,Very Low,Very Low–Medium,,Rhs element Vgr protein; COG3501 Uncharacterized protein conserved in bacteria.,0,no STRING match,secondary STRING hit (STRING protein assigned to a better match),2468,3023,1,1
4630,fig|6666666.1036479.peg.3017,fig|6666666.1036479.peg.3222,0.8562895476818084,0.00940048078484878,Medium,Medium,Medium–Medium,,,0,no STRING match,no STRING match,2430,2473,1,2
4631,fig|6666666.1036479.peg.3017,fig|6666666.1036479.peg.138,0.8562895476818084,0.009402511126270994,Medium,Medium,Medium–Medium,,,0,no STRING match,no STRING match,2430,2473,1,2
4632,fig|6666666.1036479.peg.2672,fig|6666666.1036479.peg.2163,0.8562785446643829,0.009404541467693208,Medium,Very Low,Very Low–Medium,,,0,no STRING match,no STRING match,2341,2984,1,1
4633,fig|6666666.1036479.peg.2541,fig|6666666.1036479.peg.866,0.8562638521194458,0.009406571809115421,Very Low,High,Very Low–High,,,0,no STRING match,no STRING match,2291,2667,1,1
4634,fig|6666666.1036479.peg.3020,fig|6666666.1036479.peg.731,0.8562545061111451,0.009408602150537635,Low,Low,Low–Low,,,0,no STRING match,no STRING match,2433,2642,1,1
4635,fig|6666666.1036479.peg.2571,fig|6666666.1036479.peg.1300,0.8562472760677338,0.009410632491959848,Medium,Low,Low–Medium,,,0,no STRING match,no STRING match,2316,2763,1,1
4636,fig|6666666.1036479.peg.861,fig|6666666.1036479.peg.2172,0.8562417209148407,0.009412662833382062,High,Very Low,Very Low–High,,,0,no STRING match,no STRING match,2665,2992,1,1
4637,fig|6666666.1036479.peg.3182,fig|6666666.1036479.peg.411,0.8562207996845246,0.009414693174804275,Very Low,Low,Very Low–Low,Rhs element Vgr protein; COG3501 Uncharacterized protein conserved in bacteria.,Hypothetical protein.,0,secondary STRING hit (STRING protein assigned to a better match),secondary STRING hit (STRING protein assigned to a better match),2455,2585,1,1
4638,fig|6666666.1036479.peg.2843,fig|6666666.1036479.peg.1300,0.856218695640564,0.009416723516226489,Very Low,Low,Very Low–Low,,,0,no STRING match,no STRING match,2370,2763,1,1
4639,fig|6666666.1036479.peg.3207,fig|6666666.1036479.peg.1447,0.8562185585498809,0.009418753857648702,Medium,Low,Low–Medium,,,0,no STRING match,no STRING match,2468,2821,1,1
4640,fig|6666666.1036479.peg.2548,fig|6666666.1036479.peg.1077,0.8562180697917938,0.009420784199070916,High,Low,Low–High,,,0,no STRING match,no STRING match,2298,2709,1,1
4641,fig|6666666.1036479.peg.2924,fig|6666666.1036479.peg.2455,0.8562138319015503,0.00942281454049313,Very Low,Medium,Very Low–Medium,,,0,no STRING match,no STRING match,2401,3038,1,1
4642,fig|6666666.1036479.peg.370,fig|6666666.1036479.peg.1941,0.8562099158763885,0.009424844881915343,High,Medium,Medium–High,,,0,no STRING match,no STRING match,2579,2924,1,1
4643,fig|6666666.1036479.peg.2679,fig|6666666.1036479.peg.1566,0.8562022566795349,0.009426875223337556,Medium,High,Medium–High,,,0,no STRING match,no STRING match,2342,2838,1,1
4644,fig|6666666.1036479.peg.3077,fig|6666666.1036479.peg.728,0.8561973750591279,0.00942890556475977,Medium,Medium,Medium–Medium,,,0,no STRING match,no STRING match,2440,2639,1,1
4645,fig|6666666.1036479.peg.3207,fig|6666666.1036479.peg.281,0.8561695337295532,0.009430935906181983,Medium,Very Low,Very Low–Medium,,,0,no STRING match,no STRING match,2468,2558,1,1
4646,fig|6666666.1036479.peg.3008,fig|6666666.1036479.peg.723,0.856138551235199,0.009432966247604197,Medium,High,Medium–High,,,0,no STRING match,no STRING match,2423,2634,1,1
4647,fig|6666666.1036479.peg.2548,fig|6666666.1036479.peg.2928,0.8561359286308289,0.00943499658902641,High,Very Low,Very Low–High,,,0,no STRING match,no STRING match,2298,2403,1,1
4648,fig|6666666.1036479.peg.866,fig|6666666.1036479.peg.1122,0.8561347305774689,0.009437026930448624,High,Very Low,Very Low–High,,,0,no STRING match,no STRING match,2667,2738,1,1
4649,fig|6666666.1036479.peg.2623,fig|6666666.1036479.peg.1080,0.8561327695846558,0.009439057271870837,Very Low,High,Very Low–High,,,0,no STRING match,no STRING match,2333,2712,1,1
4650,fig|6666666.1036479.peg.3020,fig|6666666.1036479.peg.1706,0.8561248481273651,0.00944108761329305,Low,Very Low,Very Low–Low,,,0,no STRING match,no STRING match,2433,2886,1,1
4651,fig|6666666.1036479.peg.1785,fig|6666666.1036479.peg.1947,0.8561232388019562,0.009443117954715264,Very Low,Medium,Very Low–Medium,,,0,no STRING match,no STRING match,2898,2930,1,1
4652,fig|6666666.1036479.peg.2839,fig|6666666.1036479.peg.1947,0.8561208069324493,0.009445148296137478,Very Low,Medium,Very Low–Medium,,,0,no STRING match,no STRING match,2368,2930,1,1
4653,fig|6666666.1036479.peg.2510,fig|6666666.1036479.peg.728,0.856116795539856,0.009447178637559691,Very Low,Medium,Very Low–Medium,,,0,no STRING match,no STRING match,2274,2639,12,1
4654,fig|6666666.1036479.peg.2527,fig|6666666.1036479.peg.728,0.856116795539856,0.009449208978981905,Very Low,Medium,Very Low–Medium,,,0,no STRING match,no STRING match,2274,2639,12,1
4655,fig|6666666.1036479.peg.2531,fig|6666666.1036479.peg.728,0.856116795539856,0.009451239320404118,Very Low,Medium,Very Low–Medium,,,0,no STRING match,no STRING match,2274,2639,12,1
4656,fig|6666666.1036479.peg.3174,fig|6666666.1036479.peg.728,0.856116795539856,0.009453269661826334,Very Low,Medium,Very Low–Medium,,,0,no STRING match,no STRING match,2274,2639,12,1
4657,fig|6666666.1036479.peg.728,fig|6666666.1036479.peg.970,0.856116795539856,0.009455300003248547,Medium,Very Low,Very Low–Medium,,,0,no STRING match,no STRING match,2639,2274,1,12
4658,fig|6666666.1036479.peg.728,fig|6666666.1036479.peg.975,0.856116795539856,0.00945733034467076,Medium,Very Low,Very Low–Medium,,,0,no STRING match,no STRING match,2639,2274,1,12
4659,fig|6666666.1036479.peg.728,fig|6666666.1036479.peg.980,0.856116795539856,0.009459360686092974,Medium,Very Low,Very Low–Medium,,,0,no STRING match,no STRING match,2639,2274,1,12
4660,fig|6666666.1036479.peg.728,fig|6666666.1036479.peg.984,0.856116795539856,0.009461391027515188,Medium,Very Low,Very Low–Medium,,,0,no STRING match,no STRING match,2639,2274,1,12
4661,fig|6666666.1036479.peg.728,fig|6666666.1036479.peg.988,0.856116795539856,0.009463421368937401,Medium,Very Low,Very Low–Medium,,,0,no STRING match,no STRING match,2639,2274,1,12
4662,fig|6666666.1036479.peg.728,fig|6666666.1036479.peg.2490,0.856116795539856,0.009465451710359615,Medium,Very Low,Very Low–Medium,,,0,no STRING match,no STRING match,2639,2274,1,12
4663,fig|6666666.1036479.peg.728,fig|6666666.1036479.peg.2495,0.856116795539856,0.009467482051781828,Medium,Very Low,Very Low–Medium,,,0,no STRING match,no STRING match,2639,2274,1,12
4664,fig|6666666.1036479.peg.728,fig|6666666.1036479.peg.2499,0.856116795539856,0.009469512393204042,Medium,Very Low,Very Low–Medium,,,0,no STRING match,no STRING match,2639,2274,1,12
4665,fig|6666666.1036479.peg.2556,fig|6666666.1036479.peg.889,0.8561109244823456,0.009471542734626255,High,Low,Low–High,,,0,no STRING match,no STRING match,2306,2682,2,1
4666,fig|6666666.1036479.peg.2564,fig|6666666.1036479.peg.889,0.8561109244823456,0.009473573076048469,High,Low,Low–High,,,0,no STRING match,no STRING match,2306,2682,2,1
4667,fig|6666666.1036479.peg.889,fig|6666666.1036479.peg.2114,0.8560927450656891,0.009475603417470682,Low,Very Low,Very Low–Low,,"COG1629 Outer membrane receptor proteins, mostly Fe transport.",0,no STRING match,secondary STRING hit (STRING protein assigned to a better match),2682,2964,1,1
4668,fig|6666666.1036479.peg.2843,fig|6666666.1036479.peg.1409,0.8560867965221405,0.009477633758892896,Very Low,Medium,Very Low–Medium,,,0,no STRING match,no STRING match,2370,2812,1,1
4669,fig|6666666.1036479.peg.36,fig|6666666.1036479.peg.1945,0.8560777842998505,0.00947966410031511,Medium,Very Low,Very Low–Medium,,,0,no STRING match,no STRING match,2524,2928,2,1
4670,fig|6666666.1036479.peg.184,fig|6666666.1036479.peg.1945,0.8560777842998505,0.009481694441737323,Medium,Very Low,Very Low–Medium,,,0,no STRING match,no STRING match,2524,2928,2,1
4671,fig|6666666.1036479.peg.861,fig|6666666.1036479.peg.1983,0.856077003479004,0.009483724783159536,High,Very Low,Very Low–High,,,0,no STRING match,no STRING match,2665,2949,1,1
4672,fig|6666666.1036479.peg.2891,fig|6666666.1036479.peg.881,0.8560634315013885,0.00948575512458175,Medium,High,Medium–High,,,0,no STRING match,no STRING match,2390,2674,1,1
4673,fig|6666666.1036479.peg.2891,fig|6666666.1036479.peg.3222,0.8560611248016358,0.009487785466003963,Medium,Medium,Medium–Medium,,,0,no STRING match,no STRING match,2390,2473,1,2
4674,fig|6666666.1036479.peg.2891,fig|6666666.1036479.peg.138,0.8560611248016358,0.009489815807426177,Medium,Medium,Medium–Medium,,,0,no STRING match,no STRING match,2390,2473,1,2
4675,fig|6666666.1036479.peg.3017,fig|6666666.1036479.peg.3188,0.856059730052948,0.00949184614884839,Medium,Medium,Medium–Medium,,,0,no STRING match,no STRING match,2430,2461,1,1
4676,fig|6666666.1036479.peg.2761,fig|6666666.1036479.peg.370,0.856036925315857,0.009493876490270604,Low,High,Low–High,,,0,no STRING match,no STRING match,2352,2579,1,1
4677,fig|6666666.1036479.peg.725,fig|6666666.1036479.peg.1943,0.856032770872116,0.009495906831692817,Very Low,Medium,Very Low–Medium,,COG3103 SH3 domain protein.,0,no STRING match,secondary STRING hit (STRING protein assigned to a better match),2636,2926,1,1
4678,fig|6666666.1036479.peg.3223,fig|6666666.1036479.peg.1657,0.8560315489768981,0.00949793717311503,High,Medium,Medium–High,,,0,no STRING match,no STRING match,2474,2883,2,1
4679,fig|6666666.1036479.peg.139,fig|6666666.1036479.peg.1657,0.8560315489768981,0.009499967514537244,High,Medium,Medium–High,,,0,no STRING match,no STRING match,2474,2883,2,1
4680,fig|6666666.1036479.peg.1410,fig|6666666.1036479.peg.1953,0.856018579006195,0.009501997855959458,Medium,Low,Low–Medium,,,0,no STRING match,no STRING match,2813,2935,1,1
4681,fig|6666666.1036479.peg.1649,fig|6666666.1036479.peg.1947,0.8560022652149201,0.009504028197381671,Very Low,Medium,Very Low–Medium,YD repeat-containing protein; COG3209 Rhs family protein.,,0,secondary STRING hit (STRING protein assigned to a better match),no STRING match,2879,2930,1,1
4682,fig|6666666.1036479.peg.2501,fig|6666666.1036479.peg.2547,0.8560008823871612,0.009506058538803885,High,Medium,Medium–High,,,0,no STRING match,no STRING match,2265,2297,1,1
4683,fig|6666666.1036479.peg.861,fig|6666666.1036479.peg.1348,0.855999618768692,0.009508088880226098,High,Medium,Medium–High,,,0,no STRING match,no STRING match,2665,2786,1,1
4684,fig|6666666.1036479.peg.1947,fig|6666666.1036479.peg.2104,0.8559934973716736,0.009510119221648312,Medium,High,Medium–High,,,0,no STRING match,no STRING match,2930,2958,1,1
4685,fig|6666666.1036479.peg.725,fig|6666666.1036479.peg.942,0.8559925198554993,0.009512149563070525,Very Low,Very Low,Very Low–Very Low,,,0,no STRING match,no STRING match,2636,2691,1,1
4686,fig|6666666.1036479.peg.36,fig|6666666.1036479.peg.2114,0.8559907913208008,0.009514179904492739,Medium,Very Low,Very Low–Medium,,"COG1629 Outer membrane receptor proteins, mostly Fe transport.",0,no STRING match,secondary STRING hit (STRING protein assigned to a better match),2524,2964,2,1
4687,fig|6666666.1036479.peg.184,fig|6666666.1036479.peg.2114,0.8559907913208008,0.009516210245914952,Medium,Very Low,Very Low–Medium,,"COG1629 Outer membrane receptor proteins, mostly Fe transport.",0,no STRING match,secondary STRING hit (STRING protein assigned to a better match),2524,2964,2,1
4688,fig|6666666.1036479.peg.3008,fig|6666666.1036479.peg.2093,0.8559839010238648,0.009518240587337167,Medium,Medium,Medium–Medium,,,0,no STRING match,no STRING match,2423,2955,1,1
4689,fig|6666666.1036479.peg.3254,fig|6666666.1036479.peg.1409,0.8559829890727997,0.009520270928759381,High,Medium,Medium–High,,,0,no STRING match,no STRING match,2505,2812,3,1
4690,fig|6666666.1036479.peg.22,fig|6666666.1036479.peg.1409,0.8559829890727997,0.009522301270181594,High,Medium,Medium–High,,,0,no STRING match,no STRING match,2505,2812,3,1
4691,fig|6666666.1036479.peg.170,fig|6666666.1036479.peg.1409,0.8559829890727997,0.009524331611603808,High,Medium,Medium–High,,,0,no STRING match,no STRING match,2505,2812,3,1
4692,fig|6666666.1036479.peg.2539,fig|6666666.1036479.peg.573,0.8559726238250732,0.009526361953026021,Low,Very Low,Very Low–Low,,Hypothetical protein.,0,no STRING match,secondary STRING hit (STRING protein assigned to a better match),2289,2601,1,1
4693,fig|6666666.1036479.peg.2158,fig|6666666.1036479.peg.2348,0.8559675216674805,0.009528392294448235,Very Low,High,Very Low–High,,,0,no STRING match,no STRING match,2979,3019,1,1
4694,fig|6666666.1036479.peg.2920,fig|6666666.1036479.peg.1962,0.8559411227703094,0.009530422635870449,Very Low,Medium,Very Low–Medium,,,0,no STRING match,no STRING match,2397,2944,1,1
4695,fig|6666666.1036479.peg.411,fig|6666666.1036479.peg.1343,0.8559337675571441,0.009532452977292662,Low,Very Low,Very Low–Low,Hypothetical protein.,,0,secondary STRING hit (STRING protein assigned to a better match),no STRING match,2585,2781,1,1
4696,fig|6666666.1036479.peg.724,fig|6666666.1036479.peg.1308,0.8559327960014343,0.009534483318714876,Medium,Medium,Medium–Medium,,,0,no STRING match,no STRING match,2635,2764,1,1
4697,fig|6666666.1036479.peg.2672,fig|6666666.1036479.peg.1357,0.8559327602386475,0.009536513660137089,Medium,Medium,Medium–Medium,,,0,no STRING match,no STRING match,2341,2793,1,1
4698,fig|6666666.1036479.peg.411,fig|6666666.1036479.peg.2176,0.8559142291545868,0.009538544001559303,Low,Very Low,Very Low–Low,Hypothetical protein.,,0,secondary STRING hit (STRING protein assigned to a better match),no STRING match,2585,2996,1,1
4699,fig|6666666.1036479.peg.2672,fig|6666666.1036479.peg.1114,0.8559126853942871,0.009540574342981516,Medium,Very Low,Very Low–Medium,,,0,no STRING match,no STRING match,2341,2730,1,1
4700,fig|6666666.1036479.peg.1946,fig|6666666.1036479.peg.1953,0.8559110522270202,0.00954260468440373,Medium,Low,Low–Medium,,,0,no STRING match,no STRING match,2929,2935,1,1
4701,fig|6666666.1036479.peg.3207,fig|6666666.1036479.peg.1118,0.8559049963951111,0.009544635025825943,Medium,Very Low,Very Low–Medium,,,0,no STRING match,no STRING match,2468,2734,1,1
4702,fig|6666666.1036479.peg.2987,fig|6666666.1036479.peg.728,0.8558984696865082,0.009546665367248157,Very Low,Medium,Very Low–Medium,,,0,no STRING match,no STRING match,2415,2639,1,1
4703,fig|6666666.1036479.peg.1308,fig|6666666.1036479.peg.1566,0.8558876872062683,0.00954869570867037,Medium,High,Medium–High,,,0,no STRING match,no STRING match,2764,2838,1,1
4704,fig|6666666.1036479.peg.2548,fig|6666666.1036479.peg.1582,0.8558838963508606,0.009550726050092584,High,Very Low,Very Low–High,,YD repeat-containing protein; COG3209 Rhs family protein.,0,no STRING match,secondary STRING hit (STRING protein assigned to a better match),2298,2850,1,1
4705,fig|6666666.1036479.peg.1117,fig|6666666.1036479.peg.2348,0.8558672964572906,0.009552756391514797,Very Low,High,Very Low–High,,,0,no STRING match,no STRING match,2733,3019,1,1
4706,fig|6666666.1036479.peg.3184,fig|6666666.1036479.peg.723,0.8558658182621002,0.00955478673293701,Very Low,High,Very Low–High,,,0,no STRING match,no STRING match,2457,2634,1,1
4707,fig|6666666.1036479.peg.2514,fig|6666666.1036479.peg.2348,0.8558571636676788,0.009556817074359224,Very Low,High,Very Low–High,,,0,no STRING match,no STRING match,2277,3019,1,1
4708,fig|6666666.1036479.peg.732,fig|6666666.1036479.peg.1300,0.8558543205261231,0.009558847415781438,Medium,Low,Low–Medium,,,0,no STRING match,no STRING match,2643,2763,1,1
4709,fig|6666666.1036479.peg.3011,fig|6666666.1036479.peg.881,0.8558527112007142,0.009560877757203651,High,High,High–High,,,0,no STRING match,no STRING match,2426,2674,1,1
4710,fig|6666666.1036479.peg.573,fig|6666666.1036479.peg.732,0.8558243155479431,0.009562908098625865,Very Low,Medium,Very Low–Medium,Hypothetical protein.,,0,secondary STRING hit (STRING protein assigned to a better match),no STRING match,2601,2643,1,1
4711,fig|6666666.1036479.peg.2704,fig|6666666.1036479.peg.861,0.8558187782764435,0.009564938440048078,Medium,High,Medium–High,,,0,no STRING match,no STRING match,2345,2665,1,1
4712,fig|6666666.1036479.peg.2506,fig|6666666.1036479.peg.2364,0.8557927250862122,0.009566968781470292,Very Low,Medium,Very Low–Medium,,,0,no STRING match,no STRING match,2270,3022,6,1
4713,fig|6666666.1036479.peg.2516,fig|6666666.1036479.peg.2364,0.8557927250862122,0.009568999122892505,Very Low,Medium,Very Low–Medium,,,0,no STRING match,no STRING match,2270,3022,6,1
4714,fig|6666666.1036479.peg.2522,fig|6666666.1036479.peg.2364,0.8557927250862122,0.009571029464314719,Very Low,Medium,Very Low–Medium,,,0,no STRING match,no STRING match,2270,3022,6,1
4715,fig|6666666.1036479.peg.974,fig|6666666.1036479.peg.2364,0.8557927250862122,0.009573059805736932,Very Low,Medium,Very Low–Medium,,,0,no STRING match,no STRING match,2270,3022,6,1
4716,fig|6666666.1036479.peg.979,fig|6666666.1036479.peg.2364,0.8557927250862122,0.009575090147159146,Very Low,Medium,Very Low–Medium,,,0,no STRING match,no STRING match,2270,3022,6,1
4717,fig|6666666.1036479.peg.2364,fig|6666666.1036479.peg.2491,0.8557927250862122,0.009577120488581359,Medium,Very Low,Very Low–Medium,,,0,no STRING match,no STRING match,3022,2270,1,6
4718,fig|6666666.1036479.peg.38,fig|6666666.1036479.peg.1617,0.8557807505130768,0.009579150830003573,Low,Low,Low–Low,,,0,no STRING match,no STRING match,2526,2864,2,2
4719,fig|6666666.1036479.peg.38,fig|6666666.1036479.peg.1625,0.8557807505130768,0.009581181171425786,Low,Low,Low–Low,,,0,no STRING match,no STRING match,2526,2864,2,2
4720,fig|6666666.1036479.peg.186,fig|6666666.1036479.peg.1617,0.8557807505130768,0.009583211512848001,Low,Low,Low–Low,,,0,no STRING match,no STRING match,2526,2864,2,2
4721,fig|6666666.1036479.peg.186,fig|6666666.1036479.peg.1625,0.8557807505130768,0.009585241854270215,Low,Low,Low–Low,,,0,no STRING match,no STRING match,2526,2864,2,2
4722,fig|6666666.1036479.peg.866,fig|6666666.1036479.peg.1604,0.8557695627212525,0.009587272195692428,High,Very Low,Very Low–High,,YD repeat-containing protein; COG3209 Rhs family protein.,0,no STRING match,secondary STRING hit (STRING protein assigned to a better match),2667,2862,1,2
4723,fig|6666666.1036479.peg.866,fig|6666666.1036479.peg.1611,0.8557695627212525,0.009589302537114642,High,Very Low,Very Low–High,,YD repeat-containing protein; COG3209 Rhs family protein.,0,no STRING match,secondary STRING hit (STRING protein assigned to a better match),2667,2862,1,2
4724,fig|6666666.1036479.peg.2539,fig|6666666.1036479.peg.2988,0.8557635545730591,0.009591332878536855,Low,Medium,Low–Medium,,Hypothetical protein.,0,no STRING match,secondary STRING hit (STRING protein assigned to a better match),2289,2416,1,1
4725,fig|6666666.1036479.peg.724,fig|6666666.1036479.peg.881,0.8557565748691559,0.009593363219959069,Medium,High,Medium–High,,,0,no STRING match,no STRING match,2635,2674,1,1
4726,fig|6666666.1036479.peg.2761,fig|6666666.1036479.peg.866,0.8557366311550141,0.009595393561381282,Low,High,Low–High,,,0,no STRING match,no STRING match,2352,2667,1,1
4727,fig|6666666.1036479.peg.2523,fig|6666666.1036479.peg.2920,0.8557331502437592,0.009597423902803496,Low,Very Low,Very Low–Low,,,0,no STRING match,no STRING match,2282,2397,1,1
4728,fig|6666666.1036479.peg.3008,fig|6666666.1036479.peg.3209,0.8557327032089234,0.00959945424422571,Medium,Medium,Medium–Medium,,,0,no STRING match,no STRING match,2423,2469,1,1
4729,fig|6666666.1036479.peg.2960,fig|6666666.1036479.peg.3015,0.8557289481163025,0.009601484585647923,Low,Low,Low–Low,,,0,no STRING match,no STRING match,2412,2428,1,1
4730,fig|6666666.1036479.peg.2548,fig|6666666.1036479.peg.453,0.8557284295558929,0.009603514927070136,High,Very Low,Very Low–High,,,0,no STRING match,no STRING match,2298,2592,1,1
4731,fig|6666666.1036479.peg.2922,fig|6666666.1036479.peg.411,0.8557260155677795,0.00960554526849235,Very Low,Low,Very Low–Low,,Hypothetical protein.,0,no STRING match,secondary STRING hit (STRING protein assigned to a better match),2399,2585,1,1
4732,fig|6666666.1036479.peg.3222,fig|6666666.1036479.peg.1265,0.8557209730148315,0.009607575609914563,Medium,Low,Low–Medium,,,0,no STRING match,no STRING match,2473,2760,2,1
4733,fig|6666666.1036479.peg.138,fig|6666666.1036479.peg.1265,0.8557209730148315,0.009609605951336777,Medium,Low,Low–Medium,,,0,no STRING match,no STRING match,2473,2760,2,1
4734,fig|6666666.1036479.peg.1300,fig|6666666.1036479.peg.2093,0.8557177901268005,0.00961163629275899,Low,Medium,Low–Medium,,,0,no STRING match,no STRING match,2763,2955,1,1
4735,fig|6666666.1036479.peg.2672,fig|6666666.1036479.peg.1850,0.8557133078575134,0.009613666634181204,Medium,Very Low,Very Low–Medium,,,0,no STRING match,no STRING match,2341,2907,1,1
4736,fig|6666666.1036479.peg.38,fig|6666666.1036479.peg.2114,0.8557064294815063,0.009615696975603417,Low,Very Low,Very Low–Low,,"COG1629 Outer membrane receptor proteins, mostly Fe transport.",0,no STRING match,secondary STRING hit (STRING protein assigned to a better match),2526,2964,2,1
4737,fig|6666666.1036479.peg.186,fig|6666666.1036479.peg.2114,0.8557064294815063,0.009617727317025631,Low,Very Low,Very Low–Low,,"COG1629 Outer membrane receptor proteins, mostly Fe transport.",0,no STRING match,secondary STRING hit (STRING protein assigned to a better match),2526,2964,2,1
4738,fig|6666666.1036479.peg.3142,fig|6666666.1036479.peg.728,0.8556938588619232,0.009619757658447844,Low,Medium,Low–Medium,,,0,no STRING match,no STRING match,2448,2639,1,1
4739,fig|6666666.1036479.peg.3017,fig|6666666.1036479.peg.1945,0.8556504428386689,0.009621787999870058,Medium,Very Low,Very Low–Medium,,,0,no STRING match,no STRING match,2430,2928,1,1
4740,fig|6666666.1036479.peg.2548,fig|6666666.1036479.peg.2551,0.8555989861488342,0.009623818341292271,High,Very Low,Very Low–High,,,0,no STRING match,no STRING match,2298,2301,1,1
4741,fig|6666666.1036479.peg.370,fig|6666666.1036479.peg.1496,0.8555855572223663,0.009625848682714485,High,Very Low,Very Low–High,,,0,no STRING match,no STRING match,2579,2826,1,1
4742,fig|6666666.1036479.peg.3017,fig|6666666.1036479.peg.2114,0.855584591627121,0.009627879024136698,Medium,Very Low,Very Low–Medium,,"COG1629 Outer membrane receptor proteins, mostly Fe transport.",0,no STRING match,secondary STRING hit (STRING protein assigned to a better match),2430,2964,1,1
4743,fig|6666666.1036479.peg.723,fig|6666666.1036479.peg.1946,0.8555731892585754,0.009629909365558912,High,Medium,Medium–High,,,0,no STRING match,no STRING match,2634,2929,1,1
4744,fig|6666666.1036479.peg.2960,fig|6666666.1036479.peg.89,0.8555658280849456,0.009631939706981126,Low,Very Low,Very Low–Low,,,0,no STRING match,no STRING match,2412,2542,1,1
4745,fig|6666666.1036479.peg.727,fig|6666666.1036479.peg.2348,0.8555640280246735,0.009633970048403339,Very Low,High,Very Low–High,,,0,no STRING match,no STRING match,2638,3019,1,1
4746,fig|6666666.1036479.peg.2843,fig|6666666.1036479.peg.889,0.8555477797985077,0.009636000389825553,Very Low,Low,Very Low–Low,,,0,no STRING match,no STRING match,2370,2682,1,1
4747,fig|6666666.1036479.peg.881,fig|6666666.1036479.peg.2145,0.8555436074733734,0.009638030731247766,High,Very Low,Very Low–High,,,0,no STRING match,no STRING match,2674,2973,1,1
4748,fig|6666666.1036479.peg.3020,fig|6666666.1036479.peg.1785,0.8555185198783875,0.00964006107266998,Low,Very Low,Very Low–Low,,,0,no STRING match,no STRING match,2433,2898,1,1
4749,fig|6666666.1036479.peg.889,fig|6666666.1036479.peg.1953,0.8554962992668151,0.009642091414092193,Low,Low,Low–Low,,,0,no STRING match,no STRING match,2682,2935,1,1
4750,fig|6666666.1036479.peg.314,fig|6666666.1036479.peg.881,0.855492353439331,0.009644121755514407,Very Low,High,Very Low–High,,,0,no STRING match,no STRING match,2572,2674,1,1
4751,fig|6666666.1036479.peg.2556,fig|6666666.1036479.peg.1946,0.8554791629314422,0.00964615209693662,High,Medium,Medium–High,,,0,no STRING match,no STRING match,2306,2929,2,1
4752,fig|6666666.1036479.peg.2564,fig|6666666.1036479.peg.1946,0.8554791629314422,0.009648182438358835,High,Medium,Medium–High,,,0,no STRING match,no STRING match,2306,2929,2,1
4753,fig|6666666.1036479.peg.2506,fig|6666666.1036479.peg.2509,0.8554683864116669,0.009650212779781049,Very Low,Very Low,Very Low–Very Low,,,0,no STRING match,no STRING match,2270,2273,6,15
4754,fig|6666666.1036479.peg.2506,fig|6666666.1036479.peg.2513,0.8554683864116669,0.009652243121203262,Very Low,Very Low,Very Low–Very Low,,,0,no STRING match,no STRING match,2270,2273,6,15
4755,fig|6666666.1036479.peg.2506,fig|6666666.1036479.peg.2519,0.8554683864116669,0.009654273462625476,Very Low,Very Low,Very Low–Very Low,,,0,no STRING match,no STRING match,2270,2273,6,15
4756,fig|6666666.1036479.peg.2506,fig|6666666.1036479.peg.2526,0.8554683864116669,0.00965630380404769,Very Low,Very Low,Very Low–Very Low,,,0,no STRING match,no STRING match,2270,2273,6,15
4757,fig|6666666.1036479.peg.2506,fig|6666666.1036479.peg.2530,0.8554683864116669,0.009658334145469903,Very Low,Very Low,Very Low–Very Low,,,0,no STRING match,no STRING match,2270,2273,6,15
4758,fig|6666666.1036479.peg.2506,fig|6666666.1036479.peg.2534,0.8554683864116669,0.009660364486892116,Very Low,Very Low,Very Low–Very Low,,,0,no STRING match,no STRING match,2270,2273,6,15
4759,fig|6666666.1036479.peg.2506,fig|6666666.1036479.peg.3173,0.8554683864116669,0.00966239482831433,Very Low,Very Low,Very Low–Very Low,,,0,no STRING match,no STRING match,2270,2273,6,15
4760,fig|6666666.1036479.peg.2506,fig|6666666.1036479.peg.971,0.8554683864116669,0.009664425169736543,Very Low,Very Low,Very Low–Very Low,,,0,no STRING match,no STRING match,2270,2273,6,15
4761,fig|6666666.1036479.peg.2506,fig|6666666.1036479.peg.976,0.8554683864116669,0.009666455511158757,Very Low,Very Low,Very Low–Very Low,,,0,no STRING match,no STRING match,2270,2273,6,15
4762,fig|6666666.1036479.peg.2506,fig|6666666.1036479.peg.981,0.8554683864116669,0.00966848585258097,Very Low,Very Low,Very Low–Very Low,,,0,no STRING match,no STRING match,2270,2273,6,15
4763,fig|6666666.1036479.peg.2506,fig|6666666.1036479.peg.985,0.8554683864116669,0.009670516194003184,Very Low,Very Low,Very Low–Very Low,,,0,no STRING match,no STRING match,2270,2273,6,15
4764,fig|6666666.1036479.peg.2506,fig|6666666.1036479.peg.989,0.8554683864116669,0.009672546535425397,Very Low,Very Low,Very Low–Very Low,,,0,no STRING match,no STRING match,2270,2273,6,15
4765,fig|6666666.1036479.peg.2506,fig|6666666.1036479.peg.2489,0.8554683864116669,0.00967457687684761,Very Low,Very Low,Very Low–Very Low,,,0,no STRING match,no STRING match,2270,2273,6,15
4766,fig|6666666.1036479.peg.2506,fig|6666666.1036479.peg.2494,0.8554683864116669,0.009676607218269824,Very Low,Very Low,Very Low–Very Low,,,0,no STRING match,no STRING match,2270,2273,6,15
4767,fig|6666666.1036479.peg.2506,fig|6666666.1036479.peg.2498,0.8554683864116669,0.009678637559692038,Very Low,Very Low,Very Low–Very Low,,,0,no STRING match,no STRING match,2270,2273,6,15
4768,fig|6666666.1036479.peg.2509,fig|6666666.1036479.peg.2516,0.8554683864116669,0.009680667901114251,Very Low,Very Low,Very Low–Very Low,,,0,no STRING match,no STRING match,2273,2270,15,6
4769,fig|6666666.1036479.peg.2509,fig|6666666.1036479.peg.2522,0.8554683864116669,0.009682698242536465,Very Low,Very Low,Very Low–Very Low,,,0,no STRING match,no STRING match,2273,2270,15,6
4770,fig|6666666.1036479.peg.2509,fig|6666666.1036479.peg.974,0.8554683864116669,0.009684728583958678,Very Low,Very Low,Very Low–Very Low,,,0,no STRING match,no STRING match,2273,2270,15,6
4771,fig|6666666.1036479.peg.2509,fig|6666666.1036479.peg.979,0.8554683864116669,0.009686758925380892,Very Low,Very Low,Very Low–Very Low,,,0,no STRING match,no STRING match,2273,2270,15,6
4772,fig|6666666.1036479.peg.2509,fig|6666666.1036479.peg.2491,0.8554683864116669,0.009688789266803105,Very Low,Very Low,Very Low–Very Low,,,0,no STRING match,no STRING match,2273,2270,15,6
4773,fig|6666666.1036479.peg.2513,fig|6666666.1036479.peg.2516,0.8554683864116669,0.009690819608225319,Very Low,Very Low,Very Low–Very Low,,,0,no STRING match,no STRING match,2273,2270,15,6
4774,fig|6666666.1036479.peg.2513,fig|6666666.1036479.peg.2522,0.8554683864116669,0.009692849949647532,Very Low,Very Low,Very Low–Very Low,,,0,no STRING match,no STRING match,2273,2270,15,6
4775,fig|6666666.1036479.peg.2513,fig|6666666.1036479.peg.974,0.8554683864116669,0.009694880291069746,Very Low,Very Low,Very Low–Very Low,,,0,no STRING match,no STRING match,2273,2270,15,6
4776,fig|6666666.1036479.peg.2513,fig|6666666.1036479.peg.979,0.8554683864116669,0.00969691063249196,Very Low,Very Low,Very Low–Very Low,,,0,no STRING match,no STRING match,2273,2270,15,6
4777,fig|6666666.1036479.peg.2513,fig|6666666.1036479.peg.2491,0.8554683864116669,0.009698940973914173,Very Low,Very Low,Very Low–Very Low,,,0,no STRING match,no STRING match,2273,2270,15,6
4778,fig|6666666.1036479.peg.2516,fig|6666666.1036479.peg.2519,0.8554683864116669,0.009700971315336386,Very Low,Very Low,Very Low–Very Low,,,0,no STRING match,no STRING match,2270,2273,6,15
4779,fig|6666666.1036479.peg.2516,fig|6666666.1036479.peg.2526,0.8554683864116669,0.0097030016567586,Very Low,Very Low,Very Low–Very Low,,,0,no STRING match,no STRING match,2270,2273,6,15
4780,fig|6666666.1036479.peg.2516,fig|6666666.1036479.peg.2530,0.8554683864116669,0.009705031998180813,Very Low,Very Low,Very Low–Very Low,,,0,no STRING match,no STRING match,2270,2273,6,15
4781,fig|6666666.1036479.peg.2516,fig|6666666.1036479.peg.2534,0.8554683864116669,0.009707062339603027,Very Low,Very Low,Very Low–Very Low,,,0,no STRING match,no STRING match,2270,2273,6,15
4782,fig|6666666.1036479.peg.2516,fig|6666666.1036479.peg.3173,0.8554683864116669,0.00970909268102524,Very Low,Very Low,Very Low–Very Low,,,0,no STRING match,no STRING match,2270,2273,6,15
4783,fig|6666666.1036479.peg.2516,fig|6666666.1036479.peg.971,0.8554683864116669,0.009711123022447454,Very Low,Very Low,Very Low–Very Low,,,0,no STRING match,no STRING match,2270,2273,6,15
4784,fig|6666666.1036479.peg.2516,fig|6666666.1036479.peg.976,0.8554683864116669,0.00971315336386967,Very Low,Very Low,Very Low–Very Low,,,0,no STRING match,no STRING match,2270,2273,6,15
4785,fig|6666666.1036479.peg.2516,fig|6666666.1036479.peg.981,0.8554683864116669,0.009715183705291883,Very Low,Very Low,Very Low–Very Low,,,0,no STRING match,no STRING match,2270,2273,6,15
4786,fig|6666666.1036479.peg.2516,fig|6666666.1036479.peg.985,0.8554683864116669,0.009717214046714096,Very Low,Very Low,Very Low–Very Low,,,0,no STRING match,no STRING match,2270,2273,6,15
4787,fig|6666666.1036479.peg.2516,fig|6666666.1036479.peg.989,0.8554683864116669,0.00971924438813631,Very Low,Very Low,Very Low–Very Low,,,0,no STRING match,no STRING match,2270,2273,6,15
4788,fig|6666666.1036479.peg.2516,fig|6666666.1036479.peg.2489,0.8554683864116669,0.009721274729558523,Very Low,Very Low,Very Low–Very Low,,,0,no STRING match,no STRING match,2270,2273,6,15
4789,fig|6666666.1036479.peg.2516,fig|6666666.1036479.peg.2494,0.8554683864116669,0.009723305070980737,Very Low,Very Low,Very Low–Very Low,,,0,no STRING match,no STRING match,2270,2273,6,15
4790,fig|6666666.1036479.peg.2516,fig|6666666.1036479.peg.2498,0.8554683864116669,0.00972533541240295,Very Low,Very Low,Very Low–Very Low,,,0,no STRING match,no STRING match,2270,2273,6,15
4791,fig|6666666.1036479.peg.2519,fig|6666666.1036479.peg.2522,0.8554683864116669,0.009727365753825164,Very Low,Very Low,Very Low–Very Low,,,0,no STRING match,no STRING match,2273,2270,15,6
4792,fig|6666666.1036479.peg.2519,fig|6666666.1036479.peg.974,0.8554683864116669,0.009729396095247377,Very Low,Very Low,Very Low–Very Low,,,0,no STRING match,no STRING match,2273,2270,15,6
4793,fig|6666666.1036479.peg.2519,fig|6666666.1036479.peg.979,0.8554683864116669,0.00973142643666959,Very Low,Very Low,Very Low–Very Low,,,0,no STRING match,no STRING match,2273,2270,15,6
4794,fig|6666666.1036479.peg.2519,fig|6666666.1036479.peg.2491,0.8554683864116669,0.009733456778091804,Very Low,Very Low,Very Low–Very Low,,,0,no STRING match,no STRING match,2273,2270,15,6
4795,fig|6666666.1036479.peg.2522,fig|6666666.1036479.peg.2526,0.8554683864116669,0.009735487119514018,Very Low,Very Low,Very Low–Very Low,,,0,no STRING match,no STRING match,2270,2273,6,15
4796,fig|6666666.1036479.peg.2522,fig|6666666.1036479.peg.2530,0.8554683864116669,0.009737517460936231,Very Low,Very Low,Very Low–Very Low,,,0,no STRING match,no STRING match,2270,2273,6,15
4797,fig|6666666.1036479.peg.2522,fig|6666666.1036479.peg.2534,0.8554683864116669,0.009739547802358445,Very Low,Very Low,Very Low–Very Low,,,0,no STRING match,no STRING match,2270,2273,6,15
4798,fig|6666666.1036479.peg.2522,fig|6666666.1036479.peg.3173,0.8554683864116669,0.009741578143780658,Very Low,Very Low,Very Low–Very Low,,,0,no STRING match,no STRING match,2270,2273,6,15
4799,fig|6666666.1036479.peg.2522,fig|6666666.1036479.peg.971,0.8554683864116669,0.009743608485202872,Very Low,Very Low,Very Low–Very Low,,,0,no STRING match,no STRING match,2270,2273,6,15
4800,fig|6666666.1036479.peg.2522,fig|6666666.1036479.peg.976,0.8554683864116669,0.009745638826625085,Very Low,Very Low,Very Low–Very Low,,,0,no STRING match,no STRING match,2270,2273,6,15
4801,fig|6666666.1036479.peg.2522,fig|6666666.1036479.peg.981,0.8554683864116669,0.009747669168047299,Very Low,Very Low,Very Low–Very Low,,,0,no STRING match,no STRING match,2270,2273,6,15
4802,fig|6666666.1036479.peg.2522,fig|6666666.1036479.peg.985,0.8554683864116669,0.009749699509469512,Very Low,Very Low,Very Low–Very Low,,,0,no STRING match,no STRING match,2270,2273,6,15
4803,fig|6666666.1036479.peg.2522,fig|6666666.1036479.peg.989,0.8554683864116669,0.009751729850891726,Very Low,Very Low,Very Low–Very Low,,,0,no STRING match,no STRING match,2270,2273,6,15
4804,fig|6666666.1036479.peg.2522,fig|6666666.1036479.peg.2489,0.8554683864116669,0.00975376019231394,Very Low,Very Low,Very Low–Very Low,,,0,no STRING match,no STRING match,2270,2273,6,15
4805,fig|6666666.1036479.peg.2522,fig|6666666.1036479.peg.2494,0.8554683864116669,0.009755790533736153,Very Low,Very Low,Very Low–Very Low,,,0,no STRING match,no STRING match,2270,2273,6,15
4806,fig|6666666.1036479.peg.2522,fig|6666666.1036479.peg.2498,0.8554683864116669,0.009757820875158366,Very Low,Very Low,Very Low–Very Low,,,0,no STRING match,no STRING match,2270,2273,6,15
4807,fig|6666666.1036479.peg.2526,fig|6666666.1036479.peg.974,0.8554683864116669,0.00975985121658058,Very Low,Very Low,Very Low–Very Low,,,0,no STRING match,no STRING match,2273,2270,15,6
4808,fig|6666666.1036479.peg.2526,fig|6666666.1036479.peg.979,0.8554683864116669,0.009761881558002793,Very Low,Very Low,Very Low–Very Low,,,0,no STRING match,no STRING match,2273,2270,15,6
4809,fig|6666666.1036479.peg.2526,fig|6666666.1036479.peg.2491,0.8554683864116669,0.009763911899425007,Very Low,Very Low,Very Low–Very Low,,,0,no STRING match,no STRING match,2273,2270,15,6
4810,fig|6666666.1036479.peg.2530,fig|6666666.1036479.peg.974,0.8554683864116669,0.00976594224084722,Very Low,Very Low,Very Low–Very Low,,,0,no STRING match,no STRING match,2273,2270,15,6
4811,fig|6666666.1036479.peg.2530,fig|6666666.1036479.peg.979,0.8554683864116669,0.009767972582269434,Very Low,Very Low,Very Low–Very Low,,,0,no STRING match,no STRING match,2273,2270,15,6
4812,fig|6666666.1036479.peg.2530,fig|6666666.1036479.peg.2491,0.8554683864116669,0.009770002923691647,Very Low,Very Low,Very Low–Very Low,,,0,no STRING match,no STRING match,2273,2270,15,6
4813,fig|6666666.1036479.peg.2534,fig|6666666.1036479.peg.974,0.8554683864116669,0.00977203326511386,Very Low,Very Low,Very Low–Very Low,,,0,no STRING match,no STRING match,2273,2270,15,6
4814,fig|6666666.1036479.peg.2534,fig|6666666.1036479.peg.979,0.8554683864116669,0.009774063606536074,Very Low,Very Low,Very Low–Very Low,,,0,no STRING match,no STRING match,2273,2270,15,6
4815,fig|6666666.1036479.peg.2534,fig|6666666.1036479.peg.2491,0.8554683864116669,0.009776093947958288,Very Low,Very Low,Very Low–Very Low,,,0,no STRING match,no STRING match,2273,2270,15,6
4816,fig|6666666.1036479.peg.3173,fig|6666666.1036479.peg.974,0.8554683864116669,0.009778124289380503,Very Low,Very Low,Very Low–Very Low,,,0,no STRING match,no STRING match,2273,2270,15,6
4817,fig|6666666.1036479.peg.3173,fig|6666666.1036479.peg.979,0.8554683864116669,0.009780154630802717,Very Low,Very Low,Very Low–Very Low,,,0,no STRING match,no STRING match,2273,2270,15,6
4818,fig|6666666.1036479.peg.3173,fig|6666666.1036479.peg.2491,0.8554683864116669,0.00978218497222493,Very Low,Very Low,Very Low–Very Low,,,0,no STRING match,no STRING match,2273,2270,15,6
4819,fig|6666666.1036479.peg.971,fig|6666666.1036479.peg.974,0.8554683864116669,0.009784215313647144,Very Low,Very Low,Very Low–Very Low,,,0,no STRING match,no STRING match,2273,2270,15,6
4820,fig|6666666.1036479.peg.971,fig|6666666.1036479.peg.979,0.8554683864116669,0.009786245655069357,Very Low,Very Low,Very Low–Very Low,,,0,no STRING match,no STRING match,2273,2270,15,6
4821,fig|6666666.1036479.peg.971,fig|6666666.1036479.peg.2491,0.8554683864116669,0.00978827599649157,Very Low,Very Low,Very Low–Very Low,,,0,no STRING match,no STRING match,2273,2270,15,6
4822,fig|6666666.1036479.peg.974,fig|6666666.1036479.peg.976,0.8554683864116669,0.009790306337913784,Very Low,Very Low,Very Low–Very Low,,,0,no STRING match,no STRING match,2270,2273,6,15
4823,fig|6666666.1036479.peg.974,fig|6666666.1036479.peg.981,0.8554683864116669,0.009792336679335998,Very Low,Very Low,Very Low–Very Low,,,0,no STRING match,no STRING match,2270,2273,6,15
4824,fig|6666666.1036479.peg.974,fig|6666666.1036479.peg.985,0.8554683864116669,0.009794367020758211,Very Low,Very Low,Very Low–Very Low,,,0,no STRING match,no STRING match,2270,2273,6,15
4825,fig|6666666.1036479.peg.974,fig|6666666.1036479.peg.989,0.8554683864116669,0.009796397362180425,Very Low,Very Low,Very Low–Very Low,,,0,no STRING match,no STRING match,2270,2273,6,15
4826,fig|6666666.1036479.peg.974,fig|6666666.1036479.peg.2489,0.8554683864116669,0.009798427703602638,Very Low,Very Low,Very Low–Very Low,,,0,no STRING match,no STRING match,2270,2273,6,15
4827,fig|6666666.1036479.peg.974,fig|6666666.1036479.peg.2494,0.8554683864116669,0.009800458045024852,Very Low,Very Low,Very Low–Very Low,,,0,no STRING match,no STRING match,2270,2273,6,15
4828,fig|6666666.1036479.peg.974,fig|6666666.1036479.peg.2498,0.8554683864116669,0.009802488386447065,Very Low,Very Low,Very Low–Very Low,,,0,no STRING match,no STRING match,2270,2273,6,15
4829,fig|6666666.1036479.peg.976,fig|6666666.1036479.peg.979,0.8554683864116669,0.009804518727869279,Very Low,Very Low,Very Low–Very Low,,,0,no STRING match,no STRING match,2273,2270,15,6
4830,fig|6666666.1036479.peg.976,fig|6666666.1036479.peg.2491,0.8554683864116669,0.009806549069291492,Very Low,Very Low,Very Low–Very Low,,,0,no STRING match,no STRING match,2273,2270,15,6
4831,fig|6666666.1036479.peg.979,fig|6666666.1036479.peg.981,0.8554683864116669,0.009808579410713706,Very Low,Very Low,Very Low–Very Low,,,0,no STRING match,no STRING match,2270,2273,6,15
4832,fig|6666666.1036479.peg.979,fig|6666666.1036479.peg.985,0.8554683864116669,0.00981060975213592,Very Low,Very Low,Very Low–Very Low,,,0,no STRING match,no STRING match,2270,2273,6,15
4833,fig|6666666.1036479.peg.979,fig|6666666.1036479.peg.989,0.8554683864116669,0.009812640093558133,Very Low,Very Low,Very Low–Very Low,,,0,no STRING match,no STRING match,2270,2273,6,15
4834,fig|6666666.1036479.peg.979,fig|6666666.1036479.peg.2489,0.8554683864116669,0.009814670434980346,Very Low,Very Low,Very Low–Very Low,,,0,no STRING match,no STRING match,2270,2273,6,15
4835,fig|6666666.1036479.peg.979,fig|6666666.1036479.peg.2494,0.8554683864116669,0.00981670077640256,Very Low,Very Low,Very Low–Very Low,,,0,no STRING match,no STRING match,2270,2273,6,15
4836,fig|6666666.1036479.peg.979,fig|6666666.1036479.peg.2498,0.8554683864116669,0.009818731117824773,Very Low,Very Low,Very Low–Very Low,,,0,no STRING match,no STRING match,2270,2273,6,15
4837,fig|6666666.1036479.peg.981,fig|6666666.1036479.peg.2491,0.8554683864116669,0.009820761459246987,Very Low,Very Low,Very Low–Very Low,,,0,no STRING match,no STRING match,2273,2270,15,6
4838,fig|6666666.1036479.peg.985,fig|6666666.1036479.peg.2491,0.8554683864116669,0.0098227918006692,Very Low,Very Low,Very Low–Very Low,,,0,no STRING match,no STRING match,2273,2270,15,6
4839,fig|6666666.1036479.peg.989,fig|6666666.1036479.peg.2491,0.8554683864116669,0.009824822142091414,Very Low,Very Low,Very Low–Very Low,,,0,no STRING match,no STRING match,2273,2270,15,6
4840,fig|6666666.1036479.peg.2489,fig|6666666.1036479.peg.2491,0.8554683864116669,0.009826852483513627,Very Low,Very Low,Very Low–Very Low,,,0,no STRING match,no STRING match,2273,2270,15,6
4841,fig|6666666.1036479.peg.2491,fig|6666666.1036479.peg.2494,0.8554683864116669,0.00982888282493584,Very Low,Very Low,Very Low–Very Low,,,0,no STRING match,no STRING match,2270,2273,6,15
4842,fig|6666666.1036479.peg.2491,fig|6666666.1036479.peg.2498,0.8554683864116669,0.009830913166358054,Very Low,Very Low,Very Low–Very Low,,,0,no STRING match,no STRING match,2270,2273,6,15
4843,fig|6666666.1036479.peg.866,fig|6666666.1036479.peg.879,0.8554653525352478,0.009832943507780268,High,Very Low,Very Low–High,,Rhs element Vgr protein; COG3501 Uncharacterized protein conserved in bacteria.,0,no STRING match,secondary STRING hit (STRING protein assigned to a better match),2667,2672,1,1
4844,fig|6666666.1036479.peg.3222,fig|6666666.1036479.peg.1127,0.8554621160030365,0.009834973849202481,Medium,Low,Low–Medium,,Hypothetical protein.,0,no STRING match,secondary STRING hit (STRING protein assigned to a better match),2473,2743,2,1
4845,fig|6666666.1036479.peg.138,fig|6666666.1036479.peg.1127,0.8554621160030365,0.009837004190624695,Medium,Low,Low–Medium,,Hypothetical protein.,0,no STRING match,secondary STRING hit (STRING protein assigned to a better match),2473,2743,2,1
4846,fig|6666666.1036479.peg.866,fig|6666666.1036479.peg.1431,0.8554615080356598,0.009839034532046908,High,Very Low,Very Low–High,,,0,no STRING match,no STRING match,2667,2820,1,1
4847,fig|6666666.1036479.peg.3020,fig|6666666.1036479.peg.2025,0.8554574847221375,0.009841064873469122,Low,Very Low,Very Low–Low,,,0,no STRING match,no STRING match,2433,2950,1,1
4848,fig|6666666.1036479.peg.725,fig|6666666.1036479.peg.1962,0.8554535627365112,0.009843095214891337,Very Low,Medium,Very Low–Medium,,,0,no STRING match,no STRING match,2636,2944,1,1
4849,fig|6666666.1036479.peg.2505,fig|6666666.1036479.peg.3231,0.8554433405399322,0.00984512555631355,Very Low,Very Low,Very Low–Very Low,,,0,no STRING match,no STRING match,2269,2482,1,2
4850,fig|6666666.1036479.peg.2505,fig|6666666.1036479.peg.147,0.8554433405399322,0.009847155897735764,Very Low,Very Low,Very Low–Very Low,,,0,no STRING match,no STRING match,2269,2482,1,2
4851,fig|6666666.1036479.peg.1947,fig|6666666.1036479.peg.2145,0.8554420828819275,0.009849186239157978,Medium,Very Low,Very Low–Medium,,,0,no STRING match,no STRING match,2930,2973,1,1
4852,fig|6666666.1036479.peg.103,fig|6666666.1036479.peg.2348,0.8554415345191956,0.009851216580580191,Low,High,Low–High,Hypothetical protein; COG0457 FOG: TPR repeat.,,0,secondary STRING hit (STRING protein assigned to a better match),no STRING match,2543,3019,1,1
4853,fig|6666666.1036479.peg.2881,fig|6666666.1036479.peg.3020,0.8554369628429412,0.009853246922002405,Very Low,Low,Very Low–Low,,,0,no STRING match,no STRING match,2383,2433,1,1
4854,fig|6666666.1036479.peg.2672,fig|6666666.1036479.peg.1704,0.8554128587245942,0.009855277263424618,Medium,Very Low,Very Low–Medium,,,0,no STRING match,no STRING match,2341,2885,1,1
4855,fig|6666666.1036479.peg.2548,fig|6666666.1036479.peg.2703,0.8554127514362335,0.009857307604846832,High,Very Low,Very Low–High,,,0,no STRING match,no STRING match,2298,2344,1,1
4856,fig|6666666.1036479.peg.719,fig|6666666.1036479.peg.1617,0.8553990840911865,0.009859337946269045,Medium,Low,Low–Medium,,,0,no STRING match,no STRING match,2630,2864,1,2
4857,fig|6666666.1036479.peg.719,fig|6666666.1036479.peg.1625,0.8553990840911865,0.009861368287691259,Medium,Low,Low–Medium,,,0,no STRING match,no STRING match,2630,2864,1,2
4858,fig|6666666.1036479.peg.2918,fig|6666666.1036479.peg.1947,0.8553747296333313,0.009863398629113472,Very Low,Medium,Very Low–Medium,,,0,no STRING match,no STRING match,2396,2930,1,1
4859,fig|6666666.1036479.peg.1617,fig|6666666.1036479.peg.1946,0.8553663074970246,0.009865428970535686,Low,Medium,Low–Medium,,,0,no STRING match,no STRING match,2864,2929,2,1
4860,fig|6666666.1036479.peg.1625,fig|6666666.1036479.peg.1946,0.8553663074970246,0.009867459311957899,Low,Medium,Low–Medium,,,0,no STRING match,no STRING match,2864,2929,2,1
4861,fig|6666666.1036479.peg.3207,fig|6666666.1036479.peg.879,0.8553554058074951,0.009869489653380113,Medium,Very Low,Very Low–Medium,,Rhs element Vgr protein; COG3501 Uncharacterized protein conserved in bacteria.,0,no STRING match,secondary STRING hit (STRING protein assigned to a better match),2468,2672,1,1
4862,fig|6666666.1036479.peg.728,fig|6666666.1036479.peg.1632,0.8553297877311706,0.009871519994802326,Medium,Very Low,Very Low–Medium,,,0,no STRING match,no STRING match,2639,2870,1,2
4863,fig|6666666.1036479.peg.728,fig|6666666.1036479.peg.1639,0.8553297877311706,0.00987355033622454,Medium,Very Low,Very Low–Medium,,,0,no STRING match,no STRING match,2639,2870,1,2
4864,fig|6666666.1036479.peg.3202,fig|6666666.1036479.peg.3207,0.855328106880188,0.009875580677646753,Very Low,Medium,Very Low–Medium,,,0,no STRING match,no STRING match,2467,2468,1,1
4865,fig|6666666.1036479.peg.1289,fig|6666666.1036479.peg.1617,0.8553213059902192,0.009877611019068967,Very Low,Low,Very Low–Low,,,0,no STRING match,no STRING match,2762,2864,1,2
4866,fig|6666666.1036479.peg.1289,fig|6666666.1036479.peg.1625,0.8553213059902192,0.00987964136049118,Very Low,Low,Very Low–Low,,,0,no STRING match,no STRING match,2762,2864,1,2
4867,fig|6666666.1036479.peg.1947,fig|6666666.1036479.peg.2025,0.855316698551178,0.009881671701913394,Medium,Very Low,Very Low–Medium,,,0,no STRING match,no STRING match,2930,2950,1,1
4868,fig|6666666.1036479.peg.3020,fig|6666666.1036479.peg.1350,0.8553130149841308,0.009883702043335607,Low,Medium,Low–Medium,,,0,no STRING match,no STRING match,2433,2788,1,1
4869,fig|6666666.1036479.peg.2960,fig|6666666.1036479.peg.2114,0.8553049266338348,0.00988573238475782,Low,Very Low,Very Low–Low,,"COG1629 Outer membrane receptor proteins, mostly Fe transport.",0,no STRING match,secondary STRING hit (STRING protein assigned to a better match),2412,2964,1,1
4870,fig|6666666.1036479.peg.728,fig|6666666.1036479.peg.2294,0.8552855372428894,0.009887762726180034,Medium,Very Low,Very Low–Medium,,,0,no STRING match,no STRING match,2639,3007,1,1
4871,fig|6666666.1036479.peg.370,fig|6666666.1036479.peg.426,0.8552713692188263,0.009889793067602248,High,Very Low,Very Low–High,,,0,no STRING match,no STRING match,2579,2588,1,1
4872,fig|6666666.1036479.peg.370,fig|6666666.1036479.peg.1959,0.8552653968334198,0.009891823409024461,High,Low,Low–High,,,0,no STRING match,no STRING match,2579,2941,1,1
4873,fig|6666666.1036479.peg.1074,fig|6666666.1036479.peg.1308,0.8552612245082856,0.009893853750446675,High,Medium,Medium–High,,,0,no STRING match,no STRING match,2706,2764,1,1
4874,fig|6666666.1036479.peg.1207,fig|6666666.1036479.peg.1947,0.8552601516246796,0.009895884091868888,Low,Medium,Low–Medium,,,0,no STRING match,no STRING match,2750,2930,1,1
4875,fig|6666666.1036479.peg.2535,fig|6666666.1036479.peg.2948,0.8552548050880432,0.009897914433291102,Very Low,High,Very Low–High,,,0,no STRING match,no STRING match,2285,2410,1,1
4876,fig|6666666.1036479.peg.2532,fig|6666666.1036479.peg.1566,0.8552531838417053,0.009899944774713315,Low,High,Low–High,,,0,no STRING match,no STRING match,2284,2838,4,1
4877,fig|6666666.1036479.peg.3171,fig|6666666.1036479.peg.1566,0.8552531838417053,0.009901975116135529,Low,High,Low–High,,,0,no STRING match,no STRING match,2284,2838,4,1
4878,fig|6666666.1036479.peg.987,fig|6666666.1036479.peg.1566,0.8552531838417053,0.009904005457557742,Low,High,Low–High,,,0,no STRING match,no STRING match,2284,2838,4,1
4879,fig|6666666.1036479.peg.1566,fig|6666666.1036479.peg.2492,0.8552531838417053,0.009906035798979956,High,Low,Low–High,,,0,no STRING match,no STRING match,2838,2284,1,4
4880,fig|6666666.1036479.peg.2504,fig|6666666.1036479.peg.3020,0.8552483022212982,0.009908066140402171,Very Low,Low,Very Low–Low,,,0,no STRING match,no STRING match,2268,2433,1,1
4881,fig|6666666.1036479.peg.2520,fig|6666666.1036479.peg.3231,0.8552227795124054,0.009910096481824384,Very Low,Very Low,Very Low–Very Low,,,0,no STRING match,no STRING match,2280,2482,1,2
4882,fig|6666666.1036479.peg.2520,fig|6666666.1036479.peg.147,0.8552227795124054,0.009912126823246598,Very Low,Very Low,Very Low–Very Low,,,0,no STRING match,no STRING match,2280,2482,1,2
4883,fig|6666666.1036479.peg.2540,fig|6666666.1036479.peg.861,0.8552101612091064,0.009914157164668811,Medium,High,Medium–High,,,0,no STRING match,no STRING match,2290,2665,1,1
4884,fig|6666666.1036479.peg.3188,fig|6666666.1036479.peg.38,0.8551902711391449,0.009916187506091025,Medium,Low,Low–Medium,,,0,no STRING match,no STRING match,2461,2526,1,2
4885,fig|6666666.1036479.peg.3188,fig|6666666.1036479.peg.186,0.8551902711391449,0.009918217847513238,Medium,Low,Low–Medium,,,0,no STRING match,no STRING match,2461,2526,1,2
4886,fig|6666666.1036479.peg.881,fig|6666666.1036479.peg.1127,0.8551901519298554,0.009920248188935452,High,Low,Low–High,,Hypothetical protein.,0,no STRING match,secondary STRING hit (STRING protein assigned to a better match),2674,2743,1,1
4887,fig|6666666.1036479.peg.2918,fig|6666666.1036479.peg.3017,0.8551711797714233,0.009922278530357665,Very Low,Medium,Very Low–Medium,,,0,no STRING match,no STRING match,2396,2430,1,1
4888,fig|6666666.1036479.peg.2503,fig|6666666.1036479.peg.2672,0.85516317486763,0.009924308871779879,Very Low,Medium,Very Low–Medium,,,0,no STRING match,no STRING match,2267,2341,1,1
4889,fig|6666666.1036479.peg.2918,fig|6666666.1036479.peg.3020,0.8551600873470306,0.009926339213202092,Very Low,Low,Very Low–Low,,,0,no STRING match,no STRING match,2396,2433,1,1
4890,fig|6666666.1036479.peg.2535,fig|6666666.1036479.peg.3017,0.855157321691513,0.009928369554624306,Very Low,Medium,Very Low–Medium,,,0,no STRING match,no STRING match,2285,2430,1,1
4891,fig|6666666.1036479.peg.2929,fig|6666666.1036479.peg.36,0.8551470100879669,0.00993039989604652,Very Low,Medium,Very Low–Medium,Hypothetical protein.,,0,secondary STRING hit (STRING protein assigned to a better match),no STRING match,2404,2524,1,2
4892,fig|6666666.1036479.peg.2929,fig|6666666.1036479.peg.184,0.8551470100879669,0.009932430237468733,Very Low,Medium,Very Low–Medium,Hypothetical protein.,,0,secondary STRING hit (STRING protein assigned to a better match),no STRING match,2404,2524,1,2
4893,fig|6666666.1036479.peg.392,fig|6666666.1036479.peg.1947,0.8551461160182953,0.009934460578890946,Very Low,Medium,Very Low–Medium,,,0,no STRING match,no STRING match,2581,2930,1,1
4894,fig|6666666.1036479.peg.3223,fig|6666666.1036479.peg.719,0.855111426115036,0.00993649092031316,High,Medium,Medium–High,,,0,no STRING match,no STRING match,2474,2630,2,1
4895,fig|6666666.1036479.peg.139,fig|6666666.1036479.peg.719,0.855111426115036,0.009938521261735373,High,Medium,Medium–High,,,0,no STRING match,no STRING match,2474,2630,2,1
4896,fig|6666666.1036479.peg.3017,fig|6666666.1036479.peg.2327,0.8550938606262207,0.009940551603157587,Medium,Medium,Medium–Medium,,,0,no STRING match,no STRING match,2430,3016,1,1
4897,fig|6666666.1036479.peg.866,fig|6666666.1036479.peg.2158,0.8550922870635986,0.0099425819445798,High,Very Low,Very Low–High,,,0,no STRING match,no STRING match,2667,2979,1,1
4898,fig|6666666.1036479.peg.2548,fig|6666666.1036479.peg.1112,0.8550748765468598,0.009944612286002014,High,Very Low,Very Low–High,,,0,no STRING match,no STRING match,2298,2728,1,1
4899,fig|6666666.1036479.peg.3015,fig|6666666.1036479.peg.1080,0.8550727188587188,0.009946642627424227,Low,High,Low–High,,,0,no STRING match,no STRING match,2428,2712,1,1
4900,fig|6666666.1036479.peg.817,fig|6666666.1036479.peg.2364,0.8550532639026642,0.009948672968846441,Low,Medium,Low–Medium,Phospholipid/glycerol acyltransferase; COG4258 Predicted exporter.,,0,secondary STRING hit (STRING protein assigned to a better match),no STRING match,2663,3022,1,1
4901,fig|6666666.1036479.peg.3020,fig|6666666.1036479.peg.2145,0.8550527811050415,0.009950703310268654,Low,Very Low,Very Low–Low,,,0,no STRING match,no STRING match,2433,2973,1,1
4902,fig|6666666.1036479.peg.2509,fig|6666666.1036479.peg.2523,0.8550496459007263,0.009952733651690868,Very Low,Low,Very Low–Low,,,0,no STRING match,no STRING match,2273,2282,15,1
4903,fig|6666666.1036479.peg.2513,fig|6666666.1036479.peg.2523,0.8550496459007263,0.009954763993113082,Very Low,Low,Very Low–Low,,,0,no STRING match,no STRING match,2273,2282,15,1
4904,fig|6666666.1036479.peg.2519,fig|6666666.1036479.peg.2523,0.8550496459007263,0.009956794334535295,Very Low,Low,Very Low–Low,,,0,no STRING match,no STRING match,2273,2282,15,1
4905,fig|6666666.1036479.peg.2523,fig|6666666.1036479.peg.2526,0.8550496459007263,0.009958824675957509,Low,Very Low,Very Low–Low,,,0,no STRING match,no STRING match,2282,2273,1,15
4906,fig|6666666.1036479.peg.2523,fig|6666666.1036479.peg.2530,0.8550496459007263,0.009960855017379722,Low,Very Low,Very Low–Low,,,0,no STRING match,no STRING match,2282,2273,1,15
4907,fig|6666666.1036479.peg.2523,fig|6666666.1036479.peg.2534,0.8550496459007263,0.009962885358801936,Low,Very Low,Very Low–Low,,,0,no STRING match,no STRING match,2282,2273,1,15
4908,fig|6666666.1036479.peg.2523,fig|6666666.1036479.peg.3173,0.8550496459007263,0.009964915700224149,Low,Very Low,Very Low–Low,,,0,no STRING match,no STRING match,2282,2273,1,15
4909,fig|6666666.1036479.peg.2523,fig|6666666.1036479.peg.971,0.8550496459007263,0.009966946041646363,Low,Very Low,Very Low–Low,,,0,no STRING match,no STRING match,2282,2273,1,15
4910,fig|6666666.1036479.peg.2523,fig|6666666.1036479.peg.976,0.8550496459007263,0.009968976383068576,Low,Very Low,Very Low–Low,,,0,no STRING match,no STRING match,2282,2273,1,15
4911,fig|6666666.1036479.peg.2523,fig|6666666.1036479.peg.981,0.8550496459007263,0.00997100672449079,Low,Very Low,Very Low–Low,,,0,no STRING match,no STRING match,2282,2273,1,15
4912,fig|6666666.1036479.peg.2523,fig|6666666.1036479.peg.985,0.8550496459007263,0.009973037065913005,Low,Very Low,Very Low–Low,,,0,no STRING match,no STRING match,2282,2273,1,15
4913,fig|6666666.1036479.peg.2523,fig|6666666.1036479.peg.989,0.8550496459007263,0.009975067407335218,Low,Very Low,Very Low–Low,,,0,no STRING match,no STRING match,2282,2273,1,15
4914,fig|6666666.1036479.peg.2523,fig|6666666.1036479.peg.2489,0.8550496459007263,0.009977097748757432,Low,Very Low,Very Low–Low,,,0,no STRING match,no STRING match,2282,2273,1,15
4915,fig|6666666.1036479.peg.2523,fig|6666666.1036479.peg.2494,0.8550496459007263,0.009979128090179645,Low,Very Low,Very Low–Low,,,0,no STRING match,no STRING match,2282,2273,1,15
4916,fig|6666666.1036479.peg.2523,fig|6666666.1036479.peg.2498,0.8550496459007263,0.009981158431601859,Low,Very Low,Very Low–Low,,,0,no STRING match,no STRING match,2282,2273,1,15
4917,fig|6666666.1036479.peg.36,fig|6666666.1036479.peg.1953,0.8550266325473785,0.009983188773024072,Medium,Low,Low–Medium,,,0,no STRING match,no STRING match,2524,2935,2,1
4918,fig|6666666.1036479.peg.184,fig|6666666.1036479.peg.1953,0.8550266325473785,0.009985219114446286,Medium,Low,Low–Medium,,,0,no STRING match,no STRING match,2524,2935,2,1
4919,fig|6666666.1036479.peg.2929,fig|6666666.1036479.peg.1945,0.8550096869468689,0.0099872494558685,Very Low,Very Low,Very Low–Very Low,Hypothetical protein.,,0,secondary STRING hit (STRING protein assigned to a better match),no STRING match,2404,2928,1,1
4920,fig|6666666.1036479.peg.2547,fig|6666666.1036479.peg.236,0.854997044801712,0.009989279797290713,Medium,Very Low,Very Low–Medium,,,0,no STRING match,no STRING match,2297,2552,1,1
4921,fig|6666666.1036479.peg.3244,fig|6666666.1036479.peg.1128,0.8549946188926697,0.009991310138712926,Very Low,Very Low,Very Low–Very Low,,,0,no STRING match,no STRING match,2495,2744,3,1
4922,fig|6666666.1036479.peg.12,fig|6666666.1036479.peg.1128,0.8549946188926697,0.00999334048013514,Very Low,Very Low,Very Low–Very Low,,,0,no STRING match,no STRING match,2495,2744,3,1
4923,fig|6666666.1036479.peg.160,fig|6666666.1036479.peg.1128,0.8549946188926697,0.009995370821557353,Very Low,Very Low,Very Low–Very Low,,,0,no STRING match,no STRING match,2495,2744,3,1
4924,fig|6666666.1036479.peg.2654,fig|6666666.1036479.peg.861,0.8549848318099975,0.009997401162979567,High,High,High–High,,,0,no STRING match,no STRING match,2337,2665,1,1
4925,fig|6666666.1036479.peg.3207,fig|6666666.1036479.peg.894,0.8549846112728119,0.00999943150440178,Medium,Very Low,Very Low–Medium,,,0,no STRING match,no STRING match,2468,2686,1,1
4926,fig|6666666.1036479.peg.3184,fig|6666666.1036479.peg.1617,0.8549758970737458,0.010001461845823994,Very Low,Low,Very Low–Low,,,0,no STRING match,no STRING match,2457,2864,1,2
4927,fig|6666666.1036479.peg.3184,fig|6666666.1036479.peg.1625,0.8549758970737458,0.010003492187246207,Very Low,Low,Very Low–Low,,,0,no STRING match,no STRING match,2457,2864,1,2
4928,fig|6666666.1036479.peg.1409,fig|6666666.1036479.peg.1946,0.8549682438373566,0.010005522528668421,Medium,Medium,Medium–Medium,,,0,no STRING match,no STRING match,2812,2929,1,1
4929,fig|6666666.1036479.peg.3017,fig|6666666.1036479.peg.289,0.8549649357795716,0.010007552870090634,Medium,High,Medium–High,,Hypothetical protein.,0,no STRING match,secondary STRING hit (STRING protein assigned to a better match),2430,2559,1,1
4930,fig|6666666.1036479.peg.3017,fig|6666666.1036479.peg.3033,0.8549637913703918,0.010009583211512848,Medium,Low,Low–Medium,,,0,no STRING match,no STRING match,2430,2437,1,1
4931,fig|6666666.1036479.peg.3008,fig|6666666.1036479.peg.3010,0.854954719543457,0.010011613552935061,Medium,Low,Low–Medium,,,0,no STRING match,no STRING match,2423,2425,1,1
4932,fig|6666666.1036479.peg.2623,fig|6666666.1036479.peg.3231,0.8549543857574463,0.010013643894357275,Very Low,Very Low,Very Low–Very Low,,,0,no STRING match,no STRING match,2333,2482,1,2
4933,fig|6666666.1036479.peg.2623,fig|6666666.1036479.peg.147,0.8549543857574463,0.010015674235779488,Very Low,Very Low,Very Low–Very Low,,,0,no STRING match,no STRING match,2333,2482,1,2
4934,fig|6666666.1036479.peg.1657,fig|6666666.1036479.peg.1943,0.8549351453781128,0.010017704577201702,Medium,Medium,Medium–Medium,,COG3103 SH3 domain protein.,0,no STRING match,secondary STRING hit (STRING protein assigned to a better match),2883,2926,1,1
4935,fig|6666666.1036479.peg.1949,fig|6666666.1036479.peg.2092,0.8549337029457093,0.010019734918623915,Medium,Medium,Medium–Medium,,,0,no STRING match,no STRING match,2932,2954,1,1
4936,fig|6666666.1036479.peg.1080,fig|6666666.1036479.peg.2455,0.8549097001552581,0.010021765260046129,High,Medium,Medium–High,,,0,no STRING match,no STRING match,2712,3038,1,1
4937,fig|6666666.1036479.peg.1289,fig|6666666.1036479.peg.2114,0.8549091815948486,0.010023795601468342,Very Low,Very Low,Very Low–Very Low,,"COG1629 Outer membrane receptor proteins, mostly Fe transport.",0,no STRING match,secondary STRING hit (STRING protein assigned to a better match),2762,2964,1,1
4938,fig|6666666.1036479.peg.2507,fig|6666666.1036479.peg.370,0.8548818588256836,0.010025825942890556,Low,High,Low–High,,,0,no STRING match,no STRING match,2271,2579,1,1
4939,fig|6666666.1036479.peg.3184,fig|6666666.1036479.peg.1409,0.8548809647560119,0.01002785628431277,Very Low,Medium,Very Low–Medium,,,0,no STRING match,no STRING match,2457,2812,1,1
4940,fig|6666666.1036479.peg.370,fig|6666666.1036479.peg.1117,0.8548755407333374,0.010029886625734983,High,Very Low,Very Low–High,,,0,no STRING match,no STRING match,2579,2733,1,1
4941,fig|6666666.1036479.peg.2988,fig|6666666.1036479.peg.726,0.8548718333244324,0.010031916967157196,Medium,Very Low,Very Low–Medium,Hypothetical protein.,,0,secondary STRING hit (STRING protein assigned to a better match),no STRING match,2416,2637,1,1
4942,fig|6666666.1036479.peg.3033,fig|6666666.1036479.peg.728,0.8548667013645173,0.01003394730857941,Low,Medium,Low–Medium,,,0,no STRING match,no STRING match,2437,2639,1,1
4943,fig|6666666.1036479.peg.3222,fig|6666666.1036479.peg.724,0.8548647046089173,0.010035977650001623,Medium,Medium,Medium–Medium,,,0,no STRING match,no STRING match,2473,2635,2,1
4944,fig|6666666.1036479.peg.138,fig|6666666.1036479.peg.724,0.8548647046089173,0.010038007991423839,Medium,Medium,Medium–Medium,,,0,no STRING match,no STRING match,2473,2635,2,1
4945,fig|6666666.1036479.peg.3020,fig|6666666.1036479.peg.1494,0.8548632264137268,0.010040038332846052,Low,Very Low,Very Low–Low,,,0,no STRING match,no STRING match,2433,2824,1,1
4946,fig|6666666.1036479.peg.881,fig|6666666.1036479.peg.2405,0.8548512279987335,0.010042068674268266,High,Medium,Medium–High,,Hypothetical protein; COG0605 Superoxide dismutase.,0,no STRING match,secondary STRING hit (STRING protein assigned to a better match),2674,3029,1,1
4947,fig|6666666.1036479.peg.942,fig|6666666.1036479.peg.2092,0.8548495531082153,0.01004409901569048,Very Low,Medium,Very Low–Medium,,,0,no STRING match,no STRING match,2691,2954,1,1
4948,fig|6666666.1036479.peg.2548,fig|6666666.1036479.peg.107,0.854848963022232,0.010046129357112693,High,Very Low,Very Low–High,,,0,no STRING match,no STRING match,2298,2544,1,1
4949,fig|6666666.1036479.peg.3078,fig|6666666.1036479.peg.866,0.8548475325107574,0.010048159698534906,Medium,High,Medium–High,,,0,no STRING match,no STRING match,2441,2667,1,1
4950,fig|6666666.1036479.peg.720,fig|6666666.1036479.peg.2092,0.8548467755317688,0.01005019003995712,High,Medium,Medium–High,,,0,no STRING match,no STRING match,2631,2954,1,1
4951,fig|6666666.1036479.peg.2348,fig|6666666.1036479.peg.2478,0.8548448860645295,0.010052220381379333,High,Very Low,Very Low–High,,,0,no STRING match,no STRING match,3019,3044,1,1
4952,fig|6666666.1036479.peg.3008,fig|6666666.1036479.peg.1617,0.8548391103744507,0.010054250722801547,Medium,Low,Low–Medium,,,0,no STRING match,no STRING match,2423,2864,1,2
4953,fig|6666666.1036479.peg.3008,fig|6666666.1036479.peg.1625,0.8548391103744507,0.01005628106422376,Medium,Low,Low–Medium,,,0,no STRING match,no STRING match,2423,2864,1,2
4954,fig|6666666.1036479.peg.2501,fig|6666666.1036479.peg.38,0.8548373937606811,0.010058311405645974,High,Low,Low–High,,,0,no STRING match,no STRING match,2265,2526,1,2
4955,fig|6666666.1036479.peg.2501,fig|6666666.1036479.peg.186,0.8548373937606811,0.010060341747068187,High,Low,Low–High,,,0,no STRING match,no STRING match,2265,2526,1,2
4956,fig|6666666.1036479.peg.2556,fig|6666666.1036479.peg.3254,0.8548357248306274,0.0100623720884904,High,High,High–High,,,0,no STRING match,no STRING match,2306,2505,2,3
4957,fig|6666666.1036479.peg.2556,fig|6666666.1036479.peg.22,0.8548357248306274,0.010064402429912614,High,High,High–High,,,0,no STRING match,no STRING match,2306,2505,2,3
4958,fig|6666666.1036479.peg.2556,fig|6666666.1036479.peg.170,0.8548357248306274,0.010066432771334828,High,High,High–High,,,0,no STRING match,no STRING match,2306,2505,2,3
4959,fig|6666666.1036479.peg.2564,fig|6666666.1036479.peg.3254,0.8548357248306274,0.010068463112757041,High,High,High–High,,,0,no STRING match,no STRING match,2306,2505,2,3
4960,fig|6666666.1036479.peg.2564,fig|6666666.1036479.peg.22,0.8548357248306274,0.010070493454179255,High,High,High–High,,,0,no STRING match,no STRING match,2306,2505,2,3
4961,fig|6666666.1036479.peg.2564,fig|6666666.1036479.peg.170,0.8548357248306274,0.010072523795601468,High,High,High–High,,,0,no STRING match,no STRING match,2306,2505,2,3
4962,fig|6666666.1036479.peg.2929,fig|6666666.1036479.peg.3209,0.8548226058483124,0.010074554137023682,Very Low,Medium,Very Low–Medium,Hypothetical protein.,,0,secondary STRING hit (STRING protein assigned to a better match),no STRING match,2404,2469,1,1
4963,fig|6666666.1036479.peg.1894,fig|6666666.1036479.peg.2436,0.8548178613185883,0.010076584478445895,Medium,Medium,Medium–Medium,Hypothetical protein.,,0,secondary STRING hit (STRING protein assigned to a better match),no STRING match,2912,3033,1,1
4964,fig|6666666.1036479.peg.573,fig|6666666.1036479.peg.1919,0.854816997051239,0.010078614819868109,Very Low,Very Low,Very Low–Very Low,Hypothetical protein.,,0,secondary STRING hit (STRING protein assigned to a better match),no STRING match,2601,2920,1,1
4965,fig|6666666.1036479.peg.3010,fig|6666666.1036479.peg.1410,0.8548134207725525,0.010080645161290322,Low,Medium,Low–Medium,,,0,no STRING match,no STRING match,2425,2813,1,1
4966,fig|6666666.1036479.peg.3244,fig|6666666.1036479.peg.2484,0.8548056244850158,0.010082675502712536,Very Low,Very Low,Very Low–Very Low,,,0,no STRING match,no STRING match,2495,3046,3,1
4967,fig|6666666.1036479.peg.12,fig|6666666.1036479.peg.2484,0.8548056244850158,0.01008470584413475,Very Low,Very Low,Very Low–Very Low,,,0,no STRING match,no STRING match,2495,3046,3,1
4968,fig|6666666.1036479.peg.160,fig|6666666.1036479.peg.2484,0.8548056244850158,0.010086736185556963,Very Low,Very Low,Very Low–Very Low,,,0,no STRING match,no STRING match,2495,3046,3,1
4969,fig|6666666.1036479.peg.38,fig|6666666.1036479.peg.1409,0.8547883808612824,0.010088766526979176,Low,Medium,Low–Medium,,,0,no STRING match,no STRING match,2526,2812,2,1
4970,fig|6666666.1036479.peg.186,fig|6666666.1036479.peg.1409,0.8547883808612824,0.01009079686840139,Low,Medium,Low–Medium,,,0,no STRING match,no STRING match,2526,2812,2,1
4971,fig|6666666.1036479.peg.2924,fig|6666666.1036479.peg.3184,0.8547849714756012,0.010092827209823603,Very Low,Very Low,Very Low–Very Low,,,0,no STRING match,no STRING match,2401,2457,1,1
4972,fig|6666666.1036479.peg.3209,fig|6666666.1036479.peg.1410,0.8547722578048706,0.010094857551245817,Medium,Medium,Medium–Medium,,,0,no STRING match,no STRING match,2469,2813,1,1
4973,fig|6666666.1036479.peg.2623,fig|6666666.1036479.peg.719,0.854765099287033,0.01009688789266803,Very Low,Medium,Very Low–Medium,,,0,no STRING match,no STRING match,2333,2630,1,1
4974,fig|6666666.1036479.peg.2548,fig|6666666.1036479.peg.2155,0.8547411441802979,0.010098918234090244,High,Very Low,Very Low–High,,,0,no STRING match,no STRING match,2298,2976,1,1
4975,fig|6666666.1036479.peg.411,fig|6666666.1036479.peg.1754,0.8547395229339599,0.010100948575512457,Low,Medium,Low–Medium,Hypothetical protein.,Hypothetical protein.,0,secondary STRING hit (STRING protein assigned to a better match),secondary STRING hit (STRING protein assigned to a better match),2585,2891,1,1
4976,fig|6666666.1036479.peg.370,fig|6666666.1036479.peg.1122,0.8547334611415863,0.010102978916934673,High,Very Low,Very Low–High,,,0,no STRING match,no STRING match,2579,2738,1,1
4977,fig|6666666.1036479.peg.2547,fig|6666666.1036479.peg.1074,0.8547309994697571,0.010105009258356886,Medium,High,Medium–High,,,0,no STRING match,no STRING match,2297,2706,1,1
4978,fig|6666666.1036479.peg.2556,fig|6666666.1036479.peg.1410,0.854726505279541,0.0101070395997791,High,Medium,Medium–High,,,0,no STRING match,no STRING match,2306,2813,2,1
4979,fig|6666666.1036479.peg.2564,fig|6666666.1036479.peg.1410,0.854726505279541,0.010109069941201313,High,Medium,Medium–High,,,0,no STRING match,no STRING match,2306,2813,2,1
4980,fig|6666666.1036479.peg.2548,fig|6666666.1036479.peg.599,0.8547196745872497,0.010111100282623527,High,High,High–High,,,0,no STRING match,no STRING match,2298,2602,1,1
4981,fig|6666666.1036479.peg.2517,fig|6666666.1036479.peg.3017,0.8547178149223328,0.01011313062404574,Medium,Medium,Medium–Medium,,,0,no STRING match,no STRING match,2279,2430,1,1
4982,fig|6666666.1036479.peg.38,fig|6666666.1036479.peg.289,0.8547064781188964,0.010115160965467954,Low,High,Low–High,,Hypothetical protein.,0,no STRING match,secondary STRING hit (STRING protein assigned to a better match),2526,2559,2,1
4983,fig|6666666.1036479.peg.186,fig|6666666.1036479.peg.289,0.8547064781188964,0.010117191306890167,Low,High,Low–High,,Hypothetical protein.,0,no STRING match,secondary STRING hit (STRING protein assigned to a better match),2526,2559,2,1
4984,fig|6666666.1036479.peg.3011,fig|6666666.1036479.peg.3020,0.8547062277793884,0.01011922164831238,High,Low,Low–High,,,0,no STRING match,no STRING match,2426,2433,1,1
4985,fig|6666666.1036479.peg.2548,fig|6666666.1036479.peg.306,0.8546985149383545,0.010121251989734594,High,Medium,Medium–High,,,0,no STRING match,no STRING match,2298,2566,1,2
4986,fig|6666666.1036479.peg.2548,fig|6666666.1036479.peg.310,0.8546985149383545,0.010123282331156808,High,Medium,Medium–High,,,0,no STRING match,no STRING match,2298,2566,1,2
4987,fig|6666666.1036479.peg.48,fig|6666666.1036479.peg.725,0.8546926200389862,0.010125312672579021,Medium,Very Low,Very Low–Medium,,,0,no STRING match,no STRING match,2536,2636,1,1
4988,fig|6666666.1036479.peg.370,fig|6666666.1036479.peg.1350,0.8546663820743561,0.010127343014001235,High,Medium,Medium–High,,,0,no STRING match,no STRING match,2579,2788,1,1
4989,fig|6666666.1036479.peg.2404,fig|6666666.1036479.peg.2436,0.8546541392803192,0.010129373355423448,Medium,Medium,Medium–Medium,Hypothetical protein; COG0605 Superoxide dismutase.,,0,secondary STRING hit (STRING protein assigned to a better match),no STRING match,3028,3033,1,1
4990,fig|6666666.1036479.peg.2548,fig|6666666.1036479.peg.884,0.8546498537063598,0.010131403696845662,High,Very Low,Very Low–High,,,0,no STRING match,no STRING match,2298,2677,1,1
4991,fig|6666666.1036479.peg.2548,fig|6666666.1036479.peg.1110,0.854627925157547,0.010133434038267875,High,Very Low,Very Low–High,,,0,no STRING match,no STRING match,2298,2727,1,1
4992,fig|6666666.1036479.peg.3182,fig|6666666.1036479.peg.2348,0.8546120345592498,0.010135464379690089,Very Low,High,Very Low–High,Rhs element Vgr protein; COG3501 Uncharacterized protein conserved in bacteria.,,0,secondary STRING hit (STRING protein assigned to a better match),no STRING match,2455,3019,1,1
4993,fig|6666666.1036479.peg.2352,fig|6666666.1036479.peg.2436,0.8546066045761108,0.010137494721112302,Medium,Medium,Medium–Medium,,,0,no STRING match,no STRING match,3020,3033,1,1
4994,fig|6666666.1036479.peg.2814,fig|6666666.1036479.peg.38,0.8545898020267486,0.010139525062534516,Very Low,Low,Very Low–Low,,,0,no STRING match,no STRING match,2358,2526,1,2
4995,fig|6666666.1036479.peg.2814,fig|6666666.1036479.peg.186,0.8545898020267486,0.01014155540395673,Very Low,Low,Very Low–Low,,,0,no STRING match,no STRING match,2358,2526,1,2
4996,fig|6666666.1036479.peg.3209,fig|6666666.1036479.peg.1080,0.8545773088932037,0.010143585745378943,Medium,High,Medium–High,,,0,no STRING match,no STRING match,2469,2712,1,1
4997,fig|6666666.1036479.peg.3017,fig|6666666.1036479.peg.723,0.8545651197433471,0.010145616086801156,Medium,High,Medium–High,,,0,no STRING match,no STRING match,2430,2634,1,1
4998,fig|6666666.1036479.peg.2672,fig|6666666.1036479.peg.1229,0.854560273885727,0.01014764642822337,Medium,Very Low,Very Low–Medium,,,0,no STRING match,no STRING match,2341,2753,1,1
4999,fig|6666666.1036479.peg.411,fig|6666666.1036479.peg.1092,0.8545481562614441,0.010149676769645583,Low,Very Low,Very Low–Low,Hypothetical protein.,,0,secondary STRING hit (STRING protein assigned to a better match),no STRING match,2585,2715,1,1
5000,fig|6666666.1036479.peg.887,fig|6666666.1036479.peg.1300,0.8545478463172913,0.010151707111067797,Medium,Low,Low–Medium,,,0,no STRING match,no STRING match,2680,2763,1,1
