rank,protein_a,protein_b,score,percentile_top,tier_a,tier_b,tier_pair,desc_a,desc_b,degree_b,isolated_reason_a,isolated_reason_b,seq_group_a,seq_group_b,n_identical_a,n_identical_b
1,fig|6666666.1036479.peg.3131,fig|6666666.1036479.peg.856,0.9875866115093231,7.350644100189279e-07,Low,Low,Low–Low,,,0,no STRING match,no STRING match,1923,2340,1,1
2,fig|6666666.1036479.peg.856,fig|6666666.1036479.peg.1719,0.987515252828598,1.4701288200378559e-06,Low,Medium,Low–Medium,,,0,no STRING match,no STRING match,2340,2727,1,1
3,fig|6666666.1036479.peg.856,fig|6666666.1036479.peg.2071,0.9865292310714722,2.2051932300567837e-06,Low,Medium,Low–Medium,,,0,no STRING match,no STRING match,2340,2862,1,1
4,fig|6666666.1036479.peg.793,fig|6666666.1036479.peg.856,0.9835041701793671,2.9402576400757117e-06,Medium,Low,Low–Medium,,,0,no STRING match,no STRING match,2320,2340,1,1
5,fig|6666666.1036479.peg.856,fig|6666666.1036479.peg.1693,0.9832680761814118,3.6753220500946393e-06,Low,Medium,Low–Medium,,,0,no STRING match,no STRING match,2340,2718,1,1
6,fig|6666666.1036479.peg.856,fig|6666666.1036479.peg.1671,0.9823129117488861,4.410386460113567e-06,Low,High,Low–High,,,0,no STRING match,no STRING match,2340,2712,1,1
7,fig|6666666.1036479.peg.475,fig|6666666.1036479.peg.856,0.9813521385192872,5.145450870132495e-06,Low,Low,Low–Low,,,0,no STRING match,no STRING match,2175,2340,1,1
8,fig|6666666.1036479.peg.1138,fig|6666666.1036479.peg.2400,0.9793061137199401,5.8805152801514235e-06,Very Low,Very Low,Very Low–Very Low,,,0,no STRING match,no STRING match,2464,3005,1,1
9,fig|6666666.1036479.peg.856,fig|6666666.1036479.peg.861,0.9791826069355011,6.6155796901703515e-06,Low,High,Low–High,,,0,no STRING match,no STRING match,2340,2341,1,1
10,fig|6666666.1036479.peg.2672,fig|6666666.1036479.peg.856,0.9789965510368347,7.350644100189279e-06,Medium,Low,Low–Medium,,,0,no STRING match,no STRING match,1704,2340,1,1
11,fig|6666666.1036479.peg.2792,fig|6666666.1036479.peg.856,0.9789852321147918,8.085708510208207e-06,High,Low,Low–High,,,0,no STRING match,no STRING match,1754,2340,1,1
12,fig|6666666.1036479.peg.649,fig|6666666.1036479.peg.856,0.9781654179096222,8.820772920227135e-06,Medium,Low,Low–Medium,,,0,no STRING match,no STRING match,2246,2340,1,1
13,fig|6666666.1036479.peg.856,fig|6666666.1036479.peg.1739,0.9775932133197784,9.555837330246063e-06,Low,Very Low,Very Low–Low,,,0,no STRING match,no STRING match,2340,2731,1,1
14,fig|6666666.1036479.peg.2988,fig|6666666.1036479.peg.856,0.9775144100189209,1.029090174026499e-05,Medium,Low,Low–Medium,Hypothetical protein.,,0,secondary STRING hit (STRING protein assigned to a better match),no STRING match,1859,2340,1,1
15,fig|6666666.1036479.peg.3131,fig|6666666.1036479.peg.1719,0.9771692454814911,1.1025966150283919e-05,Low,Medium,Low–Medium,,,0,no STRING match,no STRING match,1923,2727,1,1
16,fig|6666666.1036479.peg.3089,fig|6666666.1036479.peg.856,0.9770842611789703,1.1761030560302847e-05,High,Low,Low–High,,,0,no STRING match,no STRING match,1907,2340,1,1
17,fig|6666666.1036479.peg.219,fig|6666666.1036479.peg.2400,0.9759909570217132,1.2496094970321775e-05,Very Low,Very Low,Very Low–Very Low,,,0,no STRING match,no STRING match,2081,3005,1,1
18,fig|6666666.1036479.peg.3131,fig|6666666.1036479.peg.2071,0.9749487102031708,1.3231159380340703e-05,Low,Medium,Low–Medium,,,0,no STRING match,no STRING match,1923,2862,1,1
19,fig|6666666.1036479.peg.458,fig|6666666.1036479.peg.856,0.9739790081977844,1.3966223790359631e-05,Low,Low,Low–Low,,,0,no STRING match,no STRING match,2168,2340,1,1
20,fig|6666666.1036479.peg.2948,fig|6666666.1036479.peg.856,0.9738199591636658,1.4701288200378557e-05,High,Low,Low–High,,,0,no STRING match,no STRING match,1843,2340,1,1
21,fig|6666666.1036479.peg.856,fig|6666666.1036479.peg.934,0.9736750364303589,1.5436352610397487e-05,Low,Low,Low–Low,,,0,no STRING match,no STRING match,2340,2385,1,1
22,fig|6666666.1036479.peg.856,fig|6666666.1036479.peg.2092,0.973427551984787,1.6171417020416413e-05,Low,Medium,Low–Medium,,,0,no STRING match,no STRING match,2340,2871,1,1
23,fig|6666666.1036479.peg.856,fig|6666666.1036479.peg.1419,0.9731922268867492,1.6906481430435343e-05,Low,High,Low–High,,,0,no STRING match,no STRING match,2340,2597,1,1
24,fig|6666666.1036479.peg.573,fig|6666666.1036479.peg.856,0.9729312002658844,1.764154584045427e-05,Very Low,Low,Very Low–Low,Hypothetical protein.,,0,secondary STRING hit (STRING protein assigned to a better match),no STRING match,2210,2340,1,1
25,fig|6666666.1036479.peg.856,fig|6666666.1036479.peg.1673,0.9724518418312073,1.83766102504732e-05,Low,Very Low,Very Low–Low,,,0,no STRING match,no STRING match,2340,2713,1,1
26,fig|6666666.1036479.peg.3166,fig|6666666.1036479.peg.2400,0.9722956359386444,1.9111674660492126e-05,Very Low,Very Low,Very Low–Very Low,,,0,no STRING match,no STRING match,1935,3005,1,1
27,fig|6666666.1036479.peg.3131,fig|6666666.1036479.peg.1671,0.9720046401023865,1.9846739070511052e-05,Low,High,Low–High,,,0,no STRING match,no STRING match,1923,2712,1,1
28,fig|6666666.1036479.peg.2762,fig|6666666.1036479.peg.856,0.971804940700531,2.058180348052998e-05,Medium,Low,Low–Medium,Hypothetical protein.,,0,secondary STRING hit (STRING protein assigned to a better match),no STRING match,1741,2340,1,1
29,fig|6666666.1036479.peg.1719,fig|6666666.1036479.peg.2071,0.9717337965965271,2.1316867890548908e-05,Medium,Medium,Medium–Medium,,,0,no STRING match,no STRING match,2727,2862,1,1
30,fig|6666666.1036479.peg.856,fig|6666666.1036479.peg.2114,0.9716947138309479,2.2051932300567838e-05,Low,Very Low,Very Low–Low,,"COG1629 Outer membrane receptor proteins, mostly Fe transport.",0,no STRING match,secondary STRING hit (STRING protein assigned to a better match),2340,2884,1,1
31,fig|6666666.1036479.peg.3131,fig|6666666.1036479.peg.793,0.9716125309467316,2.2786996710586764e-05,Low,Medium,Low–Medium,,,0,no STRING match,no STRING match,1923,2320,1,1
32,fig|6666666.1036479.peg.3131,fig|6666666.1036479.peg.1693,0.9711528778076172,2.3522061120605694e-05,Low,Medium,Low–Medium,,,0,no STRING match,no STRING match,1923,2718,1,1
33,fig|6666666.1036479.peg.856,fig|6666666.1036479.peg.1195,0.9710770547389984,2.425712553062462e-05,Low,Medium,Low–Medium,,,0,no STRING match,no STRING match,2340,2492,1,1
34,fig|6666666.1036479.peg.728,fig|6666666.1036479.peg.856,0.9709995269775391,2.499218994064355e-05,Medium,Low,Low–Medium,,,0,no STRING match,no STRING match,2286,2340,1,1
35,fig|6666666.1036479.peg.36,fig|6666666.1036479.peg.856,0.9707722365856171,2.5727254350662476e-05,Medium,Low,Low–Medium,,,0,no STRING match,no STRING match,2023,2340,2,1
36,fig|6666666.1036479.peg.184,fig|6666666.1036479.peg.856,0.9707722365856171,2.6462318760681406e-05,Medium,Low,Low–Medium,,,0,no STRING match,no STRING match,2023,2340,2,1
37,fig|6666666.1036479.peg.1273,fig|6666666.1036479.peg.2400,0.9706154227256775,2.7197383170700332e-05,Very Low,Very Low,Very Low–Very Low,,,0,no STRING match,no STRING match,2524,3005,1,1
38,fig|6666666.1036479.peg.793,fig|6666666.1036479.peg.1719,0.9700986862182617,2.7932447580719262e-05,Medium,Medium,Medium–Medium,,,0,no STRING match,no STRING match,2320,2727,1,1
39,fig|6666666.1036479.peg.2843,fig|6666666.1036479.peg.856,0.9700343906879425,2.866751199073819e-05,Very Low,Low,Very Low–Low,,,0,no STRING match,no STRING match,1785,2340,1,1
40,fig|6666666.1036479.peg.856,fig|6666666.1036479.peg.942,0.969998425245285,2.9402576400757115e-05,Low,Very Low,Very Low–Low,,,0,no STRING match,no STRING match,2340,2389,1,1
41,fig|6666666.1036479.peg.3076,fig|6666666.1036479.peg.856,0.9697852492332458,3.0137640810776044e-05,High,Low,Low–High,,,0,no STRING match,no STRING match,1899,2340,1,1
42,fig|6666666.1036479.peg.536,fig|6666666.1036479.peg.856,0.9695691108703614,3.0872705220794974e-05,Medium,Low,Low–Medium,,,0,no STRING match,no STRING match,2193,2340,1,1
43,fig|6666666.1036479.peg.856,fig|6666666.1036479.peg.2364,0.9690775871276855,3.16077696308139e-05,Low,Medium,Low–Medium,,,0,no STRING match,no STRING match,2340,2994,1,1
44,fig|6666666.1036479.peg.3187,fig|6666666.1036479.peg.856,0.9687010049819946,3.234283404083283e-05,Very Low,Low,Very Low–Low,Hypothetical protein.,,0,secondary STRING hit (STRING protein assigned to a better match),no STRING match,1950,2340,1,1
45,fig|6666666.1036479.peg.856,fig|6666666.1036479.peg.923,0.9686365365982056,3.307789845085176e-05,Low,High,Low–High,,,0,no STRING match,no STRING match,2340,2380,1,1
46,fig|6666666.1036479.peg.1693,fig|6666666.1036479.peg.1719,0.9684568524360657,3.3812962860870686e-05,Medium,Medium,Medium–Medium,,,0,no STRING match,no STRING match,2718,2727,1,1
47,fig|6666666.1036479.peg.219,fig|6666666.1036479.peg.1138,0.9684090852737427,3.454802727088961e-05,Very Low,Very Low,Very Low–Very Low,,,0,no STRING match,no STRING match,2081,2464,1,1
48,fig|6666666.1036479.peg.3020,fig|6666666.1036479.peg.856,0.9683784306049347,3.528309168090854e-05,Low,Low,Low–Low,,,0,no STRING match,no STRING match,1878,2340,1,1
49,fig|6666666.1036479.peg.856,fig|6666666.1036479.peg.2436,0.9683308362960815,3.601815609092747e-05,Low,Medium,Low–Medium,,,0,no STRING match,no STRING match,2340,3022,1,1
50,fig|6666666.1036479.peg.1160,fig|6666666.1036479.peg.2400,0.9679955184459687,3.67532205009464e-05,Very Low,Very Low,Very Low–Very Low,,,0,no STRING match,no STRING match,2481,3005,1,1
51,fig|6666666.1036479.peg.3131,fig|6666666.1036479.peg.475,0.9679095447063446,3.748828491096532e-05,Low,Low,Low–Low,,,0,no STRING match,no STRING match,1923,2175,1,1
52,fig|6666666.1036479.peg.899,fig|6666666.1036479.peg.2400,0.9677575767040253,3.822334932098425e-05,Very Low,Very Low,Very Low–Very Low,,,0,no STRING match,no STRING match,2369,3005,1,1
53,fig|6666666.1036479.peg.2672,fig|6666666.1036479.peg.3131,0.9674568474292755,3.895841373100318e-05,Medium,Low,Low–Medium,,,0,no STRING match,no STRING match,1704,1923,1,1
54,fig|6666666.1036479.peg.1671,fig|6666666.1036479.peg.1719,0.9672304689884186,3.9693478141022104e-05,High,Medium,Medium–High,,,0,no STRING match,no STRING match,2712,2727,1,1
55,fig|6666666.1036479.peg.856,fig|6666666.1036479.peg.1064,0.9670334875583648,4.0428542551041034e-05,Low,Medium,Low–Medium,,,0,no STRING match,no STRING match,2340,2414,1,1
56,fig|6666666.1036479.peg.856,fig|6666666.1036479.peg.1308,0.9669547080993652,4.116360696105996e-05,Low,Medium,Low–Medium,,,0,no STRING match,no STRING match,2340,2532,1,1
57,fig|6666666.1036479.peg.856,fig|6666666.1036479.peg.2091,0.9666004657745362,4.189867137107889e-05,Low,Medium,Low–Medium,,,0,no STRING match,no STRING match,2340,2870,1,1
58,fig|6666666.1036479.peg.856,fig|6666666.1036479.peg.2455,0.966337937116623,4.2633735781097816e-05,Low,Medium,Low–Medium,,,0,no STRING match,no STRING match,2340,3032,1,1
59,fig|6666666.1036479.peg.2506,fig|6666666.1036479.peg.2516,0.9662430644035339,4.3368800191116746e-05,Very Low,Very Low,Very Low–Very Low,,,0,no STRING match,no STRING match,1613,1613,6,6
60,fig|6666666.1036479.peg.2506,fig|6666666.1036479.peg.2522,0.9662430644035339,4.4103864601135676e-05,Very Low,Very Low,Very Low–Very Low,,,0,no STRING match,no STRING match,1613,1613,6,6
61,fig|6666666.1036479.peg.2506,fig|6666666.1036479.peg.974,0.9662430644035339,4.4838929011154605e-05,Very Low,Very Low,Very Low–Very Low,,,0,no STRING match,no STRING match,1613,1613,6,6
62,fig|6666666.1036479.peg.2506,fig|6666666.1036479.peg.979,0.9662430644035339,4.557399342117353e-05,Very Low,Very Low,Very Low–Very Low,,,0,no STRING match,no STRING match,1613,1613,6,6
63,fig|6666666.1036479.peg.2506,fig|6666666.1036479.peg.2491,0.9662430644035339,4.630905783119246e-05,Very Low,Very Low,Very Low–Very Low,,,0,no STRING match,no STRING match,1613,1613,6,6
64,fig|6666666.1036479.peg.2516,fig|6666666.1036479.peg.2522,0.9662430644035339,4.704412224121139e-05,Very Low,Very Low,Very Low–Very Low,,,0,no STRING match,no STRING match,1613,1613,6,6
65,fig|6666666.1036479.peg.2516,fig|6666666.1036479.peg.974,0.9662430644035339,4.777918665123032e-05,Very Low,Very Low,Very Low–Very Low,,,0,no STRING match,no STRING match,1613,1613,6,6
66,fig|6666666.1036479.peg.2516,fig|6666666.1036479.peg.979,0.9662430644035339,4.851425106124924e-05,Very Low,Very Low,Very Low–Very Low,,,0,no STRING match,no STRING match,1613,1613,6,6
67,fig|6666666.1036479.peg.2516,fig|6666666.1036479.peg.2491,0.9662430644035339,4.924931547126817e-05,Very Low,Very Low,Very Low–Very Low,,,0,no STRING match,no STRING match,1613,1613,6,6
68,fig|6666666.1036479.peg.2522,fig|6666666.1036479.peg.974,0.9662430644035339,4.99843798812871e-05,Very Low,Very Low,Very Low–Very Low,,,0,no STRING match,no STRING match,1613,1613,6,6
69,fig|6666666.1036479.peg.2522,fig|6666666.1036479.peg.979,0.9662430644035339,5.071944429130602e-05,Very Low,Very Low,Very Low–Very Low,,,0,no STRING match,no STRING match,1613,1613,6,6
70,fig|6666666.1036479.peg.2522,fig|6666666.1036479.peg.2491,0.9662430644035339,5.145450870132495e-05,Very Low,Very Low,Very Low–Very Low,,,0,no STRING match,no STRING match,1613,1613,6,6
71,fig|6666666.1036479.peg.974,fig|6666666.1036479.peg.979,0.9662430644035339,5.218957311134388e-05,Very Low,Very Low,Very Low–Very Low,,,0,no STRING match,no STRING match,1613,1613,6,6
72,fig|6666666.1036479.peg.974,fig|6666666.1036479.peg.2491,0.9662430644035339,5.292463752136281e-05,Very Low,Very Low,Very Low–Very Low,,,0,no STRING match,no STRING match,1613,1613,6,6
73,fig|6666666.1036479.peg.979,fig|6666666.1036479.peg.2491,0.9662430644035339,5.3659701931381735e-05,Very Low,Very Low,Very Low–Very Low,,,0,no STRING match,no STRING match,1613,1613,6,6
74,fig|6666666.1036479.peg.475,fig|6666666.1036479.peg.1719,0.9657430708408355,5.4394766341400665e-05,Low,Medium,Low–Medium,,,0,no STRING match,no STRING match,2175,2727,1,1
75,fig|6666666.1036479.peg.3113,fig|6666666.1036479.peg.856,0.9656155467033386,5.5129830751419594e-05,Very Low,Low,Very Low–Low,,,0,no STRING match,no STRING match,1915,2340,1,1
76,fig|6666666.1036479.peg.2778,fig|6666666.1036479.peg.2400,0.9655627012252808,5.5864895161438524e-05,Very Low,Very Low,Very Low–Very Low,,,0,no STRING match,no STRING match,1747,3005,1,1
77,fig|6666666.1036479.peg.3222,fig|6666666.1036479.peg.856,0.9653100550174714,5.659995957145745e-05,Medium,Low,Low–Medium,,,0,no STRING match,no STRING match,1972,2340,2,1
78,fig|6666666.1036479.peg.138,fig|6666666.1036479.peg.856,0.9653100550174714,5.733502398147638e-05,Medium,Low,Low–Medium,,,0,no STRING match,no STRING match,1972,2340,2,1
79,fig|6666666.1036479.peg.1671,fig|6666666.1036479.peg.2071,0.9653025925159454,5.8070088391495307e-05,High,Medium,Medium–High,,,0,no STRING match,no STRING match,2712,2862,1,1
80,fig|6666666.1036479.peg.3207,fig|6666666.1036479.peg.856,0.9651430428028107,5.880515280151423e-05,Medium,Low,Low–Medium,,,0,no STRING match,no STRING match,1965,2340,1,1
81,fig|6666666.1036479.peg.1693,fig|6666666.1036479.peg.2071,0.9650394737720489,5.954021721153316e-05,Medium,Medium,Medium–Medium,,,0,no STRING match,no STRING match,2718,2862,1,1
82,fig|6666666.1036479.peg.3166,fig|6666666.1036479.peg.1138,0.964915531873703,6.027528162155209e-05,Very Low,Very Low,Very Low–Very Low,,,0,no STRING match,no STRING match,1935,2464,1,1
83,fig|6666666.1036479.peg.689,fig|6666666.1036479.peg.856,0.9648545742034912,6.101034603157102e-05,High,Low,Low–High,,,0,no STRING match,no STRING match,2261,2340,1,1
84,fig|6666666.1036479.peg.1131,fig|6666666.1036479.peg.2400,0.964780080318451,6.174541044158995e-05,Very Low,Very Low,Very Low–Very Low,,,0,no STRING match,no STRING match,2460,3005,1,1
85,fig|6666666.1036479.peg.856,fig|6666666.1036479.peg.1547,0.9646988809108734,6.248047485160888e-05,Low,High,Low–High,,,0,no STRING match,no STRING match,2340,2647,1,1
86,fig|6666666.1036479.peg.3131,fig|6666666.1036479.peg.934,0.9644668161869049,6.32155392616278e-05,Low,Low,Low–Low,,,0,no STRING match,no STRING match,1923,2385,1,1
87,fig|6666666.1036479.peg.793,fig|6666666.1036479.peg.2071,0.9642000138759613,6.395060367164672e-05,Medium,Medium,Medium–Medium,,,0,no STRING match,no STRING match,2320,2862,1,1
88,fig|6666666.1036479.peg.1138,fig|6666666.1036479.peg.1273,0.9641268074512481,6.468566808166565e-05,Very Low,Very Low,Very Low–Very Low,,,0,no STRING match,no STRING match,2464,2524,1,1
89,fig|6666666.1036479.peg.2843,fig|6666666.1036479.peg.3131,0.9635928094387054,6.542073249168458e-05,Very Low,Low,Very Low–Low,,,0,no STRING match,no STRING match,1785,1923,1,1
90,fig|6666666.1036479.peg.856,fig|6666666.1036479.peg.866,0.9632745921611786,6.615579690170351e-05,Low,High,Low–High,,,0,no STRING match,no STRING match,2340,2345,1,1
91,fig|6666666.1036479.peg.475,fig|6666666.1036479.peg.2071,0.9632134437561035,6.689086131172244e-05,Low,Medium,Low–Medium,,,0,no STRING match,no STRING match,2175,2862,1,1
92,fig|6666666.1036479.peg.856,fig|6666666.1036479.peg.2156,0.9631024420261383,6.762592572174137e-05,Low,Very Low,Very Low–Low,,,0,no STRING match,no STRING match,2340,2906,1,1
93,fig|6666666.1036479.peg.3168,fig|6666666.1036479.peg.2400,0.9631018877029419,6.836099013176029e-05,Very Low,Very Low,Very Low–Very Low,,,0,no STRING match,no STRING match,1937,3005,1,1
94,fig|6666666.1036479.peg.3113,fig|6666666.1036479.peg.3131,0.9630580902099609,6.909605454177922e-05,Very Low,Low,Very Low–Low,,,0,no STRING match,no STRING match,1915,1923,1,1
95,fig|6666666.1036479.peg.411,fig|6666666.1036479.peg.856,0.9630356073379517,6.983111895179815e-05,Low,Low,Low–Low,Hypothetical protein.,,0,secondary STRING hit (STRING protein assigned to a better match),no STRING match,2150,2340,1,1
96,fig|6666666.1036479.peg.1141,fig|6666666.1036479.peg.2400,0.9628401696681976,7.056618336181708e-05,Very Low,Very Low,Very Low–Very Low,,,0,no STRING match,no STRING match,2467,3005,1,1
97,fig|6666666.1036479.peg.2988,fig|6666666.1036479.peg.3131,0.9627251207828522,7.130124777183601e-05,Medium,Low,Low–Medium,Hypothetical protein.,,0,secondary STRING hit (STRING protein assigned to a better match),no STRING match,1859,1923,1,1
98,fig|6666666.1036479.peg.2672,fig|6666666.1036479.peg.1719,0.9626673281192779,7.203631218185494e-05,Medium,Medium,Medium–Medium,,,0,no STRING match,no STRING match,1704,2727,1,1
99,fig|6666666.1036479.peg.3089,fig|6666666.1036479.peg.3131,0.9625986456871033,7.277137659187387e-05,High,Low,Low–High,,,0,no STRING match,no STRING match,1907,1923,1,1
100,fig|6666666.1036479.peg.2548,fig|6666666.1036479.peg.856,0.9625039041042328,7.35064410018928e-05,High,Low,Low–High,,,0,no STRING match,no STRING match,1641,2340,1,1
101,fig|6666666.1036479.peg.856,fig|6666666.1036479.peg.1947,0.9624135971069336,7.424150541191171e-05,Low,Medium,Low–Medium,,,0,no STRING match,no STRING match,2340,2809,1,1
102,fig|6666666.1036479.peg.236,fig|6666666.1036479.peg.856,0.9623214423656463,7.497656982193064e-05,Very Low,Low,Very Low–Low,,,0,no STRING match,no STRING match,2086,2340,1,1
103,fig|6666666.1036479.peg.3131,fig|6666666.1036479.peg.861,0.962215006351471,7.571163423194957e-05,Low,High,Low–High,,,0,no STRING match,no STRING match,1923,2341,1,1
104,fig|6666666.1036479.peg.861,fig|6666666.1036479.peg.1719,0.9621652483940124,7.64466986419685e-05,High,Medium,Medium–High,,,0,no STRING match,no STRING match,2341,2727,1,1
105,fig|6666666.1036479.peg.856,fig|6666666.1036479.peg.1946,0.9620949864387512,7.718176305198743e-05,Low,Medium,Low–Medium,,,0,no STRING match,no STRING match,2340,2808,1,1
106,fig|6666666.1036479.peg.3131,fig|6666666.1036479.peg.1419,0.9620428085327148,7.791682746200636e-05,Low,High,Low–High,,,0,no STRING match,no STRING match,1923,2597,1,1
107,fig|6666666.1036479.peg.2681,fig|6666666.1036479.peg.856,0.9617045044898986,7.865189187202529e-05,Low,Low,Low–Low,,,0,no STRING match,no STRING match,1706,2340,1,1
108,fig|6666666.1036479.peg.2848,fig|6666666.1036479.peg.856,0.9616789638996124,7.938695628204421e-05,Very Low,Low,Very Low–Low,,,0,no STRING match,no STRING match,1786,2340,1,1
109,fig|6666666.1036479.peg.2792,fig|6666666.1036479.peg.1719,0.9614499092102051,8.012202069206314e-05,High,Medium,Medium–High,,,0,no STRING match,no STRING match,1754,2727,1,1
110,fig|6666666.1036479.peg.856,fig|6666666.1036479.peg.2093,0.9614286899566651,8.085708510208207e-05,Low,Medium,Low–Medium,,,0,no STRING match,no STRING match,2340,2872,1,1
111,fig|6666666.1036479.peg.3131,fig|6666666.1036479.peg.2364,0.9610804140567779,8.1592149512101e-05,Low,Medium,Low–Medium,,,0,no STRING match,no STRING match,1923,2994,1,1
112,fig|6666666.1036479.peg.793,fig|6666666.1036479.peg.1693,0.9608735263347625,8.232721392211993e-05,Medium,Medium,Medium–Medium,,,0,no STRING match,no STRING match,2320,2718,1,1
113,fig|6666666.1036479.peg.2920,fig|6666666.1036479.peg.856,0.9606620728969574,8.306227833213886e-05,Very Low,Low,Very Low–Low,,,0,no STRING match,no STRING match,1823,2340,1,1
114,fig|6666666.1036479.peg.2988,fig|6666666.1036479.peg.1719,0.9604314625263214,8.379734274215779e-05,Medium,Medium,Medium–Medium,Hypothetical protein.,,0,secondary STRING hit (STRING protein assigned to a better match),no STRING match,1859,2727,1,1
115,fig|6666666.1036479.peg.2788,fig|6666666.1036479.peg.856,0.9602938234806061,8.453240715217672e-05,Medium,Low,Low–Medium,,,0,no STRING match,no STRING match,1752,2340,1,1
116,fig|6666666.1036479.peg.856,fig|6666666.1036479.peg.1331,0.9602182805538177,8.526747156219563e-05,Low,Low,Low–Low,,,0,no STRING match,no STRING match,2340,2548,1,1
117,fig|6666666.1036479.peg.2792,fig|6666666.1036479.peg.3131,0.9600142896175384,8.600253597221456e-05,High,Low,Low–High,,,0,no STRING match,no STRING match,1754,1923,1,1
118,fig|6666666.1036479.peg.856,fig|6666666.1036479.peg.2042,0.9597674071788788,8.673760038223349e-05,Low,High,Low–High,,,0,no STRING match,no STRING match,2340,2850,1,1
119,fig|6666666.1036479.peg.3184,fig|6666666.1036479.peg.856,0.9595554113388062,8.747266479225242e-05,Very Low,Low,Very Low–Low,,,0,no STRING match,no STRING match,1947,2340,1,1
120,fig|6666666.1036479.peg.1538,fig|6666666.1036479.peg.2400,0.9594876706600189,8.820772920227135e-05,Very Low,Very Low,Very Low–Very Low,,,0,no STRING match,no STRING match,2642,3005,1,1
121,fig|6666666.1036479.peg.856,fig|6666666.1036479.peg.903,0.959414291381836,8.894279361229028e-05,Low,Medium,Low–Medium,,,0,no STRING match,no STRING match,2340,2371,1,1
122,fig|6666666.1036479.peg.3166,fig|6666666.1036479.peg.219,0.9593023836612702,8.967785802230921e-05,Very Low,Very Low,Very Low–Very Low,,,0,no STRING match,no STRING match,1935,2081,1,1
123,fig|6666666.1036479.peg.861,fig|6666666.1036479.peg.2071,0.9591230809688568,9.041292243232813e-05,High,Medium,Medium–High,,,0,no STRING match,no STRING match,2341,2862,1,1
124,fig|6666666.1036479.peg.721,fig|6666666.1036479.peg.856,0.9590874671936035,9.114798684234706e-05,High,Low,Low–High,Yd repeat protein; COG3209 Rhs family protein.,,0,secondary STRING hit (STRING protein assigned to a better match),no STRING match,2279,2340,1,1
125,fig|6666666.1036479.peg.3131,fig|6666666.1036479.peg.458,0.9590810000896454,9.188305125236599e-05,Low,Low,Low–Low,,,0,no STRING match,no STRING match,1923,2168,1,1
126,fig|6666666.1036479.peg.1719,fig|6666666.1036479.peg.1739,0.9590331733226776,9.261811566238492e-05,Medium,Very Low,Very Low–Medium,,,0,no STRING match,no STRING match,2727,2731,1,1
127,fig|6666666.1036479.peg.1146,fig|6666666.1036479.peg.2400,0.9589966058731079,9.335318007240385e-05,Very Low,Very Low,Very Low–Very Low,,,0,no STRING match,no STRING match,2472,3005,1,1
128,fig|6666666.1036479.peg.856,fig|6666666.1036479.peg.2348,0.9588338792324066,9.408824448242278e-05,Low,High,Low–High,,,0,no STRING match,no STRING match,2340,2991,1,1
129,fig|6666666.1036479.peg.3131,fig|6666666.1036479.peg.573,0.9588213622570038,9.48233088924417e-05,Low,Very Low,Very Low–Low,,Hypothetical protein.,0,no STRING match,secondary STRING hit (STRING protein assigned to a better match),1923,2210,1,1
130,fig|6666666.1036479.peg.3191,fig|6666666.1036479.peg.856,0.958734667301178,9.555837330246063e-05,Medium,Low,Low–Medium,,,0,no STRING match,no STRING match,1954,2340,1,1
131,fig|6666666.1036479.peg.1671,fig|6666666.1036479.peg.1693,0.9586615264415741,9.629343771247955e-05,High,Medium,Medium–High,,,0,no STRING match,no STRING match,2712,2718,1,1
132,fig|6666666.1036479.peg.793,fig|6666666.1036479.peg.1671,0.9585671246051788,9.702850212249848e-05,Medium,High,Medium–High,,,0,no STRING match,no STRING match,2320,2712,1,1
133,fig|6666666.1036479.peg.649,fig|6666666.1036479.peg.1719,0.9584272146224976,9.776356653251741e-05,Medium,Medium,Medium–Medium,,,0,no STRING match,no STRING match,2246,2727,1,1
134,fig|6666666.1036479.peg.899,fig|6666666.1036479.peg.1138,0.958359444141388,9.849863094253634e-05,Very Low,Very Low,Very Low–Very Low,,,0,no STRING match,no STRING match,2369,2464,1,1
135,fig|6666666.1036479.peg.856,fig|6666666.1036479.peg.2383,0.9583349466323853,9.923369535255527e-05,Low,Very Low,Very Low–Low,,Hypothetical protein.,0,no STRING match,secondary STRING hit (STRING protein assigned to a better match),2340,2997,1,1
136,fig|6666666.1036479.peg.1135,fig|6666666.1036479.peg.2400,0.9581793010234833,9.99687597625742e-05,Very Low,Very Low,Very Low–Very Low,,,0,no STRING match,no STRING match,2462,3005,1,1
137,fig|6666666.1036479.peg.3076,fig|6666666.1036479.peg.3131,0.9580095946788788,0.00010070382417259313,High,Low,Low–High,,,0,no STRING match,no STRING match,1899,1923,1,1
138,fig|6666666.1036479.peg.2672,fig|6666666.1036479.peg.2071,0.9578783571720123,0.00010143888858261205,Medium,Medium,Medium–Medium,,,0,no STRING match,no STRING match,1704,2862,1,1
139,fig|6666666.1036479.peg.3089,fig|6666666.1036479.peg.1719,0.9578532218933106,0.00010217395299263098,High,Medium,Medium–High,,,0,no STRING match,no STRING match,1907,2727,1,1
140,fig|6666666.1036479.peg.3131,fig|6666666.1036479.peg.536,0.9577087223529815,0.0001029090174026499,Low,Medium,Low–Medium,,,0,no STRING match,no STRING match,1923,2193,1,1
141,fig|6666666.1036479.peg.702,fig|6666666.1036479.peg.856,0.9576494574546814,0.00010364408181266883,Medium,Low,Low–Medium,,,0,no STRING match,no STRING match,2266,2340,1,1
142,fig|6666666.1036479.peg.856,fig|6666666.1036479.peg.1657,0.9575050055980683,0.00010437914622268776,Low,Medium,Low–Medium,,,0,no STRING match,no STRING match,2340,2707,1,1
143,fig|6666666.1036479.peg.2762,fig|6666666.1036479.peg.3131,0.9574345290660858,0.0001051142106327067,Medium,Low,Low–Medium,Hypothetical protein.,,0,secondary STRING hit (STRING protein assigned to a better match),no STRING match,1741,1923,1,1
144,fig|6666666.1036479.peg.2792,fig|6666666.1036479.peg.2071,0.9572603881359101,0.00010584927504272562,High,Medium,Medium–High,,,0,no STRING match,no STRING match,1754,2862,1,1
145,fig|6666666.1036479.peg.3131,fig|6666666.1036479.peg.1394,0.9571798026561738,0.00010658433945274454,Low,Medium,Low–Medium,,,0,no STRING match,no STRING match,1923,2583,1,1
146,fig|6666666.1036479.peg.3131,fig|6666666.1036479.peg.923,0.9571761667728425,0.00010731940386276347,Low,High,Low–High,,,0,no STRING match,no STRING match,1923,2380,1,1
147,fig|6666666.1036479.peg.3188,fig|6666666.1036479.peg.856,0.9569719433784485,0.0001080544682727824,Medium,Low,Low–Medium,,,0,no STRING match,no STRING match,1951,2340,1,1
148,fig|6666666.1036479.peg.3020,fig|6666666.1036479.peg.3131,0.9568981230258942,0.00010878953268280133,Low,Low,Low–Low,,,0,no STRING match,no STRING match,1878,1923,1,1
149,fig|6666666.1036479.peg.219,fig|6666666.1036479.peg.1273,0.9566825985908508,0.00010952459709282026,Very Low,Very Low,Very Low–Very Low,,,0,no STRING match,no STRING match,2081,2524,1,1
150,fig|6666666.1036479.peg.3131,fig|6666666.1036479.peg.2092,0.9566130936145782,0.00011025966150283919,Low,Medium,Low–Medium,,,0,no STRING match,no STRING match,1923,2871,1,1
151,fig|6666666.1036479.peg.475,fig|6666666.1036479.peg.1693,0.9566123843193054,0.00011099472591285812,Low,Medium,Low–Medium,,,0,no STRING match,no STRING match,2175,2718,1,1
152,fig|6666666.1036479.peg.2988,fig|6666666.1036479.peg.2071,0.9565256416797638,0.00011172979032287705,Medium,Medium,Medium–Medium,Hypothetical protein.,,0,secondary STRING hit (STRING protein assigned to a better match),no STRING match,1859,2862,1,1
153,fig|6666666.1036479.peg.475,fig|6666666.1036479.peg.1671,0.9564401149749756,0.00011246485473289596,Low,High,Low–High,,,0,no STRING match,no STRING match,2175,2712,1,1
154,fig|6666666.1036479.peg.3198,fig|6666666.1036479.peg.856,0.9564301490783691,0.0001131999191429149,Very Low,Low,Very Low–Low,,,0,no STRING match,no STRING match,1960,2340,1,1
155,fig|6666666.1036479.peg.1419,fig|6666666.1036479.peg.1719,0.9564231038093567,0.00011393498355293382,High,Medium,Medium–High,,,0,no STRING match,no STRING match,2597,2727,1,1
156,fig|6666666.1036479.peg.1152,fig|6666666.1036479.peg.2400,0.9563879311084748,0.00011467004796295275,Very Low,Very Low,Very Low–Very Low,,,0,no STRING match,no STRING match,2477,3005,1,1
157,fig|6666666.1036479.peg.573,fig|6666666.1036479.peg.1719,0.9562294721603394,0.00011540511237297168,Very Low,Medium,Very Low–Medium,Hypothetical protein.,,0,secondary STRING hit (STRING protein assigned to a better match),no STRING match,2210,2727,1,1
158,fig|6666666.1036479.peg.3131,fig|6666666.1036479.peg.2114,0.9560782492160798,0.00011614017678299061,Low,Very Low,Very Low–Low,,"COG1629 Outer membrane receptor proteins, mostly Fe transport.",0,no STRING match,secondary STRING hit (STRING protein assigned to a better match),1923,2884,1,1
159,fig|6666666.1036479.peg.856,fig|6666666.1036479.peg.1913,0.9560476958751678,0.00011687524119300954,Low,Very Low,Very Low–Low,,,0,no STRING match,no STRING match,2340,2793,1,1
160,fig|6666666.1036479.peg.475,fig|6666666.1036479.peg.793,0.9557949125766754,0.00011761030560302846,Low,Medium,Low–Medium,,,0,no STRING match,no STRING match,2175,2320,1,1
161,fig|6666666.1036479.peg.856,fig|6666666.1036479.peg.1543,0.9556702375411987,0.00011834537001304739,Low,Medium,Low–Medium,,,0,no STRING match,no STRING match,2340,2644,1,1
162,fig|6666666.1036479.peg.1138,fig|6666666.1036479.peg.1141,0.9555306196212768,0.00011908043442306632,Very Low,Very Low,Very Low–Very Low,,,0,no STRING match,no STRING match,2464,2467,1,1
163,fig|6666666.1036479.peg.3131,fig|6666666.1036479.peg.649,0.9551081717014313,0.00011981549883308525,Low,Medium,Low–Medium,,,0,no STRING match,no STRING match,1923,2246,1,1
164,fig|6666666.1036479.peg.1739,fig|6666666.1036479.peg.2071,0.954994535446167,0.00012055056324310418,Very Low,Medium,Very Low–Medium,,,0,no STRING match,no STRING match,2731,2862,1,1
165,fig|6666666.1036479.peg.458,fig|6666666.1036479.peg.1719,0.9549101114273071,0.00012128562765312311,Low,Medium,Low–Medium,,,0,no STRING match,no STRING match,2168,2727,1,1
166,fig|6666666.1036479.peg.649,fig|6666666.1036479.peg.2071,0.9546961545944214,0.00012202069206314204,Medium,Medium,Medium–Medium,,,0,no STRING match,no STRING match,2246,2862,1,1
167,fig|6666666.1036479.peg.856,fig|6666666.1036479.peg.889,0.9546583771705628,0.00012275575647316097,Low,Low,Low–Low,,,0,no STRING match,no STRING match,2340,2364,1,1
168,fig|6666666.1036479.peg.856,fig|6666666.1036479.peg.1554,0.9545596301555633,0.0001234908208831799,Low,Medium,Low–Medium,,,0,no STRING match,no STRING match,2340,2649,1,1
169,fig|6666666.1036479.peg.819,fig|6666666.1036479.peg.856,0.9545329570770263,0.00012422588529319883,Very Low,Low,Very Low–Low,,,0,no STRING match,no STRING match,2330,2340,1,1
170,fig|6666666.1036479.peg.219,fig|6666666.1036479.peg.899,0.9543408930301667,0.00012496094970321776,Very Low,Very Low,Very Low–Very Low,,,0,no STRING match,no STRING match,2081,2369,1,1
171,fig|6666666.1036479.peg.3089,fig|6666666.1036479.peg.2071,0.9540750682353973,0.00012569601411323666,High,Medium,Medium–High,,,0,no STRING match,no STRING match,1907,2862,1,1
172,fig|6666666.1036479.peg.934,fig|6666666.1036479.peg.1719,0.9540238738059997,0.0001264310785232556,Low,Medium,Low–Medium,,,0,no STRING match,no STRING match,2385,2727,1,1
173,fig|6666666.1036479.peg.856,fig|6666666.1036479.peg.2327,0.9539465785026551,0.00012716614293327452,Low,Medium,Low–Medium,,,0,no STRING match,no STRING match,2340,2982,1,1
174,fig|6666666.1036479.peg.3131,fig|6666666.1036479.peg.1739,0.9537144124507904,0.00012790120734329345,Low,Very Low,Very Low–Low,,,0,no STRING match,no STRING match,1923,2731,1,1
175,fig|6666666.1036479.peg.1719,fig|6666666.1036479.peg.2114,0.9535688936710358,0.00012863627175331238,Medium,Very Low,Very Low–Medium,,"COG1629 Outer membrane receptor proteins, mostly Fe transport.",0,no STRING match,secondary STRING hit (STRING protein assigned to a better match),2727,2884,1,1
176,fig|6666666.1036479.peg.856,fig|6666666.1036479.peg.1894,0.9535221993923187,0.0001293713361633313,Low,Medium,Low–Medium,,Hypothetical protein.,0,no STRING match,secondary STRING hit (STRING protein assigned to a better match),2340,2785,1,1
177,fig|6666666.1036479.peg.719,fig|6666666.1036479.peg.856,0.9535141587257385,0.00013010640057335024,Medium,Low,Low–Medium,,,0,no STRING match,no STRING match,2277,2340,1,1
178,fig|6666666.1036479.peg.253,fig|6666666.1036479.peg.856,0.9535094022750854,0.00013084146498336917,Low,Low,Low–Low,Hypothetical protein.,,0,secondary STRING hit (STRING protein assigned to a better match),no STRING match,2096,2340,1,1
179,fig|6666666.1036479.peg.3083,fig|6666666.1036479.peg.856,0.9534398436546325,0.0001315765293933881,High,Low,Low–High,,,0,no STRING match,no STRING match,1905,2340,1,1
180,fig|6666666.1036479.peg.2672,fig|6666666.1036479.peg.793,0.9532137930393219,0.00013231159380340703,Medium,Medium,Medium–Medium,,,0,no STRING match,no STRING match,1704,2320,1,1
181,fig|6666666.1036479.peg.2948,fig|6666666.1036479.peg.1719,0.9531373679637909,0.00013304665821342596,High,Medium,Medium–High,,,0,no STRING match,no STRING match,1843,2727,1,1
182,fig|6666666.1036479.peg.723,fig|6666666.1036479.peg.856,0.953109061717987,0.00013378172262344489,High,Low,Low–High,,,0,no STRING match,no STRING match,2281,2340,1,1
183,fig|6666666.1036479.peg.704,fig|6666666.1036479.peg.856,0.9527917087078095,0.00013451678703346382,Low,Low,Low–Low,,,0,no STRING match,no STRING match,2268,2340,1,1
184,fig|6666666.1036479.peg.2988,fig|6666666.1036479.peg.793,0.9527609884738922,0.00013525185144348275,Medium,Medium,Medium–Medium,Hypothetical protein.,,0,secondary STRING hit (STRING protein assigned to a better match),no STRING match,1859,2320,1,1
185,fig|6666666.1036479.peg.3131,fig|6666666.1036479.peg.2436,0.9527544796466827,0.00013598691585350168,Low,Medium,Low–Medium,,,0,no STRING match,no STRING match,1923,3022,1,1
186,fig|6666666.1036479.peg.856,fig|6666666.1036479.peg.2185,0.9527506053447723,0.00013672198026352058,Low,Very Low,Very Low–Low,,,0,no STRING match,no STRING match,2340,2931,1,1
187,fig|6666666.1036479.peg.3167,fig|6666666.1036479.peg.2400,0.9524121344089508,0.0001374570446735395,Very Low,Very Low,Very Low–Very Low,,,0,no STRING match,no STRING match,1936,3005,1,1
188,fig|6666666.1036479.peg.727,fig|6666666.1036479.peg.856,0.9523119390010834,0.00013819210908355844,Very Low,Low,Very Low–Low,,,0,no STRING match,no STRING match,2285,2340,1,1
189,fig|6666666.1036479.peg.3166,fig|6666666.1036479.peg.1273,0.9522913873195649,0.00013892717349357737,Very Low,Very Low,Very Low–Very Low,,,0,no STRING match,no STRING match,1935,2524,1,1
190,fig|6666666.1036479.peg.2672,fig|6666666.1036479.peg.1693,0.9522690296173095,0.0001396622379035963,Medium,Medium,Medium–Medium,,,0,no STRING match,no STRING match,1704,2718,1,1
191,fig|6666666.1036479.peg.934,fig|6666666.1036479.peg.2071,0.9521231710910797,0.00014039730231361523,Low,Medium,Low–Medium,,,0,no STRING match,no STRING match,2385,2862,1,1
192,fig|6666666.1036479.peg.861,fig|6666666.1036479.peg.1693,0.952075070142746,0.00014113236672363416,High,Medium,Medium–High,,,0,no STRING match,no STRING match,2341,2718,1,1
193,fig|6666666.1036479.peg.1719,fig|6666666.1036479.peg.2092,0.952069240808487,0.00014186743113365309,Medium,Medium,Medium–Medium,,,0,no STRING match,no STRING match,2727,2871,1,1
194,fig|6666666.1036479.peg.793,fig|6666666.1036479.peg.861,0.9519910871982574,0.00014260249554367202,Medium,High,Medium–High,,,0,no STRING match,no STRING match,2320,2341,1,1
195,fig|6666666.1036479.peg.856,fig|6666666.1036479.peg.887,0.9519053936004639,0.00014333755995369095,Low,Medium,Low–Medium,,,0,no STRING match,no STRING match,2340,2362,1,1
196,fig|6666666.1036479.peg.856,fig|6666666.1036479.peg.2478,0.9518819212913513,0.00014407262436370988,Low,Very Low,Very Low–Low,,,0,no STRING match,no STRING match,2340,3042,1,1
197,fig|6666666.1036479.peg.3180,fig|6666666.1036479.peg.856,0.9518557250499725,0.0001448076887737288,Very Low,Low,Very Low–Low,,,0,no STRING match,no STRING match,1943,2340,2,1
198,fig|6666666.1036479.peg.856,fig|6666666.1036479.peg.2380,0.9518557250499725,0.00014554275318374773,Low,Very Low,Very Low–Low,,,0,no STRING match,no STRING match,2340,1943,1,2
199,fig|6666666.1036479.peg.1138,fig|6666666.1036479.peg.1160,0.9518452107906341,0.00014627781759376666,Very Low,Very Low,Very Low–Very Low,,,0,no STRING match,no STRING match,2464,2481,1,1
200,fig|6666666.1036479.peg.2672,fig|6666666.1036479.peg.1671,0.951813668012619,0.0001470128820037856,Medium,High,Medium–High,,,0,no STRING match,no STRING match,1704,2712,1,1
201,fig|6666666.1036479.peg.2571,fig|6666666.1036479.peg.856,0.9517533540725708,0.0001477479464138045,Medium,Low,Low–Medium,,,0,no STRING match,no STRING match,1659,2340,1,1
202,fig|6666666.1036479.peg.2948,fig|6666666.1036479.peg.3131,0.9517318606376648,0.00014848301082382343,High,Low,Low–High,,,0,no STRING match,no STRING match,1843,1923,1,1
203,fig|6666666.1036479.peg.2646,fig|6666666.1036479.peg.856,0.9516625463962555,0.00014921807523384236,Low,Low,Low–Low,,,0,no STRING match,no STRING match,1694,2340,1,1
204,fig|6666666.1036479.peg.2929,fig|6666666.1036479.peg.856,0.9516566753387451,0.00014995313964386129,Very Low,Low,Very Low–Low,Hypothetical protein.,,0,secondary STRING hit (STRING protein assigned to a better match),no STRING match,1831,2340,1,1
205,fig|6666666.1036479.peg.458,fig|6666666.1036479.peg.2071,0.9516458153724671,0.00015068820405388022,Low,Medium,Low–Medium,,,0,no STRING match,no STRING match,2168,2862,1,1
206,fig|6666666.1036479.peg.2988,fig|6666666.1036479.peg.1693,0.9515991330146789,0.00015142326846389915,Medium,Medium,Medium–Medium,Hypothetical protein.,,0,secondary STRING hit (STRING protein assigned to a better match),no STRING match,1859,2718,1,1
207,fig|6666666.1036479.peg.2307,fig|6666666.1036479.peg.2400,0.9515694737434387,0.00015215833287391808,Very Low,Very Low,Very Low–Very Low,,,0,no STRING match,no STRING match,2969,3005,1,1
208,fig|6666666.1036479.peg.726,fig|6666666.1036479.peg.856,0.9513476550579071,0.000152893397283937,Very Low,Low,Very Low–Low,,,0,no STRING match,no STRING match,2284,2340,1,1
209,fig|6666666.1036479.peg.856,fig|6666666.1036479.peg.1519,0.9513187110424042,0.00015362846169395593,Low,High,Low–High,,,0,no STRING match,no STRING match,2340,2632,1,1
210,fig|6666666.1036479.peg.2762,fig|6666666.1036479.peg.1719,0.951311194896698,0.00015436352610397486,Medium,Medium,Medium–Medium,Hypothetical protein.,,0,secondary STRING hit (STRING protein assigned to a better match),no STRING match,1741,2727,1,1
211,fig|6666666.1036479.peg.861,fig|6666666.1036479.peg.1671,0.9511538445949554,0.0001550985905139938,High,High,High–High,,,0,no STRING match,no STRING match,2341,2712,1,1
212,fig|6666666.1036479.peg.475,fig|6666666.1036479.peg.861,0.9510430693626404,0.00015583365492401272,Low,High,Low–High,,,0,no STRING match,no STRING match,2175,2341,1,1
213,fig|6666666.1036479.peg.2792,fig|6666666.1036479.peg.793,0.9509650647640229,0.00015656871933403165,High,Medium,Medium–High,,,0,no STRING match,no STRING match,1754,2320,1,1
214,fig|6666666.1036479.peg.219,fig|6666666.1036479.peg.1160,0.9509256541728973,0.00015730378374405058,Very Low,Very Low,Very Low–Very Low,,,0,no STRING match,no STRING match,2081,2481,1,1
215,fig|6666666.1036479.peg.3131,fig|6666666.1036479.peg.3187,0.9509197473526001,0.0001580388481540695,Low,Very Low,Very Low–Low,,Hypothetical protein.,0,no STRING match,secondary STRING hit (STRING protein assigned to a better match),1923,1950,1,1
216,fig|6666666.1036479.peg.536,fig|6666666.1036479.peg.1719,0.950788390636444,0.00015877391256408842,Medium,Medium,Medium–Medium,,,0,no STRING match,no STRING match,2193,2727,1,1
217,fig|6666666.1036479.peg.856,fig|6666666.1036479.peg.1394,0.9507839381694794,0.00015950897697410735,Low,Medium,Low–Medium,,,0,no STRING match,no STRING match,2340,2583,1,1
218,fig|6666666.1036479.peg.2792,fig|6666666.1036479.peg.1693,0.9507462024688721,0.00016024404138412628,High,Medium,Medium–High,,,0,no STRING match,no STRING match,1754,2718,1,1
219,fig|6666666.1036479.peg.856,fig|6666666.1036479.peg.1934,0.9507051408290863,0.0001609791057941452,Low,Low,Low–Low,,,0,no STRING match,no STRING match,2340,2801,1,1
220,fig|6666666.1036479.peg.1419,fig|6666666.1036479.peg.2071,0.9504936575889588,0.00016171417020416413,High,Medium,Medium–High,,,0,no STRING match,no STRING match,2597,2862,1,1
221,fig|6666666.1036479.peg.3131,fig|6666666.1036479.peg.1673,0.9503769874572754,0.00016244923461418306,Low,Very Low,Very Low–Low,,,0,no STRING match,no STRING match,1923,2713,1,1
222,fig|6666666.1036479.peg.2792,fig|6666666.1036479.peg.475,0.9503488957881927,0.000163184299024202,High,Low,Low–High,,,0,no STRING match,no STRING match,1754,2175,1,1
223,fig|6666666.1036479.peg.2843,fig|6666666.1036479.peg.1719,0.9500710010528565,0.00016391936343422092,Very Low,Medium,Very Low–Medium,,,0,no STRING match,no STRING match,1785,2727,1,1
224,fig|6666666.1036479.peg.1131,fig|6666666.1036479.peg.1138,0.9500381410121918,0.00016465442784423985,Very Low,Very Low,Very Low–Very Low,,,0,no STRING match,no STRING match,2460,2464,1,1
225,fig|6666666.1036479.peg.856,fig|6666666.1036479.peg.1080,0.949872612953186,0.00016538949225425878,Low,High,Low–High,,,0,no STRING match,no STRING match,2340,2424,1,1
226,fig|6666666.1036479.peg.3076,fig|6666666.1036479.peg.1719,0.9498007476329804,0.0001661245566642777,High,Medium,Medium–High,,,0,no STRING match,no STRING match,1899,2727,1,1
227,fig|6666666.1036479.peg.1719,fig|6666666.1036479.peg.2364,0.9497784554958344,0.00016685962107429664,Medium,Medium,Medium–Medium,,,0,no STRING match,no STRING match,2727,2994,1,1
228,fig|6666666.1036479.peg.1138,fig|6666666.1036479.peg.1146,0.9497697710990906,0.00016759468548431557,Very Low,Very Low,Very Low–Very Low,,,0,no STRING match,no STRING match,2464,2472,1,1
229,fig|6666666.1036479.peg.3131,fig|6666666.1036479.peg.1064,0.9496064484119415,0.0001683297498943345,Low,Medium,Low–Medium,,,0,no STRING match,no STRING match,1923,2414,1,1
230,fig|6666666.1036479.peg.649,fig|6666666.1036479.peg.1693,0.9495895147323609,0.00016906481430435343,Medium,Medium,Medium–Medium,,,0,no STRING match,no STRING match,2246,2718,1,1
231,fig|6666666.1036479.peg.573,fig|6666666.1036479.peg.2071,0.949555391073227,0.00016979987871437233,Very Low,Medium,Very Low–Medium,Hypothetical protein.,,0,secondary STRING hit (STRING protein assigned to a better match),no STRING match,2210,2862,1,1
232,fig|6666666.1036479.peg.2792,fig|6666666.1036479.peg.1671,0.9494522929191589,0.00017053494312439126,High,High,High–High,,,0,no STRING match,no STRING match,1754,2712,1,1
233,fig|6666666.1036479.peg.1138,fig|6666666.1036479.peg.1538,0.9493640542030335,0.0001712700075344102,Very Low,Very Low,Very Low–Very Low,,,0,no STRING match,no STRING match,2464,2642,1,1
234,fig|6666666.1036479.peg.856,fig|6666666.1036479.peg.1002,0.9491435468196869,0.00017200507194442912,Low,Medium,Low–Medium,,,0,no STRING match,no STRING match,2340,2399,1,1
235,fig|6666666.1036479.peg.1145,fig|6666666.1036479.peg.2400,0.9490611493587494,0.00017274013635444805,Very Low,Very Low,Very Low–Very Low,,,0,no STRING match,no STRING match,2471,3005,1,1
236,fig|6666666.1036479.peg.219,fig|6666666.1036479.peg.1141,0.9490424692630768,0.00017347520076446698,Very Low,Very Low,Very Low–Very Low,,,0,no STRING match,no STRING match,2081,2467,1,1
237,fig|6666666.1036479.peg.2988,fig|6666666.1036479.peg.1671,0.9489636182785034,0.0001742102651744859,Medium,High,Medium–High,Hypothetical protein.,,0,secondary STRING hit (STRING protein assigned to a better match),no STRING match,1859,2712,1,1
238,fig|6666666.1036479.peg.649,fig|6666666.1036479.peg.793,0.9489554226398468,0.00017494532958450484,Medium,Medium,Medium–Medium,,,0,no STRING match,no STRING match,2246,2320,1,1
239,fig|6666666.1036479.peg.1140,fig|6666666.1036479.peg.2400,0.9488541007041931,0.00017568039399452377,Very Low,Very Low,Very Low–Very Low,,,0,no STRING match,no STRING match,2466,3005,1,1
240,fig|6666666.1036479.peg.728,fig|6666666.1036479.peg.1719,0.9488461315631866,0.0001764154584045427,Medium,Medium,Medium–Medium,,,0,no STRING match,no STRING match,2286,2727,1,1
241,fig|6666666.1036479.peg.856,fig|6666666.1036479.peg.1268,0.9488437652587891,0.00017715052281456163,Low,Medium,Low–Medium,,,0,no STRING match,no STRING match,2340,2521,1,1
242,fig|6666666.1036479.peg.1134,fig|6666666.1036479.peg.2400,0.9486148715019226,0.00017788558722458056,Very Low,Very Low,Very Low–Very Low,,,0,no STRING match,no STRING match,2461,3005,1,1
243,fig|6666666.1036479.peg.364,fig|6666666.1036479.peg.856,0.9485484898090363,0.0001786206516345995,Low,Low,Low–Low,,,0,no STRING match,no STRING match,2137,2340,1,1
244,fig|6666666.1036479.peg.475,fig|6666666.1036479.peg.1739,0.9485040128231048,0.00017935571604461842,Low,Very Low,Very Low–Low,,,0,no STRING match,no STRING match,2175,2731,1,1
245,fig|6666666.1036479.peg.856,fig|6666666.1036479.peg.1409,0.9483265221118927,0.00018009078045463735,Low,Medium,Low–Medium,,,0,no STRING match,no STRING match,2340,2588,1,1
246,fig|6666666.1036479.peg.2672,fig|6666666.1036479.peg.475,0.9483164310455322,0.00018082584486465625,Medium,Low,Low–Medium,,,0,no STRING match,no STRING match,1704,2175,1,1
247,fig|6666666.1036479.peg.856,fig|6666666.1036479.peg.885,0.9483152091503143,0.00018156090927467518,Low,Medium,Low–Medium,,,0,no STRING match,no STRING match,2340,2360,1,1
248,fig|6666666.1036479.peg.856,fig|6666666.1036479.peg.1814,0.948276162147522,0.0001822959736846941,Low,Very Low,Very Low–Low,,,0,no STRING match,no STRING match,2340,2763,1,1
249,fig|6666666.1036479.peg.725,fig|6666666.1036479.peg.856,0.9482378542423249,0.00018303103809471304,Very Low,Low,Very Low–Low,,,0,no STRING match,no STRING match,2283,2340,1,1
250,fig|6666666.1036479.peg.923,fig|6666666.1036479.peg.1719,0.9481688976287842,0.00018376610250473197,High,Medium,Medium–High,,,0,no STRING match,no STRING match,2380,2727,1,1
251,fig|6666666.1036479.peg.942,fig|6666666.1036479.peg.1719,0.9480687856674195,0.0001845011669147509,Very Low,Medium,Very Low–Medium,,,0,no STRING match,no STRING match,2389,2727,1,1
252,fig|6666666.1036479.peg.573,fig|6666666.1036479.peg.793,0.94789999127388,0.00018523623132476983,Very Low,Medium,Very Low–Medium,Hypothetical protein.,,0,secondary STRING hit (STRING protein assigned to a better match),no STRING match,2210,2320,1,1
253,fig|6666666.1036479.peg.2792,fig|6666666.1036479.peg.1739,0.9478224337100982,0.00018597129573478876,High,Very Low,Very Low–High,,,0,no STRING match,no STRING match,1754,2731,1,1
254,fig|6666666.1036479.peg.1195,fig|6666666.1036479.peg.1719,0.9478122353553772,0.0001867063601448077,Medium,Medium,Medium–Medium,,,0,no STRING match,no STRING match,2492,2727,1,1
255,fig|6666666.1036479.peg.36,fig|6666666.1036479.peg.1719,0.9477925658226013,0.00018744142455482662,Medium,Medium,Medium–Medium,,,0,no STRING match,no STRING match,2023,2727,2,1
256,fig|6666666.1036479.peg.184,fig|6666666.1036479.peg.1719,0.9477925658226013,0.00018817648896484555,Medium,Medium,Medium–Medium,,,0,no STRING match,no STRING match,2023,2727,2,1
257,fig|6666666.1036479.peg.219,fig|6666666.1036479.peg.1131,0.9477297902107239,0.00018891155337486448,Very Low,Very Low,Very Low–Very Low,,,0,no STRING match,no STRING match,2081,2460,1,1
258,fig|6666666.1036479.peg.1149,fig|6666666.1036479.peg.2400,0.9476792514324188,0.0001896466177848834,Very Low,Very Low,Very Low–Very Low,,,0,no STRING match,no STRING match,2475,3005,1,1
259,fig|6666666.1036479.peg.1693,fig|6666666.1036479.peg.1739,0.9476448059082031,0.00019038168219490234,Medium,Very Low,Very Low–Medium,,,0,no STRING match,no STRING match,2718,2731,1,1
260,fig|6666666.1036479.peg.793,fig|6666666.1036479.peg.1739,0.9476441621780396,0.00019111674660492127,Medium,Very Low,Very Low–Medium,,,0,no STRING match,no STRING match,2320,2731,1,1
261,fig|6666666.1036479.peg.3089,fig|6666666.1036479.peg.1693,0.9475496113300323,0.00019185181101494017,High,Medium,Medium–High,,,0,no STRING match,no STRING match,1907,2718,1,1
262,fig|6666666.1036479.peg.2548,fig|6666666.1036479.peg.411,0.9474856674671173,0.0001925868754249591,High,Low,Low–High,,Hypothetical protein.,0,no STRING match,secondary STRING hit (STRING protein assigned to a better match),1641,2150,1,1
263,fig|6666666.1036479.peg.3089,fig|6666666.1036479.peg.1671,0.9474669337272644,0.00019332193983497803,High,High,High–High,,,0,no STRING match,no STRING match,1907,2712,1,1
264,fig|6666666.1036479.peg.689,fig|6666666.1036479.peg.1719,0.9473979115486145,0.00019405700424499696,High,Medium,Medium–High,,,0,no STRING match,no STRING match,2261,2727,1,1
265,fig|6666666.1036479.peg.1671,fig|6666666.1036479.peg.1739,0.947197312116623,0.0001947920686550159,High,Very Low,Very Low–High,,,0,no STRING match,no STRING match,2712,2731,1,1
266,fig|6666666.1036479.peg.1673,fig|6666666.1036479.peg.1719,0.9471585750579834,0.00019552713306503482,Very Low,Medium,Very Low–Medium,,,0,no STRING match,no STRING match,2713,2727,1,1
267,fig|6666666.1036479.peg.856,fig|6666666.1036479.peg.1661,0.9471131443977356,0.00019626219747505375,Low,Low,Low–Low,,,0,no STRING match,no STRING match,2340,2708,1,1
268,fig|6666666.1036479.peg.3166,fig|6666666.1036479.peg.899,0.9470800936222077,0.00019699726188507268,Very Low,Very Low,Very Low–Very Low,,,0,no STRING match,no STRING match,1935,2369,1,1
269,fig|6666666.1036479.peg.856,fig|6666666.1036479.peg.1617,0.9470757484436035,0.0001977323262950916,Low,Low,Low–Low,,,0,no STRING match,no STRING match,2340,2688,1,2
270,fig|6666666.1036479.peg.856,fig|6666666.1036479.peg.1625,0.9470757484436035,0.00019846739070511054,Low,Low,Low–Low,,,0,no STRING match,no STRING match,2340,2688,1,2
271,fig|6666666.1036479.peg.856,fig|6666666.1036479.peg.867,0.9470475256443024,0.00019920245511512947,Low,Low,Low–Low,,,0,no STRING match,no STRING match,2340,2346,1,1
272,fig|6666666.1036479.peg.2792,fig|6666666.1036479.peg.861,0.9470429837703704,0.0001999375195251484,High,High,High–High,,,0,no STRING match,no STRING match,1754,2341,1,1
273,fig|6666666.1036479.peg.2988,fig|6666666.1036479.peg.475,0.9470377266407013,0.00020067258393516733,Medium,Low,Low–Medium,Hypothetical protein.,,0,secondary STRING hit (STRING protein assigned to a better match),no STRING match,1859,2175,1,1
274,fig|6666666.1036479.peg.2762,fig|6666666.1036479.peg.2071,0.9470279335975647,0.00020140764834518626,Medium,Medium,Medium–Medium,Hypothetical protein.,,0,secondary STRING hit (STRING protein assigned to a better match),no STRING match,1741,2862,1,1
275,fig|6666666.1036479.peg.2071,fig|6666666.1036479.peg.2092,0.9470221757888794,0.00020214271275520516,Medium,Medium,Medium–Medium,,,0,no STRING match,no STRING match,2862,2871,1,1
276,fig|6666666.1036479.peg.856,fig|6666666.1036479.peg.1771,0.9469336152076722,0.0002028777771652241,Low,Medium,Low–Medium,,,0,no STRING match,no STRING match,2340,2743,1,1
277,fig|6666666.1036479.peg.370,fig|6666666.1036479.peg.856,0.9469168424606323,0.00020361284157524302,High,Low,Low–High,,,0,no STRING match,no STRING match,2139,2340,1,1
278,fig|6666666.1036479.peg.2948,fig|6666666.1036479.peg.2071,0.9468560695648194,0.00020434790598526195,High,Medium,Medium–High,,,0,no STRING match,no STRING match,1843,2862,1,1
279,fig|6666666.1036479.peg.856,fig|6666666.1036479.peg.1983,0.9467911899089814,0.00020508297039528088,Low,Very Low,Very Low–Low,,,0,no STRING match,no STRING match,2340,2834,1,1
280,fig|6666666.1036479.peg.320,fig|6666666.1036479.peg.856,0.9467324674129486,0.0002058180348052998,Very Low,Low,Very Low–Low,,,0,no STRING match,no STRING match,2130,2340,1,1
281,fig|6666666.1036479.peg.2843,fig|6666666.1036479.peg.2071,0.9465882897377014,0.00020655309921531874,Very Low,Medium,Very Low–Medium,,,0,no STRING match,no STRING match,1785,2862,1,1
282,fig|6666666.1036479.peg.3089,fig|6666666.1036479.peg.793,0.9464820802211762,0.00020728816362533767,High,Medium,Medium–High,,,0,no STRING match,no STRING match,1907,2320,1,1
283,fig|6666666.1036479.peg.1719,fig|6666666.1036479.peg.2436,0.9464606881141663,0.0002080232280353566,Medium,Medium,Medium–Medium,,,0,no STRING match,no STRING match,2727,3022,1,1
284,fig|6666666.1036479.peg.1064,fig|6666666.1036479.peg.1719,0.9464052855968476,0.00020875829244537553,Medium,Medium,Medium–Medium,,,0,no STRING match,no STRING match,2414,2727,1,1
285,fig|6666666.1036479.peg.3131,fig|6666666.1036479.peg.2091,0.9463703691959381,0.00020949335685539446,Low,Medium,Low–Medium,,,0,no STRING match,no STRING match,1923,2870,1,1
286,fig|6666666.1036479.peg.3008,fig|6666666.1036479.peg.856,0.9463458001613617,0.0002102284212654134,Medium,Low,Low–Medium,,,0,no STRING match,no STRING match,1868,2340,1,1
287,fig|6666666.1036479.peg.856,fig|6666666.1036479.peg.1649,0.9462874829769135,0.00021096348567543232,Low,Very Low,Very Low–Low,,YD repeat-containing protein; COG3209 Rhs family protein.,0,no STRING match,secondary STRING hit (STRING protein assigned to a better match),2340,2703,1,1
288,fig|6666666.1036479.peg.475,fig|6666666.1036479.peg.649,0.9460881233215332,0.00021169855008545125,Low,Medium,Low–Medium,,,0,no STRING match,no STRING match,2175,2246,1,1
289,fig|6666666.1036479.peg.2661,fig|6666666.1036479.peg.856,0.9460876047611236,0.00021243361449547018,High,Low,Low–High,,,0,no STRING match,no STRING match,1701,2340,1,1
290,fig|6666666.1036479.peg.2071,fig|6666666.1036479.peg.2114,0.9459560930728912,0.00021316867890548908,Medium,Very Low,Very Low–Medium,,"COG1629 Outer membrane receptor proteins, mostly Fe transport.",0,no STRING match,secondary STRING hit (STRING protein assigned to a better match),2862,2884,1,1
291,fig|6666666.1036479.peg.1673,fig|6666666.1036479.peg.2071,0.9459504663944245,0.000213903743315508,Very Low,Medium,Very Low–Medium,,,0,no STRING match,no STRING match,2713,2862,1,1
292,fig|6666666.1036479.peg.649,fig|6666666.1036479.peg.1671,0.9458058595657348,0.00021463880772552694,Medium,High,Medium–High,,,0,no STRING match,no STRING match,2246,2712,1,1
293,fig|6666666.1036479.peg.856,fig|6666666.1036479.peg.1074,0.9457702100276947,0.00021537387213554587,Low,High,Low–High,,,0,no STRING match,no STRING match,2340,2418,1,1
294,fig|6666666.1036479.peg.2501,fig|6666666.1036479.peg.2506,0.9457481205463409,0.0002161089365455648,High,Very Low,Very Low–High,,,0,no STRING match,no STRING match,1608,1613,1,6
295,fig|6666666.1036479.peg.2501,fig|6666666.1036479.peg.2516,0.9457481205463409,0.00021684400095558373,High,Very Low,Very Low–High,,,0,no STRING match,no STRING match,1608,1613,1,6
296,fig|6666666.1036479.peg.2501,fig|6666666.1036479.peg.2522,0.9457481205463409,0.00021757906536560266,High,Very Low,Very Low–High,,,0,no STRING match,no STRING match,1608,1613,1,6
297,fig|6666666.1036479.peg.2501,fig|6666666.1036479.peg.974,0.9457481205463409,0.0002183141297756216,High,Very Low,Very Low–High,,,0,no STRING match,no STRING match,1608,1613,1,6
298,fig|6666666.1036479.peg.2501,fig|6666666.1036479.peg.979,0.9457481205463409,0.00021904919418564052,High,Very Low,Very Low–High,,,0,no STRING match,no STRING match,1608,1613,1,6
299,fig|6666666.1036479.peg.2501,fig|6666666.1036479.peg.2491,0.9457481205463409,0.00021978425859565945,High,Very Low,Very Low–High,,,0,no STRING match,no STRING match,1608,1613,1,6
300,fig|6666666.1036479.peg.536,fig|6666666.1036479.peg.2071,0.9456991493701935,0.00022051932300567838,Medium,Medium,Medium–Medium,,,0,no STRING match,no STRING match,2193,2862,1,1
301,fig|6666666.1036479.peg.1419,fig|6666666.1036479.peg.1671,0.9456653237342835,0.0002212543874156973,High,High,High–High,,,0,no STRING match,no STRING match,2597,2712,1,1
302,fig|6666666.1036479.peg.856,fig|6666666.1036479.peg.1420,0.9454735100269318,0.00022198945182571624,Low,Very Low,Very Low–Low,,,0,no STRING match,no STRING match,2340,2598,1,1
303,fig|6666666.1036479.peg.3131,fig|6666666.1036479.peg.689,0.9454472839832306,0.00022272451623573517,Low,High,Low–High,,,0,no STRING match,no STRING match,1923,2261,1,1
304,fig|6666666.1036479.peg.934,fig|6666666.1036479.peg.1671,0.945430314540863,0.0002234595806457541,Low,High,Low–High,,,0,no STRING match,no STRING match,2385,2712,1,1
305,fig|6666666.1036479.peg.861,fig|6666666.1036479.peg.1739,0.9454169750213623,0.000224194645055773,High,Very Low,Very Low–High,,,0,no STRING match,no STRING match,2341,2731,1,1
306,fig|6666666.1036479.peg.31,fig|6666666.1036479.peg.856,0.9453885138034821,0.00022492970946579193,Very Low,Low,Very Low–Low,,,0,no STRING match,no STRING match,2018,2340,2,1
307,fig|6666666.1036479.peg.179,fig|6666666.1036479.peg.856,0.9453885138034821,0.00022566477387581086,Very Low,Low,Very Low–Low,,,0,no STRING match,no STRING match,2018,2340,2,1
308,fig|6666666.1036479.peg.856,fig|6666666.1036479.peg.1604,0.9453606307506561,0.0002263998382858298,Low,Very Low,Very Low–Low,,YD repeat-containing protein; COG3209 Rhs family protein.,0,no STRING match,secondary STRING hit (STRING protein assigned to a better match),2340,2685,1,2
309,fig|6666666.1036479.peg.856,fig|6666666.1036479.peg.1611,0.9453606307506561,0.00022713490269584872,Low,Very Low,Very Low–Low,,YD repeat-containing protein; COG3209 Rhs family protein.,0,no STRING match,secondary STRING hit (STRING protein assigned to a better match),2340,2685,1,2
310,fig|6666666.1036479.peg.1161,fig|6666666.1036479.peg.2400,0.9453135967254639,0.00022786996710586765,Very Low,Very Low,Very Low–Very Low,,,0,no STRING match,no STRING match,2482,3005,1,1
311,fig|6666666.1036479.peg.1308,fig|6666666.1036479.peg.1719,0.9452731370925903,0.00022860503151588658,Medium,Medium,Medium–Medium,,,0,no STRING match,no STRING match,2532,2727,1,1
312,fig|6666666.1036479.peg.2778,fig|6666666.1036479.peg.1160,0.945271509885788,0.0002293400959259055,Very Low,Very Low,Very Low–Very Low,,,0,no STRING match,no STRING match,1747,2481,1,1
313,fig|6666666.1036479.peg.3128,fig|6666666.1036479.peg.856,0.9452208936214447,0.00023007516033592444,Very Low,Low,Very Low–Low,,,0,no STRING match,no STRING match,1921,2340,1,1
314,fig|6666666.1036479.peg.458,fig|6666666.1036479.peg.793,0.9452096343040466,0.00023081022474594337,Low,Medium,Low–Medium,,,0,no STRING match,no STRING match,2168,2320,1,1
315,fig|6666666.1036479.peg.856,fig|6666666.1036479.peg.1410,0.9452036082744598,0.0002315452891559623,Low,Medium,Low–Medium,,,0,no STRING match,no STRING match,2340,2589,1,1
316,fig|6666666.1036479.peg.3131,fig|6666666.1036479.peg.1308,0.9451976299285889,0.00023228035356598123,Low,Medium,Low–Medium,,,0,no STRING match,no STRING match,1923,2532,1,1
317,fig|6666666.1036479.peg.3076,fig|6666666.1036479.peg.2071,0.9451882898807525,0.00023301541797600016,High,Medium,Medium–High,,,0,no STRING match,no STRING match,1899,2862,1,1
318,fig|6666666.1036479.peg.573,fig|6666666.1036479.peg.1693,0.9451143443584442,0.00023375048238601909,Very Low,Medium,Very Low–Medium,Hypothetical protein.,,0,secondary STRING hit (STRING protein assigned to a better match),no STRING match,2210,2718,1,1
319,fig|6666666.1036479.peg.3131,fig|6666666.1036479.peg.3222,0.9450727522373199,0.00023448554679603802,Low,Medium,Low–Medium,,,0,no STRING match,no STRING match,1923,1972,1,2
320,fig|6666666.1036479.peg.3131,fig|6666666.1036479.peg.138,0.9450727522373199,0.00023522061120605692,Low,Medium,Low–Medium,,,0,no STRING match,no STRING match,1923,1972,1,2
321,fig|6666666.1036479.peg.3166,fig|6666666.1036479.peg.1160,0.9450488805770874,0.00023595567561607585,Very Low,Very Low,Very Low–Very Low,,,0,no STRING match,no STRING match,1935,2481,1,1
322,fig|6666666.1036479.peg.3168,fig|6666666.1036479.peg.219,0.9450320661067962,0.00023669074002609478,Very Low,Very Low,Very Low–Very Low,,,0,no STRING match,no STRING match,1937,2081,1,1
323,fig|6666666.1036479.peg.3089,fig|6666666.1036479.peg.475,0.9450312733650208,0.0002374258044361137,High,Low,Low–High,,,0,no STRING match,no STRING match,1907,2175,1,1
324,fig|6666666.1036479.peg.793,fig|6666666.1036479.peg.1419,0.9450111627578736,0.00023816086884613264,Medium,High,Medium–High,,,0,no STRING match,no STRING match,2320,2597,1,1
325,fig|6666666.1036479.peg.856,fig|6666666.1036479.peg.1355,0.9449723243713379,0.00023889593325615157,Low,Medium,Low–Medium,,,0,no STRING match,no STRING match,2340,2564,1,1
326,fig|6666666.1036479.peg.458,fig|6666666.1036479.peg.1693,0.9448798298835754,0.0002396309976661705,Low,Medium,Low–Medium,,,0,no STRING match,no STRING match,2168,2718,1,1
327,fig|6666666.1036479.peg.856,fig|6666666.1036479.peg.1968,0.9448591291904449,0.00024036606207618943,Low,Very Low,Very Low–Low,,,0,no STRING match,no STRING match,2340,2827,1,1
328,fig|6666666.1036479.peg.2792,fig|6666666.1036479.peg.649,0.9446838080883027,0.00024110112648620836,High,Medium,Medium–High,,,0,no STRING match,no STRING match,1754,2246,1,1
329,fig|6666666.1036479.peg.3020,fig|6666666.1036479.peg.1719,0.9445729434490204,0.00024183619089622729,Low,Medium,Low–Medium,,,0,no STRING match,no STRING match,1878,2727,1,1
330,fig|6666666.1036479.peg.3131,fig|6666666.1036479.peg.728,0.9445306181907653,0.00024257125530624622,Low,Medium,Low–Medium,,,0,no STRING match,no STRING match,1923,2286,1,1
331,fig|6666666.1036479.peg.649,fig|6666666.1036479.peg.861,0.9444983959197998,0.00024330631971626515,Medium,High,Medium–High,,,0,no STRING match,no STRING match,2246,2341,1,1
332,fig|6666666.1036479.peg.2071,fig|6666666.1036479.peg.2364,0.9444823861122131,0.00024404138412628407,Medium,Medium,Medium–Medium,,,0,no STRING match,no STRING match,2862,2994,1,1
333,fig|6666666.1036479.peg.3187,fig|6666666.1036479.peg.1719,0.9444705009460449,0.000244776448536303,Very Low,Medium,Very Low–Medium,Hypothetical protein.,,0,secondary STRING hit (STRING protein assigned to a better match),no STRING match,1950,2727,1,1
334,fig|6666666.1036479.peg.856,fig|6666666.1036479.peg.1961,0.9444535255432129,0.00024551151294632193,Low,Medium,Low–Medium,,,0,no STRING match,no STRING match,2340,2822,1,1
335,fig|6666666.1036479.peg.458,fig|6666666.1036479.peg.475,0.9443072557449341,0.00024624657735634084,Low,Low,Low–Low,,,0,no STRING match,no STRING match,2168,2175,1,1
336,fig|6666666.1036479.peg.649,fig|6666666.1036479.peg.1739,0.9443027019500733,0.0002469816417663598,Medium,Very Low,Very Low–Medium,,,0,no STRING match,no STRING match,2246,2731,1,1
337,fig|6666666.1036479.peg.2778,fig|6666666.1036479.peg.219,0.944231140613556,0.0002477167061763787,Very Low,Very Low,Very Low–Very Low,,,0,no STRING match,no STRING match,1747,2081,1,1
338,fig|6666666.1036479.peg.793,fig|6666666.1036479.peg.2114,0.9441926300525665,0.00024845177058639765,Medium,Very Low,Very Low–Medium,,"COG1629 Outer membrane receptor proteins, mostly Fe transport.",0,no STRING match,secondary STRING hit (STRING protein assigned to a better match),2320,2884,1,1
339,fig|6666666.1036479.peg.2843,fig|6666666.1036479.peg.1671,0.9441792249679566,0.00024918683499641656,Very Low,High,Very Low–High,,,0,no STRING match,no STRING match,1785,2712,1,1
340,fig|6666666.1036479.peg.1693,fig|6666666.1036479.peg.2092,0.9441455006599426,0.0002499218994064355,Medium,Medium,Medium–Medium,,,0,no STRING match,no STRING match,2718,2871,1,1
341,fig|6666666.1036479.peg.2741,fig|6666666.1036479.peg.856,0.9440425038337708,0.0002506569638164544,High,Low,Low–High,,,0,no STRING match,no STRING match,1728,2340,1,1
342,fig|6666666.1036479.peg.475,fig|6666666.1036479.peg.1419,0.9440268814563751,0.0002513920282264733,Low,High,Low–High,,,0,no STRING match,no STRING match,2175,2597,1,1
343,fig|6666666.1036479.peg.899,fig|6666666.1036479.peg.1273,0.9440185606479645,0.0002521270926364923,Very Low,Very Low,Very Low–Very Low,,,0,no STRING match,no STRING match,2369,2524,1,1
344,fig|6666666.1036479.peg.2809,fig|6666666.1036479.peg.856,0.9439926207065582,0.0002528621570465112,Very Low,Low,Very Low–Low,,,0,no STRING match,no STRING match,1760,2340,1,1
345,fig|6666666.1036479.peg.3113,fig|6666666.1036479.peg.1719,0.9439617693424225,0.00025359722145653013,Very Low,Medium,Very Low–Medium,,,0,no STRING match,no STRING match,1915,2727,1,1
346,fig|6666666.1036479.peg.3131,fig|6666666.1036479.peg.236,0.9439179301261902,0.00025433228586654904,Low,Very Low,Very Low–Low,,,0,no STRING match,no STRING match,1923,2086,1,1
347,fig|6666666.1036479.peg.1419,fig|6666666.1036479.peg.1693,0.9439165651798248,0.000255067350276568,High,Medium,Medium–High,,,0,no STRING match,no STRING match,2597,2718,1,1
348,fig|6666666.1036479.peg.2973,fig|6666666.1036479.peg.856,0.9439128458499908,0.0002558024146865869,Low,Low,Low–Low,,,0,no STRING match,no STRING match,1854,2340,1,1
349,fig|6666666.1036479.peg.3168,fig|6666666.1036479.peg.1138,0.9439017951488495,0.00025653747909660585,Very Low,Very Low,Very Low–Very Low,,,0,no STRING match,no STRING match,1937,2464,1,1
350,fig|6666666.1036479.peg.2924,fig|6666666.1036479.peg.856,0.9438669204711914,0.00025727254350662476,Very Low,Low,Very Low–Low,,,0,no STRING match,no STRING match,1827,2340,1,1
351,fig|6666666.1036479.peg.856,fig|6666666.1036479.peg.2454,0.9437865912914276,0.0002580076079166437,Low,Medium,Low–Medium,,,0,no STRING match,no STRING match,2340,3031,1,1
352,fig|6666666.1036479.peg.2948,fig|6666666.1036479.peg.793,0.9435787439346314,0.0002587426723266626,High,Medium,Medium–High,,,0,no STRING match,no STRING match,1843,2320,1,1
353,fig|6666666.1036479.peg.536,fig|6666666.1036479.peg.793,0.9434972465038299,0.00025947773673668157,Medium,Medium,Medium–Medium,,,0,no STRING match,no STRING match,2193,2320,1,1
354,fig|6666666.1036479.peg.458,fig|6666666.1036479.peg.1671,0.9434451758861542,0.0002602128011467005,Low,High,Low–High,,,0,no STRING match,no STRING match,2168,2712,1,1
355,fig|6666666.1036479.peg.2843,fig|6666666.1036479.peg.1693,0.9433802545070649,0.00026094786555671943,Very Low,Medium,Very Low–Medium,,,0,no STRING match,no STRING match,1785,2718,1,1
356,fig|6666666.1036479.peg.573,fig|6666666.1036479.peg.1671,0.9433359444141388,0.00026168292996673833,Very Low,High,Very Low–High,Hypothetical protein.,,0,secondary STRING hit (STRING protein assigned to a better match),no STRING match,2210,2712,1,1
357,fig|6666666.1036479.peg.1135,fig|6666666.1036479.peg.1138,0.9433003604412079,0.00026241799437675724,Very Low,Very Low,Very Low–Very Low,,,0,no STRING match,no STRING match,2462,2464,1,1
358,fig|6666666.1036479.peg.1150,fig|6666666.1036479.peg.2400,0.9432917416095734,0.0002631530587867762,Very Low,Very Low,Very Low–Very Low,,,0,no STRING match,no STRING match,2476,3005,1,1
359,fig|6666666.1036479.peg.1138,fig|6666666.1036479.peg.1145,0.9432882070541382,0.0002638881231967951,Very Low,Very Low,Very Low–Very Low,,,0,no STRING match,no STRING match,2464,2471,1,1
360,fig|6666666.1036479.peg.934,fig|6666666.1036479.peg.1693,0.9432326853275299,0.00026462318760681405,Low,Medium,Low–Medium,,,0,no STRING match,no STRING match,2385,2718,1,1
361,fig|6666666.1036479.peg.856,fig|6666666.1036479.peg.1489,0.9431971788406373,0.00026535825201683296,Low,Very Low,Very Low–Low,,,0,no STRING match,no STRING match,2340,2617,1,1
362,fig|6666666.1036479.peg.219,fig|6666666.1036479.peg.1146,0.9431935846805573,0.0002660933164268519,Very Low,Very Low,Very Low–Very Low,,,0,no STRING match,no STRING match,2081,2472,1,1
363,fig|6666666.1036479.peg.475,fig|6666666.1036479.peg.934,0.9431889593601227,0.0002668283808368708,Low,Low,Low–Low,,,0,no STRING match,no STRING match,2175,2385,1,1
364,fig|6666666.1036479.peg.2843,fig|6666666.1036479.peg.793,0.9431096971035003,0.00026756344524688977,Very Low,Medium,Very Low–Medium,,,0,no STRING match,no STRING match,1785,2320,1,1
365,fig|6666666.1036479.peg.793,fig|6666666.1036479.peg.2092,0.943083131313324,0.0002682985096569087,Medium,Medium,Medium–Medium,,,0,no STRING match,no STRING match,2320,2871,1,1
366,fig|6666666.1036479.peg.923,fig|6666666.1036479.peg.2071,0.9429664313793182,0.00026903357406692763,High,Medium,Medium–High,,,0,no STRING match,no STRING match,2380,2862,1,1
367,fig|6666666.1036479.peg.536,fig|6666666.1036479.peg.1693,0.9429639399051666,0.00026976863847694653,Medium,Medium,Medium–Medium,,,0,no STRING match,no STRING match,2193,2718,1,1
368,fig|6666666.1036479.peg.2672,fig|6666666.1036479.peg.861,0.9429025232791901,0.0002705037028869655,Medium,High,Medium–High,,,0,no STRING match,no STRING match,1704,2341,1,1
369,fig|6666666.1036479.peg.2948,fig|6666666.1036479.peg.1693,0.9428812265396118,0.0002712387672969844,High,Medium,Medium–High,,,0,no STRING match,no STRING match,1843,2718,1,1
370,fig|6666666.1036479.peg.1138,fig|6666666.1036479.peg.1150,0.9428659439086914,0.00027197383170700335,Very Low,Very Low,Very Low–Very Low,,,0,no STRING match,no STRING match,2464,2476,1,1
371,fig|6666666.1036479.peg.3131,fig|6666666.1036479.peg.36,0.9428270399570465,0.00027270889611702225,Low,Medium,Low–Medium,,,0,no STRING match,no STRING match,1923,2023,1,2
372,fig|6666666.1036479.peg.3131,fig|6666666.1036479.peg.184,0.9428270399570465,0.00027344396052704116,Low,Medium,Low–Medium,,,0,no STRING match,no STRING match,1923,2023,1,2
373,fig|6666666.1036479.peg.2762,fig|6666666.1036479.peg.793,0.9428139805793763,0.0002741790249370601,Medium,Medium,Medium–Medium,Hypothetical protein.,,0,secondary STRING hit (STRING protein assigned to a better match),no STRING match,1741,2320,1,1
374,fig|6666666.1036479.peg.3131,fig|6666666.1036479.peg.2156,0.9427471876144409,0.000274914089347079,Low,Very Low,Very Low–Low,,,0,no STRING match,no STRING match,1923,2906,1,1
375,fig|6666666.1036479.peg.3199,fig|6666666.1036479.peg.856,0.9427024722099304,0.00027564915375709797,Very Low,Low,Very Low–Low,,,0,no STRING match,no STRING match,1961,2340,1,1
376,fig|6666666.1036479.peg.2811,fig|6666666.1036479.peg.856,0.9426206946372986,0.0002763842181671169,Medium,Low,Low–Medium,,,0,no STRING match,no STRING match,1762,2340,1,1
377,fig|6666666.1036479.peg.728,fig|6666666.1036479.peg.2071,0.9425944566726685,0.00027711928257713583,Medium,Medium,Medium–Medium,,,0,no STRING match,no STRING match,2286,2862,1,1
378,fig|6666666.1036479.peg.3222,fig|6666666.1036479.peg.1719,0.9425493776798248,0.00027785434698715473,Medium,Medium,Medium–Medium,,,0,no STRING match,no STRING match,1972,2727,2,1
379,fig|6666666.1036479.peg.138,fig|6666666.1036479.peg.1719,0.9425493776798248,0.0002785894113971737,Medium,Medium,Medium–Medium,,,0,no STRING match,no STRING match,1972,2727,2,1
380,fig|6666666.1036479.peg.2988,fig|6666666.1036479.peg.861,0.9425255477428436,0.0002793244758071926,Medium,High,Medium–High,Hypothetical protein.,,0,secondary STRING hit (STRING protein assigned to a better match),no STRING match,1859,2341,1,1
381,fig|6666666.1036479.peg.2672,fig|6666666.1036479.peg.2988,0.9424014389514923,0.00028005954021721155,Medium,Medium,Medium–Medium,,Hypothetical protein.,0,no STRING match,secondary STRING hit (STRING protein assigned to a better match),1704,1859,1,1
382,fig|6666666.1036479.peg.2920,fig|6666666.1036479.peg.3131,0.9422821044921875,0.00028079460462723045,Very Low,Low,Very Low–Low,,,0,no STRING match,no STRING match,1823,1923,1,1
383,fig|6666666.1036479.peg.1719,fig|6666666.1036479.peg.2455,0.9422558724880219,0.0002815296690372494,Medium,Medium,Medium–Medium,,,0,no STRING match,no STRING match,2727,3032,1,1
384,fig|6666666.1036479.peg.219,fig|6666666.1036479.peg.1538,0.9422271013259887,0.0002822647334472683,Very Low,Very Low,Very Low–Very Low,,,0,no STRING match,no STRING match,2081,2642,1,1
385,fig|6666666.1036479.peg.3166,fig|6666666.1036479.peg.1131,0.942211800813675,0.00028299979785728727,Very Low,Very Low,Very Low–Very Low,,,0,no STRING match,no STRING match,1935,2460,1,1
386,fig|6666666.1036479.peg.856,fig|6666666.1036479.peg.1764,0.9420811116695404,0.00028373486226730617,Low,Low,Low–Low,,,0,no STRING match,no STRING match,2340,2739,1,1
387,fig|6666666.1036479.peg.1138,fig|6666666.1036479.peg.1140,0.9420782208442688,0.0002844699266773251,Very Low,Very Low,Very Low–Very Low,,,0,no STRING match,no STRING match,2464,2466,1,1
388,fig|6666666.1036479.peg.2988,fig|6666666.1036479.peg.649,0.9420500576496125,0.00028520499108734403,Medium,Medium,Medium–Medium,Hypothetical protein.,,0,secondary STRING hit (STRING protein assigned to a better match),no STRING match,1859,2246,1,1
389,fig|6666666.1036479.peg.2778,fig|6666666.1036479.peg.3168,0.9419937789440155,0.00028594005549736293,Very Low,Very Low,Very Low–Very Low,,,0,no STRING match,no STRING match,1747,1937,1,1
390,fig|6666666.1036479.peg.3166,fig|6666666.1036479.peg.1141,0.941973352432251,0.0002866751199073819,Very Low,Very Low,Very Low–Very Low,,,0,no STRING match,no STRING match,1935,2467,1,1
391,fig|6666666.1036479.peg.2762,fig|6666666.1036479.peg.1693,0.9419202625751495,0.0002874101843174008,Medium,Medium,Medium–Medium,Hypothetical protein.,,0,secondary STRING hit (STRING protein assigned to a better match),no STRING match,1741,2718,1,1
392,fig|6666666.1036479.peg.1719,fig|6666666.1036479.peg.2091,0.9418605625629425,0.00028814524872741975,Medium,Medium,Medium–Medium,,,0,no STRING match,no STRING match,2727,2870,1,1
393,fig|6666666.1036479.peg.1142,fig|6666666.1036479.peg.2400,0.941834133863449,0.00028888031313743865,Very Low,Very Low,Very Low–Very Low,,,0,no STRING match,no STRING match,2468,3005,1,1
394,fig|6666666.1036479.peg.3113,fig|6666666.1036479.peg.2071,0.9418173193931579,0.0002896153775474576,Very Low,Medium,Very Low–Medium,,,0,no STRING match,no STRING match,1915,2862,1,1
395,fig|6666666.1036479.peg.3020,fig|6666666.1036479.peg.2071,0.9417894780635834,0.0002903504419574765,Low,Medium,Low–Medium,,,0,no STRING match,no STRING match,1878,2862,1,1
396,fig|6666666.1036479.peg.2848,fig|6666666.1036479.peg.3131,0.9417722404003144,0.00029108550636749547,Very Low,Low,Very Low–Low,,,0,no STRING match,no STRING match,1786,1923,1,1
397,fig|6666666.1036479.peg.2792,fig|6666666.1036479.peg.2988,0.9416546404361725,0.00029182057077751437,High,Medium,Medium–High,,Hypothetical protein.,0,no STRING match,secondary STRING hit (STRING protein assigned to a better match),1754,1859,1,1
398,fig|6666666.1036479.peg.3131,fig|6666666.1036479.peg.1934,0.9416421711444855,0.00029255563518753333,Low,Low,Low–Low,,,0,no STRING match,no STRING match,1923,2801,1,1
399,fig|6666666.1036479.peg.1160,fig|6666666.1036479.peg.1273,0.9416359424591064,0.00029329069959755223,Very Low,Very Low,Very Low–Very Low,,,0,no STRING match,no STRING match,2481,2524,1,1
400,fig|6666666.1036479.peg.2400,fig|6666666.1036479.peg.2414,0.9416035115718842,0.0002940257640075712,Very Low,Very Low,Very Low–Very Low,,,0,no STRING match,no STRING match,3005,3014,1,1
401,fig|6666666.1036479.peg.3000,fig|6666666.1036479.peg.2400,0.9415542483329773,0.0002947608284175901,Very Low,Very Low,Very Low–Very Low,,,0,no STRING match,no STRING match,1863,3005,1,1
402,fig|6666666.1036479.peg.2071,fig|6666666.1036479.peg.2436,0.9414387226104737,0.000295495892827609,Medium,Medium,Medium–Medium,,,0,no STRING match,no STRING match,2862,3022,1,1
403,fig|6666666.1036479.peg.475,fig|6666666.1036479.peg.573,0.9414321541786194,0.00029623095723762795,Low,Very Low,Very Low–Low,,Hypothetical protein.,0,no STRING match,secondary STRING hit (STRING protein assigned to a better match),2175,2210,1,1
404,fig|6666666.1036479.peg.219,fig|6666666.1036479.peg.1135,0.9414177894592285,0.00029696602164764685,Very Low,Very Low,Very Low–Very Low,,,0,no STRING match,no STRING match,2081,2462,1,1
405,fig|6666666.1036479.peg.3131,fig|6666666.1036479.peg.3191,0.9413905799388885,0.0002977010860576658,Low,Medium,Low–Medium,,,0,no STRING match,no STRING match,1923,1954,1,1
406,fig|6666666.1036479.peg.2548,fig|6666666.1036479.peg.253,0.9413768231868744,0.0002984361504676847,High,Low,Low–High,,Hypothetical protein.,0,no STRING match,secondary STRING hit (STRING protein assigned to a better match),1641,2096,1,1
407,fig|6666666.1036479.peg.856,fig|6666666.1036479.peg.2386,0.9413137853145599,0.00029917121487770367,Low,Medium,Low–Medium,,,0,no STRING match,no STRING match,2340,3000,1,1
408,fig|6666666.1036479.peg.3131,fig|6666666.1036479.peg.2455,0.9412961065769195,0.00029990627928772257,Low,Medium,Low–Medium,,,0,no STRING match,no STRING match,1923,3032,1,1
409,fig|6666666.1036479.peg.36,fig|6666666.1036479.peg.2071,0.9412923097610474,0.00030064134369774153,Medium,Medium,Medium–Medium,,,0,no STRING match,no STRING match,2023,2862,2,1
410,fig|6666666.1036479.peg.184,fig|6666666.1036479.peg.2071,0.9412923097610474,0.00030137640810776043,Medium,Medium,Medium–Medium,,,0,no STRING match,no STRING match,2023,2862,2,1
411,fig|6666666.1036479.peg.253,fig|6666666.1036479.peg.411,0.9412751376628876,0.0003021114725177794,Low,Low,Low–Low,Hypothetical protein.,Hypothetical protein.,0,secondary STRING hit (STRING protein assigned to a better match),secondary STRING hit (STRING protein assigned to a better match),2096,2150,1,1
412,fig|6666666.1036479.peg.2506,fig|6666666.1036479.peg.2523,0.9412612557411194,0.0003028465369277983,Very Low,Low,Very Low–Low,,,0,no STRING match,no STRING match,1613,1625,6,1
413,fig|6666666.1036479.peg.2516,fig|6666666.1036479.peg.2523,0.9412612557411194,0.00030358160133781725,Very Low,Low,Very Low–Low,,,0,no STRING match,no STRING match,1613,1625,6,1
414,fig|6666666.1036479.peg.2522,fig|6666666.1036479.peg.2523,0.9412612557411194,0.00030431666574783615,Very Low,Low,Very Low–Low,,,0,no STRING match,no STRING match,1613,1625,6,1
415,fig|6666666.1036479.peg.2523,fig|6666666.1036479.peg.974,0.9412612557411194,0.0003050517301578551,Low,Very Low,Very Low–Low,,,0,no STRING match,no STRING match,1625,1613,1,6
416,fig|6666666.1036479.peg.2523,fig|6666666.1036479.peg.979,0.9412612557411194,0.000305786794567874,Low,Very Low,Very Low–Low,,,0,no STRING match,no STRING match,1625,1613,1,6
417,fig|6666666.1036479.peg.2523,fig|6666666.1036479.peg.2491,0.9412612557411194,0.0003065218589778929,Low,Very Low,Very Low–Low,,,0,no STRING match,no STRING match,1625,1613,1,6
418,fig|6666666.1036479.peg.793,fig|6666666.1036479.peg.934,0.9411836802959442,0.00030725692338791187,Medium,Low,Low–Medium,,,0,no STRING match,no STRING match,2320,2385,1,1
419,fig|6666666.1036479.peg.793,fig|6666666.1036479.peg.923,0.9411570727825165,0.00030799198779793077,Medium,High,Medium–High,,,0,no STRING match,no STRING match,2320,2380,1,1
420,fig|6666666.1036479.peg.2506,fig|6666666.1036479.peg.874,0.9410168290138244,0.00030872705220794973,Very Low,Medium,Very Low–Medium,,,0,no STRING match,no STRING match,1613,2351,6,1
421,fig|6666666.1036479.peg.2516,fig|6666666.1036479.peg.874,0.9410168290138244,0.00030946211661796863,Very Low,Medium,Very Low–Medium,,,0,no STRING match,no STRING match,1613,2351,6,1
422,fig|6666666.1036479.peg.2522,fig|6666666.1036479.peg.874,0.9410168290138244,0.0003101971810279876,Very Low,Medium,Very Low–Medium,,,0,no STRING match,no STRING match,1613,2351,6,1
423,fig|6666666.1036479.peg.874,fig|6666666.1036479.peg.974,0.9410168290138244,0.0003109322454380065,Medium,Very Low,Very Low–Medium,,,0,no STRING match,no STRING match,2351,1613,1,6
424,fig|6666666.1036479.peg.874,fig|6666666.1036479.peg.979,0.9410168290138244,0.00031166730984802545,Medium,Very Low,Very Low–Medium,,,0,no STRING match,no STRING match,2351,1613,1,6
425,fig|6666666.1036479.peg.874,fig|6666666.1036479.peg.2491,0.9410168290138244,0.00031240237425804435,Medium,Very Low,Very Low–Medium,,,0,no STRING match,no STRING match,2351,1613,1,6
426,fig|6666666.1036479.peg.3131,fig|6666666.1036479.peg.725,0.940985631942749,0.0003131374386680633,Low,Very Low,Very Low–Low,,,0,no STRING match,no STRING match,1923,2283,1,1
427,fig|6666666.1036479.peg.793,fig|6666666.1036479.peg.2364,0.940979927778244,0.0003138725030780822,Medium,Medium,Medium–Medium,,,0,no STRING match,no STRING match,2320,2994,1,1
428,fig|6666666.1036479.peg.2761,fig|6666666.1036479.peg.856,0.9409542083740234,0.00031460756748810117,Low,Low,Low–Low,,,0,no STRING match,no STRING match,1740,2340,1,1
429,fig|6666666.1036479.peg.942,fig|6666666.1036479.peg.2071,0.9408675193786621,0.00031534263189812007,Very Low,Medium,Very Low–Medium,,,0,no STRING match,no STRING match,2389,2862,1,1
430,fig|6666666.1036479.peg.2672,fig|6666666.1036479.peg.2792,0.9408360898494721,0.000316077696308139,Medium,High,Medium–High,,,0,no STRING match,no STRING match,1704,1754,1,1
431,fig|6666666.1036479.peg.1693,fig|6666666.1036479.peg.2114,0.9407750606536865,0.00031681276071815793,Medium,Very Low,Very Low–Medium,,"COG1629 Outer membrane receptor proteins, mostly Fe transport.",0,no STRING match,secondary STRING hit (STRING protein assigned to a better match),2718,2884,1,1
432,fig|6666666.1036479.peg.2548,fig|6666666.1036479.peg.866,0.9406870067119598,0.00031754782512817683,High,High,High–High,,,0,no STRING match,no STRING match,1641,2345,1,1
433,fig|6666666.1036479.peg.2948,fig|6666666.1036479.peg.1671,0.9406780004501343,0.0003182828895381958,High,High,High–High,,,0,no STRING match,no STRING match,1843,2712,1,1
434,fig|6666666.1036479.peg.1671,fig|6666666.1036479.peg.2364,0.9405469834804535,0.0003190179539482147,High,Medium,Medium–High,,,0,no STRING match,no STRING match,2712,2994,1,1
435,fig|6666666.1036479.peg.923,fig|6666666.1036479.peg.1693,0.9404424726963043,0.00031975301835823365,High,Medium,Medium–High,,,0,no STRING match,no STRING match,2380,2718,1,1
436,fig|6666666.1036479.peg.3131,fig|6666666.1036479.peg.1947,0.9404182672500611,0.00032048808276825255,Low,Medium,Low–Medium,,,0,no STRING match,no STRING match,1923,2809,1,1
437,fig|6666666.1036479.peg.2568,fig|6666666.1036479.peg.856,0.9404152393341064,0.0003212231471782715,Very Low,Low,Very Low–Low,,,0,no STRING match,no STRING match,1656,2340,1,1
438,fig|6666666.1036479.peg.1671,fig|6666666.1036479.peg.2092,0.9403510630130768,0.0003219582115882904,High,Medium,Medium–High,,,0,no STRING match,no STRING match,2712,2871,1,1
439,fig|6666666.1036479.peg.3089,fig|6666666.1036479.peg.861,0.9403341829776763,0.00032269327599830937,High,High,High–High,,,0,no STRING match,no STRING match,1907,2341,1,1
440,fig|6666666.1036479.peg.3076,fig|6666666.1036479.peg.793,0.94022696018219,0.00032342834040832827,High,Medium,Medium–High,,,0,no STRING match,no STRING match,1899,2320,1,1
441,fig|6666666.1036479.peg.2545,fig|6666666.1036479.peg.856,0.940207552909851,0.0003241634048183472,Very Low,Low,Very Low–Low,,,0,no STRING match,no STRING match,1638,2340,7,1
442,fig|6666666.1036479.peg.2567,fig|6666666.1036479.peg.856,0.940207552909851,0.00032489846922836613,Very Low,Low,Very Low–Low,,,0,no STRING match,no STRING match,1638,2340,7,1
443,fig|6666666.1036479.peg.856,fig|6666666.1036479.peg.1573,0.940207552909851,0.0003256335336383851,Low,Very Low,Very Low–Low,,,0,no STRING match,no STRING match,2340,1638,1,7
444,fig|6666666.1036479.peg.856,fig|6666666.1036479.peg.1586,0.940207552909851,0.000326368598048404,Low,Very Low,Very Low–Low,,,0,no STRING match,no STRING match,2340,1638,1,7
445,fig|6666666.1036479.peg.856,fig|6666666.1036479.peg.1597,0.940207552909851,0.00032710366245842294,Low,Very Low,Very Low–Low,,,0,no STRING match,no STRING match,2340,1638,1,7
446,fig|6666666.1036479.peg.856,fig|6666666.1036479.peg.1619,0.940207552909851,0.00032783872686844185,Low,Very Low,Very Low–Low,,,0,no STRING match,no STRING match,2340,1638,1,7
447,fig|6666666.1036479.peg.856,fig|6666666.1036479.peg.1643,0.940207552909851,0.00032857379127846075,Low,Very Low,Very Low–Low,,,0,no STRING match,no STRING match,2340,1638,1,7
448,fig|6666666.1036479.peg.1671,fig|6666666.1036479.peg.2114,0.9401440143585205,0.0003293088556884797,High,Very Low,Very Low–High,,"COG1629 Outer membrane receptor proteins, mostly Fe transport.",0,no STRING match,secondary STRING hit (STRING protein assigned to a better match),2712,2884,1,1
449,fig|6666666.1036479.peg.2848,fig|6666666.1036479.peg.1719,0.94009428024292,0.0003300439200984986,Very Low,Medium,Very Low–Medium,,,0,no STRING match,no STRING match,1786,2727,1,1
450,fig|6666666.1036479.peg.3076,fig|6666666.1036479.peg.1693,0.9400910794734955,0.00033077898450851757,High,Medium,Medium–High,,,0,no STRING match,no STRING match,1899,2718,1,1
451,fig|6666666.1036479.peg.2788,fig|6666666.1036479.peg.3131,0.9400105655193329,0.00033151404891853647,Medium,Low,Low–Medium,,,0,no STRING match,no STRING match,1752,1923,1,1
452,fig|6666666.1036479.peg.856,fig|6666666.1036479.peg.1582,0.9398029386997223,0.0003322491133285554,Low,Very Low,Very Low–Low,,YD repeat-containing protein; COG3209 Rhs family protein.,0,no STRING match,secondary STRING hit (STRING protein assigned to a better match),2340,2673,1,1
453,fig|6666666.1036479.peg.536,fig|6666666.1036479.peg.1671,0.939721143245697,0.00033298417773857433,Medium,High,Medium–High,,,0,no STRING match,no STRING match,2193,2712,1,1
454,fig|6666666.1036479.peg.2762,fig|6666666.1036479.peg.1671,0.9397040188312531,0.0003337192421485933,Medium,High,Medium–High,Hypothetical protein.,,0,secondary STRING hit (STRING protein assigned to a better match),no STRING match,1741,2712,1,1
455,fig|6666666.1036479.peg.2948,fig|6666666.1036479.peg.475,0.9396636486053467,0.0003344543065586122,High,Low,Low–High,,,0,no STRING match,no STRING match,1843,2175,1,1
456,fig|6666666.1036479.peg.728,fig|6666666.1036479.peg.793,0.9395343542099,0.00033518937096863114,Medium,Medium,Medium–Medium,,,0,no STRING match,no STRING match,2286,2320,1,1
457,fig|6666666.1036479.peg.3131,fig|6666666.1036479.peg.903,0.9394855439662934,0.00033592443537865005,Low,Medium,Low–Medium,,,0,no STRING match,no STRING match,1923,2371,1,1
458,fig|6666666.1036479.peg.3131,fig|6666666.1036479.peg.942,0.9394310712814331,0.000336659499788669,Low,Very Low,Very Low–Low,,,0,no STRING match,no STRING match,1923,2389,1,1
459,fig|6666666.1036479.peg.2536,fig|6666666.1036479.peg.856,0.9394045174121857,0.0003373945641986879,Very Low,Low,Very Low–Low,,,0,no STRING match,no STRING match,1629,2340,1,1
460,fig|6666666.1036479.peg.856,fig|6666666.1036479.peg.1991,0.9393920183181763,0.00033812962860870686,Low,Very Low,Very Low–Low,,,0,no STRING match,no STRING match,2340,2837,1,1
461,fig|6666666.1036479.peg.2778,fig|6666666.1036479.peg.1138,0.9393876194953918,0.00033886469301872577,Very Low,Very Low,Very Low–Very Low,,,0,no STRING match,no STRING match,1747,2464,1,1
462,fig|6666666.1036479.peg.2551,fig|6666666.1036479.peg.856,0.939379757642746,0.00033959975742874467,Very Low,Low,Very Low–Low,,,0,no STRING match,no STRING match,1644,2340,1,1
463,fig|6666666.1036479.peg.2988,fig|6666666.1036479.peg.1739,0.9393696308135986,0.0003403348218387636,Medium,Very Low,Very Low–Medium,Hypothetical protein.,,0,secondary STRING hit (STRING protein assigned to a better match),no STRING match,1859,2731,1,1
464,fig|6666666.1036479.peg.793,fig|6666666.1036479.peg.942,0.9393228352069855,0.00034106988624878253,Medium,Very Low,Very Low–Medium,,,0,no STRING match,no STRING match,2320,2389,1,1
465,fig|6666666.1036479.peg.1693,fig|6666666.1036479.peg.2364,0.9392577230930328,0.0003418049506588015,Medium,Medium,Medium–Medium,,,0,no STRING match,no STRING match,2718,2994,1,1
466,fig|6666666.1036479.peg.1195,fig|6666666.1036479.peg.2071,0.9392326951026917,0.0003425400150688204,Medium,Medium,Medium–Medium,,,0,no STRING match,no STRING match,2492,2862,1,1
467,fig|6666666.1036479.peg.3207,fig|6666666.1036479.peg.1719,0.9391837954521179,0.00034327507947883934,Medium,Medium,Medium–Medium,,,0,no STRING match,no STRING match,1965,2727,1,1
468,fig|6666666.1036479.peg.2778,fig|6666666.1036479.peg.3166,0.9389613032341003,0.00034401014388885825,Very Low,Very Low,Very Low–Very Low,,,0,no STRING match,no STRING match,1747,1935,1,1
469,fig|6666666.1036479.peg.3131,fig|6666666.1036479.peg.721,0.9389430165290833,0.0003447452082988772,Low,High,Low–High,,Yd repeat protein; COG3209 Rhs family protein.,0,no STRING match,secondary STRING hit (STRING protein assigned to a better match),1923,2279,1,1
470,fig|6666666.1036479.peg.475,fig|6666666.1036479.peg.2114,0.9389042913913727,0.0003454802727088961,Low,Very Low,Very Low–Low,,"COG1629 Outer membrane receptor proteins, mostly Fe transport.",0,no STRING match,secondary STRING hit (STRING protein assigned to a better match),2175,2884,1,1
471,fig|6666666.1036479.peg.1064,fig|6666666.1036479.peg.2071,0.9388809323310852,0.00034621533711891506,Medium,Medium,Medium–Medium,,,0,no STRING match,no STRING match,2414,2862,1,1
472,fig|6666666.1036479.peg.475,fig|6666666.1036479.peg.2092,0.9388007879257202,0.00034695040152893397,Low,Medium,Low–Medium,,,0,no STRING match,no STRING match,2175,2871,1,1
473,fig|6666666.1036479.peg.219,fig|6666666.1036479.peg.1152,0.9387856841087341,0.0003476854659389529,Very Low,Very Low,Very Low–Very Low,,,0,no STRING match,no STRING match,2081,2477,1,1
474,fig|6666666.1036479.peg.3010,fig|6666666.1036479.peg.856,0.9387284636497497,0.0003484205303489718,Low,Low,Low–Low,,,0,no STRING match,no STRING match,1870,2340,1,1
475,fig|6666666.1036479.peg.2778,fig|6666666.1036479.peg.1131,0.9387230098247528,0.0003491555947589908,Very Low,Very Low,Very Low–Very Low,,,0,no STRING match,no STRING match,1747,2460,1,1
476,fig|6666666.1036479.peg.3076,fig|6666666.1036479.peg.1671,0.9386994123458863,0.0003498906591690097,High,High,High–High,,,0,no STRING match,no STRING match,1899,2712,1,1
477,fig|6666666.1036479.peg.2788,fig|6666666.1036479.peg.1719,0.9386781871318817,0.0003506257235790286,Medium,Medium,Medium–Medium,,,0,no STRING match,no STRING match,1752,2727,1,1
478,fig|6666666.1036479.peg.411,fig|6666666.1036479.peg.866,0.9385800182819366,0.00035136078798904754,Low,High,Low–High,Hypothetical protein.,,0,secondary STRING hit (STRING protein assigned to a better match),no STRING match,2150,2345,1,1
479,fig|6666666.1036479.peg.2506,fig|6666666.1036479.peg.3077,0.9385632693767547,0.00035209585239906645,Very Low,Medium,Very Low–Medium,,,0,no STRING match,no STRING match,1613,1900,6,1
480,fig|6666666.1036479.peg.2516,fig|6666666.1036479.peg.3077,0.9385632693767547,0.0003528309168090854,Very Low,Medium,Very Low–Medium,,,0,no STRING match,no STRING match,1613,1900,6,1
481,fig|6666666.1036479.peg.2522,fig|6666666.1036479.peg.3077,0.9385632693767547,0.0003535659812191043,Very Low,Medium,Very Low–Medium,,,0,no STRING match,no STRING match,1613,1900,6,1
482,fig|6666666.1036479.peg.3077,fig|6666666.1036479.peg.974,0.9385632693767547,0.00035430104562912326,Medium,Very Low,Very Low–Medium,,,0,no STRING match,no STRING match,1900,1613,1,6
483,fig|6666666.1036479.peg.3077,fig|6666666.1036479.peg.979,0.9385632693767547,0.00035503611003914217,Medium,Very Low,Very Low–Medium,,,0,no STRING match,no STRING match,1900,1613,1,6
484,fig|6666666.1036479.peg.3077,fig|6666666.1036479.peg.2491,0.9385632693767547,0.0003557711744491611,Medium,Very Low,Very Low–Medium,,,0,no STRING match,no STRING match,1900,1613,1,6
485,fig|6666666.1036479.peg.689,fig|6666666.1036479.peg.2071,0.9385607421398163,0.00035650623885918,High,Medium,Medium–High,,,0,no STRING match,no STRING match,2261,2862,1,1
486,fig|6666666.1036479.peg.1547,fig|6666666.1036479.peg.1719,0.9385047078132629,0.000357241303269199,High,Medium,Medium–High,,,0,no STRING match,no STRING match,2647,2727,1,1
487,fig|6666666.1036479.peg.3166,fig|6666666.1036479.peg.1146,0.9384958863258361,0.0003579763676792179,Very Low,Very Low,Very Low–Very Low,,,0,no STRING match,no STRING match,1935,2472,1,1
488,fig|6666666.1036479.peg.3187,fig|6666666.1036479.peg.2071,0.9384609460830688,0.00035871143208923684,Very Low,Medium,Very Low–Medium,Hypothetical protein.,,0,secondary STRING hit (STRING protein assigned to a better match),no STRING match,1950,2862,1,1
489,fig|6666666.1036479.peg.475,fig|6666666.1036479.peg.1673,0.9384065449237824,0.00035944649649925574,Low,Very Low,Very Low–Low,,,0,no STRING match,no STRING match,2175,2713,1,1
490,fig|6666666.1036479.peg.3166,fig|6666666.1036479.peg.3168,0.9383121132850647,0.0003601815609092747,Very Low,Very Low,Very Low–Very Low,,,0,no STRING match,no STRING match,1935,1937,1,1
491,fig|6666666.1036479.peg.942,fig|6666666.1036479.peg.1693,0.9382347166538239,0.0003609166253192936,Very Low,Medium,Very Low–Medium,,,0,no STRING match,no STRING match,2389,2718,1,1
492,fig|6666666.1036479.peg.3131,fig|6666666.1036479.peg.1268,0.9382031798362732,0.0003616516897293125,Low,Medium,Low–Medium,,,0,no STRING match,no STRING match,1923,2521,1,1
493,fig|6666666.1036479.peg.2796,fig|6666666.1036479.peg.2400,0.9382030725479126,0.00036238675413933146,Very Low,Very Low,Very Low–Very Low,,,0,no STRING match,no STRING match,1755,3005,1,1
494,fig|6666666.1036479.peg.2672,fig|6666666.1036479.peg.3089,0.9381999611854553,0.00036312181854935037,Medium,High,Medium–High,,,0,no STRING match,no STRING match,1704,1907,1,1
495,fig|6666666.1036479.peg.1308,fig|6666666.1036479.peg.2071,0.9381395041942596,0.0003638568829593693,Medium,Medium,Medium–Medium,,,0,no STRING match,no STRING match,2532,2862,1,1
496,fig|6666666.1036479.peg.3131,fig|6666666.1036479.peg.719,0.9381036639213562,0.0003645919473693882,Low,Medium,Low–Medium,,,0,no STRING match,no STRING match,1923,2277,1,1
497,fig|6666666.1036479.peg.2548,fig|6666666.1036479.peg.1739,0.9380531549453736,0.0003653270117794072,High,Very Low,Very Low–High,,,0,no STRING match,no STRING match,1641,2731,1,1
498,fig|6666666.1036479.peg.1719,fig|6666666.1036479.peg.2156,0.9380449116230011,0.0003660620761894261,Medium,Very Low,Very Low–Medium,,,0,no STRING match,no STRING match,2727,2906,1,1
499,fig|6666666.1036479.peg.866,fig|6666666.1036479.peg.1719,0.9380316197872162,0.00036679714059944504,High,Medium,Medium–High,,,0,no STRING match,no STRING match,2345,2727,1,1
500,fig|6666666.1036479.peg.236,fig|6666666.1036479.peg.1719,0.937962782382965,0.00036753220500946394,Very Low,Medium,Very Low–Medium,,,0,no STRING match,no STRING match,2086,2727,1,1
501,fig|6666666.1036479.peg.1141,fig|6666666.1036479.peg.1273,0.9378900051116943,0.0003682672694194829,Very Low,Very Low,Very Low–Very Low,,,0,no STRING match,no STRING match,2467,2524,1,1
502,fig|6666666.1036479.peg.728,fig|6666666.1036479.peg.1693,0.9378856718540192,0.0003690023338295018,Medium,Medium,Medium–Medium,,,0,no STRING match,no STRING match,2286,2718,1,1
503,fig|6666666.1036479.peg.2762,fig|6666666.1036479.peg.475,0.9378161907196045,0.00036973739823952076,Medium,Low,Low–Medium,Hypothetical protein.,,0,secondary STRING hit (STRING protein assigned to a better match),no STRING match,1741,2175,1,1
504,fig|6666666.1036479.peg.3131,fig|6666666.1036479.peg.1195,0.9377863466739654,0.00037047246264953966,Low,Medium,Low–Medium,,,0,no STRING match,no STRING match,1923,2492,1,1
505,fig|6666666.1036479.peg.649,fig|6666666.1036479.peg.942,0.9377760767936707,0.0003712075270595586,Medium,Very Low,Very Low–Medium,,,0,no STRING match,no STRING match,2246,2389,1,1
506,fig|6666666.1036479.peg.1131,fig|6666666.1036479.peg.1273,0.9377547681331635,0.0003719425914695775,Very Low,Very Low,Very Low–Very Low,,,0,no STRING match,no STRING match,2460,2524,1,1
507,fig|6666666.1036479.peg.856,fig|6666666.1036479.peg.865,0.9377144932746887,0.0003726776558795964,Low,Medium,Low–Medium,,,0,no STRING match,no STRING match,2340,2344,1,1
508,fig|6666666.1036479.peg.2843,fig|6666666.1036479.peg.475,0.9377067744731903,0.0003734127202896154,Very Low,Low,Very Low–Low,,,0,no STRING match,no STRING match,1785,2175,1,1
509,fig|6666666.1036479.peg.3131,fig|6666666.1036479.peg.819,0.937691730260849,0.0003741477846996343,Low,Very Low,Very Low–Low,,,0,no STRING match,no STRING match,1923,2330,1,1
510,fig|6666666.1036479.peg.856,fig|6666666.1036479.peg.1343,0.937630707025528,0.00037488284910965324,Low,Very Low,Very Low–Low,,,0,no STRING match,no STRING match,2340,2553,1,1
511,fig|6666666.1036479.peg.411,fig|6666666.1036479.peg.1739,0.9376275777816773,0.00037561791351967214,Low,Very Low,Very Low–Low,Hypothetical protein.,,0,secondary STRING hit (STRING protein assigned to a better match),no STRING match,2150,2731,1,1
512,fig|6666666.1036479.peg.411,fig|6666666.1036479.peg.1080,0.9375574707984924,0.0003763529779296911,Low,High,Low–High,Hypothetical protein.,,0,secondary STRING hit (STRING protein assigned to a better match),no STRING match,2150,2424,1,1
513,fig|6666666.1036479.peg.923,fig|6666666.1036479.peg.1671,0.9375143647193909,0.00037708804233971,High,High,High–High,,,0,no STRING match,no STRING match,2380,2712,1,1
514,fig|6666666.1036479.peg.1138,fig|6666666.1036479.peg.1152,0.9375007629394532,0.00037782310674972896,Very Low,Very Low,Very Low–Very Low,,,0,no STRING match,no STRING match,2464,2477,1,1
515,fig|6666666.1036479.peg.2672,fig|6666666.1036479.peg.573,0.9375006675720214,0.00037855817115974786,Medium,Very Low,Very Low–Medium,,Hypothetical protein.,0,no STRING match,secondary STRING hit (STRING protein assigned to a better match),1704,2210,1,1
516,fig|6666666.1036479.peg.856,fig|6666666.1036479.peg.1344,0.9374622106552124,0.0003792932355697668,Low,Very Low,Very Low–Low,,,0,no STRING match,no STRING match,2340,2554,1,1
517,fig|6666666.1036479.peg.2672,fig|6666666.1036479.peg.1419,0.9374255776405335,0.0003800282999797857,Medium,High,Medium–High,,,0,no STRING match,no STRING match,1704,2597,1,1
518,fig|6666666.1036479.peg.2548,fig|6666666.1036479.peg.1080,0.9373776257038117,0.0003807633643898047,High,High,High–High,,,0,no STRING match,no STRING match,1641,2424,1,1
519,fig|6666666.1036479.peg.856,fig|6666666.1036479.peg.1726,0.9373729944229126,0.0003814984287998236,Low,Very Low,Very Low–Low,,,0,no STRING match,no STRING match,2340,2729,1,1
520,fig|6666666.1036479.peg.458,fig|6666666.1036479.peg.861,0.9373228669166564,0.00038223349320984254,Low,High,Low–High,,,0,no STRING match,no STRING match,2168,2341,1,1
521,fig|6666666.1036479.peg.2672,fig|6666666.1036479.peg.2843,0.9373207926750183,0.00038296855761986144,Medium,Very Low,Very Low–Medium,,,0,no STRING match,no STRING match,1704,1785,1,1
522,fig|6666666.1036479.peg.856,fig|6666666.1036479.peg.2095,0.9372462868690491,0.00038370362202988034,Low,Medium,Low–Medium,,,0,no STRING match,no STRING match,2340,2873,1,1
523,fig|6666666.1036479.peg.2672,fig|6666666.1036479.peg.1739,0.9372368097305298,0.0003844386864398993,Medium,Very Low,Very Low–Medium,,,0,no STRING match,no STRING match,1704,2731,1,1
524,fig|6666666.1036479.peg.2681,fig|6666666.1036479.peg.1719,0.9371943771839142,0.0003851737508499182,Low,Medium,Low–Medium,,,0,no STRING match,no STRING match,1706,2727,1,1
525,fig|6666666.1036479.peg.1138,fig|6666666.1036479.peg.2307,0.9371855854988098,0.00038590881525993716,Very Low,Very Low,Very Low–Very Low,,,0,no STRING match,no STRING match,2464,2969,1,1
526,fig|6666666.1036479.peg.1671,fig|6666666.1036479.peg.1673,0.9371261537075043,0.00038664387966995606,High,Very Low,Very Low–High,,,0,no STRING match,no STRING match,2712,2713,1,1
527,fig|6666666.1036479.peg.899,fig|6666666.1036479.peg.1160,0.9371049165725708,0.000387378944079975,Very Low,Very Low,Very Low–Very Low,,,0,no STRING match,no STRING match,2369,2481,1,1
528,fig|6666666.1036479.peg.36,fig|6666666.1036479.peg.793,0.9370892465114593,0.0003881140084899939,Medium,Medium,Medium–Medium,,,0,no STRING match,no STRING match,2023,2320,2,1
529,fig|6666666.1036479.peg.184,fig|6666666.1036479.peg.793,0.9370892465114593,0.0003888490729000129,Medium,Medium,Medium–Medium,,,0,no STRING match,no STRING match,2023,2320,2,1
530,fig|6666666.1036479.peg.856,fig|6666666.1036479.peg.1953,0.9370488047599792,0.0003895841373100318,Low,Low,Low–Low,,,0,no STRING match,no STRING match,2340,2814,1,1
531,fig|6666666.1036479.peg.2626,fig|6666666.1036479.peg.856,0.9370378077030181,0.00039031920172005074,High,Low,Low–High,,,0,no STRING match,no STRING match,1683,2340,1,1
532,fig|6666666.1036479.peg.861,fig|6666666.1036479.peg.1419,0.937012892961502,0.00039105426613006964,High,High,High–High,,,0,no STRING match,no STRING match,2341,2597,1,1
533,fig|6666666.1036479.peg.3020,fig|6666666.1036479.peg.1693,0.9369908988475799,0.0003917893305400886,Low,Medium,Low–Medium,,,0,no STRING match,no STRING match,1878,2718,1,1
534,fig|6666666.1036479.peg.2506,fig|6666666.1036479.peg.1937,0.9369887471199035,0.0003925243949501075,Very Low,High,Very Low–High,,,0,no STRING match,no STRING match,1613,2802,6,1
535,fig|6666666.1036479.peg.2516,fig|6666666.1036479.peg.1937,0.9369887471199035,0.0003932594593601264,Very Low,High,Very Low–High,,,0,no STRING match,no STRING match,1613,2802,6,1
536,fig|6666666.1036479.peg.2522,fig|6666666.1036479.peg.1937,0.9369887471199035,0.00039399452377014536,Very Low,High,Very Low–High,,,0,no STRING match,no STRING match,1613,2802,6,1
537,fig|6666666.1036479.peg.974,fig|6666666.1036479.peg.1937,0.9369887471199035,0.00039472958818016426,Very Low,High,Very Low–High,,,0,no STRING match,no STRING match,1613,2802,6,1
538,fig|6666666.1036479.peg.979,fig|6666666.1036479.peg.1937,0.9369887471199035,0.0003954646525901832,Very Low,High,Very Low–High,,,0,no STRING match,no STRING match,1613,2802,6,1
539,fig|6666666.1036479.peg.1937,fig|6666666.1036479.peg.2491,0.9369887471199035,0.0003961997170002021,High,Very Low,Very Low–High,,,0,no STRING match,no STRING match,2802,1613,1,6
540,fig|6666666.1036479.peg.2792,fig|6666666.1036479.peg.3089,0.9369612455368042,0.0003969347814102211,High,High,High–High,,,0,no STRING match,no STRING match,1754,1907,1,1
541,fig|6666666.1036479.peg.856,fig|6666666.1036479.peg.2384,0.9368991494178772,0.00039766984582024,Low,Medium,Low–Medium,,,0,no STRING match,no STRING match,2340,2998,1,1
542,fig|6666666.1036479.peg.3166,fig|6666666.1036479.peg.1538,0.9368870973587036,0.00039840491023025894,Very Low,Very Low,Very Low–Very Low,,,0,no STRING match,no STRING match,1935,2642,1,1
543,fig|6666666.1036479.peg.312,fig|6666666.1036479.peg.856,0.9368059575557709,0.00039913997464027784,Medium,Low,Low–Medium,,,0,no STRING match,no STRING match,2123,2340,1,1
544,fig|6666666.1036479.peg.369,fig|6666666.1036479.peg.856,0.9368004322052002,0.0003998750390502968,High,Low,Low–High,,,0,no STRING match,no STRING match,2138,2340,1,1
545,fig|6666666.1036479.peg.2672,fig|6666666.1036479.peg.649,0.9367776155471802,0.0004006101034603157,Medium,Medium,Medium–Medium,,,0,no STRING match,no STRING match,1704,2246,1,1
546,fig|6666666.1036479.peg.3213,fig|6666666.1036479.peg.856,0.9367733001708984,0.00040134516787033466,Very Low,Low,Very Low–Low,,,0,no STRING match,no STRING match,1967,2340,1,1
547,fig|6666666.1036479.peg.2792,fig|6666666.1036479.peg.1419,0.9367613852024078,0.00040208023228035356,High,High,High–High,,,0,no STRING match,no STRING match,1754,2597,1,1
548,fig|6666666.1036479.peg.2792,fig|6666666.1036479.peg.458,0.9366751730442047,0.0004028152966903725,High,Low,Low–High,,,0,no STRING match,no STRING match,1754,2168,1,1
549,fig|6666666.1036479.peg.856,fig|6666666.1036479.peg.2099,0.936665540933609,0.0004035503611003914,Low,Low,Low–Low,,,0,no STRING match,no STRING match,2340,2876,1,1
550,fig|6666666.1036479.peg.3187,fig|6666666.1036479.peg.793,0.9366584599018097,0.0004042854255104103,Very Low,Medium,Very Low–Medium,Hypothetical protein.,,0,secondary STRING hit (STRING protein assigned to a better match),no STRING match,1950,2320,1,1
551,fig|6666666.1036479.peg.3131,fig|6666666.1036479.peg.1946,0.936599177122116,0.0004050204899204293,Low,Medium,Low–Medium,,,0,no STRING match,no STRING match,1923,2808,1,1
552,fig|6666666.1036479.peg.2814,fig|6666666.1036479.peg.856,0.9365607619285583,0.0004057555543304482,Very Low,Low,Very Low–Low,,,0,no STRING match,no STRING match,1765,2340,1,1
553,fig|6666666.1036479.peg.2071,fig|6666666.1036479.peg.2091,0.9364970564842224,0.00040649061874046714,Medium,Medium,Medium–Medium,,,0,no STRING match,no STRING match,2862,2870,1,1
554,fig|6666666.1036479.peg.2071,fig|6666666.1036479.peg.2455,0.9364273726940155,0.00040722568315048604,Medium,Medium,Medium–Medium,,,0,no STRING match,no STRING match,2862,3032,1,1
555,fig|6666666.1036479.peg.519,fig|6666666.1036479.peg.856,0.9364047288894654,0.000407960747560505,Medium,Low,Low–Medium,,,0,no STRING match,no STRING match,2187,2340,1,1
556,fig|6666666.1036479.peg.36,fig|6666666.1036479.peg.1693,0.9364034116268158,0.0004086958119705239,Medium,Medium,Medium–Medium,,,0,no STRING match,no STRING match,2023,2718,2,1
557,fig|6666666.1036479.peg.184,fig|6666666.1036479.peg.1693,0.9364034116268158,0.00040943087638054286,Medium,Medium,Medium–Medium,,,0,no STRING match,no STRING match,2023,2718,2,1
558,fig|6666666.1036479.peg.856,fig|6666666.1036479.peg.1362,0.9364028215408325,0.00041016594079056176,Low,Medium,Low–Medium,,,0,no STRING match,no STRING match,2340,2570,1,1
559,fig|6666666.1036479.peg.2400,fig|6666666.1036479.peg.2415,0.9363994300365448,0.0004109010052005807,Very Low,Very Low,Very Low–Very Low,,,0,no STRING match,no STRING match,3005,3015,1,1
560,fig|6666666.1036479.peg.793,fig|6666666.1036479.peg.1195,0.9362999022006988,0.0004116360696105996,Medium,Medium,Medium–Medium,,,0,no STRING match,no STRING match,2320,2492,1,1
561,fig|6666666.1036479.peg.3187,fig|6666666.1036479.peg.1693,0.9362927079200745,0.0004123711340206186,Very Low,Medium,Very Low–Medium,Hypothetical protein.,,0,secondary STRING hit (STRING protein assigned to a better match),no STRING match,1950,2718,1,1
562,fig|6666666.1036479.peg.3076,fig|6666666.1036479.peg.475,0.9362852573394775,0.0004131061984306375,High,Low,Low–High,,,0,no STRING match,no STRING match,1899,2175,1,1
563,fig|6666666.1036479.peg.1673,fig|6666666.1036479.peg.1693,0.9362134277820587,0.00041384126284065644,Very Low,Medium,Very Low–Medium,,,0,no STRING match,no STRING match,2713,2718,1,1
564,fig|6666666.1036479.peg.475,fig|6666666.1036479.peg.536,0.9362081110477447,0.00041457632725067534,Low,Medium,Low–Medium,,,0,no STRING match,no STRING match,2175,2193,1,1
565,fig|6666666.1036479.peg.856,fig|6666666.1036479.peg.1218,0.9361953139305115,0.00041531139166069424,Low,High,Low–High,,,0,no STRING match,no STRING match,2340,2504,1,1
566,fig|6666666.1036479.peg.3113,fig|6666666.1036479.peg.1671,0.936184573173523,0.0004160464560707132,Very Low,High,Very Low–High,,,0,no STRING match,no STRING match,1915,2712,1,1
567,fig|6666666.1036479.peg.1719,fig|6666666.1036479.peg.1946,0.9361039459705353,0.0004167815204807321,Medium,Medium,Medium–Medium,,,0,no STRING match,no STRING match,2727,2808,1,1
568,fig|6666666.1036479.peg.2778,fig|6666666.1036479.peg.1273,0.9361023962497711,0.00041751658489075106,Very Low,Very Low,Very Low–Very Low,,,0,no STRING match,no STRING match,1747,2524,1,1
569,fig|6666666.1036479.peg.2792,fig|6666666.1036479.peg.2948,0.9360684871673584,0.00041825164930076996,High,High,High–High,,,0,no STRING match,no STRING match,1754,1843,1,1
570,fig|6666666.1036479.peg.942,fig|6666666.1036479.peg.1739,0.9360579073429107,0.0004189867137107889,Very Low,Very Low,Very Low–Very Low,,,0,no STRING match,no STRING match,2389,2731,1,1
571,fig|6666666.1036479.peg.2672,fig|6666666.1036479.peg.458,0.9360305964946747,0.0004197217781208078,Medium,Low,Low–Medium,,,0,no STRING match,no STRING match,1704,2168,1,1
572,fig|6666666.1036479.peg.856,fig|6666666.1036479.peg.1265,0.9360298812389374,0.0004204568425308268,Low,Low,Low–Low,,,0,no STRING match,no STRING match,2340,2519,1,1
573,fig|6666666.1036479.peg.793,fig|6666666.1036479.peg.1064,0.9360081851482391,0.0004211919069408457,Medium,Medium,Medium–Medium,,,0,no STRING match,no STRING match,2320,2414,1,1
574,fig|6666666.1036479.peg.3222,fig|6666666.1036479.peg.2071,0.935992157459259,0.00042192697135086464,Medium,Medium,Medium–Medium,,,0,no STRING match,no STRING match,1972,2862,2,1
575,fig|6666666.1036479.peg.138,fig|6666666.1036479.peg.2071,0.935992157459259,0.00042266203576088354,Medium,Medium,Medium–Medium,,,0,no STRING match,no STRING match,1972,2862,2,1
576,fig|6666666.1036479.peg.1719,fig|6666666.1036479.peg.2042,0.9359652936458588,0.0004233971001709025,Medium,High,Medium–High,,,0,no STRING match,no STRING match,2727,2850,1,1
577,fig|6666666.1036479.peg.3168,fig|6666666.1036479.peg.1160,0.9359254717826844,0.0004241321645809214,Very Low,Very Low,Very Low–Very Low,,,0,no STRING match,no STRING match,1937,2481,1,1
578,fig|6666666.1036479.peg.856,fig|6666666.1036479.peg.1945,0.935887610912323,0.00042486722899094036,Low,Very Low,Very Low–Low,,,0,no STRING match,no STRING match,2340,2807,1,1
579,fig|6666666.1036479.peg.2988,fig|6666666.1036479.peg.3089,0.9358817279338837,0.00042560229340095926,Medium,High,Medium–High,Hypothetical protein.,,0,secondary STRING hit (STRING protein assigned to a better match),no STRING match,1859,1907,1,1
580,fig|6666666.1036479.peg.899,fig|6666666.1036479.peg.1141,0.9358786582946778,0.00042633735781097816,Very Low,Very Low,Very Low–Very Low,,,0,no STRING match,no STRING match,2369,2467,1,1
581,fig|6666666.1036479.peg.856,fig|6666666.1036479.peg.1655,0.9358456671237946,0.0004270724222209971,Low,Medium,Low–Medium,,,0,no STRING match,no STRING match,2340,2706,1,1
582,fig|6666666.1036479.peg.1138,fig|6666666.1036479.peg.2414,0.9358413696289063,0.000427807486631016,Very Low,Very Low,Very Low–Very Low,,,0,no STRING match,no STRING match,2464,3014,1,1
583,fig|6666666.1036479.peg.2948,fig|6666666.1036479.peg.861,0.9358357191085815,0.000428542551041035,High,High,High–High,,,0,no STRING match,no STRING match,1843,2341,1,1
584,fig|6666666.1036479.peg.2792,fig|6666666.1036479.peg.942,0.9357506215572358,0.0004292776154510539,High,Very Low,Very Low–High,,,0,no STRING match,no STRING match,1754,2389,1,1
585,fig|6666666.1036479.peg.1946,fig|6666666.1036479.peg.2071,0.9357232093811035,0.00043001267986107284,Medium,Medium,Medium–Medium,,,0,no STRING match,no STRING match,2808,2862,1,1
586,fig|6666666.1036479.peg.1719,fig|6666666.1036479.peg.1947,0.9357227444648742,0.00043074774427109174,Medium,Medium,Medium–Medium,,,0,no STRING match,no STRING match,2727,2809,1,1
587,fig|6666666.1036479.peg.1131,fig|6666666.1036479.peg.1160,0.9357195377349854,0.0004314828086811107,Very Low,Very Low,Very Low–Very Low,,,0,no STRING match,no STRING match,2460,2481,1,1
588,fig|6666666.1036479.peg.476,fig|6666666.1036479.peg.856,0.93568115234375,0.0004322178730911296,Very Low,Low,Very Low–Low,,,0,no STRING match,no STRING match,2176,2340,1,1
589,fig|6666666.1036479.peg.3167,fig|6666666.1036479.peg.1138,0.9356788337230683,0.00043295293750114856,Very Low,Very Low,Very Low–Very Low,,,0,no STRING match,no STRING match,1936,2464,1,1
590,fig|6666666.1036479.peg.3020,fig|6666666.1036479.peg.793,0.9355809271335602,0.00043368800191116746,Low,Medium,Low–Medium,,,0,no STRING match,no STRING match,1878,2320,1,1
591,fig|6666666.1036479.peg.3020,fig|6666666.1036479.peg.1671,0.9355188012123108,0.0004344230663211864,Low,High,Low–High,,,0,no STRING match,no STRING match,1878,2712,1,1
592,fig|6666666.1036479.peg.2672,fig|6666666.1036479.peg.934,0.9353081285953522,0.0004351581307312053,Medium,Low,Low–Medium,,,0,no STRING match,no STRING match,1704,2385,1,1
593,fig|6666666.1036479.peg.3167,fig|6666666.1036479.peg.219,0.9352861046791077,0.0004358931951412243,Very Low,Very Low,Very Low–Very Low,,,0,no STRING match,no STRING match,1936,2081,1,1
594,fig|6666666.1036479.peg.3131,fig|6666666.1036479.peg.3207,0.9352464556694031,0.0004366282595512432,Low,Medium,Low–Medium,,,0,no STRING match,no STRING match,1923,1965,1,1
595,fig|6666666.1036479.peg.866,fig|6666666.1036479.peg.1739,0.935224860906601,0.0004373633239612621,High,Very Low,Very Low–High,,,0,no STRING match,no STRING match,2345,2731,1,1
596,fig|6666666.1036479.peg.856,fig|6666666.1036479.peg.2104,0.9351974308490754,0.00043809838837128104,Low,High,Low–High,,,0,no STRING match,no STRING match,2340,2877,1,1
597,fig|6666666.1036479.peg.3131,fig|6666666.1036479.peg.2042,0.935171639919281,0.00043883345278129994,Low,High,Low–High,,,0,no STRING match,no STRING match,1923,2850,1,1
598,fig|6666666.1036479.peg.2548,fig|6666666.1036479.peg.2792,0.9351355135440826,0.0004395685171913189,High,High,High–High,,,0,no STRING match,no STRING match,1641,1754,1,1
599,fig|6666666.1036479.peg.2936,fig|6666666.1036479.peg.3131,0.9350869297981262,0.0004403035816013378,Very Low,Low,Very Low–Low,,,0,no STRING match,no STRING match,1836,1923,1,1
600,fig|6666666.1036479.peg.573,fig|6666666.1036479.peg.861,0.9350688219070434,0.00044103864601135676,Very Low,High,Very Low–High,Hypothetical protein.,,0,secondary STRING hit (STRING protein assigned to a better match),no STRING match,2210,2341,1,1
601,fig|6666666.1036479.peg.856,fig|6666666.1036479.peg.2049,0.9350583732128144,0.00044177371042137566,Low,Very Low,Very Low–Low,,,0,no STRING match,no STRING match,2340,2851,1,1
602,fig|6666666.1036479.peg.1195,fig|6666666.1036479.peg.1739,0.9350258409976959,0.0004425087748313946,Medium,Very Low,Very Low–Medium,,,0,no STRING match,no STRING match,2492,2731,1,1
603,fig|6666666.1036479.peg.793,fig|6666666.1036479.peg.2436,0.9350007236003876,0.0004432438392414135,Medium,Medium,Medium–Medium,,,0,no STRING match,no STRING match,2320,3022,1,1
604,fig|6666666.1036479.peg.458,fig|6666666.1036479.peg.1739,0.9349694371223449,0.0004439789036514325,Low,Very Low,Very Low–Low,,,0,no STRING match,no STRING match,2168,2731,1,1
605,fig|6666666.1036479.peg.1671,fig|6666666.1036479.peg.2436,0.9349671483039856,0.0004447139680614514,High,Medium,Medium–High,,,0,no STRING match,no STRING match,2712,3022,1,1
606,fig|6666666.1036479.peg.2843,fig|6666666.1036479.peg.3113,0.9349490702152252,0.00044544903247147033,Very Low,Very Low,Very Low–Very Low,,,0,no STRING match,no STRING match,1785,1915,1,1
607,fig|6666666.1036479.peg.3113,fig|6666666.1036479.peg.1693,0.9348852455615997,0.00044618409688148924,Very Low,Medium,Very Low–Medium,,,0,no STRING match,no STRING match,1915,2718,1,1
608,fig|6666666.1036479.peg.236,fig|6666666.1036479.peg.2071,0.9348647594451904,0.0004469191612915082,Very Low,Medium,Very Low–Medium,,,0,no STRING match,no STRING match,2086,2862,1,1
609,fig|6666666.1036479.peg.3205,fig|6666666.1036479.peg.856,0.9348518192768097,0.0004476542257015271,Low,Low,Low–Low,,,0,no STRING match,no STRING match,1964,2340,1,1
610,fig|6666666.1036479.peg.3113,fig|6666666.1036479.peg.793,0.9348475575447083,0.000448389290111546,Very Low,Medium,Very Low–Medium,,,0,no STRING match,no STRING match,1915,2320,1,1
611,fig|6666666.1036479.peg.3207,fig|6666666.1036479.peg.2071,0.9347704529762269,0.00044912435452156496,Medium,Medium,Medium–Medium,,,0,no STRING match,no STRING match,1965,2862,1,1
612,fig|6666666.1036479.peg.861,fig|6666666.1036479.peg.934,0.9347683787345886,0.00044985941893158386,High,Low,Low–High,,,0,no STRING match,no STRING match,2341,2385,1,1
613,fig|6666666.1036479.peg.649,fig|6666666.1036479.peg.728,0.9347619712352753,0.0004505944833416028,Medium,Medium,Medium–Medium,,,0,no STRING match,no STRING match,2246,2286,1,1
614,fig|6666666.1036479.peg.856,fig|6666666.1036479.peg.1951,0.9347225964069367,0.0004513295477516217,Low,High,Low–High,,,0,no STRING match,no STRING match,2340,2813,1,1
615,fig|6666666.1036479.peg.308,fig|6666666.1036479.peg.856,0.9346983969211579,0.0004520646121616407,Medium,Low,Low–Medium,,,0,no STRING match,no STRING match,2121,2340,1,1
616,fig|6666666.1036479.peg.1719,fig|6666666.1036479.peg.2348,0.9346850693225861,0.0004527996765716596,Medium,High,Medium–High,,,0,no STRING match,no STRING match,2727,2991,1,1
617,fig|6666666.1036479.peg.2866,fig|6666666.1036479.peg.2400,0.9346604108810425,0.00045353474098167853,Very Low,Very Low,Very Low–Very Low,,,0,no STRING match,no STRING match,1798,3005,1,1
618,fig|6666666.1036479.peg.2948,fig|6666666.1036479.peg.1739,0.9346580445766449,0.00045426980539169744,High,Very Low,Very Low–High,,,0,no STRING match,no STRING match,1843,2731,1,1
619,fig|6666666.1036479.peg.3089,fig|6666666.1036479.peg.1739,0.9346510767936707,0.0004550048698017164,High,Very Low,Very Low–High,,,0,no STRING match,no STRING match,1907,2731,1,1
620,fig|6666666.1036479.peg.411,fig|6666666.1036479.peg.1719,0.9346333920955658,0.0004557399342117353,Low,Medium,Low–Medium,Hypothetical protein.,,0,secondary STRING hit (STRING protein assigned to a better match),no STRING match,2150,2727,1,1
621,fig|6666666.1036479.peg.475,fig|6666666.1036479.peg.942,0.9345842838287354,0.00045647499862175425,Low,Very Low,Very Low–Low,,,0,no STRING match,no STRING match,2175,2389,1,1
622,fig|6666666.1036479.peg.2792,fig|6666666.1036479.peg.1195,0.9345692455768585,0.00045721006303177316,High,Medium,Medium–High,,,0,no STRING match,no STRING match,1754,2492,1,1
623,fig|6666666.1036479.peg.2792,fig|6666666.1036479.peg.573,0.9345616817474365,0.0004579451274417921,High,Very Low,Very Low–High,,Hypothetical protein.,0,no STRING match,secondary STRING hit (STRING protein assigned to a better match),1754,2210,1,1
624,fig|6666666.1036479.peg.722,fig|6666666.1036479.peg.856,0.9345527529716492,0.000458680191851811,Very Low,Low,Very Low–Low,,,0,no STRING match,no STRING match,2280,2340,1,1
625,fig|6666666.1036479.peg.2920,fig|6666666.1036479.peg.1719,0.9345415592193603,0.0004594152562618299,Very Low,Medium,Very Low–Medium,,,0,no STRING match,no STRING match,1823,2727,1,1
626,fig|6666666.1036479.peg.856,fig|6666666.1036479.peg.1970,0.934512335062027,0.0004601503206718489,Low,Very Low,Very Low–Low,,,0,no STRING match,no STRING match,2340,2829,1,1
627,fig|6666666.1036479.peg.58,fig|6666666.1036479.peg.856,0.9345022857189178,0.0004608853850818678,Low,Low,Low–Low,,,0,no STRING match,no STRING match,2038,2340,1,1
628,fig|6666666.1036479.peg.2948,fig|6666666.1036479.peg.649,0.9344754993915558,0.00046162044949188673,High,Medium,Medium–High,,,0,no STRING match,no STRING match,1843,2246,1,1
629,fig|6666666.1036479.peg.2988,fig|6666666.1036479.peg.573,0.9344658017158508,0.00046235551390190564,Medium,Very Low,Very Low–Medium,Hypothetical protein.,Hypothetical protein.,0,secondary STRING hit (STRING protein assigned to a better match),secondary STRING hit (STRING protein assigned to a better match),1859,2210,1,1
630,fig|6666666.1036479.peg.1547,fig|6666666.1036479.peg.2071,0.9344224393367767,0.0004630905783119246,High,Medium,Medium–High,,,0,no STRING match,no STRING match,2647,2862,1,1
631,fig|6666666.1036479.peg.2988,fig|6666666.1036479.peg.458,0.9343865513801575,0.0004638256427219435,Medium,Low,Low–Medium,Hypothetical protein.,,0,secondary STRING hit (STRING protein assigned to a better match),no STRING match,1859,2168,1,1
632,fig|6666666.1036479.peg.2811,fig|6666666.1036479.peg.3131,0.93434077501297,0.00046456070713196245,Medium,Low,Low–Medium,,,0,no STRING match,no STRING match,1762,1923,1,1
633,fig|6666666.1036479.peg.1195,fig|6666666.1036479.peg.1693,0.9343300640583039,0.00046529577154198136,Medium,Medium,Medium–Medium,,,0,no STRING match,no STRING match,2492,2718,1,1
634,fig|6666666.1036479.peg.721,fig|6666666.1036479.peg.1719,0.9342887878417969,0.0004660308359520003,High,Medium,Medium–High,Yd repeat protein; COG3209 Rhs family protein.,,0,secondary STRING hit (STRING protein assigned to a better match),no STRING match,2279,2727,1,1
635,fig|6666666.1036479.peg.728,fig|6666666.1036479.peg.1671,0.9342796444892884,0.0004667659003620192,Medium,High,Medium–High,,,0,no STRING match,no STRING match,2286,2712,1,1
636,fig|6666666.1036479.peg.1719,fig|6666666.1036479.peg.2093,0.9342421650886535,0.00046750096477203817,Medium,Medium,Medium–Medium,,,0,no STRING match,no STRING match,2727,2872,1,1
637,fig|6666666.1036479.peg.2672,fig|6666666.1036479.peg.536,0.9341534554958344,0.0004682360291820571,Medium,Medium,Medium–Medium,,,0,no STRING match,no STRING match,1704,2193,1,1
638,fig|6666666.1036479.peg.2548,fig|6666666.1036479.peg.370,0.9341284215450287,0.00046897109359207603,High,High,High–High,,,0,no STRING match,no STRING match,1641,2139,1,1
639,fig|6666666.1036479.peg.1693,fig|6666666.1036479.peg.2436,0.9340969383716583,0.00046970615800209493,Medium,Medium,Medium–Medium,,,0,no STRING match,no STRING match,2718,3022,1,1
640,fig|6666666.1036479.peg.2548,fig|6666666.1036479.peg.1719,0.9340794205665588,0.00047044122241211384,High,Medium,Medium–High,,,0,no STRING match,no STRING match,1641,2727,1,1
641,fig|6666666.1036479.peg.36,fig|6666666.1036479.peg.1671,0.9339102625846862,0.0004711762868221328,Medium,High,Medium–High,,,0,no STRING match,no STRING match,2023,2712,2,1
642,fig|6666666.1036479.peg.184,fig|6666666.1036479.peg.1671,0.9339102625846862,0.0004719113512321517,Medium,High,Medium–High,,,0,no STRING match,no STRING match,2023,2712,2,1
643,fig|6666666.1036479.peg.1064,fig|6666666.1036479.peg.1693,0.9339081108570099,0.00047264641564217065,Medium,Medium,Medium–Medium,,,0,no STRING match,no STRING match,2414,2718,1,1
644,fig|6666666.1036479.peg.3131,fig|6666666.1036479.peg.2093,0.9339026093482972,0.00047338148005218956,Low,Medium,Low–Medium,,,0,no STRING match,no STRING match,1923,2872,1,1
645,fig|6666666.1036479.peg.3166,fig|6666666.1036479.peg.1135,0.9338820099830627,0.0004741165444622085,Very Low,Very Low,Very Low–Very Low,,,0,no STRING match,no STRING match,1935,2462,1,1
646,fig|6666666.1036479.peg.2792,fig|6666666.1036479.peg.728,0.9338646411895752,0.0004748516088722274,High,Medium,Medium–High,,,0,no STRING match,no STRING match,1754,2286,1,1
647,fig|6666666.1036479.peg.702,fig|6666666.1036479.peg.1719,0.933819305896759,0.00047558667328224637,Medium,Medium,Medium–Medium,,,0,no STRING match,no STRING match,2266,2727,1,1
648,fig|6666666.1036479.peg.861,fig|6666666.1036479.peg.1195,0.9338155806064605,0.0004763217376922653,High,Medium,Medium–High,,,0,no STRING match,no STRING match,2341,2492,1,1
649,fig|6666666.1036479.peg.34,fig|6666666.1036479.peg.856,0.9337859988212586,0.00047705680210228423,Very Low,Low,Very Low–Low,,,0,no STRING match,no STRING match,2021,2340,2,1
650,fig|6666666.1036479.peg.182,fig|6666666.1036479.peg.856,0.9337859988212586,0.00047779186651230313,Very Low,Low,Very Low–Low,,,0,no STRING match,no STRING match,2021,2340,2,1
651,fig|6666666.1036479.peg.2666,fig|6666666.1036479.peg.856,0.9337064445018768,0.0004785269309223221,High,Low,Low–High,,,0,no STRING match,no STRING match,1702,2340,1,1
652,fig|6666666.1036479.peg.856,fig|6666666.1036479.peg.1350,0.9336911141872406,0.000479261995332341,Low,Medium,Low–Medium,,,0,no STRING match,no STRING match,2340,2560,1,1
653,fig|6666666.1036479.peg.2792,fig|6666666.1036479.peg.411,0.9336695790290832,0.00047999705974235995,High,Low,Low–High,,Hypothetical protein.,0,no STRING match,secondary STRING hit (STRING protein assigned to a better match),1754,2150,1,1
654,fig|6666666.1036479.peg.856,fig|6666666.1036479.peg.877,0.9336540818214416,0.00048073212415237885,Low,Very Low,Very Low–Low,,,0,no STRING match,no STRING match,2340,2353,1,1
655,fig|6666666.1036479.peg.458,fig|6666666.1036479.peg.649,0.9335509657859802,0.00048146718856239776,Low,Medium,Low–Medium,,,0,no STRING match,no STRING match,2168,2246,1,1
656,fig|6666666.1036479.peg.3131,fig|6666666.1036479.peg.1657,0.9335113167762756,0.0004822022529724167,Low,Medium,Low–Medium,,,0,no STRING match,no STRING match,1923,2707,1,1
657,fig|6666666.1036479.peg.475,fig|6666666.1036479.peg.2364,0.9334953904151917,0.0004829373173824356,Low,Medium,Low–Medium,,,0,no STRING match,no STRING match,2175,2994,1,1
658,fig|6666666.1036479.peg.475,fig|6666666.1036479.peg.728,0.9334888637065888,0.00048367238179245457,Low,Medium,Low–Medium,,,0,no STRING match,no STRING match,2175,2286,1,1
659,fig|6666666.1036479.peg.793,fig|6666666.1036479.peg.1673,0.9334695100784302,0.0004844074462024735,Medium,Very Low,Very Low–Medium,,,0,no STRING match,no STRING match,2320,2713,1,1
660,fig|6666666.1036479.peg.2988,fig|6666666.1036479.peg.2092,0.9334661781787872,0.00048514251061249243,Medium,Medium,Medium–Medium,Hypothetical protein.,,0,secondary STRING hit (STRING protein assigned to a better match),no STRING match,1859,2871,1,1
661,fig|6666666.1036479.peg.2936,fig|6666666.1036479.peg.856,0.9334601163864136,0.00048587757502251133,Very Low,Low,Very Low–Low,,,0,no STRING match,no STRING match,1836,2340,1,1
662,fig|6666666.1036479.peg.861,fig|6666666.1036479.peg.942,0.9334572374820709,0.0004866126394325303,High,Very Low,Very Low–High,,,0,no STRING match,no STRING match,2341,2389,1,1
663,fig|6666666.1036479.peg.2672,fig|6666666.1036479.peg.2114,0.9334426105022431,0.0004873477038425492,Medium,Very Low,Very Low–Medium,,"COG1629 Outer membrane receptor proteins, mostly Fe transport.",0,no STRING match,secondary STRING hit (STRING protein assigned to a better match),1704,2884,1,1
664,fig|6666666.1036479.peg.903,fig|6666666.1036479.peg.1719,0.9334395349025726,0.00048808276825256815,Medium,Medium,Medium–Medium,,,0,no STRING match,no STRING match,2371,2727,1,1
665,fig|6666666.1036479.peg.2672,fig|6666666.1036479.peg.2364,0.9334293901920319,0.0004888178326625871,Medium,Medium,Medium–Medium,,,0,no STRING match,no STRING match,1704,2994,1,1
666,fig|6666666.1036479.peg.649,fig|6666666.1036479.peg.1195,0.933406549692154,0.000489552897072606,Medium,Medium,Medium–Medium,,,0,no STRING match,no STRING match,2246,2492,1,1
667,fig|6666666.1036479.peg.861,fig|6666666.1036479.peg.2092,0.9334062695503235,0.0004902879614826249,High,Medium,Medium–High,,,0,no STRING match,no STRING match,2341,2871,1,1
668,fig|6666666.1036479.peg.3131,fig|6666666.1036479.peg.1547,0.9333763241767883,0.0004910230258926439,Low,High,Low–High,,,0,no STRING match,no STRING match,1923,2647,1,1
669,fig|6666666.1036479.peg.3131,fig|6666666.1036479.peg.1661,0.93332998752594,0.0004917580903026627,Low,Low,Low–Low,,,0,no STRING match,no STRING match,1923,2708,1,1
670,fig|6666666.1036479.peg.856,fig|6666666.1036479.peg.1782,0.9332819998264312,0.0004924931547126817,Low,Very Low,Very Low–Low,,Rhs family protein.,0,no STRING match,secondary STRING hit (STRING protein assigned to a better match),2340,2747,1,1
671,fig|6666666.1036479.peg.3131,fig|6666666.1036479.peg.702,0.9332570254802703,0.0004932282191227006,Low,Medium,Low–Medium,,,0,no STRING match,no STRING match,1923,2266,1,1
672,fig|6666666.1036479.peg.3131,fig|6666666.1036479.peg.2185,0.9332498848438263,0.0004939632835327196,Low,Very Low,Very Low–Low,,,0,no STRING match,no STRING match,1923,2931,1,1
673,fig|6666666.1036479.peg.411,fig|6666666.1036479.peg.2071,0.9332449257373809,0.0004946983479427384,Low,Medium,Low–Medium,Hypothetical protein.,,0,secondary STRING hit (STRING protein assigned to a better match),no STRING match,2150,2862,1,1
674,fig|6666666.1036479.peg.2506,fig|6666666.1036479.peg.2532,0.9332086026668549,0.0004954334123527574,Very Low,Low,Very Low–Low,,,0,no STRING match,no STRING match,1613,1627,6,4
675,fig|6666666.1036479.peg.2506,fig|6666666.1036479.peg.3171,0.9332086026668549,0.0004961684767627763,Very Low,Low,Very Low–Low,,,0,no STRING match,no STRING match,1613,1627,6,4
676,fig|6666666.1036479.peg.2506,fig|6666666.1036479.peg.987,0.9332086026668549,0.0004969035411727953,Very Low,Low,Very Low–Low,,,0,no STRING match,no STRING match,1613,1627,6,4
677,fig|6666666.1036479.peg.2506,fig|6666666.1036479.peg.2492,0.9332086026668549,0.0004976386055828142,Very Low,Low,Very Low–Low,,,0,no STRING match,no STRING match,1613,1627,6,4
678,fig|6666666.1036479.peg.2516,fig|6666666.1036479.peg.2532,0.9332086026668549,0.0004983736699928331,Very Low,Low,Very Low–Low,,,0,no STRING match,no STRING match,1613,1627,6,4
679,fig|6666666.1036479.peg.2516,fig|6666666.1036479.peg.3171,0.9332086026668549,0.0004991087344028521,Very Low,Low,Very Low–Low,,,0,no STRING match,no STRING match,1613,1627,6,4
680,fig|6666666.1036479.peg.2516,fig|6666666.1036479.peg.987,0.9332086026668549,0.000499843798812871,Very Low,Low,Very Low–Low,,,0,no STRING match,no STRING match,1613,1627,6,4
681,fig|6666666.1036479.peg.2516,fig|6666666.1036479.peg.2492,0.9332086026668549,0.0005005788632228899,Very Low,Low,Very Low–Low,,,0,no STRING match,no STRING match,1613,1627,6,4
682,fig|6666666.1036479.peg.2522,fig|6666666.1036479.peg.2532,0.9332086026668549,0.0005013139276329088,Very Low,Low,Very Low–Low,,,0,no STRING match,no STRING match,1613,1627,6,4
683,fig|6666666.1036479.peg.2522,fig|6666666.1036479.peg.3171,0.9332086026668549,0.0005020489920429278,Very Low,Low,Very Low–Low,,,0,no STRING match,no STRING match,1613,1627,6,4
684,fig|6666666.1036479.peg.2522,fig|6666666.1036479.peg.987,0.9332086026668549,0.0005027840564529466,Very Low,Low,Very Low–Low,,,0,no STRING match,no STRING match,1613,1627,6,4
685,fig|6666666.1036479.peg.2522,fig|6666666.1036479.peg.2492,0.9332086026668549,0.0005035191208629656,Very Low,Low,Very Low–Low,,,0,no STRING match,no STRING match,1613,1627,6,4
686,fig|6666666.1036479.peg.2532,fig|6666666.1036479.peg.974,0.9332086026668549,0.0005042541852729845,Low,Very Low,Very Low–Low,,,0,no STRING match,no STRING match,1627,1613,4,6
687,fig|6666666.1036479.peg.2532,fig|6666666.1036479.peg.979,0.9332086026668549,0.0005049892496830035,Low,Very Low,Very Low–Low,,,0,no STRING match,no STRING match,1627,1613,4,6
688,fig|6666666.1036479.peg.2532,fig|6666666.1036479.peg.2491,0.9332086026668549,0.0005057243140930224,Low,Very Low,Very Low–Low,,,0,no STRING match,no STRING match,1627,1613,4,6
689,fig|6666666.1036479.peg.3171,fig|6666666.1036479.peg.974,0.9332086026668549,0.0005064593785030413,Low,Very Low,Very Low–Low,,,0,no STRING match,no STRING match,1627,1613,4,6
690,fig|6666666.1036479.peg.3171,fig|6666666.1036479.peg.979,0.9332086026668549,0.0005071944429130603,Low,Very Low,Very Low–Low,,,0,no STRING match,no STRING match,1627,1613,4,6
691,fig|6666666.1036479.peg.3171,fig|6666666.1036479.peg.2491,0.9332086026668549,0.0005079295073230792,Low,Very Low,Very Low–Low,,,0,no STRING match,no STRING match,1627,1613,4,6
692,fig|6666666.1036479.peg.974,fig|6666666.1036479.peg.987,0.9332086026668549,0.0005086645717330981,Very Low,Low,Very Low–Low,,,0,no STRING match,no STRING match,1613,1627,6,4
693,fig|6666666.1036479.peg.974,fig|6666666.1036479.peg.2492,0.9332086026668549,0.000509399636143117,Very Low,Low,Very Low–Low,,,0,no STRING match,no STRING match,1613,1627,6,4
694,fig|6666666.1036479.peg.979,fig|6666666.1036479.peg.987,0.9332086026668549,0.000510134700553136,Very Low,Low,Very Low–Low,,,0,no STRING match,no STRING match,1613,1627,6,4
695,fig|6666666.1036479.peg.979,fig|6666666.1036479.peg.2492,0.9332086026668549,0.0005108697649631549,Very Low,Low,Very Low–Low,,,0,no STRING match,no STRING match,1613,1627,6,4
696,fig|6666666.1036479.peg.987,fig|6666666.1036479.peg.2491,0.9332086026668549,0.0005116048293731738,Low,Very Low,Very Low–Low,,,0,no STRING match,no STRING match,1627,1613,4,6
697,fig|6666666.1036479.peg.2491,fig|6666666.1036479.peg.2492,0.9332086026668549,0.0005123398937831927,Very Low,Low,Very Low–Low,,,0,no STRING match,no STRING match,1613,1627,6,4
698,fig|6666666.1036479.peg.1693,fig|6666666.1036479.peg.2091,0.9331419944763184,0.0005130749581932117,Medium,Medium,Medium–Medium,,,0,no STRING match,no STRING match,2718,2870,1,1
699,fig|6666666.1036479.peg.728,fig|6666666.1036479.peg.1739,0.9330879092216492,0.0005138100226032306,Medium,Very Low,Very Low–Medium,,,0,no STRING match,no STRING match,2286,2731,1,1
700,fig|6666666.1036479.peg.2948,fig|6666666.1036479.peg.2988,0.933024674654007,0.0005145450870132495,High,Medium,Medium–High,,Hypothetical protein.,0,no STRING match,secondary STRING hit (STRING protein assigned to a better match),1843,1859,1,1
701,fig|6666666.1036479.peg.219,fig|6666666.1036479.peg.2307,0.9329775631427765,0.0005152801514232685,Very Low,Very Low,Very Low–Very Low,,,0,no STRING match,no STRING match,2081,2969,1,1
702,fig|6666666.1036479.peg.899,fig|6666666.1036479.peg.1131,0.932964277267456,0.0005160152158332874,Very Low,Very Low,Very Low–Very Low,,,0,no STRING match,no STRING match,2369,2460,1,1
703,fig|6666666.1036479.peg.2792,fig|6666666.1036479.peg.866,0.9329151928424835,0.0005167502802433063,High,High,High–High,,,0,no STRING match,no STRING match,1754,2345,1,1
704,fig|6666666.1036479.peg.2792,fig|6666666.1036479.peg.2114,0.9329022467136383,0.0005174853446533252,High,Very Low,Very Low–High,,"COG1629 Outer membrane receptor proteins, mostly Fe transport.",0,no STRING match,secondary STRING hit (STRING protein assigned to a better match),1754,2884,1,1
705,fig|6666666.1036479.peg.475,fig|6666666.1036479.peg.689,0.9329017996788025,0.0005182204090633442,Low,High,Low–High,,,0,no STRING match,no STRING match,2175,2261,1,1
706,fig|6666666.1036479.peg.253,fig|6666666.1036479.peg.866,0.9328865766525268,0.0005189554734733631,Low,High,Low–High,Hypothetical protein.,,0,secondary STRING hit (STRING protein assigned to a better match),no STRING match,2096,2345,1,1
707,fig|6666666.1036479.peg.856,fig|6666666.1036479.peg.1127,0.9328736186027526,0.000519690537883382,Low,Low,Low–Low,,Hypothetical protein.,0,no STRING match,secondary STRING hit (STRING protein assigned to a better match),2340,2458,1,1
708,fig|6666666.1036479.peg.856,fig|6666666.1036479.peg.1532,0.9328723907470703,0.000520425602293401,Low,Very Low,Very Low–Low,,,0,no STRING match,no STRING match,2340,2640,1,1
709,fig|6666666.1036479.peg.36,fig|6666666.1036479.peg.475,0.9328178346157074,0.0005211606667034199,Medium,Low,Low–Medium,,,0,no STRING match,no STRING match,2023,2175,2,1
710,fig|6666666.1036479.peg.184,fig|6666666.1036479.peg.475,0.9328178346157074,0.0005218957311134389,Medium,Low,Low–Medium,,,0,no STRING match,no STRING match,2023,2175,2,1
711,fig|6666666.1036479.peg.3168,fig|6666666.1036479.peg.1273,0.9328161299228668,0.0005226307955234577,Very Low,Very Low,Very Low–Very Low,,,0,no STRING match,no STRING match,1937,2524,1,1
712,fig|6666666.1036479.peg.475,fig|6666666.1036479.peg.1195,0.9328131556510926,0.0005233658599334767,Low,Medium,Low–Medium,,,0,no STRING match,no STRING match,2175,2492,1,1
713,fig|6666666.1036479.peg.1947,fig|6666666.1036479.peg.2071,0.9327985167503356,0.0005241009243434956,Medium,Medium,Medium–Medium,,,0,no STRING match,no STRING match,2809,2862,1,1
714,fig|6666666.1036479.peg.2572,fig|6666666.1036479.peg.856,0.9327883064746857,0.0005248359887535145,Very Low,Low,Very Low–Low,Yd repeat protein; COG3209 Rhs family protein.,,0,secondary STRING hit (STRING protein assigned to a better match),no STRING match,1660,2340,1,1
715,fig|6666666.1036479.peg.219,fig|6666666.1036479.peg.1145,0.9327659189701081,0.0005255710531635334,Very Low,Very Low,Very Low–Very Low,,,0,no STRING match,no STRING match,2081,2471,1,1
716,fig|6666666.1036479.peg.3222,fig|6666666.1036479.peg.793,0.9327629208564758,0.0005263061175735524,Medium,Medium,Medium–Medium,,,0,no STRING match,no STRING match,1972,2320,2,1
717,fig|6666666.1036479.peg.138,fig|6666666.1036479.peg.793,0.9327629208564758,0.0005270411819835713,Medium,Medium,Medium–Medium,,,0,no STRING match,no STRING match,1972,2320,2,1
718,fig|6666666.1036479.peg.728,fig|6666666.1036479.peg.861,0.9327484011650086,0.0005277762463935902,Medium,High,Medium–High,,,0,no STRING match,no STRING match,2286,2341,1,1
719,fig|6666666.1036479.peg.475,fig|6666666.1036479.peg.923,0.9327404022216796,0.0005285113108036091,Low,High,Low–High,,,0,no STRING match,no STRING match,2175,2380,1,1
720,fig|6666666.1036479.peg.2672,fig|6666666.1036479.peg.2762,0.9327373504638672,0.0005292463752136281,Medium,Medium,Medium–Medium,,Hypothetical protein.,0,no STRING match,secondary STRING hit (STRING protein assigned to a better match),1704,1741,1,1
721,fig|6666666.1036479.peg.793,fig|6666666.1036479.peg.1308,0.9327287793159484,0.0005299814396236471,Medium,Medium,Medium–Medium,,,0,no STRING match,no STRING match,2320,2532,1,1
722,fig|6666666.1036479.peg.2988,fig|6666666.1036479.peg.536,0.9326995193958283,0.0005307165040336659,Medium,Medium,Medium–Medium,Hypothetical protein.,,0,secondary STRING hit (STRING protein assigned to a better match),no STRING match,1859,2193,1,1
723,fig|6666666.1036479.peg.3089,fig|6666666.1036479.peg.649,0.9326785206794739,0.0005314515684436849,High,Medium,Medium–High,,,0,no STRING match,no STRING match,1907,2246,1,1
724,fig|6666666.1036479.peg.1138,fig|6666666.1036479.peg.1147,0.9326622366905213,0.0005321866328537038,Very Low,Very Low,Very Low–Very Low,,,0,no STRING match,no STRING match,2464,2473,1,1
725,fig|6666666.1036479.peg.3131,fig|6666666.1036479.peg.2383,0.9326255023479462,0.0005329216972637228,Low,Very Low,Very Low–Low,,Hypothetical protein.,0,no STRING match,secondary STRING hit (STRING protein assigned to a better match),1923,2997,1,1
726,fig|6666666.1036479.peg.2548,fig|6666666.1036479.peg.1519,0.9325993239879609,0.0005336567616737416,High,High,High–High,,,0,no STRING match,no STRING match,1641,2632,1,1
727,fig|6666666.1036479.peg.219,fig|6666666.1036479.peg.1140,0.9325535833835602,0.0005343918260837606,Very Low,Very Low,Very Low–Very Low,,,0,no STRING match,no STRING match,2081,2466,1,1
728,fig|6666666.1036479.peg.36,fig|6666666.1036479.peg.649,0.9325028121471405,0.0005351268904937795,Medium,Medium,Medium–Medium,,,0,no STRING match,no STRING match,2023,2246,2,1
729,fig|6666666.1036479.peg.184,fig|6666666.1036479.peg.649,0.9325028121471405,0.0005358619549037984,Medium,Medium,Medium–Medium,,,0,no STRING match,no STRING match,2023,2246,2,1
730,fig|6666666.1036479.peg.861,fig|6666666.1036479.peg.2114,0.9324754655361176,0.0005365970193138173,High,Very Low,Very Low–High,,"COG1629 Outer membrane receptor proteins, mostly Fe transport.",0,no STRING match,secondary STRING hit (STRING protein assigned to a better match),2341,2884,1,1
731,fig|6666666.1036479.peg.861,fig|6666666.1036479.peg.1673,0.9324716448783874,0.0005373320837238363,High,Very Low,Very Low–High,,,0,no STRING match,no STRING match,2341,2713,1,1
732,fig|6666666.1036479.peg.253,fig|6666666.1036479.peg.1080,0.932459831237793,0.0005380671481338553,Low,High,Low–High,Hypothetical protein.,,0,secondary STRING hit (STRING protein assigned to a better match),no STRING match,2096,2424,1,1
733,fig|6666666.1036479.peg.2559,fig|6666666.1036479.peg.856,0.9324496448040008,0.0005388022125438741,Very Low,Low,Very Low–Low,,,0,no STRING match,no STRING match,1651,2340,1,1
734,fig|6666666.1036479.peg.1146,fig|6666666.1036479.peg.1273,0.9324456632137299,0.0005395372769538931,Very Low,Very Low,Very Low–Very Low,,,0,no STRING match,no STRING match,2472,2524,1,1
735,fig|6666666.1036479.peg.1331,fig|6666666.1036479.peg.1719,0.9323816120624542,0.000540272341363912,Low,Medium,Low–Medium,,,0,no STRING match,no STRING match,2548,2727,1,1
736,fig|6666666.1036479.peg.2672,fig|6666666.1036479.peg.2092,0.9322926044464112,0.000541007405773931,Medium,Medium,Medium–Medium,,,0,no STRING match,no STRING match,1704,2871,1,1
737,fig|6666666.1036479.peg.1138,fig|6666666.1036479.peg.1161,0.9322799682617188,0.0005417424701839498,Very Low,Very Low,Very Low–Very Low,,,0,no STRING match,no STRING match,2464,2482,1,1
738,fig|6666666.1036479.peg.3089,fig|6666666.1036479.peg.1419,0.9322566747665405,0.0005424775345939688,High,High,High–High,,,0,no STRING match,no STRING match,1907,2597,1,1
739,fig|6666666.1036479.peg.2843,fig|6666666.1036479.peg.934,0.9321862578392028,0.0005432125990039877,Very Low,Low,Very Low–Low,,,0,no STRING match,no STRING match,1785,2385,1,1
740,fig|6666666.1036479.peg.1308,fig|6666666.1036479.peg.1693,0.9321712911128998,0.0005439476634140067,Medium,Medium,Medium–Medium,,,0,no STRING match,no STRING match,2532,2718,1,1
741,fig|6666666.1036479.peg.834,fig|6666666.1036479.peg.856,0.9321681380271911,0.0005446827278240255,Very Low,Low,Very Low–Low,,,0,no STRING match,no STRING match,2335,2340,1,1
742,fig|6666666.1036479.peg.3131,fig|6666666.1036479.peg.1331,0.9321586787700653,0.0005454177922340445,Low,Low,Low–Low,,,0,no STRING match,no STRING match,1923,2548,1,1
743,fig|6666666.1036479.peg.3184,fig|6666666.1036479.peg.1719,0.9321517527103425,0.0005461528566440635,Very Low,Medium,Very Low–Medium,,,0,no STRING match,no STRING match,1947,2727,1,1
744,fig|6666666.1036479.peg.3020,fig|6666666.1036479.peg.475,0.9321350812911987,0.0005468879210540823,Low,Low,Low–Low,,,0,no STRING match,no STRING match,1878,2175,1,1
745,fig|6666666.1036479.peg.3191,fig|6666666.1036479.peg.1719,0.9321218132972717,0.0005476229854641013,Medium,Medium,Medium–Medium,,,0,no STRING match,no STRING match,1954,2727,1,1
746,fig|6666666.1036479.peg.2792,fig|6666666.1036479.peg.1673,0.9320998907089233,0.0005483580498741202,High,Very Low,Very Low–High,,,0,no STRING match,no STRING match,1754,2713,1,1
747,fig|6666666.1036479.peg.3184,fig|6666666.1036479.peg.2071,0.9320725679397583,0.0005490931142841392,Very Low,Medium,Very Low–Medium,,,0,no STRING match,no STRING match,1947,2862,1,1
748,fig|6666666.1036479.peg.942,fig|6666666.1036479.peg.1671,0.9320299506187439,0.000549828178694158,Very Low,High,Very Low–High,,,0,no STRING match,no STRING match,2389,2712,1,1
749,fig|6666666.1036479.peg.573,fig|6666666.1036479.peg.1739,0.932014012336731,0.000550563243104177,Very Low,Very Low,Very Low–Very Low,Hypothetical protein.,,0,secondary STRING hit (STRING protein assigned to a better match),no STRING match,2210,2731,1,1
750,fig|6666666.1036479.peg.934,fig|6666666.1036479.peg.1419,0.9320130348205566,0.0005512983075141959,Low,High,Low–High,,,0,no STRING match,no STRING match,2385,2597,1,1
751,fig|6666666.1036479.peg.1673,fig|6666666.1036479.peg.1739,0.93200723528862,0.0005520333719242149,Very Low,Very Low,Very Low–Very Low,,,0,no STRING match,no STRING match,2713,2731,1,1
752,fig|6666666.1036479.peg.2792,fig|6666666.1036479.peg.36,0.9319826185703277,0.0005527684363342337,High,Medium,Medium–High,,,0,no STRING match,no STRING match,1754,2023,1,2
753,fig|6666666.1036479.peg.2792,fig|6666666.1036479.peg.184,0.9319826185703277,0.0005535035007442527,High,Medium,Medium–High,,,0,no STRING match,no STRING match,1754,2023,1,2
754,fig|6666666.1036479.peg.793,fig|6666666.1036479.peg.2455,0.931964659690857,0.0005542385651542717,Medium,Medium,Medium–Medium,,,0,no STRING match,no STRING match,2320,3032,1,1
755,fig|6666666.1036479.peg.649,fig|6666666.1036479.peg.2092,0.931947124004364,0.0005549736295642906,Medium,Medium,Medium–Medium,,,0,no STRING match,no STRING match,2246,2871,1,1
756,fig|6666666.1036479.peg.2672,fig|6666666.1036479.peg.2948,0.9318382620811463,0.0005557086939743095,Medium,High,Medium–High,,,0,no STRING match,no STRING match,1704,1843,1,1
757,fig|6666666.1036479.peg.1195,fig|6666666.1036479.peg.1671,0.9318362295627594,0.0005564437583843284,Medium,High,Medium–High,,,0,no STRING match,no STRING match,2492,2712,1,1
758,fig|6666666.1036479.peg.2672,fig|6666666.1036479.peg.923,0.9318115234375,0.0005571788227943474,Medium,High,Medium–High,,,0,no STRING match,no STRING match,1704,2380,1,1
759,fig|6666666.1036479.peg.3187,fig|6666666.1036479.peg.1671,0.9318086683750153,0.0005579138872043662,Very Low,High,Very Low–High,Hypothetical protein.,,0,secondary STRING hit (STRING protein assigned to a better match),no STRING match,1950,2712,1,1
760,fig|6666666.1036479.peg.2762,fig|6666666.1036479.peg.2988,0.9317974925041199,0.0005586489516143852,Medium,Medium,Medium–Medium,Hypothetical protein.,Hypothetical protein.,0,secondary STRING hit (STRING protein assigned to a better match),secondary STRING hit (STRING protein assigned to a better match),1741,1859,1,1
761,fig|6666666.1036479.peg.856,fig|6666666.1036479.peg.894,0.9317535936832428,0.0005593840160244041,Low,Very Low,Very Low–Low,,,0,no STRING match,no STRING match,2340,2368,1,1
762,fig|6666666.1036479.peg.2681,fig|6666666.1036479.peg.2071,0.9316972017288208,0.0005601190804344231,Low,Medium,Low–Medium,,,0,no STRING match,no STRING match,1706,2862,1,1
763,fig|6666666.1036479.peg.304,fig|6666666.1036479.peg.856,0.9316752016544342,0.000560854144844442,Medium,Low,Low–Medium,,,0,no STRING match,no STRING match,2118,2340,1,1
764,fig|6666666.1036479.peg.3222,fig|6666666.1036479.peg.1693,0.931634521484375,0.0005615892092544609,Medium,Medium,Medium–Medium,,,0,no STRING match,no STRING match,1972,2718,2,1
765,fig|6666666.1036479.peg.138,fig|6666666.1036479.peg.1693,0.931634521484375,0.0005623242736644799,Medium,Medium,Medium–Medium,,,0,no STRING match,no STRING match,1972,2718,2,1
766,fig|6666666.1036479.peg.1419,fig|6666666.1036479.peg.1739,0.9316259145736694,0.0005630593380744988,High,Very Low,Very Low–High,,,0,no STRING match,no STRING match,2597,2731,1,1
767,fig|6666666.1036479.peg.856,fig|6666666.1036479.peg.1784,0.931610929965973,0.0005637944024845177,Low,Very Low,Very Low–Low,,,0,no STRING match,no STRING match,2340,2749,1,1
768,fig|6666666.1036479.peg.36,fig|6666666.1036479.peg.861,0.9315800309181214,0.0005645294668945366,Medium,High,Medium–High,,,0,no STRING match,no STRING match,2023,2341,2,1
769,fig|6666666.1036479.peg.184,fig|6666666.1036479.peg.861,0.9315800309181214,0.0005652645313045556,Medium,High,Medium–High,,,0,no STRING match,no STRING match,2023,2341,2,1
770,fig|6666666.1036479.peg.36,fig|6666666.1036479.peg.1739,0.9315287292003631,0.0005659995957145745,Medium,Very Low,Very Low–Medium,,,0,no STRING match,no STRING match,2023,2731,2,1
771,fig|6666666.1036479.peg.184,fig|6666666.1036479.peg.1739,0.9315287292003631,0.0005667346601245934,Medium,Very Low,Very Low–Medium,,,0,no STRING match,no STRING match,2023,2731,2,1
772,fig|6666666.1036479.peg.793,fig|6666666.1036479.peg.2091,0.9315221250057221,0.0005674697245346123,Medium,Medium,Medium–Medium,,,0,no STRING match,no STRING match,2320,2870,1,1
773,fig|6666666.1036479.peg.370,fig|6666666.1036479.peg.411,0.9315179467201233,0.0005682047889446313,High,Low,Low–High,,Hypothetical protein.,0,no STRING match,secondary STRING hit (STRING protein assigned to a better match),2139,2150,1,1
774,fig|6666666.1036479.peg.219,fig|6666666.1036479.peg.1134,0.9315037488937378,0.0005689398533546501,Very Low,Very Low,Very Low–Very Low,,,0,no STRING match,no STRING match,2081,2461,1,1
775,fig|6666666.1036479.peg.2672,fig|6666666.1036479.peg.3076,0.931500905752182,0.0005696749177646691,Medium,High,Medium–High,,,0,no STRING match,no STRING match,1704,1899,1,1
776,fig|6666666.1036479.peg.2889,fig|6666666.1036479.peg.856,0.9314968287944794,0.0005704099821746881,Medium,Low,Low–Medium,,,0,no STRING match,no STRING match,1811,2340,1,1
777,fig|6666666.1036479.peg.1064,fig|6666666.1036479.peg.1671,0.9314882576465606,0.000571145046584707,Medium,High,Medium–High,,,0,no STRING match,no STRING match,2414,2712,1,1
778,fig|6666666.1036479.peg.1693,fig|6666666.1036479.peg.2455,0.9314289808273315,0.0005718801109947259,Medium,Medium,Medium–Medium,,,0,no STRING match,no STRING match,2718,3032,1,1
779,fig|6666666.1036479.peg.3089,fig|6666666.1036479.peg.934,0.9314282655715942,0.0005726151754047448,High,Low,Low–High,,,0,no STRING match,no STRING match,1907,2385,1,1
780,fig|6666666.1036479.peg.2071,fig|6666666.1036479.peg.2156,0.9314248561859131,0.0005733502398147638,Medium,Very Low,Very Low–Medium,,,0,no STRING match,no STRING match,2862,2906,1,1
781,fig|6666666.1036479.peg.856,fig|6666666.1036479.peg.2158,0.9314008951187134,0.0005740853042247827,Low,Very Low,Very Low–Low,,,0,no STRING match,no STRING match,2340,2908,1,1
782,fig|6666666.1036479.peg.3113,fig|6666666.1036479.peg.475,0.9313549816608429,0.0005748203686348016,Very Low,Low,Very Low–Low,,,0,no STRING match,no STRING match,1915,2175,1,1
783,fig|6666666.1036479.peg.866,fig|6666666.1036479.peg.2071,0.931323766708374,0.0005755554330448205,High,Medium,Medium–High,,,0,no STRING match,no STRING match,2345,2862,1,1
784,fig|6666666.1036479.peg.2988,fig|6666666.1036479.peg.1419,0.93130242228508,0.0005762904974548395,Medium,High,Medium–High,Hypothetical protein.,,0,secondary STRING hit (STRING protein assigned to a better match),no STRING match,1859,2597,1,1
785,fig|6666666.1036479.peg.2681,fig|6666666.1036479.peg.3131,0.9312513291835784,0.0005770255618648585,Low,Low,Low–Low,,,0,no STRING match,no STRING match,1706,1923,1,1
786,fig|6666666.1036479.peg.3089,fig|6666666.1036479.peg.458,0.9312415421009064,0.0005777606262748773,High,Low,Low–High,,,0,no STRING match,no STRING match,1907,2168,1,1
787,fig|6666666.1036479.peg.2848,fig|6666666.1036479.peg.2071,0.9312016546726227,0.0005784956906848963,Very Low,Medium,Very Low–Medium,,,0,no STRING match,no STRING match,1786,2862,1,1
788,fig|6666666.1036479.peg.2762,fig|6666666.1036479.peg.861,0.9311752855777741,0.0005792307550949152,Medium,High,Medium–High,Hypothetical protein.,,0,secondary STRING hit (STRING protein assigned to a better match),no STRING match,1741,2341,1,1
789,fig|6666666.1036479.peg.3168,fig|6666666.1036479.peg.899,0.9311554253101348,0.0005799658195049341,Very Low,Very Low,Very Low–Very Low,,,0,no STRING match,no STRING match,1937,2369,1,1
790,fig|6666666.1036479.peg.1308,fig|6666666.1036479.peg.1671,0.9310977995395661,0.000580700883914953,Medium,High,Medium–High,,,0,no STRING match,no STRING match,2532,2712,1,1
791,fig|6666666.1036479.peg.316,fig|6666666.1036479.peg.856,0.931033992767334,0.000581435948324972,Very Low,Low,Very Low–Low,,,0,no STRING match,no STRING match,2127,2340,1,1
792,fig|6666666.1036479.peg.2988,fig|6666666.1036479.peg.728,0.9310326635837555,0.0005821710127349909,Medium,Medium,Medium–Medium,Hypothetical protein.,,0,secondary STRING hit (STRING protein assigned to a better match),no STRING match,1859,2286,1,1
793,fig|6666666.1036479.peg.2792,fig|6666666.1036479.peg.689,0.9308979630470275,0.0005829060771450098,High,High,High–High,,,0,no STRING match,no STRING match,1754,2261,1,1
794,fig|6666666.1036479.peg.2988,fig|6666666.1036479.peg.934,0.9308482885360718,0.0005836411415550287,Medium,Low,Low–Medium,Hypothetical protein.,,0,secondary STRING hit (STRING protein assigned to a better match),no STRING match,1859,2385,1,1
795,fig|6666666.1036479.peg.2843,fig|6666666.1036479.peg.2364,0.9308020234107971,0.0005843762059650477,Very Low,Medium,Very Low–Medium,,,0,no STRING match,no STRING match,1785,2994,1,1
796,fig|6666666.1036479.peg.2988,fig|6666666.1036479.peg.942,0.930759209394455,0.0005851112703750667,Medium,Very Low,Very Low–Medium,Hypothetical protein.,,0,secondary STRING hit (STRING protein assigned to a better match),no STRING match,1859,2389,1,1
797,fig|6666666.1036479.peg.2988,fig|6666666.1036479.peg.2114,0.9307501912117004,0.0005858463347850855,Medium,Very Low,Very Low–Medium,Hypothetical protein.,"COG1629 Outer membrane receptor proteins, mostly Fe transport.",0,secondary STRING hit (STRING protein assigned to a better match),secondary STRING hit (STRING protein assigned to a better match),1859,2884,1,1
798,fig|6666666.1036479.peg.1273,fig|6666666.1036479.peg.1538,0.9307343244552613,0.0005865813991951045,Very Low,Very Low,Very Low–Very Low,,,0,no STRING match,no STRING match,2524,2642,1,1
799,fig|6666666.1036479.peg.475,fig|6666666.1036479.peg.2436,0.9307193875312805,0.0005873164636051234,Low,Medium,Low–Medium,,,0,no STRING match,no STRING match,2175,3022,1,1
800,fig|6666666.1036479.peg.856,fig|6666666.1036479.peg.2352,0.9306410312652588,0.0005880515280151424,Low,Medium,Low–Medium,,,0,no STRING match,no STRING match,2340,2992,1,1
801,fig|6666666.1036479.peg.950,fig|6666666.1036479.peg.2400,0.9306373715400695,0.0005887865924251612,Very Low,Very Low,Very Low–Very Low,,,0,no STRING match,no STRING match,2392,3005,1,1
802,fig|6666666.1036479.peg.573,fig|6666666.1036479.peg.649,0.9306315183639526,0.0005895216568351802,Very Low,Medium,Very Low–Medium,Hypothetical protein.,,0,secondary STRING hit (STRING protein assigned to a better match),no STRING match,2210,2246,1,1
803,fig|6666666.1036479.peg.411,fig|6666666.1036479.peg.1519,0.9305913567543029,0.0005902567212451991,Low,High,Low–High,Hypothetical protein.,,0,secondary STRING hit (STRING protein assigned to a better match),no STRING match,2150,2632,1,1
804,fig|6666666.1036479.peg.2690,fig|6666666.1036479.peg.2400,0.9305537223815918,0.000590991785655218,Medium,Very Low,Very Low–Medium,,,0,no STRING match,no STRING match,1710,3005,1,1
805,fig|6666666.1036479.peg.2548,fig|6666666.1036479.peg.2071,0.9305448770523072,0.0005917268500652369,High,Medium,Medium–High,,,0,no STRING match,no STRING match,1641,2862,1,1
806,fig|6666666.1036479.peg.2843,fig|6666666.1036479.peg.1394,0.9305405139923095,0.0005924619144752559,Very Low,Medium,Very Low–Medium,,,0,no STRING match,no STRING match,1785,2583,1,1
807,fig|6666666.1036479.peg.2843,fig|6666666.1036479.peg.2988,0.9305309176445007,0.0005931969788852749,Very Low,Medium,Very Low–Medium,,Hypothetical protein.,0,no STRING match,secondary STRING hit (STRING protein assigned to a better match),1785,1859,1,1
808,fig|6666666.1036479.peg.1134,fig|6666666.1036479.peg.1138,0.9305242955684662,0.0005939320432952937,Very Low,Very Low,Very Low–Very Low,,,0,no STRING match,no STRING match,2461,2464,1,1
809,fig|6666666.1036479.peg.2541,fig|6666666.1036479.peg.856,0.9305138051509857,0.0005946671077053127,Very Low,Low,Very Low–Low,,,0,no STRING match,no STRING match,1634,2340,1,1
810,fig|6666666.1036479.peg.1739,fig|6666666.1036479.peg.2114,0.9305043697357178,0.0005954021721153316,Very Low,Very Low,Very Low–Very Low,,"COG1629 Outer membrane receptor proteins, mostly Fe transport.",0,no STRING match,secondary STRING hit (STRING protein assigned to a better match),2731,2884,1,1
811,fig|6666666.1036479.peg.3166,fig|6666666.1036479.peg.1152,0.9304244637489318,0.0005961372365253506,Very Low,Very Low,Very Low–Very Low,,,0,no STRING match,no STRING match,1935,2477,1,1
812,fig|6666666.1036479.peg.458,fig|6666666.1036479.peg.934,0.9303443968296051,0.0005968723009353694,Low,Low,Low–Low,,,0,no STRING match,no STRING match,2168,2385,1,1
813,fig|6666666.1036479.peg.3113,fig|6666666.1036479.peg.934,0.93034228682518,0.0005976073653453884,Very Low,Low,Very Low–Low,,,0,no STRING match,no STRING match,1915,2385,1,1
814,fig|6666666.1036479.peg.793,fig|6666666.1036479.peg.2156,0.9303215742111206,0.0005983424297554073,Medium,Very Low,Very Low–Medium,,,0,no STRING match,no STRING match,2320,2906,1,1
815,fig|6666666.1036479.peg.689,fig|6666666.1036479.peg.793,0.9302616536617279,0.0005990774941654263,High,Medium,Medium–High,,,0,no STRING match,no STRING match,2261,2320,1,1
816,fig|6666666.1036479.peg.3000,fig|6666666.1036479.peg.1138,0.9302469193935394,0.0005998125585754451,Very Low,Very Low,Very Low–Very Low,,,0,no STRING match,no STRING match,1863,2464,1,1
817,fig|6666666.1036479.peg.2848,fig|6666666.1036479.peg.793,0.9302300035953521,0.0006005476229854641,Very Low,Medium,Very Low–Medium,,,0,no STRING match,no STRING match,1786,2320,1,1
818,fig|6666666.1036479.peg.1138,fig|6666666.1036479.peg.2415,0.9302182257175445,0.0006012826873954831,Very Low,Very Low,Very Low–Very Low,,,0,no STRING match,no STRING match,2464,3015,1,1
819,fig|6666666.1036479.peg.475,fig|6666666.1036479.peg.1064,0.9302109003067016,0.0006020177518055019,Low,Medium,Low–Medium,,,0,no STRING match,no STRING match,2175,2414,1,1
820,fig|6666666.1036479.peg.2792,fig|6666666.1036479.peg.2092,0.9301062822341919,0.0006027528162155209,High,Medium,Medium–High,,,0,no STRING match,no STRING match,1754,2871,1,1
821,fig|6666666.1036479.peg.856,fig|6666666.1036479.peg.884,0.930089819431305,0.0006034878806255398,Low,Very Low,Very Low–Low,,,0,no STRING match,no STRING match,2340,2359,1,1
822,fig|6666666.1036479.peg.2792,fig|6666666.1036479.peg.934,0.9300772845745087,0.0006042229450355588,High,Low,Low–High,,,0,no STRING match,no STRING match,1754,2385,1,1
823,fig|6666666.1036479.peg.3131,fig|6666666.1036479.peg.1913,0.9300690591335297,0.0006049580094455776,Low,Very Low,Very Low–Low,,,0,no STRING match,no STRING match,1923,2793,1,1
824,fig|6666666.1036479.peg.1138,fig|6666666.1036479.peg.1142,0.9300418674945832,0.0006056930738555966,Very Low,Very Low,Very Low–Very Low,,,0,no STRING match,no STRING match,2464,2468,1,1
825,fig|6666666.1036479.peg.2972,fig|6666666.1036479.peg.856,0.9300398409366608,0.0006064281382656155,Medium,Low,Low–Medium,,,0,no STRING match,no STRING match,1853,2340,1,1
826,fig|6666666.1036479.peg.899,fig|6666666.1036479.peg.1146,0.9300372123718261,0.0006071632026756345,Very Low,Very Low,Very Low–Very Low,,,0,no STRING match,no STRING match,2369,2472,1,1
827,fig|6666666.1036479.peg.689,fig|6666666.1036479.peg.1671,0.9300323188304901,0.0006078982670856533,High,High,High–High,,,0,no STRING match,no STRING match,2261,2712,1,1
828,fig|6666666.1036479.peg.3131,fig|6666666.1036479.peg.1554,0.9300113022327423,0.0006086333314956723,Low,Medium,Low–Medium,,,0,no STRING match,no STRING match,1923,2649,1,1
829,fig|6666666.1036479.peg.856,fig|6666666.1036479.peg.2404,0.9299970984458923,0.0006093683959056913,Low,Medium,Low–Medium,,Hypothetical protein; COG0605 Superoxide dismutase.,0,no STRING match,secondary STRING hit (STRING protein assigned to a better match),2340,3006,1,1
830,fig|6666666.1036479.peg.3188,fig|6666666.1036479.peg.1719,0.9299901366233826,0.0006101034603157102,Medium,Medium,Medium–Medium,,,0,no STRING match,no STRING match,1951,2727,1,1
831,fig|6666666.1036479.peg.2778,fig|6666666.1036479.peg.1149,0.9299672901630401,0.0006108385247257291,Very Low,Very Low,Very Low–Very Low,,,0,no STRING match,no STRING match,1747,2475,1,1
832,fig|6666666.1036479.peg.856,fig|6666666.1036479.peg.2314,0.9298641800880432,0.000611573589135748,Low,Medium,Low–Medium,,,0,no STRING match,no STRING match,2340,2973,1,1
833,fig|6666666.1036479.peg.3131,fig|6666666.1036479.peg.3188,0.9298547863960266,0.000612308653545767,Low,Medium,Low–Medium,,,0,no STRING match,no STRING match,1923,1951,1,1
834,fig|6666666.1036479.peg.1657,fig|6666666.1036479.peg.1719,0.9298071742057801,0.0006130437179557858,Medium,Medium,Medium–Medium,,,0,no STRING match,no STRING match,2707,2727,1,1
835,fig|6666666.1036479.peg.3131,fig|6666666.1036479.peg.3184,0.9297739624977112,0.0006137787823658048,Low,Very Low,Very Low–Low,,,0,no STRING match,no STRING match,1923,1947,1,1
836,fig|6666666.1036479.peg.2691,fig|6666666.1036479.peg.2400,0.929771363735199,0.0006145138467758237,Very Low,Very Low,Very Low–Very Low,,,0,no STRING match,no STRING match,1711,3005,1,1
837,fig|6666666.1036479.peg.2988,fig|6666666.1036479.peg.923,0.9297671914100647,0.0006152489111858427,Medium,High,Medium–High,Hypothetical protein.,,0,secondary STRING hit (STRING protein assigned to a better match),no STRING match,1859,2380,1,1
838,fig|6666666.1036479.peg.3089,fig|6666666.1036479.peg.573,0.9297556579113007,0.0006159839755958615,High,Very Low,Very Low–High,,Hypothetical protein.,0,no STRING match,secondary STRING hit (STRING protein assigned to a better match),1907,2210,1,1
839,fig|6666666.1036479.peg.551,fig|6666666.1036479.peg.856,0.929715609550476,0.0006167190400058805,Very Low,Low,Very Low–Low,,,0,no STRING match,no STRING match,2199,2340,1,1
840,fig|6666666.1036479.peg.1147,fig|6666666.1036479.peg.2400,0.9297023296356202,0.0006174541044158995,Very Low,Very Low,Very Low–Very Low,,,0,no STRING match,no STRING match,2473,3005,1,1
841,fig|6666666.1036479.peg.724,fig|6666666.1036479.peg.856,0.9296865105628968,0.0006181891688259184,Medium,Low,Low–Medium,,,0,no STRING match,no STRING match,2282,2340,1,1
842,fig|6666666.1036479.peg.689,fig|6666666.1036479.peg.1739,0.9294818043708801,0.0006189242332359373,High,Very Low,Very Low–High,,,0,no STRING match,no STRING match,2261,2731,1,1
843,fig|6666666.1036479.peg.1331,fig|6666666.1036479.peg.2071,0.9294563710689545,0.0006196592976459562,Low,Medium,Low–Medium,,,0,no STRING match,no STRING match,2548,2862,1,1
844,fig|6666666.1036479.peg.3191,fig|6666666.1036479.peg.2071,0.9294184625148774,0.0006203943620559752,Medium,Medium,Medium–Medium,,,0,no STRING match,no STRING match,1954,2862,1,1
845,fig|6666666.1036479.peg.2778,fig|6666666.1036479.peg.899,0.9294079542160034,0.0006211294264659941,Very Low,Very Low,Very Low–Very Low,,,0,no STRING match,no STRING match,1747,2369,1,1
846,fig|6666666.1036479.peg.573,fig|6666666.1036479.peg.1419,0.9293760180473327,0.000621864490876013,Very Low,High,Very Low–High,Hypothetical protein.,,0,secondary STRING hit (STRING protein assigned to a better match),no STRING match,2210,2597,1,1
847,fig|6666666.1036479.peg.2843,fig|6666666.1036479.peg.861,0.9293668270111084,0.0006225995552860319,Very Low,High,Very Low–High,,,0,no STRING match,no STRING match,1785,2341,1,1
848,fig|6666666.1036479.peg.2762,fig|6666666.1036479.peg.2792,0.9293172895908356,0.0006233346196960509,Medium,High,Medium–High,Hypothetical protein.,,0,secondary STRING hit (STRING protein assigned to a better match),no STRING match,1741,1754,1,1
849,fig|6666666.1036479.peg.1719,fig|6666666.1036479.peg.2383,0.9292321085929871,0.0006240696841060697,Medium,Very Low,Very Low–Medium,,Hypothetical protein.,0,no STRING match,secondary STRING hit (STRING protein assigned to a better match),2727,2997,1,1
850,fig|6666666.1036479.peg.856,fig|6666666.1036479.peg.2076,0.9292070686817169,0.0006248047485160887,Low,Medium,Low–Medium,,,0,no STRING match,no STRING match,2340,2863,1,1
851,fig|6666666.1036479.peg.2672,fig|6666666.1036479.peg.3113,0.929182106256485,0.0006255398129261077,Medium,Very Low,Very Low–Medium,,,0,no STRING match,no STRING match,1704,1915,1,1
852,fig|6666666.1036479.peg.2920,fig|6666666.1036479.peg.2071,0.9291601359844208,0.0006262748773361266,Very Low,Medium,Very Low–Medium,,,0,no STRING match,no STRING match,1823,2862,1,1
853,fig|6666666.1036479.peg.856,fig|6666666.1036479.peg.1412,0.9291534721851349,0.0006270099417461455,Low,Medium,Low–Medium,,,0,no STRING match,no STRING match,2340,2591,1,1
854,fig|6666666.1036479.peg.3113,fig|6666666.1036479.peg.1394,0.9291390299797058,0.0006277450061561644,Very Low,Medium,Very Low–Medium,,,0,no STRING match,no STRING match,1915,2583,1,1
855,fig|6666666.1036479.peg.903,fig|6666666.1036479.peg.2071,0.9290236711502076,0.0006284800705661834,Medium,Medium,Medium–Medium,,,0,no STRING match,no STRING match,2371,2862,1,1
856,fig|6666666.1036479.peg.458,fig|6666666.1036479.peg.1419,0.9290164828300476,0.0006292151349762023,Low,High,Low–High,,,0,no STRING match,no STRING match,2168,2597,1,1
857,fig|6666666.1036479.peg.1693,fig|6666666.1036479.peg.2156,0.9289063692092896,0.0006299501993862212,Medium,Very Low,Very Low–Medium,,,0,no STRING match,no STRING match,2718,2906,1,1
858,fig|6666666.1036479.peg.2506,fig|6666666.1036479.peg.2548,0.9288845956325531,0.0006306852637962401,Very Low,High,Very Low–High,,,0,no STRING match,no STRING match,1613,1641,6,1
859,fig|6666666.1036479.peg.2516,fig|6666666.1036479.peg.2548,0.9288845956325531,0.0006314203282062591,Very Low,High,Very Low–High,,,0,no STRING match,no STRING match,1613,1641,6,1
860,fig|6666666.1036479.peg.2522,fig|6666666.1036479.peg.2548,0.9288845956325531,0.000632155392616278,Very Low,High,Very Low–High,,,0,no STRING match,no STRING match,1613,1641,6,1
861,fig|6666666.1036479.peg.2548,fig|6666666.1036479.peg.974,0.9288845956325531,0.0006328904570262969,High,Very Low,Very Low–High,,,0,no STRING match,no STRING match,1641,1613,1,6
862,fig|6666666.1036479.peg.2548,fig|6666666.1036479.peg.979,0.9288845956325531,0.0006336255214363159,High,Very Low,Very Low–High,,,0,no STRING match,no STRING match,1641,1613,1,6
863,fig|6666666.1036479.peg.2548,fig|6666666.1036479.peg.2491,0.9288845956325531,0.0006343605858463348,High,Very Low,Very Low–High,,,0,no STRING match,no STRING match,1641,1613,1,6
864,fig|6666666.1036479.peg.866,fig|6666666.1036479.peg.1080,0.9288538753986358,0.0006350956502563537,High,High,High–High,,,0,no STRING match,no STRING match,2345,2424,1,1
865,fig|6666666.1036479.peg.1135,fig|6666666.1036479.peg.1273,0.928835391998291,0.0006358307146663726,Very Low,Very Low,Very Low–Very Low,,,0,no STRING match,no STRING match,2462,2524,1,1
866,fig|6666666.1036479.peg.2547,fig|6666666.1036479.peg.856,0.9288017690181732,0.0006365657790763916,Medium,Low,Low–Medium,,,0,no STRING match,no STRING match,1640,2340,1,1
867,fig|6666666.1036479.peg.1671,fig|6666666.1036479.peg.2091,0.9287996172904969,0.0006373008434864105,High,Medium,Medium–High,,,0,no STRING match,no STRING match,2712,2870,1,1
868,fig|6666666.1036479.peg.856,fig|6666666.1036479.peg.1901,0.9287845432758332,0.0006380359078964294,Low,Very Low,Very Low–Low,,,0,no STRING match,no STRING match,2340,2787,1,1
869,fig|6666666.1036479.peg.3168,fig|6666666.1036479.peg.1131,0.9287618696689606,0.0006387709723064483,Very Low,Very Low,Very Low–Very Low,,,0,no STRING match,no STRING match,1937,2460,1,1
870,fig|6666666.1036479.peg.3222,fig|6666666.1036479.peg.1671,0.9287178635597229,0.0006395060367164673,Medium,High,Medium–High,,,0,no STRING match,no STRING match,1972,2712,2,1
871,fig|6666666.1036479.peg.138,fig|6666666.1036479.peg.1671,0.9287178635597229,0.0006402411011264863,Medium,High,Medium–High,,,0,no STRING match,no STRING match,1972,2712,2,1
872,fig|6666666.1036479.peg.856,fig|6666666.1036479.peg.1109,0.9286765873432159,0.0006409761655365051,Low,Very Low,Very Low–Low,,,0,no STRING match,no STRING match,2340,2441,1,1
873,fig|6666666.1036479.peg.3187,fig|6666666.1036479.peg.475,0.9286675453186035,0.0006417112299465241,Very Low,Low,Very Low–Low,Hypothetical protein.,,0,secondary STRING hit (STRING protein assigned to a better match),no STRING match,1950,2175,1,1
874,fig|6666666.1036479.peg.2071,fig|6666666.1036479.peg.2093,0.9286433577537536,0.000642446294356543,Medium,Medium,Medium–Medium,,,0,no STRING match,no STRING match,2862,2872,1,1
875,fig|6666666.1036479.peg.3131,fig|6666666.1036479.peg.2348,0.9286273419857025,0.000643181358766562,Low,High,Low–High,,,0,no STRING match,no STRING match,1923,2991,1,1
876,fig|6666666.1036479.peg.1554,fig|6666666.1036479.peg.1719,0.9285931408405304,0.0006439164231765808,Medium,Medium,Medium–Medium,,,0,no STRING match,no STRING match,2649,2727,1,1
877,fig|6666666.1036479.peg.475,fig|6666666.1036479.peg.1308,0.9285743653774261,0.0006446514875865998,Low,Medium,Low–Medium,,,0,no STRING match,no STRING match,2175,2532,1,1
878,fig|6666666.1036479.peg.1141,fig|6666666.1036479.peg.1160,0.928520929813385,0.0006453865519966187,Very Low,Very Low,Very Low–Very Low,,,0,no STRING match,no STRING match,2467,2481,1,1
879,fig|6666666.1036479.peg.702,fig|6666666.1036479.peg.2071,0.9285049974918366,0.0006461216164066376,Medium,Medium,Medium–Medium,,,0,no STRING match,no STRING match,2266,2862,1,1
880,fig|6666666.1036479.peg.48,fig|6666666.1036479.peg.856,0.9284891307353973,0.0006468566808166565,Medium,Low,Low–Medium,,,0,no STRING match,no STRING match,2035,2340,1,1
881,fig|6666666.1036479.peg.3197,fig|6666666.1036479.peg.856,0.9284649729728699,0.0006475917452266755,Very Low,Low,Very Low–Low,,,0,no STRING match,no STRING match,1959,2340,1,1
882,fig|6666666.1036479.peg.2681,fig|6666666.1036479.peg.1739,0.9284581184387207,0.0006483268096366945,Low,Very Low,Very Low–Low,,,0,no STRING match,no STRING match,1706,2731,1,1
883,fig|6666666.1036479.peg.2809,fig|6666666.1036479.peg.3131,0.9284253776073456,0.0006490618740467133,Very Low,Low,Very Low–Low,,,0,no STRING match,no STRING match,1760,1923,1,1
884,fig|6666666.1036479.peg.2691,fig|6666666.1036479.peg.1138,0.928397399187088,0.0006497969384567323,Very Low,Very Low,Very Low–Very Low,,,0,no STRING match,no STRING match,1711,2464,1,1
885,fig|6666666.1036479.peg.536,fig|6666666.1036479.peg.861,0.9283956587314606,0.0006505320028667512,Medium,High,Medium–High,,,0,no STRING match,no STRING match,2193,2341,1,1
886,fig|6666666.1036479.peg.1693,fig|6666666.1036479.peg.1947,0.9283799350261688,0.0006512670672767702,Medium,Medium,Medium–Medium,,,0,no STRING match,no STRING match,2718,2809,1,1
887,fig|6666666.1036479.peg.2548,fig|6666666.1036479.peg.867,0.9283501505851746,0.000652002131686789,High,Low,Low–High,,,0,no STRING match,no STRING match,1641,2346,1,1
888,fig|6666666.1036479.peg.2600,fig|6666666.1036479.peg.856,0.9283461034297943,0.000652737196096808,Very Low,Low,Very Low–Low,,,0,no STRING match,no STRING match,1667,2340,1,1
889,fig|6666666.1036479.peg.2548,fig|6666666.1036479.peg.649,0.9283374011516571,0.0006534722605068269,High,Medium,Medium–High,,,0,no STRING match,no STRING match,1641,2246,1,1
890,fig|6666666.1036479.peg.684,fig|6666666.1036479.peg.856,0.928294050693512,0.0006542073249168459,High,Low,Low–High,,,0,no STRING match,no STRING match,2258,2340,1,1
891,fig|6666666.1036479.peg.856,fig|6666666.1036479.peg.2469,0.9282916188240051,0.0006549423893268647,Low,Very Low,Very Low–Low,,,0,no STRING match,no STRING match,2340,3040,1,1
892,fig|6666666.1036479.peg.3131,fig|6666666.1036479.peg.1420,0.9282751262187958,0.0006556774537368837,Low,Very Low,Very Low–Low,,,0,no STRING match,no STRING match,1923,2598,1,1
893,fig|6666666.1036479.peg.1394,fig|6666666.1036479.peg.1719,0.9282719194889069,0.0006564125181469027,Medium,Medium,Medium–Medium,,,0,no STRING match,no STRING match,2583,2727,1,1
894,fig|6666666.1036479.peg.236,fig|6666666.1036479.peg.1671,0.928248119354248,0.0006571475825569215,Very Low,High,Very Low–High,,,0,no STRING match,no STRING match,2086,2712,1,1
895,fig|6666666.1036479.peg.306,fig|6666666.1036479.peg.856,0.928225827217102,0.0006578826469669405,Medium,Low,Low–Medium,,,0,no STRING match,no STRING match,2119,2340,2,1
896,fig|6666666.1036479.peg.310,fig|6666666.1036479.peg.856,0.928225827217102,0.0006586177113769594,Medium,Low,Low–Medium,,,0,no STRING match,no STRING match,2119,2340,2,1
897,fig|6666666.1036479.peg.2788,fig|6666666.1036479.peg.793,0.9281854867935181,0.0006593527757869784,Medium,Medium,Medium–Medium,,,0,no STRING match,no STRING match,1752,2320,1,1
898,fig|6666666.1036479.peg.2843,fig|6666666.1036479.peg.3089,0.9281746447086334,0.0006600878401969972,Very Low,High,Very Low–High,,,0,no STRING match,no STRING match,1785,1907,1,1
899,fig|6666666.1036479.peg.1671,fig|6666666.1036479.peg.2455,0.9281693756580353,0.0006608229046070162,High,Medium,Medium–High,,,0,no STRING match,no STRING match,2712,3032,1,1
900,fig|6666666.1036479.peg.2988,fig|6666666.1036479.peg.36,0.9281558096408844,0.0006615579690170351,Medium,Medium,Medium–Medium,Hypothetical protein.,,0,secondary STRING hit (STRING protein assigned to a better match),no STRING match,1859,2023,1,2
901,fig|6666666.1036479.peg.2988,fig|6666666.1036479.peg.184,0.9281558096408844,0.0006622930334270541,Medium,Medium,Medium–Medium,Hypothetical protein.,,0,secondary STRING hit (STRING protein assigned to a better match),no STRING match,1859,2023,1,2
902,fig|6666666.1036479.peg.2778,fig|6666666.1036479.peg.1152,0.9280940532684326,0.0006630280978370729,Very Low,Very Low,Very Low–Very Low,,,0,no STRING match,no STRING match,1747,2477,1,1
903,fig|6666666.1036479.peg.2548,fig|6666666.1036479.peg.1074,0.9280180990695953,0.0006637631622470919,High,High,High–High,,,0,no STRING match,no STRING match,1641,2418,1,1
904,fig|6666666.1036479.peg.2788,fig|6666666.1036479.peg.2071,0.9279926180839538,0.0006644982266571109,Medium,Medium,Medium–Medium,,,0,no STRING match,no STRING match,1752,2862,1,1
905,fig|6666666.1036479.peg.689,fig|6666666.1036479.peg.1693,0.9279844701290131,0.0006652332910671298,High,Medium,Medium–High,,,0,no STRING match,no STRING match,2261,2718,1,1
906,fig|6666666.1036479.peg.236,fig|6666666.1036479.peg.1693,0.9279738545417786,0.0006659683554771487,Very Low,Medium,Very Low–Medium,,,0,no STRING match,no STRING match,2086,2718,1,1
907,fig|6666666.1036479.peg.3076,fig|6666666.1036479.peg.861,0.9279431283473969,0.0006667034198871676,High,High,High–High,,,0,no STRING match,no STRING match,1899,2341,1,1
908,fig|6666666.1036479.peg.856,fig|6666666.1036479.peg.2405,0.9279374957084656,0.0006674384842971866,Low,Medium,Low–Medium,,Hypothetical protein; COG0605 Superoxide dismutase.,0,no STRING match,secondary STRING hit (STRING protein assigned to a better match),2340,3007,1,1
909,fig|6666666.1036479.peg.2988,fig|6666666.1036479.peg.3076,0.927933543920517,0.0006681735487072054,Medium,High,Medium–High,Hypothetical protein.,,0,secondary STRING hit (STRING protein assigned to a better match),no STRING match,1859,1899,1,1
910,fig|6666666.1036479.peg.3183,fig|6666666.1036479.peg.856,0.9279090940952301,0.0006689086131172244,Very Low,Low,Very Low–Low,,,0,no STRING match,no STRING match,1946,2340,1,1
911,fig|6666666.1036479.peg.2762,fig|6666666.1036479.peg.649,0.9278903424739837,0.0006696436775272433,Medium,Medium,Medium–Medium,Hypothetical protein.,,0,secondary STRING hit (STRING protein assigned to a better match),no STRING match,1741,2246,1,1
912,fig|6666666.1036479.peg.899,fig|6666666.1036479.peg.1538,0.9278871119022369,0.0006703787419372623,Very Low,Very Low,Very Low–Very Low,,,0,no STRING match,no STRING match,2369,2642,1,1
913,fig|6666666.1036479.peg.411,fig|6666666.1036479.peg.1074,0.9277984261512756,0.0006711138063472811,Low,High,Low–High,Hypothetical protein.,,0,secondary STRING hit (STRING protein assigned to a better match),no STRING match,2150,2418,1,1
914,fig|6666666.1036479.peg.253,fig|6666666.1036479.peg.1739,0.9277912378311157,0.0006718488707573001,Low,Very Low,Very Low–Low,Hypothetical protein.,,0,secondary STRING hit (STRING protein assigned to a better match),no STRING match,2096,2731,1,1
915,fig|6666666.1036479.peg.1719,fig|6666666.1036479.peg.1913,0.9277769505977631,0.000672583935167319,Medium,Very Low,Very Low–Medium,,,0,no STRING match,no STRING match,2727,2793,1,1
916,fig|6666666.1036479.peg.475,fig|6666666.1036479.peg.2091,0.9276930570602417,0.000673318999577338,Low,Medium,Low–Medium,,,0,no STRING match,no STRING match,2175,2870,1,1
917,fig|6666666.1036479.peg.2778,fig|6666666.1036479.peg.1135,0.927605926990509,0.0006740540639873569,Very Low,Very Low,Very Low–Very Low,,,0,no STRING match,no STRING match,1747,2462,1,1
918,fig|6666666.1036479.peg.1543,fig|6666666.1036479.peg.1719,0.9275441348552704,0.0006747891283973758,Medium,Medium,Medium–Medium,,,0,no STRING match,no STRING match,2644,2727,1,1
919,fig|6666666.1036479.peg.2506,fig|6666666.1036479.peg.2524,0.9274963200092315,0.0006755241928073948,Very Low,Low,Very Low–Low,,,0,no STRING match,no STRING match,1613,1626,6,1
920,fig|6666666.1036479.peg.2516,fig|6666666.1036479.peg.2524,0.9274963200092315,0.0006762592572174137,Very Low,Low,Very Low–Low,,,0,no STRING match,no STRING match,1613,1626,6,1
921,fig|6666666.1036479.peg.2522,fig|6666666.1036479.peg.2524,0.9274963200092315,0.0006769943216274326,Very Low,Low,Very Low–Low,,,0,no STRING match,no STRING match,1613,1626,6,1
922,fig|6666666.1036479.peg.2524,fig|6666666.1036479.peg.974,0.9274963200092315,0.0006777293860374515,Low,Very Low,Very Low–Low,,,0,no STRING match,no STRING match,1626,1613,1,6
923,fig|6666666.1036479.peg.2524,fig|6666666.1036479.peg.979,0.9274963200092315,0.0006784644504474705,Low,Very Low,Very Low–Low,,,0,no STRING match,no STRING match,1626,1613,1,6
924,fig|6666666.1036479.peg.2524,fig|6666666.1036479.peg.2491,0.9274963200092315,0.0006791995148574893,Low,Very Low,Very Low–Low,,,0,no STRING match,no STRING match,1626,1613,1,6
925,fig|6666666.1036479.peg.2843,fig|6666666.1036479.peg.536,0.9274961411952972,0.0006799345792675083,Very Low,Medium,Very Low–Medium,,,0,no STRING match,no STRING match,1785,2193,1,1
926,fig|6666666.1036479.peg.2681,fig|6666666.1036479.peg.2792,0.9274189352989197,0.0006806696436775273,Low,High,Low–High,,,0,no STRING match,no STRING match,1706,1754,1,1
927,fig|6666666.1036479.peg.1419,fig|6666666.1036479.peg.2114,0.9274126410484314,0.0006814047080875462,High,Very Low,Very Low–High,,"COG1629 Outer membrane receptor proteins, mostly Fe transport.",0,no STRING match,secondary STRING hit (STRING protein assigned to a better match),2597,2884,1,1
928,fig|6666666.1036479.peg.2988,fig|6666666.1036479.peg.2364,0.9274083852767945,0.0006821397724975651,Medium,Medium,Medium–Medium,Hypothetical protein.,,0,secondary STRING hit (STRING protein assigned to a better match),no STRING match,1859,2994,1,1
929,fig|6666666.1036479.peg.2681,fig|6666666.1036479.peg.475,0.9272922515869141,0.000682874836907584,Low,Low,Low–Low,,,0,no STRING match,no STRING match,1706,2175,1,1
930,fig|6666666.1036479.peg.3166,fig|6666666.1036479.peg.3167,0.9272854506969452,0.000683609901317603,Very Low,Very Low,Very Low–Very Low,,,0,no STRING match,no STRING match,1935,1936,1,1
931,fig|6666666.1036479.peg.3207,fig|6666666.1036479.peg.1693,0.9272709250450134,0.0006843449657276219,Medium,Medium,Medium–Medium,,,0,no STRING match,no STRING match,1965,2718,1,1
932,fig|6666666.1036479.peg.2506,fig|6666666.1036479.peg.2199,0.9272577822208404,0.0006850800301376408,Very Low,Low,Very Low–Low,,,0,no STRING match,no STRING match,1613,2936,6,1
933,fig|6666666.1036479.peg.2516,fig|6666666.1036479.peg.2199,0.9272577822208404,0.0006858150945476597,Very Low,Low,Very Low–Low,,,0,no STRING match,no STRING match,1613,2936,6,1
934,fig|6666666.1036479.peg.2522,fig|6666666.1036479.peg.2199,0.9272577822208404,0.0006865501589576787,Very Low,Low,Very Low–Low,,,0,no STRING match,no STRING match,1613,2936,6,1
935,fig|6666666.1036479.peg.974,fig|6666666.1036479.peg.2199,0.9272577822208404,0.0006872852233676976,Very Low,Low,Very Low–Low,,,0,no STRING match,no STRING match,1613,2936,6,1
936,fig|6666666.1036479.peg.979,fig|6666666.1036479.peg.2199,0.9272577822208404,0.0006880202877777165,Very Low,Low,Very Low–Low,,,0,no STRING match,no STRING match,1613,2936,6,1
937,fig|6666666.1036479.peg.2199,fig|6666666.1036479.peg.2491,0.9272577822208404,0.0006887553521877355,Low,Very Low,Very Low–Low,,,0,no STRING match,no STRING match,2936,1613,1,6
938,fig|6666666.1036479.peg.689,fig|6666666.1036479.peg.1419,0.9272444665431976,0.0006894904165977544,High,High,High–High,,,0,no STRING match,no STRING match,2261,2597,1,1
939,fig|6666666.1036479.peg.3222,fig|6666666.1036479.peg.475,0.9272441029548645,0.0006902254810077733,Medium,Low,Low–Medium,,,0,no STRING match,no STRING match,1972,2175,2,1
940,fig|6666666.1036479.peg.138,fig|6666666.1036479.peg.475,0.9272441029548645,0.0006909605454177922,Medium,Low,Low–Medium,,,0,no STRING match,no STRING match,1972,2175,2,1
941,fig|6666666.1036479.peg.3166,fig|6666666.1036479.peg.2307,0.9272416949272155,0.0006916956098278112,Very Low,Very Low,Very Low–Very Low,,,0,no STRING match,no STRING match,1935,2969,1,1
942,fig|6666666.1036479.peg.649,fig|6666666.1036479.peg.1673,0.9272320151329041,0.0006924306742378301,Medium,Very Low,Very Low–Medium,,,0,no STRING match,no STRING match,2246,2713,1,1
943,fig|6666666.1036479.peg.942,fig|6666666.1036479.peg.1195,0.9272149801254272,0.000693165738647849,Very Low,Medium,Very Low–Medium,,,0,no STRING match,no STRING match,2389,2492,1,1
944,fig|6666666.1036479.peg.2876,fig|6666666.1036479.peg.856,0.9272121667861939,0.0006939008030578679,Medium,Low,Low–Medium,,,0,no STRING match,no STRING match,1802,2340,1,1
945,fig|6666666.1036479.peg.1739,fig|6666666.1036479.peg.2092,0.9271987795829773,0.0006946358674678869,Very Low,Medium,Very Low–Medium,,,0,no STRING match,no STRING match,2731,2871,1,1
946,fig|6666666.1036479.peg.475,fig|6666666.1036479.peg.1547,0.9271578669548035,0.0006953709318779058,Low,High,Low–High,,,0,no STRING match,no STRING match,2175,2647,1,1
947,fig|6666666.1036479.peg.899,fig|6666666.1036479.peg.1135,0.9271507799625397,0.0006961059962879247,Very Low,Very Low,Very Low–Very Low,,,0,no STRING match,no STRING match,2369,2462,1,1
948,fig|6666666.1036479.peg.3166,fig|6666666.1036479.peg.1145,0.9271320164203644,0.0006968410606979437,Very Low,Very Low,Very Low–Very Low,,,0,no STRING match,no STRING match,1935,2471,1,1
949,fig|6666666.1036479.peg.2848,fig|6666666.1036479.peg.1693,0.9271184921264648,0.0006975761251079626,Very Low,Medium,Very Low–Medium,,,0,no STRING match,no STRING match,1786,2718,1,1
950,fig|6666666.1036479.peg.3207,fig|6666666.1036479.peg.793,0.927117520570755,0.0006983111895179816,Medium,Medium,Medium–Medium,,,0,no STRING match,no STRING match,1965,2320,1,1
951,fig|6666666.1036479.peg.856,fig|6666666.1036479.peg.1959,0.9270926773548126,0.0006990462539280004,Low,Low,Low–Low,,,0,no STRING match,no STRING match,2340,2820,1,1
952,fig|6666666.1036479.peg.2071,fig|6666666.1036479.peg.2348,0.9270433485507965,0.0006997813183380194,Medium,High,Medium–High,,,0,no STRING match,no STRING match,2862,2991,1,1
953,fig|6666666.1036479.peg.866,fig|6666666.1036479.peg.1519,0.9270404696464538,0.0007005163827480383,High,High,High–High,,,0,no STRING match,no STRING match,2345,2632,1,1
954,fig|6666666.1036479.peg.236,fig|6666666.1036479.peg.793,0.9270317196846009,0.0007012514471580572,Very Low,Medium,Very Low–Medium,,,0,no STRING match,no STRING match,2086,2320,1,1
955,fig|6666666.1036479.peg.2681,fig|6666666.1036479.peg.411,0.9270221769809723,0.0007019865115680761,Low,Low,Low–Low,,Hypothetical protein.,0,no STRING match,secondary STRING hit (STRING protein assigned to a better match),1706,2150,1,1
956,fig|6666666.1036479.peg.1135,fig|6666666.1036479.peg.1160,0.9270218312740326,0.0007027215759780951,Very Low,Very Low,Very Low–Very Low,,,0,no STRING match,no STRING match,2462,2481,1,1
957,fig|6666666.1036479.peg.719,fig|6666666.1036479.peg.1719,0.9270200312137604,0.000703456640388114,Medium,Medium,Medium–Medium,,,0,no STRING match,no STRING match,2277,2727,1,1
958,fig|6666666.1036479.peg.728,fig|6666666.1036479.peg.942,0.9270143210887909,0.0007041917047981329,Medium,Very Low,Very Low–Medium,,,0,no STRING match,no STRING match,2286,2389,1,1
959,fig|6666666.1036479.peg.411,fig|6666666.1036479.peg.475,0.9269956588745117,0.0007049267692081519,Low,Low,Low–Low,Hypothetical protein.,,0,secondary STRING hit (STRING protein assigned to a better match),no STRING match,2150,2175,1,1
960,fig|6666666.1036479.peg.2761,fig|6666666.1036479.peg.3131,0.9269942998886108,0.0007056618336181708,Low,Low,Low–Low,,,0,no STRING match,no STRING match,1740,1923,1,1
961,fig|6666666.1036479.peg.861,fig|6666666.1036479.peg.923,0.9269934892654419,0.0007063968980281898,High,High,High–High,,,0,no STRING match,no STRING match,2341,2380,1,1
962,fig|6666666.1036479.peg.2672,fig|6666666.1036479.peg.3020,0.9269563376903533,0.0007071319624382086,Medium,Low,Low–Medium,,,0,no STRING match,no STRING match,1704,1878,1,1
963,fig|6666666.1036479.peg.2588,fig|6666666.1036479.peg.856,0.9269476771354676,0.0007078670268482276,Very Low,Low,Very Low–Low,,,0,no STRING match,no STRING match,1664,2340,1,1
964,fig|6666666.1036479.peg.573,fig|6666666.1036479.peg.2114,0.9268604993820191,0.0007086020912582465,Very Low,Very Low,Very Low–Very Low,Hypothetical protein.,"COG1629 Outer membrane receptor proteins, mostly Fe transport.",0,secondary STRING hit (STRING protein assigned to a better match),secondary STRING hit (STRING protein assigned to a better match),2210,2884,1,1
965,fig|6666666.1036479.peg.370,fig|6666666.1036479.peg.866,0.9268393397331238,0.0007093371556682655,High,High,High–High,,,0,no STRING match,no STRING match,2139,2345,1,1
966,fig|6666666.1036479.peg.536,fig|6666666.1036479.peg.923,0.9268346965312958,0.0007100722200782843,Medium,High,Medium–High,,,0,no STRING match,no STRING match,2193,2380,1,1
967,fig|6666666.1036479.peg.934,fig|6666666.1036479.peg.1739,0.9268148958683013,0.0007108072844883033,Low,Very Low,Very Low–Low,,,0,no STRING match,no STRING match,2385,2731,1,1
968,fig|6666666.1036479.peg.3113,fig|6666666.1036479.peg.2364,0.9268136501312256,0.0007115423488983222,Very Low,Medium,Very Low–Medium,,,0,no STRING match,no STRING match,1915,2994,1,1
969,fig|6666666.1036479.peg.236,fig|6666666.1036479.peg.475,0.9267906725406647,0.0007122774133083411,Very Low,Low,Very Low–Low,,,0,no STRING match,no STRING match,2086,2175,1,1
970,fig|6666666.1036479.peg.2988,fig|6666666.1036479.peg.3187,0.926779592037201,0.00071301247771836,Medium,Very Low,Very Low–Medium,Hypothetical protein.,Hypothetical protein.,0,secondary STRING hit (STRING protein assigned to a better match),secondary STRING hit (STRING protein assigned to a better match),1859,1950,1,1
971,fig|6666666.1036479.peg.3083,fig|6666666.1036479.peg.1719,0.926760447025299,0.000713747542128379,High,Medium,Medium–High,,,0,no STRING match,no STRING match,1905,2727,1,1
972,fig|6666666.1036479.peg.856,fig|6666666.1036479.peg.1949,0.9266896903514862,0.000714482606538398,Low,Medium,Low–Medium,,,0,no STRING match,no STRING match,2340,2811,1,1
973,fig|6666666.1036479.peg.1693,fig|6666666.1036479.peg.1946,0.9266750574111938,0.0007152176709484168,Medium,Medium,Medium–Medium,,,0,no STRING match,no STRING match,2718,2808,1,1
974,fig|6666666.1036479.peg.2693,fig|6666666.1036479.peg.2400,0.9266700685024262,0.0007159527353584358,Very Low,Very Low,Very Low–Very Low,,,0,no STRING match,no STRING match,1712,3005,1,1
975,fig|6666666.1036479.peg.458,fig|6666666.1036479.peg.573,0.9266530513763428,0.0007166877997684547,Low,Very Low,Very Low–Low,,Hypothetical protein.,0,no STRING match,secondary STRING hit (STRING protein assigned to a better match),2168,2210,1,1
976,fig|6666666.1036479.peg.2988,fig|6666666.1036479.peg.1195,0.9266475796699524,0.0007174228641784737,Medium,Medium,Medium–Medium,Hypothetical protein.,,0,secondary STRING hit (STRING protein assigned to a better match),no STRING match,1859,2492,1,1
977,fig|6666666.1036479.peg.536,fig|6666666.1036479.peg.649,0.9266328632831573,0.0007181579285884925,Medium,Medium,Medium–Medium,,,0,no STRING match,no STRING match,2193,2246,1,1
978,fig|6666666.1036479.peg.219,fig|6666666.1036479.peg.1150,0.9266176283359527,0.0007188929929985115,Very Low,Very Low,Very Low–Very Low,,,0,no STRING match,no STRING match,2081,2476,1,1
979,fig|6666666.1036479.peg.411,fig|6666666.1036479.peg.867,0.9266153931617737,0.0007196280574085304,Low,Low,Low–Low,Hypothetical protein.,,0,secondary STRING hit (STRING protein assigned to a better match),no STRING match,2150,2346,1,1
980,fig|6666666.1036479.peg.856,fig|6666666.1036479.peg.2337,0.9265990316867828,0.0007203631218185494,Low,Very Low,Very Low–Low,,,0,no STRING match,no STRING match,2340,2987,1,1
981,fig|6666666.1036479.peg.3131,fig|6666666.1036479.peg.1814,0.9265934765338898,0.0007210981862285683,Low,Very Low,Very Low–Low,,,0,no STRING match,no STRING match,1923,2763,1,1
982,fig|6666666.1036479.peg.856,fig|6666666.1036479.peg.882,0.9265824556350708,0.0007218332506385872,Low,Very Low,Very Low–Low,,,0,no STRING match,no STRING match,2340,2357,1,1
983,fig|6666666.1036479.peg.475,fig|6666666.1036479.peg.2455,0.9265698730945587,0.0007225683150486062,Low,Medium,Low–Medium,,,0,no STRING match,no STRING match,2175,3032,1,1
984,fig|6666666.1036479.peg.856,fig|6666666.1036479.peg.1180,0.9265636324882507,0.000723303379458625,Low,Low,Low–Low,,,0,no STRING match,no STRING match,2340,2488,1,1
985,fig|6666666.1036479.peg.649,fig|6666666.1036479.peg.2114,0.9264528810977936,0.000724038443868644,Medium,Very Low,Very Low–Medium,,"COG1629 Outer membrane receptor proteins, mostly Fe transport.",0,no STRING match,secondary STRING hit (STRING protein assigned to a better match),2246,2884,1,1
986,fig|6666666.1036479.peg.2546,fig|6666666.1036479.peg.856,0.9264349102973938,0.0007247735082786629,Very Low,Low,Very Low–Low,Yd repeat protein; COG3209 Rhs family protein.,,0,secondary STRING hit (STRING protein assigned to a better match),no STRING match,1639,2340,1,1
987,fig|6666666.1036479.peg.253,fig|6666666.1036479.peg.370,0.9264174163341522,0.0007255085726886819,Low,High,Low–High,Hypothetical protein.,,0,secondary STRING hit (STRING protein assigned to a better match),no STRING match,2096,2139,1,1
988,fig|6666666.1036479.peg.2843,fig|6666666.1036479.peg.1419,0.9263827860355377,0.0007262436370987007,Very Low,High,Very Low–High,,,0,no STRING match,no STRING match,1785,2597,1,1
989,fig|6666666.1036479.peg.1547,fig|6666666.1036479.peg.1739,0.9263539493083954,0.0007269787015087197,High,Very Low,Very Low–High,,,0,no STRING match,no STRING match,2647,2731,1,1
990,fig|6666666.1036479.peg.856,fig|6666666.1036479.peg.2150,0.9262830495834351,0.0007277137659187386,Low,Very Low,Very Low–Low,,,0,no STRING match,no STRING match,2340,2903,1,1
991,fig|6666666.1036479.peg.475,fig|6666666.1036479.peg.866,0.9262827098369598,0.0007284488303287576,Low,High,Low–High,,,0,no STRING match,no STRING match,2175,2345,1,1
992,fig|6666666.1036479.peg.856,fig|6666666.1036479.peg.2279,0.926272314786911,0.0007291838947387765,Low,Medium,Low–Medium,,,0,no STRING match,no STRING match,2340,2958,1,1
993,fig|6666666.1036479.peg.689,fig|6666666.1036479.peg.861,0.9262533724308014,0.0007299189591487954,High,High,High–High,,,0,no STRING match,no STRING match,2261,2341,1,1
994,fig|6666666.1036479.peg.2948,fig|6666666.1036479.peg.3089,0.9262393355369568,0.0007306540235588144,High,High,High–High,,,0,no STRING match,no STRING match,1843,1907,1,1
995,fig|6666666.1036479.peg.3198,fig|6666666.1036479.peg.1719,0.9262375712394715,0.0007313890879688333,Very Low,Medium,Very Low–Medium,,,0,no STRING match,no STRING match,1960,2727,1,1
996,fig|6666666.1036479.peg.861,fig|6666666.1036479.peg.866,0.9261580526828765,0.0007321241523788522,High,High,High–High,,,0,no STRING match,no STRING match,2341,2345,1,1
997,fig|6666666.1036479.peg.2506,fig|6666666.1036479.peg.2679,0.9261503636837005,0.0007328592167888711,Very Low,Medium,Very Low–Medium,,,0,no STRING match,no STRING match,1613,1705,6,1
998,fig|6666666.1036479.peg.2516,fig|6666666.1036479.peg.2679,0.9261503636837005,0.0007335942811988901,Very Low,Medium,Very Low–Medium,,,0,no STRING match,no STRING match,1613,1705,6,1
999,fig|6666666.1036479.peg.2522,fig|6666666.1036479.peg.2679,0.9261503636837005,0.0007343293456089089,Very Low,Medium,Very Low–Medium,,,0,no STRING match,no STRING match,1613,1705,6,1
1000,fig|6666666.1036479.peg.2679,fig|6666666.1036479.peg.974,0.9261503636837005,0.0007350644100189279,Medium,Very Low,Very Low–Medium,,,0,no STRING match,no STRING match,1705,1613,1,6
1001,fig|6666666.1036479.peg.2679,fig|6666666.1036479.peg.979,0.9261503636837005,0.0007357994744289468,Medium,Very Low,Very Low–Medium,,,0,no STRING match,no STRING match,1705,1613,1,6
1002,fig|6666666.1036479.peg.2679,fig|6666666.1036479.peg.2491,0.9261503636837005,0.0007365345388389658,Medium,Very Low,Very Low–Medium,,,0,no STRING match,no STRING match,1705,1613,1,6
1003,fig|6666666.1036479.peg.2920,fig|6666666.1036479.peg.1693,0.9261340618133544,0.0007372696032489847,Very Low,Medium,Very Low–Medium,,,0,no STRING match,no STRING match,1823,2718,1,1
1004,fig|6666666.1036479.peg.856,fig|6666666.1036479.peg.1348,0.9260442614555359,0.0007380046676590036,Low,Medium,Low–Medium,,,0,no STRING match,no STRING match,2340,2558,1,1
1005,fig|6666666.1036479.peg.819,fig|6666666.1036479.peg.1719,0.9260172486305237,0.0007387397320690226,Very Low,Medium,Very Low–Medium,,,0,no STRING match,no STRING match,2330,2727,1,1
1006,fig|6666666.1036479.peg.1146,fig|6666666.1036479.peg.1160,0.9260067641735077,0.0007394747964790415,Very Low,Very Low,Very Low–Very Low,,,0,no STRING match,no STRING match,2472,2481,1,1
1007,fig|6666666.1036479.peg.2792,fig|6666666.1036479.peg.536,0.9260034680366516,0.0007402098608890604,High,Medium,Medium–High,,,0,no STRING match,no STRING match,1754,2193,1,1
1008,fig|6666666.1036479.peg.411,fig|6666666.1036479.peg.861,0.9259817481040955,0.0007409449252990793,Low,High,Low–High,Hypothetical protein.,,0,secondary STRING hit (STRING protein assigned to a better match),no STRING match,2150,2341,1,1
1009,fig|6666666.1036479.peg.856,fig|6666666.1036479.peg.1346,0.9259696185588837,0.0007416799897090983,Low,Medium,Low–Medium,,,0,no STRING match,no STRING match,2340,2556,1,1
1010,fig|6666666.1036479.peg.3207,fig|6666666.1036479.peg.475,0.9259592711925506,0.0007424150541191172,Medium,Low,Low–Medium,,,0,no STRING match,no STRING match,1965,2175,1,1
1011,fig|6666666.1036479.peg.2520,fig|6666666.1036479.peg.856,0.9259349226951599,0.0007431501185291361,Very Low,Low,Very Low–Low,,,0,no STRING match,no STRING match,1623,2340,1,1
1012,fig|6666666.1036479.peg.856,fig|6666666.1036479.peg.1950,0.9259221017360687,0.000743885182939155,Low,Very Low,Very Low–Low,,,0,no STRING match,no STRING match,2340,2812,1,1
1013,fig|6666666.1036479.peg.1657,fig|6666666.1036479.peg.2071,0.9258982837200165,0.000744620247349174,Medium,Medium,Medium–Medium,,,0,no STRING match,no STRING match,2707,2862,1,1
1014,fig|6666666.1036479.peg.314,fig|6666666.1036479.peg.856,0.925873214006424,0.0007453553117591929,Very Low,Low,Very Low–Low,,,0,no STRING match,no STRING match,2125,2340,1,1
1015,fig|6666666.1036479.peg.219,fig|6666666.1036479.peg.1149,0.9257998883724212,0.0007460903761692118,Very Low,Very Low,Very Low–Very Low,,,0,no STRING match,no STRING match,2081,2475,1,1
1016,fig|6666666.1036479.peg.253,fig|6666666.1036479.peg.1519,0.9257887125015258,0.0007468254405792308,Low,High,Low–High,Hypothetical protein.,,0,secondary STRING hit (STRING protein assigned to a better match),no STRING match,2096,2632,1,1
1017,fig|6666666.1036479.peg.1160,fig|6666666.1036479.peg.1538,0.9257876634597778,0.0007475605049892497,Very Low,Very Low,Very Low–Very Low,,,0,no STRING match,no STRING match,2481,2642,1,1
1018,fig|6666666.1036479.peg.2042,fig|6666666.1036479.peg.2071,0.9257758438587189,0.0007482955693992686,High,Medium,Medium–High,,,0,no STRING match,no STRING match,2850,2862,1,1
1019,fig|6666666.1036479.peg.2792,fig|6666666.1036479.peg.3207,0.9257521390914917,0.0007490306338092875,High,Medium,Medium–High,,,0,no STRING match,no STRING match,1754,1965,1,1
1020,fig|6666666.1036479.peg.3198,fig|6666666.1036479.peg.2071,0.925751906633377,0.0007497656982193065,Very Low,Medium,Very Low–Medium,,,0,no STRING match,no STRING match,1960,2862,1,1
1021,fig|6666666.1036479.peg.861,fig|6666666.1036479.peg.2364,0.9257208406925201,0.0007505007626293254,High,Medium,Medium–High,,,0,no STRING match,no STRING match,2341,2994,1,1
1022,fig|6666666.1036479.peg.3166,fig|6666666.1036479.peg.1140,0.9256913363933563,0.0007512358270393443,Very Low,Very Low,Very Low–Very Low,,,0,no STRING match,no STRING match,1935,2466,1,1
1023,fig|6666666.1036479.peg.2672,fig|6666666.1036479.peg.2436,0.9256799280643463,0.0007519708914493632,Medium,Medium,Medium–Medium,,,0,no STRING match,no STRING match,1704,3022,1,1
1024,fig|6666666.1036479.peg.3089,fig|6666666.1036479.peg.536,0.9255979955196381,0.0007527059558593822,High,Medium,Medium–High,,,0,no STRING match,no STRING match,1907,2193,1,1
1025,fig|6666666.1036479.peg.2762,fig|6666666.1036479.peg.3089,0.9255789399147034,0.0007534410202694012,Medium,High,Medium–High,Hypothetical protein.,,0,secondary STRING hit (STRING protein assigned to a better match),no STRING match,1741,1907,1,1
1026,fig|6666666.1036479.peg.2792,fig|6666666.1036479.peg.3076,0.9255676031112671,0.00075417608467942,High,High,High–High,,,0,no STRING match,no STRING match,1754,1899,1,1
1027,fig|6666666.1036479.peg.3202,fig|6666666.1036479.peg.856,0.9255594253540039,0.000754911149089439,Very Low,Low,Very Low–Low,,,0,no STRING match,no STRING match,1962,2340,1,1
1028,fig|6666666.1036479.peg.3089,fig|6666666.1036479.peg.2092,0.9255538702011108,0.0007556462134994579,High,Medium,Medium–High,,,0,no STRING match,no STRING match,1907,2871,1,1
1029,fig|6666666.1036479.peg.1152,fig|6666666.1036479.peg.1160,0.9255369901657104,0.0007563812779094768,Very Low,Very Low,Very Low–Very Low,,,0,no STRING match,no STRING match,2477,2481,1,1
1030,fig|6666666.1036479.peg.2948,fig|6666666.1036479.peg.573,0.9255253195762634,0.0007571163423194957,High,Very Low,Very Low–High,,Hypothetical protein.,0,no STRING match,secondary STRING hit (STRING protein assigned to a better match),1843,2210,1,1
1031,fig|6666666.1036479.peg.2548,fig|6666666.1036479.peg.861,0.9255054354667663,0.0007578514067295147,High,High,High–High,,,0,no STRING match,no STRING match,1641,2341,1,1
1032,fig|6666666.1036479.peg.1547,fig|6666666.1036479.peg.1671,0.925482964515686,0.0007585864711395336,High,High,High–High,,,0,no STRING match,no STRING match,2647,2712,1,1
1033,fig|6666666.1036479.peg.934,fig|6666666.1036479.peg.2364,0.9254821121692658,0.0007593215355495525,Low,Medium,Low–Medium,,,0,no STRING match,no STRING match,2385,2994,1,1
1034,fig|6666666.1036479.peg.2685,fig|6666666.1036479.peg.2778,0.9254756093025207,0.0007600565999595714,Very Low,Very Low,Very Low–Very Low,,,0,no STRING match,no STRING match,1707,1747,1,1
1035,fig|6666666.1036479.peg.536,fig|6666666.1036479.peg.573,0.9254728138446808,0.0007607916643695904,Medium,Very Low,Very Low–Medium,,Hypothetical protein.,0,no STRING match,secondary STRING hit (STRING protein assigned to a better match),2193,2210,1,1
1036,fig|6666666.1036479.peg.2792,fig|6666666.1036479.peg.1547,0.9254521250724792,0.0007615267287796094,High,High,High–High,,,0,no STRING match,no STRING match,1754,2647,1,1
1037,fig|6666666.1036479.peg.2672,fig|6666666.1036479.peg.728,0.9253867983818054,0.0007622617931896282,Medium,Medium,Medium–Medium,,,0,no STRING match,no STRING match,1704,2286,1,1
1038,fig|6666666.1036479.peg.2988,fig|6666666.1036479.peg.1673,0.9253855347633362,0.0007629968575996472,Medium,Very Low,Very Low–Medium,Hypothetical protein.,,0,secondary STRING hit (STRING protein assigned to a better match),no STRING match,1859,2713,1,1
1039,fig|6666666.1036479.peg.1152,fig|6666666.1036479.peg.1273,0.9253542959690094,0.0007637319220096661,Very Low,Very Low,Very Low–Very Low,,,0,no STRING match,no STRING match,2477,2524,1,1
1040,fig|6666666.1036479.peg.3089,fig|6666666.1036479.peg.2114,0.9253476858139038,0.0007644669864196851,High,Very Low,Very Low–High,,"COG1629 Outer membrane receptor proteins, mostly Fe transport.",0,no STRING match,secondary STRING hit (STRING protein assigned to a better match),1907,2884,1,1
1041,fig|6666666.1036479.peg.2843,fig|6666666.1036479.peg.573,0.9253185391426086,0.0007652020508297039,Very Low,Very Low,Very Low–Very Low,,Hypothetical protein.,0,no STRING match,secondary STRING hit (STRING protein assigned to a better match),1785,2210,1,1
1042,fig|6666666.1036479.peg.3207,fig|6666666.1036479.peg.1671,0.9253145575523376,0.0007659371152397229,Medium,High,Medium–High,,,0,no STRING match,no STRING match,1965,2712,1,1
1043,fig|6666666.1036479.peg.3207,fig|6666666.1036479.peg.649,0.9252686738967896,0.0007666721796497418,Medium,Medium,Medium–Medium,,,0,no STRING match,no STRING match,1965,2246,1,1
1044,fig|6666666.1036479.peg.2506,fig|6666666.1036479.peg.1339,0.9252517819404602,0.0007674072440597607,Very Low,Very Low,Very Low–Very Low,,,0,no STRING match,no STRING match,1613,2550,6,1
1045,fig|6666666.1036479.peg.2516,fig|6666666.1036479.peg.1339,0.9252517819404602,0.0007681423084697796,Very Low,Very Low,Very Low–Very Low,,,0,no STRING match,no STRING match,1613,2550,6,1
1046,fig|6666666.1036479.peg.2522,fig|6666666.1036479.peg.1339,0.9252517819404602,0.0007688773728797986,Very Low,Very Low,Very Low–Very Low,,,0,no STRING match,no STRING match,1613,2550,6,1
1047,fig|6666666.1036479.peg.974,fig|6666666.1036479.peg.1339,0.9252517819404602,0.0007696124372898176,Very Low,Very Low,Very Low–Very Low,,,0,no STRING match,no STRING match,1613,2550,6,1
1048,fig|6666666.1036479.peg.979,fig|6666666.1036479.peg.1339,0.9252517819404602,0.0007703475016998364,Very Low,Very Low,Very Low–Very Low,,,0,no STRING match,no STRING match,1613,2550,6,1
1049,fig|6666666.1036479.peg.1339,fig|6666666.1036479.peg.2491,0.9252517819404602,0.0007710825661098554,Very Low,Very Low,Very Low–Very Low,,,0,no STRING match,no STRING match,2550,1613,1,6
1050,fig|6666666.1036479.peg.2843,fig|6666666.1036479.peg.923,0.9252231895923615,0.0007718176305198743,Very Low,High,Very Low–High,,,0,no STRING match,no STRING match,1785,2380,1,1
1051,fig|6666666.1036479.peg.2948,fig|6666666.1036479.peg.458,0.9252149105072022,0.0007725526949298933,High,Low,Low–High,,,0,no STRING match,no STRING match,1843,2168,1,1
1052,fig|6666666.1036479.peg.856,fig|6666666.1036479.peg.2172,0.9251796543598175,0.0007732877593399121,Low,Very Low,Very Low–Low,,,0,no STRING match,no STRING match,2340,2921,1,1
1053,fig|6666666.1036479.peg.856,fig|6666666.1036479.peg.1755,0.9251772880554199,0.0007740228237499311,Low,Medium,Low–Medium,,Hypothetical protein.,0,no STRING match,secondary STRING hit (STRING protein assigned to a better match),2340,2737,1,1
1054,fig|6666666.1036479.peg.3188,fig|6666666.1036479.peg.2071,0.9251359701156616,0.00077475788815995,Medium,Medium,Medium–Medium,,,0,no STRING match,no STRING match,1951,2862,1,1
1055,fig|6666666.1036479.peg.2762,fig|6666666.1036479.peg.1739,0.9251259505748749,0.000775492952569969,Medium,Very Low,Very Low–Medium,Hypothetical protein.,,0,secondary STRING hit (STRING protein assigned to a better match),no STRING match,1741,2731,1,1
1056,fig|6666666.1036479.peg.2506,fig|6666666.1036479.peg.781,0.9250625610351563,0.0007762280169799878,Very Low,Medium,Very Low–Medium,,,0,no STRING match,no STRING match,1613,2315,6,1
1057,fig|6666666.1036479.peg.2516,fig|6666666.1036479.peg.781,0.9250625610351563,0.0007769630813900068,Very Low,Medium,Very Low–Medium,,,0,no STRING match,no STRING match,1613,2315,6,1
1058,fig|6666666.1036479.peg.2522,fig|6666666.1036479.peg.781,0.9250625610351563,0.0007776981458000258,Very Low,Medium,Very Low–Medium,,,0,no STRING match,no STRING match,1613,2315,6,1
1059,fig|6666666.1036479.peg.781,fig|6666666.1036479.peg.974,0.9250625610351563,0.0007784332102100446,Medium,Very Low,Very Low–Medium,,,0,no STRING match,no STRING match,2315,1613,1,6
1060,fig|6666666.1036479.peg.781,fig|6666666.1036479.peg.979,0.9250625610351563,0.0007791682746200636,Medium,Very Low,Very Low–Medium,,,0,no STRING match,no STRING match,2315,1613,1,6
1061,fig|6666666.1036479.peg.781,fig|6666666.1036479.peg.2491,0.9250625610351563,0.0007799033390300825,Medium,Very Low,Very Low–Medium,,,0,no STRING match,no STRING match,2315,1613,1,6
1062,fig|6666666.1036479.peg.475,fig|6666666.1036479.peg.1946,0.9250590205192566,0.0007806384034401015,Low,Medium,Low–Medium,,,0,no STRING match,no STRING match,2175,2808,1,1
1063,fig|6666666.1036479.peg.1671,fig|6666666.1036479.peg.1946,0.9250558078289032,0.0007813734678501203,High,Medium,Medium–High,,,0,no STRING match,no STRING match,2712,2808,1,1
1064,fig|6666666.1036479.peg.219,fig|6666666.1036479.peg.2414,0.9250411331653595,0.0007821085322601393,Very Low,Very Low,Very Low–Very Low,,,0,no STRING match,no STRING match,2081,3014,1,1
1065,fig|6666666.1036479.peg.2548,fig|6666666.1036479.peg.1195,0.9249980390071869,0.0007828435966701582,High,Medium,Medium–High,,,0,no STRING match,no STRING match,1641,2492,1,1
1066,fig|6666666.1036479.peg.1719,fig|6666666.1036479.peg.1894,0.9249927282333374,0.0007835786610801772,Medium,Medium,Medium–Medium,,Hypothetical protein.,0,no STRING match,secondary STRING hit (STRING protein assigned to a better match),2727,2785,1,1
1067,fig|6666666.1036479.peg.2548,fig|6666666.1036479.peg.942,0.9249874114990234,0.000784313725490196,High,Very Low,Very Low–High,,,0,no STRING match,no STRING match,1641,2389,1,1
1068,fig|6666666.1036479.peg.3207,fig|6666666.1036479.peg.1739,0.9249716579914093,0.000785048789900215,Medium,Very Low,Very Low–Medium,,,0,no STRING match,no STRING match,1965,2731,1,1
1069,fig|6666666.1036479.peg.3037,fig|6666666.1036479.peg.856,0.9249037086963654,0.000785783854310234,Medium,Low,Low–Medium,,,0,no STRING match,no STRING match,1889,2340,1,1
1070,fig|6666666.1036479.peg.2988,fig|6666666.1036479.peg.3020,0.9248987257480621,0.0007865189187202528,Medium,Low,Low–Medium,Hypothetical protein.,,0,secondary STRING hit (STRING protein assigned to a better match),no STRING match,1859,1878,1,1
1071,fig|6666666.1036479.peg.721,fig|6666666.1036479.peg.2071,0.9248853921890259,0.0007872539831302718,High,Medium,Medium–High,Yd repeat protein; COG3209 Rhs family protein.,,0,secondary STRING hit (STRING protein assigned to a better match),no STRING match,2279,2862,1,1
1072,fig|6666666.1036479.peg.2548,fig|6666666.1036479.peg.475,0.9248352348804474,0.0007879890475402907,High,Low,Low–High,,,0,no STRING match,no STRING match,1641,2175,1,1
1073,fig|6666666.1036479.peg.573,fig|6666666.1036479.peg.934,0.9247714519500733,0.0007887241119503097,Very Low,Low,Very Low–Low,Hypothetical protein.,,0,secondary STRING hit (STRING protein assigned to a better match),no STRING match,2210,2385,1,1
1074,fig|6666666.1036479.peg.649,fig|6666666.1036479.peg.1419,0.9247240364551544,0.0007894591763603285,Medium,High,Medium–High,,,0,no STRING match,no STRING match,2246,2597,1,1
1075,fig|6666666.1036479.peg.856,fig|6666666.1036479.peg.1754,0.9247129321098327,0.0007901942407703475,Low,Medium,Low–Medium,,Hypothetical protein.,0,no STRING match,secondary STRING hit (STRING protein assigned to a better match),2340,2736,1,1
1076,fig|6666666.1036479.peg.475,fig|6666666.1036479.peg.1947,0.9246722519397735,0.0007909293051803664,Low,Medium,Low–Medium,,,0,no STRING match,no STRING match,2175,2809,1,1
1077,fig|6666666.1036479.peg.536,fig|6666666.1036479.peg.2092,0.9246659517288208,0.0007916643695903854,Medium,Medium,Medium–Medium,,,0,no STRING match,no STRING match,2193,2871,1,1
1078,fig|6666666.1036479.peg.861,fig|6666666.1036479.peg.1547,0.9246506631374359,0.0007923994340004042,High,High,High–High,,,0,no STRING match,no STRING match,2341,2647,1,1
1079,fig|6666666.1036479.peg.1131,fig|6666666.1036479.peg.1141,0.9246065974235534,0.0007931344984104232,Very Low,Very Low,Very Low–Very Low,,,0,no STRING match,no STRING match,2460,2467,1,1
1080,fig|6666666.1036479.peg.3076,fig|6666666.1036479.peg.3089,0.9246000468730926,0.0007938695628204422,High,High,High–High,,,0,no STRING match,no STRING match,1899,1907,1,1
1081,fig|6666666.1036479.peg.1080,fig|6666666.1036479.peg.1739,0.9245817720890045,0.0007946046272304611,High,Very Low,Very Low–High,,,0,no STRING match,no STRING match,2424,2731,1,1
1082,fig|6666666.1036479.peg.793,fig|6666666.1036479.peg.1947,0.9245203316211701,0.00079533969164048,Medium,Medium,Medium–Medium,,,0,no STRING match,no STRING match,2320,2809,1,1
1083,fig|6666666.1036479.peg.1671,fig|6666666.1036479.peg.1947,0.9244996428489685,0.0007960747560504989,High,Medium,Medium–High,,,0,no STRING match,no STRING match,2712,2809,1,1
1084,fig|6666666.1036479.peg.3131,fig|6666666.1036479.peg.320,0.9244979500770569,0.0007968098204605179,Low,Very Low,Very Low–Low,,,0,no STRING match,no STRING match,1923,2130,1,1
1085,fig|6666666.1036479.peg.889,fig|6666666.1036479.peg.1719,0.9244752287864685,0.0007975448848705367,Low,Medium,Low–Medium,,,0,no STRING match,no STRING match,2364,2727,1,1
1086,fig|6666666.1036479.peg.1394,fig|6666666.1036479.peg.2071,0.9244665384292603,0.0007982799492805557,Medium,Medium,Medium–Medium,,,0,no STRING match,no STRING match,2583,2862,1,1
1087,fig|6666666.1036479.peg.3131,fig|6666666.1036479.peg.1649,0.9244637906551361,0.0007990150136905746,Low,Very Low,Very Low–Low,,YD repeat-containing protein; COG3209 Rhs family protein.,0,no STRING match,secondary STRING hit (STRING protein assigned to a better match),1923,2703,1,1
1088,fig|6666666.1036479.peg.649,fig|6666666.1036479.peg.2455,0.9244378268718719,0.0007997500781005936,Medium,Medium,Medium–Medium,,,0,no STRING match,no STRING match,2246,3032,1,1
1089,fig|6666666.1036479.peg.861,fig|6666666.1036479.peg.2436,0.9244092643260956,0.0008004851425106124,High,Medium,Medium–High,,,0,no STRING match,no STRING match,2341,3022,1,1
1090,fig|6666666.1036479.peg.2548,fig|6666666.1036479.peg.2681,0.9243991196155548,0.0008012202069206314,High,Low,Low–High,,,0,no STRING match,no STRING match,1641,1706,1,1
1091,fig|6666666.1036479.peg.861,fig|6666666.1036479.peg.1308,0.924349844455719,0.0008019552713306504,High,Medium,Medium–High,,,0,no STRING match,no STRING match,2341,2532,1,1
1092,fig|6666666.1036479.peg.2792,fig|6666666.1036479.peg.1064,0.924309766292572,0.0008026903357406693,High,Medium,Medium–High,,,0,no STRING match,no STRING match,1754,2414,1,1
1093,fig|6666666.1036479.peg.2506,fig|6666666.1036479.peg.736,0.9243095934391021,0.0008034254001506882,Very Low,Very Low,Very Low–Very Low,,,0,no STRING match,no STRING match,1613,2294,6,1
1094,fig|6666666.1036479.peg.2516,fig|6666666.1036479.peg.736,0.9243095934391021,0.0008041604645607071,Very Low,Very Low,Very Low–Very Low,,,0,no STRING match,no STRING match,1613,2294,6,1
1095,fig|6666666.1036479.peg.2522,fig|6666666.1036479.peg.736,0.9243095934391021,0.0008048955289707261,Very Low,Very Low,Very Low–Very Low,,,0,no STRING match,no STRING match,1613,2294,6,1
1096,fig|6666666.1036479.peg.736,fig|6666666.1036479.peg.974,0.9243095934391021,0.000805630593380745,Very Low,Very Low,Very Low–Very Low,,,0,no STRING match,no STRING match,2294,1613,1,6
1097,fig|6666666.1036479.peg.736,fig|6666666.1036479.peg.979,0.9243095934391021,0.0008063656577907639,Very Low,Very Low,Very Low–Very Low,,,0,no STRING match,no STRING match,2294,1613,1,6
1098,fig|6666666.1036479.peg.736,fig|6666666.1036479.peg.2491,0.9243095934391021,0.0008071007222007828,Very Low,Very Low,Very Low–Very Low,,,0,no STRING match,no STRING match,2294,1613,1,6
1099,fig|6666666.1036479.peg.1671,fig|6666666.1036479.peg.2156,0.9242861330509186,0.0008078357866108018,High,Very Low,Very Low–High,,,0,no STRING match,no STRING match,2712,2906,1,1
1100,fig|6666666.1036479.peg.3223,fig|6666666.1036479.peg.856,0.924256545305252,0.0008085708510208206,High,Low,Low–High,,,0,no STRING match,no STRING match,1973,2340,2,1
1101,fig|6666666.1036479.peg.139,fig|6666666.1036479.peg.856,0.924256545305252,0.0008093059154308396,High,Low,Low–High,,,0,no STRING match,no STRING match,1973,2340,2,1
1102,fig|6666666.1036479.peg.3083,fig|6666666.1036479.peg.3131,0.9242107212543488,0.0008100409798408586,High,Low,Low–High,,,0,no STRING match,no STRING match,1905,1923,1,1
1103,fig|6666666.1036479.peg.458,fig|6666666.1036479.peg.2092,0.9242031097412109,0.0008107760442508775,Low,Medium,Low–Medium,,,0,no STRING match,no STRING match,2168,2871,1,1
1104,fig|6666666.1036479.peg.2545,fig|6666666.1036479.peg.2548,0.9241915881633759,0.0008115111086608964,Very Low,High,Very Low–High,,,0,no STRING match,no STRING match,1638,1641,7,1
1105,fig|6666666.1036479.peg.2548,fig|6666666.1036479.peg.2567,0.9241915881633759,0.0008122461730709153,High,Very Low,Very Low–High,,,0,no STRING match,no STRING match,1641,1638,1,7
1106,fig|6666666.1036479.peg.2548,fig|6666666.1036479.peg.1573,0.9241915881633759,0.0008129812374809343,High,Very Low,Very Low–High,,,0,no STRING match,no STRING match,1641,1638,1,7
1107,fig|6666666.1036479.peg.2548,fig|6666666.1036479.peg.1586,0.9241915881633759,0.0008137163018909532,High,Very Low,Very Low–High,,,0,no STRING match,no STRING match,1641,1638,1,7
1108,fig|6666666.1036479.peg.2548,fig|6666666.1036479.peg.1597,0.9241915881633759,0.0008144513663009721,High,Very Low,Very Low–High,,,0,no STRING match,no STRING match,1641,1638,1,7
1109,fig|6666666.1036479.peg.2548,fig|6666666.1036479.peg.1619,0.9241915881633759,0.000815186430710991,High,Very Low,Very Low–High,,,0,no STRING match,no STRING match,1641,1638,1,7
1110,fig|6666666.1036479.peg.2548,fig|6666666.1036479.peg.1643,0.9241915881633759,0.00081592149512101,High,Very Low,Very Low–High,,,0,no STRING match,no STRING match,1641,1638,1,7
1111,fig|6666666.1036479.peg.2848,fig|6666666.1036479.peg.1671,0.9241789698600769,0.000816656559531029,Very Low,High,Very Low–High,,,0,no STRING match,no STRING match,1786,2712,1,1
1112,fig|6666666.1036479.peg.219,fig|6666666.1036479.peg.1142,0.9241597831249238,0.0008173916239410478,Very Low,Very Low,Very Low–Very Low,,,0,no STRING match,no STRING match,2081,2468,1,1
1113,fig|6666666.1036479.peg.2548,fig|6666666.1036479.peg.2646,0.9241548299789428,0.0008181266883510668,High,Low,Low–High,,,0,no STRING match,no STRING match,1641,1694,1,1
1114,fig|6666666.1036479.peg.3100,fig|6666666.1036479.peg.856,0.9241538107395172,0.0008188617527610857,Medium,Low,Low–Medium,,,0,no STRING match,no STRING match,1909,2340,1,1
1115,fig|6666666.1036479.peg.2778,fig|6666666.1036479.peg.1538,0.9241118490695953,0.0008195968171711046,Very Low,Very Low,Very Low–Very Low,,,0,no STRING match,no STRING match,1747,2642,1,1
1116,fig|6666666.1036479.peg.3076,fig|6666666.1036479.peg.1419,0.924109035730362,0.0008203318815811235,High,High,High–High,,,0,no STRING match,no STRING match,1899,2597,1,1
1117,fig|6666666.1036479.peg.721,fig|6666666.1036479.peg.793,0.9241056859493255,0.0008210669459911425,High,Medium,Medium–High,Yd repeat protein; COG3209 Rhs family protein.,,0,secondary STRING hit (STRING protein assigned to a better match),no STRING match,2279,2320,1,1
1118,fig|6666666.1036479.peg.889,fig|6666666.1036479.peg.2071,0.9240695059299469,0.0008218020104011614,Low,Medium,Low–Medium,,,0,no STRING match,no STRING match,2364,2862,1,1
1119,fig|6666666.1036479.peg.1719,fig|6666666.1036479.peg.2185,0.9239999175071716,0.0008225370748111803,Medium,Very Low,Very Low–Medium,,,0,no STRING match,no STRING match,2727,2931,1,1
1120,fig|6666666.1036479.peg.2843,fig|6666666.1036479.peg.3076,0.9239956617355347,0.0008232721392211992,Very Low,High,Very Low–High,,,0,no STRING match,no STRING match,1785,1899,1,1
1121,fig|6666666.1036479.peg.2536,fig|6666666.1036479.peg.2548,0.923983770608902,0.0008240072036312182,Very Low,High,Very Low–High,,,0,no STRING match,no STRING match,1629,1641,1,1
1122,fig|6666666.1036479.peg.2843,fig|6666666.1036479.peg.458,0.9239679515361786,0.0008247422680412372,Very Low,Low,Very Low–Low,,,0,no STRING match,no STRING match,1785,2168,1,1
1123,fig|6666666.1036479.peg.856,fig|6666666.1036479.peg.1632,0.9239617466926575,0.000825477332451256,Low,Very Low,Very Low–Low,,,0,no STRING match,no STRING match,2340,2694,1,2
1124,fig|6666666.1036479.peg.856,fig|6666666.1036479.peg.1639,0.9239617466926575,0.000826212396861275,Low,Very Low,Very Low–Low,,,0,no STRING match,no STRING match,2340,2694,1,2
1125,fig|6666666.1036479.peg.3207,fig|6666666.1036479.peg.861,0.9239295244216919,0.0008269474612712939,Medium,High,Medium–High,,,0,no STRING match,no STRING match,1965,2341,1,1
1126,fig|6666666.1036479.peg.649,fig|6666666.1036479.peg.866,0.923916506767273,0.0008276825256813129,Medium,High,Medium–High,,,0,no STRING match,no STRING match,2246,2345,1,1
1127,fig|6666666.1036479.peg.2672,fig|6666666.1036479.peg.942,0.923914235830307,0.0008284175900913317,Medium,Very Low,Very Low–Medium,,,0,no STRING match,no STRING match,1704,2389,1,1
1128,fig|6666666.1036479.peg.723,fig|6666666.1036479.peg.1719,0.9238949775695801,0.0008291526545013507,High,Medium,Medium–High,,,0,no STRING match,no STRING match,2281,2727,1,1
1129,fig|6666666.1036479.peg.2920,fig|6666666.1036479.peg.793,0.9238896429538727,0.0008298877189113696,Very Low,Medium,Very Low–Medium,,,0,no STRING match,no STRING match,1823,2320,1,1
1130,fig|6666666.1036479.peg.2548,fig|6666666.1036479.peg.881,0.9238807439804078,0.0008306227833213885,High,High,High–High,,,0,no STRING match,no STRING match,1641,2356,1,1
1131,fig|6666666.1036479.peg.3131,fig|6666666.1036479.peg.727,0.9238729298114776,0.0008313578477314074,Low,Very Low,Very Low–Low,,,0,no STRING match,no STRING match,1923,2285,1,1
1132,fig|6666666.1036479.peg.2672,fig|6666666.1036479.peg.1673,0.9238612234592438,0.0008320929121414264,Medium,Very Low,Very Low–Medium,,,0,no STRING match,no STRING match,1704,2713,1,1
1133,fig|6666666.1036479.peg.2646,fig|6666666.1036479.peg.411,0.9238398551940918,0.0008328279765514454,Low,Low,Low–Low,,Hypothetical protein.,0,no STRING match,secondary STRING hit (STRING protein assigned to a better match),1694,2150,1,1
1134,fig|6666666.1036479.peg.219,fig|6666666.1036479.peg.1161,0.9238189637660981,0.0008335630409614642,Very Low,Very Low,Very Low–Very Low,,,0,no STRING match,no STRING match,2081,2482,1,1
1135,fig|6666666.1036479.peg.3089,fig|6666666.1036479.peg.2364,0.9238171339035034,0.0008342981053714832,High,Medium,Medium–High,,,0,no STRING match,no STRING match,1907,2994,1,1
1136,fig|6666666.1036479.peg.899,fig|6666666.1036479.peg.1152,0.9238106310367584,0.0008350331697815021,Very Low,Very Low,Very Low–Very Low,,,0,no STRING match,no STRING match,2369,2477,1,1
1137,fig|6666666.1036479.peg.2948,fig|6666666.1036479.peg.942,0.9237896084785462,0.0008357682341915211,High,Very Low,Very Low–High,,,0,no STRING match,no STRING match,1843,2389,1,1
1138,fig|6666666.1036479.peg.2843,fig|6666666.1036479.peg.3020,0.9237604141235352,0.0008365032986015399,Very Low,Low,Very Low–Low,,,0,no STRING match,no STRING match,1785,1878,1,1
1139,fig|6666666.1036479.peg.723,fig|6666666.1036479.peg.2071,0.9237466394901276,0.0008372383630115589,High,Medium,Medium–High,,,0,no STRING match,no STRING match,2281,2862,1,1
1140,fig|6666666.1036479.peg.856,fig|6666666.1036479.peg.1092,0.9237458884716034,0.0008379734274215778,Low,Very Low,Very Low–Low,,,0,no STRING match,no STRING match,2340,2428,1,1
1141,fig|6666666.1036479.peg.1693,fig|6666666.1036479.peg.2093,0.9237271964550018,0.0008387084918315968,Medium,Medium,Medium–Medium,,,0,no STRING match,no STRING match,2718,2872,1,1
1142,fig|6666666.1036479.peg.458,fig|6666666.1036479.peg.2114,0.9237263083457947,0.0008394435562416156,Low,Very Low,Very Low–Low,,"COG1629 Outer membrane receptor proteins, mostly Fe transport.",0,no STRING match,secondary STRING hit (STRING protein assigned to a better match),2168,2884,1,1
1143,fig|6666666.1036479.peg.3131,fig|6666666.1036479.peg.1894,0.9237000286579132,0.0008401786206516346,Low,Medium,Low–Medium,,Hypothetical protein.,0,no STRING match,secondary STRING hit (STRING protein assigned to a better match),1923,2785,1,1
1144,fig|6666666.1036479.peg.861,fig|6666666.1036479.peg.2455,0.9236966013908386,0.0008409136850616536,High,Medium,Medium–High,,,0,no STRING match,no STRING match,2341,3032,1,1
1145,fig|6666666.1036479.peg.2506,fig|6666666.1036479.peg.2754,0.923672616481781,0.0008416487494716724,Very Low,Very Low,Very Low–Very Low,,,0,no STRING match,no STRING match,1613,1735,6,1
1146,fig|6666666.1036479.peg.2516,fig|6666666.1036479.peg.2754,0.923672616481781,0.0008423838138816914,Very Low,Very Low,Very Low–Very Low,,,0,no STRING match,no STRING match,1613,1735,6,1
1147,fig|6666666.1036479.peg.2522,fig|6666666.1036479.peg.2754,0.923672616481781,0.0008431188782917103,Very Low,Very Low,Very Low–Very Low,,,0,no STRING match,no STRING match,1613,1735,6,1
1148,fig|6666666.1036479.peg.2754,fig|6666666.1036479.peg.974,0.923672616481781,0.0008438539427017293,Very Low,Very Low,Very Low–Very Low,,,0,no STRING match,no STRING match,1735,1613,1,6
1149,fig|6666666.1036479.peg.2754,fig|6666666.1036479.peg.979,0.923672616481781,0.0008445890071117481,Very Low,Very Low,Very Low–Very Low,,,0,no STRING match,no STRING match,1735,1613,1,6
1150,fig|6666666.1036479.peg.2754,fig|6666666.1036479.peg.2491,0.923672616481781,0.0008453240715217671,Very Low,Very Low,Very Low–Very Low,,,0,no STRING match,no STRING match,1735,1613,1,6
1151,fig|6666666.1036479.peg.2672,fig|6666666.1036479.peg.1064,0.923662006855011,0.000846059135931786,Medium,Medium,Medium–Medium,,,0,no STRING match,no STRING match,1704,2414,1,1
1152,fig|6666666.1036479.peg.3020,fig|6666666.1036479.peg.861,0.9236097574234009,0.000846794200341805,Low,High,Low–High,,,0,no STRING match,no STRING match,1878,2341,1,1
1153,fig|6666666.1036479.peg.2672,fig|6666666.1036479.peg.3187,0.9235763907432556,0.0008475292647518238,Medium,Very Low,Very Low–Medium,,Hypothetical protein.,0,no STRING match,secondary STRING hit (STRING protein assigned to a better match),1704,1950,1,1
1154,fig|6666666.1036479.peg.2796,fig|6666666.1036479.peg.1138,0.9235612094402313,0.0008482643291618428,Very Low,Very Low,Very Low–Very Low,,,0,no STRING match,no STRING match,1755,2464,1,1
1155,fig|6666666.1036479.peg.1419,fig|6666666.1036479.peg.2364,0.9235591471195221,0.0008489993935718618,High,Medium,Medium–High,,,0,no STRING match,no STRING match,2597,2994,1,1
1156,fig|6666666.1036479.peg.2848,fig|6666666.1036479.peg.475,0.9235574901103973,0.0008497344579818807,Very Low,Low,Very Low–Low,,,0,no STRING match,no STRING match,1786,2175,1,1
1157,fig|6666666.1036479.peg.36,fig|6666666.1036479.peg.942,0.923554790019989,0.0008504695223918996,Medium,Very Low,Very Low–Medium,,,0,no STRING match,no STRING match,2023,2389,2,1
1158,fig|6666666.1036479.peg.184,fig|6666666.1036479.peg.942,0.923554790019989,0.0008512045868019185,Medium,Very Low,Very Low–Medium,,,0,no STRING match,no STRING match,2023,2389,2,1
1159,fig|6666666.1036479.peg.3166,fig|6666666.1036479.peg.1150,0.9235450506210328,0.0008519396512119375,Very Low,Very Low,Very Low–Very Low,,,0,no STRING match,no STRING match,1935,2476,1,1
1160,fig|6666666.1036479.peg.573,fig|6666666.1036479.peg.2092,0.9235351026058197,0.0008526747156219563,Very Low,Medium,Very Low–Medium,Hypothetical protein.,,0,secondary STRING hit (STRING protein assigned to a better match),no STRING match,2210,2871,1,1
1161,fig|6666666.1036479.peg.856,fig|6666666.1036479.peg.1327,0.9235269784927368,0.0008534097800319753,Low,Medium,Low–Medium,,Hypothetical protein.,0,no STRING match,secondary STRING hit (STRING protein assigned to a better match),2340,2546,1,1
1162,fig|6666666.1036479.peg.2788,fig|6666666.1036479.peg.1693,0.9235162496566772,0.0008541448444419942,Medium,Medium,Medium–Medium,,,0,no STRING match,no STRING match,1752,2718,1,1
1163,fig|6666666.1036479.peg.2988,fig|6666666.1036479.peg.2436,0.9235033988952637,0.0008548799088520132,Medium,Medium,Medium–Medium,Hypothetical protein.,,0,secondary STRING hit (STRING protein assigned to a better match),no STRING match,1859,3022,1,1
1164,fig|6666666.1036479.peg.2792,fig|6666666.1036479.peg.253,0.9234846293926239,0.000855614973262032,High,Low,Low–High,,Hypothetical protein.,0,no STRING match,secondary STRING hit (STRING protein assigned to a better match),1754,2096,1,1
1165,fig|6666666.1036479.peg.2506,fig|6666666.1036479.peg.2648,0.9234659016132355,0.000856350037672051,Very Low,Very Low,Very Low–Very Low,,,0,no STRING match,no STRING match,1613,1695,6,1
1166,fig|6666666.1036479.peg.2516,fig|6666666.1036479.peg.2648,0.9234659016132355,0.00085708510208207,Very Low,Very Low,Very Low–Very Low,,,0,no STRING match,no STRING match,1613,1695,6,1
1167,fig|6666666.1036479.peg.2522,fig|6666666.1036479.peg.2648,0.9234659016132355,0.0008578201664920889,Very Low,Very Low,Very Low–Very Low,,,0,no STRING match,no STRING match,1613,1695,6,1
1168,fig|6666666.1036479.peg.2648,fig|6666666.1036479.peg.974,0.9234659016132355,0.0008585552309021078,Very Low,Very Low,Very Low–Very Low,,,0,no STRING match,no STRING match,1695,1613,1,6
1169,fig|6666666.1036479.peg.2648,fig|6666666.1036479.peg.979,0.9234659016132355,0.0008592902953121267,Very Low,Very Low,Very Low–Very Low,,,0,no STRING match,no STRING match,1695,1613,1,6
1170,fig|6666666.1036479.peg.2648,fig|6666666.1036479.peg.2491,0.9234659016132355,0.0008600253597221457,Very Low,Very Low,Very Low–Very Low,,,0,no STRING match,no STRING match,1695,1613,1,6
1171,fig|6666666.1036479.peg.2929,fig|6666666.1036479.peg.3131,0.9234410107135773,0.0008607604241321646,Very Low,Low,Very Low–Low,Hypothetical protein.,,0,secondary STRING hit (STRING protein assigned to a better match),no STRING match,1831,1923,1,1
1172,fig|6666666.1036479.peg.411,fig|6666666.1036479.peg.649,0.9234077334403992,0.0008614954885421835,Low,Medium,Low–Medium,Hypothetical protein.,,0,secondary STRING hit (STRING protein assigned to a better match),no STRING match,2150,2246,1,1
1173,fig|6666666.1036479.peg.1268,fig|6666666.1036479.peg.1719,0.9234043657779694,0.0008622305529522024,Medium,Medium,Medium–Medium,,,0,no STRING match,no STRING match,2521,2727,1,1
1174,fig|6666666.1036479.peg.861,fig|6666666.1036479.peg.1064,0.9234041273593903,0.0008629656173622214,High,Medium,Medium–High,,,0,no STRING match,no STRING match,2341,2414,1,1
1175,fig|6666666.1036479.peg.2672,fig|6666666.1036479.peg.36,0.9233988523483276,0.0008637006817722402,Medium,Medium,Medium–Medium,,,0,no STRING match,no STRING match,1704,2023,1,2
1176,fig|6666666.1036479.peg.2672,fig|6666666.1036479.peg.184,0.9233988523483276,0.0008644357461822592,Medium,Medium,Medium–Medium,,,0,no STRING match,no STRING match,1704,2023,1,2
1177,fig|6666666.1036479.peg.2071,fig|6666666.1036479.peg.2383,0.923393166065216,0.0008651708105922782,Medium,Very Low,Very Low–Medium,,Hypothetical protein.,0,no STRING match,secondary STRING hit (STRING protein assigned to a better match),2862,2997,1,1
1178,fig|6666666.1036479.peg.1271,fig|6666666.1036479.peg.2400,0.9233783900737762,0.0008659058750022971,Very Low,Very Low,Very Low–Very Low,,,0,no STRING match,no STRING match,2523,3005,1,1
1179,fig|6666666.1036479.peg.573,fig|6666666.1036479.peg.2364,0.9233779430389404,0.000866640939412316,Very Low,Medium,Very Low–Medium,Hypothetical protein.,,0,secondary STRING hit (STRING protein assigned to a better match),no STRING match,2210,2994,1,1
1180,fig|6666666.1036479.peg.3191,fig|6666666.1036479.peg.1693,0.9232861518859863,0.0008673760038223349,Medium,Medium,Medium–Medium,,,0,no STRING match,no STRING match,1954,2718,1,1
1181,fig|6666666.1036479.peg.2792,fig|6666666.1036479.peg.2455,0.9232386171817779,0.0008681110682323539,High,Medium,Medium–High,,,0,no STRING match,no STRING match,1754,3032,1,1
1182,fig|6666666.1036479.peg.3000,fig|6666666.1036479.peg.219,0.923236095905304,0.0008688461326423728,Very Low,Very Low,Very Low–Very Low,,,0,no STRING match,no STRING match,1863,2081,1,1
1183,fig|6666666.1036479.peg.217,fig|6666666.1036479.peg.2400,0.9232307493686676,0.0008695811970523917,Very Low,Very Low,Very Low–Very Low,,,0,no STRING match,no STRING match,2079,3005,1,1
1184,fig|6666666.1036479.peg.2796,fig|6666666.1036479.peg.219,0.9232211649417877,0.0008703162614624106,Very Low,Very Low,Very Low–Very Low,,,0,no STRING match,no STRING match,1755,2081,1,1
1185,fig|6666666.1036479.peg.793,fig|6666666.1036479.peg.1946,0.9231805920600891,0.0008710513258724296,Medium,Medium,Medium–Medium,,,0,no STRING match,no STRING match,2320,2808,1,1
1186,fig|6666666.1036479.peg.2948,fig|6666666.1036479.peg.728,0.9231521904468536,0.0008717863902824485,High,Medium,Medium–High,,,0,no STRING match,no STRING match,1843,2286,1,1
1187,fig|6666666.1036479.peg.720,fig|6666666.1036479.peg.856,0.9231412410736084,0.0008725214546924674,High,Low,Low–High,,,0,no STRING match,no STRING match,2278,2340,1,1
1188,fig|6666666.1036479.peg.2762,fig|6666666.1036479.peg.2843,0.92311971783638,0.0008732565191024864,Medium,Very Low,Very Low–Medium,Hypothetical protein.,,0,secondary STRING hit (STRING protein assigned to a better match),no STRING match,1741,1785,1,1
1189,fig|6666666.1036479.peg.3184,fig|6666666.1036479.peg.475,0.9231030523777009,0.0008739915835125053,Very Low,Low,Very Low–Low,,,0,no STRING match,no STRING match,1947,2175,1,1
1190,fig|6666666.1036479.peg.3184,fig|6666666.1036479.peg.1693,0.9230958163738251,0.0008747266479225242,Very Low,Medium,Very Low–Medium,,,0,no STRING match,no STRING match,1947,2718,1,1
1191,fig|6666666.1036479.peg.475,fig|6666666.1036479.peg.2156,0.9230737447738647,0.0008754617123325431,Low,Very Low,Very Low–Low,,,0,no STRING match,no STRING match,2175,2906,1,1
1192,fig|6666666.1036479.peg.1913,fig|6666666.1036479.peg.2071,0.9230602383613586,0.0008761967767425621,Very Low,Medium,Very Low–Medium,,,0,no STRING match,no STRING match,2793,2862,1,1
1193,fig|6666666.1036479.peg.2681,fig|6666666.1036479.peg.866,0.9230557441711426,0.000876931841152581,Low,High,Low–High,,,0,no STRING match,no STRING match,1706,2345,1,1
1194,fig|6666666.1036479.peg.3076,fig|6666666.1036479.peg.934,0.9230264604091645,0.0008776669055625999,High,Low,Low–High,,,0,no STRING match,no STRING match,1899,2385,1,1
1195,fig|6666666.1036479.peg.106,fig|6666666.1036479.peg.856,0.9230134665966034,0.0008784019699726188,Medium,Low,Low–Medium,,,0,no STRING match,no STRING match,2058,2340,1,1
1196,fig|6666666.1036479.peg.819,fig|6666666.1036479.peg.2071,0.9230105340480804,0.0008791370343826378,Very Low,Medium,Very Low–Medium,,,0,no STRING match,no STRING match,2330,2862,1,1
1197,fig|6666666.1036479.peg.2762,fig|6666666.1036479.peg.573,0.9229832172393799,0.0008798720987926567,Medium,Very Low,Very Low–Medium,Hypothetical protein.,Hypothetical protein.,0,secondary STRING hit (STRING protein assigned to a better match),secondary STRING hit (STRING protein assigned to a better match),1741,2210,1,1
1198,fig|6666666.1036479.peg.2506,fig|6666666.1036479.peg.244,0.9229654788970947,0.0008806071632026756,Very Low,Very Low,Very Low–Very Low,,,0,no STRING match,no STRING match,1613,2092,6,1
1199,fig|6666666.1036479.peg.2516,fig|6666666.1036479.peg.244,0.9229654788970947,0.0008813422276126946,Very Low,Very Low,Very Low–Very Low,,,0,no STRING match,no STRING match,1613,2092,6,1
1200,fig|6666666.1036479.peg.2522,fig|6666666.1036479.peg.244,0.9229654788970947,0.0008820772920227135,Very Low,Very Low,Very Low–Very Low,,,0,no STRING match,no STRING match,1613,2092,6,1
1201,fig|6666666.1036479.peg.244,fig|6666666.1036479.peg.974,0.9229654788970947,0.0008828123564327325,Very Low,Very Low,Very Low–Very Low,,,0,no STRING match,no STRING match,2092,1613,1,6
1202,fig|6666666.1036479.peg.244,fig|6666666.1036479.peg.979,0.9229654788970947,0.0008835474208427513,Very Low,Very Low,Very Low–Very Low,,,0,no STRING match,no STRING match,2092,1613,1,6
1203,fig|6666666.1036479.peg.244,fig|6666666.1036479.peg.2491,0.9229654788970947,0.0008842824852527703,Very Low,Very Low,Very Low–Very Low,,,0,no STRING match,no STRING match,2092,1613,1,6
1204,fig|6666666.1036479.peg.856,fig|6666666.1036479.peg.1284,0.9229590952396393,0.0008850175496627892,Low,High,Low–High,,,0,no STRING match,no STRING match,2340,2525,1,1
1205,fig|6666666.1036479.peg.1719,fig|6666666.1036479.peg.2327,0.9229469537734986,0.0008857526140728081,Medium,Medium,Medium–Medium,,,0,no STRING match,no STRING match,2727,2982,1,1
1206,fig|6666666.1036479.peg.2548,fig|6666666.1036479.peg.3077,0.9229118347167968,0.000886487678482827,High,Medium,Medium–High,,,0,no STRING match,no STRING match,1641,1900,1,1
1207,fig|6666666.1036479.peg.2948,fig|6666666.1036479.peg.1419,0.9229079723358155,0.000887222742892846,High,High,High–High,,,0,no STRING match,no STRING match,1843,2597,1,1
1208,fig|6666666.1036479.peg.887,fig|6666666.1036479.peg.1719,0.9229013323783875,0.000887957807302865,Medium,Medium,Medium–Medium,,,0,no STRING match,no STRING match,2362,2727,1,1
1209,fig|6666666.1036479.peg.1547,fig|6666666.1036479.peg.1693,0.9228918015956878,0.0008886928717128838,High,Medium,Medium–High,,,0,no STRING match,no STRING match,2647,2718,1,1
1210,fig|6666666.1036479.peg.2681,fig|6666666.1036479.peg.1671,0.9228734076023102,0.0008894279361229028,Low,High,Low–High,,,0,no STRING match,no STRING match,1706,2712,1,1
1211,fig|6666666.1036479.peg.370,fig|6666666.1036479.peg.1080,0.9228404521942138,0.0008901630005329217,High,High,High–High,,,0,no STRING match,no STRING match,2139,2424,1,1
1212,fig|6666666.1036479.peg.253,fig|6666666.1036479.peg.1719,0.9228139162063599,0.0008908980649429407,Low,Medium,Low–Medium,Hypothetical protein.,,0,secondary STRING hit (STRING protein assigned to a better match),no STRING match,2096,2727,1,1
1213,fig|6666666.1036479.peg.649,fig|6666666.1036479.peg.934,0.9227870345115662,0.0008916331293529595,Medium,Low,Low–Medium,,,0,no STRING match,no STRING match,2246,2385,1,1
1214,fig|6666666.1036479.peg.1141,fig|6666666.1036479.peg.1146,0.922784686088562,0.0008923681937629785,Very Low,Very Low,Very Low–Very Low,,,0,no STRING match,no STRING match,2467,2472,1,1
1215,fig|6666666.1036479.peg.793,fig|6666666.1036479.peg.2093,0.9227825760841369,0.0008931032581729974,Medium,Medium,Medium–Medium,,,0,no STRING match,no STRING match,2320,2872,1,1
1216,fig|6666666.1036479.peg.458,fig|6666666.1036479.peg.1673,0.9227824866771698,0.0008938383225830164,Low,Very Low,Very Low–Low,,,0,no STRING match,no STRING match,2168,2713,1,1
1217,fig|6666666.1036479.peg.2988,fig|6666666.1036479.peg.1064,0.9227732062339783,0.0008945733869930352,Medium,Medium,Medium–Medium,Hypothetical protein.,,0,secondary STRING hit (STRING protein assigned to a better match),no STRING match,1859,2414,1,1
1218,fig|6666666.1036479.peg.253,fig|6666666.1036479.peg.1074,0.9227631688117981,0.0008953084514030542,Low,High,Low–High,Hypothetical protein.,,0,secondary STRING hit (STRING protein assigned to a better match),no STRING match,2096,2418,1,1
1219,fig|6666666.1036479.peg.2792,fig|6666666.1036479.peg.1308,0.9227303564548492,0.0008960435158130731,High,Medium,Medium–High,,,0,no STRING match,no STRING match,1754,2532,1,1
1220,fig|6666666.1036479.peg.793,fig|6666666.1036479.peg.2042,0.9226137816905975,0.000896778580223092,Medium,High,Medium–High,,,0,no STRING match,no STRING match,2320,2850,1,1
1221,fig|6666666.1036479.peg.3187,fig|6666666.1036479.peg.861,0.9225863099098206,0.000897513644633111,Very Low,High,Very Low–High,Hypothetical protein.,,0,secondary STRING hit (STRING protein assigned to a better match),no STRING match,1950,2341,1,1
1222,fig|6666666.1036479.peg.1131,fig|6666666.1036479.peg.1146,0.9225198268890381,0.0008982487090431299,Very Low,Very Low,Very Low–Very Low,,,0,no STRING match,no STRING match,2460,2472,1,1
1223,fig|6666666.1036479.peg.1719,fig|6666666.1036479.peg.1934,0.9225158989429474,0.0008989837734531489,Medium,Low,Low–Medium,,,0,no STRING match,no STRING match,2727,2801,1,1
1224,fig|6666666.1036479.peg.2792,fig|6666666.1036479.peg.2843,0.9224840700626373,0.0008997188378631677,High,Very Low,Very Low–High,,,0,no STRING match,no STRING match,1754,1785,1,1
1225,fig|6666666.1036479.peg.536,fig|6666666.1036479.peg.1419,0.9224800705909729,0.0009004539022731867,Medium,High,Medium–High,,,0,no STRING match,no STRING match,2193,2597,1,1
1226,fig|6666666.1036479.peg.2988,fig|6666666.1036479.peg.3113,0.9224719166755676,0.0009011889666832056,Medium,Very Low,Very Low–Medium,Hypothetical protein.,,0,secondary STRING hit (STRING protein assigned to a better match),no STRING match,1859,1915,1,1
1227,fig|6666666.1036479.peg.2762,fig|6666666.1036479.peg.1419,0.9224253594875336,0.0009019240310932246,Medium,High,Medium–High,Hypothetical protein.,,0,secondary STRING hit (STRING protein assigned to a better match),no STRING match,1741,2597,1,1
1228,fig|6666666.1036479.peg.856,fig|6666666.1036479.peg.1357,0.9224070191383362,0.0009026590955032434,Low,Medium,Low–Medium,,,0,no STRING match,no STRING match,2340,2565,1,1
1229,fig|6666666.1036479.peg.2762,fig|6666666.1036479.peg.934,0.9224031686782836,0.0009033941599132624,Medium,Low,Low–Medium,Hypothetical protein.,,0,secondary STRING hit (STRING protein assigned to a better match),no STRING match,1741,2385,1,1
1230,fig|6666666.1036479.peg.887,fig|6666666.1036479.peg.2071,0.9223740994930267,0.0009041292243232813,Medium,Medium,Medium–Medium,,,0,no STRING match,no STRING match,2362,2862,1,1
1231,fig|6666666.1036479.peg.2988,fig|6666666.1036479.peg.2455,0.9223655700683594,0.0009048642887333003,Medium,Medium,Medium–Medium,Hypothetical protein.,,0,secondary STRING hit (STRING protein assigned to a better match),no STRING match,1859,3032,1,1
1232,fig|6666666.1036479.peg.2792,fig|6666666.1036479.peg.2436,0.9223644137382507,0.0009055993531433192,High,Medium,Medium–High,,,0,no STRING match,no STRING match,1754,3022,1,1
1233,fig|6666666.1036479.peg.856,fig|6666666.1036479.peg.1352,0.9223641753196716,0.0009063344175533381,Low,Medium,Low–Medium,,,0,no STRING match,no STRING match,2340,2561,1,1
1234,fig|6666666.1036479.peg.1308,fig|6666666.1036479.peg.1739,0.9223609864711761,0.0009070694819633571,Medium,Very Low,Very Low–Medium,,,0,no STRING match,no STRING match,2532,2731,1,1
1235,fig|6666666.1036479.peg.475,fig|6666666.1036479.peg.1331,0.9223348319530487,0.0009078045463733759,Low,Low,Low–Low,,,0,no STRING match,no STRING match,2175,2548,1,1
1236,fig|6666666.1036479.peg.536,fig|6666666.1036479.peg.2364,0.9223342895507812,0.0009085396107833949,Medium,Medium,Medium–Medium,,,0,no STRING match,no STRING match,2193,2994,1,1
1237,fig|6666666.1036479.peg.861,fig|6666666.1036479.peg.2091,0.9223087728023529,0.0009092746751934138,High,Medium,Medium–High,,,0,no STRING match,no STRING match,2341,2870,1,1
1238,fig|6666666.1036479.peg.704,fig|6666666.1036479.peg.1719,0.9222802460193634,0.0009100097396034328,Low,Medium,Low–Medium,,,0,no STRING match,no STRING match,2268,2727,1,1
1239,fig|6666666.1036479.peg.3131,fig|6666666.1036479.peg.3198,0.9222692668437957,0.0009107448040134516,Low,Very Low,Very Low–Low,,,0,no STRING match,no STRING match,1923,1960,1,1
1240,fig|6666666.1036479.peg.903,fig|6666666.1036479.peg.1693,0.9222244262695313,0.0009114798684234706,Medium,Medium,Medium–Medium,,,0,no STRING match,no STRING match,2371,2718,1,1
1241,fig|6666666.1036479.peg.2762,fig|6666666.1036479.peg.458,0.9222040712833405,0.0009122149328334895,Medium,Low,Low–Medium,Hypothetical protein.,,0,secondary STRING hit (STRING protein assigned to a better match),no STRING match,1741,2168,1,1
1242,fig|6666666.1036479.peg.3089,fig|6666666.1036479.peg.923,0.9221989572048187,0.0009129499972435085,High,High,High–High,,,0,no STRING match,no STRING match,1907,2380,1,1
1243,fig|6666666.1036479.peg.856,fig|6666666.1036479.peg.881,0.9221972107887269,0.0009136850616535274,Low,High,Low–High,,,0,no STRING match,no STRING match,2340,2356,1,1
1244,fig|6666666.1036479.peg.856,fig|6666666.1036479.peg.1368,0.9221252858638763,0.0009144201260635463,Low,Medium,Low–Medium,,,0,no STRING match,no STRING match,2340,2576,1,1
1245,fig|6666666.1036479.peg.2661,fig|6666666.1036479.peg.1719,0.9220820367336273,0.0009151551904735653,High,Medium,Medium–High,,,0,no STRING match,no STRING match,1701,2727,1,1
1246,fig|6666666.1036479.peg.3184,fig|6666666.1036479.peg.1739,0.9220662713050842,0.0009158902548835842,Very Low,Very Low,Very Low–Very Low,,,0,no STRING match,no STRING match,1947,2731,1,1
1247,fig|6666666.1036479.peg.573,fig|6666666.1036479.peg.923,0.9220557749271393,0.0009166253192936031,Very Low,High,Very Low–High,Hypothetical protein.,,0,secondary STRING hit (STRING protein assigned to a better match),no STRING match,2210,2380,1,1
1248,fig|6666666.1036479.peg.1519,fig|6666666.1036479.peg.1719,0.922038996219635,0.000917360383703622,High,Medium,Medium–High,,,0,no STRING match,no STRING match,2632,2727,1,1
1249,fig|6666666.1036479.peg.2672,fig|6666666.1036479.peg.1308,0.9220091283321381,0.000918095448113641,Medium,Medium,Medium–Medium,,,0,no STRING match,no STRING match,1704,2532,1,1
1250,fig|6666666.1036479.peg.458,fig|6666666.1036479.peg.536,0.9220049858093262,0.0009188305125236598,Low,Medium,Low–Medium,,,0,no STRING match,no STRING match,2168,2193,1,1
1251,fig|6666666.1036479.peg.1554,fig|6666666.1036479.peg.2071,0.9219630300998688,0.0009195655769336788,Medium,Medium,Medium–Medium,,,0,no STRING match,no STRING match,2649,2862,1,1
1252,fig|6666666.1036479.peg.1394,fig|6666666.1036479.peg.1671,0.9219435930252076,0.0009203006413436977,Medium,High,Medium–High,,,0,no STRING match,no STRING match,2583,2712,1,1
1253,fig|6666666.1036479.peg.3191,fig|6666666.1036479.peg.793,0.9219187676906586,0.0009210357057537167,Medium,Medium,Medium–Medium,,,0,no STRING match,no STRING match,1954,2320,1,1
1254,fig|6666666.1036479.peg.55,fig|6666666.1036479.peg.856,0.9219133853912354,0.0009217707701637356,Low,Low,Low–Low,,,0,no STRING match,no STRING match,2037,2340,1,1
1255,fig|6666666.1036479.peg.3167,fig|6666666.1036479.peg.1273,0.9219052016735076,0.0009225058345737545,Very Low,Very Low,Very Low–Very Low,,,0,no STRING match,no STRING match,1936,2524,1,1
1256,fig|6666666.1036479.peg.1394,fig|6666666.1036479.peg.1693,0.9218970537185669,0.0009232408989837735,Medium,Medium,Medium–Medium,,,0,no STRING match,no STRING match,2583,2718,1,1
1257,fig|6666666.1036479.peg.2504,fig|6666666.1036479.peg.2506,0.9218962967395783,0.0009239759633937924,Very Low,Very Low,Very Low–Very Low,,,0,no STRING match,no STRING match,1611,1613,1,6
1258,fig|6666666.1036479.peg.2504,fig|6666666.1036479.peg.2516,0.9218962967395783,0.0009247110278038113,Very Low,Very Low,Very Low–Very Low,,,0,no STRING match,no STRING match,1611,1613,1,6
1259,fig|6666666.1036479.peg.2504,fig|6666666.1036479.peg.2522,0.9218962967395783,0.0009254460922138302,Very Low,Very Low,Very Low–Very Low,,,0,no STRING match,no STRING match,1611,1613,1,6
1260,fig|6666666.1036479.peg.2504,fig|6666666.1036479.peg.974,0.9218962967395783,0.0009261811566238492,Very Low,Very Low,Very Low–Very Low,,,0,no STRING match,no STRING match,1611,1613,1,6
1261,fig|6666666.1036479.peg.2504,fig|6666666.1036479.peg.979,0.9218962967395783,0.0009269162210338681,Very Low,Very Low,Very Low–Very Low,,,0,no STRING match,no STRING match,1611,1613,1,6
1262,fig|6666666.1036479.peg.2504,fig|6666666.1036479.peg.2491,0.9218962967395783,0.000927651285443887,Very Low,Very Low,Very Low–Very Low,,,0,no STRING match,no STRING match,1611,1613,1,6
1263,fig|6666666.1036479.peg.2548,fig|6666666.1036479.peg.369,0.9218654870986939,0.000928386349853906,High,High,High–High,,,0,no STRING match,no STRING match,1641,2138,1,1
1264,fig|6666666.1036479.peg.1394,fig|6666666.1036479.peg.2364,0.9218080639839172,0.0009291214142639249,Medium,Medium,Medium–Medium,,,0,no STRING match,no STRING match,2583,2994,1,1
1265,fig|6666666.1036479.peg.2988,fig|6666666.1036479.peg.2091,0.9217975378036499,0.0009298564786739438,Medium,Medium,Medium–Medium,Hypothetical protein.,,0,secondary STRING hit (STRING protein assigned to a better match),no STRING match,1859,2870,1,1
1266,fig|6666666.1036479.peg.3187,fig|6666666.1036479.peg.649,0.9217790484428405,0.0009305915430839627,Very Low,Medium,Very Low–Medium,Hypothetical protein.,,0,secondary STRING hit (STRING protein assigned to a better match),no STRING match,1950,2246,1,1
1267,fig|6666666.1036479.peg.728,fig|6666666.1036479.peg.1195,0.9217789590358734,0.0009313266074939817,Medium,Medium,Medium–Medium,,,0,no STRING match,no STRING match,2286,2492,1,1
1268,fig|6666666.1036479.peg.2788,fig|6666666.1036479.peg.1671,0.9217744469642639,0.0009320616719040006,Medium,High,Medium–High,,,0,no STRING match,no STRING match,1752,2712,1,1
1269,fig|6666666.1036479.peg.1719,fig|6666666.1036479.peg.2478,0.9217706441879272,0.0009327967363140195,Medium,Very Low,Very Low–Medium,,,0,no STRING match,no STRING match,2727,3042,1,1
1270,fig|6666666.1036479.peg.721,fig|6666666.1036479.peg.1693,0.9217661917209625,0.0009335318007240384,High,Medium,Medium–High,Yd repeat protein; COG3209 Rhs family protein.,,0,secondary STRING hit (STRING protein assigned to a better match),no STRING match,2279,2718,1,1
1271,fig|6666666.1036479.peg.2762,fig|6666666.1036479.peg.536,0.9217641055583954,0.0009342668651340574,Medium,Medium,Medium–Medium,Hypothetical protein.,,0,secondary STRING hit (STRING protein assigned to a better match),no STRING match,1741,2193,1,1
1272,fig|6666666.1036479.peg.866,fig|6666666.1036479.peg.1195,0.9217609465122223,0.0009350019295440763,High,Medium,Medium–High,,,0,no STRING match,no STRING match,2345,2492,1,1
1273,fig|6666666.1036479.peg.35,fig|6666666.1036479.peg.856,0.9217420101165772,0.0009357369939540952,Very Low,Low,Very Low–Low,,,0,no STRING match,no STRING match,2022,2340,2,1
1274,fig|6666666.1036479.peg.183,fig|6666666.1036479.peg.856,0.9217420101165772,0.0009364720583641141,Very Low,Low,Very Low–Low,,,0,no STRING match,no STRING match,2022,2340,2,1
1275,fig|6666666.1036479.peg.2792,fig|6666666.1036479.peg.923,0.9217349231243134,0.0009372071227741331,High,High,High–High,,,0,no STRING match,no STRING match,1754,2380,1,1
1276,fig|6666666.1036479.peg.2693,fig|6666666.1036479.peg.1138,0.9217152774333954,0.0009379421871841521,Very Low,Very Low,Very Low–Very Low,,,0,no STRING match,no STRING match,1712,2464,1,1
1277,fig|6666666.1036479.peg.1519,fig|6666666.1036479.peg.1739,0.9216854035854339,0.0009386772515941709,High,Very Low,Very Low–High,,,0,no STRING match,no STRING match,2632,2731,1,1
1278,fig|6666666.1036479.peg.934,fig|6666666.1036479.peg.2114,0.9216824889183044,0.0009394123160041899,Low,Very Low,Very Low–Low,,"COG1629 Outer membrane receptor proteins, mostly Fe transport.",0,no STRING match,secondary STRING hit (STRING protein assigned to a better match),2385,2884,1,1
1279,fig|6666666.1036479.peg.1074,fig|6666666.1036479.peg.1080,0.9216716170310975,0.0009401473804142088,High,High,High–High,,,0,no STRING match,no STRING match,2418,2424,1,1
1280,fig|6666666.1036479.peg.2854,fig|6666666.1036479.peg.856,0.9216595470905304,0.0009408824448242277,Low,Low,Low–Low,,,0,no STRING match,no STRING match,1789,2340,1,1
1281,fig|6666666.1036479.peg.3222,fig|6666666.1036479.peg.861,0.9216528475284577,0.0009416175092342466,Medium,High,Medium–High,,,0,no STRING match,no STRING match,1972,2341,2,1
1282,fig|6666666.1036479.peg.138,fig|6666666.1036479.peg.861,0.9216528475284577,0.0009423525736442656,Medium,High,Medium–High,,,0,no STRING match,no STRING match,1972,2341,2,1
1283,fig|6666666.1036479.peg.2778,fig|6666666.1036479.peg.1146,0.9216504514217376,0.0009430876380542845,Very Low,Very Low,Very Low–Very Low,,,0,no STRING match,no STRING match,1747,2472,1,1
1284,fig|6666666.1036479.peg.649,fig|6666666.1036479.peg.923,0.9216482162475585,0.0009438227024643034,Medium,High,Medium–High,,,0,no STRING match,no STRING match,2246,2380,1,1
1285,fig|6666666.1036479.peg.2920,fig|6666666.1036479.peg.475,0.9216355979442596,0.0009445577668743223,Very Low,Low,Very Low–Low,,,0,no STRING match,no STRING match,1823,2175,1,1
1286,fig|6666666.1036479.peg.2506,fig|6666666.1036479.peg.1416,0.9216209650039673,0.0009452928312843413,Very Low,Medium,Very Low–Medium,,,0,no STRING match,no STRING match,1613,2595,6,1
1287,fig|6666666.1036479.peg.2516,fig|6666666.1036479.peg.1416,0.9216209650039673,0.0009460278956943603,Very Low,Medium,Very Low–Medium,,,0,no STRING match,no STRING match,1613,2595,6,1
1288,fig|6666666.1036479.peg.2522,fig|6666666.1036479.peg.1416,0.9216209650039673,0.0009467629601043791,Very Low,Medium,Very Low–Medium,,,0,no STRING match,no STRING match,1613,2595,6,1
1289,fig|6666666.1036479.peg.974,fig|6666666.1036479.peg.1416,0.9216209650039673,0.0009474980245143981,Very Low,Medium,Very Low–Medium,,,0,no STRING match,no STRING match,1613,2595,6,1
1290,fig|6666666.1036479.peg.979,fig|6666666.1036479.peg.1416,0.9216209650039673,0.000948233088924417,Very Low,Medium,Very Low–Medium,,,0,no STRING match,no STRING match,1613,2595,6,1
1291,fig|6666666.1036479.peg.1416,fig|6666666.1036479.peg.2491,0.9216209650039673,0.000948968153334436,Medium,Very Low,Very Low–Medium,,,0,no STRING match,no STRING match,2595,1613,1,6
1292,fig|6666666.1036479.peg.3076,fig|6666666.1036479.peg.649,0.9216065108776093,0.0009497032177444548,High,Medium,Medium–High,,,0,no STRING match,no STRING match,1899,2246,1,1
1293,fig|6666666.1036479.peg.2548,fig|6666666.1036479.peg.1901,0.9215681254863739,0.0009504382821544738,High,Very Low,Very Low–High,,,0,no STRING match,no STRING match,1641,2787,1,1
1294,fig|6666666.1036479.peg.2646,fig|6666666.1036479.peg.1719,0.9215307235717773,0.0009511733465644927,Low,Medium,Low–Medium,,,0,no STRING match,no STRING match,1694,2727,1,1
1295,fig|6666666.1036479.peg.3184,fig|6666666.1036479.peg.649,0.9215288758277893,0.0009519084109745116,Very Low,Medium,Very Low–Medium,,,0,no STRING match,no STRING match,1947,2246,1,1
1296,fig|6666666.1036479.peg.2891,fig|6666666.1036479.peg.856,0.9215276837348938,0.0009526434753845305,Medium,Low,Low–Medium,,,0,no STRING match,no STRING match,1813,2340,1,1
1297,fig|6666666.1036479.peg.1080,fig|6666666.1036479.peg.1519,0.9214962661266327,0.0009533785397945495,High,High,High–High,,,0,no STRING match,no STRING match,2424,2632,1,1
1298,fig|6666666.1036479.peg.923,fig|6666666.1036479.peg.2092,0.9214945077896118,0.0009541136042045685,High,Medium,Medium–High,,,0,no STRING match,no STRING match,2380,2871,1,1
1299,fig|6666666.1036479.peg.3191,fig|6666666.1036479.peg.1671,0.9214538514614106,0.0009548486686145873,Medium,High,Medium–High,,,0,no STRING match,no STRING match,1954,2712,1,1
1300,fig|6666666.1036479.peg.536,fig|6666666.1036479.peg.934,0.9214463293552398,0.0009555837330246063,Medium,Low,Low–Medium,,,0,no STRING match,no STRING match,2193,2385,1,1
1301,fig|6666666.1036479.peg.856,fig|6666666.1036479.peg.1800,0.9214440047740936,0.0009563187974346252,Low,Medium,Low–Medium,,,0,no STRING match,no STRING match,2340,2756,1,1
1302,fig|6666666.1036479.peg.3077,fig|6666666.1036479.peg.874,0.9214201033115387,0.0009570538618446442,Medium,Medium,Medium–Medium,,,0,no STRING match,no STRING match,1900,2351,1,1
1303,fig|6666666.1036479.peg.2988,fig|6666666.1036479.peg.3222,0.9214198410511016,0.000957788926254663,Medium,Medium,Medium–Medium,Hypothetical protein.,,0,secondary STRING hit (STRING protein assigned to a better match),no STRING match,1859,1972,1,2
1304,fig|6666666.1036479.peg.2988,fig|6666666.1036479.peg.138,0.9214198410511016,0.000958523990664682,Medium,Medium,Medium–Medium,Hypothetical protein.,,0,secondary STRING hit (STRING protein assigned to a better match),no STRING match,1859,1972,1,2
1305,fig|6666666.1036479.peg.1739,fig|6666666.1036479.peg.2455,0.9214163661003113,0.0009592590550747009,Very Low,Medium,Very Low–Medium,,,0,no STRING match,no STRING match,2731,3032,1,1
1306,fig|6666666.1036479.peg.1273,fig|6666666.1036479.peg.2307,0.9214043736457824,0.0009599941194847199,Very Low,Very Low,Very Low–Very Low,,,0,no STRING match,no STRING match,2524,2969,1,1
1307,fig|6666666.1036479.peg.649,fig|6666666.1036479.peg.1946,0.9214036107063294,0.0009607291838947387,Medium,Medium,Medium–Medium,,,0,no STRING match,no STRING match,2246,2808,1,1
1308,fig|6666666.1036479.peg.856,fig|6666666.1036479.peg.1289,0.921389925479889,0.0009614642483047577,Low,Very Low,Very Low–Low,,,0,no STRING match,no STRING match,2340,2528,1,1
1309,fig|6666666.1036479.peg.2571,fig|6666666.1036479.peg.1719,0.921383547782898,0.0009621993127147767,Medium,Medium,Medium–Medium,,,0,no STRING match,no STRING match,1659,2727,1,1
1310,fig|6666666.1036479.peg.3168,fig|6666666.1036479.peg.1135,0.9213593125343322,0.0009629343771247955,Very Low,Very Low,Very Low–Very Low,,,0,no STRING match,no STRING match,1937,2462,1,1
1311,fig|6666666.1036479.peg.2681,fig|6666666.1036479.peg.861,0.92132568359375,0.0009636694415348145,Low,High,Low–High,,,0,no STRING match,no STRING match,1706,2341,1,1
1312,fig|6666666.1036479.peg.649,fig|6666666.1036479.peg.2091,0.9213055610656739,0.0009644045059448334,Medium,Medium,Medium–Medium,,,0,no STRING match,no STRING match,2246,2870,1,1
1313,fig|6666666.1036479.peg.793,fig|6666666.1036479.peg.903,0.9212710320949554,0.0009651395703548524,Medium,Medium,Medium–Medium,,,0,no STRING match,no STRING match,2320,2371,1,1
1314,fig|6666666.1036479.peg.3020,fig|6666666.1036479.peg.934,0.9212572515010834,0.0009658746347648712,Low,Low,Low–Low,,,0,no STRING match,no STRING match,1878,2385,1,1
1315,fig|6666666.1036479.peg.3089,fig|6666666.1036479.peg.1673,0.9212559938430787,0.0009666096991748902,High,Very Low,Very Low–High,,,0,no STRING match,no STRING match,1907,2713,1,1
1316,fig|6666666.1036479.peg.3184,fig|6666666.1036479.peg.1671,0.9212500154972076,0.0009673447635849091,Very Low,High,Very Low–High,,,0,no STRING match,no STRING match,1947,2712,1,1
1317,fig|6666666.1036479.peg.3076,fig|6666666.1036479.peg.573,0.9212407469749451,0.0009680798279949281,High,Very Low,Very Low–High,,Hypothetical protein.,0,no STRING match,secondary STRING hit (STRING protein assigned to a better match),1899,2210,1,1
1318,fig|6666666.1036479.peg.923,fig|6666666.1036479.peg.2364,0.9212384998798371,0.000968814892404947,High,Medium,Medium–High,,,0,no STRING match,no STRING match,2380,2994,1,1
1319,fig|6666666.1036479.peg.458,fig|6666666.1036479.peg.942,0.9212028026580811,0.0009695499568149659,Low,Very Low,Very Low–Low,,,0,no STRING match,no STRING match,2168,2389,1,1
1320,fig|6666666.1036479.peg.856,fig|6666666.1036479.peg.2105,0.9211703717708588,0.0009702850212249849,Low,Very Low,Very Low–Low,,,0,no STRING match,no STRING match,2340,2878,1,1
1321,fig|6666666.1036479.peg.2792,fig|6666666.1036479.peg.3222,0.9211625456809998,0.0009710200856350038,High,Medium,Medium–High,,,0,no STRING match,no STRING match,1754,1972,1,2
1322,fig|6666666.1036479.peg.2792,fig|6666666.1036479.peg.138,0.9211625456809998,0.0009717551500450227,High,Medium,Medium–High,,,0,no STRING match,no STRING match,1754,1972,1,2
1323,fig|6666666.1036479.peg.2646,fig|6666666.1036479.peg.1739,0.9211505889892578,0.0009724902144550416,Low,Very Low,Very Low–Low,,,0,no STRING match,no STRING match,1694,2731,1,1
1324,fig|6666666.1036479.peg.2948,fig|6666666.1036479.peg.2114,0.921040165424347,0.0009732252788650606,High,Very Low,Very Low–High,,"COG1629 Outer membrane receptor proteins, mostly Fe transport.",0,no STRING match,secondary STRING hit (STRING protein assigned to a better match),1843,2884,1,1
1325,fig|6666666.1036479.peg.2762,fig|6666666.1036479.peg.2092,0.9210177600383759,0.0009739603432750794,Medium,Medium,Medium–Medium,Hypothetical protein.,,0,secondary STRING hit (STRING protein assigned to a better match),no STRING match,1741,2871,1,1
1326,fig|6666666.1036479.peg.3076,fig|6666666.1036479.peg.536,0.9210014402866363,0.0009746954076850984,High,Medium,Medium–High,,,0,no STRING match,no STRING match,1899,2193,1,1
1327,fig|6666666.1036479.peg.3010,fig|6666666.1036479.peg.3131,0.9210002243518829,0.0009754304720951173,Low,Low,Low–Low,,,0,no STRING match,no STRING match,1870,1923,1,1
1328,fig|6666666.1036479.peg.453,fig|6666666.1036479.peg.856,0.920990264415741,0.0009761655365051363,Very Low,Low,Very Low–Low,,,0,no STRING match,no STRING match,2166,2340,1,1
1329,fig|6666666.1036479.peg.3168,fig|6666666.1036479.peg.1141,0.9209751486778259,0.0009769006009151553,Very Low,Very Low,Very Low–Very Low,,,0,no STRING match,no STRING match,1937,2467,1,1
1330,fig|6666666.1036479.peg.2843,fig|6666666.1036479.peg.2092,0.9209395110607147,0.0009776356653251742,Very Low,Medium,Very Low–Medium,,,0,no STRING match,no STRING match,1785,2871,1,1
1331,fig|6666666.1036479.peg.411,fig|6666666.1036479.peg.881,0.9209328711032867,0.000978370729735193,Low,High,Low–High,Hypothetical protein.,,0,secondary STRING hit (STRING protein assigned to a better match),no STRING match,2150,2356,1,1
1332,fig|6666666.1036479.peg.3166,fig|6666666.1036479.peg.1161,0.9209191560745239,0.000979105794145212,Very Low,Very Low,Very Low–Very Low,,,0,no STRING match,no STRING match,1935,2482,1,1
1333,fig|6666666.1036479.peg.2792,fig|6666666.1036479.peg.3184,0.9209007680416107,0.0009798408585552309,High,Very Low,Very Low–High,,,0,no STRING match,no STRING match,1754,1947,1,1
1334,fig|6666666.1036479.peg.2506,fig|6666666.1036479.peg.391,0.9208739042282105,0.0009805759229652498,Very Low,Medium,Very Low–Medium,,,0,no STRING match,no STRING match,1613,2142,6,1
1335,fig|6666666.1036479.peg.2516,fig|6666666.1036479.peg.391,0.9208739042282105,0.0009813109873752688,Very Low,Medium,Very Low–Medium,,,0,no STRING match,no STRING match,1613,2142,6,1
1336,fig|6666666.1036479.peg.2522,fig|6666666.1036479.peg.391,0.9208739042282105,0.0009820460517852877,Very Low,Medium,Very Low–Medium,,,0,no STRING match,no STRING match,1613,2142,6,1
1337,fig|6666666.1036479.peg.391,fig|6666666.1036479.peg.974,0.9208739042282105,0.0009827811161953067,Medium,Very Low,Very Low–Medium,,,0,no STRING match,no STRING match,2142,1613,1,6
1338,fig|6666666.1036479.peg.391,fig|6666666.1036479.peg.979,0.9208739042282105,0.0009835161806053254,Medium,Very Low,Very Low–Medium,,,0,no STRING match,no STRING match,2142,1613,1,6
1339,fig|6666666.1036479.peg.391,fig|6666666.1036479.peg.2491,0.9208739042282105,0.0009842512450153444,Medium,Very Low,Very Low–Medium,,,0,no STRING match,no STRING match,2142,1613,1,6
1340,fig|6666666.1036479.peg.1131,fig|6666666.1036479.peg.1135,0.920873886346817,0.0009849863094253633,Very Low,Very Low,Very Low–Very Low,,,0,no STRING match,no STRING match,2460,2462,1,1
1341,fig|6666666.1036479.peg.536,fig|6666666.1036479.peg.1739,0.9208714723587036,0.0009857213738353823,Medium,Very Low,Very Low–Medium,,,0,no STRING match,no STRING match,2193,2731,1,1
1342,fig|6666666.1036479.peg.1419,fig|6666666.1036479.peg.2092,0.9208685457706451,0.0009864564382454013,High,Medium,Medium–High,,,0,no STRING match,no STRING match,2597,2871,1,1
1343,fig|6666666.1036479.peg.475,fig|6666666.1036479.peg.2042,0.920854115486145,0.0009871915026554202,Low,High,Low–High,,,0,no STRING match,no STRING match,2175,2850,1,1
1344,fig|6666666.1036479.peg.3168,fig|6666666.1036479.peg.1152,0.9208375632762908,0.0009879265670654392,Very Low,Very Low,Very Low–Very Low,,,0,no STRING match,no STRING match,1937,2477,1,1
1345,fig|6666666.1036479.peg.866,fig|6666666.1036479.peg.1074,0.9208372592926025,0.0009886616314754581,High,High,High–High,,,0,no STRING match,no STRING match,2345,2418,1,1
1346,fig|6666666.1036479.peg.2792,fig|6666666.1036479.peg.1080,0.9208364009857177,0.0009893966958854769,High,High,High–High,,,0,no STRING match,no STRING match,1754,2424,1,1
1347,fig|6666666.1036479.peg.2661,fig|6666666.1036479.peg.3131,0.9208306670188904,0.0009901317602954958,High,Low,Low–High,,,0,no STRING match,no STRING match,1701,1923,1,1
1348,fig|6666666.1036479.peg.1064,fig|6666666.1036479.peg.1739,0.920796686410904,0.0009908668247055148,Medium,Very Low,Very Low–Medium,,,0,no STRING match,no STRING match,2414,2731,1,1
1349,fig|6666666.1036479.peg.2792,fig|6666666.1036479.peg.1946,0.9207221269607544,0.0009916018891155337,High,Medium,Medium–High,,,0,no STRING match,no STRING match,1754,2808,1,1
1350,fig|6666666.1036479.peg.3222,fig|6666666.1036479.peg.649,0.920719999074936,0.0009923369535255527,Medium,Medium,Medium–Medium,,,0,no STRING match,no STRING match,1972,2246,2,1
1351,fig|6666666.1036479.peg.138,fig|6666666.1036479.peg.649,0.920719999074936,0.0009930720179355717,Medium,Medium,Medium–Medium,,,0,no STRING match,no STRING match,1972,2246,2,1
1352,fig|6666666.1036479.peg.934,fig|6666666.1036479.peg.2092,0.9207160651683808,0.0009938070823455906,Low,Medium,Low–Medium,,,0,no STRING match,no STRING match,2385,2871,1,1
1353,fig|6666666.1036479.peg.2920,fig|6666666.1036479.peg.1671,0.920713210105896,0.0009945421467556094,Very Low,High,Very Low–High,,,0,no STRING match,no STRING match,1823,2712,1,1
1354,fig|6666666.1036479.peg.1131,fig|6666666.1036479.peg.1538,0.9207053899765014,0.0009952772111656283,Very Low,Very Low,Very Low–Very Low,,,0,no STRING match,no STRING match,2460,2642,1,1
1355,fig|6666666.1036479.peg.3166,fig|6666666.1036479.peg.1134,0.9207050919532775,0.0009960122755756473,Very Low,Very Low,Very Low–Very Low,,,0,no STRING match,no STRING match,1935,2461,1,1
1356,fig|6666666.1036479.peg.861,fig|6666666.1036479.peg.1946,0.920665031671524,0.0009967473399856662,High,Medium,Medium–High,,,0,no STRING match,no STRING match,2341,2808,1,1
1357,fig|6666666.1036479.peg.2672,fig|6666666.1036479.peg.1195,0.9206575095653534,0.0009974824043956852,Medium,Medium,Medium–Medium,,,0,no STRING match,no STRING match,1704,2492,1,1
1358,fig|6666666.1036479.peg.2548,fig|6666666.1036479.peg.874,0.9205705344676971,0.0009982174688057041,High,Medium,Medium–High,,,0,no STRING match,no STRING match,1641,2351,1,1
1359,fig|6666666.1036479.peg.3167,fig|6666666.1036479.peg.899,0.9205418527126312,0.000998952533215723,Very Low,Very Low,Very Low–Very Low,,,0,no STRING match,no STRING match,1936,2369,1,1
1360,fig|6666666.1036479.peg.2548,fig|6666666.1036479.peg.391,0.9205347061157226,0.000999687597625742,High,Medium,Medium–High,,,0,no STRING match,no STRING match,1641,2142,1,1
1361,fig|6666666.1036479.peg.874,fig|6666666.1036479.peg.1937,0.9205306529998779,0.0010004226620357608,Medium,High,Medium–High,,,0,no STRING match,no STRING match,2351,2802,1,1
1362,fig|6666666.1036479.peg.2948,fig|6666666.1036479.peg.1195,0.9205214262008667,0.0010011577264457797,High,Medium,Medium–High,,,0,no STRING match,no STRING match,1843,2492,1,1
1363,fig|6666666.1036479.peg.793,fig|6666666.1036479.peg.1394,0.9205174207687378,0.0010018927908557987,Medium,Medium,Medium–Medium,,,0,no STRING match,no STRING match,2320,2583,1,1
1364,fig|6666666.1036479.peg.2948,fig|6666666.1036479.peg.2092,0.9204994022846222,0.0010026278552658177,High,Medium,Medium–High,,,0,no STRING match,no STRING match,1843,2871,1,1
1365,fig|6666666.1036479.peg.2071,fig|6666666.1036479.peg.2185,0.9204920411109925,0.0010033629196758366,Medium,Very Low,Very Low–Medium,,,0,no STRING match,no STRING match,2862,2931,1,1
1366,fig|6666666.1036479.peg.787,fig|6666666.1036479.peg.856,0.9204661607742309,0.0010040979840858556,Very Low,Low,Very Low–Low,,,0,no STRING match,no STRING match,2318,2340,1,1
1367,fig|6666666.1036479.peg.2988,fig|6666666.1036479.peg.1308,0.9204235374927521,0.0010048330484958745,Medium,Medium,Medium–Medium,Hypothetical protein.,,0,secondary STRING hit (STRING protein assigned to a better match),no STRING match,1859,2532,1,1
1368,fig|6666666.1036479.peg.889,fig|6666666.1036479.peg.1739,0.9204177320003509,0.0010055681129058933,Low,Very Low,Very Low–Low,,,0,no STRING match,no STRING match,2364,2731,1,1
1369,fig|6666666.1036479.peg.2506,fig|6666666.1036479.peg.2540,0.9204034030437469,0.0010063031773159122,Very Low,Medium,Very Low–Medium,,,0,no STRING match,no STRING match,1613,1633,6,1
1370,fig|6666666.1036479.peg.2516,fig|6666666.1036479.peg.2540,0.9204034030437469,0.0010070382417259312,Very Low,Medium,Very Low–Medium,,,0,no STRING match,no STRING match,1613,1633,6,1
1371,fig|6666666.1036479.peg.2522,fig|6666666.1036479.peg.2540,0.9204034030437469,0.0010077733061359501,Very Low,Medium,Very Low–Medium,,,0,no STRING match,no STRING match,1613,1633,6,1
1372,fig|6666666.1036479.peg.2540,fig|6666666.1036479.peg.974,0.9204034030437469,0.001008508370545969,Medium,Very Low,Very Low–Medium,,,0,no STRING match,no STRING match,1633,1613,1,6
1373,fig|6666666.1036479.peg.2540,fig|6666666.1036479.peg.979,0.9204034030437469,0.001009243434955988,Medium,Very Low,Very Low–Medium,,,0,no STRING match,no STRING match,1633,1613,1,6
1374,fig|6666666.1036479.peg.2540,fig|6666666.1036479.peg.2491,0.9204034030437469,0.001009978499366007,Medium,Very Low,Very Low–Medium,,,0,no STRING match,no STRING match,1633,1613,1,6
1375,fig|6666666.1036479.peg.3089,fig|6666666.1036479.peg.3113,0.9204022109508514,0.001010713563776026,High,Very Low,Very Low–High,,,0,no STRING match,no STRING match,1907,1915,1,1
1376,fig|6666666.1036479.peg.1719,fig|6666666.1036479.peg.1814,0.9203544676303863,0.0010114486281860447,Medium,Very Low,Very Low–Medium,,,0,no STRING match,no STRING match,2727,2763,1,1
1377,fig|6666666.1036479.peg.458,fig|6666666.1036479.peg.728,0.9203465282917023,0.0010121836925960637,Low,Medium,Low–Medium,,,0,no STRING match,no STRING match,2168,2286,1,1
1378,fig|6666666.1036479.peg.1145,fig|6666666.1036479.peg.1273,0.9203424692153931,0.0010129187570060826,Very Low,Very Low,Very Low–Very Low,,,0,no STRING match,no STRING match,2471,2524,1,1
1379,fig|6666666.1036479.peg.3131,fig|6666666.1036479.peg.2454,0.9203206539154053,0.0010136538214161016,Low,Medium,Low–Medium,,,0,no STRING match,no STRING match,1923,3031,1,1
1380,fig|6666666.1036479.peg.1331,fig|6666666.1036479.peg.1671,0.9203097641468048,0.0010143888858261205,Low,High,Low–High,,,0,no STRING match,no STRING match,2548,2712,1,1
1381,fig|6666666.1036479.peg.36,fig|6666666.1036479.peg.728,0.9202738523483276,0.0010151239502361395,Medium,Medium,Medium–Medium,,,0,no STRING match,no STRING match,2023,2286,2,1
1382,fig|6666666.1036479.peg.184,fig|6666666.1036479.peg.728,0.9202738523483276,0.0010158590146461585,Medium,Medium,Medium–Medium,,,0,no STRING match,no STRING match,2023,2286,2,1
1383,fig|6666666.1036479.peg.1693,fig|6666666.1036479.peg.2042,0.9202453076839447,0.0010165940790561772,Medium,High,Medium–High,,,0,no STRING match,no STRING match,2718,2850,1,1
1384,fig|6666666.1036479.peg.3076,fig|6666666.1036479.peg.458,0.9202444314956665,0.0010173291434661961,High,Low,Low–High,,,0,no STRING match,no STRING match,1899,2168,1,1
1385,fig|6666666.1036479.peg.727,fig|6666666.1036479.peg.1719,0.9202371001243591,0.001018064207876215,Very Low,Medium,Very Low–Medium,,,0,no STRING match,no STRING match,2285,2727,1,1
1386,fig|6666666.1036479.peg.2681,fig|6666666.1036479.peg.253,0.9202323198318482,0.001018799272286234,Low,Low,Low–Low,,Hypothetical protein.,0,no STRING match,secondary STRING hit (STRING protein assigned to a better match),1706,2096,1,1
1387,fig|6666666.1036479.peg.866,fig|6666666.1036479.peg.1671,0.9202315330505371,0.001019534336696253,High,High,High–High,,,0,no STRING match,no STRING match,2345,2712,1,1
1388,fig|6666666.1036479.peg.649,fig|6666666.1036479.peg.889,0.9202112138271332,0.001020269401106272,Medium,Low,Low–Medium,,,0,no STRING match,no STRING match,2246,2364,1,1
1389,fig|6666666.1036479.peg.2672,fig|6666666.1036479.peg.3222,0.9202021658420563,0.001021004465516291,Medium,Medium,Medium–Medium,,,0,no STRING match,no STRING match,1704,1972,1,2
1390,fig|6666666.1036479.peg.2672,fig|6666666.1036479.peg.138,0.9202021658420563,0.0010217395299263099,Medium,Medium,Medium–Medium,,,0,no STRING match,no STRING match,1704,1972,1,2
1391,fig|6666666.1036479.peg.2792,fig|6666666.1036479.peg.3187,0.9201816558837891,0.0010224745943363286,High,Very Low,Very Low–High,,Hypothetical protein.,0,no STRING match,secondary STRING hit (STRING protein assigned to a better match),1754,1950,1,1
1392,fig|6666666.1036479.peg.1409,fig|6666666.1036479.peg.1719,0.9201540112495422,0.0010232096587463476,Medium,Medium,Medium–Medium,,,0,no STRING match,no STRING match,2588,2727,1,1
1393,fig|6666666.1036479.peg.3076,fig|6666666.1036479.peg.1739,0.920150876045227,0.0010239447231563665,High,Very Low,Very Low–High,,,0,no STRING match,no STRING match,1899,2731,1,1
1394,fig|6666666.1036479.peg.2792,fig|6666666.1036479.peg.1519,0.9201341569423676,0.0010246797875663855,High,High,High–High,,,0,no STRING match,no STRING match,1754,2632,1,1
1395,fig|6666666.1036479.peg.1080,fig|6666666.1036479.peg.1719,0.9201327741146088,0.0010254148519764045,High,Medium,Medium–High,,,0,no STRING match,no STRING match,2424,2727,1,1
1396,fig|6666666.1036479.peg.573,fig|6666666.1036479.peg.728,0.9200794339179993,0.0010261499163864234,Very Low,Medium,Very Low–Medium,Hypothetical protein.,,0,secondary STRING hit (STRING protein assigned to a better match),no STRING match,2210,2286,1,1
1397,fig|6666666.1036479.peg.2548,fig|6666666.1036479.peg.2238,0.9200516700744629,0.0010268849807964424,High,Very Low,Very Low–High,,,0,no STRING match,no STRING match,1641,2942,1,1
1398,fig|6666666.1036479.peg.2843,fig|6666666.1036479.peg.2114,0.9200440883636475,0.0010276200452064611,Very Low,Very Low,Very Low–Very Low,,"COG1629 Outer membrane receptor proteins, mostly Fe transport.",0,no STRING match,secondary STRING hit (STRING protein assigned to a better match),1785,2884,1,1
1399,fig|6666666.1036479.peg.923,fig|6666666.1036479.peg.934,0.9200220584869385,0.00102835510961648,High,Low,Low–High,,,0,no STRING match,no STRING match,2380,2385,1,1
1400,fig|6666666.1036479.peg.573,fig|6666666.1036479.peg.942,0.9200132787227631,0.001029090174026499,Very Low,Very Low,Very Low–Very Low,Hypothetical protein.,,0,secondary STRING hit (STRING protein assigned to a better match),no STRING match,2210,2389,1,1
1401,fig|6666666.1036479.peg.3167,fig|6666666.1036479.peg.1160,0.9199867665767669,0.001029825238436518,Very Low,Very Low,Very Low–Very Low,,,0,no STRING match,no STRING match,1936,2481,1,1
1402,fig|6666666.1036479.peg.3113,fig|6666666.1036479.peg.923,0.9199698746204377,0.001030560302846537,Very Low,High,Very Low–High,,,0,no STRING match,no STRING match,1915,2380,1,1
1403,fig|6666666.1036479.peg.793,fig|6666666.1036479.peg.1547,0.9199663877487183,0.001031295367256556,Medium,High,Medium–High,,,0,no STRING match,no STRING match,2320,2647,1,1
1404,fig|6666666.1036479.peg.923,fig|6666666.1036479.peg.1419,0.9199457764625549,0.0010320304316665749,High,High,High–High,,,0,no STRING match,no STRING match,2380,2597,1,1
1405,fig|6666666.1036479.peg.1131,fig|6666666.1036479.peg.1152,0.9199150204658508,0.0010327654960765938,Very Low,Very Low,Very Low–Very Low,,,0,no STRING match,no STRING match,2460,2477,1,1
1406,fig|6666666.1036479.peg.3020,fig|6666666.1036479.peg.3113,0.9198952496051789,0.0010335005604866125,Low,Very Low,Very Low–Low,,,0,no STRING match,no STRING match,1878,1915,1,1
1407,fig|6666666.1036479.peg.649,fig|6666666.1036479.peg.1064,0.9198792397975921,0.0010342356248966315,Medium,Medium,Medium–Medium,,,0,no STRING match,no STRING match,2246,2414,1,1
1408,fig|6666666.1036479.peg.2778,fig|6666666.1036479.peg.3167,0.9198748230934143,0.0010349706893066505,Very Low,Very Low,Very Low–Very Low,,,0,no STRING match,no STRING match,1747,1936,1,1
1409,fig|6666666.1036479.peg.2988,fig|6666666.1036479.peg.2156,0.9198426067829132,0.0010357057537166694,Medium,Very Low,Very Low–Medium,Hypothetical protein.,,0,secondary STRING hit (STRING protein assigned to a better match),no STRING match,1859,2906,1,1
1410,fig|6666666.1036479.peg.866,fig|6666666.1036479.peg.942,0.9198420763015747,0.0010364408181266884,High,Very Low,Very Low–High,,,0,no STRING match,no STRING match,2345,2389,1,1
1411,fig|6666666.1036479.peg.1141,fig|6666666.1036479.peg.1538,0.9198348522186279,0.0010371758825367073,Very Low,Very Low,Very Low–Very Low,,,0,no STRING match,no STRING match,2467,2642,1,1
1412,fig|6666666.1036479.peg.1739,fig|6666666.1036479.peg.1946,0.9198333621025085,0.0010379109469467263,Very Low,Medium,Very Low–Medium,,,0,no STRING match,no STRING match,2731,2808,1,1
1413,fig|6666666.1036479.peg.536,fig|6666666.1036479.peg.2114,0.919823694229126,0.001038646011356745,Medium,Very Low,Very Low–Medium,,"COG1629 Outer membrane receptor proteins, mostly Fe transport.",0,no STRING match,secondary STRING hit (STRING protein assigned to a better match),2193,2884,1,1
1414,fig|6666666.1036479.peg.2741,fig|6666666.1036479.peg.1719,0.9198180139064789,0.001039381075766764,High,Medium,Medium–High,,,0,no STRING match,no STRING match,1728,2727,1,1
1415,fig|6666666.1036479.peg.364,fig|6666666.1036479.peg.411,0.9197736322879791,0.001040116140176783,Low,Low,Low–Low,,Hypothetical protein.,0,no STRING match,secondary STRING hit (STRING protein assigned to a better match),2137,2150,1,1
1416,fig|6666666.1036479.peg.458,fig|6666666.1036479.peg.923,0.9197435319423676,0.001040851204586802,Low,High,Low–High,,,0,no STRING match,no STRING match,2168,2380,1,1
1417,fig|6666666.1036479.peg.856,fig|6666666.1036479.peg.1753,0.9197095274925232,0.0010415862689968209,Low,Medium,Low–Medium,,Hypothetical protein.,0,no STRING match,secondary STRING hit (STRING protein assigned to a better match),2340,2735,1,1
1418,fig|6666666.1036479.peg.856,fig|6666666.1036479.peg.1962,0.9197067141532898,0.0010423213334068398,Low,Medium,Low–Medium,,,0,no STRING match,no STRING match,2340,2823,1,1
1419,fig|6666666.1036479.peg.702,fig|6666666.1036479.peg.793,0.9197020709514618,0.0010430563978168588,Medium,Medium,Medium–Medium,,,0,no STRING match,no STRING match,2266,2320,1,1
1420,fig|6666666.1036479.peg.903,fig|6666666.1036479.peg.1671,0.919694846868515,0.0010437914622268777,Medium,High,Medium–High,,,0,no STRING match,no STRING match,2371,2712,1,1
1421,fig|6666666.1036479.peg.719,fig|6666666.1036479.peg.2071,0.9196709811687469,0.0010445265266368965,Medium,Medium,Medium–Medium,,,0,no STRING match,no STRING match,2277,2862,1,1
1422,fig|6666666.1036479.peg.1138,fig|6666666.1036479.peg.1271,0.9196431815624238,0.0010452615910469154,Very Low,Very Low,Very Low–Very Low,,,0,no STRING match,no STRING match,2464,2523,1,1
1423,fig|6666666.1036479.peg.2948,fig|6666666.1036479.peg.36,0.9196379542350769,0.0010459966554569344,High,Medium,Medium–High,,,0,no STRING match,no STRING match,1843,2023,1,2
1424,fig|6666666.1036479.peg.2948,fig|6666666.1036479.peg.184,0.9196379542350769,0.0010467317198669533,High,Medium,Medium–High,,,0,no STRING match,no STRING match,1843,2023,1,2
1425,fig|6666666.1036479.peg.3083,fig|6666666.1036479.peg.2071,0.9195977747440338,0.0010474667842769723,High,Medium,Medium–High,,,0,no STRING match,no STRING match,1905,2862,1,1
1426,fig|6666666.1036479.peg.3131,fig|6666666.1036479.peg.1991,0.9195923388004303,0.0010482018486869913,Low,Very Low,Very Low–Low,,,0,no STRING match,no STRING match,1923,2837,1,1
1427,fig|6666666.1036479.peg.458,fig|6666666.1036479.peg.2364,0.9195874392986297,0.0010489369130970102,Low,Medium,Low–Medium,,,0,no STRING match,no STRING match,2168,2994,1,1
1428,fig|6666666.1036479.peg.652,fig|6666666.1036479.peg.856,0.919585108757019,0.001049671977507029,Very Low,Low,Very Low–Low,,,0,no STRING match,no STRING match,2249,2340,1,1
1429,fig|6666666.1036479.peg.411,fig|6666666.1036479.peg.1195,0.9195844173431397,0.001050407041917048,Low,Medium,Low–Medium,Hypothetical protein.,,0,secondary STRING hit (STRING protein assigned to a better match),no STRING match,2150,2492,1,1
1430,fig|6666666.1036479.peg.2672,fig|6666666.1036479.peg.2091,0.9195557415485383,0.0010511421063270669,Medium,Medium,Medium–Medium,,,0,no STRING match,no STRING match,1704,2870,1,1
1431,fig|6666666.1036479.peg.3020,fig|6666666.1036479.peg.3089,0.9195497930049896,0.0010518771707370858,Low,High,Low–High,,,0,no STRING match,no STRING match,1878,1907,1,1
1432,fig|6666666.1036479.peg.3184,fig|6666666.1036479.peg.793,0.9195437967777252,0.0010526122351471048,Very Low,Medium,Very Low–Medium,,,0,no STRING match,no STRING match,1947,2320,1,1
1433,fig|6666666.1036479.peg.2548,fig|6666666.1036479.peg.3213,0.9195422351360321,0.0010533472995571237,High,Very Low,Very Low–High,,,0,no STRING match,no STRING match,1641,1967,1,1
1434,fig|6666666.1036479.peg.2548,fig|6666666.1036479.peg.364,0.9195329904556274,0.0010540823639671427,High,Low,Low–High,,,0,no STRING match,no STRING match,1641,2137,1,1
1435,fig|6666666.1036479.peg.411,fig|6666666.1036479.peg.1671,0.9195251643657685,0.0010548174283771616,Low,High,Low–High,Hypothetical protein.,,0,secondary STRING hit (STRING protein assigned to a better match),no STRING match,2150,2712,1,1
1436,fig|6666666.1036479.peg.1671,fig|6666666.1036479.peg.2093,0.9195147573947906,0.0010555524927871804,High,Medium,Medium–High,,,0,no STRING match,no STRING match,2712,2872,1,1
1437,fig|6666666.1036479.peg.3113,fig|6666666.1036479.peg.1419,0.9195096850395202,0.0010562875571971993,Very Low,High,Very Low–High,,,0,no STRING match,no STRING match,1915,2597,1,1
1438,fig|6666666.1036479.peg.36,fig|6666666.1036479.peg.1195,0.9195092260837555,0.0010570226216072183,Medium,Medium,Medium–Medium,,,0,no STRING match,no STRING match,2023,2492,2,1
1439,fig|6666666.1036479.peg.184,fig|6666666.1036479.peg.1195,0.9195092260837555,0.0010577576860172373,Medium,Medium,Medium–Medium,,,0,no STRING match,no STRING match,2023,2492,2,1
1440,fig|6666666.1036479.peg.236,fig|6666666.1036479.peg.861,0.919459056854248,0.0010584927504272562,Very Low,High,Very Low–High,,,0,no STRING match,no STRING match,2086,2341,1,1
1441,fig|6666666.1036479.peg.856,fig|6666666.1036479.peg.2238,0.9194136440753937,0.0010592278148372752,Low,Very Low,Very Low–Low,,,0,no STRING match,no STRING match,2340,2942,1,1
1442,fig|6666666.1036479.peg.1140,fig|6666666.1036479.peg.1273,0.9194093704223633,0.0010599628792472941,Very Low,Very Low,Very Low–Very Low,,,0,no STRING match,no STRING match,2466,2524,1,1
1443,fig|6666666.1036479.peg.2762,fig|6666666.1036479.peg.923,0.9193993508815765,0.0010606979436573129,Medium,High,Medium–High,Hypothetical protein.,,0,secondary STRING hit (STRING protein assigned to a better match),no STRING match,1741,2380,1,1
1444,fig|6666666.1036479.peg.689,fig|6666666.1036479.peg.866,0.9193881452083588,0.0010614330080673318,High,High,High–High,,,0,no STRING match,no STRING match,2261,2345,1,1
1445,fig|6666666.1036479.peg.458,fig|6666666.1036479.peg.1195,0.9193744659423828,0.0010621680724773508,Low,Medium,Low–Medium,,,0,no STRING match,no STRING match,2168,2492,1,1
1446,fig|6666666.1036479.peg.475,fig|6666666.1036479.peg.2093,0.9193592071533203,0.0010629031368873697,Low,Medium,Low–Medium,,,0,no STRING match,no STRING match,2175,2872,1,1
1447,fig|6666666.1036479.peg.934,fig|6666666.1036479.peg.1673,0.9192977666854858,0.0010636382012973887,Low,Very Low,Very Low–Low,,,0,no STRING match,no STRING match,2385,2713,1,1
1448,fig|6666666.1036479.peg.3076,fig|6666666.1036479.peg.923,0.9192906856536865,0.0010643732657074077,High,High,High–High,,,0,no STRING match,no STRING match,1899,2380,1,1
1449,fig|6666666.1036479.peg.208,fig|6666666.1036479.peg.856,0.9192860543727874,0.0010651083301174266,Low,Low,Low–Low,,,0,no STRING match,no STRING match,2076,2340,1,1
1450,fig|6666666.1036479.peg.253,fig|6666666.1036479.peg.2071,0.9192785084247589,0.0010658433945274456,Low,Medium,Low–Medium,Hypothetical protein.,,0,secondary STRING hit (STRING protein assigned to a better match),no STRING match,2096,2862,1,1
1451,fig|6666666.1036479.peg.369,fig|6666666.1036479.peg.411,0.9192408382892608,0.0010665784589374643,High,Low,Low–High,,Hypothetical protein.,0,no STRING match,secondary STRING hit (STRING protein assigned to a better match),2138,2150,1,1
1452,fig|6666666.1036479.peg.3131,fig|6666666.1036479.peg.866,0.9192327618598938,0.0010673135233474833,Low,High,Low–High,,,0,no STRING match,no STRING match,1923,2345,1,1
1453,fig|6666666.1036479.peg.2762,fig|6666666.1036479.peg.2948,0.9192158043384552,0.0010680485877575022,Medium,High,Medium–High,Hypothetical protein.,,0,secondary STRING hit (STRING protein assigned to a better match),no STRING match,1741,1843,1,1
1454,fig|6666666.1036479.peg.861,fig|6666666.1036479.peg.1947,0.9191659092903137,0.0010687836521675212,High,Medium,Medium–High,,,0,no STRING match,no STRING match,2341,2809,1,1
1455,fig|6666666.1036479.peg.2988,fig|6666666.1036479.peg.3207,0.9191529333591462,0.0010695187165775401,Medium,Medium,Medium–Medium,Hypothetical protein.,,0,secondary STRING hit (STRING protein assigned to a better match),no STRING match,1859,1965,1,1
1456,fig|6666666.1036479.peg.3113,fig|6666666.1036479.peg.536,0.9191393077373504,0.001070253780987559,Very Low,Medium,Very Low–Medium,,,0,no STRING match,no STRING match,1915,2193,1,1
1457,fig|6666666.1036479.peg.3076,fig|6666666.1036479.peg.2364,0.919135320186615,0.001070988845397578,High,Medium,Medium–High,,,0,no STRING match,no STRING match,1899,2994,1,1
1458,fig|6666666.1036479.peg.1934,fig|6666666.1036479.peg.2071,0.9191098630428314,0.0010717239098075968,Low,Medium,Low–Medium,,,0,no STRING match,no STRING match,2801,2862,1,1
1459,fig|6666666.1036479.peg.721,fig|6666666.1036479.peg.1671,0.9191044747829438,0.0010724589742176157,High,High,High–High,Yd repeat protein; COG3209 Rhs family protein.,,0,secondary STRING hit (STRING protein assigned to a better match),no STRING match,2279,2712,1,1
1460,fig|6666666.1036479.peg.2672,fig|6666666.1036479.peg.689,0.9190951883792877,0.0010731940386276347,Medium,High,Medium–High,,,0,no STRING match,no STRING match,1704,2261,1,1
1461,fig|6666666.1036479.peg.2792,fig|6666666.1036479.peg.2364,0.9190929353237152,0.0010739291030376537,High,Medium,Medium–High,,,0,no STRING match,no STRING match,1754,2994,1,1
1462,fig|6666666.1036479.peg.253,fig|6666666.1036479.peg.867,0.919066333770752,0.0010746641674476726,Low,Low,Low–Low,Hypothetical protein.,,0,secondary STRING hit (STRING protein assigned to a better match),no STRING match,2096,2346,1,1
1463,fig|6666666.1036479.peg.3131,fig|6666666.1036479.peg.1543,0.9190406858921051,0.0010753992318576916,Low,Medium,Low–Medium,,,0,no STRING match,no STRING match,1923,2644,1,1
1464,fig|6666666.1036479.peg.649,fig|6666666.1036479.peg.1308,0.9190212309360504,0.0010761342962677105,Medium,Medium,Medium–Medium,,,0,no STRING match,no STRING match,2246,2532,1,1
1465,fig|6666666.1036479.peg.866,fig|6666666.1036479.peg.1693,0.9189988374710083,0.0010768693606777295,High,Medium,Medium–High,,,0,no STRING match,no STRING match,2345,2718,1,1
1466,fig|6666666.1036479.peg.1135,fig|6666666.1036479.peg.1141,0.9189681649208069,0.0010776044250877482,Very Low,Very Low,Very Low–Very Low,,,0,no STRING match,no STRING match,2462,2467,1,1
1467,fig|6666666.1036479.peg.649,fig|6666666.1036479.peg.1947,0.9189600944519043,0.0010783394894977672,Medium,Medium,Medium–Medium,,,0,no STRING match,no STRING match,2246,2809,1,1
1468,fig|6666666.1036479.peg.370,fig|6666666.1036479.peg.1519,0.9189493775367736,0.0010790745539077861,High,High,High–High,,,0,no STRING match,no STRING match,2139,2632,1,1
1469,fig|6666666.1036479.peg.2792,fig|6666666.1036479.peg.2091,0.9189276099205017,0.001079809618317805,High,Medium,Medium–High,,,0,no STRING match,no STRING match,1754,2870,1,1
1470,fig|6666666.1036479.peg.219,fig|6666666.1036479.peg.2415,0.9189206302165985,0.001080544682727824,Very Low,Very Low,Very Low–Very Low,,,0,no STRING match,no STRING match,2081,3015,1,1
1471,fig|6666666.1036479.peg.1671,fig|6666666.1036479.peg.2042,0.9188840925693512,0.001081279747137843,High,High,High–High,,,0,no STRING match,no STRING match,2712,2850,1,1
1472,fig|6666666.1036479.peg.856,fig|6666666.1036479.peg.1123,0.9188655197620392,0.001082014811547862,Low,Very Low,Very Low–Low,,,0,no STRING match,no STRING match,2340,2454,1,1
1473,fig|6666666.1036479.peg.2063,fig|6666666.1036479.peg.2400,0.9188552975654602,0.0010827498759578807,Very Low,Very Low,Very Low–Very Low,,,0,no STRING match,no STRING match,2860,3005,1,1
1474,fig|6666666.1036479.peg.3184,fig|6666666.1036479.peg.861,0.9188446760177612,0.0010834849403678997,Very Low,High,Very Low–High,,,0,no STRING match,no STRING match,1947,2341,1,1
1475,fig|6666666.1036479.peg.36,fig|6666666.1036479.peg.458,0.9188291966915131,0.0010842200047779186,Medium,Low,Low–Medium,,,0,no STRING match,no STRING match,2023,2168,2,1
1476,fig|6666666.1036479.peg.184,fig|6666666.1036479.peg.458,0.9188291966915131,0.0010849550691879376,Medium,Low,Low–Medium,,,0,no STRING match,no STRING match,2023,2168,2,1
1477,fig|6666666.1036479.peg.1419,fig|6666666.1036479.peg.1673,0.9188082754611969,0.0010856901335979565,High,Very Low,Very Low–High,,,0,no STRING match,no STRING match,2597,2713,1,1
1478,fig|6666666.1036479.peg.2548,fig|6666666.1036479.peg.726,0.918799078464508,0.0010864251980079755,High,Very Low,Very Low–High,,,0,no STRING match,no STRING match,1641,2284,1,1
1479,fig|6666666.1036479.peg.866,fig|6666666.1036479.peg.867,0.9187897324562073,0.0010871602624179944,High,Low,Low–High,,,0,no STRING match,no STRING match,2345,2346,1,1
1480,fig|6666666.1036479.peg.3008,fig|6666666.1036479.peg.3131,0.9187759459018707,0.0010878953268280134,Medium,Low,Low–Medium,,,0,no STRING match,no STRING match,1868,1923,1,1
1481,fig|6666666.1036479.peg.793,fig|6666666.1036479.peg.2383,0.9186881363391877,0.0010886303912380321,Medium,Very Low,Very Low–Medium,,Hypothetical protein.,0,no STRING match,secondary STRING hit (STRING protein assigned to a better match),2320,2997,1,1
1482,fig|6666666.1036479.peg.2548,fig|6666666.1036479.peg.89,0.9186458885669708,0.001089365455648051,High,Very Low,Very Low–High,,,0,no STRING match,no STRING match,1641,2052,1,1
1483,fig|6666666.1036479.peg.2071,fig|6666666.1036479.peg.2327,0.9186448991298676,0.00109010052005807,Medium,Medium,Medium–Medium,,,0,no STRING match,no STRING match,2862,2982,1,1
1484,fig|6666666.1036479.peg.2762,fig|6666666.1036479.peg.2364,0.9186357319355011,0.001090835584468089,Medium,Medium,Medium–Medium,Hypothetical protein.,,0,secondary STRING hit (STRING protein assigned to a better match),no STRING match,1741,2994,1,1
1485,fig|6666666.1036479.peg.702,fig|6666666.1036479.peg.1693,0.918609619140625,0.001091570648878108,Medium,Medium,Medium–Medium,,,0,no STRING match,no STRING match,2266,2718,1,1
1486,fig|6666666.1036479.peg.793,fig|6666666.1036479.peg.2348,0.918608796596527,0.001092305713288127,Medium,High,Medium–High,,,0,no STRING match,no STRING match,2320,2991,1,1
1487,fig|6666666.1036479.peg.942,fig|6666666.1036479.peg.2092,0.9185961723327637,0.0010930407776981459,Very Low,Medium,Very Low–Medium,,,0,no STRING match,no STRING match,2389,2871,1,1
1488,fig|6666666.1036479.peg.89,fig|6666666.1036479.peg.856,0.9185904681682586,0.0010937758421081646,Very Low,Low,Very Low–Low,,,0,no STRING match,no STRING match,2052,2340,1,1
1489,fig|6666666.1036479.peg.3131,fig|6666666.1036479.peg.1604,0.9185815453529358,0.0010945109065181836,Low,Very Low,Very Low–Low,,YD repeat-containing protein; COG3209 Rhs family protein.,0,no STRING match,secondary STRING hit (STRING protein assigned to a better match),1923,2685,1,2
1490,fig|6666666.1036479.peg.3131,fig|6666666.1036479.peg.1611,0.9185815453529358,0.0010952459709282025,Low,Very Low,Very Low–Low,,YD repeat-containing protein; COG3209 Rhs family protein.,0,no STRING match,secondary STRING hit (STRING protein assigned to a better match),1923,2685,1,2
1491,fig|6666666.1036479.peg.1693,fig|6666666.1036479.peg.2383,0.9185728251934051,0.0010959810353382215,Medium,Very Low,Very Low–Medium,,Hypothetical protein.,0,no STRING match,secondary STRING hit (STRING protein assigned to a better match),2718,2997,1,1
1492,fig|6666666.1036479.peg.2672,fig|6666666.1036479.peg.236,0.9185641407966614,0.0010967160997482405,Medium,Very Low,Very Low–Medium,,,0,no STRING match,no STRING match,1704,2086,1,1
1493,fig|6666666.1036479.peg.2685,fig|6666666.1036479.peg.2400,0.9185591578483582,0.0010974511641582594,Very Low,Very Low,Very Low–Very Low,,,0,no STRING match,no STRING match,1707,3005,1,1
1494,fig|6666666.1036479.peg.411,fig|6666666.1036479.peg.942,0.9185384213924408,0.0010981862285682784,Low,Very Low,Very Low–Low,Hypothetical protein.,,0,secondary STRING hit (STRING protein assigned to a better match),no STRING match,2150,2389,1,1
1495,fig|6666666.1036479.peg.1739,fig|6666666.1036479.peg.2436,0.9185382425785065,0.0010989212929782973,Very Low,Medium,Very Low–Medium,,,0,no STRING match,no STRING match,2731,3022,1,1
1496,fig|6666666.1036479.peg.2506,fig|6666666.1036479.peg.875,0.91853768825531,0.001099656357388316,Very Low,Very Low,Very Low–Very Low,,,0,no STRING match,no STRING match,1613,2352,6,3
1497,fig|6666666.1036479.peg.2506,fig|6666666.1036479.peg.2097,0.91853768825531,0.001100391421798335,Very Low,Very Low,Very Low–Very Low,,,0,no STRING match,no STRING match,1613,2352,6,3
1498,fig|6666666.1036479.peg.2506,fig|6666666.1036479.peg.2378,0.91853768825531,0.001101126486208354,Very Low,Very Low,Very Low–Very Low,,,0,no STRING match,no STRING match,1613,2352,6,3
1499,fig|6666666.1036479.peg.2516,fig|6666666.1036479.peg.875,0.91853768825531,0.001101861550618373,Very Low,Very Low,Very Low–Very Low,,,0,no STRING match,no STRING match,1613,2352,6,3
1500,fig|6666666.1036479.peg.2516,fig|6666666.1036479.peg.2097,0.91853768825531,0.0011025966150283919,Very Low,Very Low,Very Low–Very Low,,,0,no STRING match,no STRING match,1613,2352,6,3
1501,fig|6666666.1036479.peg.2516,fig|6666666.1036479.peg.2378,0.91853768825531,0.0011033316794384108,Very Low,Very Low,Very Low–Very Low,,,0,no STRING match,no STRING match,1613,2352,6,3
1502,fig|6666666.1036479.peg.2522,fig|6666666.1036479.peg.875,0.91853768825531,0.0011040667438484298,Very Low,Very Low,Very Low–Very Low,,,0,no STRING match,no STRING match,1613,2352,6,3
1503,fig|6666666.1036479.peg.2522,fig|6666666.1036479.peg.2097,0.91853768825531,0.0011048018082584485,Very Low,Very Low,Very Low–Very Low,,,0,no STRING match,no STRING match,1613,2352,6,3
1504,fig|6666666.1036479.peg.2522,fig|6666666.1036479.peg.2378,0.91853768825531,0.0011055368726684675,Very Low,Very Low,Very Low–Very Low,,,0,no STRING match,no STRING match,1613,2352,6,3
1505,fig|6666666.1036479.peg.875,fig|6666666.1036479.peg.974,0.91853768825531,0.0011062719370784865,Very Low,Very Low,Very Low–Very Low,,,0,no STRING match,no STRING match,2352,1613,3,6
1506,fig|6666666.1036479.peg.875,fig|6666666.1036479.peg.979,0.91853768825531,0.0011070070014885054,Very Low,Very Low,Very Low–Very Low,,,0,no STRING match,no STRING match,2352,1613,3,6
1507,fig|6666666.1036479.peg.875,fig|6666666.1036479.peg.2491,0.91853768825531,0.0011077420658985244,Very Low,Very Low,Very Low–Very Low,,,0,no STRING match,no STRING match,2352,1613,3,6
1508,fig|6666666.1036479.peg.974,fig|6666666.1036479.peg.2097,0.91853768825531,0.0011084771303085433,Very Low,Very Low,Very Low–Very Low,,,0,no STRING match,no STRING match,1613,2352,6,3
1509,fig|6666666.1036479.peg.974,fig|6666666.1036479.peg.2378,0.91853768825531,0.0011092121947185623,Very Low,Very Low,Very Low–Very Low,,,0,no STRING match,no STRING match,1613,2352,6,3
1510,fig|6666666.1036479.peg.979,fig|6666666.1036479.peg.2097,0.91853768825531,0.0011099472591285812,Very Low,Very Low,Very Low–Very Low,,,0,no STRING match,no STRING match,1613,2352,6,3
1511,fig|6666666.1036479.peg.979,fig|6666666.1036479.peg.2378,0.91853768825531,0.0011106823235386,Very Low,Very Low,Very Low–Very Low,,,0,no STRING match,no STRING match,1613,2352,6,3
1512,fig|6666666.1036479.peg.2097,fig|6666666.1036479.peg.2491,0.91853768825531,0.001111417387948619,Very Low,Very Low,Very Low–Very Low,,,0,no STRING match,no STRING match,2352,1613,3,6
1513,fig|6666666.1036479.peg.2378,fig|6666666.1036479.peg.2491,0.91853768825531,0.001112152452358638,Very Low,Very Low,Very Low–Very Low,,,0,no STRING match,no STRING match,2352,1613,3,6
1514,fig|6666666.1036479.peg.3089,fig|6666666.1036479.peg.2436,0.9185110330581665,0.0011128875167686569,High,Medium,Medium–High,,,0,no STRING match,no STRING match,1907,3022,1,1
1515,fig|6666666.1036479.peg.411,fig|6666666.1036479.peg.704,0.9185044288635253,0.0011136225811786758,Low,Low,Low–Low,Hypothetical protein.,,0,secondary STRING hit (STRING protein assigned to a better match),no STRING match,2150,2268,1,1
1516,fig|6666666.1036479.peg.1331,fig|6666666.1036479.peg.1693,0.9184874534606934,0.0011143576455886948,Low,Medium,Low–Medium,,,0,no STRING match,no STRING match,2548,2718,1,1
1517,fig|6666666.1036479.peg.2548,fig|6666666.1036479.peg.1937,0.918477863073349,0.0011150927099987137,High,High,High–High,,,0,no STRING match,no STRING match,1641,2802,1,1
1518,fig|6666666.1036479.peg.867,fig|6666666.1036479.peg.1739,0.9184758722782135,0.0011158277744087325,Low,Very Low,Very Low–Low,,,0,no STRING match,no STRING match,2346,2731,1,1
1519,fig|6666666.1036479.peg.370,fig|6666666.1036479.peg.1739,0.9184149742126465,0.0011165628388187514,High,Very Low,Very Low–High,,,0,no STRING match,no STRING match,2139,2731,1,1
1520,fig|6666666.1036479.peg.364,fig|6666666.1036479.peg.1719,0.9184092998504638,0.0011172979032287704,Low,Medium,Low–Medium,,,0,no STRING match,no STRING match,2137,2727,1,1
1521,fig|6666666.1036479.peg.36,fig|6666666.1036479.peg.573,0.9183942079544067,0.0011180329676387893,Medium,Very Low,Very Low–Medium,,Hypothetical protein.,0,no STRING match,secondary STRING hit (STRING protein assigned to a better match),2023,2210,2,1
1522,fig|6666666.1036479.peg.184,fig|6666666.1036479.peg.573,0.9183942079544067,0.0011187680320488083,Medium,Very Low,Very Low–Medium,,Hypothetical protein.,0,no STRING match,secondary STRING hit (STRING protein assigned to a better match),2023,2210,2,1
1523,fig|6666666.1036479.peg.2571,fig|6666666.1036479.peg.2071,0.9183916211128235,0.0011195030964588272,Medium,Medium,Medium–Medium,,,0,no STRING match,no STRING match,1659,2862,1,1
1524,fig|6666666.1036479.peg.2792,fig|6666666.1036479.peg.1331,0.9183573007583619,0.0011202381608688462,High,Low,Low–High,,,0,no STRING match,no STRING match,1754,2548,1,1
1525,fig|6666666.1036479.peg.3166,fig|6666666.1036479.peg.2414,0.9183530926704406,0.0011209732252788652,Very Low,Very Low,Very Low–Very Low,,,0,no STRING match,no STRING match,1935,3014,1,1
1526,fig|6666666.1036479.peg.3000,fig|6666666.1036479.peg.3166,0.9182924509048462,0.001121708289688884,Very Low,Very Low,Very Low–Very Low,,,0,no STRING match,no STRING match,1863,1935,1,1
1527,fig|6666666.1036479.peg.3131,fig|6666666.1036479.peg.2386,0.9182854473590851,0.0011224433540989029,Low,Medium,Low–Medium,,,0,no STRING match,no STRING match,1923,3000,1,1
1528,fig|6666666.1036479.peg.3076,fig|6666666.1036479.peg.2092,0.9182547688484192,0.0011231784185089218,High,Medium,Medium–High,,,0,no STRING match,no STRING match,1899,2871,1,1
1529,fig|6666666.1036479.peg.1419,fig|6666666.1036479.peg.2436,0.9182114779949189,0.0011239134829189408,High,Medium,Medium–High,,,0,no STRING match,no STRING match,2597,3022,1,1
1530,fig|6666666.1036479.peg.2778,fig|6666666.1036479.peg.1161,0.9182069182395936,0.0011246485473289597,Very Low,Very Low,Very Low–Very Low,,,0,no STRING match,no STRING match,1747,2482,1,1
1531,fig|6666666.1036479.peg.2672,fig|6666666.1036479.peg.2455,0.9181807696819305,0.0011253836117389787,Medium,Medium,Medium–Medium,,,0,no STRING match,no STRING match,1704,3032,1,1
1532,fig|6666666.1036479.peg.36,fig|6666666.1036479.peg.184,0.9181692421436309,0.0011261186761489976,Medium,Medium,Medium–Medium,,,0,no STRING match,no STRING match,2023,2023,2,2
1533,fig|6666666.1036479.peg.702,fig|6666666.1036479.peg.1671,0.9181571006774902,0.0011268537405590164,Medium,High,Medium–High,,,0,no STRING match,no STRING match,2266,2712,1,1
1534,fig|6666666.1036479.peg.2788,fig|6666666.1036479.peg.475,0.9181542158126831,0.0011275888049690353,Medium,Low,Low–Medium,,,0,no STRING match,no STRING match,1752,2175,1,1
1535,fig|6666666.1036479.peg.3131,fig|6666666.1036479.peg.2478,0.9181295812129975,0.0011283238693790543,Low,Very Low,Very Low–Low,,,0,no STRING match,no STRING match,1923,3042,1,1
1536,fig|6666666.1036479.peg.3089,fig|6666666.1036479.peg.942,0.9181263446807861,0.0011290589337890733,High,Very Low,Very Low–High,,,0,no STRING match,no STRING match,1907,2389,1,1
1537,fig|6666666.1036479.peg.2811,fig|6666666.1036479.peg.1719,0.9181189835071564,0.0011297939981990922,Medium,Medium,Medium–Medium,,,0,no STRING match,no STRING match,1762,2727,1,1
1538,fig|6666666.1036479.peg.2681,fig|6666666.1036479.peg.689,0.9180854618549347,0.0011305290626091112,Low,High,Low–High,,,0,no STRING match,no STRING match,1706,2261,1,1
1539,fig|6666666.1036479.peg.1661,fig|6666666.1036479.peg.1719,0.91806880235672,0.0011312641270191301,Low,Medium,Low–Medium,,,0,no STRING match,no STRING match,2708,2727,1,1
1540,fig|6666666.1036479.peg.2762,fig|6666666.1036479.peg.2114,0.918043178319931,0.001131999191429149,Medium,Very Low,Very Low–Medium,Hypothetical protein.,"COG1629 Outer membrane receptor proteins, mostly Fe transport.",0,secondary STRING hit (STRING protein assigned to a better match),secondary STRING hit (STRING protein assigned to a better match),1741,2884,1,1
1541,fig|6666666.1036479.peg.2548,fig|6666666.1036479.peg.1547,0.9180355250835419,0.0011327342558391678,High,High,High–High,,,0,no STRING match,no STRING match,1641,2647,1,1
1542,fig|6666666.1036479.peg.475,fig|6666666.1036479.peg.903,0.9180120766162873,0.0011334693202491868,Low,Medium,Low–Medium,,,0,no STRING match,no STRING match,2175,2371,1,1
1543,fig|6666666.1036479.peg.475,fig|6666666.1036479.peg.2348,0.9179675996303558,0.0011342043846592057,Low,High,Low–High,,,0,no STRING match,no STRING match,2175,2991,1,1
1544,fig|6666666.1036479.peg.2114,fig|6666666.1036479.peg.2364,0.9179383337497711,0.0011349394490692247,Very Low,Medium,Very Low–Medium,"COG1629 Outer membrane receptor proteins, mostly Fe transport.",,0,secondary STRING hit (STRING protein assigned to a better match),no STRING match,2884,2994,1,1
1545,fig|6666666.1036479.peg.3168,fig|6666666.1036479.peg.1146,0.9179327130317688,0.0011356745134792436,Very Low,Very Low,Very Low–Very Low,,,0,no STRING match,no STRING match,1937,2472,1,1
1546,fig|6666666.1036479.peg.3089,fig|6666666.1036479.peg.728,0.9179192781448364,0.0011364095778892626,High,Medium,Medium–High,,,0,no STRING match,no STRING match,1907,2286,1,1
1547,fig|6666666.1036479.peg.3020,fig|6666666.1036479.peg.536,0.9179164886474609,0.0011371446422992816,Low,Medium,Low–Medium,,,0,no STRING match,no STRING match,1878,2193,1,1
1548,fig|6666666.1036479.peg.2548,fig|6666666.1036479.peg.244,0.9179004490375519,0.0011378797067093003,High,Very Low,Very Low–High,,,0,no STRING match,no STRING match,1641,2092,1,1
1549,fig|6666666.1036479.peg.411,fig|6666666.1036479.peg.1547,0.9178988814353943,0.0011386147711193193,Low,High,Low–High,Hypothetical protein.,,0,secondary STRING hit (STRING protein assigned to a better match),no STRING match,2150,2647,1,1
1550,fig|6666666.1036479.peg.3188,fig|6666666.1036479.peg.793,0.9178957998752594,0.0011393498355293382,Medium,Medium,Medium–Medium,,,0,no STRING match,no STRING match,1951,2320,1,1
1551,fig|6666666.1036479.peg.2792,fig|6666666.1036479.peg.2042,0.9178926587104798,0.0011400848999393572,High,High,High–High,,,0,no STRING match,no STRING match,1754,2850,1,1
1552,fig|6666666.1036479.peg.3020,fig|6666666.1036479.peg.458,0.9178864419460296,0.0011408199643493761,Low,Low,Low–Low,,,0,no STRING match,no STRING match,1878,2168,1,1
1553,fig|6666666.1036479.peg.3166,fig|6666666.1036479.peg.1142,0.9178594470024108,0.001141555028759395,Very Low,Very Low,Very Low–Very Low,,,0,no STRING match,no STRING match,1935,2468,1,1
1554,fig|6666666.1036479.peg.2506,fig|6666666.1036479.peg.2238,0.9178512215614318,0.001142290093169414,Very Low,Very Low,Very Low–Very Low,,,0,no STRING match,no STRING match,1613,2942,6,1
1555,fig|6666666.1036479.peg.2516,fig|6666666.1036479.peg.2238,0.9178512215614318,0.001143025157579433,Very Low,Very Low,Very Low–Very Low,,,0,no STRING match,no STRING match,1613,2942,6,1
1556,fig|6666666.1036479.peg.2522,fig|6666666.1036479.peg.2238,0.9178512215614318,0.0011437602219894517,Very Low,Very Low,Very Low–Very Low,,,0,no STRING match,no STRING match,1613,2942,6,1
1557,fig|6666666.1036479.peg.974,fig|6666666.1036479.peg.2238,0.9178512215614318,0.0011444952863994707,Very Low,Very Low,Very Low–Very Low,,,0,no STRING match,no STRING match,1613,2942,6,1
1558,fig|6666666.1036479.peg.979,fig|6666666.1036479.peg.2238,0.9178512215614318,0.0011452303508094897,Very Low,Very Low,Very Low–Very Low,,,0,no STRING match,no STRING match,1613,2942,6,1
1559,fig|6666666.1036479.peg.2238,fig|6666666.1036479.peg.2491,0.9178512215614318,0.0011459654152195086,Very Low,Very Low,Very Low–Very Low,,,0,no STRING match,no STRING match,2942,1613,1,6
1560,fig|6666666.1036479.peg.727,fig|6666666.1036479.peg.2071,0.9178461790084839,0.0011467004796295276,Very Low,Medium,Very Low–Medium,,,0,no STRING match,no STRING match,2285,2862,1,1
1561,fig|6666666.1036479.peg.2646,fig|6666666.1036479.peg.866,0.9178306102752686,0.0011474355440395465,Low,High,Low–High,,,0,no STRING match,no STRING match,1694,2345,1,1
1562,fig|6666666.1036479.peg.1543,fig|6666666.1036479.peg.2071,0.9178241848945617,0.0011481706084495655,Medium,Medium,Medium–Medium,,,0,no STRING match,no STRING match,2644,2862,1,1
1563,fig|6666666.1036479.peg.2948,fig|6666666.1036479.peg.536,0.9178156018257141,0.0011489056728595842,High,Medium,Medium–High,,,0,no STRING match,no STRING match,1843,2193,1,1
1564,fig|6666666.1036479.peg.899,fig|6666666.1036479.peg.1145,0.9178140461444855,0.0011496407372696032,Very Low,Very Low,Very Low–Very Low,,,0,no STRING match,no STRING match,2369,2471,1,1
1565,fig|6666666.1036479.peg.1420,fig|6666666.1036479.peg.1719,0.9177869379520416,0.0011503758016796221,Very Low,Medium,Very Low–Medium,,,0,no STRING match,no STRING match,2598,2727,1,1
1566,fig|6666666.1036479.peg.1138,fig|6666666.1036479.peg.1149,0.9177619934082031,0.001151110866089641,Very Low,Very Low,Very Low–Very Low,,,0,no STRING match,no STRING match,2464,2475,1,1
1567,fig|6666666.1036479.peg.3131,fig|6666666.1036479.peg.1409,0.9177455604076385,0.00115184593049966,Low,Medium,Low–Medium,,,0,no STRING match,no STRING match,1923,2588,1,1
1568,fig|6666666.1036479.peg.3077,fig|6666666.1036479.peg.1937,0.9177350044250489,0.001152580994909679,Medium,High,Medium–High,,,0,no STRING match,no STRING match,1900,2802,1,1
1569,fig|6666666.1036479.peg.2792,fig|6666666.1036479.peg.236,0.9176888465881348,0.001153316059319698,High,Very Low,Very Low–High,,,0,no STRING match,no STRING match,1754,2086,1,1
1570,fig|6666666.1036479.peg.3131,fig|6666666.1036479.peg.58,0.9176867187023163,0.001154051123729717,Low,Low,Low–Low,,,0,no STRING match,no STRING match,1923,2038,1,1
1571,fig|6666666.1036479.peg.2548,fig|6666666.1036479.peg.1671,0.9176331639289856,0.0011547861881397357,High,High,High–High,,,0,no STRING match,no STRING match,1641,2712,1,1
1572,fig|6666666.1036479.peg.3191,fig|6666666.1036479.peg.475,0.9176284909248352,0.0011555212525497546,Medium,Low,Low–Medium,,,0,no STRING match,no STRING match,1954,2175,1,1
1573,fig|6666666.1036479.peg.725,fig|6666666.1036479.peg.1719,0.9176226794719696,0.0011562563169597736,Very Low,Medium,Very Low–Medium,,,0,no STRING match,no STRING match,2283,2727,1,1
1574,fig|6666666.1036479.peg.2929,fig|6666666.1036479.peg.1719,0.9176097750663758,0.0011569913813697925,Very Low,Medium,Very Low–Medium,Hypothetical protein.,,0,secondary STRING hit (STRING protein assigned to a better match),no STRING match,1831,2727,1,1
1575,fig|6666666.1036479.peg.475,fig|6666666.1036479.peg.702,0.9175912737846375,0.0011577264457798115,Low,Medium,Low–Medium,,,0,no STRING match,no STRING match,2175,2266,1,1
1576,fig|6666666.1036479.peg.2506,fig|6666666.1036479.peg.3178,0.9175660789012909,0.0011584615101898304,Very Low,Very Low,Very Low–Very Low,,,0,no STRING match,no STRING match,1613,1941,6,1
1577,fig|6666666.1036479.peg.2516,fig|6666666.1036479.peg.3178,0.9175660789012909,0.0011591965745998494,Very Low,Very Low,Very Low–Very Low,,,0,no STRING match,no STRING match,1613,1941,6,1
1578,fig|6666666.1036479.peg.2522,fig|6666666.1036479.peg.3178,0.9175660789012909,0.0011599316390098681,Very Low,Very Low,Very Low–Very Low,,,0,no STRING match,no STRING match,1613,1941,6,1
1579,fig|6666666.1036479.peg.3178,fig|6666666.1036479.peg.974,0.9175660789012909,0.001160666703419887,Very Low,Very Low,Very Low–Very Low,,,0,no STRING match,no STRING match,1941,1613,1,6
1580,fig|6666666.1036479.peg.3178,fig|6666666.1036479.peg.979,0.9175660789012909,0.001161401767829906,Very Low,Very Low,Very Low–Very Low,,,0,no STRING match,no STRING match,1941,1613,1,6
1581,fig|6666666.1036479.peg.3178,fig|6666666.1036479.peg.2491,0.9175660789012909,0.001162136832239925,Very Low,Very Low,Very Low–Very Low,,,0,no STRING match,no STRING match,1941,1613,1,6
1582,fig|6666666.1036479.peg.1657,fig|6666666.1036479.peg.1693,0.9175492584705353,0.001162871896649944,Medium,Medium,Medium–Medium,,,0,no STRING match,no STRING match,2707,2718,1,1
1583,fig|6666666.1036479.peg.3131,fig|6666666.1036479.peg.411,0.9175314843654633,0.001163606961059963,Low,Low,Low–Low,,Hypothetical protein.,0,no STRING match,secondary STRING hit (STRING protein assigned to a better match),1923,2150,1,1
1584,fig|6666666.1036479.peg.1002,fig|6666666.1036479.peg.1719,0.9175279200077057,0.0011643420254699819,Medium,Medium,Medium–Medium,,,0,no STRING match,no STRING match,2399,2727,1,1
1585,fig|6666666.1036479.peg.573,fig|6666666.1036479.peg.2436,0.9175004601478577,0.0011650770898800008,Very Low,Medium,Very Low–Medium,Hypothetical protein.,,0,secondary STRING hit (STRING protein assigned to a better match),no STRING match,2210,3022,1,1
1586,fig|6666666.1036479.peg.2792,fig|6666666.1036479.peg.3020,0.9174953997135162,0.0011658121542900196,High,Low,Low–High,,,0,no STRING match,no STRING match,1754,1878,1,1
1587,fig|6666666.1036479.peg.2778,fig|6666666.1036479.peg.1141,0.9174940168857575,0.0011665472187000385,Very Low,Very Low,Very Low–Very Low,,,0,no STRING match,no STRING match,1747,2467,1,1
1588,fig|6666666.1036479.peg.2762,fig|6666666.1036479.peg.3076,0.9174805998802185,0.0011672822831100575,Medium,High,Medium–High,Hypothetical protein.,,0,secondary STRING hit (STRING protein assigned to a better match),no STRING match,1741,1899,1,1
1589,fig|6666666.1036479.peg.899,fig|6666666.1036479.peg.2307,0.9174589872360229,0.0011680173475200764,Very Low,Very Low,Very Low–Very Low,,,0,no STRING match,no STRING match,2369,2969,1,1
1590,fig|6666666.1036479.peg.2548,fig|6666666.1036479.peg.704,0.917453545331955,0.0011687524119300954,High,Low,Low–High,,,0,no STRING match,no STRING match,1641,2268,1,1
1591,fig|6666666.1036479.peg.2545,fig|6666666.1036479.peg.411,0.9174372851848602,0.0011694874763401144,Very Low,Low,Very Low–Low,,Hypothetical protein.,0,no STRING match,secondary STRING hit (STRING protein assigned to a better match),1638,2150,7,1
1592,fig|6666666.1036479.peg.2567,fig|6666666.1036479.peg.411,0.9174372851848602,0.0011702225407501333,Very Low,Low,Very Low–Low,,Hypothetical protein.,0,no STRING match,secondary STRING hit (STRING protein assigned to a better match),1638,2150,7,1
1593,fig|6666666.1036479.peg.411,fig|6666666.1036479.peg.1573,0.9174372851848602,0.001170957605160152,Low,Very Low,Very Low–Low,Hypothetical protein.,,0,secondary STRING hit (STRING protein assigned to a better match),no STRING match,2150,1638,1,7
1594,fig|6666666.1036479.peg.411,fig|6666666.1036479.peg.1586,0.9174372851848602,0.001171692669570171,Low,Very Low,Very Low–Low,Hypothetical protein.,,0,secondary STRING hit (STRING protein assigned to a better match),no STRING match,2150,1638,1,7
1595,fig|6666666.1036479.peg.411,fig|6666666.1036479.peg.1597,0.9174372851848602,0.00117242773398019,Low,Very Low,Very Low–Low,Hypothetical protein.,,0,secondary STRING hit (STRING protein assigned to a better match),no STRING match,2150,1638,1,7
1596,fig|6666666.1036479.peg.411,fig|6666666.1036479.peg.1619,0.9174372851848602,0.001173162798390209,Low,Very Low,Very Low–Low,Hypothetical protein.,,0,secondary STRING hit (STRING protein assigned to a better match),no STRING match,2150,1638,1,7
1597,fig|6666666.1036479.peg.411,fig|6666666.1036479.peg.1643,0.9174372851848602,0.0011738978628002279,Low,Very Low,Very Low–Low,Hypothetical protein.,,0,secondary STRING hit (STRING protein assigned to a better match),no STRING match,2150,1638,1,7
1598,fig|6666666.1036479.peg.3188,fig|6666666.1036479.peg.1693,0.9174326479434967,0.0011746329272102468,Medium,Medium,Medium–Medium,,,0,no STRING match,no STRING match,1951,2718,1,1
1599,fig|6666666.1036479.peg.1739,fig|6666666.1036479.peg.2348,0.9174185395240784,0.0011753679916202658,Very Low,High,Very Low–High,,,0,no STRING match,no STRING match,2731,2991,1,1
1600,fig|6666666.1036479.peg.649,fig|6666666.1036479.peg.1547,0.9174175500869751,0.0011761030560302848,Medium,High,Medium–High,,,0,no STRING match,no STRING match,2246,2647,1,1
1601,fig|6666666.1036479.peg.3089,fig|6666666.1036479.peg.36,0.9174083530902862,0.0011768381204403035,High,Medium,Medium–High,,,0,no STRING match,no STRING match,1907,2023,1,2
1602,fig|6666666.1036479.peg.3089,fig|6666666.1036479.peg.184,0.9174083530902862,0.0011775731848503224,High,Medium,Medium–High,,,0,no STRING match,no STRING match,1907,2023,1,2
1603,fig|6666666.1036479.peg.573,fig|6666666.1036479.peg.1195,0.9174053370952606,0.0011783082492603414,Very Low,Medium,Very Low–Medium,Hypothetical protein.,,0,secondary STRING hit (STRING protein assigned to a better match),no STRING match,2210,2492,1,1
1604,fig|6666666.1036479.peg.2848,fig|6666666.1036479.peg.861,0.9174020886421204,0.0011790433136703604,Very Low,High,Very Low–High,,,0,no STRING match,no STRING match,1786,2341,1,1
1605,fig|6666666.1036479.peg.2792,fig|6666666.1036479.peg.2348,0.9173855066299439,0.0011797783780803793,High,High,High–High,,,0,no STRING match,no STRING match,1754,2991,1,1
1606,fig|6666666.1036479.peg.3222,fig|6666666.1036479.peg.1739,0.9173824548721313,0.0011805134424903983,Medium,Very Low,Very Low–Medium,,,0,no STRING match,no STRING match,1972,2731,2,1
1607,fig|6666666.1036479.peg.138,fig|6666666.1036479.peg.1739,0.9173824548721313,0.0011812485069004172,Medium,Very Low,Very Low–Medium,,,0,no STRING match,no STRING match,1972,2731,2,1
1608,fig|6666666.1036479.peg.704,fig|6666666.1036479.peg.2071,0.9173750758171082,0.001181983571310436,Low,Medium,Low–Medium,,,0,no STRING match,no STRING match,2268,2862,1,1
1609,fig|6666666.1036479.peg.1331,fig|6666666.1036479.peg.1739,0.9173535943031311,0.001182718635720455,Low,Very Low,Very Low–Low,,,0,no STRING match,no STRING match,2548,2731,1,1
1610,fig|6666666.1036479.peg.2715,fig|6666666.1036479.peg.856,0.9173404097557067,0.0011834537001304739,Very Low,Low,Very Low–Low,,,0,no STRING match,no STRING match,1721,2340,1,1
1611,fig|6666666.1036479.peg.2536,fig|6666666.1036479.peg.411,0.9173301815986633,0.0011841887645404928,Very Low,Low,Very Low–Low,,Hypothetical protein.,0,no STRING match,secondary STRING hit (STRING protein assigned to a better match),1629,2150,1,1
1612,fig|6666666.1036479.peg.2912,fig|6666666.1036479.peg.856,0.917311155796051,0.0011849238289505118,High,Low,Low–High,,,0,no STRING match,no STRING match,1821,2340,1,1
1613,fig|6666666.1036479.peg.856,fig|6666666.1036479.peg.2179,0.9172944724559784,0.0011856588933605308,Low,Very Low,Very Low–Low,,,0,no STRING match,no STRING match,2340,2928,1,1
1614,fig|6666666.1036479.peg.2843,fig|6666666.1036479.peg.649,0.917272275686264,0.0011863939577705497,Very Low,Medium,Very Low–Medium,,,0,no STRING match,no STRING match,1785,2246,1,1
1615,fig|6666666.1036479.peg.2506,fig|6666666.1036479.peg.2604,0.9172685146331787,0.0011871290221805687,Very Low,Low,Very Low–Low,,,0,no STRING match,no STRING match,1613,1669,6,1
1616,fig|6666666.1036479.peg.2516,fig|6666666.1036479.peg.2604,0.9172685146331787,0.0011878640865905874,Very Low,Low,Very Low–Low,,,0,no STRING match,no STRING match,1613,1669,6,1
1617,fig|6666666.1036479.peg.2522,fig|6666666.1036479.peg.2604,0.9172685146331787,0.0011885991510006064,Very Low,Low,Very Low–Low,,,0,no STRING match,no STRING match,1613,1669,6,1
1618,fig|6666666.1036479.peg.2604,fig|6666666.1036479.peg.974,0.9172685146331787,0.0011893342154106253,Low,Very Low,Very Low–Low,,,0,no STRING match,no STRING match,1669,1613,1,6
1619,fig|6666666.1036479.peg.2604,fig|6666666.1036479.peg.979,0.9172685146331787,0.0011900692798206443,Low,Very Low,Very Low–Low,,,0,no STRING match,no STRING match,1669,1613,1,6
1620,fig|6666666.1036479.peg.2604,fig|6666666.1036479.peg.2491,0.9172685146331787,0.0011908043442306632,Low,Very Low,Very Low–Low,,,0,no STRING match,no STRING match,1669,1613,1,6
1621,fig|6666666.1036479.peg.2948,fig|6666666.1036479.peg.934,0.9172544121742249,0.0011915394086406822,High,Low,Low–High,,,0,no STRING match,no STRING match,1843,2385,1,1
1622,fig|6666666.1036479.peg.2681,fig|6666666.1036479.peg.793,0.917237502336502,0.0011922744730507012,Low,Medium,Low–Medium,,,0,no STRING match,no STRING match,1706,2320,1,1
1623,fig|6666666.1036479.peg.1149,fig|6666666.1036479.peg.1160,0.9172276735305787,0.00119300953746072,Very Low,Very Low,Very Low–Very Low,,,0,no STRING match,no STRING match,2475,2481,1,1
1624,fig|6666666.1036479.peg.728,fig|6666666.1036479.peg.2092,0.9172218203544616,0.0011937446018707388,Medium,Medium,Medium–Medium,,,0,no STRING match,no STRING match,2286,2871,1,1
1625,fig|6666666.1036479.peg.1649,fig|6666666.1036479.peg.1719,0.9171982049942017,0.0011944796662807578,Very Low,Medium,Very Low–Medium,YD repeat-containing protein; COG3209 Rhs family protein.,,0,secondary STRING hit (STRING protein assigned to a better match),no STRING match,2703,2727,1,1
1626,fig|6666666.1036479.peg.3113,fig|6666666.1036479.peg.861,0.9171592473983765,0.0011952147306907768,Very Low,High,Very Low–High,,,0,no STRING match,no STRING match,1915,2341,1,1
1627,fig|6666666.1036479.peg.3168,fig|6666666.1036479.peg.1538,0.9171411037445069,0.0011959497951007957,Very Low,Very Low,Very Low–Very Low,,,0,no STRING match,no STRING match,1937,2642,1,1
1628,fig|6666666.1036479.peg.649,fig|6666666.1036479.peg.2093,0.917138421535492,0.0011966848595108147,Medium,Medium,Medium–Medium,,,0,no STRING match,no STRING match,2246,2872,1,1
1629,fig|6666666.1036479.peg.649,fig|6666666.1036479.peg.2436,0.9171367287635803,0.0011974199239208336,Medium,Medium,Medium–Medium,,,0,no STRING match,no STRING match,2246,3022,1,1
1630,fig|6666666.1036479.peg.856,fig|6666666.1036479.peg.918,0.9171315968036652,0.0011981549883308526,Low,Very Low,Very Low–Low,,,0,no STRING match,no STRING match,2340,2377,1,1
1631,fig|6666666.1036479.peg.2792,fig|6666666.1036479.peg.889,0.9170809864997864,0.0011988900527408713,High,Low,Low–High,,,0,no STRING match,no STRING match,1754,2364,1,1
1632,fig|6666666.1036479.peg.2988,fig|6666666.1036479.peg.236,0.9170779526233673,0.0011996251171508903,Medium,Very Low,Very Low–Medium,Hypothetical protein.,,0,secondary STRING hit (STRING protein assigned to a better match),no STRING match,1859,2086,1,1
1633,fig|6666666.1036479.peg.3131,fig|6666666.1036479.peg.723,0.9170744180679321,0.0012003601815609092,Low,High,Low–High,,,0,no STRING match,no STRING match,1923,2281,1,1
1634,fig|6666666.1036479.peg.2969,fig|6666666.1036479.peg.856,0.9170708119869232,0.0012010952459709282,Very Low,Low,Very Low–Low,,,0,no STRING match,no STRING match,1851,2340,1,1
1635,fig|6666666.1036479.peg.289,fig|6666666.1036479.peg.856,0.9170620262622833,0.0012018303103809472,High,Low,Low–High,Hypothetical protein.,,0,secondary STRING hit (STRING protein assigned to a better match),no STRING match,2111,2340,1,1
1636,fig|6666666.1036479.peg.2672,fig|6666666.1036479.peg.2848,0.9170617282390594,0.0012025653747909661,Medium,Very Low,Very Low–Medium,,,0,no STRING match,no STRING match,1704,1786,1,1
1637,fig|6666666.1036479.peg.2092,fig|6666666.1036479.peg.2114,0.9170402944087982,0.001203300439200985,Medium,Very Low,Very Low–Medium,,"COG1629 Outer membrane receptor proteins, mostly Fe transport.",0,no STRING match,secondary STRING hit (STRING protein assigned to a better match),2871,2884,1,1
1638,fig|6666666.1036479.peg.3198,fig|6666666.1036479.peg.1739,0.9170295476913453,0.0012040355036110038,Very Low,Very Low,Very Low–Very Low,,,0,no STRING match,no STRING match,1960,2731,1,1
1639,fig|6666666.1036479.peg.3020,fig|6666666.1036479.peg.649,0.9170232832431793,0.0012047705680210228,Low,Medium,Low–Medium,,,0,no STRING match,no STRING match,1878,2246,1,1
1640,fig|6666666.1036479.peg.1894,fig|6666666.1036479.peg.2071,0.9170196831226349,0.0012055056324310417,Medium,Medium,Medium–Medium,Hypothetical protein.,,0,secondary STRING hit (STRING protein assigned to a better match),no STRING match,2785,2862,1,1
1641,fig|6666666.1036479.peg.2809,fig|6666666.1036479.peg.1719,0.9170118391513824,0.0012062406968410607,Very Low,Medium,Very Low–Medium,,,0,no STRING match,no STRING match,1760,2727,1,1
1642,fig|6666666.1036479.peg.3131,fig|6666666.1036479.peg.2327,0.916993135213852,0.0012069757612510796,Low,Medium,Low–Medium,,,0,no STRING match,no STRING match,1923,2982,1,1
1643,fig|6666666.1036479.peg.2922,fig|6666666.1036479.peg.856,0.9169755220413208,0.0012077108256610986,Very Low,Low,Very Low–Low,,,0,no STRING match,no STRING match,1825,2340,1,1
1644,fig|6666666.1036479.peg.1074,fig|6666666.1036479.peg.1739,0.9169728338718415,0.0012084458900711176,High,Very Low,Very Low–High,,,0,no STRING match,no STRING match,2418,2731,1,1
1645,fig|6666666.1036479.peg.3020,fig|6666666.1036479.peg.2364,0.9169546604156494,0.0012091809544811365,Low,Medium,Low–Medium,,,0,no STRING match,no STRING match,1878,2994,1,1
1646,fig|6666666.1036479.peg.2843,fig|6666666.1036479.peg.2436,0.9169288635253906,0.0012099160188911552,Very Low,Medium,Very Low–Medium,,,0,no STRING match,no STRING match,1785,3022,1,1
1647,fig|6666666.1036479.peg.3254,fig|6666666.1036479.peg.856,0.9169277906417846,0.0012106510833011742,High,Low,Low–High,,,0,no STRING match,no STRING match,2004,2340,3,1
1648,fig|6666666.1036479.peg.22,fig|6666666.1036479.peg.856,0.9169277906417846,0.0012113861477111932,High,Low,Low–High,,,0,no STRING match,no STRING match,2004,2340,3,1
1649,fig|6666666.1036479.peg.170,fig|6666666.1036479.peg.856,0.9169277906417846,0.0012121212121212121,High,Low,Low–High,,,0,no STRING match,no STRING match,2004,2340,3,1
1650,fig|6666666.1036479.peg.1693,fig|6666666.1036479.peg.2348,0.9168682813644409,0.001212856276531231,Medium,High,Medium–High,,,0,no STRING match,no STRING match,2718,2991,1,1
1651,fig|6666666.1036479.peg.793,fig|6666666.1036479.peg.866,0.9168674290180207,0.00121359134094125,Medium,High,Medium–High,,,0,no STRING match,no STRING match,2320,2345,1,1
1652,fig|6666666.1036479.peg.2792,fig|6666666.1036479.peg.2848,0.9168640315532685,0.001214326405351269,High,Very Low,Very Low–High,,,0,no STRING match,no STRING match,1754,1786,1,1
1653,fig|6666666.1036479.peg.1064,fig|6666666.1036479.peg.1419,0.9168623626232147,0.0012150614697612877,Medium,High,Medium–High,,,0,no STRING match,no STRING match,2414,2597,1,1
1654,fig|6666666.1036479.peg.1150,fig|6666666.1036479.peg.1273,0.9168327689170838,0.0012157965341713067,Very Low,Very Low,Very Low–Very Low,,,0,no STRING match,no STRING match,2476,2524,1,1
1655,fig|6666666.1036479.peg.2548,fig|6666666.1036479.peg.889,0.9168015420436859,0.0012165315985813256,High,Low,Low–High,,,0,no STRING match,no STRING match,1641,2364,1,1
1656,fig|6666666.1036479.peg.942,fig|6666666.1036479.peg.2114,0.9167981028556824,0.0012172666629913446,Very Low,Very Low,Very Low–Very Low,,"COG1629 Outer membrane receptor proteins, mostly Fe transport.",0,no STRING match,secondary STRING hit (STRING protein assigned to a better match),2389,2884,1,1
1657,fig|6666666.1036479.peg.649,fig|6666666.1036479.peg.2156,0.9167891323566437,0.0012180017274013636,Medium,Very Low,Very Low–Medium,,,0,no STRING match,no STRING match,2246,2906,1,1
1658,fig|6666666.1036479.peg.2988,fig|6666666.1036479.peg.1947,0.9167297899723053,0.0012187367918113825,Medium,Medium,Medium–Medium,Hypothetical protein.,,0,secondary STRING hit (STRING protein assigned to a better match),no STRING match,1859,2809,1,1
1659,fig|6666666.1036479.peg.3020,fig|6666666.1036479.peg.923,0.9167243003845215,0.0012194718562214015,Low,High,Low–High,,,0,no STRING match,no STRING match,1878,2380,1,1
1660,fig|6666666.1036479.peg.2646,fig|6666666.1036479.peg.253,0.9167201697826386,0.0012202069206314204,Low,Low,Low–Low,,Hypothetical protein.,0,no STRING match,secondary STRING hit (STRING protein assigned to a better match),1694,2096,1,1
1661,fig|6666666.1036479.peg.3198,fig|6666666.1036479.peg.475,0.9167168974876404,0.0012209419850414392,Very Low,Low,Very Low–Low,,,0,no STRING match,no STRING match,1960,2175,1,1
1662,fig|6666666.1036479.peg.2681,fig|6666666.1036479.peg.1693,0.9167135894298554,0.0012216770494514581,Low,Medium,Low–Medium,,,0,no STRING match,no STRING match,1706,2718,1,1
1663,fig|6666666.1036479.peg.3187,fig|6666666.1036479.peg.573,0.916704523563385,0.001222412113861477,Very Low,Very Low,Very Low–Very Low,Hypothetical protein.,Hypothetical protein.,0,secondary STRING hit (STRING protein assigned to a better match),secondary STRING hit (STRING protein assigned to a better match),1950,2210,1,1
1664,fig|6666666.1036479.peg.2548,fig|6666666.1036479.peg.1416,0.9166969776153564,0.001223147178271496,High,Medium,Medium–High,,,0,no STRING match,no STRING match,1641,2595,1,1
1665,fig|6666666.1036479.peg.649,fig|6666666.1036479.peg.689,0.9166916728019714,0.001223882242681515,Medium,High,Medium–High,,,0,no STRING match,no STRING match,2246,2261,1,1
1666,fig|6666666.1036479.peg.856,fig|6666666.1036479.peg.1964,0.916681832075119,0.001224617307091534,Low,Very Low,Very Low–Low,,,0,no STRING match,no STRING match,2340,2824,1,1
1667,fig|6666666.1036479.peg.856,fig|6666666.1036479.peg.888,0.916674667596817,0.001225352371501553,Low,Very Low,Very Low–Low,,,0,no STRING match,no STRING match,2340,2363,1,1
1668,fig|6666666.1036479.peg.3089,fig|6666666.1036479.peg.689,0.9166602790355682,0.0012260874359115716,High,High,High–High,,,0,no STRING match,no STRING match,1907,2261,1,1
1669,fig|6666666.1036479.peg.856,fig|6666666.1036479.peg.2278,0.9166416645050048,0.0012268225003215906,Low,Low,Low–Low,,,0,no STRING match,no STRING match,2340,2957,1,1
1670,fig|6666666.1036479.peg.2681,fig|6666666.1036479.peg.1080,0.916636461019516,0.0012275575647316096,Low,High,Low–High,,,0,no STRING match,no STRING match,1706,2424,1,1
1671,fig|6666666.1036479.peg.573,fig|6666666.1036479.peg.1064,0.9165991961956024,0.0012282926291416285,Very Low,Medium,Very Low–Medium,Hypothetical protein.,,0,secondary STRING hit (STRING protein assigned to a better match),no STRING match,2210,2414,1,1
1672,fig|6666666.1036479.peg.3187,fig|6666666.1036479.peg.536,0.9165988683700561,0.0012290276935516475,Very Low,Medium,Very Low–Medium,Hypothetical protein.,,0,secondary STRING hit (STRING protein assigned to a better match),no STRING match,1950,2193,1,1
1673,fig|6666666.1036479.peg.867,fig|6666666.1036479.peg.1080,0.9165986597537994,0.0012297627579616664,Low,High,Low–High,,,0,no STRING match,no STRING match,2346,2424,1,1
1674,fig|6666666.1036479.peg.757,fig|6666666.1036479.peg.856,0.9165500462055206,0.0012304978223716854,Very Low,Low,Very Low–Low,,,0,no STRING match,no STRING match,2306,2340,1,1
1675,fig|6666666.1036479.peg.2672,fig|6666666.1036479.peg.1394,0.9165209293365478,0.0012312328867817043,Medium,Medium,Medium–Medium,,,0,no STRING match,no STRING match,1704,2583,1,1
1676,fig|6666666.1036479.peg.861,fig|6666666.1036479.peg.1331,0.9165182709693909,0.001231967951191723,High,Low,Low–High,,,0,no STRING match,no STRING match,2341,2548,1,1
1677,fig|6666666.1036479.peg.861,fig|6666666.1036479.peg.2042,0.9165070176124572,0.001232703015601742,High,High,High–High,,,0,no STRING match,no STRING match,2341,2850,1,1
1678,fig|6666666.1036479.peg.2848,fig|6666666.1036479.peg.2988,0.9164951622486115,0.001233438080011761,Very Low,Medium,Very Low–Medium,,Hypothetical protein.,0,no STRING match,secondary STRING hit (STRING protein assigned to a better match),1786,1859,1,1
1679,fig|6666666.1036479.peg.1080,fig|6666666.1036479.peg.2071,0.9164882302284241,0.00123417314442178,High,Medium,Medium–High,,,0,no STRING match,no STRING match,2424,2862,1,1
1680,fig|6666666.1036479.peg.2766,fig|6666666.1036479.peg.856,0.9164702475070954,0.001234908208831799,Low,Low,Low–Low,,,0,no STRING match,no STRING match,1742,2340,1,1
1681,fig|6666666.1036479.peg.2988,fig|6666666.1036479.peg.1946,0.9164343655109406,0.0012356432732418179,Medium,Medium,Medium–Medium,Hypothetical protein.,,0,secondary STRING hit (STRING protein assigned to a better match),no STRING match,1859,2808,1,1
1682,fig|6666666.1036479.peg.2948,fig|6666666.1036479.peg.1673,0.9164263725280761,0.0012363783376518368,High,Very Low,Very Low–High,,,0,no STRING match,no STRING match,1843,2713,1,1
1683,fig|6666666.1036479.peg.861,fig|6666666.1036479.peg.2156,0.9163972556591033,0.0012371134020618556,High,Very Low,Very Low–High,,,0,no STRING match,no STRING match,2341,2906,1,1
1684,fig|6666666.1036479.peg.3076,fig|6666666.1036479.peg.3113,0.9163600206375122,0.0012378484664718745,High,Very Low,Very Low–High,,,0,no STRING match,no STRING match,1899,1915,1,1
1685,fig|6666666.1036479.peg.726,fig|6666666.1036479.peg.1739,0.9163592517375946,0.0012385835308818935,Very Low,Very Low,Very Low–Very Low,,,0,no STRING match,no STRING match,2284,2731,1,1
1686,fig|6666666.1036479.peg.2548,fig|6666666.1036479.peg.684,0.9163534343242645,0.0012393185952919124,High,High,High–High,,,0,no STRING match,no STRING match,1641,2258,1,1
1687,fig|6666666.1036479.peg.2548,fig|6666666.1036479.peg.207,0.9163372695446015,0.0012400536597019314,High,Low,Low–High,,,0,no STRING match,no STRING match,1641,2075,1,1
1688,fig|6666666.1036479.peg.2843,fig|6666666.1036479.peg.3187,0.9163332343101501,0.0012407887241119504,Very Low,Very Low,Very Low–Very Low,,Hypothetical protein.,0,no STRING match,secondary STRING hit (STRING protein assigned to a better match),1785,1950,1,1
1689,fig|6666666.1036479.peg.3076,fig|6666666.1036479.peg.2114,0.9163261950016022,0.0012415237885219693,High,Very Low,Very Low–High,,"COG1629 Outer membrane receptor proteins, mostly Fe transport.",0,no STRING match,secondary STRING hit (STRING protein assigned to a better match),1899,2884,1,1
1690,fig|6666666.1036479.peg.3089,fig|6666666.1036479.peg.1064,0.9163226783275604,0.0012422588529319883,High,Medium,Medium–High,,,0,no STRING match,no STRING match,1907,2414,1,1
1691,fig|6666666.1036479.peg.899,fig|6666666.1036479.peg.1140,0.9163210809230804,0.001242993917342007,Very Low,Very Low,Very Low–Very Low,,,0,no STRING match,no STRING match,2369,2466,1,1
1692,fig|6666666.1036479.peg.934,fig|6666666.1036479.peg.2436,0.9163173019886017,0.001243728981752026,Low,Medium,Low–Medium,,,0,no STRING match,no STRING match,2385,3022,1,1
1693,fig|6666666.1036479.peg.1160,fig|6666666.1036479.peg.2307,0.9163047432899475,0.001244464046162045,Very Low,Very Low,Very Low–Very Low,,,0,no STRING match,no STRING match,2481,2969,1,1
1694,fig|6666666.1036479.peg.1739,fig|6666666.1036479.peg.2091,0.9163016617298126,0.0012451991105720639,Very Low,Medium,Very Low–Medium,,,0,no STRING match,no STRING match,2731,2870,1,1
1695,fig|6666666.1036479.peg.2792,fig|6666666.1036479.peg.2156,0.9162939071655274,0.0012459341749820828,High,Very Low,Very Low–High,,,0,no STRING match,no STRING match,1754,2906,1,1
1696,fig|6666666.1036479.peg.649,fig|6666666.1036479.peg.887,0.9162772953510284,0.0012466692393921018,Medium,Medium,Medium–Medium,,,0,no STRING match,no STRING match,2246,2362,1,1
1697,fig|6666666.1036479.peg.2741,fig|6666666.1036479.peg.3131,0.9162662088871002,0.0012474043038021207,High,Low,Low–High,,,0,no STRING match,no STRING match,1728,1923,1,1
1698,fig|6666666.1036479.peg.3113,fig|6666666.1036479.peg.458,0.9162531495094299,0.0012481393682121395,Very Low,Low,Very Low–Low,,,0,no STRING match,no STRING match,1915,2168,1,1
1699,fig|6666666.1036479.peg.458,fig|6666666.1036479.peg.689,0.9162016987800599,0.0012488744326221584,Low,High,Low–High,,,0,no STRING match,no STRING match,2168,2261,1,1
1700,fig|6666666.1036479.peg.2548,fig|6666666.1036479.peg.2679,0.916200453042984,0.0012496094970321774,High,Medium,Medium–High,,,0,no STRING match,no STRING match,1641,1705,1,1
1701,fig|6666666.1036479.peg.793,fig|6666666.1036479.peg.1657,0.9161978304386139,0.0012503445614421964,Medium,Medium,Medium–Medium,,,0,no STRING match,no STRING match,2320,2707,1,1
1702,fig|6666666.1036479.peg.2646,fig|6666666.1036479.peg.2792,0.9161526501178742,0.0012510796258522153,Low,High,Low–High,,,0,no STRING match,no STRING match,1694,1754,1,1
1703,fig|6666666.1036479.peg.2792,fig|6666666.1036479.peg.1947,0.9161373257637024,0.0012518146902622343,High,Medium,Medium–High,,,0,no STRING match,no STRING match,1754,2809,1,1
1704,fig|6666666.1036479.peg.885,fig|6666666.1036479.peg.1719,0.9160841226577758,0.0012525497546722532,Medium,Medium,Medium–Medium,,,0,no STRING match,no STRING match,2360,2727,1,1
1705,fig|6666666.1036479.peg.2792,fig|6666666.1036479.peg.3198,0.9160641431808472,0.0012532848190822722,High,Very Low,Very Low–High,,,0,no STRING match,no STRING match,1754,1960,1,1
1706,fig|6666666.1036479.peg.2548,fig|6666666.1036479.peg.652,0.9160637974739074,0.001254019883492291,High,Very Low,Very Low–High,,,0,no STRING match,no STRING match,1641,2249,1,1
1707,fig|6666666.1036479.peg.689,fig|6666666.1036479.peg.2114,0.9160522758960724,0.0012547549479023099,High,Very Low,Very Low–High,,"COG1629 Outer membrane receptor proteins, mostly Fe transport.",0,no STRING match,secondary STRING hit (STRING protein assigned to a better match),2261,2884,1,1
1708,fig|6666666.1036479.peg.2672,fig|6666666.1036479.peg.2156,0.9160442650318146,0.0012554900123123288,Medium,Very Low,Very Low–Medium,,,0,no STRING match,no STRING match,1704,2906,1,1
1709,fig|6666666.1036479.peg.236,fig|6666666.1036479.peg.1739,0.9160406947135925,0.0012562250767223478,Very Low,Very Low,Very Low–Very Low,,,0,no STRING match,no STRING match,2086,2731,1,1
1710,fig|6666666.1036479.peg.728,fig|6666666.1036479.peg.2114,0.9160361647605896,0.0012569601411323668,Medium,Very Low,Very Low–Medium,,"COG1629 Outer membrane receptor proteins, mostly Fe transport.",0,no STRING match,secondary STRING hit (STRING protein assigned to a better match),2286,2884,1,1
1711,fig|6666666.1036479.peg.861,fig|6666666.1036479.peg.2348,0.9160248398780823,0.0012576952055423857,High,High,High–High,,,0,no STRING match,no STRING match,2341,2991,1,1
1712,fig|6666666.1036479.peg.1657,fig|6666666.1036479.peg.1671,0.915990674495697,0.0012584302699524047,Medium,High,Medium–High,,,0,no STRING match,no STRING match,2707,2712,1,1
1713,fig|6666666.1036479.peg.2646,fig|6666666.1036479.peg.2071,0.915990024805069,0.0012591653343624234,Low,Medium,Low–Medium,,,0,no STRING match,no STRING match,1694,2862,1,1
1714,fig|6666666.1036479.peg.723,fig|6666666.1036479.peg.1739,0.9159872829914093,0.0012599003987724424,High,Very Low,Very Low–High,,,0,no STRING match,no STRING match,2281,2731,1,1
1715,fig|6666666.1036479.peg.458,fig|6666666.1036479.peg.2436,0.9159814953804016,0.0012606354631824613,Low,Medium,Low–Medium,,,0,no STRING match,no STRING match,2168,3022,1,1
1716,fig|6666666.1036479.peg.793,fig|6666666.1036479.peg.1331,0.9159692466259003,0.0012613705275924803,Medium,Low,Low–Medium,,,0,no STRING match,no STRING match,2320,2548,1,1
1717,fig|6666666.1036479.peg.253,fig|6666666.1036479.peg.881,0.9159668743610382,0.0012621055920024992,Low,High,Low–High,Hypothetical protein.,,0,secondary STRING hit (STRING protein assigned to a better match),no STRING match,2096,2356,1,1
1718,fig|6666666.1036479.peg.1074,fig|6666666.1036479.peg.1719,0.9159447252750397,0.0012628406564125182,High,Medium,Medium–High,,,0,no STRING match,no STRING match,2418,2727,1,1
1719,fig|6666666.1036479.peg.866,fig|6666666.1036479.peg.1547,0.915919828414917,0.0012635757208225371,High,High,High–High,,,0,no STRING match,no STRING match,2345,2647,1,1
1720,fig|6666666.1036479.peg.2548,fig|6666666.1036479.peg.2648,0.9159039676189422,0.001264310785232556,High,Very Low,Very Low–High,,,0,no STRING match,no STRING match,1641,1695,1,1
1721,fig|6666666.1036479.peg.411,fig|6666666.1036479.peg.1901,0.9158320426940918,0.0012650458496425748,Low,Very Low,Very Low–Low,Hypothetical protein.,,0,secondary STRING hit (STRING protein assigned to a better match),no STRING match,2150,2787,1,1
1722,fig|6666666.1036479.peg.2501,fig|6666666.1036479.peg.2523,0.9158230602741242,0.0012657809140525938,High,Low,Low–High,,,0,no STRING match,no STRING match,1608,1625,1,1
1723,fig|6666666.1036479.peg.207,fig|6666666.1036479.peg.856,0.9158218502998352,0.0012665159784626128,Low,Low,Low–Low,,,0,no STRING match,no STRING match,2075,2340,1,1
1724,fig|6666666.1036479.peg.2778,fig|6666666.1036479.peg.2307,0.9158178985118866,0.0012672510428726317,Very Low,Very Low,Very Low–Very Low,,,0,no STRING match,no STRING match,1747,2969,1,1
1725,fig|6666666.1036479.peg.719,fig|6666666.1036479.peg.793,0.9158168852329254,0.0012679861072826507,Medium,Medium,Medium–Medium,,,0,no STRING match,no STRING match,2277,2320,1,1
1726,fig|6666666.1036479.peg.704,fig|6666666.1036479.peg.1739,0.9157933413982391,0.0012687211716926696,Low,Very Low,Very Low–Low,,,0,no STRING match,no STRING match,2268,2731,1,1
1727,fig|6666666.1036479.peg.729,fig|6666666.1036479.peg.856,0.9157921373844147,0.0012694562361026886,Medium,Low,Low–Medium,,,0,no STRING match,no STRING match,2287,2340,1,1
1728,fig|6666666.1036479.peg.2548,fig|6666666.1036479.peg.728,0.9157855868339538,0.0012701913005127073,High,Medium,Medium–High,,,0,no STRING match,no STRING match,1641,2286,1,1
1729,fig|6666666.1036479.peg.3089,fig|6666666.1036479.peg.1195,0.9157781183719635,0.0012709263649227263,High,Medium,Medium–High,,,0,no STRING match,no STRING match,1907,2492,1,1
1730,fig|6666666.1036479.peg.1671,fig|6666666.1036479.peg.2348,0.9157766759395599,0.0012716614293327452,High,High,High–High,,,0,no STRING match,no STRING match,2712,2991,1,1
1731,fig|6666666.1036479.peg.3187,fig|6666666.1036479.peg.1739,0.9157643258571625,0.0012723964937427642,Very Low,Very Low,Very Low–Very Low,Hypothetical protein.,,0,secondary STRING hit (STRING protein assigned to a better match),no STRING match,1950,2731,1,1
1732,fig|6666666.1036479.peg.3020,fig|6666666.1036479.peg.573,0.9157541334629059,0.0012731315581527832,Low,Very Low,Very Low–Low,,Hypothetical protein.,0,no STRING match,secondary STRING hit (STRING protein assigned to a better match),1878,2210,1,1
1733,fig|6666666.1036479.peg.3207,fig|6666666.1036479.peg.942,0.9157160639762878,0.0012738666225628021,Medium,Very Low,Very Low–Medium,,,0,no STRING match,no STRING match,1965,2389,1,1
1734,fig|6666666.1036479.peg.2092,fig|6666666.1036479.peg.2364,0.915705931186676,0.001274601686972821,Medium,Medium,Medium–Medium,,,0,no STRING match,no STRING match,2871,2994,1,1
1735,fig|6666666.1036479.peg.2548,fig|6666666.1036479.peg.1693,0.9156888842582702,0.00127533675138284,High,Medium,Medium–High,,,0,no STRING match,no STRING match,1641,2718,1,1
1736,fig|6666666.1036479.peg.923,fig|6666666.1036479.peg.1394,0.9156585216522217,0.0012760718157928588,High,Medium,Medium–High,,,0,no STRING match,no STRING match,2380,2583,1,1
1737,fig|6666666.1036479.peg.2667,fig|6666666.1036479.peg.856,0.9156540095806122,0.0012768068802028777,Very Low,Low,Very Low–Low,,,0,no STRING match,no STRING match,1703,2340,1,1
1738,fig|6666666.1036479.peg.861,fig|6666666.1036479.peg.2093,0.9156529068946838,0.0012775419446128967,High,Medium,Medium–High,,,0,no STRING match,no STRING match,2341,2872,1,1
1739,fig|6666666.1036479.peg.923,fig|6666666.1036479.peg.2114,0.9156223475933075,0.0012782770090229156,High,Very Low,Very Low–High,,"COG1629 Outer membrane receptor proteins, mostly Fe transport.",0,no STRING match,secondary STRING hit (STRING protein assigned to a better match),2380,2884,1,1
1740,fig|6666666.1036479.peg.2948,fig|6666666.1036479.peg.923,0.9156140804290771,0.0012790120734329346,High,High,High–High,,,0,no STRING match,no STRING match,1843,2380,1,1
1741,fig|6666666.1036479.peg.2761,fig|6666666.1036479.peg.1719,0.9156004905700683,0.0012797471378429535,Low,Medium,Low–Medium,,,0,no STRING match,no STRING match,1740,2727,1,1
1742,fig|6666666.1036479.peg.1693,fig|6666666.1036479.peg.1913,0.9155942738056183,0.0012804822022529725,Medium,Very Low,Very Low–Medium,,,0,no STRING match,no STRING match,2718,2793,1,1
1743,fig|6666666.1036479.peg.3020,fig|6666666.1036479.peg.1419,0.9155927002429962,0.0012812172666629912,Low,High,Low–High,,,0,no STRING match,no STRING match,1878,2597,1,1
1744,fig|6666666.1036479.peg.3089,fig|6666666.1036479.peg.1308,0.9155926406383514,0.0012819523310730102,High,Medium,Medium–High,,,0,no STRING match,no STRING match,1907,2532,1,1
1745,fig|6666666.1036479.peg.726,fig|6666666.1036479.peg.1719,0.9155845999717712,0.0012826873954830292,Very Low,Medium,Very Low–Medium,,,0,no STRING match,no STRING match,2284,2727,1,1
1746,fig|6666666.1036479.peg.411,fig|6666666.1036479.peg.1673,0.9155631542205811,0.0012834224598930481,Low,Very Low,Very Low–Low,Hypothetical protein.,,0,secondary STRING hit (STRING protein assigned to a better match),no STRING match,2150,2713,1,1
1747,fig|6666666.1036479.peg.2506,fig|6666666.1036479.peg.411,0.9155468106269836,0.001284157524303067,Very Low,Low,Very Low–Low,,Hypothetical protein.,0,no STRING match,secondary STRING hit (STRING protein assigned to a better match),1613,2150,6,1
1748,fig|6666666.1036479.peg.2516,fig|6666666.1036479.peg.411,0.9155468106269836,0.001284892588713086,Very Low,Low,Very Low–Low,,Hypothetical protein.,0,no STRING match,secondary STRING hit (STRING protein assigned to a better match),1613,2150,6,1
1749,fig|6666666.1036479.peg.2522,fig|6666666.1036479.peg.411,0.9155468106269836,0.001285627653123105,Very Low,Low,Very Low–Low,,Hypothetical protein.,0,no STRING match,secondary STRING hit (STRING protein assigned to a better match),1613,2150,6,1
1750,fig|6666666.1036479.peg.411,fig|6666666.1036479.peg.974,0.9155468106269836,0.001286362717533124,Low,Very Low,Very Low–Low,Hypothetical protein.,,0,secondary STRING hit (STRING protein assigned to a better match),no STRING match,2150,1613,1,6
1751,fig|6666666.1036479.peg.411,fig|6666666.1036479.peg.979,0.9155468106269836,0.0012870977819431427,Low,Very Low,Very Low–Low,Hypothetical protein.,,0,secondary STRING hit (STRING protein assigned to a better match),no STRING match,2150,1613,1,6
1752,fig|6666666.1036479.peg.411,fig|6666666.1036479.peg.2491,0.9155468106269836,0.0012878328463531616,Low,Very Low,Very Low–Low,Hypothetical protein.,,0,secondary STRING hit (STRING protein assigned to a better match),no STRING match,2150,1613,1,6
1753,fig|6666666.1036479.peg.887,fig|6666666.1036479.peg.1739,0.9155182600021362,0.0012885679107631806,Medium,Very Low,Very Low–Medium,,,0,no STRING match,no STRING match,2362,2731,1,1
1754,fig|6666666.1036479.peg.573,fig|6666666.1036479.peg.1308,0.9154107213020325,0.0012893029751731996,Very Low,Medium,Very Low–Medium,Hypothetical protein.,,0,secondary STRING hit (STRING protein assigned to a better match),no STRING match,2210,2532,1,1
1755,fig|6666666.1036479.peg.1671,fig|6666666.1036479.peg.1913,0.9153808295726776,0.0012900380395832185,High,Very Low,Very Low–High,,,0,no STRING match,no STRING match,2712,2793,1,1
1756,fig|6666666.1036479.peg.573,fig|6666666.1036479.peg.1673,0.9153718292713166,0.0012907731039932375,Very Low,Very Low,Very Low–Very Low,Hypothetical protein.,,0,secondary STRING hit (STRING protein assigned to a better match),no STRING match,2210,2713,1,1
1757,fig|6666666.1036479.peg.2548,fig|6666666.1036479.peg.2049,0.9153450727462769,0.0012915081684032564,High,Very Low,Very Low–High,,,0,no STRING match,no STRING match,1641,2851,1,1
1758,fig|6666666.1036479.peg.923,fig|6666666.1036479.peg.1739,0.9153439819812774,0.0012922432328132752,High,Very Low,Very Low–High,,,0,no STRING match,no STRING match,2380,2731,1,1
1759,fig|6666666.1036479.peg.2843,fig|6666666.1036479.peg.1739,0.9153320074081421,0.0012929782972232941,Very Low,Very Low,Very Low–Very Low,,,0,no STRING match,no STRING match,1785,2731,1,1
1760,fig|6666666.1036479.peg.2636,fig|6666666.1036479.peg.856,0.9153276979923248,0.001293713361633313,Very Low,Low,Very Low–Low,,,0,no STRING match,no STRING match,1686,2340,1,1
1761,fig|6666666.1036479.peg.3113,fig|6666666.1036479.peg.573,0.915319299697876,0.001294448426043332,Very Low,Very Low,Very Low–Very Low,,Hypothetical protein.,0,no STRING match,secondary STRING hit (STRING protein assigned to a better match),1915,2210,1,1
1762,fig|6666666.1036479.peg.475,fig|6666666.1036479.peg.1657,0.9153071701526642,0.001295183490453351,Low,Medium,Low–Medium,,,0,no STRING match,no STRING match,2175,2707,1,1
1763,fig|6666666.1036479.peg.3188,fig|6666666.1036479.peg.1671,0.9153059005737305,0.00129591855486337,Medium,High,Medium–High,,,0,no STRING match,no STRING match,1951,2712,1,1
1764,fig|6666666.1036479.peg.536,fig|6666666.1036479.peg.1394,0.9152650356292724,0.001296653619273389,Medium,Medium,Medium–Medium,,,0,no STRING match,no STRING match,2193,2583,1,1
1765,fig|6666666.1036479.peg.2929,fig|6666666.1036479.peg.2071,0.9152646541595459,0.0012973886836834079,Very Low,Medium,Very Low–Medium,Hypothetical protein.,,0,secondary STRING hit (STRING protein assigned to a better match),no STRING match,1831,2862,1,1
1766,fig|6666666.1036479.peg.2792,fig|6666666.1036479.peg.2093,0.9152219533920288,0.0012981237480934266,High,Medium,Medium–High,,,0,no STRING match,no STRING match,1754,2872,1,1
1767,fig|6666666.1036479.peg.364,fig|6666666.1036479.peg.1739,0.9152179300785065,0.0012988588125034456,Low,Very Low,Very Low–Low,,,0,no STRING match,no STRING match,2137,2731,1,1
1768,fig|6666666.1036479.peg.856,fig|6666666.1036479.peg.1572,0.9152080774307251,0.0012995938769134645,Low,Very Low,Very Low–Low,,YD repeat-containing protein; COG3209 Rhs family protein.,0,no STRING match,secondary STRING hit (STRING protein assigned to a better match),2340,2665,1,1
1769,fig|6666666.1036479.peg.2548,fig|6666666.1036479.peg.2814,0.9151975393295289,0.0013003289413234835,High,Very Low,Very Low–High,,,0,no STRING match,no STRING match,1641,1765,1,1
1770,fig|6666666.1036479.peg.2681,fig|6666666.1036479.peg.1419,0.915195369720459,0.0013010640057335024,Low,High,Low–High,,,0,no STRING match,no STRING match,1706,2597,1,1
1771,fig|6666666.1036479.peg.3131,fig|6666666.1036479.peg.1127,0.9151537477970123,0.0013017990701435214,Low,Low,Low–Low,,Hypothetical protein.,0,no STRING match,secondary STRING hit (STRING protein assigned to a better match),1923,2458,1,1
1772,fig|6666666.1036479.peg.2948,fig|6666666.1036479.peg.3076,0.9151455581188201,0.0013025341345535403,High,High,High–High,,,0,no STRING match,no STRING match,1843,1899,1,1
1773,fig|6666666.1036479.peg.856,fig|6666666.1036479.peg.1781,0.915129554271698,0.001303269198963559,Low,Very Low,Very Low–Low,,,0,no STRING match,no STRING match,2340,2746,1,1
1774,fig|6666666.1036479.peg.3020,fig|6666666.1036479.peg.2092,0.9151284873485566,0.001304004263373578,Low,Medium,Low–Medium,,,0,no STRING match,no STRING match,1878,2871,1,1
1775,fig|6666666.1036479.peg.3008,fig|6666666.1036479.peg.1719,0.9151226878166199,0.001304739327783597,Medium,Medium,Medium–Medium,,,0,no STRING match,no STRING match,1868,2727,1,1
1776,fig|6666666.1036479.peg.725,fig|6666666.1036479.peg.2071,0.9151141405105591,0.001305474392193616,Very Low,Medium,Very Low–Medium,,,0,no STRING match,no STRING match,2283,2862,1,1
1777,fig|6666666.1036479.peg.411,fig|6666666.1036479.peg.726,0.9151032388210296,0.001306209456603635,Low,Very Low,Very Low–Low,Hypothetical protein.,,0,secondary STRING hit (STRING protein assigned to a better match),no STRING match,2150,2284,1,1
1778,fig|6666666.1036479.peg.1146,fig|6666666.1036479.peg.1538,0.9150742650032043,0.0013069445210136539,Very Low,Very Low,Very Low–Very Low,,,0,no STRING match,no STRING match,2472,2642,1,1
1779,fig|6666666.1036479.peg.3166,fig|6666666.1036479.peg.1149,0.915042269229889,0.0013076795854236728,Very Low,Very Low,Very Low–Very Low,,,0,no STRING match,no STRING match,1935,2475,1,1
1780,fig|6666666.1036479.peg.2762,fig|6666666.1036479.peg.728,0.9150407075881958,0.0013084146498336918,Medium,Medium,Medium–Medium,Hypothetical protein.,,0,secondary STRING hit (STRING protein assigned to a better match),no STRING match,1741,2286,1,1
1781,fig|6666666.1036479.peg.2506,fig|6666666.1036479.peg.2517,0.9150207579135895,0.0013091497142437105,Very Low,Medium,Very Low–Medium,,,0,no STRING match,no STRING match,1613,1622,6,1
1782,fig|6666666.1036479.peg.2516,fig|6666666.1036479.peg.2517,0.9150207579135895,0.0013098847786537295,Very Low,Medium,Very Low–Medium,,,0,no STRING match,no STRING match,1613,1622,6,1
1783,fig|6666666.1036479.peg.2517,fig|6666666.1036479.peg.2522,0.9150207579135895,0.0013106198430637484,Medium,Very Low,Very Low–Medium,,,0,no STRING match,no STRING match,1622,1613,1,6
1784,fig|6666666.1036479.peg.2517,fig|6666666.1036479.peg.974,0.9150207579135895,0.0013113549074737674,Medium,Very Low,Very Low–Medium,,,0,no STRING match,no STRING match,1622,1613,1,6
1785,fig|6666666.1036479.peg.2517,fig|6666666.1036479.peg.979,0.9150207579135895,0.0013120899718837863,Medium,Very Low,Very Low–Medium,,,0,no STRING match,no STRING match,1622,1613,1,6
1786,fig|6666666.1036479.peg.2517,fig|6666666.1036479.peg.2491,0.9150207579135895,0.0013128250362938053,Medium,Very Low,Very Low–Medium,,,0,no STRING match,no STRING match,1622,1613,1,6
1787,fig|6666666.1036479.peg.475,fig|6666666.1036479.peg.889,0.915019428730011,0.0013135601007038243,Low,Low,Low–Low,,,0,no STRING match,no STRING match,2175,2364,1,1
1788,fig|6666666.1036479.peg.3187,fig|6666666.1036479.peg.458,0.9150121092796326,0.001314295165113843,Very Low,Low,Very Low–Low,Hypothetical protein.,,0,secondary STRING hit (STRING protein assigned to a better match),no STRING match,1950,2168,1,1
1789,fig|6666666.1036479.peg.1268,fig|6666666.1036479.peg.2071,0.9150094628334046,0.001315030229523862,Medium,Medium,Medium–Medium,,,0,no STRING match,no STRING match,2521,2862,1,1
1790,fig|6666666.1036479.peg.885,fig|6666666.1036479.peg.2071,0.9149767518043518,0.001315765293933881,Medium,Medium,Medium–Medium,,,0,no STRING match,no STRING match,2360,2862,1,1
1791,fig|6666666.1036479.peg.1002,fig|6666666.1036479.peg.2071,0.9149615943431855,0.0013165003583438999,Medium,Medium,Medium–Medium,,,0,no STRING match,no STRING match,2399,2862,1,1
1792,fig|6666666.1036479.peg.2548,fig|6666666.1036479.peg.1673,0.914959990978241,0.0013172354227539188,High,Very Low,Very Low–High,,,0,no STRING match,no STRING match,1641,2713,1,1
1793,fig|6666666.1036479.peg.2792,fig|6666666.1036479.peg.702,0.9149500131607056,0.0013179704871639378,High,Medium,Medium–High,,,0,no STRING match,no STRING match,1754,2266,1,1
1794,fig|6666666.1036479.peg.793,fig|6666666.1036479.peg.1554,0.9149500012397767,0.0013187055515739567,Medium,Medium,Medium–Medium,,,0,no STRING match,no STRING match,2320,2649,1,1
1795,fig|6666666.1036479.peg.2988,fig|6666666.1036479.peg.689,0.9149248600006104,0.0013194406159839757,Medium,High,Medium–High,Hypothetical protein.,,0,secondary STRING hit (STRING protein assigned to a better match),no STRING match,1859,2261,1,1
1796,fig|6666666.1036479.peg.1604,fig|6666666.1036479.peg.1719,0.9149108111858368,0.0013201756803939944,Very Low,Medium,Very Low–Medium,YD repeat-containing protein; COG3209 Rhs family protein.,,0,secondary STRING hit (STRING protein assigned to a better match),no STRING match,2685,2727,2,1
1797,fig|6666666.1036479.peg.1611,fig|6666666.1036479.peg.1719,0.9149108111858368,0.0013209107448040134,Very Low,Medium,Very Low–Medium,YD repeat-containing protein; COG3209 Rhs family protein.,,0,secondary STRING hit (STRING protein assigned to a better match),no STRING match,2685,2727,2,1
1798,fig|6666666.1036479.peg.1195,fig|6666666.1036479.peg.2114,0.9149057507514954,0.0013216458092140324,Medium,Very Low,Very Low–Medium,,"COG1629 Outer membrane receptor proteins, mostly Fe transport.",0,no STRING match,secondary STRING hit (STRING protein assigned to a better match),2492,2884,1,1
1799,fig|6666666.1036479.peg.1141,fig|6666666.1036479.peg.1152,0.914901751279831,0.0013223808736240513,Very Low,Very Low,Very Low–Very Low,,,0,no STRING match,no STRING match,2467,2477,1,1
1800,fig|6666666.1036479.peg.1617,fig|6666666.1036479.peg.2071,0.9148854315280914,0.0013231159380340703,Low,Medium,Low–Medium,,,0,no STRING match,no STRING match,2688,2862,2,1
1801,fig|6666666.1036479.peg.1625,fig|6666666.1036479.peg.2071,0.9148854315280914,0.0013238510024440892,Low,Medium,Low–Medium,,,0,no STRING match,no STRING match,2688,2862,2,1
1802,fig|6666666.1036479.peg.395,fig|6666666.1036479.peg.856,0.9148755073547363,0.0013245860668541082,Very Low,Low,Very Low–Low,,,0,no STRING match,no STRING match,2144,2340,1,1
1803,fig|6666666.1036479.peg.573,fig|6666666.1036479.peg.689,0.9148695588111877,0.001325321131264127,Very Low,High,Very Low–High,Hypothetical protein.,,0,secondary STRING hit (STRING protein assigned to a better match),no STRING match,2210,2261,1,1
1804,fig|6666666.1036479.peg.3188,fig|6666666.1036479.peg.475,0.9148449420928955,0.0013260561956741459,Medium,Low,Low–Medium,,,0,no STRING match,no STRING match,1951,2175,1,1
1805,fig|6666666.1036479.peg.1617,fig|6666666.1036479.peg.1719,0.9148197114467621,0.0013267912600841648,Low,Medium,Low–Medium,,,0,no STRING match,no STRING match,2688,2727,2,1
1806,fig|6666666.1036479.peg.1625,fig|6666666.1036479.peg.1719,0.9148197114467621,0.0013275263244941838,Low,Medium,Low–Medium,,,0,no STRING match,no STRING match,2688,2727,2,1
1807,fig|6666666.1036479.peg.1671,fig|6666666.1036479.peg.2383,0.914816015958786,0.0013282613889042027,High,Very Low,Very Low–High,,Hypothetical protein.,0,no STRING match,secondary STRING hit (STRING protein assigned to a better match),2712,2997,1,1
1808,fig|6666666.1036479.peg.3131,fig|6666666.1036479.peg.476,0.9148112952709198,0.0013289964533142217,Low,Very Low,Very Low–Low,,,0,no STRING match,no STRING match,1923,2176,1,1
1809,fig|6666666.1036479.peg.689,fig|6666666.1036479.peg.1195,0.9148074507713317,0.0013297315177242407,High,Medium,Medium–High,,,0,no STRING match,no STRING match,2261,2492,1,1
1810,fig|6666666.1036479.peg.2548,fig|6666666.1036479.peg.781,0.9147674083709717,0.0013304665821342596,High,Medium,Medium–High,,,0,no STRING match,no STRING match,1641,2315,1,1
1811,fig|6666666.1036479.peg.3198,fig|6666666.1036479.peg.1693,0.914760285615921,0.0013312016465442784,Very Low,Medium,Very Low–Medium,,,0,no STRING match,no STRING match,1960,2718,1,1
1812,fig|6666666.1036479.peg.36,fig|6666666.1036479.peg.2092,0.9147498488426209,0.0013319367109542973,Medium,Medium,Medium–Medium,,,0,no STRING match,no STRING match,2023,2871,2,1
1813,fig|6666666.1036479.peg.184,fig|6666666.1036479.peg.2092,0.9147498488426209,0.0013326717753643163,Medium,Medium,Medium–Medium,,,0,no STRING match,no STRING match,2023,2871,2,1
1814,fig|6666666.1036479.peg.3167,fig|6666666.1036479.peg.3168,0.9147316753864289,0.0013334068397743352,Very Low,Very Low,Very Low–Very Low,,,0,no STRING match,no STRING match,1936,1937,1,1
1815,fig|6666666.1036479.peg.2848,fig|6666666.1036479.peg.1739,0.9147161185741425,0.0013341419041843542,Very Low,Very Low,Very Low–Very Low,,,0,no STRING match,no STRING match,1786,2731,1,1
1816,fig|6666666.1036479.peg.899,fig|6666666.1036479.peg.1134,0.9147063314914703,0.0013348769685943731,Very Low,Very Low,Very Low–Very Low,,,0,no STRING match,no STRING match,2369,2461,1,1
1817,fig|6666666.1036479.peg.3167,fig|6666666.1036479.peg.1131,0.9146991908550263,0.001335612033004392,Very Low,Very Low,Very Low–Very Low,,,0,no STRING match,no STRING match,1936,2460,1,1
1818,fig|6666666.1036479.peg.726,fig|6666666.1036479.peg.2071,0.9146422445774078,0.0013363470974144108,Very Low,Medium,Very Low–Medium,,,0,no STRING match,no STRING match,2284,2862,1,1
1819,fig|6666666.1036479.peg.2548,fig|6666666.1036479.peg.36,0.9146355330944062,0.0013370821618244298,High,Medium,Medium–High,,,0,no STRING match,no STRING match,1641,2023,1,2
1820,fig|6666666.1036479.peg.2548,fig|6666666.1036479.peg.184,0.9146355330944062,0.0013378172262344488,High,Medium,Medium–High,,,0,no STRING match,no STRING match,1641,2023,1,2
1821,fig|6666666.1036479.peg.2762,fig|6666666.1036479.peg.3020,0.9146218359470367,0.0013385522906444677,Medium,Low,Low–Medium,Hypothetical protein.,,0,secondary STRING hit (STRING protein assigned to a better match),no STRING match,1741,1878,1,1
1822,fig|6666666.1036479.peg.2792,fig|6666666.1036479.peg.704,0.9146166205406189,0.0013392873550544867,High,Low,Low–High,,,0,no STRING match,no STRING match,1754,2268,1,1
1823,fig|6666666.1036479.peg.3198,fig|6666666.1036479.peg.649,0.914602643251419,0.0013400224194645056,Very Low,Medium,Very Low–Medium,,,0,no STRING match,no STRING match,1960,2246,1,1
1824,fig|6666666.1036479.peg.411,fig|6666666.1036479.peg.689,0.9146005868911743,0.0013407574838745246,Low,High,Low–High,Hypothetical protein.,,0,secondary STRING hit (STRING protein assigned to a better match),no STRING match,2150,2261,1,1
1825,fig|6666666.1036479.peg.475,fig|6666666.1036479.peg.1913,0.9145884037017822,0.0013414925482845435,Low,Very Low,Very Low–Low,,,0,no STRING match,no STRING match,2175,2793,1,1
1826,fig|6666666.1036479.peg.391,fig|6666666.1036479.peg.411,0.914579838514328,0.0013422276126945623,Medium,Low,Low–Medium,,Hypothetical protein.,0,no STRING match,secondary STRING hit (STRING protein assigned to a better match),2142,2150,1,1
1827,fig|6666666.1036479.peg.793,fig|6666666.1036479.peg.1894,0.9145540297031403,0.0013429626771045812,Medium,Medium,Medium–Medium,,Hypothetical protein.,0,no STRING match,secondary STRING hit (STRING protein assigned to a better match),2320,2785,1,1
1828,fig|6666666.1036479.peg.391,fig|6666666.1036479.peg.856,0.9145452082157135,0.0013436977415146002,Medium,Low,Low–Medium,,,0,no STRING match,no STRING match,2142,2340,1,1
1829,fig|6666666.1036479.peg.1308,fig|6666666.1036479.peg.1419,0.9145288407802582,0.0013444328059246191,Medium,High,Medium–High,,,0,no STRING match,no STRING match,2532,2597,1,1
1830,fig|6666666.1036479.peg.3198,fig|6666666.1036479.peg.1671,0.9145176649093628,0.001345167870334638,Very Low,High,Very Low–High,,,0,no STRING match,no STRING match,1960,2712,1,1
1831,fig|6666666.1036479.peg.2071,fig|6666666.1036479.peg.2478,0.9145090341567993,0.001345902934744657,Medium,Very Low,Very Low–Medium,,,0,no STRING match,no STRING match,2862,3042,1,1
1832,fig|6666666.1036479.peg.2920,fig|6666666.1036479.peg.2988,0.914508855342865,0.001346637999154676,Very Low,Medium,Very Low–Medium,,Hypothetical protein.,0,no STRING match,secondary STRING hit (STRING protein assigned to a better match),1823,1859,1,1
1833,fig|6666666.1036479.peg.3168,fig|6666666.1036479.peg.1149,0.9144866943359375,0.0013473730635646948,Very Low,Very Low,Very Low–Very Low,,,0,no STRING match,no STRING match,1937,2475,1,1
1834,fig|6666666.1036479.peg.536,fig|6666666.1036479.peg.728,0.9144537627696991,0.0013481081279747137,Medium,Medium,Medium–Medium,,,0,no STRING match,no STRING match,2193,2286,1,1
1835,fig|6666666.1036479.peg.3180,fig|6666666.1036479.peg.2071,0.9144225895404816,0.0013488431923847327,Very Low,Medium,Very Low–Medium,,,0,no STRING match,no STRING match,1943,2862,2,1
1836,fig|6666666.1036479.peg.2071,fig|6666666.1036479.peg.2380,0.9144225895404816,0.0013495782567947516,Medium,Very Low,Very Low–Medium,,,0,no STRING match,no STRING match,2862,1943,1,2
1837,fig|6666666.1036479.peg.719,fig|6666666.1036479.peg.1693,0.9144100069999694,0.0013503133212047706,Medium,Medium,Medium–Medium,,,0,no STRING match,no STRING match,2277,2718,1,1
1838,fig|6666666.1036479.peg.2988,fig|6666666.1036479.peg.3184,0.9143648266792297,0.0013510483856147895,Medium,Very Low,Very Low–Medium,Hypothetical protein.,,0,secondary STRING hit (STRING protein assigned to a better match),no STRING match,1859,1947,1,1
1839,fig|6666666.1036479.peg.369,fig|6666666.1036479.peg.866,0.9143607497215271,0.0013517834500248085,High,High,High–High,,,0,no STRING match,no STRING match,2138,2345,1,1
1840,fig|6666666.1036479.peg.2501,fig|6666666.1036479.peg.874,0.9143491625785828,0.0013525185144348275,High,Medium,Medium–High,,,0,no STRING match,no STRING match,1608,2351,1,1
1841,fig|6666666.1036479.peg.3131,fig|6666666.1036479.peg.2095,0.9143443167209625,0.0013532535788448462,Low,Medium,Low–Medium,,,0,no STRING match,no STRING match,1923,2873,1,1
1842,fig|6666666.1036479.peg.3077,fig|6666666.1036479.peg.411,0.9143441796302796,0.0013539886432548652,Medium,Low,Low–Medium,,Hypothetical protein.,0,no STRING match,secondary STRING hit (STRING protein assigned to a better match),1900,2150,1,1
1843,fig|6666666.1036479.peg.793,fig|6666666.1036479.peg.1913,0.9143307328224182,0.0013547237076648841,Medium,Very Low,Very Low–Medium,,,0,no STRING match,no STRING match,2320,2793,1,1
1844,fig|6666666.1036479.peg.2792,fig|6666666.1036479.peg.723,0.9142911791801452,0.001355458772074903,High,High,High–High,,,0,no STRING match,no STRING match,1754,2281,1,1
1845,fig|6666666.1036479.peg.1739,fig|6666666.1036479.peg.1947,0.9142775416374207,0.001356193836484922,Very Low,Medium,Very Low–Medium,,,0,no STRING match,no STRING match,2731,2809,1,1
1846,fig|6666666.1036479.peg.36,fig|6666666.1036479.peg.2114,0.9142632484436035,0.001356928900894941,Medium,Very Low,Very Low–Medium,,"COG1629 Outer membrane receptor proteins, mostly Fe transport.",0,no STRING match,secondary STRING hit (STRING protein assigned to a better match),2023,2884,2,1
1847,fig|6666666.1036479.peg.184,fig|6666666.1036479.peg.2114,0.9142632484436035,0.00135766396530496,Medium,Very Low,Very Low–Medium,,"COG1629 Outer membrane receptor proteins, mostly Fe transport.",0,no STRING match,secondary STRING hit (STRING protein assigned to a better match),2023,2884,2,1
1848,fig|6666666.1036479.peg.2762,fig|6666666.1036479.peg.942,0.914257150888443,0.0013583990297149787,Medium,Very Low,Very Low–Medium,Hypothetical protein.,,0,secondary STRING hit (STRING protein assigned to a better match),no STRING match,1741,2389,1,1
1849,fig|6666666.1036479.peg.1554,fig|6666666.1036479.peg.1693,0.9142431378364563,0.0013591340941249976,Medium,Medium,Medium–Medium,,,0,no STRING match,no STRING match,2649,2718,1,1
1850,fig|6666666.1036479.peg.2506,fig|6666666.1036479.peg.253,0.9142322778701782,0.0013598691585350166,Very Low,Low,Very Low–Low,,Hypothetical protein.,0,no STRING match,secondary STRING hit (STRING protein assigned to a better match),1613,2096,6,1
1851,fig|6666666.1036479.peg.2516,fig|6666666.1036479.peg.253,0.9142322778701782,0.0013606042229450355,Very Low,Low,Very Low–Low,,Hypothetical protein.,0,no STRING match,secondary STRING hit (STRING protein assigned to a better match),1613,2096,6,1
1852,fig|6666666.1036479.peg.2522,fig|6666666.1036479.peg.253,0.9142322778701782,0.0013613392873550545,Very Low,Low,Very Low–Low,,Hypothetical protein.,0,no STRING match,secondary STRING hit (STRING protein assigned to a better match),1613,2096,6,1
1853,fig|6666666.1036479.peg.253,fig|6666666.1036479.peg.974,0.9142322778701782,0.0013620743517650735,Low,Very Low,Very Low–Low,Hypothetical protein.,,0,secondary STRING hit (STRING protein assigned to a better match),no STRING match,2096,1613,1,6
1854,fig|6666666.1036479.peg.253,fig|6666666.1036479.peg.979,0.9142322778701782,0.0013628094161750924,Low,Very Low,Very Low–Low,Hypothetical protein.,,0,secondary STRING hit (STRING protein assigned to a better match),no STRING match,2096,1613,1,6
1855,fig|6666666.1036479.peg.253,fig|6666666.1036479.peg.2491,0.9142322778701782,0.0013635444805851114,Low,Very Low,Very Low–Low,Hypothetical protein.,,0,secondary STRING hit (STRING protein assigned to a better match),no STRING match,2096,1613,1,6
1856,fig|6666666.1036479.peg.2506,fig|6666666.1036479.peg.3079,0.9142125606536865,0.0013642795449951301,Very Low,Very Low,Very Low–Very Low,,,0,no STRING match,no STRING match,1613,1902,6,1
1857,fig|6666666.1036479.peg.2516,fig|6666666.1036479.peg.3079,0.9142125606536865,0.001365014609405149,Very Low,Very Low,Very Low–Very Low,,,0,no STRING match,no STRING match,1613,1902,6,1
1858,fig|6666666.1036479.peg.2522,fig|6666666.1036479.peg.3079,0.9142125606536865,0.001365749673815168,Very Low,Very Low,Very Low–Very Low,,,0,no STRING match,no STRING match,1613,1902,6,1
1859,fig|6666666.1036479.peg.3079,fig|6666666.1036479.peg.974,0.9142125606536865,0.001366484738225187,Very Low,Very Low,Very Low–Very Low,,,0,no STRING match,no STRING match,1902,1613,1,6
1860,fig|6666666.1036479.peg.3079,fig|6666666.1036479.peg.979,0.9142125606536865,0.001367219802635206,Very Low,Very Low,Very Low–Very Low,,,0,no STRING match,no STRING match,1902,1613,1,6
1861,fig|6666666.1036479.peg.3079,fig|6666666.1036479.peg.2491,0.9142125606536865,0.001367954867045225,Very Low,Very Low,Very Low–Very Low,,,0,no STRING match,no STRING match,1902,1613,1,6
1862,fig|6666666.1036479.peg.1135,fig|6666666.1036479.peg.1146,0.9142032563686371,0.0013686899314552439,Very Low,Very Low,Very Low–Very Low,,,0,no STRING match,no STRING match,2462,2472,1,1
1863,fig|6666666.1036479.peg.861,fig|6666666.1036479.peg.889,0.9141895473003387,0.0013694249958652626,High,Low,Low–High,,,0,no STRING match,no STRING match,2341,2364,1,1
1864,fig|6666666.1036479.peg.475,fig|6666666.1036479.peg.721,0.9141851246356965,0.0013701600602752816,Low,High,Low–High,,Yd repeat protein; COG3209 Rhs family protein.,0,no STRING match,secondary STRING hit (STRING protein assigned to a better match),2175,2279,1,1
1865,fig|6666666.1036479.peg.819,fig|6666666.1036479.peg.1671,0.9141439199447632,0.0013708951246853005,Very Low,High,Very Low–High,,,0,no STRING match,no STRING match,2330,2712,1,1
1866,fig|6666666.1036479.peg.702,fig|6666666.1036479.peg.1739,0.9141426086425781,0.0013716301890953195,Medium,Very Low,Very Low–Medium,,,0,no STRING match,no STRING match,2266,2731,1,1
1867,fig|6666666.1036479.peg.1195,fig|6666666.1036479.peg.1419,0.9141233205795288,0.0013723652535053384,Medium,High,Medium–High,,,0,no STRING match,no STRING match,2492,2597,1,1
1868,fig|6666666.1036479.peg.3131,fig|6666666.1036479.peg.2279,0.914106422662735,0.0013731003179153574,Low,Medium,Low–Medium,,,0,no STRING match,no STRING match,1923,2958,1,1
1869,fig|6666666.1036479.peg.2788,fig|6666666.1036479.peg.2792,0.9141031384468079,0.0013738353823253763,Medium,High,Medium–High,,,0,no STRING match,no STRING match,1752,1754,1,1
1870,fig|6666666.1036479.peg.2788,fig|6666666.1036479.peg.2988,0.9140922129154205,0.0013745704467353953,Medium,Medium,Medium–Medium,,Hypothetical protein.,0,no STRING match,secondary STRING hit (STRING protein assigned to a better match),1752,1859,1,1
1871,fig|6666666.1036479.peg.649,fig|6666666.1036479.peg.723,0.9140785694122314,0.001375305511145414,Medium,High,Medium–High,,,0,no STRING match,no STRING match,2246,2281,1,1
1872,fig|6666666.1036479.peg.942,fig|6666666.1036479.peg.1673,0.91407630443573,0.001376040575555433,Very Low,Very Low,Very Low–Very Low,,,0,no STRING match,no STRING match,2389,2713,1,1
1873,fig|6666666.1036479.peg.2792,fig|6666666.1036479.peg.867,0.9140689969062805,0.001376775639965452,High,Low,Low–High,,,0,no STRING match,no STRING match,1754,2346,1,1
1874,fig|6666666.1036479.peg.475,fig|6666666.1036479.peg.723,0.914068216085434,0.001377510704375471,Low,High,Low–High,,,0,no STRING match,no STRING match,2175,2281,1,1
1875,fig|6666666.1036479.peg.2788,fig|6666666.1036479.peg.861,0.9140551805496215,0.0013782457687854899,Medium,High,Medium–High,,,0,no STRING match,no STRING match,1752,2341,1,1
1876,fig|6666666.1036479.peg.3020,fig|6666666.1036479.peg.3076,0.9140539944171906,0.0013789808331955088,Low,High,Low–High,,,0,no STRING match,no STRING match,1878,1899,1,1
1877,fig|6666666.1036479.peg.867,fig|6666666.1036479.peg.1719,0.9140512049198151,0.0013797158976055278,Low,Medium,Low–Medium,,,0,no STRING match,no STRING match,2346,2727,1,1
1878,fig|6666666.1036479.peg.3131,fig|6666666.1036479.peg.887,0.914035040140152,0.0013804509620155465,Low,Medium,Low–Medium,,,0,no STRING match,no STRING match,1923,2362,1,1
1879,fig|6666666.1036479.peg.1519,fig|6666666.1036479.peg.2071,0.9140332877635956,0.0013811860264255655,High,Medium,Medium–High,,,0,no STRING match,no STRING match,2632,2862,1,1
1880,fig|6666666.1036479.peg.1134,fig|6666666.1036479.peg.1273,0.9140320837497711,0.0013819210908355844,Very Low,Very Low,Very Low–Very Low,,,0,no STRING match,no STRING match,2461,2524,1,1
1881,fig|6666666.1036479.peg.2501,fig|6666666.1036479.peg.3077,0.9140218913555145,0.0013826561552456034,High,Medium,Medium–High,,,0,no STRING match,no STRING match,1608,1900,1,1
1882,fig|6666666.1036479.peg.1131,fig|6666666.1036479.peg.2307,0.9140181064605712,0.0013833912196556223,Very Low,Very Low,Very Low–Very Low,,,0,no STRING match,no STRING match,2460,2969,1,1
1883,fig|6666666.1036479.peg.3089,fig|6666666.1036479.peg.3187,0.914013683795929,0.0013841262840656413,High,Very Low,Very Low–High,,Hypothetical protein.,0,no STRING match,secondary STRING hit (STRING protein assigned to a better match),1907,1950,1,1
1884,fig|6666666.1036479.peg.3213,fig|6666666.1036479.peg.411,0.913994950056076,0.0013848613484756603,Very Low,Low,Very Low–Low,,Hypothetical protein.,0,no STRING match,secondary STRING hit (STRING protein assigned to a better match),1967,2150,1,1
1885,fig|6666666.1036479.peg.856,fig|6666666.1036479.peg.1433,0.9139665365219116,0.0013855964128856792,Low,Very Low,Very Low–Low,,,0,no STRING match,no STRING match,2340,2601,1,1
1886,fig|6666666.1036479.peg.458,fig|6666666.1036479.peg.1064,0.9139663338661194,0.001386331477295698,Low,Medium,Low–Medium,,,0,no STRING match,no STRING match,2168,2414,1,1
1887,fig|6666666.1036479.peg.2792,fig|6666666.1036479.peg.370,0.913946533203125,0.001387066541705717,High,High,High–High,,,0,no STRING match,no STRING match,1754,2139,1,1
1888,fig|6666666.1036479.peg.253,fig|6666666.1036479.peg.369,0.9139341115951538,0.0013878016061157359,Low,High,Low–High,Hypothetical protein.,,0,secondary STRING hit (STRING protein assigned to a better match),no STRING match,2096,2138,1,1
1889,fig|6666666.1036479.peg.411,fig|6666666.1036479.peg.1693,0.9139194071292878,0.0013885366705257548,Low,Medium,Low–Medium,Hypothetical protein.,,0,secondary STRING hit (STRING protein assigned to a better match),no STRING match,2150,2718,1,1
1890,fig|6666666.1036479.peg.2514,fig|6666666.1036479.peg.856,0.9139061510562897,0.0013892717349357738,Very Low,Low,Very Low–Low,,,0,no STRING match,no STRING match,1620,2340,1,1
1891,fig|6666666.1036479.peg.3131,fig|6666666.1036479.peg.1782,0.9138708531856536,0.0013900067993457927,Low,Very Low,Very Low–Low,,Rhs family protein.,0,no STRING match,secondary STRING hit (STRING protein assigned to a better match),1923,2747,1,1
1892,fig|6666666.1036479.peg.942,fig|6666666.1036479.peg.2455,0.9138627588748932,0.0013907418637558117,Very Low,Medium,Very Low–Medium,,,0,no STRING match,no STRING match,2389,3032,1,1
1893,fig|6666666.1036479.peg.89,fig|6666666.1036479.peg.411,0.9138468265533447,0.0013914769281658304,Very Low,Low,Very Low–Low,,Hypothetical protein.,0,no STRING match,secondary STRING hit (STRING protein assigned to a better match),2052,2150,1,1
1894,fig|6666666.1036479.peg.3131,fig|6666666.1036479.peg.704,0.9138389468193054,0.0013922119925758494,Low,Low,Low–Low,,,0,no STRING match,no STRING match,1923,2268,1,1
1895,fig|6666666.1036479.peg.3131,fig|6666666.1036479.peg.889,0.9138347923755645,0.0013929470569858683,Low,Low,Low–Low,,,0,no STRING match,no STRING match,1923,2364,1,1
1896,fig|6666666.1036479.peg.719,fig|6666666.1036479.peg.1671,0.913834524154663,0.0013936821213958873,Medium,High,Medium–High,,,0,no STRING match,no STRING match,2277,2712,1,1
1897,fig|6666666.1036479.peg.3166,fig|6666666.1036479.peg.2415,0.9138341009616852,0.0013944171858059063,Very Low,Very Low,Very Low–Very Low,,,0,no STRING match,no STRING match,1935,3015,1,1
1898,fig|6666666.1036479.peg.458,fig|6666666.1036479.peg.1308,0.9138238787651062,0.0013951522502159252,Low,Medium,Low–Medium,,,0,no STRING match,no STRING match,2168,2532,1,1
1899,fig|6666666.1036479.peg.2672,fig|6666666.1036479.peg.2788,0.913816112279892,0.0013958873146259442,Medium,Medium,Medium–Medium,,,0,no STRING match,no STRING match,1704,1752,1,1
1900,fig|6666666.1036479.peg.2506,fig|6666666.1036479.peg.687,0.9138046085834504,0.0013966223790359631,Very Low,Very Low,Very Low–Very Low,,,0,no STRING match,no STRING match,1613,2260,6,1
1901,fig|6666666.1036479.peg.2516,fig|6666666.1036479.peg.687,0.9138046085834504,0.0013973574434459819,Very Low,Very Low,Very Low–Very Low,,,0,no STRING match,no STRING match,1613,2260,6,1
1902,fig|6666666.1036479.peg.2522,fig|6666666.1036479.peg.687,0.9138046085834504,0.0013980925078560008,Very Low,Very Low,Very Low–Very Low,,,0,no STRING match,no STRING match,1613,2260,6,1
1903,fig|6666666.1036479.peg.687,fig|6666666.1036479.peg.974,0.9138046085834504,0.0013988275722660198,Very Low,Very Low,Very Low–Very Low,,,0,no STRING match,no STRING match,2260,1613,1,6
1904,fig|6666666.1036479.peg.687,fig|6666666.1036479.peg.979,0.9138046085834504,0.0013995626366760387,Very Low,Very Low,Very Low–Very Low,,,0,no STRING match,no STRING match,2260,1613,1,6
1905,fig|6666666.1036479.peg.687,fig|6666666.1036479.peg.2491,0.9138046085834504,0.0014002977010860577,Very Low,Very Low,Very Low–Very Low,,,0,no STRING match,no STRING match,2260,1613,1,6
1906,fig|6666666.1036479.peg.2792,fig|6666666.1036479.peg.887,0.9138041019439698,0.0014010327654960767,High,Medium,Medium–High,,,0,no STRING match,no STRING match,1754,2362,1,1
1907,fig|6666666.1036479.peg.649,fig|6666666.1036479.peg.2364,0.9138034403324127,0.0014017678299060956,Medium,Medium,Medium–Medium,,,0,no STRING match,no STRING match,2246,2994,1,1
1908,fig|6666666.1036479.peg.3187,fig|6666666.1036479.peg.2092,0.9137521684169769,0.0014025028943161144,Very Low,Medium,Very Low–Medium,Hypothetical protein.,,0,secondary STRING hit (STRING protein assigned to a better match),no STRING match,1950,2871,1,1
1909,fig|6666666.1036479.peg.219,fig|6666666.1036479.peg.1147,0.9137481391429901,0.0014032379587261333,Very Low,Very Low,Very Low–Very Low,,,0,no STRING match,no STRING match,2081,2473,1,1
1910,fig|6666666.1036479.peg.2988,fig|6666666.1036479.peg.3191,0.9137335181236267,0.0014039730231361523,Medium,Medium,Medium–Medium,Hypothetical protein.,,0,secondary STRING hit (STRING protein assigned to a better match),no STRING match,1859,1954,1,1
1911,fig|6666666.1036479.peg.3187,fig|6666666.1036479.peg.923,0.9136969685554505,0.0014047080875461712,Very Low,High,Very Low–High,Hypothetical protein.,,0,secondary STRING hit (STRING protein assigned to a better match),no STRING match,1950,2380,1,1
1912,fig|6666666.1036479.peg.881,fig|6666666.1036479.peg.1080,0.913691622018814,0.0014054431519561902,High,High,High–High,,,0,no STRING match,no STRING match,2356,2424,1,1
1913,fig|6666666.1036479.peg.2548,fig|6666666.1036479.peg.2199,0.9136768043041229,0.0014061782163662091,High,Low,Low–High,,,0,no STRING match,no STRING match,1641,2936,1,1
1914,fig|6666666.1036479.peg.2948,fig|6666666.1036479.peg.689,0.9136714935302734,0.001406913280776228,High,High,High–High,,,0,no STRING match,no STRING match,1843,2261,1,1
1915,fig|6666666.1036479.peg.2848,fig|6666666.1036479.peg.649,0.9136667549610138,0.001407648345186247,Very Low,Medium,Very Low–Medium,,,0,no STRING match,no STRING match,1786,2246,1,1
1916,fig|6666666.1036479.peg.2762,fig|6666666.1036479.peg.3113,0.9136636197566986,0.0014083834095962658,Medium,Very Low,Very Low–Medium,Hypothetical protein.,,0,secondary STRING hit (STRING protein assigned to a better match),no STRING match,1741,1915,1,1
1917,fig|6666666.1036479.peg.2988,fig|6666666.1036479.peg.2093,0.9136593341827393,0.0014091184740062847,Medium,Medium,Medium–Medium,Hypothetical protein.,,0,secondary STRING hit (STRING protein assigned to a better match),no STRING match,1859,2872,1,1
1918,fig|6666666.1036479.peg.2646,fig|6666666.1036479.peg.1080,0.9136515915393829,0.0014098535384163037,Low,High,Low–High,,,0,no STRING match,no STRING match,1694,2424,1,1
1919,fig|6666666.1036479.peg.2506,fig|6666666.1036479.peg.1566,0.9136434674263001,0.0014105886028263227,Very Low,High,Very Low–High,,,0,no STRING match,no STRING match,1613,2659,6,1
1920,fig|6666666.1036479.peg.2516,fig|6666666.1036479.peg.1566,0.9136434674263001,0.0014113236672363416,Very Low,High,Very Low–High,,,0,no STRING match,no STRING match,1613,2659,6,1
1921,fig|6666666.1036479.peg.2522,fig|6666666.1036479.peg.1566,0.9136434674263001,0.0014120587316463606,Very Low,High,Very Low–High,,,0,no STRING match,no STRING match,1613,2659,6,1
1922,fig|6666666.1036479.peg.974,fig|6666666.1036479.peg.1566,0.9136434674263001,0.0014127937960563795,Very Low,High,Very Low–High,,,0,no STRING match,no STRING match,1613,2659,6,1
1923,fig|6666666.1036479.peg.979,fig|6666666.1036479.peg.1566,0.9136434674263001,0.0014135288604663983,Very Low,High,Very Low–High,,,0,no STRING match,no STRING match,1613,2659,6,1
1924,fig|6666666.1036479.peg.1566,fig|6666666.1036479.peg.2491,0.9136434674263001,0.0014142639248764172,High,Very Low,Very Low–High,,,0,no STRING match,no STRING match,2659,1613,1,6
1925,fig|6666666.1036479.peg.2548,fig|6666666.1036479.peg.689,0.9136115610599518,0.0014149989892864362,High,High,High–High,,,0,no STRING match,no STRING match,1641,2261,1,1
1926,fig|6666666.1036479.peg.1739,fig|6666666.1036479.peg.2042,0.9136065900325775,0.0014157340536964551,Very Low,High,Very Low–High,,,0,no STRING match,no STRING match,2731,2850,1,1
1927,fig|6666666.1036479.peg.2672,fig|6666666.1036479.peg.3207,0.9136041760444641,0.001416469118106474,Medium,Medium,Medium–Medium,,,0,no STRING match,no STRING match,1704,1965,1,1
1928,fig|6666666.1036479.peg.889,fig|6666666.1036479.peg.1693,0.9135877549648285,0.001417204182516493,Low,Medium,Low–Medium,,,0,no STRING match,no STRING match,2364,2718,1,1
1929,fig|6666666.1036479.peg.2792,fig|6666666.1036479.peg.1074,0.9135804295539856,0.001417939246926512,High,High,High–High,,,0,no STRING match,no STRING match,1754,2418,1,1
1930,fig|6666666.1036479.peg.364,fig|6666666.1036479.peg.866,0.9135739982128144,0.001418674311336531,Low,High,Low–High,,,0,no STRING match,no STRING match,2137,2345,1,1
1931,fig|6666666.1036479.peg.253,fig|6666666.1036479.peg.475,0.9135610580444335,0.0014194093757465497,Low,Low,Low–Low,Hypothetical protein.,,0,secondary STRING hit (STRING protein assigned to a better match),no STRING match,2096,2175,1,1
1932,fig|6666666.1036479.peg.3131,fig|6666666.1036479.peg.1582,0.9135536968708038,0.0014201444401565687,Low,Very Low,Very Low–Low,,YD repeat-containing protein; COG3209 Rhs family protein.,0,no STRING match,secondary STRING hit (STRING protein assigned to a better match),1923,2673,1,1
1933,fig|6666666.1036479.peg.2654,fig|6666666.1036479.peg.856,0.9135412514209748,0.0014208795045665876,High,Low,Low–High,,,0,no STRING match,no STRING match,1697,2340,1,1
1934,fig|6666666.1036479.peg.2762,fig|6666666.1036479.peg.3187,0.9134616851806641,0.0014216145689766066,Medium,Very Low,Very Low–Medium,Hypothetical protein.,Hypothetical protein.,0,secondary STRING hit (STRING protein assigned to a better match),secondary STRING hit (STRING protein assigned to a better match),1741,1950,1,1
1935,fig|6666666.1036479.peg.856,fig|6666666.1036479.peg.1317,0.9134556591510773,0.0014223496333866255,Low,Medium,Low–Medium,,,0,no STRING match,no STRING match,2340,2541,1,1
1936,fig|6666666.1036479.peg.2843,fig|6666666.1036479.peg.2948,0.9134250819683075,0.0014230846977966445,Very Low,High,Very Low–High,,,0,no STRING match,no STRING match,1785,1843,1,1
1937,fig|6666666.1036479.peg.475,fig|6666666.1036479.peg.2383,0.9133928477764129,0.0014238197622066634,Low,Very Low,Very Low–Low,,Hypothetical protein.,0,no STRING match,secondary STRING hit (STRING protein assigned to a better match),2175,2997,1,1
1938,fig|6666666.1036479.peg.1554,fig|6666666.1036479.peg.1671,0.9133876085281372,0.0014245548266166822,Medium,High,Medium–High,,,0,no STRING match,no STRING match,2649,2712,1,1
1939,fig|6666666.1036479.peg.2759,fig|6666666.1036479.peg.856,0.9133780479431153,0.0014252898910267011,Very Low,Low,Very Low–Low,,,0,no STRING match,no STRING match,1738,2340,1,1
1940,fig|6666666.1036479.peg.2672,fig|6666666.1036479.peg.1947,0.9133759081363678,0.00142602495543672,Medium,Medium,Medium–Medium,,,0,no STRING match,no STRING match,1704,2809,1,1
1941,fig|6666666.1036479.peg.1739,fig|6666666.1036479.peg.2093,0.9133440256118774,0.001426760019846739,Very Low,Medium,Very Low–Medium,,,0,no STRING match,no STRING match,2731,2872,1,1
1942,fig|6666666.1036479.peg.702,fig|6666666.1036479.peg.861,0.9133427560329437,0.001427495084256758,Medium,High,Medium–High,,,0,no STRING match,no STRING match,2266,2341,1,1
1943,fig|6666666.1036479.peg.236,fig|6666666.1036479.peg.649,0.9133340656757355,0.001428230148666777,Very Low,Medium,Very Low–Medium,,,0,no STRING match,no STRING match,2086,2246,1,1
1944,fig|6666666.1036479.peg.2548,fig|6666666.1036479.peg.2948,0.913321989774704,0.001428965213076796,High,High,High–High,,,0,no STRING match,no STRING match,1641,1843,1,1
1945,fig|6666666.1036479.peg.3131,fig|6666666.1036479.peg.2384,0.9133187353610992,0.0014297002774868149,Low,Medium,Low–Medium,,,0,no STRING match,no STRING match,1923,2998,1,1
1946,fig|6666666.1036479.peg.253,fig|6666666.1036479.peg.861,0.913313376903534,0.0014304353418968336,Low,High,Low–High,Hypothetical protein.,,0,secondary STRING hit (STRING protein assigned to a better match),no STRING match,2096,2341,1,1
1947,fig|6666666.1036479.peg.1719,fig|6666666.1036479.peg.2095,0.9133039057254791,0.0014311704063068526,Medium,Medium,Medium–Medium,,,0,no STRING match,no STRING match,2727,2873,1,1
1948,fig|6666666.1036479.peg.856,fig|6666666.1036479.peg.2456,0.9132749915122986,0.0014319054707168715,Low,High,Low–High,,,0,no STRING match,no STRING match,2340,3033,1,1
1949,fig|6666666.1036479.peg.856,fig|6666666.1036479.peg.1678,0.9132636368274689,0.0014326405351268905,Low,Low,Low–Low,,,0,no STRING match,no STRING match,2340,2715,1,1
1950,fig|6666666.1036479.peg.728,fig|6666666.1036479.peg.1419,0.913228052854538,0.0014333755995369095,Medium,High,Medium–High,,,0,no STRING match,no STRING match,2286,2597,1,1
1951,fig|6666666.1036479.peg.793,fig|6666666.1036479.peg.1543,0.9132115423679352,0.0014341106639469284,Medium,Medium,Medium–Medium,,,0,no STRING match,no STRING match,2320,2644,1,1
1952,fig|6666666.1036479.peg.370,fig|6666666.1036479.peg.1719,0.9131998121738434,0.0014348457283569474,High,Medium,Medium–High,,,0,no STRING match,no STRING match,2139,2727,1,1
1953,fig|6666666.1036479.peg.2672,fig|6666666.1036479.peg.1946,0.9131802618503571,0.001435580792766966,Medium,Medium,Medium–Medium,,,0,no STRING match,no STRING match,1704,2808,1,1
1954,fig|6666666.1036479.peg.1409,fig|6666666.1036479.peg.2071,0.9131728410720825,0.001436315857176985,Medium,Medium,Medium–Medium,,,0,no STRING match,no STRING match,2588,2862,1,1
1955,fig|6666666.1036479.peg.3089,fig|6666666.1036479.peg.3222,0.9131534159183502,0.001437050921587004,High,Medium,Medium–High,,,0,no STRING match,no STRING match,1907,1972,1,2
1956,fig|6666666.1036479.peg.3089,fig|6666666.1036479.peg.138,0.9131534159183502,0.001437785985997023,High,Medium,Medium–High,,,0,no STRING match,no STRING match,1907,1972,1,2
1957,fig|6666666.1036479.peg.1739,fig|6666666.1036479.peg.2364,0.9131496131420136,0.001438521050407042,Very Low,Medium,Very Low–Medium,,,0,no STRING match,no STRING match,2731,2994,1,1
1958,fig|6666666.1036479.peg.207,fig|6666666.1036479.peg.411,0.9131302297115326,0.001439256114817061,Low,Low,Low–Low,,Hypothetical protein.,0,no STRING match,secondary STRING hit (STRING protein assigned to a better match),2075,2150,1,1
1959,fig|6666666.1036479.peg.819,fig|6666666.1036479.peg.1693,0.9131246864795685,0.0014399911792270798,Very Low,Medium,Very Low–Medium,,,0,no STRING match,no STRING match,2330,2718,1,1
1960,fig|6666666.1036479.peg.475,fig|6666666.1036479.peg.704,0.9130859017372132,0.0014407262436370988,Low,Low,Low–Low,,,0,no STRING match,no STRING match,2175,2268,1,1
1961,fig|6666666.1036479.peg.899,fig|6666666.1036479.peg.1150,0.9130843281745911,0.0014414613080471175,Very Low,Very Low,Very Low–Very Low,,,0,no STRING match,no STRING match,2369,2476,1,1
1962,fig|6666666.1036479.peg.3131,fig|6666666.1036479.peg.1764,0.9130828499794006,0.0014421963724571365,Low,Low,Low–Low,,,0,no STRING match,no STRING match,1923,2739,1,1
1963,fig|6666666.1036479.peg.2920,fig|6666666.1036479.peg.861,0.9130780875682831,0.0014429314368671555,Very Low,High,Very Low–High,,,0,no STRING match,no STRING match,1823,2341,1,1
1964,fig|6666666.1036479.peg.1671,fig|6666666.1036479.peg.1934,0.9130703032016754,0.0014436665012771744,High,Low,Low–High,,,0,no STRING match,no STRING match,2712,2801,1,1
1965,fig|6666666.1036479.peg.2792,fig|6666666.1036479.peg.1543,0.9130685508251191,0.0014444015656871934,High,Medium,Medium–High,,,0,no STRING match,no STRING match,1754,2644,1,1
1966,fig|6666666.1036479.peg.2506,fig|6666666.1036479.peg.652,0.9130396902561188,0.0014451366300972123,Very Low,Very Low,Very Low–Very Low,,,0,no STRING match,no STRING match,1613,2249,6,1
1967,fig|6666666.1036479.peg.2516,fig|6666666.1036479.peg.652,0.9130396902561188,0.0014458716945072313,Very Low,Very Low,Very Low–Very Low,,,0,no STRING match,no STRING match,1613,2249,6,1
1968,fig|6666666.1036479.peg.2522,fig|6666666.1036479.peg.652,0.9130396902561188,0.00144660675891725,Very Low,Very Low,Very Low–Very Low,,,0,no STRING match,no STRING match,1613,2249,6,1
1969,fig|6666666.1036479.peg.652,fig|6666666.1036479.peg.974,0.9130396902561188,0.001447341823327269,Very Low,Very Low,Very Low–Very Low,,,0,no STRING match,no STRING match,2249,1613,1,6
1970,fig|6666666.1036479.peg.652,fig|6666666.1036479.peg.979,0.9130396902561188,0.001448076887737288,Very Low,Very Low,Very Low–Very Low,,,0,no STRING match,no STRING match,2249,1613,1,6
1971,fig|6666666.1036479.peg.652,fig|6666666.1036479.peg.2491,0.9130396902561188,0.001448811952147307,Very Low,Very Low,Very Low–Very Low,,,0,no STRING match,no STRING match,2249,1613,1,6
1972,fig|6666666.1036479.peg.253,fig|6666666.1036479.peg.364,0.9130251586437226,0.0014495470165573259,Low,Low,Low–Low,Hypothetical protein.,,0,secondary STRING hit (STRING protein assigned to a better match),no STRING match,2096,2137,1,1
1973,fig|6666666.1036479.peg.1420,fig|6666666.1036479.peg.2071,0.9130111813545227,0.0014502820809673448,Very Low,Medium,Very Low–Medium,,,0,no STRING match,no STRING match,2598,2862,1,1
1974,fig|6666666.1036479.peg.536,fig|6666666.1036479.peg.2436,0.9130090355873108,0.0014510171453773638,Medium,Medium,Medium–Medium,,,0,no STRING match,no STRING match,2193,3022,1,1
1975,fig|6666666.1036479.peg.2866,fig|6666666.1036479.peg.219,0.9130064606666565,0.0014517522097873827,Very Low,Very Low,Very Low–Very Low,,,0,no STRING match,no STRING match,1798,2081,1,1
1976,fig|6666666.1036479.peg.3008,fig|6666666.1036479.peg.2071,0.9130048751831055,0.0014524872741974015,Medium,Medium,Medium–Medium,,,0,no STRING match,no STRING match,1868,2862,1,1
1977,fig|6666666.1036479.peg.2568,fig|6666666.1036479.peg.3131,0.9129716575145721,0.0014532223386074204,Very Low,Low,Very Low–Low,,,0,no STRING match,no STRING match,1656,1923,1,1
1978,fig|6666666.1036479.peg.370,fig|6666666.1036479.peg.1074,0.9129497647285462,0.0014539574030174394,High,High,High–High,,,0,no STRING match,no STRING match,2139,2418,1,1
1979,fig|6666666.1036479.peg.36,fig|6666666.1036479.peg.1419,0.912932151556015,0.0014546924674274583,Medium,High,Medium–High,,,0,no STRING match,no STRING match,2023,2597,2,1
1980,fig|6666666.1036479.peg.184,fig|6666666.1036479.peg.1419,0.912932151556015,0.0014554275318374773,Medium,High,Medium–High,,,0,no STRING match,no STRING match,2023,2597,2,1
1981,fig|6666666.1036479.peg.3131,fig|6666666.1036479.peg.1433,0.9128963649272919,0.0014561625962474962,Low,Very Low,Very Low–Low,,,0,no STRING match,no STRING match,1923,2601,1,1
1982,fig|6666666.1036479.peg.1134,fig|6666666.1036479.peg.1160,0.912893682718277,0.0014568976606575152,Very Low,Very Low,Very Low–Very Low,,,0,no STRING match,no STRING match,2461,2481,1,1
1983,fig|6666666.1036479.peg.411,fig|6666666.1036479.peg.684,0.9128836631774903,0.001457632725067534,Low,High,Low–High,Hypothetical protein.,,0,secondary STRING hit (STRING protein assigned to a better match),no STRING match,2150,2258,1,1
1984,fig|6666666.1036479.peg.2681,fig|6666666.1036479.peg.649,0.9128647089004517,0.001458367789477553,Low,Medium,Low–Medium,,,0,no STRING match,no STRING match,1706,2246,1,1
1985,fig|6666666.1036479.peg.1814,fig|6666666.1036479.peg.2071,0.9128580510616302,0.0014591028538875719,Very Low,Medium,Very Low–Medium,,,0,no STRING match,no STRING match,2763,2862,1,1
1986,fig|6666666.1036479.peg.728,fig|6666666.1036479.peg.1673,0.9128329575061798,0.0014598379182975908,Medium,Very Low,Very Low–Medium,,,0,no STRING match,no STRING match,2286,2713,1,1
1987,fig|6666666.1036479.peg.856,fig|6666666.1036479.peg.2188,0.9128294944763183,0.0014605729827076098,Low,High,Low–High,,,0,no STRING match,no STRING match,2340,2933,1,1
1988,fig|6666666.1036479.peg.1355,fig|6666666.1036479.peg.1719,0.9128059506416321,0.0014613080471176287,Medium,Medium,Medium–Medium,,,0,no STRING match,no STRING match,2564,2727,1,1
1989,fig|6666666.1036479.peg.2571,fig|6666666.1036479.peg.1739,0.9128059089183808,0.0014620431115276477,Medium,Very Low,Very Low–Medium,,,0,no STRING match,no STRING match,1659,2731,1,1
1990,fig|6666666.1036479.peg.1161,fig|6666666.1036479.peg.1273,0.9127971768379212,0.0014627781759376666,Very Low,Very Low,Very Low–Very Low,,,0,no STRING match,no STRING match,2482,2524,1,1
1991,fig|6666666.1036479.peg.1074,fig|6666666.1036479.peg.1519,0.9127800643444062,0.0014635132403476854,High,High,High–High,,,0,no STRING match,no STRING match,2418,2632,1,1
1992,fig|6666666.1036479.peg.3089,fig|6666666.1036479.peg.2091,0.9127586781978607,0.0014642483047577043,High,Medium,Medium–High,,,0,no STRING match,no STRING match,1907,2870,1,1
1993,fig|6666666.1036479.peg.3180,fig|6666666.1036479.peg.1719,0.9127546608448028,0.0014649833691677233,Very Low,Medium,Very Low–Medium,,,0,no STRING match,no STRING match,1943,2727,2,1
1994,fig|6666666.1036479.peg.1719,fig|6666666.1036479.peg.2380,0.9127546608448028,0.0014657184335777423,Medium,Very Low,Very Low–Medium,,,0,no STRING match,no STRING match,2727,1943,1,2
1995,fig|6666666.1036479.peg.649,fig|6666666.1036479.peg.2348,0.9127151012420655,0.0014664534979877612,Medium,High,Medium–High,,,0,no STRING match,no STRING match,2246,2991,1,1
1996,fig|6666666.1036479.peg.704,fig|6666666.1036479.peg.866,0.9126814365386963,0.0014671885623977802,Low,High,Low–High,,,0,no STRING match,no STRING match,2268,2345,1,1
1997,fig|6666666.1036479.peg.1543,fig|6666666.1036479.peg.1739,0.9126622915267945,0.0014679236268077991,Medium,Very Low,Very Low–Medium,,,0,no STRING match,no STRING match,2644,2731,1,1
1998,fig|6666666.1036479.peg.1719,fig|6666666.1036479.peg.1771,0.9126577973365784,0.0014686586912178179,Medium,Medium,Medium–Medium,,,0,no STRING match,no STRING match,2727,2743,1,1
1999,fig|6666666.1036479.peg.364,fig|6666666.1036479.peg.2071,0.9126545429229737,0.0014693937556278368,Low,Medium,Low–Medium,,,0,no STRING match,no STRING match,2137,2862,1,1
2000,fig|6666666.1036479.peg.689,fig|6666666.1036479.peg.934,0.9126512706279755,0.0014701288200378558,High,Low,Low–High,,,0,no STRING match,no STRING match,2261,2385,1,1
2001,fig|6666666.1036479.peg.2762,fig|6666666.1036479.peg.36,0.9126419603824616,0.0014708638844478747,Medium,Medium,Medium–Medium,Hypothetical protein.,,0,secondary STRING hit (STRING protein assigned to a better match),no STRING match,1741,2023,1,2
2002,fig|6666666.1036479.peg.2762,fig|6666666.1036479.peg.184,0.9126419603824616,0.0014715989488578937,Medium,Medium,Medium–Medium,Hypothetical protein.,,0,secondary STRING hit (STRING protein assigned to a better match),no STRING match,1741,2023,1,2
2003,fig|6666666.1036479.peg.2114,fig|6666666.1036479.peg.2436,0.9126333177089692,0.0014723340132679126,Very Low,Medium,Very Low–Medium,"COG1629 Outer membrane receptor proteins, mostly Fe transport.",,0,secondary STRING hit (STRING protein assigned to a better match),no STRING match,2884,3022,1,1
2004,fig|6666666.1036479.peg.1661,fig|6666666.1036479.peg.2071,0.912629121541977,0.0014730690776779316,Low,Medium,Low–Medium,,,0,no STRING match,no STRING match,2708,2862,1,1
2005,fig|6666666.1036479.peg.1064,fig|6666666.1036479.peg.2114,0.9126005411148072,0.0014738041420879506,Medium,Very Low,Very Low–Medium,,"COG1629 Outer membrane receptor proteins, mostly Fe transport.",0,no STRING match,secondary STRING hit (STRING protein assigned to a better match),2414,2884,1,1
2006,fig|6666666.1036479.peg.2681,fig|6666666.1036479.peg.1519,0.91256662607193,0.0014745392064979693,Low,High,Low–High,,,0,no STRING match,no STRING match,1706,2632,1,1
2007,fig|6666666.1036479.peg.1195,fig|6666666.1036479.peg.2092,0.9125270307064056,0.0014752742709079883,Medium,Medium,Medium–Medium,,,0,no STRING match,no STRING match,2492,2871,1,1
2008,fig|6666666.1036479.peg.2571,fig|6666666.1036479.peg.649,0.9125220596790313,0.0014760093353180072,Medium,Medium,Medium–Medium,,,0,no STRING match,no STRING match,1659,2246,1,1
2009,fig|6666666.1036479.peg.2948,fig|6666666.1036479.peg.1064,0.9125078976154327,0.0014767443997280262,High,Medium,Medium–High,,,0,no STRING match,no STRING match,1843,2414,1,1
2010,fig|6666666.1036479.peg.1719,fig|6666666.1036479.peg.2454,0.912496703863144,0.0014774794641380451,Medium,Medium,Medium–Medium,,,0,no STRING match,no STRING match,2727,3031,1,1
2011,fig|6666666.1036479.peg.3198,fig|6666666.1036479.peg.861,0.9124896645545959,0.001478214528548064,Very Low,High,Very Low–High,,,0,no STRING match,no STRING match,1960,2341,1,1
2012,fig|6666666.1036479.peg.856,fig|6666666.1036479.peg.2437,0.9124476373195648,0.001478949592958083,Low,High,Low–High,,,0,no STRING match,no STRING match,2340,3023,1,1
2013,fig|6666666.1036479.peg.2506,fig|6666666.1036479.peg.1901,0.9124415278434753,0.0014796846573681018,Very Low,Very Low,Very Low–Very Low,,,0,no STRING match,no STRING match,1613,2787,6,1
2014,fig|6666666.1036479.peg.2516,fig|6666666.1036479.peg.1901,0.9124415278434753,0.0014804197217781207,Very Low,Very Low,Very Low–Very Low,,,0,no STRING match,no STRING match,1613,2787,6,1
2015,fig|6666666.1036479.peg.2522,fig|6666666.1036479.peg.1901,0.9124415278434753,0.0014811547861881397,Very Low,Very Low,Very Low–Very Low,,,0,no STRING match,no STRING match,1613,2787,6,1
2016,fig|6666666.1036479.peg.974,fig|6666666.1036479.peg.1901,0.9124415278434753,0.0014818898505981587,Very Low,Very Low,Very Low–Very Low,,,0,no STRING match,no STRING match,1613,2787,6,1
2017,fig|6666666.1036479.peg.979,fig|6666666.1036479.peg.1901,0.9124415278434753,0.0014826249150081776,Very Low,Very Low,Very Low–Very Low,,,0,no STRING match,no STRING match,1613,2787,6,1
2018,fig|6666666.1036479.peg.1901,fig|6666666.1036479.peg.2491,0.9124415278434753,0.0014833599794181966,Very Low,Very Low,Very Low–Very Low,,,0,no STRING match,no STRING match,2787,1613,1,6
2019,fig|6666666.1036479.peg.3167,fig|6666666.1036479.peg.1141,0.9124399900436402,0.0014840950438282155,Very Low,Very Low,Very Low–Very Low,,,0,no STRING match,no STRING match,1936,2467,1,1
2020,fig|6666666.1036479.peg.236,fig|6666666.1036479.peg.934,0.9124395191669464,0.0014848301082382345,Very Low,Low,Very Low–Low,,,0,no STRING match,no STRING match,2086,2385,1,1
2021,fig|6666666.1036479.peg.475,fig|6666666.1036479.peg.819,0.9124016284942627,0.0014855651726482532,Low,Very Low,Very Low–Low,,,0,no STRING match,no STRING match,2175,2330,1,1
2022,fig|6666666.1036479.peg.1410,fig|6666666.1036479.peg.1719,0.9123919844627381,0.0014863002370582722,Medium,Medium,Medium–Medium,,,0,no STRING match,no STRING match,2589,2727,1,1
2023,fig|6666666.1036479.peg.2548,fig|6666666.1036479.peg.793,0.9123556554317475,0.0014870353014682911,High,Medium,Medium–High,,,0,no STRING match,no STRING match,1641,2320,1,1
2024,fig|6666666.1036479.peg.2661,fig|6666666.1036479.peg.2071,0.9123554050922393,0.00148777036587831,High,Medium,Medium–High,,,0,no STRING match,no STRING match,1701,2862,1,1
2025,fig|6666666.1036479.peg.723,fig|6666666.1036479.peg.1671,0.9123334765434266,0.001488505430288329,High,High,High–High,,,0,no STRING match,no STRING match,2281,2712,1,1
2026,fig|6666666.1036479.peg.2364,fig|6666666.1036479.peg.2436,0.9123302459716797,0.001489240494698348,Medium,Medium,Medium–Medium,,,0,no STRING match,no STRING match,2994,3022,1,1
2027,fig|6666666.1036479.peg.2091,fig|6666666.1036479.peg.2092,0.9123210430145263,0.001489975559108367,Medium,Medium,Medium–Medium,,,0,no STRING match,no STRING match,2870,2871,1,1
2028,fig|6666666.1036479.peg.1673,fig|6666666.1036479.peg.2114,0.9123170137405395,0.0014907106235183857,Very Low,Very Low,Very Low–Very Low,,"COG1629 Outer membrane receptor proteins, mostly Fe transport.",0,no STRING match,secondary STRING hit (STRING protein assigned to a better match),2713,2884,1,1
2029,fig|6666666.1036479.peg.2571,fig|6666666.1036479.peg.2792,0.9122912466526032,0.0014914456879284047,Medium,High,Medium–High,,,0,no STRING match,no STRING match,1659,1754,1,1
2030,fig|6666666.1036479.peg.3222,fig|6666666.1036479.peg.573,0.9122901856899261,0.0014921807523384236,Medium,Very Low,Very Low–Medium,,Hypothetical protein.,0,no STRING match,secondary STRING hit (STRING protein assigned to a better match),1972,2210,2,1
2031,fig|6666666.1036479.peg.138,fig|6666666.1036479.peg.573,0.9122901856899261,0.0014929158167484426,Medium,Very Low,Very Low–Medium,,Hypothetical protein.,0,no STRING match,secondary STRING hit (STRING protein assigned to a better match),1972,2210,2,1
2032,fig|6666666.1036479.peg.1419,fig|6666666.1036479.peg.1547,0.9122871577739715,0.0014936508811584615,High,High,High–High,,,0,no STRING match,no STRING match,2597,2647,1,1
2033,fig|6666666.1036479.peg.2920,fig|6666666.1036479.peg.649,0.9122665643692016,0.0014943859455684805,Very Low,Medium,Very Low–Medium,,,0,no STRING match,no STRING match,1823,2246,1,1
2034,fig|6666666.1036479.peg.411,fig|6666666.1036479.peg.889,0.9122661411762237,0.0014951210099784994,Low,Low,Low–Low,Hypothetical protein.,,0,secondary STRING hit (STRING protein assigned to a better match),no STRING match,2150,2364,1,1
2035,fig|6666666.1036479.peg.3131,fig|6666666.1036479.peg.1489,0.9122593104839325,0.0014958560743885184,Low,Very Low,Very Low–Low,,,0,no STRING match,no STRING match,1923,2617,1,1
2036,fig|6666666.1036479.peg.2948,fig|6666666.1036479.peg.866,0.9122358500957489,0.0014965911387985371,High,High,High–High,,,0,no STRING match,no STRING match,1843,2345,1,1
2037,fig|6666666.1036479.peg.2792,fig|6666666.1036479.peg.364,0.9122159123420716,0.001497326203208556,High,Low,Low–High,,,0,no STRING match,no STRING match,1754,2137,1,1
2038,fig|6666666.1036479.peg.1719,fig|6666666.1036479.peg.1983,0.91219761967659,0.001498061267618575,Medium,Very Low,Very Low–Medium,,,0,no STRING match,no STRING match,2727,2834,1,1
2039,fig|6666666.1036479.peg.723,fig|6666666.1036479.peg.1693,0.9121838867664337,0.001498796332028594,High,Medium,Medium–High,,,0,no STRING match,no STRING match,2281,2718,1,1
2040,fig|6666666.1036479.peg.458,fig|6666666.1036479.peg.2455,0.9121687054634094,0.001499531396438613,Low,Medium,Low–Medium,,,0,no STRING match,no STRING match,2168,3032,1,1
2041,fig|6666666.1036479.peg.1135,fig|6666666.1036479.peg.1538,0.9121630668640137,0.001500266460848632,Very Low,Very Low,Very Low–Very Low,,,0,no STRING match,no STRING match,2462,2642,1,1
2042,fig|6666666.1036479.peg.2768,fig|6666666.1036479.peg.856,0.9121574521064758,0.0015010015252586509,Very Low,Low,Very Low–Low,,,0,no STRING match,no STRING match,1744,2340,1,1
2043,fig|6666666.1036479.peg.2548,fig|6666666.1036479.peg.3207,0.9121489226818085,0.0015017365896686696,High,Medium,Medium–High,,,0,no STRING match,no STRING match,1641,1965,1,1
2044,fig|6666666.1036479.peg.1135,fig|6666666.1036479.peg.1152,0.9121389210224151,0.0015024716540786886,Very Low,Very Low,Very Low–Very Low,,,0,no STRING match,no STRING match,2462,2477,1,1
2045,fig|6666666.1036479.peg.856,fig|6666666.1036479.peg.1359,0.9121373653411865,0.0015032067184887075,Low,Medium,Low–Medium,,,0,no STRING match,no STRING match,2340,2567,1,1
2046,fig|6666666.1036479.peg.2792,fig|6666666.1036479.peg.726,0.9120744407176972,0.0015039417828987265,High,Very Low,Very Low–High,,,0,no STRING match,no STRING match,1754,2284,1,1
2047,fig|6666666.1036479.peg.458,fig|6666666.1036479.peg.2091,0.9120562434196472,0.0015046768473087454,Low,Medium,Low–Medium,,,0,no STRING match,no STRING match,2168,2870,1,1
2048,fig|6666666.1036479.peg.2548,fig|6666666.1036479.peg.2754,0.91204913854599,0.0015054119117187644,High,Very Low,Very Low–High,,,0,no STRING match,no STRING match,1641,1735,1,1
2049,fig|6666666.1036479.peg.475,fig|6666666.1036479.peg.1554,0.9120446264743804,0.0015061469761287834,Low,Medium,Low–Medium,,,0,no STRING match,no STRING match,2175,2649,1,1
2050,fig|6666666.1036479.peg.536,fig|6666666.1036479.peg.942,0.9120389997959137,0.0015068820405388023,Medium,Very Low,Very Low–Medium,,,0,no STRING match,no STRING match,2193,2389,1,1
2051,fig|6666666.1036479.peg.2948,fig|6666666.1036479.peg.2455,0.9120318233966828,0.001507617104948821,High,Medium,Medium–High,,,0,no STRING match,no STRING match,1843,3032,1,1
2052,fig|6666666.1036479.peg.475,fig|6666666.1036479.peg.2185,0.9120259404182434,0.00150835216935884,Low,Very Low,Very Low–Low,,,0,no STRING match,no STRING match,2175,2931,1,1
2053,fig|6666666.1036479.peg.36,fig|6666666.1036479.peg.536,0.9119990825653076,0.001509087233768859,Medium,Medium,Medium–Medium,,,0,no STRING match,no STRING match,2023,2193,2,1
2054,fig|6666666.1036479.peg.184,fig|6666666.1036479.peg.536,0.9119990825653076,0.001509822298178878,Medium,Medium,Medium–Medium,,,0,no STRING match,no STRING match,2023,2193,2,1
2055,fig|6666666.1036479.peg.942,fig|6666666.1036479.peg.1419,0.9119984388351441,0.0015105573625888969,Very Low,High,Very Low–High,,,0,no STRING match,no STRING match,2389,2597,1,1
2056,fig|6666666.1036479.peg.411,fig|6666666.1036479.peg.2238,0.9119797587394715,0.0015112924269989158,Low,Very Low,Very Low–Low,Hypothetical protein.,,0,secondary STRING hit (STRING protein assigned to a better match),no STRING match,2150,2942,1,1
2057,fig|6666666.1036479.peg.3207,fig|6666666.1036479.peg.728,0.9119551956653595,0.0015120274914089348,Medium,Medium,Medium–Medium,,,0,no STRING match,no STRING match,1965,2286,1,1
2058,fig|6666666.1036479.peg.3089,fig|6666666.1036479.peg.236,0.9119372129440307,0.0015127625558189535,High,Very Low,Very Low–High,,,0,no STRING match,no STRING match,1907,2086,1,1
2059,fig|6666666.1036479.peg.1693,fig|6666666.1036479.peg.1894,0.9119319796562195,0.0015134976202289725,Medium,Medium,Medium–Medium,,Hypothetical protein.,0,no STRING match,secondary STRING hit (STRING protein assigned to a better match),2718,2785,1,1
2060,fig|6666666.1036479.peg.3020,fig|6666666.1036479.peg.1739,0.9119079113006592,0.0015142326846389915,Low,Very Low,Very Low–Low,,,0,no STRING match,no STRING match,1878,2731,1,1
2061,fig|6666666.1036479.peg.1142,fig|6666666.1036479.peg.1273,0.9118947982788086,0.0015149677490490104,Very Low,Very Low,Very Low–Very Low,,,0,no STRING match,no STRING match,2468,2524,1,1
2062,fig|6666666.1036479.peg.2948,fig|6666666.1036479.peg.2364,0.9118944346904755,0.0015157028134590294,High,Medium,Medium–High,,,0,no STRING match,no STRING match,1843,2994,1,1
2063,fig|6666666.1036479.peg.3198,fig|6666666.1036479.peg.793,0.9118864297866821,0.0015164378778690483,Very Low,Medium,Very Low–Medium,,,0,no STRING match,no STRING match,1960,2320,1,1
2064,fig|6666666.1036479.peg.1155,fig|6666666.1036479.peg.2400,0.9118784308433533,0.0015171729422790673,Very Low,Very Low,Very Low–Very Low,,,0,no STRING match,no STRING match,2479,3005,1,1
2065,fig|6666666.1036479.peg.856,fig|6666666.1036479.peg.1957,0.9118465483188629,0.0015179080066890862,Low,Medium,Low–Medium,,,0,no STRING match,no STRING match,2340,2818,1,1
2066,fig|6666666.1036479.peg.934,fig|6666666.1036479.peg.1394,0.9118104338645935,0.001518643071099105,Low,Medium,Low–Medium,,,0,no STRING match,no STRING match,2385,2583,1,1
2067,fig|6666666.1036479.peg.887,fig|6666666.1036479.peg.1693,0.911803251504898,0.001519378135509124,Medium,Medium,Medium–Medium,,,0,no STRING match,no STRING match,2362,2718,1,1
2068,fig|6666666.1036479.peg.2646,fig|6666666.1036479.peg.475,0.9117953717708588,0.001520113199919143,Low,Low,Low–Low,,,0,no STRING match,no STRING match,1694,2175,1,1
2069,fig|6666666.1036479.peg.2672,fig|6666666.1036479.peg.3191,0.911793690919876,0.0015208482643291618,Medium,Medium,Medium–Medium,,,0,no STRING match,no STRING match,1704,1954,1,1
2070,fig|6666666.1036479.peg.2548,fig|6666666.1036479.peg.2600,0.9117474675178527,0.0015215833287391808,High,Very Low,Very Low–High,,,0,no STRING match,no STRING match,1641,1667,1,1
2071,fig|6666666.1036479.peg.2948,fig|6666666.1036479.peg.1308,0.911746597290039,0.0015223183931491998,High,Medium,Medium–High,,,0,no STRING match,no STRING match,1843,2532,1,1
2072,fig|6666666.1036479.peg.2778,fig|6666666.1036479.peg.1134,0.9117443859577179,0.0015230534575592187,Very Low,Very Low,Very Low–Very Low,,,0,no STRING match,no STRING match,1747,2461,1,1
2073,fig|6666666.1036479.peg.244,fig|6666666.1036479.peg.856,0.9117421269416809,0.0015237885219692375,Very Low,Low,Very Low–Low,,,0,no STRING match,no STRING match,2092,2340,1,1
2074,fig|6666666.1036479.peg.1160,fig|6666666.1036479.peg.1161,0.9117333710193634,0.0015245235863792564,Very Low,Very Low,Very Low–Very Low,,,0,no STRING match,no STRING match,2481,2482,1,1
2075,fig|6666666.1036479.peg.2542,fig|6666666.1036479.peg.856,0.9117302596569061,0.0015252586507892754,Very Low,Low,Very Low–Low,,,0,no STRING match,no STRING match,1635,2340,1,1
2076,fig|6666666.1036479.peg.2948,fig|6666666.1036479.peg.3207,0.9117163836956024,0.0015259937151992943,High,Medium,Medium–High,,,0,no STRING match,no STRING match,1843,1965,1,1
2077,fig|6666666.1036479.peg.1693,fig|6666666.1036479.peg.2185,0.9117038667201995,0.0015267287796093133,Medium,Very Low,Very Low–Medium,,,0,no STRING match,no STRING match,2718,2931,1,1
2078,fig|6666666.1036479.peg.3180,fig|6666666.1036479.peg.1739,0.9116936326026917,0.0015274638440193322,Very Low,Very Low,Very Low–Very Low,,,0,no STRING match,no STRING match,1943,2731,2,1
2079,fig|6666666.1036479.peg.1739,fig|6666666.1036479.peg.2380,0.9116936326026917,0.0015281989084293512,Very Low,Very Low,Very Low–Very Low,,,0,no STRING match,no STRING match,2731,1943,1,2
2080,fig|6666666.1036479.peg.2506,fig|6666666.1036479.peg.1986,0.9116773307323456,0.0015289339728393702,Very Low,Medium,Very Low–Medium,,,0,no STRING match,no STRING match,1613,2835,6,1
2081,fig|6666666.1036479.peg.2516,fig|6666666.1036479.peg.1986,0.9116773307323456,0.001529669037249389,Very Low,Medium,Very Low–Medium,,,0,no STRING match,no STRING match,1613,2835,6,1
2082,fig|6666666.1036479.peg.2522,fig|6666666.1036479.peg.1986,0.9116773307323456,0.0015304041016594079,Very Low,Medium,Very Low–Medium,,,0,no STRING match,no STRING match,1613,2835,6,1
2083,fig|6666666.1036479.peg.974,fig|6666666.1036479.peg.1986,0.9116773307323456,0.0015311391660694268,Very Low,Medium,Very Low–Medium,,,0,no STRING match,no STRING match,1613,2835,6,1
2084,fig|6666666.1036479.peg.979,fig|6666666.1036479.peg.1986,0.9116773307323456,0.0015318742304794458,Very Low,Medium,Very Low–Medium,,,0,no STRING match,no STRING match,1613,2835,6,1
2085,fig|6666666.1036479.peg.1986,fig|6666666.1036479.peg.2491,0.9116773307323456,0.0015326092948894647,Medium,Very Low,Very Low–Medium,,,0,no STRING match,no STRING match,2835,1613,1,6
2086,fig|6666666.1036479.peg.536,fig|6666666.1036479.peg.1064,0.9116609930992127,0.0015333443592994837,Medium,Medium,Medium–Medium,,,0,no STRING match,no STRING match,2193,2414,1,1
2087,fig|6666666.1036479.peg.475,fig|6666666.1036479.peg.887,0.9116260528564453,0.0015340794237095026,Low,Medium,Low–Medium,,,0,no STRING match,no STRING match,2175,2362,1,1
2088,fig|6666666.1036479.peg.475,fig|6666666.1036479.peg.1080,0.9116211116313935,0.0015348144881195214,Low,High,Low–High,,,0,no STRING match,no STRING match,2175,2424,1,1
2089,fig|6666666.1036479.peg.536,fig|6666666.1036479.peg.2091,0.9116195976734162,0.0015355495525295403,Medium,Medium,Medium–Medium,,,0,no STRING match,no STRING match,2193,2870,1,1
2090,fig|6666666.1036479.peg.2691,fig|6666666.1036479.peg.219,0.9115967512130737,0.0015362846169395593,Very Low,Very Low,Very Low–Very Low,,,0,no STRING match,no STRING match,1711,2081,1,1
2091,fig|6666666.1036479.peg.1141,fig|6666666.1036479.peg.1145,0.9115704238414765,0.0015370196813495782,Very Low,Very Low,Very Low–Very Low,,,0,no STRING match,no STRING match,2467,2471,1,1
2092,fig|6666666.1036479.peg.3222,fig|6666666.1036479.peg.458,0.9115605115890503,0.0015377547457595972,Medium,Low,Low–Medium,,,0,no STRING match,no STRING match,1972,2168,2,1
2093,fig|6666666.1036479.peg.138,fig|6666666.1036479.peg.458,0.9115605115890503,0.0015384898101696162,Medium,Low,Low–Medium,,,0,no STRING match,no STRING match,1972,2168,2,1
2094,fig|6666666.1036479.peg.3131,fig|6666666.1036479.peg.1983,0.9115573108196259,0.0015392248745796351,Low,Very Low,Very Low–Low,,,0,no STRING match,no STRING match,1923,2834,1,1
2095,fig|6666666.1036479.peg.2501,fig|6666666.1036479.peg.1937,0.9115464866161347,0.001539959938989654,High,High,High–High,,,0,no STRING match,no STRING match,1608,2802,1,1
2096,fig|6666666.1036479.peg.2762,fig|6666666.1036479.peg.1673,0.9115385234355926,0.0015406950033996728,Medium,Very Low,Very Low–Medium,Hypothetical protein.,,0,secondary STRING hit (STRING protein assigned to a better match),no STRING match,1741,2713,1,1
2097,fig|6666666.1036479.peg.2988,fig|6666666.1036479.peg.721,0.9115277767181397,0.0015414300678096918,Medium,High,Medium–High,Hypothetical protein.,Yd repeat protein; COG3209 Rhs family protein.,0,secondary STRING hit (STRING protein assigned to a better match),secondary STRING hit (STRING protein assigned to a better match),1859,2279,1,1
2098,fig|6666666.1036479.peg.1739,fig|6666666.1036479.peg.2156,0.9115216195583343,0.0015421651322197107,Very Low,Very Low,Very Low–Very Low,,,0,no STRING match,no STRING match,2731,2906,1,1
2099,fig|6666666.1036479.peg.2792,fig|6666666.1036479.peg.3188,0.9115211069583893,0.0015429001966297297,High,Medium,Medium–High,,,0,no STRING match,no STRING match,1754,1951,1,1
2100,fig|6666666.1036479.peg.2506,fig|6666666.1036479.peg.89,0.9114974141120911,0.0015436352610397486,Very Low,Very Low,Very Low–Very Low,,,0,no STRING match,no STRING match,1613,2052,6,1
2101,fig|6666666.1036479.peg.2516,fig|6666666.1036479.peg.89,0.9114974141120911,0.0015443703254497676,Very Low,Very Low,Very Low–Very Low,,,0,no STRING match,no STRING match,1613,2052,6,1
2102,fig|6666666.1036479.peg.2522,fig|6666666.1036479.peg.89,0.9114974141120911,0.0015451053898597866,Very Low,Very Low,Very Low–Very Low,,,0,no STRING match,no STRING match,1613,2052,6,1
2103,fig|6666666.1036479.peg.89,fig|6666666.1036479.peg.974,0.9114974141120911,0.0015458404542698053,Very Low,Very Low,Very Low–Very Low,,,0,no STRING match,no STRING match,2052,1613,1,6
2104,fig|6666666.1036479.peg.89,fig|6666666.1036479.peg.979,0.9114974141120911,0.0015465755186798243,Very Low,Very Low,Very Low–Very Low,,,0,no STRING match,no STRING match,2052,1613,1,6
2105,fig|6666666.1036479.peg.89,fig|6666666.1036479.peg.2491,0.9114974141120911,0.0015473105830898432,Very Low,Very Low,Very Low–Very Low,,,0,no STRING match,no STRING match,2052,1613,1,6
2106,fig|6666666.1036479.peg.3128,fig|6666666.1036479.peg.1719,0.9114749252796173,0.0015480456474998622,Very Low,Medium,Very Low–Medium,,,0,no STRING match,no STRING match,1921,2727,1,1
2107,fig|6666666.1036479.peg.2571,fig|6666666.1036479.peg.3131,0.9114574372768403,0.0015487807119098811,Medium,Low,Low–Medium,,,0,no STRING match,no STRING match,1659,1923,1,1
2108,fig|6666666.1036479.peg.723,fig|6666666.1036479.peg.861,0.9114403307437897,0.0015495157763199,High,High,High–High,,,0,no STRING match,no STRING match,2281,2341,1,1
2109,fig|6666666.1036479.peg.889,fig|6666666.1036479.peg.1671,0.9114242255687713,0.001550250840729919,Low,High,Low–High,,,0,no STRING match,no STRING match,2364,2712,1,1
2110,fig|6666666.1036479.peg.2778,fig|6666666.1036479.peg.2866,0.911414486169815,0.001550985905139938,Very Low,Very Low,Very Low–Very Low,,,0,no STRING match,no STRING match,1747,1798,1,1
2111,fig|6666666.1036479.peg.866,fig|6666666.1036479.peg.881,0.9114087402820588,0.0015517209695499567,High,High,High–High,,,0,no STRING match,no STRING match,2345,2356,1,1
2112,fig|6666666.1036479.peg.2811,fig|6666666.1036479.peg.2071,0.9114062905311584,0.0015524560339599757,Medium,Medium,Medium–Medium,,,0,no STRING match,no STRING match,1762,2862,1,1
2113,fig|6666666.1036479.peg.36,fig|6666666.1036479.peg.866,0.9114035844802857,0.0015531910983699946,Medium,High,Medium–High,,,0,no STRING match,no STRING match,2023,2345,2,1
2114,fig|6666666.1036479.peg.184,fig|6666666.1036479.peg.866,0.9114035844802857,0.0015539261627800136,Medium,High,Medium–High,,,0,no STRING match,no STRING match,2023,2345,2,1
2115,fig|6666666.1036479.peg.3089,fig|6666666.1036479.peg.2455,0.9113759338855744,0.0015546612271900326,High,Medium,Medium–High,,,0,no STRING match,no STRING match,1907,3032,1,1
2116,fig|6666666.1036479.peg.3207,fig|6666666.1036479.peg.1195,0.9113718807697296,0.0015553962916000515,Medium,Medium,Medium–Medium,,,0,no STRING match,no STRING match,1965,2492,1,1
2117,fig|6666666.1036479.peg.2843,fig|6666666.1036479.peg.1064,0.9113705277442932,0.0015561313560100705,Very Low,Medium,Very Low–Medium,,,0,no STRING match,no STRING match,1785,2414,1,1
2118,fig|6666666.1036479.peg.793,fig|6666666.1036479.peg.819,0.9113519430160523,0.0015568664204200892,Medium,Very Low,Very Low–Medium,,,0,no STRING match,no STRING match,2320,2330,1,1
2119,fig|6666666.1036479.peg.2762,fig|6666666.1036479.peg.2436,0.9113328754901886,0.0015576014848301082,Medium,Medium,Medium–Medium,Hypothetical protein.,,0,secondary STRING hit (STRING protein assigned to a better match),no STRING match,1741,3022,1,1
2120,fig|6666666.1036479.peg.861,fig|6666666.1036479.peg.903,0.9113296091556549,0.0015583365492401271,High,Medium,Medium–High,,,0,no STRING match,no STRING match,2341,2371,1,1
2121,fig|6666666.1036479.peg.2545,fig|6666666.1036479.peg.1739,0.9112719416618347,0.001559071613650146,Very Low,Very Low,Very Low–Very Low,,,0,no STRING match,no STRING match,1638,2731,7,1
2122,fig|6666666.1036479.peg.2567,fig|6666666.1036479.peg.1739,0.9112719416618347,0.001559806678060165,Very Low,Very Low,Very Low–Very Low,,,0,no STRING match,no STRING match,1638,2731,7,1
2123,fig|6666666.1036479.peg.1573,fig|6666666.1036479.peg.1739,0.9112719416618347,0.001560541742470184,Very Low,Very Low,Very Low–Very Low,,,0,no STRING match,no STRING match,1638,2731,7,1
2124,fig|6666666.1036479.peg.1586,fig|6666666.1036479.peg.1739,0.9112719416618347,0.001561276806880203,Very Low,Very Low,Very Low–Very Low,,,0,no STRING match,no STRING match,1638,2731,7,1
2125,fig|6666666.1036479.peg.1597,fig|6666666.1036479.peg.1739,0.9112719416618347,0.001562011871290222,Very Low,Very Low,Very Low–Very Low,,,0,no STRING match,no STRING match,1638,2731,7,1
2126,fig|6666666.1036479.peg.1619,fig|6666666.1036479.peg.1739,0.9112719416618347,0.0015627469357002407,Very Low,Very Low,Very Low–Very Low,,,0,no STRING match,no STRING match,1638,2731,7,1
2127,fig|6666666.1036479.peg.1643,fig|6666666.1036479.peg.1739,0.9112719416618347,0.0015634820001102596,Very Low,Very Low,Very Low–Very Low,,,0,no STRING match,no STRING match,1638,2731,7,1
2128,fig|6666666.1036479.peg.728,fig|6666666.1036479.peg.2455,0.9112675070762635,0.0015642170645202786,Medium,Medium,Medium–Medium,,,0,no STRING match,no STRING match,2286,3032,1,1
2129,fig|6666666.1036479.peg.867,fig|6666666.1036479.peg.2071,0.911264967918396,0.0015649521289302975,Low,Medium,Low–Medium,,,0,no STRING match,no STRING match,2346,2862,1,1
2130,fig|6666666.1036479.peg.1308,fig|6666666.1036479.peg.2114,0.9112500488758087,0.0015656871933403165,Medium,Very Low,Very Low–Medium,,"COG1629 Outer membrane receptor proteins, mostly Fe transport.",0,no STRING match,secondary STRING hit (STRING protein assigned to a better match),2532,2884,1,1
2131,fig|6666666.1036479.peg.2973,fig|6666666.1036479.peg.1719,0.91124027967453,0.0015664222577503354,Low,Medium,Low–Medium,,,0,no STRING match,no STRING match,1854,2727,1,1
2132,fig|6666666.1036479.peg.2672,fig|6666666.1036479.peg.2920,0.9112204194068909,0.0015671573221603544,Medium,Very Low,Very Low–Medium,,,0,no STRING match,no STRING match,1704,1823,1,1
2133,fig|6666666.1036479.peg.411,fig|6666666.1036479.peg.874,0.9112075448036194,0.0015678923865703731,Low,Medium,Low–Medium,Hypothetical protein.,,0,secondary STRING hit (STRING protein assigned to a better match),no STRING match,2150,2351,1,1
2134,fig|6666666.1036479.peg.3188,fig|6666666.1036479.peg.649,0.9111989319324494,0.001568627450980392,Medium,Medium,Medium–Medium,,,0,no STRING match,no STRING match,1951,2246,1,1
2135,fig|6666666.1036479.peg.253,fig|6666666.1036479.peg.704,0.911175811290741,0.001569362515390411,Low,Low,Low–Low,Hypothetical protein.,,0,secondary STRING hit (STRING protein assigned to a better match),no STRING match,2096,2268,1,1
2136,fig|6666666.1036479.peg.573,fig|6666666.1036479.peg.2455,0.9111397385597229,0.00157009757980043,Very Low,Medium,Very Low–Medium,Hypothetical protein.,,0,secondary STRING hit (STRING protein assigned to a better match),no STRING match,2210,3032,1,1
2137,fig|6666666.1036479.peg.1146,fig|6666666.1036479.peg.1152,0.9111312508583069,0.001570832644210449,Very Low,Very Low,Very Low–Very Low,,,0,no STRING match,no STRING match,2472,2477,1,1
2138,fig|6666666.1036479.peg.861,fig|6666666.1036479.peg.1080,0.9111181676387787,0.001571567708620468,High,High,High–High,,,0,no STRING match,no STRING match,2341,2424,1,1
2139,fig|6666666.1036479.peg.236,fig|6666666.1036479.peg.458,0.9111099898815155,0.0015723027730304869,Very Low,Low,Very Low–Low,,,0,no STRING match,no STRING match,2086,2168,1,1
2140,fig|6666666.1036479.peg.475,fig|6666666.1036479.peg.1519,0.9110819518566131,0.0015730378374405056,Low,High,Low–High,,,0,no STRING match,no STRING match,2175,2632,1,1
2141,fig|6666666.1036479.peg.320,fig|6666666.1036479.peg.2071,0.9110547006130219,0.0015737729018505246,Very Low,Medium,Very Low–Medium,,,0,no STRING match,no STRING match,2130,2862,1,1
2142,fig|6666666.1036479.peg.793,fig|6666666.1036479.peg.1814,0.9110130488872528,0.0015745079662605435,Medium,Very Low,Very Low–Medium,,,0,no STRING match,no STRING match,2320,2763,1,1
2143,fig|6666666.1036479.peg.1273,fig|6666666.1036479.peg.2414,0.9110058069229126,0.0015752430306705625,Very Low,Very Low,Very Low–Very Low,,,0,no STRING match,no STRING match,2524,3014,1,1
2144,fig|6666666.1036479.peg.727,fig|6666666.1036479.peg.1693,0.9109930157661438,0.0015759780950805814,Very Low,Medium,Very Low–Medium,,,0,no STRING match,no STRING match,2285,2718,1,1
2145,fig|6666666.1036479.peg.2545,fig|6666666.1036479.peg.866,0.9109553694725037,0.0015767131594906004,Very Low,High,Very Low–High,,,0,no STRING match,no STRING match,1638,2345,7,1
2146,fig|6666666.1036479.peg.2567,fig|6666666.1036479.peg.866,0.9109553694725037,0.0015774482239006194,Very Low,High,Very Low–High,,,0,no STRING match,no STRING match,1638,2345,7,1
2147,fig|6666666.1036479.peg.866,fig|6666666.1036479.peg.1573,0.9109553694725037,0.0015781832883106383,High,Very Low,Very Low–High,,,0,no STRING match,no STRING match,2345,1638,1,7
2148,fig|6666666.1036479.peg.866,fig|6666666.1036479.peg.1586,0.9109553694725037,0.001578918352720657,High,Very Low,Very Low–High,,,0,no STRING match,no STRING match,2345,1638,1,7
2149,fig|6666666.1036479.peg.866,fig|6666666.1036479.peg.1597,0.9109553694725037,0.001579653417130676,High,Very Low,Very Low–High,,,0,no STRING match,no STRING match,2345,1638,1,7
2150,fig|6666666.1036479.peg.866,fig|6666666.1036479.peg.1619,0.9109553694725037,0.001580388481540695,High,Very Low,Very Low–High,,,0,no STRING match,no STRING match,2345,1638,1,7
2151,fig|6666666.1036479.peg.866,fig|6666666.1036479.peg.1643,0.9109553694725037,0.001581123545950714,High,Very Low,Very Low–High,,,0,no STRING match,no STRING match,2345,1638,1,7
2152,fig|6666666.1036479.peg.874,fig|6666666.1036479.peg.2199,0.9109447658061981,0.0015818586103607329,Medium,Low,Low–Medium,,,0,no STRING match,no STRING match,2351,2936,1,1
2153,fig|6666666.1036479.peg.1673,fig|6666666.1036479.peg.2092,0.910942816734314,0.0015825936747707518,Very Low,Medium,Very Low–Medium,,,0,no STRING match,no STRING match,2713,2871,1,1
2154,fig|6666666.1036479.peg.3131,fig|6666666.1036479.peg.1410,0.9109228432178498,0.0015833287391807708,Low,Medium,Low–Medium,,,0,no STRING match,no STRING match,1923,2589,1,1
2155,fig|6666666.1036479.peg.2792,fig|6666666.1036479.peg.2920,0.9109162569046021,0.0015840638035907895,High,Very Low,Very Low–High,,,0,no STRING match,no STRING match,1754,1823,1,1
2156,fig|6666666.1036479.peg.1693,fig|6666666.1036479.peg.2327,0.9109004259109497,0.0015847988680008085,Medium,Medium,Medium–Medium,,,0,no STRING match,no STRING match,2718,2982,1,1
2157,fig|6666666.1036479.peg.370,fig|6666666.1036479.peg.867,0.910899031162262,0.0015855339324108274,High,Low,Low–High,,,0,no STRING match,no STRING match,2139,2346,1,1
2158,fig|6666666.1036479.peg.1693,fig|6666666.1036479.peg.1934,0.9108855187892914,0.0015862689968208464,Medium,Low,Low–Medium,,,0,no STRING match,no STRING match,2718,2801,1,1
2159,fig|6666666.1036479.peg.369,fig|6666666.1036479.peg.1080,0.9108713507652283,0.0015870040612308654,High,High,High–High,,,0,no STRING match,no STRING match,2138,2424,1,1
2160,fig|6666666.1036479.peg.3000,fig|6666666.1036479.peg.1273,0.9108687043190002,0.0015877391256408843,Very Low,Very Low,Very Low–Very Low,,,0,no STRING match,no STRING match,1863,2524,1,1
2161,fig|6666666.1036479.peg.2948,fig|6666666.1036479.peg.411,0.9108612895011902,0.0015884741900509033,High,Low,Low–High,,Hypothetical protein.,0,no STRING match,secondary STRING hit (STRING protein assigned to a better match),1843,2150,1,1
2162,fig|6666666.1036479.peg.1719,fig|6666666.1036479.peg.1961,0.9108014106750488,0.0015892092544609222,Medium,Medium,Medium–Medium,,,0,no STRING match,no STRING match,2727,2822,1,1
2163,fig|6666666.1036479.peg.856,fig|6666666.1036479.peg.1958,0.9107954442501068,0.001589944318870941,Low,Medium,Low–Medium,,,0,no STRING match,no STRING match,2340,2819,1,1
2164,fig|6666666.1036479.peg.793,fig|6666666.1036479.peg.2478,0.9107757985591889,0.00159067938328096,Medium,Very Low,Very Low–Medium,,,0,no STRING match,no STRING match,2320,3042,1,1
2165,fig|6666666.1036479.peg.728,fig|6666666.1036479.peg.866,0.9107700824737549,0.0015914144476909789,Medium,High,Medium–High,,,0,no STRING match,no STRING match,2286,2345,1,1
2166,fig|6666666.1036479.peg.3077,fig|6666666.1036479.peg.253,0.9107309341430664,0.0015921495121009978,Medium,Low,Low–Medium,,Hypothetical protein.,0,no STRING match,secondary STRING hit (STRING protein assigned to a better match),1900,2096,1,1
2167,fig|6666666.1036479.peg.2866,fig|6666666.1036479.peg.1138,0.9107049703598022,0.0015928845765110168,Very Low,Very Low,Very Low–Very Low,,,0,no STRING match,no STRING match,1798,2464,1,1
2168,fig|6666666.1036479.peg.2536,fig|6666666.1036479.peg.866,0.9106942772865295,0.0015936196409210358,Very Low,High,Very Low–High,,,0,no STRING match,no STRING match,1629,2345,1,1
2169,fig|6666666.1036479.peg.2536,fig|6666666.1036479.peg.1739,0.9106845915317535,0.0015943547053310547,Very Low,Very Low,Very Low–Very Low,,,0,no STRING match,no STRING match,1629,2731,1,1
2170,fig|6666666.1036479.peg.3222,fig|6666666.1036479.peg.1419,0.910651808977127,0.0015950897697410735,Medium,High,Medium–High,,,0,no STRING match,no STRING match,1972,2597,2,1
2171,fig|6666666.1036479.peg.138,fig|6666666.1036479.peg.1419,0.910651808977127,0.0015958248341510924,Medium,High,Medium–High,,,0,no STRING match,no STRING match,1972,2597,2,1
2172,fig|6666666.1036479.peg.2848,fig|6666666.1036479.peg.573,0.910614287853241,0.0015965598985611114,Very Low,Very Low,Very Low–Very Low,,Hypothetical protein.,0,no STRING match,secondary STRING hit (STRING protein assigned to a better match),1786,2210,1,1
2173,fig|6666666.1036479.peg.573,fig|6666666.1036479.peg.2091,0.9106125950813293,0.0015972949629711303,Very Low,Medium,Very Low–Medium,Hypothetical protein.,,0,secondary STRING hit (STRING protein assigned to a better match),no STRING match,2210,2870,1,1
2174,fig|6666666.1036479.peg.1719,fig|6666666.1036479.peg.1968,0.9106016397476197,0.0015980300273811493,Medium,Very Low,Very Low–Medium,,,0,no STRING match,no STRING match,2727,2827,1,1
2175,fig|6666666.1036479.peg.2672,fig|6666666.1036479.peg.721,0.9105853617191315,0.0015987650917911682,Medium,High,Medium–High,,Yd repeat protein; COG3209 Rhs family protein.,0,no STRING match,secondary STRING hit (STRING protein assigned to a better match),1704,2279,1,1
2176,fig|6666666.1036479.peg.3113,fig|6666666.1036479.peg.2092,0.9105713248252869,0.0015995001562011872,Very Low,Medium,Very Low–Medium,,,0,no STRING match,no STRING match,1915,2871,1,1
2177,fig|6666666.1036479.peg.3089,fig|6666666.1036479.peg.1946,0.9105619728565216,0.0016002352206112062,High,Medium,Medium–High,,,0,no STRING match,no STRING match,1907,2808,1,1
2178,fig|6666666.1036479.peg.861,fig|6666666.1036479.peg.1519,0.9105418622493744,0.0016009702850212249,High,High,High–High,,,0,no STRING match,no STRING match,2341,2632,1,1
2179,fig|6666666.1036479.peg.2948,fig|6666666.1036479.peg.3187,0.9105183780193329,0.0016017053494312438,High,Very Low,Very Low–High,,Hypothetical protein.,0,no STRING match,secondary STRING hit (STRING protein assigned to a better match),1843,1950,1,1
2180,fig|6666666.1036479.peg.649,fig|6666666.1036479.peg.1331,0.9104785084724426,0.0016024404138412628,Medium,Low,Low–Medium,,,0,no STRING match,no STRING match,2246,2548,1,1
2181,fig|6666666.1036479.peg.3222,fig|6666666.1036479.peg.2092,0.9104777872562408,0.0016031754782512818,Medium,Medium,Medium–Medium,,,0,no STRING match,no STRING match,1972,2871,2,1
2182,fig|6666666.1036479.peg.138,fig|6666666.1036479.peg.2092,0.9104777872562408,0.0016039105426613007,Medium,Medium,Medium–Medium,,,0,no STRING match,no STRING match,1972,2871,2,1
2183,fig|6666666.1036479.peg.1355,fig|6666666.1036479.peg.2071,0.9104703545570374,0.0016046456070713197,Medium,Medium,Medium–Medium,,,0,no STRING match,no STRING match,2564,2862,1,1
2184,fig|6666666.1036479.peg.865,fig|6666666.1036479.peg.1719,0.9104637205600739,0.0016053806714813386,Medium,Medium,Medium–Medium,,,0,no STRING match,no STRING match,2344,2727,1,1
2185,fig|6666666.1036479.peg.1195,fig|6666666.1036479.peg.1673,0.9104602813720704,0.0016061157358913574,Medium,Very Low,Very Low–Medium,,,0,no STRING match,no STRING match,2492,2713,1,1
2186,fig|6666666.1036479.peg.3083,fig|6666666.1036479.peg.793,0.9104105651378631,0.0016068508003013763,High,Medium,Medium–High,,,0,no STRING match,no STRING match,1905,2320,1,1
2187,fig|6666666.1036479.peg.3184,fig|6666666.1036479.peg.942,0.9103940069675446,0.0016075858647113953,Very Low,Very Low,Very Low–Very Low,,,0,no STRING match,no STRING match,1947,2389,1,1
2188,fig|6666666.1036479.peg.3131,fig|6666666.1036479.peg.1961,0.9103822112083435,0.0016083209291214142,Low,Medium,Low–Medium,,,0,no STRING match,no STRING match,1923,2822,1,1
2189,fig|6666666.1036479.peg.1719,fig|6666666.1036479.peg.2386,0.9103765189647675,0.0016090559935314332,Medium,Medium,Medium–Medium,,,0,no STRING match,no STRING match,2727,3000,1,1
2190,fig|6666666.1036479.peg.3083,fig|6666666.1036479.peg.475,0.91036958694458,0.0016097910579414522,High,Low,Low–High,,,0,no STRING match,no STRING match,1905,2175,1,1
2191,fig|6666666.1036479.peg.3131,fig|6666666.1036479.peg.2314,0.9103508114814758,0.0016105261223514711,Low,Medium,Low–Medium,,,0,no STRING match,no STRING match,1923,2973,1,1
2192,fig|6666666.1036479.peg.649,fig|6666666.1036479.peg.702,0.9103445053100586,0.00161126118676149,Medium,Medium,Medium–Medium,,,0,no STRING match,no STRING match,2246,2266,1,1
2193,fig|6666666.1036479.peg.1410,fig|6666666.1036479.peg.2071,0.9103389501571655,0.0016119962511715088,Medium,Medium,Medium–Medium,,,0,no STRING match,no STRING match,2589,2862,1,1
2194,fig|6666666.1036479.peg.1419,fig|6666666.1036479.peg.2042,0.9103349447250366,0.0016127313155815278,High,High,High–High,,,0,no STRING match,no STRING match,2597,2850,1,1
2195,fig|6666666.1036479.peg.2948,fig|6666666.1036479.peg.2436,0.9103323340415954,0.0016134663799915467,High,Medium,Medium–High,,,0,no STRING match,no STRING match,1843,3022,1,1
2196,fig|6666666.1036479.peg.2548,fig|6666666.1036479.peg.723,0.9103246212005616,0.0016142014444015657,High,High,High–High,,,0,no STRING match,no STRING match,1641,2281,1,1
2197,fig|6666666.1036479.peg.253,fig|6666666.1036479.peg.1195,0.9103203237056732,0.0016149365088115846,Low,Medium,Low–Medium,Hypothetical protein.,,0,secondary STRING hit (STRING protein assigned to a better match),no STRING match,2096,2492,1,1
2198,fig|6666666.1036479.peg.3083,fig|6666666.1036479.peg.1671,0.9103170752525329,0.0016156715732216036,High,High,High–High,,,0,no STRING match,no STRING match,1905,2712,1,1
2199,fig|6666666.1036479.peg.219,fig|6666666.1036479.peg.950,0.9103161513805389,0.0016164066376316226,Very Low,Very Low,Very Low–Very Low,,,0,no STRING match,no STRING match,2081,2392,1,1
2200,fig|6666666.1036479.peg.793,fig|6666666.1036479.peg.1268,0.9103139460086822,0.0016171417020416413,Medium,Medium,Medium–Medium,,,0,no STRING match,no STRING match,2320,2521,1,1
2201,fig|6666666.1036479.peg.1138,fig|6666666.1036479.peg.2063,0.9103025436401367,0.0016178767664516602,Very Low,Very Low,Very Low–Very Low,,,0,no STRING match,no STRING match,2464,2860,1,1
2202,fig|6666666.1036479.peg.2548,fig|6666666.1036479.peg.3180,0.9103017568588256,0.0016186118308616792,High,Very Low,Very Low–High,,,0,no STRING match,no STRING match,1641,1943,1,2
2203,fig|6666666.1036479.peg.2548,fig|6666666.1036479.peg.2380,0.9103017568588256,0.0016193468952716982,High,Very Low,Very Low–High,,,0,no STRING match,no STRING match,1641,1943,1,2
2204,fig|6666666.1036479.peg.2548,fig|6666666.1036479.peg.3184,0.9103002309799194,0.0016200819596817171,High,Very Low,Very Low–High,,,0,no STRING match,no STRING match,1641,1947,1,1
2205,fig|6666666.1036479.peg.3191,fig|6666666.1036479.peg.861,0.9102755546569824,0.001620817024091736,Medium,High,Medium–High,,,0,no STRING match,no STRING match,1954,2341,1,1
2206,fig|6666666.1036479.peg.299,fig|6666666.1036479.peg.856,0.9102745175361633,0.001621552088501755,Low,Low,Low–Low,,,0,no STRING match,no STRING match,2113,2340,1,1
2207,fig|6666666.1036479.peg.934,fig|6666666.1036479.peg.1064,0.9102708160877228,0.001622287152911774,Low,Medium,Low–Medium,,,0,no STRING match,no STRING match,2385,2414,1,1
2208,fig|6666666.1036479.peg.861,fig|6666666.1036479.peg.887,0.9102608978748321,0.0016230222173217927,High,Medium,Medium–High,,,0,no STRING match,no STRING match,2341,2362,1,1
2209,fig|6666666.1036479.peg.1719,fig|6666666.1036479.peg.1991,0.9102487325668335,0.0016237572817318117,Medium,Very Low,Very Low–Medium,,,0,no STRING match,no STRING match,2727,2837,1,1
2210,fig|6666666.1036479.peg.649,fig|6666666.1036479.peg.2327,0.9102457344532013,0.0016244923461418306,Medium,Medium,Medium–Medium,,,0,no STRING match,no STRING match,2246,2982,1,1
2211,fig|6666666.1036479.peg.2960,fig|6666666.1036479.peg.856,0.9102217316627502,0.0016252274105518496,Low,Low,Low–Low,,,0,no STRING match,no STRING match,1849,2340,1,1
2212,fig|6666666.1036479.peg.36,fig|6666666.1036479.peg.1673,0.910220843553543,0.0016259624749618686,Medium,Very Low,Very Low–Medium,,,0,no STRING match,no STRING match,2023,2713,2,1
2213,fig|6666666.1036479.peg.184,fig|6666666.1036479.peg.1673,0.910220843553543,0.0016266975393718875,Medium,Very Low,Very Low–Medium,,,0,no STRING match,no STRING match,2023,2713,2,1
2214,fig|6666666.1036479.peg.2843,fig|6666666.1036479.peg.1673,0.9102154552936554,0.0016274326037819065,Very Low,Very Low,Very Low–Very Low,,,0,no STRING match,no STRING match,1785,2713,1,1
2215,fig|6666666.1036479.peg.2988,fig|6666666.1036479.peg.1547,0.9102061867713929,0.0016281676681919252,Medium,High,Medium–High,Hypothetical protein.,,0,secondary STRING hit (STRING protein assigned to a better match),no STRING match,1859,2647,1,1
2216,fig|6666666.1036479.peg.2681,fig|6666666.1036479.peg.1195,0.9101913392543792,0.0016289027326019442,Low,Medium,Low–Medium,,,0,no STRING match,no STRING match,1706,2492,1,1
2217,fig|6666666.1036479.peg.887,fig|6666666.1036479.peg.1671,0.9101732552051545,0.0016296377970119631,Medium,High,Medium–High,,,0,no STRING match,no STRING match,2362,2712,1,1
2218,fig|6666666.1036479.peg.689,fig|6666666.1036479.peg.942,0.9101709365844727,0.001630372861421982,High,Very Low,Very Low–High,,,0,no STRING match,no STRING match,2261,2389,1,1
2219,fig|6666666.1036479.peg.817,fig|6666666.1036479.peg.856,0.9101609706878662,0.001631107925832001,Low,Low,Low–Low,Phospholipid/glycerol acyltransferase; COG4258 Predicted exporter.,,0,secondary STRING hit (STRING protein assigned to a better match),no STRING match,2329,2340,1,1
2220,fig|6666666.1036479.peg.689,fig|6666666.1036479.peg.1547,0.9101529777050018,0.00163184299024202,High,High,High–High,,,0,no STRING match,no STRING match,2261,2647,1,1
2221,fig|6666666.1036479.peg.3131,fig|6666666.1036479.peg.1284,0.9101521909236908,0.001632578054652039,Low,High,Low–High,,,0,no STRING match,no STRING match,1923,2525,1,1
2222,fig|6666666.1036479.peg.856,fig|6666666.1036479.peg.1115,0.9101468443870544,0.001633313119062058,Low,Very Low,Very Low–Low,,,0,no STRING match,no STRING match,2340,2446,1,1
2223,fig|6666666.1036479.peg.3207,fig|6666666.1036479.peg.458,0.9101455986499787,0.0016340481834720766,Medium,Low,Low–Medium,,,0,no STRING match,no STRING match,1965,2168,1,1
2224,fig|6666666.1036479.peg.725,fig|6666666.1036479.peg.1693,0.910144430398941,0.0016347832478820956,Very Low,Medium,Very Low–Medium,,,0,no STRING match,no STRING match,2283,2718,1,1
2225,fig|6666666.1036479.peg.899,fig|6666666.1036479.peg.2414,0.9101380825042724,0.0016355183122921146,Very Low,Very Low,Very Low–Very Low,,,0,no STRING match,no STRING match,2369,3014,1,1
2226,fig|6666666.1036479.peg.475,fig|6666666.1036479.peg.1394,0.9101370990276336,0.0016362533767021335,Low,Medium,Low–Medium,,,0,no STRING match,no STRING match,2175,2583,1,1
2227,fig|6666666.1036479.peg.62,fig|6666666.1036479.peg.856,0.9101237475872039,0.0016369884411121525,Low,Low,Low–Low,,,0,no STRING match,no STRING match,2040,2340,1,1
2228,fig|6666666.1036479.peg.3166,fig|6666666.1036479.peg.1147,0.9101214289665223,0.0016377235055221714,Very Low,Very Low,Very Low–Very Low,,,0,no STRING match,no STRING match,1935,2473,1,1
2229,fig|6666666.1036479.peg.458,fig|6666666.1036479.peg.1547,0.9101114630699157,0.0016384585699321904,Low,High,Low–High,,,0,no STRING match,no STRING match,2168,2647,1,1
2230,fig|6666666.1036479.peg.2506,fig|6666666.1036479.peg.370,0.910083121061325,0.0016391936343422091,Very Low,High,Very Low–High,,,0,no STRING match,no STRING match,1613,2139,6,1
2231,fig|6666666.1036479.peg.2516,fig|6666666.1036479.peg.370,0.910083121061325,0.001639928698752228,Very Low,High,Very Low–High,,,0,no STRING match,no STRING match,1613,2139,6,1
2232,fig|6666666.1036479.peg.2522,fig|6666666.1036479.peg.370,0.910083121061325,0.001640663763162247,Very Low,High,Very Low–High,,,0,no STRING match,no STRING match,1613,2139,6,1
2233,fig|6666666.1036479.peg.370,fig|6666666.1036479.peg.974,0.910083121061325,0.001641398827572266,High,Very Low,Very Low–High,,,0,no STRING match,no STRING match,2139,1613,1,6
2234,fig|6666666.1036479.peg.370,fig|6666666.1036479.peg.979,0.910083121061325,0.001642133891982285,High,Very Low,Very Low–High,,,0,no STRING match,no STRING match,2139,1613,1,6
2235,fig|6666666.1036479.peg.370,fig|6666666.1036479.peg.2491,0.910083121061325,0.001642868956392304,High,Very Low,Very Low–High,,,0,no STRING match,no STRING match,2139,1613,1,6
2236,fig|6666666.1036479.peg.793,fig|6666666.1036479.peg.2327,0.9100658893585205,0.0016436040208023229,Medium,Medium,Medium–Medium,,,0,no STRING match,no STRING match,2320,2982,1,1
2237,fig|6666666.1036479.peg.2548,fig|6666666.1036479.peg.453,0.9100633442401886,0.0016443390852123418,High,Very Low,Very Low–High,,,0,no STRING match,no STRING match,1641,2166,1,1
2238,fig|6666666.1036479.peg.889,fig|6666666.1036479.peg.942,0.9100621521472931,0.0016450741496223606,Low,Very Low,Very Low–Low,,,0,no STRING match,no STRING match,2364,2389,1,1
2239,fig|6666666.1036479.peg.3188,fig|6666666.1036479.peg.1739,0.910048496723175,0.0016458092140323795,Medium,Very Low,Very Low–Medium,,,0,no STRING match,no STRING match,1951,2731,1,1
2240,fig|6666666.1036479.peg.1719,fig|6666666.1036479.peg.1764,0.9100481033325195,0.0016465442784423985,Medium,Low,Low–Medium,,,0,no STRING match,no STRING match,2727,2739,1,1
2241,fig|6666666.1036479.peg.2762,fig|6666666.1036479.peg.1195,0.9100434362888337,0.0016472793428524174,Medium,Medium,Medium–Medium,Hypothetical protein.,,0,secondary STRING hit (STRING protein assigned to a better match),no STRING match,1741,2492,1,1
2242,fig|6666666.1036479.peg.1140,fig|6666666.1036479.peg.1141,0.9100345611572266,0.0016480144072624364,Very Low,Very Low,Very Low–Very Low,,,0,no STRING match,no STRING match,2466,2467,1,1
2243,fig|6666666.1036479.peg.866,fig|6666666.1036479.peg.1673,0.9100257933139801,0.0016487494716724554,High,Very Low,Very Low–High,,,0,no STRING match,no STRING match,2345,2713,1,1
2244,fig|6666666.1036479.peg.3083,fig|6666666.1036479.peg.1693,0.9100156366825104,0.0016494845360824743,High,Medium,Medium–High,,,0,no STRING match,no STRING match,1905,2718,1,1
2245,fig|6666666.1036479.peg.3187,fig|6666666.1036479.peg.942,0.9100093603134155,0.001650219600492493,Very Low,Very Low,Very Low–Very Low,Hypothetical protein.,,0,secondary STRING hit (STRING protein assigned to a better match),no STRING match,1950,2389,1,1
2246,fig|6666666.1036479.peg.411,fig|6666666.1036479.peg.781,0.9100018620491028,0.001650954664902512,Low,Medium,Low–Medium,Hypothetical protein.,,0,secondary STRING hit (STRING protein assigned to a better match),no STRING match,2150,2315,1,1
2247,fig|6666666.1036479.peg.3222,fig|6666666.1036479.peg.536,0.909961485862732,0.001651689729312531,Medium,Medium,Medium–Medium,,,0,no STRING match,no STRING match,1972,2193,2,1
2248,fig|6666666.1036479.peg.138,fig|6666666.1036479.peg.536,0.909961485862732,0.00165242479372255,Medium,Medium,Medium–Medium,,,0,no STRING match,no STRING match,1972,2193,2,1
2249,fig|6666666.1036479.peg.1074,fig|6666666.1036479.peg.2071,0.9099530458450318,0.0016531598581325689,High,Medium,Medium–High,,,0,no STRING match,no STRING match,2418,2862,1,1
2250,fig|6666666.1036479.peg.253,fig|6666666.1036479.peg.649,0.9099467396736145,0.0016538949225425878,Low,Medium,Low–Medium,Hypothetical protein.,,0,secondary STRING hit (STRING protein assigned to a better match),no STRING match,2096,2246,1,1
2251,fig|6666666.1036479.peg.411,fig|6666666.1036479.peg.1416,0.9099459230899811,0.0016546299869526068,Low,Medium,Low–Medium,Hypothetical protein.,,0,secondary STRING hit (STRING protein assigned to a better match),no STRING match,2150,2595,1,1
2252,fig|6666666.1036479.peg.320,fig|6666666.1036479.peg.1719,0.9099458873271942,0.0016553650513626257,Very Low,Medium,Very Low–Medium,,,0,no STRING match,no STRING match,2130,2727,1,1
2253,fig|6666666.1036479.peg.281,fig|6666666.1036479.peg.856,0.9099451065063476,0.0016561001157726445,Very Low,Low,Very Low–Low,,,0,no STRING match,no STRING match,2108,2340,1,1
2254,fig|6666666.1036479.peg.475,fig|6666666.1036479.peg.1543,0.909937995672226,0.0016568351801826634,Low,Medium,Low–Medium,,,0,no STRING match,no STRING match,2175,2644,1,1
2255,fig|6666666.1036479.peg.1064,fig|6666666.1036479.peg.2092,0.909914368391037,0.0016575702445926824,Medium,Medium,Medium–Medium,,,0,no STRING match,no STRING match,2414,2871,1,1
2256,fig|6666666.1036479.peg.536,fig|6666666.1036479.peg.2156,0.9099106788635254,0.0016583053090027014,Medium,Very Low,Very Low–Medium,,,0,no STRING match,no STRING match,2193,2906,1,1
2257,fig|6666666.1036479.peg.2988,fig|6666666.1036479.peg.2383,0.9098967850208283,0.0016590403734127203,Medium,Very Low,Very Low–Medium,Hypothetical protein.,Hypothetical protein.,0,secondary STRING hit (STRING protein assigned to a better match),secondary STRING hit (STRING protein assigned to a better match),1859,2997,1,1
2258,fig|6666666.1036479.peg.2788,fig|6666666.1036479.peg.1739,0.9098908007144928,0.0016597754378227393,Medium,Very Low,Very Low–Medium,,,0,no STRING match,no STRING match,1752,2731,1,1
2259,fig|6666666.1036479.peg.1671,fig|6666666.1036479.peg.2185,0.9098851323127747,0.0016605105022327582,High,Very Low,Very Low–High,,,0,no STRING match,no STRING match,2712,2931,1,1
2260,fig|6666666.1036479.peg.3020,fig|6666666.1036479.peg.1394,0.9098714590072632,0.001661245566642777,Low,Medium,Low–Medium,,,0,no STRING match,no STRING match,1878,2583,1,1
2261,fig|6666666.1036479.peg.649,fig|6666666.1036479.peg.726,0.9098632335662842,0.001661980631052796,Medium,Very Low,Very Low–Medium,,,0,no STRING match,no STRING match,2246,2284,1,1
2262,fig|6666666.1036479.peg.3188,fig|6666666.1036479.peg.861,0.9098597288131713,0.0016627156954628149,Medium,High,Medium–High,,,0,no STRING match,no STRING match,1951,2341,1,1
2263,fig|6666666.1036479.peg.411,fig|6666666.1036479.peg.2049,0.9098361134529114,0.0016634507598728338,Low,Very Low,Very Low–Low,Hypothetical protein.,,0,secondary STRING hit (STRING protein assigned to a better match),no STRING match,2150,2851,1,1
2264,fig|6666666.1036479.peg.899,fig|6666666.1036479.peg.1161,0.909832912683487,0.0016641858242828528,Very Low,Very Low,Very Low–Very Low,,,0,no STRING match,no STRING match,2369,2482,1,1
2265,fig|6666666.1036479.peg.2681,fig|6666666.1036479.peg.1074,0.9098306238651276,0.0016649208886928718,Low,High,Low–High,,,0,no STRING match,no STRING match,1706,2418,1,1
2266,fig|6666666.1036479.peg.2506,fig|6666666.1036479.peg.2511,0.909824788570404,0.0016656559531028907,Very Low,Medium,Very Low–Medium,,,0,no STRING match,no STRING match,1613,1618,6,8
2267,fig|6666666.1036479.peg.2506,fig|6666666.1036479.peg.2528,0.909824788570404,0.0016663910175129097,Very Low,Medium,Very Low–Medium,,,0,no STRING match,no STRING match,1613,1618,6,8
2268,fig|6666666.1036479.peg.2506,fig|6666666.1036479.peg.973,0.909824788570404,0.0016671260819229284,Very Low,Medium,Very Low–Medium,,,0,no STRING match,no STRING match,1613,1618,6,8
2269,fig|6666666.1036479.peg.2506,fig|6666666.1036479.peg.978,0.909824788570404,0.0016678611463329474,Very Low,Medium,Very Low–Medium,,,0,no STRING match,no STRING match,1613,1618,6,8
2270,fig|6666666.1036479.peg.2506,fig|6666666.1036479.peg.983,0.909824788570404,0.0016685962107429663,Very Low,Medium,Very Low–Medium,,,0,no STRING match,no STRING match,1613,1618,6,8
2271,fig|6666666.1036479.peg.2506,fig|6666666.1036479.peg.991,0.909824788570404,0.0016693312751529853,Very Low,Medium,Very Low–Medium,,,0,no STRING match,no STRING match,1613,1618,6,8
2272,fig|6666666.1036479.peg.2506,fig|6666666.1036479.peg.2487,0.909824788570404,0.0016700663395630042,Very Low,Medium,Very Low–Medium,,,0,no STRING match,no STRING match,1613,1618,6,8
2273,fig|6666666.1036479.peg.2506,fig|6666666.1036479.peg.2496,0.909824788570404,0.0016708014039730232,Very Low,Medium,Very Low–Medium,,,0,no STRING match,no STRING match,1613,1618,6,8
2274,fig|6666666.1036479.peg.2511,fig|6666666.1036479.peg.2516,0.909824788570404,0.0016715364683830421,Medium,Very Low,Very Low–Medium,,,0,no STRING match,no STRING match,1618,1613,8,6
2275,fig|6666666.1036479.peg.2511,fig|6666666.1036479.peg.2522,0.909824788570404,0.0016722715327930609,Medium,Very Low,Very Low–Medium,,,0,no STRING match,no STRING match,1618,1613,8,6
2276,fig|6666666.1036479.peg.2511,fig|6666666.1036479.peg.974,0.909824788570404,0.0016730065972030798,Medium,Very Low,Very Low–Medium,,,0,no STRING match,no STRING match,1618,1613,8,6
2277,fig|6666666.1036479.peg.2511,fig|6666666.1036479.peg.979,0.909824788570404,0.0016737416616130988,Medium,Very Low,Very Low–Medium,,,0,no STRING match,no STRING match,1618,1613,8,6
2278,fig|6666666.1036479.peg.2511,fig|6666666.1036479.peg.2491,0.909824788570404,0.0016744767260231178,Medium,Very Low,Very Low–Medium,,,0,no STRING match,no STRING match,1618,1613,8,6
2279,fig|6666666.1036479.peg.2516,fig|6666666.1036479.peg.2528,0.909824788570404,0.0016752117904331367,Very Low,Medium,Very Low–Medium,,,0,no STRING match,no STRING match,1613,1618,6,8
2280,fig|6666666.1036479.peg.2516,fig|6666666.1036479.peg.973,0.909824788570404,0.0016759468548431557,Very Low,Medium,Very Low–Medium,,,0,no STRING match,no STRING match,1613,1618,6,8
2281,fig|6666666.1036479.peg.2516,fig|6666666.1036479.peg.978,0.909824788570404,0.0016766819192531746,Very Low,Medium,Very Low–Medium,,,0,no STRING match,no STRING match,1613,1618,6,8
2282,fig|6666666.1036479.peg.2516,fig|6666666.1036479.peg.983,0.909824788570404,0.0016774169836631936,Very Low,Medium,Very Low–Medium,,,0,no STRING match,no STRING match,1613,1618,6,8
2283,fig|6666666.1036479.peg.2516,fig|6666666.1036479.peg.991,0.909824788570404,0.0016781520480732123,Very Low,Medium,Very Low–Medium,,,0,no STRING match,no STRING match,1613,1618,6,8
2284,fig|6666666.1036479.peg.2516,fig|6666666.1036479.peg.2487,0.909824788570404,0.0016788871124832313,Very Low,Medium,Very Low–Medium,,,0,no STRING match,no STRING match,1613,1618,6,8
2285,fig|6666666.1036479.peg.2516,fig|6666666.1036479.peg.2496,0.909824788570404,0.0016796221768932502,Very Low,Medium,Very Low–Medium,,,0,no STRING match,no STRING match,1613,1618,6,8
2286,fig|6666666.1036479.peg.2522,fig|6666666.1036479.peg.2528,0.909824788570404,0.0016803572413032692,Very Low,Medium,Very Low–Medium,,,0,no STRING match,no STRING match,1613,1618,6,8
2287,fig|6666666.1036479.peg.2522,fig|6666666.1036479.peg.973,0.909824788570404,0.0016810923057132882,Very Low,Medium,Very Low–Medium,,,0,no STRING match,no STRING match,1613,1618,6,8
2288,fig|6666666.1036479.peg.2522,fig|6666666.1036479.peg.978,0.909824788570404,0.001681827370123307,Very Low,Medium,Very Low–Medium,,,0,no STRING match,no STRING match,1613,1618,6,8
2289,fig|6666666.1036479.peg.2522,fig|6666666.1036479.peg.983,0.909824788570404,0.001682562434533326,Very Low,Medium,Very Low–Medium,,,0,no STRING match,no STRING match,1613,1618,6,8
2290,fig|6666666.1036479.peg.2522,fig|6666666.1036479.peg.991,0.909824788570404,0.0016832974989433448,Very Low,Medium,Very Low–Medium,,,0,no STRING match,no STRING match,1613,1618,6,8
2291,fig|6666666.1036479.peg.2522,fig|6666666.1036479.peg.2487,0.909824788570404,0.0016840325633533638,Very Low,Medium,Very Low–Medium,,,0,no STRING match,no STRING match,1613,1618,6,8
2292,fig|6666666.1036479.peg.2522,fig|6666666.1036479.peg.2496,0.909824788570404,0.0016847676277633827,Very Low,Medium,Very Low–Medium,,,0,no STRING match,no STRING match,1613,1618,6,8
2293,fig|6666666.1036479.peg.2528,fig|6666666.1036479.peg.974,0.909824788570404,0.0016855026921734017,Medium,Very Low,Very Low–Medium,,,0,no STRING match,no STRING match,1618,1613,8,6
2294,fig|6666666.1036479.peg.2528,fig|6666666.1036479.peg.979,0.909824788570404,0.0016862377565834206,Medium,Very Low,Very Low–Medium,,,0,no STRING match,no STRING match,1618,1613,8,6
2295,fig|6666666.1036479.peg.2528,fig|6666666.1036479.peg.2491,0.909824788570404,0.0016869728209934396,Medium,Very Low,Very Low–Medium,,,0,no STRING match,no STRING match,1618,1613,8,6
2296,fig|6666666.1036479.peg.973,fig|6666666.1036479.peg.974,0.909824788570404,0.0016877078854034585,Medium,Very Low,Very Low–Medium,,,0,no STRING match,no STRING match,1618,1613,8,6
2297,fig|6666666.1036479.peg.973,fig|6666666.1036479.peg.979,0.909824788570404,0.0016884429498134775,Medium,Very Low,Very Low–Medium,,,0,no STRING match,no STRING match,1618,1613,8,6
2298,fig|6666666.1036479.peg.973,fig|6666666.1036479.peg.2491,0.909824788570404,0.0016891780142234962,Medium,Very Low,Very Low–Medium,,,0,no STRING match,no STRING match,1618,1613,8,6
2299,fig|6666666.1036479.peg.974,fig|6666666.1036479.peg.978,0.909824788570404,0.0016899130786335152,Very Low,Medium,Very Low–Medium,,,0,no STRING match,no STRING match,1613,1618,6,8
2300,fig|6666666.1036479.peg.974,fig|6666666.1036479.peg.983,0.909824788570404,0.0016906481430435342,Very Low,Medium,Very Low–Medium,,,0,no STRING match,no STRING match,1613,1618,6,8
2301,fig|6666666.1036479.peg.974,fig|6666666.1036479.peg.991,0.909824788570404,0.0016913832074535531,Very Low,Medium,Very Low–Medium,,,0,no STRING match,no STRING match,1613,1618,6,8
2302,fig|6666666.1036479.peg.974,fig|6666666.1036479.peg.2487,0.909824788570404,0.001692118271863572,Very Low,Medium,Very Low–Medium,,,0,no STRING match,no STRING match,1613,1618,6,8
2303,fig|6666666.1036479.peg.974,fig|6666666.1036479.peg.2496,0.909824788570404,0.001692853336273591,Very Low,Medium,Very Low–Medium,,,0,no STRING match,no STRING match,1613,1618,6,8
2304,fig|6666666.1036479.peg.978,fig|6666666.1036479.peg.979,0.909824788570404,0.00169358840068361,Medium,Very Low,Very Low–Medium,,,0,no STRING match,no STRING match,1618,1613,8,6
2305,fig|6666666.1036479.peg.978,fig|6666666.1036479.peg.2491,0.909824788570404,0.0016943234650936287,Medium,Very Low,Very Low–Medium,,,0,no STRING match,no STRING match,1618,1613,8,6
2306,fig|6666666.1036479.peg.979,fig|6666666.1036479.peg.983,0.909824788570404,0.0016950585295036477,Very Low,Medium,Very Low–Medium,,,0,no STRING match,no STRING match,1613,1618,6,8
2307,fig|6666666.1036479.peg.979,fig|6666666.1036479.peg.991,0.909824788570404,0.0016957935939136666,Very Low,Medium,Very Low–Medium,,,0,no STRING match,no STRING match,1613,1618,6,8
2308,fig|6666666.1036479.peg.979,fig|6666666.1036479.peg.2487,0.909824788570404,0.0016965286583236856,Very Low,Medium,Very Low–Medium,,,0,no STRING match,no STRING match,1613,1618,6,8
2309,fig|6666666.1036479.peg.979,fig|6666666.1036479.peg.2496,0.909824788570404,0.0016972637227337046,Very Low,Medium,Very Low–Medium,,,0,no STRING match,no STRING match,1613,1618,6,8
2310,fig|6666666.1036479.peg.983,fig|6666666.1036479.peg.2491,0.909824788570404,0.0016979987871437235,Medium,Very Low,Very Low–Medium,,,0,no STRING match,no STRING match,1618,1613,8,6
2311,fig|6666666.1036479.peg.991,fig|6666666.1036479.peg.2491,0.909824788570404,0.0016987338515537425,Medium,Very Low,Very Low–Medium,,,0,no STRING match,no STRING match,1618,1613,8,6
2312,fig|6666666.1036479.peg.2487,fig|6666666.1036479.peg.2491,0.909824788570404,0.0016994689159637614,Medium,Very Low,Very Low–Medium,,,0,no STRING match,no STRING match,1618,1613,8,6
2313,fig|6666666.1036479.peg.2491,fig|6666666.1036479.peg.2496,0.909824788570404,0.0017002039803737802,Very Low,Medium,Very Low–Medium,,,0,no STRING match,no STRING match,1613,1618,6,8
2314,fig|6666666.1036479.peg.3180,fig|6666666.1036479.peg.649,0.9098192393779755,0.0017009390447837991,Very Low,Medium,Very Low–Medium,,,0,no STRING match,no STRING match,1943,2246,2,1
2315,fig|6666666.1036479.peg.649,fig|6666666.1036479.peg.2380,0.9098192393779755,0.001701674109193818,Medium,Very Low,Very Low–Medium,,,0,no STRING match,no STRING match,2246,1943,1,2
2316,fig|6666666.1036479.peg.1489,fig|6666666.1036479.peg.1719,0.9098145008087158,0.001702409173603837,Very Low,Medium,Very Low–Medium,,,0,no STRING match,no STRING match,2617,2727,1,1
2317,fig|6666666.1036479.peg.309,fig|6666666.1036479.peg.856,0.909767884016037,0.001703144238013856,Very Low,Low,Very Low–Low,,,0,no STRING match,no STRING match,2122,2340,1,1
2318,fig|6666666.1036479.peg.3131,fig|6666666.1036479.peg.1886,0.9097555041313171,0.001703879302423875,Low,Very Low,Very Low–Low,,,0,no STRING match,no STRING match,1923,2782,1,1
2319,fig|6666666.1036479.peg.3076,fig|6666666.1036479.peg.2436,0.9097466766834259,0.001704614366833894,High,Medium,Medium–High,,,0,no STRING match,no STRING match,1899,3022,1,1
2320,fig|6666666.1036479.peg.3187,fig|6666666.1036479.peg.2114,0.9097414433956146,0.0017053494312439126,Very Low,Very Low,Very Low–Very Low,Hypothetical protein.,"COG1629 Outer membrane receptor proteins, mostly Fe transport.",0,secondary STRING hit (STRING protein assigned to a better match),secondary STRING hit (STRING protein assigned to a better match),1950,2884,1,1
2321,fig|6666666.1036479.peg.2792,fig|6666666.1036479.peg.3113,0.9097399294376374,0.0017060844956539316,High,Very Low,Very Low–High,,,0,no STRING match,no STRING match,1754,1915,1,1
2322,fig|6666666.1036479.peg.1145,fig|6666666.1036479.peg.1160,0.9097348630428315,0.0017068195600639506,Very Low,Very Low,Very Low–Very Low,,,0,no STRING match,no STRING match,2471,2481,1,1
2323,fig|6666666.1036479.peg.2988,fig|6666666.1036479.peg.903,0.9097279965877533,0.0017075546244739695,Medium,Medium,Medium–Medium,Hypothetical protein.,,0,secondary STRING hit (STRING protein assigned to a better match),no STRING match,1859,2371,1,1
2324,fig|6666666.1036479.peg.364,fig|6666666.1036479.peg.1080,0.9097195327281952,0.0017082896888839885,Low,High,Low–High,,,0,no STRING match,no STRING match,2137,2424,1,1
2325,fig|6666666.1036479.peg.36,fig|6666666.1036479.peg.411,0.9097116947174072,0.0017090247532940074,Medium,Low,Low–Medium,,Hypothetical protein.,0,no STRING match,secondary STRING hit (STRING protein assigned to a better match),2023,2150,2,1
2326,fig|6666666.1036479.peg.184,fig|6666666.1036479.peg.411,0.9097116947174072,0.0017097598177040264,Medium,Low,Low–Medium,,Hypothetical protein.,0,no STRING match,secondary STRING hit (STRING protein assigned to a better match),2023,2150,2,1
2327,fig|6666666.1036479.peg.1983,fig|6666666.1036479.peg.2071,0.9097098052501679,0.0017104948821140453,Very Low,Medium,Very Low–Medium,,,0,no STRING match,no STRING match,2834,2862,1,1
2328,fig|6666666.1036479.peg.793,fig|6666666.1036479.peg.2185,0.9096957206726074,0.001711229946524064,Medium,Very Low,Very Low–Medium,,,0,no STRING match,no STRING match,2320,2931,1,1
2329,fig|6666666.1036479.peg.411,fig|6666666.1036479.peg.793,0.9096842586994172,0.001711965010934083,Low,Medium,Low–Medium,Hypothetical protein.,,0,secondary STRING hit (STRING protein assigned to a better match),no STRING match,2150,2320,1,1
2330,fig|6666666.1036479.peg.3187,fig|6666666.1036479.peg.2364,0.9096823453903198,0.001712700075344102,Very Low,Medium,Very Low–Medium,Hypothetical protein.,,0,secondary STRING hit (STRING protein assigned to a better match),no STRING match,1950,2994,1,1
2331,fig|6666666.1036479.peg.2814,fig|6666666.1036479.peg.411,0.9096703231334686,0.001713435139754121,Very Low,Low,Very Low–Low,,Hypothetical protein.,0,no STRING match,secondary STRING hit (STRING protein assigned to a better match),1765,2150,1,1
2332,fig|6666666.1036479.peg.2648,fig|6666666.1036479.peg.874,0.9096683084964752,0.00171417020416414,Very Low,Medium,Very Low–Medium,,,0,no STRING match,no STRING match,1695,2351,1,1
2333,fig|6666666.1036479.peg.2092,fig|6666666.1036479.peg.2455,0.9096627771854401,0.0017149052685741589,Medium,Medium,Medium–Medium,,,0,no STRING match,no STRING match,2871,3032,1,1
2334,fig|6666666.1036479.peg.2672,fig|6666666.1036479.peg.1547,0.9096596479415894,0.0017156403329841778,Medium,High,Medium–High,,,0,no STRING match,no STRING match,1704,2647,1,1
2335,fig|6666666.1036479.peg.934,fig|6666666.1036479.peg.1308,0.9096515595912933,0.0017163753973941966,Low,Medium,Low–Medium,,,0,no STRING match,no STRING match,2385,2532,1,1
2336,fig|6666666.1036479.peg.725,fig|6666666.1036479.peg.793,0.909612500667572,0.0017171104618042155,Very Low,Medium,Very Low–Medium,,,0,no STRING match,no STRING match,2283,2320,1,1
2337,fig|6666666.1036479.peg.2672,fig|6666666.1036479.peg.903,0.9096115171909332,0.0017178455262142345,Medium,Medium,Medium–Medium,,,0,no STRING match,no STRING match,1704,2371,1,1
2338,fig|6666666.1036479.peg.2948,fig|6666666.1036479.peg.3222,0.9096096932888031,0.0017185805906242534,High,Medium,Medium–High,,,0,no STRING match,no STRING match,1843,1972,1,2
2339,fig|6666666.1036479.peg.2948,fig|6666666.1036479.peg.138,0.9096096932888031,0.0017193156550342724,High,Medium,Medium–High,,,0,no STRING match,no STRING match,1843,1972,1,2
2340,fig|6666666.1036479.peg.3222,fig|6666666.1036479.peg.942,0.9096096336841584,0.0017200507194442913,Medium,Very Low,Very Low–Medium,,,0,no STRING match,no STRING match,1972,2389,2,1
2341,fig|6666666.1036479.peg.138,fig|6666666.1036479.peg.942,0.9096096336841584,0.0017207857838543103,Medium,Very Low,Very Low–Medium,,,0,no STRING match,no STRING match,1972,2389,2,1
2342,fig|6666666.1036479.peg.709,fig|6666666.1036479.peg.856,0.9096039414405823,0.0017215208482643293,Low,Low,Low–Low,,,0,no STRING match,no STRING match,2269,2340,1,1
2343,fig|6666666.1036479.peg.2092,fig|6666666.1036479.peg.2436,0.9096003949642182,0.001722255912674348,Medium,Medium,Medium–Medium,,,0,no STRING match,no STRING match,2871,3022,1,1
2344,fig|6666666.1036479.peg.3131,fig|6666666.1036479.peg.2337,0.9095914661884308,0.001722990977084367,Low,Very Low,Very Low–Low,,,0,no STRING match,no STRING match,1923,2987,1,1
2345,fig|6666666.1036479.peg.2545,fig|6666666.1036479.peg.253,0.9095893263816833,0.001723726041494386,Very Low,Low,Very Low–Low,,Hypothetical protein.,0,no STRING match,secondary STRING hit (STRING protein assigned to a better match),1638,2096,7,1
2346,fig|6666666.1036479.peg.2567,fig|6666666.1036479.peg.253,0.9095893263816833,0.0017244611059044049,Very Low,Low,Very Low–Low,,Hypothetical protein.,0,no STRING match,secondary STRING hit (STRING protein assigned to a better match),1638,2096,7,1
2347,fig|6666666.1036479.peg.253,fig|6666666.1036479.peg.1573,0.9095893263816833,0.0017251961703144238,Low,Very Low,Very Low–Low,Hypothetical protein.,,0,secondary STRING hit (STRING protein assigned to a better match),no STRING match,2096,1638,1,7
2348,fig|6666666.1036479.peg.253,fig|6666666.1036479.peg.1586,0.9095893263816833,0.0017259312347244428,Low,Very Low,Very Low–Low,Hypothetical protein.,,0,secondary STRING hit (STRING protein assigned to a better match),no STRING match,2096,1638,1,7
2349,fig|6666666.1036479.peg.253,fig|6666666.1036479.peg.1597,0.9095893263816833,0.0017266662991344617,Low,Very Low,Very Low–Low,Hypothetical protein.,,0,secondary STRING hit (STRING protein assigned to a better match),no STRING match,2096,1638,1,7
2350,fig|6666666.1036479.peg.253,fig|6666666.1036479.peg.1619,0.9095893263816833,0.0017274013635444805,Low,Very Low,Very Low–Low,Hypothetical protein.,,0,secondary STRING hit (STRING protein assigned to a better match),no STRING match,2096,1638,1,7
2351,fig|6666666.1036479.peg.253,fig|6666666.1036479.peg.1643,0.9095893263816833,0.0017281364279544994,Low,Very Low,Very Low–Low,Hypothetical protein.,,0,secondary STRING hit (STRING protein assigned to a better match),no STRING match,2096,1638,1,7
2352,fig|6666666.1036479.peg.244,fig|6666666.1036479.peg.411,0.9095713257789612,0.0017288714923645184,Very Low,Low,Very Low–Low,,Hypothetical protein.,0,no STRING match,secondary STRING hit (STRING protein assigned to a better match),2092,2150,1,1
2353,fig|6666666.1036479.peg.2536,fig|6666666.1036479.peg.253,0.9095546007156372,0.0017296065567745374,Very Low,Low,Very Low–Low,,Hypothetical protein.,0,no STRING match,secondary STRING hit (STRING protein assigned to a better match),1629,2096,1,1
2354,fig|6666666.1036479.peg.1771,fig|6666666.1036479.peg.2071,0.909533429145813,0.0017303416211845563,Medium,Medium,Medium–Medium,,,0,no STRING match,no STRING match,2743,2862,1,1
2355,fig|6666666.1036479.peg.2690,fig|6666666.1036479.peg.219,0.9095311462879181,0.0017310766855945753,Medium,Very Low,Very Low–Medium,,,0,no STRING match,no STRING match,1710,2081,1,1
2356,fig|6666666.1036479.peg.721,fig|6666666.1036479.peg.861,0.9095309734344482,0.0017318117500045942,High,High,High–High,Yd repeat protein; COG3209 Rhs family protein.,,0,secondary STRING hit (STRING protein assigned to a better match),no STRING match,2279,2341,1,1
2357,fig|6666666.1036479.peg.856,fig|6666666.1036479.peg.1402,0.9095293581485748,0.0017325468144146132,Low,High,Low–High,,,0,no STRING match,no STRING match,2340,2585,1,1
2358,fig|6666666.1036479.peg.2681,fig|6666666.1036479.peg.370,0.9095268011093139,0.001733281878824632,Low,High,Low–High,,,0,no STRING match,no STRING match,1706,2139,1,1
2359,fig|6666666.1036479.peg.573,fig|6666666.1036479.peg.2156,0.9095140337944031,0.0017340169432346509,Very Low,Very Low,Very Low–Very Low,Hypothetical protein.,,0,secondary STRING hit (STRING protein assigned to a better match),no STRING match,2210,2906,1,1
2360,fig|6666666.1036479.peg.31,fig|6666666.1036479.peg.1719,0.9095115780830383,0.0017347520076446698,Very Low,Medium,Very Low–Medium,,,0,no STRING match,no STRING match,2018,2727,2,1
2361,fig|6666666.1036479.peg.179,fig|6666666.1036479.peg.1719,0.9095115780830383,0.0017354870720546888,Very Low,Medium,Very Low–Medium,,,0,no STRING match,no STRING match,2018,2727,2,1
2362,fig|6666666.1036479.peg.2605,fig|6666666.1036479.peg.856,0.9094982981681824,0.0017362221364647077,Very Low,Low,Very Low–Low,,,0,no STRING match,no STRING match,1670,2340,1,1
2363,fig|6666666.1036479.peg.1002,fig|6666666.1036479.peg.1739,0.9094731152057648,0.0017369572008747267,Medium,Very Low,Very Low–Medium,,,0,no STRING match,no STRING match,2399,2731,1,1
2364,fig|6666666.1036479.peg.861,fig|6666666.1036479.peg.1543,0.9094696164131164,0.0017376922652847457,High,Medium,Medium–High,,,0,no STRING match,no STRING match,2341,2644,1,1
2365,fig|6666666.1036479.peg.1149,fig|6666666.1036479.peg.1273,0.9094530522823334,0.0017384273296947644,Very Low,Very Low,Very Low–Very Low,,,0,no STRING match,no STRING match,2475,2524,1,1
2366,fig|6666666.1036479.peg.411,fig|6666666.1036479.peg.652,0.9094184160232544,0.0017391623941047834,Low,Very Low,Very Low–Low,Hypothetical protein.,,0,secondary STRING hit (STRING protein assigned to a better match),no STRING match,2150,2249,1,1
2367,fig|6666666.1036479.peg.2788,fig|6666666.1036479.peg.649,0.9093951940536499,0.0017398974585148023,Medium,Medium,Medium–Medium,,,0,no STRING match,no STRING match,1752,2246,1,1
2368,fig|6666666.1036479.peg.475,fig|6666666.1036479.peg.1934,0.9093920171260834,0.0017406325229248213,Low,Low,Low–Low,,,0,no STRING match,no STRING match,2175,2801,1,1
2369,fig|6666666.1036479.peg.1543,fig|6666666.1036479.peg.1693,0.909371680021286,0.0017413675873348402,Medium,Medium,Medium–Medium,,,0,no STRING match,no STRING match,2644,2718,1,1
2370,fig|6666666.1036479.peg.2762,fig|6666666.1036479.peg.1064,0.9092979669570923,0.0017421026517448592,Medium,Medium,Medium–Medium,Hypothetical protein.,,0,secondary STRING hit (STRING protein assigned to a better match),no STRING match,1741,2414,1,1
2371,fig|6666666.1036479.peg.411,fig|6666666.1036479.peg.458,0.9092655062675477,0.0017428377161548781,Low,Low,Low–Low,Hypothetical protein.,,0,secondary STRING hit (STRING protein assigned to a better match),no STRING match,2150,2168,1,1
2372,fig|6666666.1036479.peg.2506,fig|6666666.1036479.peg.881,0.9092643558979034,0.001743572780564897,Very Low,High,Very Low–High,,,0,no STRING match,no STRING match,1613,2356,6,1
2373,fig|6666666.1036479.peg.2516,fig|6666666.1036479.peg.881,0.9092643558979034,0.0017443078449749158,Very Low,High,Very Low–High,,,0,no STRING match,no STRING match,1613,2356,6,1
2374,fig|6666666.1036479.peg.2522,fig|6666666.1036479.peg.881,0.9092643558979034,0.0017450429093849348,Very Low,High,Very Low–High,,,0,no STRING match,no STRING match,1613,2356,6,1
2375,fig|6666666.1036479.peg.881,fig|6666666.1036479.peg.974,0.9092643558979034,0.0017457779737949538,High,Very Low,Very Low–High,,,0,no STRING match,no STRING match,2356,1613,1,6
2376,fig|6666666.1036479.peg.881,fig|6666666.1036479.peg.979,0.9092643558979034,0.0017465130382049727,High,Very Low,Very Low–High,,,0,no STRING match,no STRING match,2356,1613,1,6
2377,fig|6666666.1036479.peg.881,fig|6666666.1036479.peg.2491,0.9092643558979034,0.0017472481026149917,High,Very Low,Very Low–High,,,0,no STRING match,no STRING match,2356,1613,1,6
2378,fig|6666666.1036479.peg.861,fig|6666666.1036479.peg.1657,0.9092624545097351,0.0017479831670250106,High,Medium,Medium–High,,,0,no STRING match,no STRING match,2341,2707,1,1
2379,fig|6666666.1036479.peg.236,fig|6666666.1036479.peg.1419,0.9092588603496552,0.0017487182314350296,Very Low,High,Very Low–High,,,0,no STRING match,no STRING match,2086,2597,1,1
2380,fig|6666666.1036479.peg.3207,fig|6666666.1036479.peg.36,0.909253078699112,0.0017494532958450483,Medium,Medium,Medium–Medium,,,0,no STRING match,no STRING match,1965,2023,1,2
2381,fig|6666666.1036479.peg.3207,fig|6666666.1036479.peg.184,0.909253078699112,0.0017501883602550673,Medium,Medium,Medium–Medium,,,0,no STRING match,no STRING match,1965,2023,1,2
2382,fig|6666666.1036479.peg.2548,fig|6666666.1036479.peg.3131,0.9092469632625579,0.0017509234246650862,High,Low,Low–High,,,0,no STRING match,no STRING match,1641,1923,1,1
2383,fig|6666666.1036479.peg.253,fig|6666666.1036479.peg.391,0.9092457711696624,0.0017516584890751052,Low,Medium,Low–Medium,Hypothetical protein.,,0,secondary STRING hit (STRING protein assigned to a better match),no STRING match,2096,2142,1,1
2384,fig|6666666.1036479.peg.2681,fig|6666666.1036479.peg.1547,0.909239548444748,0.0017523935534851241,Low,High,Low–High,,,0,no STRING match,no STRING match,1706,2647,1,1
2385,fig|6666666.1036479.peg.3076,fig|6666666.1036479.peg.3187,0.9092170536518097,0.001753128617895143,High,Very Low,Very Low–High,,Hypothetical protein.,0,no STRING match,secondary STRING hit (STRING protein assigned to a better match),1899,1950,1,1
2386,fig|6666666.1036479.peg.2548,fig|6666666.1036479.peg.3079,0.9092089056968689,0.001753863682305162,High,Very Low,Very Low–High,,,0,no STRING match,no STRING match,1641,1902,1,1
2387,fig|6666666.1036479.peg.2506,fig|6666666.1036479.peg.471,0.9092009961605072,0.001754598746715181,Very Low,Low,Very Low–Low,,,0,no STRING match,no STRING match,1613,2174,6,1
2388,fig|6666666.1036479.peg.2516,fig|6666666.1036479.peg.471,0.9092009961605072,0.0017553338111251998,Very Low,Low,Very Low–Low,,,0,no STRING match,no STRING match,1613,2174,6,1
2389,fig|6666666.1036479.peg.2522,fig|6666666.1036479.peg.471,0.9092009961605072,0.0017560688755352187,Very Low,Low,Very Low–Low,,,0,no STRING match,no STRING match,1613,2174,6,1
2390,fig|6666666.1036479.peg.471,fig|6666666.1036479.peg.974,0.9092009961605072,0.0017568039399452377,Low,Very Low,Very Low–Low,,,0,no STRING match,no STRING match,2174,1613,1,6
2391,fig|6666666.1036479.peg.471,fig|6666666.1036479.peg.979,0.9092009961605072,0.0017575390043552566,Low,Very Low,Very Low–Low,,,0,no STRING match,no STRING match,2174,1613,1,6
2392,fig|6666666.1036479.peg.471,fig|6666666.1036479.peg.2491,0.9092009961605072,0.0017582740687652756,Low,Very Low,Very Low–Low,,,0,no STRING match,no STRING match,2174,1613,1,6
2393,fig|6666666.1036479.peg.3089,fig|6666666.1036479.peg.1547,0.9091905951499939,0.0017590091331752945,High,High,High–High,,,0,no STRING match,no STRING match,1907,2647,1,1
2394,fig|6666666.1036479.peg.899,fig|6666666.1036479.peg.1149,0.9091662108898163,0.0017597441975853135,Very Low,Very Low,Very Low–Very Low,,,0,no STRING match,no STRING match,2369,2475,1,1
2395,fig|6666666.1036479.peg.458,fig|6666666.1036479.peg.866,0.9091590583324433,0.0017604792619953322,Low,High,Low–High,,,0,no STRING match,no STRING match,2168,2345,1,1
2396,fig|6666666.1036479.peg.3131,fig|6666666.1036479.peg.31,0.9091316640377045,0.0017612143264053512,Low,Very Low,Very Low–Low,,,0,no STRING match,no STRING match,1923,2018,1,2
2397,fig|6666666.1036479.peg.3131,fig|6666666.1036479.peg.179,0.9091316640377045,0.0017619493908153702,Low,Very Low,Very Low–Low,,,0,no STRING match,no STRING match,1923,2018,1,2
2398,fig|6666666.1036479.peg.866,fig|6666666.1036479.peg.1419,0.9091237366199494,0.001762684455225389,High,High,High–High,,,0,no STRING match,no STRING match,2345,2597,1,1
2399,fig|6666666.1036479.peg.867,fig|6666666.1036479.peg.1519,0.9091223061084748,0.001763419519635408,Low,High,Low–High,,,0,no STRING match,no STRING match,2346,2632,1,1
2400,fig|6666666.1036479.peg.3191,fig|6666666.1036479.peg.649,0.909109091758728,0.001764154584045427,Medium,Medium,Medium–Medium,,,0,no STRING match,no STRING match,1954,2246,1,1
2401,fig|6666666.1036479.peg.885,fig|6666666.1036479.peg.1739,0.9091067790985108,0.001764889648455446,Medium,Very Low,Very Low–Medium,,,0,no STRING match,no STRING match,2360,2731,1,1
2402,fig|6666666.1036479.peg.856,fig|6666666.1036479.peg.1481,0.9091065347194671,0.001765624712865465,Low,Medium,Low–Medium,,Hypothetical protein.,0,no STRING match,secondary STRING hit (STRING protein assigned to a better match),2340,1041,1,3
2403,fig|6666666.1036479.peg.856,fig|6666666.1036479.peg.1500,0.9091065347194671,0.0017663597772754837,Low,Medium,Low–Medium,,Hypothetical protein.,0,no STRING match,secondary STRING hit (STRING protein assigned to a better match),2340,1041,1,3
2404,fig|6666666.1036479.peg.3113,fig|6666666.1036479.peg.2114,0.9091057181358337,0.0017670948416855026,Very Low,Very Low,Very Low–Very Low,,"COG1629 Outer membrane receptor proteins, mostly Fe transport.",0,no STRING match,secondary STRING hit (STRING protein assigned to a better match),1915,2884,1,1
2405,fig|6666666.1036479.peg.942,fig|6666666.1036479.peg.1064,0.9091054499149323,0.0017678299060955216,Very Low,Medium,Very Low–Medium,,,0,no STRING match,no STRING match,2389,2414,1,1
2406,fig|6666666.1036479.peg.1268,fig|6666666.1036479.peg.1671,0.9090999126434326,0.0017685649705055405,Medium,High,Medium–High,,,0,no STRING match,no STRING match,2521,2712,1,1
2407,fig|6666666.1036479.peg.3011,fig|6666666.1036479.peg.856,0.9090174496173858,0.0017693000349155595,High,Low,Low–High,,,0,no STRING match,no STRING match,1871,2340,1,1
2408,fig|6666666.1036479.peg.3131,fig|6666666.1036479.peg.2076,0.909008675813675,0.0017700350993255785,Low,Medium,Low–Medium,,,0,no STRING match,no STRING match,1923,2863,1,1
2409,fig|6666666.1036479.peg.923,fig|6666666.1036479.peg.2436,0.909007316827774,0.0017707701637355974,High,Medium,Medium–High,,,0,no STRING match,no STRING match,2380,3022,1,1
2410,fig|6666666.1036479.peg.2920,fig|6666666.1036479.peg.1739,0.9089869141578675,0.0017715052281456162,Very Low,Very Low,Very Low–Very Low,,,0,no STRING match,no STRING match,1823,2731,1,1
2411,fig|6666666.1036479.peg.1140,fig|6666666.1036479.peg.1160,0.9089660465717315,0.0017722402925556351,Very Low,Very Low,Very Low–Very Low,,,0,no STRING match,no STRING match,2466,2481,1,1
2412,fig|6666666.1036479.peg.2988,fig|6666666.1036479.peg.3188,0.9089500427246093,0.001772975356965654,Medium,Medium,Medium–Medium,Hypothetical protein.,,0,secondary STRING hit (STRING protein assigned to a better match),no STRING match,1859,1951,1,1
2413,fig|6666666.1036479.peg.3187,fig|6666666.1036479.peg.1419,0.9089443206787109,0.001773710421375673,Very Low,High,Very Low–High,Hypothetical protein.,,0,secondary STRING hit (STRING protein assigned to a better match),no STRING match,1950,2597,1,1
2414,fig|6666666.1036479.peg.793,fig|6666666.1036479.peg.889,0.9089438259601593,0.001774445485785692,Medium,Low,Low–Medium,,,0,no STRING match,no STRING match,2320,2364,1,1
2415,fig|6666666.1036479.peg.2548,fig|6666666.1036479.peg.2969,0.9089407622814178,0.001775180550195711,High,Very Low,Very Low–High,,,0,no STRING match,no STRING match,1641,1851,1,1
2416,fig|6666666.1036479.peg.3000,fig|6666666.1036479.peg.899,0.9089373409748077,0.00177591561460573,Very Low,Very Low,Very Low–Very Low,,,0,no STRING match,no STRING match,1863,2369,1,1
2417,fig|6666666.1036479.peg.2924,fig|6666666.1036479.peg.2071,0.9089326083660125,0.0017766506790157489,Very Low,Medium,Very Low–Medium,,,0,no STRING match,no STRING match,1827,2862,1,1
2418,fig|6666666.1036479.peg.2548,fig|6666666.1036479.peg.887,0.9089261829853058,0.0017773857434257676,High,Medium,Medium–High,,,0,no STRING match,no STRING match,1641,2362,1,1
2419,fig|6666666.1036479.peg.2672,fig|6666666.1036479.peg.2042,0.9089234232902527,0.0017781208078357866,Medium,High,Medium–High,,,0,no STRING match,no STRING match,1704,2850,1,1
2420,fig|6666666.1036479.peg.1649,fig|6666666.1036479.peg.2071,0.908915251493454,0.0017788558722458055,Very Low,Medium,Very Low–Medium,YD repeat-containing protein; COG3209 Rhs family protein.,,0,secondary STRING hit (STRING protein assigned to a better match),no STRING match,2703,2862,1,1
2421,fig|6666666.1036479.peg.370,fig|6666666.1036479.peg.881,0.9089134991168976,0.0017795909366558245,High,High,High–High,,,0,no STRING match,no STRING match,2139,2356,1,1
2422,fig|6666666.1036479.peg.3020,fig|6666666.1036479.peg.2114,0.9088996291160584,0.0017803260010658434,Low,Very Low,Very Low–Low,,"COG1629 Outer membrane receptor proteins, mostly Fe transport.",0,no STRING match,secondary STRING hit (STRING protein assigned to a better match),1878,2884,1,1
2423,fig|6666666.1036479.peg.2548,fig|6666666.1036479.peg.2988,0.9088963985443115,0.0017810610654758624,High,Medium,Medium–High,,Hypothetical protein.,0,no STRING match,secondary STRING hit (STRING protein assigned to a better match),1641,1859,1,1
2424,fig|6666666.1036479.peg.793,fig|6666666.1036479.peg.1934,0.9088722944259644,0.0017817961298858813,Medium,Low,Low–Medium,,,0,no STRING match,no STRING match,2320,2801,1,1
2425,fig|6666666.1036479.peg.2506,fig|6666666.1036479.peg.2784,0.9088701486587525,0.0017825311942959,Very Low,Very Low,Very Low–Very Low,,,0,no STRING match,no STRING match,1613,1750,6,1
2426,fig|6666666.1036479.peg.2516,fig|6666666.1036479.peg.2784,0.9088701486587525,0.001783266258705919,Very Low,Very Low,Very Low–Very Low,,,0,no STRING match,no STRING match,1613,1750,6,1
2427,fig|6666666.1036479.peg.2522,fig|6666666.1036479.peg.2784,0.9088701486587525,0.001784001323115938,Very Low,Very Low,Very Low–Very Low,,,0,no STRING match,no STRING match,1613,1750,6,1
2428,fig|6666666.1036479.peg.2784,fig|6666666.1036479.peg.974,0.9088701486587525,0.001784736387525957,Very Low,Very Low,Very Low–Very Low,,,0,no STRING match,no STRING match,1750,1613,1,6
2429,fig|6666666.1036479.peg.2784,fig|6666666.1036479.peg.979,0.9088701486587525,0.001785471451935976,Very Low,Very Low,Very Low–Very Low,,,0,no STRING match,no STRING match,1750,1613,1,6
2430,fig|6666666.1036479.peg.2784,fig|6666666.1036479.peg.2491,0.9088701486587525,0.0017862065163459949,Very Low,Very Low,Very Low–Very Low,,,0,no STRING match,no STRING match,1750,1613,1,6
2431,fig|6666666.1036479.peg.2691,fig|6666666.1036479.peg.3166,0.908854752779007,0.0017869415807560138,Very Low,Very Low,Very Low–Very Low,,,0,no STRING match,no STRING match,1711,1935,1,1
2432,fig|6666666.1036479.peg.3077,fig|6666666.1036479.peg.2199,0.9088373601436615,0.0017876766451660328,Medium,Low,Low–Medium,,,0,no STRING match,no STRING match,1900,2936,1,1
2433,fig|6666666.1036479.peg.1671,fig|6666666.1036479.peg.1894,0.9088214278221131,0.0017884117095760515,High,Medium,Medium–High,,Hypothetical protein.,0,no STRING match,secondary STRING hit (STRING protein assigned to a better match),2712,2785,1,1
2434,fig|6666666.1036479.peg.3089,fig|6666666.1036479.peg.3207,0.9088063836097717,0.0017891467739860705,High,Medium,Medium–High,,,0,no STRING match,no STRING match,1907,1965,1,1
2435,fig|6666666.1036479.peg.725,fig|6666666.1036479.peg.1671,0.9088049173355103,0.0017898818383960894,Very Low,High,Very Low–High,,,0,no STRING match,no STRING match,2283,2712,1,1
2436,fig|6666666.1036479.peg.704,fig|6666666.1036479.peg.861,0.9088032424449921,0.0017906169028061084,Low,High,Low–High,,,0,no STRING match,no STRING match,2268,2341,1,1
2437,fig|6666666.1036479.peg.649,fig|6666666.1036479.peg.885,0.9088031351566315,0.0017913519672161273,Medium,Medium,Medium–Medium,,,0,no STRING match,no STRING match,2246,2360,1,1
2438,fig|6666666.1036479.peg.649,fig|6666666.1036479.peg.1080,0.9088007986545563,0.0017920870316261463,Medium,High,Medium–High,,,0,no STRING match,no STRING match,2246,2424,1,1
2439,fig|6666666.1036479.peg.2672,fig|6666666.1036479.peg.2093,0.9087981760501862,0.0017928220960361653,Medium,Medium,Medium–Medium,,,0,no STRING match,no STRING match,1704,2872,1,1
2440,fig|6666666.1036479.peg.856,fig|6666666.1036479.peg.2162,0.9087871253490448,0.001793557160446184,Low,Very Low,Very Low–Low,,,0,no STRING match,no STRING match,2340,2912,1,1
2441,fig|6666666.1036479.peg.861,fig|6666666.1036479.peg.1913,0.9087866902351379,0.001794292224856203,High,Very Low,Very Low–High,,,0,no STRING match,no STRING match,2341,2793,1,1
2442,fig|6666666.1036479.peg.253,fig|6666666.1036479.peg.781,0.9087855279445648,0.001795027289266222,Low,Medium,Low–Medium,Hypothetical protein.,,0,secondary STRING hit (STRING protein assigned to a better match),no STRING match,2096,2315,1,1
2443,fig|6666666.1036479.peg.2924,fig|6666666.1036479.peg.1719,0.9087762773036957,0.0017957623536762409,Very Low,Medium,Very Low–Medium,,,0,no STRING match,no STRING match,1827,2727,1,1
2444,fig|6666666.1036479.peg.1543,fig|6666666.1036479.peg.1671,0.9087696433067322,0.0017964974180862598,Medium,High,Medium–High,,,0,no STRING match,no STRING match,2644,2712,1,1
2445,fig|6666666.1036479.peg.1968,fig|6666666.1036479.peg.2071,0.9087668299674988,0.0017972324824962788,Very Low,Medium,Very Low–Medium,,,0,no STRING match,no STRING match,2827,2862,1,1
2446,fig|6666666.1036479.peg.2988,fig|6666666.1036479.peg.702,0.9087546288967132,0.0017979675469062977,Medium,Medium,Medium–Medium,Hypothetical protein.,,0,secondary STRING hit (STRING protein assigned to a better match),no STRING match,1859,2266,1,1
2447,fig|6666666.1036479.peg.2548,fig|6666666.1036479.peg.2604,0.908754414319992,0.0017987026113163167,High,Low,Low–High,,,0,no STRING match,no STRING match,1641,1669,1,1
2448,fig|6666666.1036479.peg.3187,fig|6666666.1036479.peg.728,0.9087446212768555,0.0017994376757263354,Very Low,Medium,Very Low–Medium,Hypothetical protein.,,0,secondary STRING hit (STRING protein assigned to a better match),no STRING match,1950,2286,1,1
2449,fig|6666666.1036479.peg.3131,fig|6666666.1036479.peg.1968,0.9087436258792877,0.0018001727401363544,Low,Very Low,Very Low–Low,,,0,no STRING match,no STRING match,1923,2827,1,1
2450,fig|6666666.1036479.peg.2550,fig|6666666.1036479.peg.856,0.908742892742157,0.0018009078045463733,Very Low,Low,Very Low–Low,,,0,no STRING match,no STRING match,1643,2340,2,1
2451,fig|6666666.1036479.peg.2558,fig|6666666.1036479.peg.856,0.908742892742157,0.0018016428689563923,Very Low,Low,Very Low–Low,,,0,no STRING match,no STRING match,1643,2340,2,1
2452,fig|6666666.1036479.peg.2929,fig|6666666.1036479.peg.1693,0.9087177693843842,0.0018023779333664113,Very Low,Medium,Very Low–Medium,Hypothetical protein.,,0,secondary STRING hit (STRING protein assigned to a better match),no STRING match,1831,2718,1,1
2453,fig|6666666.1036479.peg.1693,fig|6666666.1036479.peg.2478,0.9086928904056549,0.0018031129977764302,Medium,Very Low,Very Low–Medium,,,0,no STRING match,no STRING match,2718,3042,1,1
2454,fig|6666666.1036479.peg.2646,fig|6666666.1036479.peg.2681,0.9086907267570495,0.0018038480621864492,Low,Low,Low–Low,,,0,no STRING match,no STRING match,1694,1706,1,1
2455,fig|6666666.1036479.peg.1693,fig|6666666.1036479.peg.1814,0.9086677849292755,0.001804583126596468,Medium,Very Low,Very Low–Medium,,,0,no STRING match,no STRING match,2718,2763,1,1
2456,fig|6666666.1036479.peg.364,fig|6666666.1036479.peg.475,0.9086589395999909,0.0018053181910064869,Low,Low,Low–Low,,,0,no STRING match,no STRING match,2137,2175,1,1
2457,fig|6666666.1036479.peg.1141,fig|6666666.1036479.peg.1150,0.9086524307727813,0.0018060532554165058,Very Low,Very Low,Very Low–Very Low,,,0,no STRING match,no STRING match,2467,2476,1,1
2458,fig|6666666.1036479.peg.649,fig|6666666.1036479.peg.1002,0.9086362421512604,0.0018067883198265248,Medium,Medium,Medium–Medium,,,0,no STRING match,no STRING match,2246,2399,1,1
2459,fig|6666666.1036479.peg.2848,fig|6666666.1036479.peg.3089,0.9086333632469177,0.0018075233842365437,Very Low,High,Very Low–High,,,0,no STRING match,no STRING match,1786,1907,1,1
2460,fig|6666666.1036479.peg.2672,fig|6666666.1036479.peg.3184,0.9086327672004699,0.0018082584486465627,Medium,Very Low,Very Low–Medium,,,0,no STRING match,no STRING match,1704,1947,1,1
2461,fig|6666666.1036479.peg.2792,fig|6666666.1036479.peg.1657,0.9086232364177704,0.0018089935130565817,High,Medium,Medium–High,,,0,no STRING match,no STRING match,1754,2707,1,1
2462,fig|6666666.1036479.peg.3089,fig|6666666.1036479.peg.1947,0.9086210370063782,0.0018097285774666006,High,Medium,Medium–High,,,0,no STRING match,no STRING match,1907,2809,1,1
2463,fig|6666666.1036479.peg.2792,fig|6666666.1036479.peg.2383,0.9086149513721467,0.0018104636418766194,High,Very Low,Very Low–High,,Hypothetical protein.,0,no STRING match,secondary STRING hit (STRING protein assigned to a better match),1754,2997,1,1
2464,fig|6666666.1036479.peg.3187,fig|6666666.1036479.peg.934,0.90860915184021,0.0018111987062866383,Very Low,Low,Very Low–Low,Hypothetical protein.,,0,secondary STRING hit (STRING protein assigned to a better match),no STRING match,1950,2385,1,1
2465,fig|6666666.1036479.peg.411,fig|6666666.1036479.peg.1937,0.908605033159256,0.0018119337706966573,Low,High,Low–High,Hypothetical protein.,,0,secondary STRING hit (STRING protein assigned to a better match),no STRING match,2150,2802,1,1
2466,fig|6666666.1036479.peg.2788,fig|6666666.1036479.peg.573,0.908603721857071,0.0018126688351066762,Medium,Very Low,Very Low–Medium,,Hypothetical protein.,0,no STRING match,secondary STRING hit (STRING protein assigned to a better match),1752,2210,1,1
2467,fig|6666666.1036479.peg.236,fig|6666666.1036479.peg.573,0.9086025714874267,0.0018134038995166952,Very Low,Very Low,Very Low–Very Low,,Hypothetical protein.,0,no STRING match,secondary STRING hit (STRING protein assigned to a better match),2086,2210,1,1
2468,fig|6666666.1036479.peg.1152,fig|6666666.1036479.peg.1538,0.9085930168628693,0.0018141389639267141,Very Low,Very Low,Very Low–Very Low,,,0,no STRING match,no STRING match,2477,2642,1,1
2469,fig|6666666.1036479.peg.3167,fig|6666666.1036479.peg.1146,0.9085877120494843,0.001814874028336733,Very Low,Very Low,Very Low–Very Low,,,0,no STRING match,no STRING match,1936,2472,1,1
2470,fig|6666666.1036479.peg.649,fig|6666666.1036479.peg.1543,0.9085753917694092,0.0018156090927467518,Medium,Medium,Medium–Medium,,,0,no STRING match,no STRING match,2246,2644,1,1
2471,fig|6666666.1036479.peg.923,fig|6666666.1036479.peg.1064,0.9085590302944183,0.0018163441571567708,High,Medium,Medium–High,,,0,no STRING match,no STRING match,2380,2414,1,1
2472,fig|6666666.1036479.peg.649,fig|6666666.1036479.peg.2383,0.908556056022644,0.0018170792215667897,Medium,Very Low,Very Low–Medium,,Hypothetical protein.,0,no STRING match,secondary STRING hit (STRING protein assigned to a better match),2246,2997,1,1
2473,fig|6666666.1036479.peg.2556,fig|6666666.1036479.peg.856,0.9085539221763611,0.0018178142859768087,High,Low,Low–High,,,0,no STRING match,no STRING match,1649,2340,2,1
2474,fig|6666666.1036479.peg.2564,fig|6666666.1036479.peg.856,0.9085539221763611,0.0018185493503868277,High,Low,Low–High,,,0,no STRING match,no STRING match,1649,2340,2,1
2475,fig|6666666.1036479.peg.1195,fig|6666666.1036479.peg.1547,0.9085535347461701,0.0018192844147968466,Medium,High,Medium–High,,,0,no STRING match,no STRING match,2492,2647,1,1
2476,fig|6666666.1036479.peg.3035,fig|6666666.1036479.peg.2400,0.9085500419139863,0.0018200194792068656,Very Low,Very Low,Very Low–Very Low,,,0,no STRING match,no STRING match,1888,3005,1,1
2477,fig|6666666.1036479.peg.2741,fig|6666666.1036479.peg.2071,0.9085219204425812,0.0018207545436168845,High,Medium,Medium–High,,,0,no STRING match,no STRING match,1728,2862,1,1
2478,fig|6666666.1036479.peg.3078,fig|6666666.1036479.peg.856,0.908512556552887,0.0018214896080269033,Medium,Low,Low–Medium,,,0,no STRING match,no STRING match,1901,2340,1,1
2479,fig|6666666.1036479.peg.728,fig|6666666.1036479.peg.1064,0.9085045874118804,0.0018222246724369222,Medium,Medium,Medium–Medium,,,0,no STRING match,no STRING match,2286,2414,1,1
2480,fig|6666666.1036479.peg.458,fig|6666666.1036479.peg.1946,0.9084789395332337,0.0018229597368469412,Low,Medium,Low–Medium,,,0,no STRING match,no STRING match,2168,2808,1,1
2481,fig|6666666.1036479.peg.1080,fig|6666666.1036479.peg.1195,0.9084691226482391,0.0018236948012569601,High,Medium,Medium–High,,,0,no STRING match,no STRING match,2424,2492,1,1
2482,fig|6666666.1036479.peg.2693,fig|6666666.1036479.peg.219,0.9084365725517273,0.001824429865666979,Very Low,Very Low,Very Low–Very Low,,,0,no STRING match,no STRING match,1712,2081,1,1
2483,fig|6666666.1036479.peg.2792,fig|6666666.1036479.peg.903,0.9084296345710754,0.001825164930076998,High,Medium,Medium–High,,,0,no STRING match,no STRING match,1754,2371,1,1
2484,fig|6666666.1036479.peg.2648,fig|6666666.1036479.peg.3077,0.9084185838699341,0.001825899994487017,Very Low,Medium,Very Low–Medium,,,0,no STRING match,no STRING match,1695,1900,1,1
2485,fig|6666666.1036479.peg.2948,fig|6666666.1036479.peg.2091,0.9083926498889923,0.0018266350588970358,High,Medium,Medium–High,,,0,no STRING match,no STRING match,1843,2870,1,1
2486,fig|6666666.1036479.peg.2681,fig|6666666.1036479.peg.458,0.9083877980709076,0.0018273701233070547,Low,Low,Low–Low,,,0,no STRING match,no STRING match,1706,2168,1,1
2487,fig|6666666.1036479.peg.942,fig|6666666.1036479.peg.1946,0.908380103111267,0.0018281051877170737,Very Low,Medium,Very Low–Medium,,,0,no STRING match,no STRING match,2389,2808,1,1
2488,fig|6666666.1036479.peg.2506,fig|6666666.1036479.peg.1080,0.9083631575107575,0.0018288402521270926,Very Low,High,Very Low–High,,,0,no STRING match,no STRING match,1613,2424,6,1
2489,fig|6666666.1036479.peg.2516,fig|6666666.1036479.peg.1080,0.9083631575107575,0.0018295753165371116,Very Low,High,Very Low–High,,,0,no STRING match,no STRING match,1613,2424,6,1
2490,fig|6666666.1036479.peg.2522,fig|6666666.1036479.peg.1080,0.9083631575107575,0.0018303103809471305,Very Low,High,Very Low–High,,,0,no STRING match,no STRING match,1613,2424,6,1
2491,fig|6666666.1036479.peg.974,fig|6666666.1036479.peg.1080,0.9083631575107575,0.0018310454453571495,Very Low,High,Very Low–High,,,0,no STRING match,no STRING match,1613,2424,6,1
2492,fig|6666666.1036479.peg.979,fig|6666666.1036479.peg.1080,0.9083631575107575,0.0018317805097671684,Very Low,High,Very Low–High,,,0,no STRING match,no STRING match,1613,2424,6,1
2493,fig|6666666.1036479.peg.1080,fig|6666666.1036479.peg.2491,0.9083631575107575,0.0018325155741771872,High,Very Low,Very Low–High,,,0,no STRING match,no STRING match,2424,1613,1,6
2494,fig|6666666.1036479.peg.3128,fig|6666666.1036479.peg.2071,0.9083615899085998,0.0018332506385872061,Very Low,Medium,Very Low–Medium,,,0,no STRING match,no STRING match,1921,2862,1,1
2495,fig|6666666.1036479.peg.411,fig|6666666.1036479.peg.728,0.908331173658371,0.001833985702997225,Low,Medium,Low–Medium,Hypothetical protein.,,0,secondary STRING hit (STRING protein assigned to a better match),no STRING match,2150,2286,1,1
2496,fig|6666666.1036479.peg.253,fig|6666666.1036479.peg.942,0.9083065092563629,0.001834720767407244,Low,Very Low,Very Low–Low,Hypothetical protein.,,0,secondary STRING hit (STRING protein assigned to a better match),no STRING match,2096,2389,1,1
2497,fig|6666666.1036479.peg.2848,fig|6666666.1036479.peg.1419,0.9082882940769196,0.001835455831817263,Very Low,High,Very Low–High,,,0,no STRING match,no STRING match,1786,2597,1,1
2498,fig|6666666.1036479.peg.1671,fig|6666666.1036479.peg.2327,0.9082716405391693,0.001836190896227282,High,Medium,Medium–High,,,0,no STRING match,no STRING match,2712,2982,1,1
2499,fig|6666666.1036479.peg.856,fig|6666666.1036479.peg.1416,0.908207768201828,0.001836925960637301,Low,Medium,Low–Medium,,,0,no STRING match,no STRING match,2340,2595,1,1
2500,fig|6666666.1036479.peg.458,fig|6666666.1036479.peg.2156,0.9082018494606018,0.0018376610250473197,Low,Very Low,Very Low–Low,,,0,no STRING match,no STRING match,2168,2906,1,1
2501,fig|6666666.1036479.peg.923,fig|6666666.1036479.peg.2091,0.9081925392150879,0.0018383960894573386,High,Medium,Medium–High,,,0,no STRING match,no STRING match,2380,2870,1,1
2502,fig|6666666.1036479.peg.2571,fig|6666666.1036479.peg.475,0.9081817746162415,0.0018391311538673576,Medium,Low,Low–Medium,,,0,no STRING match,no STRING match,1659,2175,1,1
2503,fig|6666666.1036479.peg.649,fig|6666666.1036479.peg.2042,0.9081791639328003,0.0018398662182773765,Medium,High,Medium–High,,,0,no STRING match,no STRING match,2246,2850,1,1
2504,fig|6666666.1036479.peg.2988,fig|6666666.1036479.peg.2042,0.9081361651420593,0.0018406012826873955,Medium,High,Medium–High,Hypothetical protein.,,0,secondary STRING hit (STRING protein assigned to a better match),no STRING match,1859,2850,1,1
2505,fig|6666666.1036479.peg.2506,fig|6666666.1036479.peg.2507,0.9081341624259949,0.0018413363470974145,Very Low,Low,Very Low–Low,,,0,no STRING match,no STRING match,1613,1614,6,1
2506,fig|6666666.1036479.peg.2507,fig|6666666.1036479.peg.2516,0.9081341624259949,0.0018420714115074334,Low,Very Low,Very Low–Low,,,0,no STRING match,no STRING match,1614,1613,1,6
2507,fig|6666666.1036479.peg.2507,fig|6666666.1036479.peg.2522,0.9081341624259949,0.0018428064759174524,Low,Very Low,Very Low–Low,,,0,no STRING match,no STRING match,1614,1613,1,6
2508,fig|6666666.1036479.peg.2507,fig|6666666.1036479.peg.974,0.9081341624259949,0.001843541540327471,Low,Very Low,Very Low–Low,,,0,no STRING match,no STRING match,1614,1613,1,6
2509,fig|6666666.1036479.peg.2507,fig|6666666.1036479.peg.979,0.9081341624259949,0.00184427660473749,Low,Very Low,Very Low–Low,,,0,no STRING match,no STRING match,1614,1613,1,6
2510,fig|6666666.1036479.peg.2507,fig|6666666.1036479.peg.2491,0.9081341624259949,0.001845011669147509,Low,Very Low,Very Low–Low,,,0,no STRING match,no STRING match,1614,1613,1,6
2511,fig|6666666.1036479.peg.727,fig|6666666.1036479.peg.1671,0.9080943763256073,0.001845746733557528,Very Low,High,Very Low–High,,,0,no STRING match,no STRING match,2285,2712,1,1
2512,fig|6666666.1036479.peg.2948,fig|6666666.1036479.peg.1946,0.9080928802490235,0.001846481797967547,High,Medium,Medium–High,,,0,no STRING match,no STRING match,1843,2808,1,1
2513,fig|6666666.1036479.peg.253,fig|6666666.1036479.peg.874,0.9080844402313233,0.0018472168623775659,Low,Medium,Low–Medium,Hypothetical protein.,,0,secondary STRING hit (STRING protein assigned to a better match),no STRING match,2096,2351,1,1
2514,fig|6666666.1036479.peg.2762,fig|6666666.1036479.peg.2091,0.9080733895301819,0.0018479519267875848,Medium,Medium,Medium–Medium,Hypothetical protein.,,0,secondary STRING hit (STRING protein assigned to a better match),no STRING match,1741,2870,1,1
2515,fig|6666666.1036479.peg.2506,fig|6666666.1036479.peg.1494,0.9080496251583099,0.0018486869911976036,Very Low,Very Low,Very Low–Very Low,,,0,no STRING match,no STRING match,1613,2620,6,1
2516,fig|6666666.1036479.peg.2516,fig|6666666.1036479.peg.1494,0.9080496251583099,0.0018494220556076225,Very Low,Very Low,Very Low–Very Low,,,0,no STRING match,no STRING match,1613,2620,6,1
2517,fig|6666666.1036479.peg.2522,fig|6666666.1036479.peg.1494,0.9080496251583099,0.0018501571200176415,Very Low,Very Low,Very Low–Very Low,,,0,no STRING match,no STRING match,1613,2620,6,1
2518,fig|6666666.1036479.peg.974,fig|6666666.1036479.peg.1494,0.9080496251583099,0.0018508921844276605,Very Low,Very Low,Very Low–Very Low,,,0,no STRING match,no STRING match,1613,2620,6,1
2519,fig|6666666.1036479.peg.979,fig|6666666.1036479.peg.1494,0.9080496251583099,0.0018516272488376794,Very Low,Very Low,Very Low–Very Low,,,0,no STRING match,no STRING match,1613,2620,6,1
2520,fig|6666666.1036479.peg.1494,fig|6666666.1036479.peg.2491,0.9080496251583099,0.0018523623132476984,Very Low,Very Low,Very Low–Very Low,,,0,no STRING match,no STRING match,2620,1613,1,6
2521,fig|6666666.1036479.peg.2762,fig|6666666.1036479.peg.1308,0.9080486059188843,0.0018530973776577173,Medium,Medium,Medium–Medium,Hypothetical protein.,,0,secondary STRING hit (STRING protein assigned to a better match),no STRING match,1741,2532,1,1
2522,fig|6666666.1036479.peg.3076,fig|6666666.1036479.peg.728,0.9080253601074219,0.0018538324420677363,High,Medium,Medium–High,,,0,no STRING match,no STRING match,1899,2286,1,1
2523,fig|6666666.1036479.peg.1195,fig|6666666.1036479.peg.2455,0.9080178081989289,0.001854567506477755,Medium,Medium,Medium–Medium,,,0,no STRING match,no STRING match,2492,3032,1,1
2524,fig|6666666.1036479.peg.899,fig|6666666.1036479.peg.1142,0.9080079615116119,0.001855302570887774,Very Low,Very Low,Very Low–Very Low,,,0,no STRING match,no STRING match,2369,2468,1,1
2525,fig|6666666.1036479.peg.728,fig|6666666.1036479.peg.923,0.9080050885677338,0.001856037635297793,Medium,High,Medium–High,,,0,no STRING match,no STRING match,2286,2380,1,1
2526,fig|6666666.1036479.peg.776,fig|6666666.1036479.peg.856,0.9079939782619476,0.001856772699707812,Low,Low,Low–Low,,,0,no STRING match,no STRING match,2313,2340,1,1
2527,fig|6666666.1036479.peg.2571,fig|6666666.1036479.peg.1693,0.9079937756061554,0.0018575077641178309,Medium,Medium,Medium–Medium,,,0,no STRING match,no STRING match,1659,2718,1,1
2528,fig|6666666.1036479.peg.861,fig|6666666.1036479.peg.2383,0.907992935180664,0.0018582428285278498,High,Very Low,Very Low–High,,Hypothetical protein.,0,no STRING match,secondary STRING hit (STRING protein assigned to a better match),2341,2997,1,1
2529,fig|6666666.1036479.peg.253,fig|6666666.1036479.peg.1901,0.9079702258110046,0.0018589778929378688,Low,Very Low,Very Low–Low,Hypothetical protein.,,0,secondary STRING hit (STRING protein assigned to a better match),no STRING match,2096,2787,1,1
2530,fig|6666666.1036479.peg.2754,fig|6666666.1036479.peg.874,0.9079701125621795,0.0018597129573478875,Very Low,Medium,Very Low–Medium,,,0,no STRING match,no STRING match,1735,2351,1,1
2531,fig|6666666.1036479.peg.3131,fig|6666666.1036479.peg.834,0.9079491078853608,0.0018604480217579065,Low,Very Low,Very Low–Low,,,0,no STRING match,no STRING match,1923,2335,1,1
2532,fig|6666666.1036479.peg.942,fig|6666666.1036479.peg.2091,0.9079444944858551,0.0018611830861679254,Very Low,Medium,Very Low–Medium,,,0,no STRING match,no STRING match,2389,2870,1,1
2533,fig|6666666.1036479.peg.793,fig|6666666.1036479.peg.887,0.9079333364963531,0.0018619181505779444,Medium,Medium,Medium–Medium,,,0,no STRING match,no STRING match,2320,2362,1,1
2534,fig|6666666.1036479.peg.36,fig|6666666.1036479.peg.2455,0.9079083204269409,0.0018626532149879633,Medium,Medium,Medium–Medium,,,0,no STRING match,no STRING match,2023,3032,2,1
2535,fig|6666666.1036479.peg.184,fig|6666666.1036479.peg.2455,0.9079083204269409,0.0018633882793979823,Medium,Medium,Medium–Medium,,,0,no STRING match,no STRING match,2023,3032,2,1
2536,fig|6666666.1036479.peg.2848,fig|6666666.1036479.peg.458,0.9079027056694031,0.0018641233438080012,Very Low,Low,Very Low–Low,,,0,no STRING match,no STRING match,1786,2168,1,1
2537,fig|6666666.1036479.peg.2948,fig|6666666.1036479.peg.1547,0.9079019248485565,0.0018648584082180202,High,High,High–High,,,0,no STRING match,no STRING match,1843,2647,1,1
2538,fig|6666666.1036479.peg.3184,fig|6666666.1036479.peg.411,0.9078981816768646,0.001865593472628039,Very Low,Low,Very Low–Low,,Hypothetical protein.,0,no STRING match,secondary STRING hit (STRING protein assigned to a better match),1947,2150,1,1
2539,fig|6666666.1036479.peg.2648,fig|6666666.1036479.peg.411,0.9078908622264862,0.001866328537038058,Very Low,Low,Very Low–Low,,Hypothetical protein.,0,no STRING match,secondary STRING hit (STRING protein assigned to a better match),1695,2150,1,1
2540,fig|6666666.1036479.peg.727,fig|6666666.1036479.peg.793,0.9078771054744721,0.0018670636014480769,Very Low,Medium,Very Low–Medium,,,0,no STRING match,no STRING match,2285,2320,1,1
2541,fig|6666666.1036479.peg.3168,fig|6666666.1036479.peg.1134,0.9078660070896148,0.0018677986658580958,Very Low,Very Low,Very Low–Very Low,,,0,no STRING match,no STRING match,1937,2461,1,1
2542,fig|6666666.1036479.peg.2792,fig|6666666.1036479.peg.2327,0.9078642189502716,0.0018685337302681148,High,Medium,Medium–High,,,0,no STRING match,no STRING match,1754,2982,1,1
2543,fig|6666666.1036479.peg.1489,fig|6666666.1036479.peg.2071,0.9078520476818085,0.0018692687946781337,Very Low,Medium,Very Low–Medium,,,0,no STRING match,no STRING match,2617,2862,1,1
2544,fig|6666666.1036479.peg.475,fig|6666666.1036479.peg.2327,0.9078495800495148,0.0018700038590881527,Low,Medium,Low–Medium,,,0,no STRING match,no STRING match,2175,2982,1,1
2545,fig|6666666.1036479.peg.3167,fig|6666666.1036479.peg.1135,0.9078404605388641,0.0018707389234981714,Very Low,Very Low,Very Low–Very Low,,,0,no STRING match,no STRING match,1936,2462,1,1
2546,fig|6666666.1036479.peg.2948,fig|6666666.1036479.peg.3020,0.9078315675258637,0.0018714739879081904,High,Low,Low–High,,,0,no STRING match,no STRING match,1843,1878,1,1
2547,fig|6666666.1036479.peg.1141,fig|6666666.1036479.peg.2307,0.9078270196914673,0.0018722090523182093,Very Low,Very Low,Very Low–Very Low,,,0,no STRING match,no STRING match,2467,2969,1,1
2548,fig|6666666.1036479.peg.3113,fig|6666666.1036479.peg.2436,0.9078266561031342,0.0018729441167282283,Very Low,Medium,Very Low–Medium,,,0,no STRING match,no STRING match,1915,3022,1,1
2549,fig|6666666.1036479.peg.458,fig|6666666.1036479.peg.1947,0.9078241884708405,0.0018736791811382473,Low,Medium,Low–Medium,,,0,no STRING match,no STRING match,2168,2809,1,1
2550,fig|6666666.1036479.peg.369,fig|6666666.1036479.peg.370,0.9078131973743438,0.0018744142455482662,High,High,High–High,,,0,no STRING match,no STRING match,2138,2139,1,1
2551,fig|6666666.1036479.peg.2988,fig|6666666.1036479.peg.866,0.9077979385852813,0.0018751493099582852,Medium,High,Medium–High,Hypothetical protein.,,0,secondary STRING hit (STRING protein assigned to a better match),no STRING match,1859,2345,1,1
2552,fig|6666666.1036479.peg.3020,fig|6666666.1036479.peg.3187,0.9077963709831238,0.0018758843743683041,Low,Very Low,Very Low–Low,,Hypothetical protein.,0,no STRING match,secondary STRING hit (STRING protein assigned to a better match),1878,1950,1,1
2553,fig|6666666.1036479.peg.2548,fig|6666666.1036479.peg.687,0.9077777087688446,0.0018766194387783229,High,Very Low,Very Low–High,,,0,no STRING match,no STRING match,1641,2260,1,1
2554,fig|6666666.1036479.peg.253,fig|6666666.1036479.peg.1547,0.9077749729156495,0.0018773545031883418,Low,High,Low–High,Hypothetical protein.,,0,secondary STRING hit (STRING protein assigned to a better match),no STRING match,2096,2647,1,1
2555,fig|6666666.1036479.peg.253,fig|6666666.1036479.peg.689,0.9077697455883026,0.0018780895675983608,Low,High,Low–High,Hypothetical protein.,,0,secondary STRING hit (STRING protein assigned to a better match),no STRING match,2096,2261,1,1
2556,fig|6666666.1036479.peg.781,fig|6666666.1036479.peg.874,0.9077686071395874,0.0018788246320083797,Medium,Medium,Medium–Medium,,,0,no STRING match,no STRING match,2315,2351,1,1
2557,fig|6666666.1036479.peg.689,fig|6666666.1036479.peg.1673,0.9077651083469391,0.0018795596964183987,High,Very Low,Very Low–High,,,0,no STRING match,no STRING match,2261,2713,1,1
2558,fig|6666666.1036479.peg.475,fig|6666666.1036479.peg.719,0.9077588200569153,0.0018802947608284176,Low,Medium,Low–Medium,,,0,no STRING match,no STRING match,2175,2277,1,1
2559,fig|6666666.1036479.peg.3077,fig|6666666.1036479.peg.391,0.907750028371811,0.0018810298252384366,Medium,Medium,Medium–Medium,,,0,no STRING match,no STRING match,1900,2142,1,1
2560,fig|6666666.1036479.peg.2646,fig|6666666.1036479.peg.1519,0.9077413618564606,0.0018817648896484553,Low,High,Low–High,,,0,no STRING match,no STRING match,1694,2632,1,1
2561,fig|6666666.1036479.peg.2548,fig|6666666.1036479.peg.458,0.9077368319034577,0.0018824999540584743,High,Low,Low–High,,,0,no STRING match,no STRING match,1641,2168,1,1
2562,fig|6666666.1036479.peg.1604,fig|6666666.1036479.peg.2071,0.9077301025390625,0.0018832350184684933,Very Low,Medium,Very Low–Medium,YD repeat-containing protein; COG3209 Rhs family protein.,,0,secondary STRING hit (STRING protein assigned to a better match),no STRING match,2685,2862,2,1
2563,fig|6666666.1036479.peg.1611,fig|6666666.1036479.peg.2071,0.9077301025390625,0.0018839700828785122,Very Low,Medium,Very Low–Medium,YD repeat-containing protein; COG3209 Rhs family protein.,,0,secondary STRING hit (STRING protein assigned to a better match),no STRING match,2685,2862,2,1
2564,fig|6666666.1036479.peg.1308,fig|6666666.1036479.peg.2092,0.9077294111251831,0.0018847051472885312,Medium,Medium,Medium–Medium,,,0,no STRING match,no STRING match,2532,2871,1,1
2565,fig|6666666.1036479.peg.704,fig|6666666.1036479.peg.1080,0.9077199935913086,0.0018854402116985501,Low,High,Low–High,,,0,no STRING match,no STRING match,2268,2424,1,1
2566,fig|6666666.1036479.peg.2792,fig|6666666.1036479.peg.1002,0.9077088713645936,0.001886175276108569,High,Medium,Medium–High,,,0,no STRING match,no STRING match,1754,2399,1,1
2567,fig|6666666.1036479.peg.2973,fig|6666666.1036479.peg.411,0.9077053546905518,0.001886910340518588,Low,Low,Low–Low,,Hypothetical protein.,0,no STRING match,secondary STRING hit (STRING protein assigned to a better match),1854,2150,1,1
2568,fig|6666666.1036479.peg.1739,fig|6666666.1036479.peg.2327,0.9076999306678772,0.0018876454049286068,Very Low,Medium,Very Low–Medium,,,0,no STRING match,no STRING match,2731,2982,1,1
2569,fig|6666666.1036479.peg.942,fig|6666666.1036479.peg.1547,0.907687121629715,0.0018883804693386257,Very Low,High,Very Low–High,,,0,no STRING match,no STRING match,2389,2647,1,1
2570,fig|6666666.1036479.peg.942,fig|6666666.1036479.peg.1308,0.9076777458190918,0.0018891155337486447,Very Low,Medium,Very Low–Medium,,,0,no STRING match,no STRING match,2389,2532,1,1
2571,fig|6666666.1036479.peg.2792,fig|6666666.1036479.peg.3191,0.9076757669448853,0.0018898505981586637,High,Medium,Medium–High,,,0,no STRING match,no STRING match,1754,1954,1,1
2572,fig|6666666.1036479.peg.2548,fig|6666666.1036479.peg.3198,0.9076727509498597,0.0018905856625686826,High,Very Low,Very Low–High,,,0,no STRING match,no STRING match,1641,1960,1,1
2573,fig|6666666.1036479.peg.540,fig|6666666.1036479.peg.856,0.9076662361621857,0.0018913207269787016,Very Low,Low,Very Low–Low,,,0,no STRING match,no STRING match,2195,2340,1,1
2574,fig|6666666.1036479.peg.1419,fig|6666666.1036479.peg.2091,0.9076384902000427,0.0018920557913887205,High,Medium,Medium–High,,,0,no STRING match,no STRING match,2597,2870,1,1
2575,fig|6666666.1036479.peg.2506,fig|6666666.1036479.peg.2660,0.9076090514659881,0.0018927908557987393,Very Low,Very Low,Very Low–Very Low,,,0,no STRING match,no STRING match,1613,1700,6,1
2576,fig|6666666.1036479.peg.2516,fig|6666666.1036479.peg.2660,0.9076090514659881,0.0018935259202087582,Very Low,Very Low,Very Low–Very Low,,,0,no STRING match,no STRING match,1613,1700,6,1
2577,fig|6666666.1036479.peg.2522,fig|6666666.1036479.peg.2660,0.9076090514659881,0.0018942609846187772,Very Low,Very Low,Very Low–Very Low,,,0,no STRING match,no STRING match,1613,1700,6,1
2578,fig|6666666.1036479.peg.2660,fig|6666666.1036479.peg.974,0.9076090514659881,0.0018949960490287961,Very Low,Very Low,Very Low–Very Low,,,0,no STRING match,no STRING match,1700,1613,1,6
2579,fig|6666666.1036479.peg.2660,fig|6666666.1036479.peg.979,0.9076090514659881,0.001895731113438815,Very Low,Very Low,Very Low–Very Low,,,0,no STRING match,no STRING match,1700,1613,1,6
2580,fig|6666666.1036479.peg.2660,fig|6666666.1036479.peg.2491,0.9076090514659881,0.001896466177848834,Very Low,Very Low,Very Low–Very Low,,,0,no STRING match,no STRING match,1700,1613,1,6
2581,fig|6666666.1036479.peg.1961,fig|6666666.1036479.peg.2071,0.9075988948345184,0.001897201242258853,Medium,Medium,Medium–Medium,,,0,no STRING match,no STRING match,2822,2862,1,1
2582,fig|6666666.1036479.peg.3076,fig|6666666.1036479.peg.1673,0.9075757980346679,0.001897936306668872,High,Very Low,Very Low–High,,,0,no STRING match,no STRING match,1899,2713,1,1
2583,fig|6666666.1036479.peg.2936,fig|6666666.1036479.peg.1394,0.907574725151062,0.0018986713710788907,Very Low,Medium,Very Low–Medium,,,0,no STRING match,no STRING match,1836,2583,1,1
2584,fig|6666666.1036479.peg.2679,fig|6666666.1036479.peg.874,0.9075536370277405,0.0018994064354889097,Medium,Medium,Medium–Medium,,,0,no STRING match,no STRING match,1705,2351,1,1
2585,fig|6666666.1036479.peg.1195,fig|6666666.1036479.peg.1519,0.9075194418430328,0.0019001414998989286,Medium,High,Medium–High,,,0,no STRING match,no STRING match,2492,2632,1,1
2586,fig|6666666.1036479.peg.475,fig|6666666.1036479.peg.1894,0.9074903905391694,0.0019008765643089476,Low,Medium,Low–Medium,,Hypothetical protein.,0,no STRING match,secondary STRING hit (STRING protein assigned to a better match),2175,2785,1,1
2587,fig|6666666.1036479.peg.3222,fig|6666666.1036479.peg.728,0.9074901223182679,0.0019016116287189665,Medium,Medium,Medium–Medium,,,0,no STRING match,no STRING match,1972,2286,2,1
2588,fig|6666666.1036479.peg.138,fig|6666666.1036479.peg.728,0.9074901223182679,0.0019023466931289855,Medium,Medium,Medium–Medium,,,0,no STRING match,no STRING match,1972,2286,2,1
2589,fig|6666666.1036479.peg.2506,fig|6666666.1036479.peg.714,0.9074857175350189,0.0019030817575390044,Very Low,Low,Very Low–Low,,,0,no STRING match,no STRING match,1613,2273,6,1
2590,fig|6666666.1036479.peg.2516,fig|6666666.1036479.peg.714,0.9074857175350189,0.0019038168219490232,Very Low,Low,Very Low–Low,,,0,no STRING match,no STRING match,1613,2273,6,1
2591,fig|6666666.1036479.peg.2522,fig|6666666.1036479.peg.714,0.9074857175350189,0.0019045518863590421,Very Low,Low,Very Low–Low,,,0,no STRING match,no STRING match,1613,2273,6,1
2592,fig|6666666.1036479.peg.714,fig|6666666.1036479.peg.974,0.9074857175350189,0.001905286950769061,Low,Very Low,Very Low–Low,,,0,no STRING match,no STRING match,2273,1613,1,6
2593,fig|6666666.1036479.peg.714,fig|6666666.1036479.peg.979,0.9074857175350189,0.00190602201517908,Low,Very Low,Very Low–Low,,,0,no STRING match,no STRING match,2273,1613,1,6
2594,fig|6666666.1036479.peg.714,fig|6666666.1036479.peg.2491,0.9074857175350189,0.001906757079589099,Low,Very Low,Very Low–Low,,,0,no STRING match,no STRING match,2273,1613,1,6
2595,fig|6666666.1036479.peg.3199,fig|6666666.1036479.peg.1719,0.907477617263794,0.001907492143999118,Very Low,Medium,Very Low–Medium,,,0,no STRING match,no STRING match,1961,2727,1,1
2596,fig|6666666.1036479.peg.856,fig|6666666.1036479.peg.1015,0.9074747562408447,0.001908227208409137,Low,Low,Low–Low,,,0,no STRING match,no STRING match,2340,2402,1,1
2597,fig|6666666.1036479.peg.3184,fig|6666666.1036479.peg.728,0.9074606359004974,0.0019089622728191559,Very Low,Medium,Very Low–Medium,,,0,no STRING match,no STRING match,1947,2286,1,1
2598,fig|6666666.1036479.peg.2672,fig|6666666.1036479.peg.702,0.9074391484260559,0.0019096973372291746,Medium,Medium,Medium–Medium,,,0,no STRING match,no STRING match,1704,2266,1,1
2599,fig|6666666.1036479.peg.2646,fig|6666666.1036479.peg.861,0.9074303448200226,0.0019104324016391936,Low,High,Low–High,,,0,no STRING match,no STRING match,1694,2341,1,1
2600,fig|6666666.1036479.peg.723,fig|6666666.1036479.peg.793,0.907417094707489,0.0019111674660492125,High,Medium,Medium–High,,,0,no STRING match,no STRING match,2281,2320,1,1
2601,fig|6666666.1036479.peg.1657,fig|6666666.1036479.peg.1739,0.9073914349079132,0.0019119025304592315,Medium,Very Low,Very Low–Medium,,,0,no STRING match,no STRING match,2707,2731,1,1
2602,fig|6666666.1036479.peg.2681,fig|6666666.1036479.peg.1673,0.9073790848255158,0.0019126375948692504,Low,Very Low,Very Low–Low,,,0,no STRING match,no STRING match,1706,2713,1,1
2603,fig|6666666.1036479.peg.2924,fig|6666666.1036479.peg.3131,0.9073663115501404,0.0019133726592792694,Very Low,Low,Very Low–Low,,,0,no STRING match,no STRING match,1827,1923,1,1
2604,fig|6666666.1036479.peg.2536,fig|6666666.1036479.peg.1080,0.9073276579380035,0.0019141077236892884,Very Low,High,Very Low–High,,,0,no STRING match,no STRING match,1629,2424,1,1
2605,fig|6666666.1036479.peg.2545,fig|6666666.1036479.peg.1080,0.9073219418525695,0.001914842788099307,Very Low,High,Very Low–High,,,0,no STRING match,no STRING match,1638,2424,7,1
2606,fig|6666666.1036479.peg.2567,fig|6666666.1036479.peg.1080,0.9073219418525695,0.001915577852509326,Very Low,High,Very Low–High,,,0,no STRING match,no STRING match,1638,2424,7,1
2607,fig|6666666.1036479.peg.1080,fig|6666666.1036479.peg.1573,0.9073219418525695,0.001916312916919345,High,Very Low,Very Low–High,,,0,no STRING match,no STRING match,2424,1638,1,7
2608,fig|6666666.1036479.peg.1080,fig|6666666.1036479.peg.1586,0.9073219418525695,0.001917047981329364,High,Very Low,Very Low–High,,,0,no STRING match,no STRING match,2424,1638,1,7
2609,fig|6666666.1036479.peg.1080,fig|6666666.1036479.peg.1597,0.9073219418525695,0.001917783045739383,High,Very Low,Very Low–High,,,0,no STRING match,no STRING match,2424,1638,1,7
2610,fig|6666666.1036479.peg.1080,fig|6666666.1036479.peg.1619,0.9073219418525695,0.0019185181101494019,High,Very Low,Very Low–High,,,0,no STRING match,no STRING match,2424,1638,1,7
2611,fig|6666666.1036479.peg.1080,fig|6666666.1036479.peg.1643,0.9073219418525695,0.0019192531745594208,High,Very Low,Very Low–High,,,0,no STRING match,no STRING match,2424,1638,1,7
2612,fig|6666666.1036479.peg.2843,fig|6666666.1036479.peg.2091,0.907311087846756,0.0019199882389694398,Very Low,Medium,Very Low–Medium,,,0,no STRING match,no STRING match,1785,2870,1,1
2613,fig|6666666.1036479.peg.2565,fig|6666666.1036479.peg.856,0.907305771112442,0.0019207233033794585,Very Low,Low,Very Low–Low,Yd repeat protein; COG3209 Rhs family protein.,,0,secondary STRING hit (STRING protein assigned to a better match),no STRING match,1655,2340,1,1
2614,fig|6666666.1036479.peg.2548,fig|6666666.1036479.peg.2973,0.9072966992855072,0.0019214583677894775,High,Low,Low–High,,,0,no STRING match,no STRING match,1641,1854,1,1
2615,fig|6666666.1036479.peg.950,fig|6666666.1036479.peg.1138,0.90729621052742,0.0019221934321994965,Very Low,Very Low,Very Low–Very Low,,,0,no STRING match,no STRING match,2392,2464,1,1
2616,fig|6666666.1036479.peg.2792,fig|6666666.1036479.peg.885,0.9072890877723694,0.0019229284966095154,High,Medium,Medium–High,,,0,no STRING match,no STRING match,1754,2360,1,1
2617,fig|6666666.1036479.peg.649,fig|6666666.1036479.peg.867,0.9072799623012543,0.0019236635610195344,Medium,Low,Low–Medium,,,0,no STRING match,no STRING match,2246,2346,1,1
2618,fig|6666666.1036479.peg.934,fig|6666666.1036479.peg.2091,0.9072783410549163,0.0019243986254295533,Low,Medium,Low–Medium,,,0,no STRING match,no STRING match,2385,2870,1,1
2619,fig|6666666.1036479.peg.207,fig|6666666.1036479.peg.253,0.9072723627090454,0.0019251336898395723,Low,Low,Low–Low,,Hypothetical protein.,0,no STRING match,secondary STRING hit (STRING protein assigned to a better match),2075,2096,1,1
2620,fig|6666666.1036479.peg.2762,fig|6666666.1036479.peg.3222,0.9072593569755554,0.001925868754249591,Medium,Medium,Medium–Medium,Hypothetical protein.,,0,secondary STRING hit (STRING protein assigned to a better match),no STRING match,1741,1972,1,2
2621,fig|6666666.1036479.peg.2762,fig|6666666.1036479.peg.138,0.9072593569755554,0.00192660381865961,Medium,Medium,Medium–Medium,Hypothetical protein.,,0,secondary STRING hit (STRING protein assigned to a better match),no STRING match,1741,1972,1,2
2622,fig|6666666.1036479.peg.3180,fig|6666666.1036479.peg.475,0.9072361946105957,0.001927338883069629,Very Low,Low,Very Low–Low,,,0,no STRING match,no STRING match,1943,2175,2,1
2623,fig|6666666.1036479.peg.475,fig|6666666.1036479.peg.2380,0.9072361946105957,0.0019280739474796479,Low,Very Low,Very Low–Low,,,0,no STRING match,no STRING match,2175,1943,1,2
2624,fig|6666666.1036479.peg.3184,fig|6666666.1036479.peg.458,0.9072204053401947,0.0019288090118896668,Very Low,Low,Very Low–Low,,,0,no STRING match,no STRING match,1947,2168,1,1
2625,fig|6666666.1036479.peg.536,fig|6666666.1036479.peg.2455,0.9072088420391082,0.0019295440762996858,Medium,Medium,Medium–Medium,,,0,no STRING match,no STRING match,2193,3032,1,1
2626,fig|6666666.1036479.peg.2762,fig|6666666.1036479.peg.2455,0.9072039783000946,0.0019302791407097048,Medium,Medium,Medium–Medium,Hypothetical protein.,,0,secondary STRING hit (STRING protein assigned to a better match),no STRING match,1741,3032,1,1
2627,fig|6666666.1036479.peg.2948,fig|6666666.1036479.peg.3184,0.9071954131126404,0.0019310142051197237,High,Very Low,Very Low–High,,,0,no STRING match,no STRING match,1843,1947,1,1
2628,fig|6666666.1036479.peg.704,fig|6666666.1036479.peg.1671,0.9071887075901032,0.0019317492695297425,Low,High,Low–High,,,0,no STRING match,no STRING match,2268,2712,1,1
2629,fig|6666666.1036479.peg.2792,fig|6666666.1036479.peg.1554,0.9071696937084198,0.0019324843339397614,High,Medium,Medium–High,,,0,no STRING match,no STRING match,1754,2649,1,1
2630,fig|6666666.1036479.peg.856,fig|6666666.1036479.peg.1785,0.9071558535099029,0.0019332193983497804,Low,Very Low,Very Low–Low,,,0,no STRING match,no STRING match,2340,2750,1,1
2631,fig|6666666.1036479.peg.536,fig|6666666.1036479.peg.1308,0.9071377277374267,0.0019339544627597993,Medium,Medium,Medium–Medium,,,0,no STRING match,no STRING match,2193,2532,1,1
2632,fig|6666666.1036479.peg.2809,fig|6666666.1036479.peg.2071,0.9071372032165528,0.0019346895271698183,Very Low,Medium,Very Low–Medium,,,0,no STRING match,no STRING match,1760,2862,1,1
2633,fig|6666666.1036479.peg.1617,fig|6666666.1036479.peg.1739,0.9071211218833923,0.0019354245915798372,Low,Very Low,Very Low–Low,,,0,no STRING match,no STRING match,2688,2731,2,1
2634,fig|6666666.1036479.peg.1625,fig|6666666.1036479.peg.1739,0.9071211218833923,0.0019361596559898562,Low,Very Low,Very Low–Low,,,0,no STRING match,no STRING match,2688,2731,2,1
2635,fig|6666666.1036479.peg.2796,fig|6666666.1036479.peg.3166,0.9071172714233399,0.001936894720399875,Very Low,Very Low,Very Low–Very Low,,,0,no STRING match,no STRING match,1755,1935,1,1
2636,fig|6666666.1036479.peg.411,fig|6666666.1036479.peg.723,0.9070939898490906,0.001937629784809894,Low,High,Low–High,Hypothetical protein.,,0,secondary STRING hit (STRING protein assigned to a better match),no STRING match,2150,2281,1,1
2637,fig|6666666.1036479.peg.1947,fig|6666666.1036479.peg.2092,0.9070874273777008,0.0019383648492199129,Medium,Medium,Medium–Medium,,,0,no STRING match,no STRING match,2809,2871,1,1
2638,fig|6666666.1036479.peg.3131,fig|6666666.1036479.peg.1617,0.9070773005485535,0.0019390999136299318,Low,Low,Low–Low,,,0,no STRING match,no STRING match,1923,2688,1,2
2639,fig|6666666.1036479.peg.3131,fig|6666666.1036479.peg.1625,0.9070773005485535,0.0019398349780399508,Low,Low,Low–Low,,,0,no STRING match,no STRING match,1923,2688,1,2
2640,fig|6666666.1036479.peg.3168,fig|6666666.1036479.peg.2307,0.9070681929588318,0.0019405700424499697,Very Low,Very Low,Very Low–Very Low,,,0,no STRING match,no STRING match,1937,2969,1,1
2641,fig|6666666.1036479.peg.2646,fig|6666666.1036479.peg.370,0.9070502340793609,0.0019413051068599887,Low,High,Low–High,,,0,no STRING match,no STRING match,1694,2139,1,1
2642,fig|6666666.1036479.peg.1131,fig|6666666.1036479.peg.1149,0.9070437908172607,0.0019420401712700076,Very Low,Very Low,Very Low–Very Low,,,0,no STRING match,no STRING match,2460,2475,1,1
2643,fig|6666666.1036479.peg.3076,fig|6666666.1036479.peg.1064,0.9070293247699738,0.0019427752356800264,High,Medium,Medium–High,,,0,no STRING match,no STRING match,1899,2414,1,1
2644,fig|6666666.1036479.peg.3083,fig|6666666.1036479.peg.861,0.9070275366306305,0.0019435103000900453,High,High,High–High,,,0,no STRING match,no STRING match,1905,2341,1,1
2645,fig|6666666.1036479.peg.2679,fig|6666666.1036479.peg.411,0.9070268750190735,0.0019442453645000643,Medium,Low,Low–Medium,,Hypothetical protein.,0,no STRING match,secondary STRING hit (STRING protein assigned to a better match),1705,2150,1,1
2646,fig|6666666.1036479.peg.475,fig|6666666.1036479.peg.726,0.9069930911064148,0.0019449804289100832,Low,Very Low,Very Low–Low,,,0,no STRING match,no STRING match,2175,2284,1,1
2647,fig|6666666.1036479.peg.2843,fig|6666666.1036479.peg.236,0.9069861650466919,0.0019457154933201022,Very Low,Very Low,Very Low–Very Low,,,0,no STRING match,no STRING match,1785,2086,1,1
2648,fig|6666666.1036479.peg.2679,fig|6666666.1036479.peg.3077,0.9069761872291565,0.0019464505577301212,Medium,Medium,Medium–Medium,,,0,no STRING match,no STRING match,1705,1900,1,1
2649,fig|6666666.1036479.peg.1946,fig|6666666.1036479.peg.2092,0.9069624423980713,0.0019471856221401401,Medium,Medium,Medium–Medium,,,0,no STRING match,no STRING match,2808,2871,1,1
2650,fig|6666666.1036479.peg.2600,fig|6666666.1036479.peg.411,0.9069595098495483,0.0019479206865501589,Very Low,Low,Very Low–Low,,Hypothetical protein.,0,no STRING match,secondary STRING hit (STRING protein assigned to a better match),1667,2150,1,1
2651,fig|6666666.1036479.peg.2988,fig|6666666.1036479.peg.3198,0.9069429278373718,0.0019486557509601778,Medium,Very Low,Very Low–Medium,Hypothetical protein.,,0,secondary STRING hit (STRING protein assigned to a better match),no STRING match,1859,1960,1,1
2652,fig|6666666.1036479.peg.2092,fig|6666666.1036479.peg.2156,0.906940621137619,0.0019493908153701968,Medium,Very Low,Very Low–Medium,,,0,no STRING match,no STRING match,2871,2906,1,1
2653,fig|6666666.1036479.peg.3089,fig|6666666.1036479.peg.2156,0.9069370925426483,0.0019501258797802157,High,Very Low,Very Low–High,,,0,no STRING match,no STRING match,1907,2906,1,1
2654,fig|6666666.1036479.peg.89,fig|6666666.1036479.peg.253,0.9069258093833923,0.0019508609441902347,Very Low,Low,Very Low–Low,,Hypothetical protein.,0,no STRING match,secondary STRING hit (STRING protein assigned to a better match),2052,2096,1,1
2655,fig|6666666.1036479.peg.2681,fig|6666666.1036479.peg.942,0.9069212853908539,0.0019515960086002536,Low,Very Low,Very Low–Low,,,0,no STRING match,no STRING match,1706,2389,1,1
2656,fig|6666666.1036479.peg.793,fig|6666666.1036479.peg.1409,0.9069123446941376,0.0019523310730102726,Medium,Medium,Medium–Medium,,,0,no STRING match,no STRING match,2320,2588,1,1
2657,fig|6666666.1036479.peg.2988,fig|6666666.1036479.peg.889,0.9069088041782379,0.0019530661374202916,Medium,Low,Low–Medium,Hypothetical protein.,,0,secondary STRING hit (STRING protein assigned to a better match),no STRING match,1859,2364,1,1
2658,fig|6666666.1036479.peg.3076,fig|6666666.1036479.peg.942,0.9068947315216065,0.0019538012018303105,High,Very Low,Very Low–High,,,0,no STRING match,no STRING match,1899,2389,1,1
2659,fig|6666666.1036479.peg.689,fig|6666666.1036479.peg.1519,0.9068840920925141,0.0019545362662403295,High,High,High–High,,,0,no STRING match,no STRING match,2261,2632,1,1
2660,fig|6666666.1036479.peg.3077,fig|6666666.1036479.peg.781,0.9068676590919494,0.0019552713306503484,Medium,Medium,Medium–Medium,,,0,no STRING match,no STRING match,1900,2315,1,1
2661,fig|6666666.1036479.peg.2672,fig|6666666.1036479.peg.2681,0.9068605720996856,0.001956006395060367,Medium,Low,Low–Medium,,,0,no STRING match,no STRING match,1704,1706,1,1
2662,fig|6666666.1036479.peg.942,fig|6666666.1036479.peg.2156,0.9068582892417908,0.001956741459470386,Very Low,Very Low,Very Low–Very Low,,,0,no STRING match,no STRING match,2389,2906,1,1
2663,fig|6666666.1036479.peg.684,fig|6666666.1036479.peg.866,0.906850004196167,0.001957476523880405,High,High,High–High,,,0,no STRING match,no STRING match,2258,2345,1,1
2664,fig|6666666.1036479.peg.2548,fig|6666666.1036479.peg.2768,0.9068342506885528,0.001958211588290424,High,Very Low,Very Low–High,,,0,no STRING match,no STRING match,1641,1744,1,1
2665,fig|6666666.1036479.peg.649,fig|6666666.1036479.peg.1355,0.9068336904048919,0.0019589466527004428,Medium,Medium,Medium–Medium,,,0,no STRING match,no STRING match,2246,2564,1,1
2666,fig|6666666.1036479.peg.861,fig|6666666.1036479.peg.1554,0.9068073213100434,0.0019596817171104617,High,Medium,Medium–High,,,0,no STRING match,no STRING match,2341,2649,1,1
2667,fig|6666666.1036479.peg.2788,fig|6666666.1036479.peg.1419,0.906796646118164,0.0019604167815204807,Medium,High,Medium–High,,,0,no STRING match,no STRING match,1752,2597,1,1
2668,fig|6666666.1036479.peg.2988,fig|6666666.1036479.peg.1331,0.9067901790142059,0.0019611518459304996,Medium,Low,Low–Medium,Hypothetical protein.,,0,secondary STRING hit (STRING protein assigned to a better match),no STRING match,1859,2548,1,1
2669,fig|6666666.1036479.peg.2988,fig|6666666.1036479.peg.1394,0.9067854881286621,0.0019618869103405186,Medium,Medium,Medium–Medium,Hypothetical protein.,,0,secondary STRING hit (STRING protein assigned to a better match),no STRING match,1859,2583,1,1
2670,fig|6666666.1036479.peg.369,fig|6666666.1036479.peg.1519,0.9067819356918335,0.0019626219747505376,High,High,High–High,,,0,no STRING match,no STRING match,2138,2632,1,1
2671,fig|6666666.1036479.peg.649,fig|6666666.1036479.peg.1519,0.9067738831043244,0.0019633570391605565,Medium,High,Medium–High,,,0,no STRING match,no STRING match,2246,2632,1,1
2672,fig|6666666.1036479.peg.3207,fig|6666666.1036479.peg.866,0.9067525744438172,0.0019640921035705755,Medium,High,Medium–High,,,0,no STRING match,no STRING match,1965,2345,1,1
2673,fig|6666666.1036479.peg.649,fig|6666666.1036479.peg.903,0.9067310810089111,0.0019648271679805944,Medium,Medium,Medium–Medium,,,0,no STRING match,no STRING match,2246,2371,1,1
2674,fig|6666666.1036479.peg.649,fig|6666666.1036479.peg.1657,0.9067274630069733,0.0019655622323906134,Medium,Medium,Medium–Medium,,,0,no STRING match,no STRING match,2246,2707,1,1
2675,fig|6666666.1036479.peg.3131,fig|6666666.1036479.peg.1002,0.9067224204540253,0.0019662972968006323,Low,Medium,Low–Medium,,,0,no STRING match,no STRING match,1923,2399,1,1
2676,fig|6666666.1036479.peg.2792,fig|6666666.1036479.peg.721,0.9067059338092804,0.001967032361210651,High,High,High–High,,Yd repeat protein; COG3209 Rhs family protein.,0,no STRING match,secondary STRING hit (STRING protein assigned to a better match),1754,2279,1,1
2677,fig|6666666.1036479.peg.649,fig|6666666.1036479.peg.1617,0.906696218252182,0.00196776742562067,Medium,Low,Low–Medium,,,0,no STRING match,no STRING match,2246,2688,1,2
2678,fig|6666666.1036479.peg.649,fig|6666666.1036479.peg.1625,0.906696218252182,0.0019685024900306888,Medium,Low,Low–Medium,,,0,no STRING match,no STRING match,2246,2688,1,2
2679,fig|6666666.1036479.peg.2571,fig|6666666.1036479.peg.793,0.9066948294639587,0.0019692375544407077,Medium,Medium,Medium–Medium,,,0,no STRING match,no STRING match,1659,2320,1,1
2680,fig|6666666.1036479.peg.3222,fig|6666666.1036479.peg.2114,0.906683760881424,0.0019699726188507267,Medium,Very Low,Very Low–Medium,,"COG1629 Outer membrane receptor proteins, mostly Fe transport.",0,no STRING match,secondary STRING hit (STRING protein assigned to a better match),1972,2884,2,1
2681,fig|6666666.1036479.peg.138,fig|6666666.1036479.peg.2114,0.906683760881424,0.0019707076832607457,Medium,Very Low,Very Low–Medium,,"COG1629 Outer membrane receptor proteins, mostly Fe transport.",0,no STRING match,secondary STRING hit (STRING protein assigned to a better match),1972,2884,2,1
2682,fig|6666666.1036479.peg.3184,fig|6666666.1036479.peg.1673,0.9066730558872222,0.0019714427476707646,Very Low,Very Low,Very Low–Very Low,,,0,no STRING match,no STRING match,1947,2713,1,1
2683,fig|6666666.1036479.peg.3079,fig|6666666.1036479.peg.856,0.906659972667694,0.0019721778120807836,Very Low,Low,Very Low–Low,,,0,no STRING match,no STRING match,1902,2340,1,1
2684,fig|6666666.1036479.peg.1937,fig|6666666.1036479.peg.2199,0.9066494762897491,0.0019729128764908025,High,Low,Low–High,,,0,no STRING match,no STRING match,2802,2936,1,1
2685,fig|6666666.1036479.peg.2843,fig|6666666.1036479.peg.1308,0.9066487371921539,0.0019736479409008215,Very Low,Medium,Very Low–Medium,,,0,no STRING match,no STRING match,1785,2532,1,1
2686,fig|6666666.1036479.peg.2548,fig|6666666.1036479.peg.2278,0.9066418766975403,0.0019743830053108404,High,Low,Low–High,,,0,no STRING match,no STRING match,1641,2957,1,1
2687,fig|6666666.1036479.peg.2792,fig|6666666.1036479.peg.3083,0.9066381394863129,0.0019751180697208594,High,High,High–High,,,0,no STRING match,no STRING match,1754,1905,1,1
2688,fig|6666666.1036479.peg.3207,fig|6666666.1036479.peg.411,0.9066271126270294,0.0019758531341308784,Medium,Low,Low–Medium,,Hypothetical protein.,0,no STRING match,secondary STRING hit (STRING protein assigned to a better match),1965,2150,1,1
2689,fig|6666666.1036479.peg.2548,fig|6666666.1036479.peg.2571,0.9066165804862976,0.0019765881985408973,High,Medium,Medium–High,,,0,no STRING match,no STRING match,1641,1659,1,1
2690,fig|6666666.1036479.peg.475,fig|6666666.1036479.peg.727,0.9066127359867096,0.0019773232629509163,Low,Very Low,Very Low–Low,,,0,no STRING match,no STRING match,2175,2285,1,1
2691,fig|6666666.1036479.peg.3207,fig|6666666.1036479.peg.573,0.9065926909446717,0.001978058327360935,Medium,Very Low,Very Low–Medium,,Hypothetical protein.,0,no STRING match,secondary STRING hit (STRING protein assigned to a better match),1965,2210,1,1
2692,fig|6666666.1036479.peg.793,fig|6666666.1036479.peg.1649,0.9065854787826538,0.0019787933917709537,Medium,Very Low,Very Low–Medium,,YD repeat-containing protein; COG3209 Rhs family protein.,0,no STRING match,secondary STRING hit (STRING protein assigned to a better match),2320,2703,1,1
2693,fig|6666666.1036479.peg.3131,fig|6666666.1036479.peg.885,0.9065691947937011,0.0019795284561809727,Low,Medium,Low–Medium,,,0,no STRING match,no STRING match,1923,2360,1,1
2694,fig|6666666.1036479.peg.2792,fig|6666666.1036479.peg.1913,0.9065492808818817,0.0019802635205909917,High,Very Low,Very Low–High,,,0,no STRING match,no STRING match,1754,2793,1,1
2695,fig|6666666.1036479.peg.536,fig|6666666.1036479.peg.1673,0.9065488874912262,0.0019809985850010106,Medium,Very Low,Very Low–Medium,,,0,no STRING match,no STRING match,2193,2713,1,1
2696,fig|6666666.1036479.peg.253,fig|6666666.1036479.peg.684,0.9065463900566101,0.0019817336494110296,Low,High,Low–High,Hypothetical protein.,,0,secondary STRING hit (STRING protein assigned to a better match),no STRING match,2096,2258,1,1
2697,fig|6666666.1036479.peg.2988,fig|6666666.1036479.peg.1657,0.9065297067165374,0.0019824687138210485,Medium,Medium,Medium–Medium,Hypothetical protein.,,0,secondary STRING hit (STRING protein assigned to a better match),no STRING match,1859,2707,1,1
2698,fig|6666666.1036479.peg.475,fig|6666666.1036479.peg.867,0.9065292239189148,0.0019832037782310675,Low,Low,Low–Low,,,0,no STRING match,no STRING match,2175,2346,1,1
2699,fig|6666666.1036479.peg.856,fig|6666666.1036479.peg.1118,0.906484580039978,0.0019839388426410864,Low,Very Low,Very Low–Low,,,0,no STRING match,no STRING match,2340,2449,1,1
2700,fig|6666666.1036479.peg.2548,fig|6666666.1036479.peg.1566,0.9064822793006897,0.0019846739070511054,High,High,High–High,,,0,no STRING match,no STRING match,1641,2659,1,1
2701,fig|6666666.1036479.peg.391,fig|6666666.1036479.peg.874,0.9064806580543519,0.0019854089714611244,Medium,Medium,Medium–Medium,,,0,no STRING match,no STRING match,2142,2351,1,1
2702,fig|6666666.1036479.peg.3128,fig|6666666.1036479.peg.1739,0.9064548552036286,0.0019861440358711433,Very Low,Very Low,Very Low–Very Low,,,0,no STRING match,no STRING match,1921,2731,1,1
2703,fig|6666666.1036479.peg.923,fig|6666666.1036479.peg.942,0.9064528703689575,0.0019868791002811623,High,Very Low,Very Low–High,,,0,no STRING match,no STRING match,2380,2389,1,1
2704,fig|6666666.1036479.peg.36,fig|6666666.1036479.peg.689,0.9064522206783294,0.0019876141646911812,Medium,High,Medium–High,,,0,no STRING match,no STRING match,2023,2261,2,1
2705,fig|6666666.1036479.peg.184,fig|6666666.1036479.peg.689,0.9064522206783294,0.0019883492291012,Medium,High,Medium–High,,,0,no STRING match,no STRING match,2023,2261,2,1
2706,fig|6666666.1036479.peg.2987,fig|6666666.1036479.peg.856,0.9064434885978698,0.0019890842935112187,Very Low,Low,Very Low–Low,,,0,no STRING match,no STRING match,1858,2340,1,1
2707,fig|6666666.1036479.peg.2792,fig|6666666.1036479.peg.3180,0.9064411520957947,0.0019898193579212377,High,Very Low,Very Low–High,,,0,no STRING match,no STRING match,1754,1943,1,2
2708,fig|6666666.1036479.peg.2792,fig|6666666.1036479.peg.2380,0.9064411520957947,0.0019905544223312566,High,Very Low,Very Low–High,,,0,no STRING match,no STRING match,1754,1943,1,2
2709,fig|6666666.1036479.peg.2506,fig|6666666.1036479.peg.2545,0.9064398050308228,0.0019912894867412756,Very Low,Very Low,Very Low–Very Low,,,0,no STRING match,no STRING match,1613,1638,6,7
2710,fig|6666666.1036479.peg.2506,fig|6666666.1036479.peg.2567,0.9064398050308228,0.0019920245511512945,Very Low,Very Low,Very Low–Very Low,,,0,no STRING match,no STRING match,1613,1638,6,7
2711,fig|6666666.1036479.peg.2506,fig|6666666.1036479.peg.1573,0.9064398050308228,0.0019927596155613135,Very Low,Very Low,Very Low–Very Low,,,0,no STRING match,no STRING match,1613,1638,6,7
2712,fig|6666666.1036479.peg.2506,fig|6666666.1036479.peg.1586,0.9064398050308228,0.0019934946799713324,Very Low,Very Low,Very Low–Very Low,,,0,no STRING match,no STRING match,1613,1638,6,7
2713,fig|6666666.1036479.peg.2506,fig|6666666.1036479.peg.1597,0.9064398050308228,0.0019942297443813514,Very Low,Very Low,Very Low–Very Low,,,0,no STRING match,no STRING match,1613,1638,6,7
2714,fig|6666666.1036479.peg.2506,fig|6666666.1036479.peg.1619,0.9064398050308228,0.0019949648087913704,Very Low,Very Low,Very Low–Very Low,,,0,no STRING match,no STRING match,1613,1638,6,7
2715,fig|6666666.1036479.peg.2506,fig|6666666.1036479.peg.1643,0.9064398050308228,0.0019956998732013893,Very Low,Very Low,Very Low–Very Low,,,0,no STRING match,no STRING match,1613,1638,6,7
2716,fig|6666666.1036479.peg.2516,fig|6666666.1036479.peg.2545,0.9064398050308228,0.0019964349376114083,Very Low,Very Low,Very Low–Very Low,,,0,no STRING match,no STRING match,1613,1638,6,7
2717,fig|6666666.1036479.peg.2516,fig|6666666.1036479.peg.2567,0.9064398050308228,0.0019971700020214272,Very Low,Very Low,Very Low–Very Low,,,0,no STRING match,no STRING match,1613,1638,6,7
2718,fig|6666666.1036479.peg.2516,fig|6666666.1036479.peg.1573,0.9064398050308228,0.001997905066431446,Very Low,Very Low,Very Low–Very Low,,,0,no STRING match,no STRING match,1613,1638,6,7
2719,fig|6666666.1036479.peg.2516,fig|6666666.1036479.peg.1586,0.9064398050308228,0.001998640130841465,Very Low,Very Low,Very Low–Very Low,,,0,no STRING match,no STRING match,1613,1638,6,7
2720,fig|6666666.1036479.peg.2516,fig|6666666.1036479.peg.1597,0.9064398050308228,0.001999375195251484,Very Low,Very Low,Very Low–Very Low,,,0,no STRING match,no STRING match,1613,1638,6,7
2721,fig|6666666.1036479.peg.2516,fig|6666666.1036479.peg.1619,0.9064398050308228,0.0020001102596615026,Very Low,Very Low,Very Low–Very Low,,,0,no STRING match,no STRING match,1613,1638,6,7
2722,fig|6666666.1036479.peg.2516,fig|6666666.1036479.peg.1643,0.9064398050308228,0.0020008453240715216,Very Low,Very Low,Very Low–Very Low,,,0,no STRING match,no STRING match,1613,1638,6,7
2723,fig|6666666.1036479.peg.2522,fig|6666666.1036479.peg.2545,0.9064398050308228,0.0020015803884815405,Very Low,Very Low,Very Low–Very Low,,,0,no STRING match,no STRING match,1613,1638,6,7
2724,fig|6666666.1036479.peg.2522,fig|6666666.1036479.peg.2567,0.9064398050308228,0.0020023154528915595,Very Low,Very Low,Very Low–Very Low,,,0,no STRING match,no STRING match,1613,1638,6,7
2725,fig|6666666.1036479.peg.2522,fig|6666666.1036479.peg.1573,0.9064398050308228,0.0020030505173015785,Very Low,Very Low,Very Low–Very Low,,,0,no STRING match,no STRING match,1613,1638,6,7
2726,fig|6666666.1036479.peg.2522,fig|6666666.1036479.peg.1586,0.9064398050308228,0.0020037855817115974,Very Low,Very Low,Very Low–Very Low,,,0,no STRING match,no STRING match,1613,1638,6,7
2727,fig|6666666.1036479.peg.2522,fig|6666666.1036479.peg.1597,0.9064398050308228,0.0020045206461216164,Very Low,Very Low,Very Low–Very Low,,,0,no STRING match,no STRING match,1613,1638,6,7
2728,fig|6666666.1036479.peg.2522,fig|6666666.1036479.peg.1619,0.9064398050308228,0.0020052557105316353,Very Low,Very Low,Very Low–Very Low,,,0,no STRING match,no STRING match,1613,1638,6,7
2729,fig|6666666.1036479.peg.2522,fig|6666666.1036479.peg.1643,0.9064398050308228,0.0020059907749416543,Very Low,Very Low,Very Low–Very Low,,,0,no STRING match,no STRING match,1613,1638,6,7
2730,fig|6666666.1036479.peg.2545,fig|6666666.1036479.peg.974,0.9064398050308228,0.0020067258393516732,Very Low,Very Low,Very Low–Very Low,,,0,no STRING match,no STRING match,1638,1613,7,6
2731,fig|6666666.1036479.peg.2545,fig|6666666.1036479.peg.979,0.9064398050308228,0.002007460903761692,Very Low,Very Low,Very Low–Very Low,,,0,no STRING match,no STRING match,1638,1613,7,6
2732,fig|6666666.1036479.peg.2545,fig|6666666.1036479.peg.2491,0.9064398050308228,0.002008195968171711,Very Low,Very Low,Very Low–Very Low,,,0,no STRING match,no STRING match,1638,1613,7,6
2733,fig|6666666.1036479.peg.2567,fig|6666666.1036479.peg.974,0.9064398050308228,0.00200893103258173,Very Low,Very Low,Very Low–Very Low,,,0,no STRING match,no STRING match,1638,1613,7,6
2734,fig|6666666.1036479.peg.2567,fig|6666666.1036479.peg.979,0.9064398050308228,0.002009666096991749,Very Low,Very Low,Very Low–Very Low,,,0,no STRING match,no STRING match,1638,1613,7,6
2735,fig|6666666.1036479.peg.2567,fig|6666666.1036479.peg.2491,0.9064398050308228,0.002010401161401768,Very Low,Very Low,Very Low–Very Low,,,0,no STRING match,no STRING match,1638,1613,7,6
2736,fig|6666666.1036479.peg.974,fig|6666666.1036479.peg.1573,0.9064398050308228,0.0020111362258117865,Very Low,Very Low,Very Low–Very Low,,,0,no STRING match,no STRING match,1613,1638,6,7
2737,fig|6666666.1036479.peg.974,fig|6666666.1036479.peg.1586,0.9064398050308228,0.0020118712902218055,Very Low,Very Low,Very Low–Very Low,,,0,no STRING match,no STRING match,1613,1638,6,7
2738,fig|6666666.1036479.peg.974,fig|6666666.1036479.peg.1597,0.9064398050308228,0.0020126063546318245,Very Low,Very Low,Very Low–Very Low,,,0,no STRING match,no STRING match,1613,1638,6,7
2739,fig|6666666.1036479.peg.974,fig|6666666.1036479.peg.1619,0.9064398050308228,0.0020133414190418434,Very Low,Very Low,Very Low–Very Low,,,0,no STRING match,no STRING match,1613,1638,6,7
2740,fig|6666666.1036479.peg.974,fig|6666666.1036479.peg.1643,0.9064398050308228,0.0020140764834518624,Very Low,Very Low,Very Low–Very Low,,,0,no STRING match,no STRING match,1613,1638,6,7
2741,fig|6666666.1036479.peg.979,fig|6666666.1036479.peg.1573,0.9064398050308228,0.0020148115478618813,Very Low,Very Low,Very Low–Very Low,,,0,no STRING match,no STRING match,1613,1638,6,7
2742,fig|6666666.1036479.peg.979,fig|6666666.1036479.peg.1586,0.9064398050308228,0.0020155466122719003,Very Low,Very Low,Very Low–Very Low,,,0,no STRING match,no STRING match,1613,1638,6,7
2743,fig|6666666.1036479.peg.979,fig|6666666.1036479.peg.1597,0.9064398050308228,0.0020162816766819192,Very Low,Very Low,Very Low–Very Low,,,0,no STRING match,no STRING match,1613,1638,6,7
2744,fig|6666666.1036479.peg.979,fig|6666666.1036479.peg.1619,0.9064398050308228,0.002017016741091938,Very Low,Very Low,Very Low–Very Low,,,0,no STRING match,no STRING match,1613,1638,6,7
2745,fig|6666666.1036479.peg.979,fig|6666666.1036479.peg.1643,0.9064398050308228,0.002017751805501957,Very Low,Very Low,Very Low–Very Low,,,0,no STRING match,no STRING match,1613,1638,6,7
2746,fig|6666666.1036479.peg.1573,fig|6666666.1036479.peg.2491,0.9064398050308228,0.002018486869911976,Very Low,Very Low,Very Low–Very Low,,,0,no STRING match,no STRING match,1638,1613,7,6
2747,fig|6666666.1036479.peg.1586,fig|6666666.1036479.peg.2491,0.9064398050308228,0.002019221934321995,Very Low,Very Low,Very Low–Very Low,,,0,no STRING match,no STRING match,1638,1613,7,6
2748,fig|6666666.1036479.peg.1597,fig|6666666.1036479.peg.2491,0.9064398050308228,0.002019956998732014,Very Low,Very Low,Very Low–Very Low,,,0,no STRING match,no STRING match,1638,1613,7,6
2749,fig|6666666.1036479.peg.1619,fig|6666666.1036479.peg.2491,0.9064398050308228,0.002020692063142033,Very Low,Very Low,Very Low–Very Low,,,0,no STRING match,no STRING match,1638,1613,7,6
2750,fig|6666666.1036479.peg.1643,fig|6666666.1036479.peg.2491,0.9064398050308228,0.002021427127552052,Very Low,Very Low,Very Low–Very Low,,,0,no STRING match,no STRING match,1638,1613,7,6
2751,fig|6666666.1036479.peg.1661,fig|6666666.1036479.peg.1671,0.9063955247402191,0.0020221621919620705,Low,High,Low–High,,,0,no STRING match,no STRING match,2708,2712,1,1
2752,fig|6666666.1036479.peg.861,fig|6666666.1036479.peg.2327,0.9063742637634278,0.0020228972563720894,High,Medium,Medium–High,,,0,no STRING match,no STRING match,2341,2982,1,1
2753,fig|6666666.1036479.peg.942,fig|6666666.1036479.peg.2093,0.9063623487949372,0.0020236323207821084,Very Low,Medium,Very Low–Medium,,,0,no STRING match,no STRING match,2389,2872,1,1
2754,fig|6666666.1036479.peg.2571,fig|6666666.1036479.peg.861,0.9063545346260071,0.0020243673851921273,Medium,High,Medium–High,,,0,no STRING match,no STRING match,1659,2341,1,1
2755,fig|6666666.1036479.peg.2988,fig|6666666.1036479.peg.2348,0.9063543975353241,0.0020251024496021463,Medium,High,Medium–High,Hypothetical protein.,,0,secondary STRING hit (STRING protein assigned to a better match),no STRING match,1859,2991,1,1
2756,fig|6666666.1036479.peg.1268,fig|6666666.1036479.peg.1693,0.9063541173934937,0.0020258375140121652,Medium,Medium,Medium–Medium,,,0,no STRING match,no STRING match,2521,2718,1,1
2757,fig|6666666.1036479.peg.1739,fig|6666666.1036479.peg.1913,0.9063496470451355,0.002026572578422184,Very Low,Very Low,Very Low–Very Low,,,0,no STRING match,no STRING match,2731,2793,1,1
2758,fig|6666666.1036479.peg.3222,fig|6666666.1036479.peg.923,0.9063451051712036,0.002027307642832203,Medium,High,Medium–High,,,0,no STRING match,no STRING match,1972,2380,2,1
2759,fig|6666666.1036479.peg.138,fig|6666666.1036479.peg.923,0.9063451051712036,0.002028042707242222,Medium,High,Medium–High,,,0,no STRING match,no STRING match,1972,2380,2,1
2760,fig|6666666.1036479.peg.874,fig|6666666.1036479.peg.2238,0.9063444256782531,0.002028777771652241,Medium,Very Low,Very Low–Medium,,,0,no STRING match,no STRING match,2351,2942,1,1
2761,fig|6666666.1036479.peg.1080,fig|6666666.1036479.peg.1547,0.9063357949256897,0.00202951283606226,High,High,High–High,,,0,no STRING match,no STRING match,2424,2647,1,1
2762,fig|6666666.1036479.peg.1131,fig|6666666.1036479.peg.1134,0.906335461139679,0.002030247900472279,Very Low,Very Low,Very Low–Very Low,,,0,no STRING match,no STRING match,2460,2461,1,1
2763,fig|6666666.1036479.peg.536,fig|6666666.1036479.peg.1195,0.9063265800476075,0.002030982964882298,Medium,Medium,Medium–Medium,,,0,no STRING match,no STRING match,2193,2492,1,1
2764,fig|6666666.1036479.peg.1064,fig|6666666.1036479.peg.2364,0.9063170969486236,0.002031718029292317,Medium,Medium,Medium–Medium,,,0,no STRING match,no STRING match,2414,2994,1,1
2765,fig|6666666.1036479.peg.3222,fig|6666666.1036479.peg.934,0.9063112080097199,0.002032453093702336,Medium,Low,Low–Medium,,,0,no STRING match,no STRING match,1972,2385,2,1
2766,fig|6666666.1036479.peg.138,fig|6666666.1036479.peg.934,0.9063112080097199,0.0020331881581123544,Medium,Low,Low–Medium,,,0,no STRING match,no STRING match,1972,2385,2,1
2767,fig|6666666.1036479.peg.2506,fig|6666666.1036479.peg.2536,0.9062893390655518,0.0020339232225223733,Very Low,Very Low,Very Low–Very Low,,,0,no STRING match,no STRING match,1613,1629,6,1
2768,fig|6666666.1036479.peg.2516,fig|6666666.1036479.peg.2536,0.9062893390655518,0.0020346582869323923,Very Low,Very Low,Very Low–Very Low,,,0,no STRING match,no STRING match,1613,1629,6,1
2769,fig|6666666.1036479.peg.2522,fig|6666666.1036479.peg.2536,0.9062893390655518,0.0020353933513424113,Very Low,Very Low,Very Low–Very Low,,,0,no STRING match,no STRING match,1613,1629,6,1
2770,fig|6666666.1036479.peg.2536,fig|6666666.1036479.peg.974,0.9062893390655518,0.00203612841575243,Very Low,Very Low,Very Low–Very Low,,,0,no STRING match,no STRING match,1629,1613,1,6
2771,fig|6666666.1036479.peg.2536,fig|6666666.1036479.peg.979,0.9062893390655518,0.002036863480162449,Very Low,Very Low,Very Low–Very Low,,,0,no STRING match,no STRING match,1629,1613,1,6
2772,fig|6666666.1036479.peg.2536,fig|6666666.1036479.peg.2491,0.9062893390655518,0.002037598544572468,Very Low,Very Low,Very Low–Very Low,,,0,no STRING match,no STRING match,1629,1613,1,6
2773,fig|6666666.1036479.peg.2848,fig|6666666.1036479.peg.2114,0.9062868297100067,0.002038333608982487,Very Low,Very Low,Very Low–Very Low,,"COG1629 Outer membrane receptor proteins, mostly Fe transport.",0,no STRING match,secondary STRING hit (STRING protein assigned to a better match),1786,2884,1,1
2774,fig|6666666.1036479.peg.728,fig|6666666.1036479.peg.934,0.9062826871871948,0.002039068673392506,Medium,Low,Low–Medium,,,0,no STRING match,no STRING match,2286,2385,1,1
2775,fig|6666666.1036479.peg.3076,fig|6666666.1036479.peg.36,0.9062590360641479,0.002039803737802525,High,Medium,Medium–High,,,0,no STRING match,no STRING match,1899,2023,1,2
2776,fig|6666666.1036479.peg.3076,fig|6666666.1036479.peg.184,0.9062590360641479,0.002040538802212544,High,Medium,Medium–High,,,0,no STRING match,no STRING match,1899,2023,1,2
2777,fig|6666666.1036479.peg.1218,fig|6666666.1036479.peg.1719,0.9062494754791259,0.002041273866622563,High,Medium,Medium–High,,,0,no STRING match,no STRING match,2504,2727,1,1
2778,fig|6666666.1036479.peg.3131,fig|6666666.1036479.peg.1343,0.9062204957008362,0.002042008931032582,Low,Very Low,Very Low–Low,,,0,no STRING match,no STRING match,1923,2553,1,1
2779,fig|6666666.1036479.peg.3089,fig|6666666.1036479.peg.3184,0.9062202930450439,0.002042743995442601,High,Very Low,Very Low–High,,,0,no STRING match,no STRING match,1907,1947,1,1
2780,fig|6666666.1036479.peg.2843,fig|6666666.1036479.peg.2920,0.9061670243740082,0.0020434790598526198,Very Low,Very Low,Very Low–Very Low,,,0,no STRING match,no STRING match,1785,1823,1,1
2781,fig|6666666.1036479.peg.244,fig|6666666.1036479.peg.874,0.9061534583568573,0.0020442141242626383,Very Low,Medium,Very Low–Medium,,,0,no STRING match,no STRING match,2092,2351,1,1
2782,fig|6666666.1036479.peg.2571,fig|6666666.1036479.peg.1671,0.9061501502990723,0.0020449491886726573,Medium,High,Medium–High,,,0,no STRING match,no STRING match,1659,2712,1,1
2783,fig|6666666.1036479.peg.3180,fig|6666666.1036479.peg.861,0.9061410605907441,0.002045684253082676,Very Low,High,Very Low–High,,,0,no STRING match,no STRING match,1943,2341,2,1
2784,fig|6666666.1036479.peg.861,fig|6666666.1036479.peg.2380,0.9061410605907441,0.002046419317492695,High,Very Low,Very Low–High,,,0,no STRING match,no STRING match,2341,1943,1,2
2785,fig|6666666.1036479.peg.866,fig|6666666.1036479.peg.889,0.9061202526092529,0.002047154381902714,High,Low,Low–High,,,0,no STRING match,no STRING match,2345,2364,1,1
2786,fig|6666666.1036479.peg.2523,fig|6666666.1036479.peg.874,0.9060914099216462,0.002047889446312733,Low,Medium,Low–Medium,,,0,no STRING match,no STRING match,1625,2351,1,1
2787,fig|6666666.1036479.peg.1764,fig|6666666.1036479.peg.2071,0.9060756266117096,0.002048624510722752,Low,Medium,Low–Medium,,,0,no STRING match,no STRING match,2739,2862,1,1
2788,fig|6666666.1036479.peg.2681,fig|6666666.1036479.peg.3089,0.9060724020004273,0.002049359575132771,Low,High,Low–High,,,0,no STRING match,no STRING match,1706,1907,1,1
2789,fig|6666666.1036479.peg.2506,fig|6666666.1036479.peg.1704,0.9060685873031616,0.00205009463954279,Very Low,Very Low,Very Low–Very Low,,,0,no STRING match,no STRING match,1613,2722,6,1
2790,fig|6666666.1036479.peg.2516,fig|6666666.1036479.peg.1704,0.9060685873031616,0.002050829703952809,Very Low,Very Low,Very Low–Very Low,,,0,no STRING match,no STRING match,1613,2722,6,1
2791,fig|6666666.1036479.peg.2522,fig|6666666.1036479.peg.1704,0.9060685873031616,0.002051564768362828,Very Low,Very Low,Very Low–Very Low,,,0,no STRING match,no STRING match,1613,2722,6,1
2792,fig|6666666.1036479.peg.974,fig|6666666.1036479.peg.1704,0.9060685873031616,0.002052299832772847,Very Low,Very Low,Very Low–Very Low,,,0,no STRING match,no STRING match,1613,2722,6,1
2793,fig|6666666.1036479.peg.979,fig|6666666.1036479.peg.1704,0.9060685873031616,0.0020530348971828658,Very Low,Very Low,Very Low–Very Low,,,0,no STRING match,no STRING match,1613,2722,6,1
2794,fig|6666666.1036479.peg.1704,fig|6666666.1036479.peg.2491,0.9060685873031616,0.0020537699615928847,Very Low,Very Low,Very Low–Very Low,,,0,no STRING match,no STRING match,2722,1613,1,6
2795,fig|6666666.1036479.peg.3156,fig|6666666.1036479.peg.856,0.906060391664505,0.0020545050260029037,Very Low,Low,Very Low–Low,,,0,no STRING match,no STRING match,1933,2340,1,1
2796,fig|6666666.1036479.peg.1409,fig|6666666.1036479.peg.1693,0.9060596823692322,0.0020552400904129222,Medium,Medium,Medium–Medium,,,0,no STRING match,no STRING match,2588,2718,1,1
2797,fig|6666666.1036479.peg.2672,fig|6666666.1036479.peg.1331,0.9060589849948884,0.002055975154822941,Medium,Low,Low–Medium,,,0,no STRING match,no STRING match,1704,2548,1,1
2798,fig|6666666.1036479.peg.3077,fig|6666666.1036479.peg.244,0.9060533940792084,0.00205671021923296,Medium,Very Low,Very Low–Medium,,,0,no STRING match,no STRING match,1900,2092,1,1
2799,fig|6666666.1036479.peg.867,fig|6666666.1036479.peg.1074,0.9060310840606689,0.002057445283642979,Low,High,Low–High,,,0,no STRING match,no STRING match,2346,2418,1,1
2800,fig|6666666.1036479.peg.1673,fig|6666666.1036479.peg.1946,0.9060261964797973,0.002058180348052998,Very Low,Medium,Very Low–Medium,,,0,no STRING match,no STRING match,2713,2808,1,1
2801,fig|6666666.1036479.peg.1064,fig|6666666.1036479.peg.1195,0.9060014665126801,0.002058915412463017,Medium,Medium,Medium–Medium,,,0,no STRING match,no STRING match,2414,2492,1,1
2802,fig|6666666.1036479.peg.2548,fig|6666666.1036479.peg.62,0.9059782505035401,0.002059650476873036,High,Low,Low–High,,,0,no STRING match,no STRING match,1641,2040,1,1
2803,fig|6666666.1036479.peg.942,fig|6666666.1036479.peg.1519,0.9059773623943329,0.002060385541283055,Very Low,High,Very Low–High,,,0,no STRING match,no STRING match,2389,2632,1,1
2804,fig|6666666.1036479.peg.2646,fig|6666666.1036479.peg.649,0.9059760808944702,0.002061120605693074,Low,Medium,Low–Medium,,,0,no STRING match,no STRING match,1694,2246,1,1
2805,fig|6666666.1036479.peg.1547,fig|6666666.1036479.peg.1673,0.90594961643219,0.002061855670103093,High,Very Low,Very Low–High,,,0,no STRING match,no STRING match,2647,2713,1,1
2806,fig|6666666.1036479.peg.2988,fig|6666666.1036479.peg.411,0.9059492468833923,0.002062590734513112,Medium,Low,Low–Medium,Hypothetical protein.,Hypothetical protein.,0,secondary STRING hit (STRING protein assigned to a better match),secondary STRING hit (STRING protein assigned to a better match),1859,2150,1,1
2807,fig|6666666.1036479.peg.1419,fig|6666666.1036479.peg.2455,0.9059343993663788,0.0020633257989231307,High,Medium,Medium–High,,,0,no STRING match,no STRING match,2597,3032,1,1
2808,fig|6666666.1036479.peg.2929,fig|6666666.1036479.peg.475,0.9059302926063537,0.0020640608633331497,Very Low,Low,Very Low–Low,Hypothetical protein.,,0,secondary STRING hit (STRING protein assigned to a better match),no STRING match,1831,2175,1,1
2809,fig|6666666.1036479.peg.2681,fig|6666666.1036479.peg.2948,0.9059215962886811,0.0020647959277431687,Low,High,Low–High,,,0,no STRING match,no STRING match,1706,1843,1,1
2810,fig|6666666.1036479.peg.3113,fig|6666666.1036479.peg.3187,0.9059200048446655,0.0020655309921531876,Very Low,Very Low,Very Low–Very Low,,Hypothetical protein.,0,no STRING match,secondary STRING hit (STRING protein assigned to a better match),1915,1950,1,1
2811,fig|6666666.1036479.peg.2506,fig|6666666.1036479.peg.2703,0.9059025108814239,0.002066266056563206,Very Low,Very Low,Very Low–Very Low,,,0,no STRING match,no STRING match,1613,1717,6,1
2812,fig|6666666.1036479.peg.2516,fig|6666666.1036479.peg.2703,0.9059025108814239,0.002067001120973225,Very Low,Very Low,Very Low–Very Low,,,0,no STRING match,no STRING match,1613,1717,6,1
2813,fig|6666666.1036479.peg.2522,fig|6666666.1036479.peg.2703,0.9059025108814239,0.002067736185383244,Very Low,Very Low,Very Low–Very Low,,,0,no STRING match,no STRING match,1613,1717,6,1
2814,fig|6666666.1036479.peg.2703,fig|6666666.1036479.peg.974,0.9059025108814239,0.002068471249793263,Very Low,Very Low,Very Low–Very Low,,,0,no STRING match,no STRING match,1717,1613,1,6
2815,fig|6666666.1036479.peg.2703,fig|6666666.1036479.peg.979,0.9059025108814239,0.002069206314203282,Very Low,Very Low,Very Low–Very Low,,,0,no STRING match,no STRING match,1717,1613,1,6
2816,fig|6666666.1036479.peg.2703,fig|6666666.1036479.peg.2491,0.9059025108814239,0.002069941378613301,Very Low,Very Low,Very Low–Very Low,,,0,no STRING match,no STRING match,1717,1613,1,6
2817,fig|6666666.1036479.peg.2114,fig|6666666.1036479.peg.2455,0.9058937668800354,0.00207067644302332,Very Low,Medium,Very Low–Medium,"COG1629 Outer membrane receptor proteins, mostly Fe transport.",,0,secondary STRING hit (STRING protein assigned to a better match),no STRING match,2884,3032,1,1
2818,fig|6666666.1036479.peg.1273,fig|6666666.1036479.peg.2415,0.90588538646698,0.002071411507433339,Very Low,Very Low,Very Low–Very Low,,,0,no STRING match,no STRING match,2524,3015,1,1
2819,fig|6666666.1036479.peg.1739,fig|6666666.1036479.peg.2383,0.9058464348316193,0.002072146571843358,Very Low,Very Low,Very Low–Very Low,,Hypothetical protein.,0,no STRING match,secondary STRING hit (STRING protein assigned to a better match),2731,2997,1,1
2820,fig|6666666.1036479.peg.2843,fig|6666666.1036479.peg.3222,0.9058445513248443,0.0020728816362533767,Very Low,Medium,Very Low–Medium,,,0,no STRING match,no STRING match,1785,1972,1,2
2821,fig|6666666.1036479.peg.2843,fig|6666666.1036479.peg.138,0.9058445513248443,0.0020736167006633957,Very Low,Medium,Very Low–Medium,,,0,no STRING match,no STRING match,1785,1972,1,2
2822,fig|6666666.1036479.peg.781,fig|6666666.1036479.peg.1080,0.9058029651641846,0.0020743517650734147,Medium,High,Medium–High,,,0,no STRING match,no STRING match,2315,2424,1,1
2823,fig|6666666.1036479.peg.689,fig|6666666.1036479.peg.1080,0.9057945609092712,0.0020750868294834336,High,High,High–High,,,0,no STRING match,no STRING match,2261,2424,1,1
2824,fig|6666666.1036479.peg.3000,fig|6666666.1036479.peg.1160,0.9057924389839173,0.0020758218938934526,Very Low,Very Low,Very Low–Very Low,,,0,no STRING match,no STRING match,1863,2481,1,1
2825,fig|6666666.1036479.peg.3167,fig|6666666.1036479.peg.1152,0.9057869136333465,0.0020765569583034715,Very Low,Very Low,Very Low–Very Low,,,0,no STRING match,no STRING match,1936,2477,1,1
2826,fig|6666666.1036479.peg.2661,fig|6666666.1036479.peg.793,0.9057783603668212,0.00207729202271349,High,Medium,Medium–High,,,0,no STRING match,no STRING match,1701,2320,1,1
2827,fig|6666666.1036479.peg.2681,fig|6666666.1036479.peg.704,0.905777096748352,0.002078027087123509,Low,Low,Low–Low,,,0,no STRING match,no STRING match,1706,2268,1,1
2828,fig|6666666.1036479.peg.2843,fig|6666666.1036479.peg.725,0.9057730555534362,0.002078762151533528,Very Low,Very Low,Very Low–Very Low,,,0,no STRING match,no STRING match,1785,2283,1,1
2829,fig|6666666.1036479.peg.726,fig|6666666.1036479.peg.866,0.9057585895061493,0.002079497215943547,Very Low,High,Very Low–High,,,0,no STRING match,no STRING match,2284,2345,1,1
2830,fig|6666666.1036479.peg.2920,fig|6666666.1036479.peg.458,0.9057569921016693,0.002080232280353566,Very Low,Low,Very Low–Low,,,0,no STRING match,no STRING match,1823,2168,1,1
2831,fig|6666666.1036479.peg.1134,fig|6666666.1036479.peg.1141,0.9057453572750092,0.002080967344763585,Very Low,Very Low,Very Low–Very Low,,,0,no STRING match,no STRING match,2461,2467,1,1
2832,fig|6666666.1036479.peg.2848,fig|6666666.1036479.peg.2948,0.9057453036308288,0.002081702409173604,Very Low,High,Very Low–High,,,0,no STRING match,no STRING match,1786,1843,1,1
2833,fig|6666666.1036479.peg.2548,fig|6666666.1036479.peg.2099,0.9057374000549316,0.0020824374735836228,High,Low,Low–High,,,0,no STRING match,no STRING match,1641,2876,1,1
2834,fig|6666666.1036479.peg.728,fig|6666666.1036479.peg.1946,0.9057317495346069,0.0020831725379936417,Medium,Medium,Medium–Medium,,,0,no STRING match,no STRING match,2286,2808,1,1
2835,fig|6666666.1036479.peg.370,fig|6666666.1036479.peg.2071,0.9057282567024231,0.0020839076024036607,High,Medium,Medium–High,,,0,no STRING match,no STRING match,2139,2862,1,1
2836,fig|6666666.1036479.peg.923,fig|6666666.1036479.peg.2156,0.9057214379310607,0.0020846426668136796,High,Very Low,Very Low–High,,,0,no STRING match,no STRING match,2380,2906,1,1
2837,fig|6666666.1036479.peg.411,fig|6666666.1036479.peg.1331,0.9057072877883912,0.0020853777312236986,Low,Low,Low–Low,Hypothetical protein.,,0,secondary STRING hit (STRING protein assigned to a better match),no STRING match,2150,2548,1,1
2838,fig|6666666.1036479.peg.475,fig|6666666.1036479.peg.1074,0.9056857228279114,0.0020861127956337175,Low,High,Low–High,,,0,no STRING match,no STRING match,2175,2418,1,1
2839,fig|6666666.1036479.peg.2929,fig|6666666.1036479.peg.1671,0.9056857109069825,0.0020868478600437365,Very Low,High,Very Low–High,Hypothetical protein.,,0,secondary STRING hit (STRING protein assigned to a better match),no STRING match,1831,2712,1,1
2840,fig|6666666.1036479.peg.3167,fig|6666666.1036479.peg.1538,0.9056686401367188,0.0020875829244537555,Very Low,Very Low,Very Low–Very Low,,,0,no STRING match,no STRING match,1936,2642,1,1
2841,fig|6666666.1036479.peg.861,fig|6666666.1036479.peg.867,0.9056342482566834,0.002088317988863774,High,Low,Low–High,,,0,no STRING match,no STRING match,2341,2346,1,1
2842,fig|6666666.1036479.peg.887,fig|6666666.1036479.peg.942,0.9056259214878082,0.002089053053273793,Medium,Very Low,Very Low–Medium,,,0,no STRING match,no STRING match,2362,2389,1,1
2843,fig|6666666.1036479.peg.1719,fig|6666666.1036479.peg.2384,0.9056241452693939,0.002089788117683812,Medium,Medium,Medium–Medium,,,0,no STRING match,no STRING match,2727,2998,1,1
2844,fig|6666666.1036479.peg.1671,fig|6666666.1036479.peg.2478,0.9056018471717835,0.002090523182093831,High,Very Low,Very Low–High,,,0,no STRING match,no STRING match,2712,3042,1,1
2845,fig|6666666.1036479.peg.728,fig|6666666.1036479.peg.2091,0.9055975675582886,0.00209125824650385,Medium,Medium,Medium–Medium,,,0,no STRING match,no STRING match,2286,2870,1,1
2846,fig|6666666.1036479.peg.58,fig|6666666.1036479.peg.1719,0.9055970966815948,0.0020919933109138688,Low,Medium,Low–Medium,,,0,no STRING match,no STRING match,2038,2727,1,1
2847,fig|6666666.1036479.peg.3077,fig|6666666.1036479.peg.1080,0.9055949926376343,0.0020927283753238877,Medium,High,Medium–High,,,0,no STRING match,no STRING match,1900,2424,1,1
2848,fig|6666666.1036479.peg.2973,fig|6666666.1036479.peg.1739,0.9055932044982911,0.0020934634397339067,Low,Very Low,Very Low–Low,,,0,no STRING match,no STRING match,1854,2731,1,1
2849,fig|6666666.1036479.peg.253,fig|6666666.1036479.peg.1416,0.9055597066879273,0.0020941985041439256,Low,Medium,Low–Medium,Hypothetical protein.,,0,secondary STRING hit (STRING protein assigned to a better match),no STRING match,2096,2595,1,1
2850,fig|6666666.1036479.peg.36,fig|6666666.1036479.peg.923,0.9055513918399811,0.0020949335685539446,Medium,High,Medium–High,,,0,no STRING match,no STRING match,2023,2380,2,1
2851,fig|6666666.1036479.peg.184,fig|6666666.1036479.peg.923,0.9055513918399811,0.0020956686329639635,Medium,High,Medium–High,,,0,no STRING match,no STRING match,2023,2380,2,1
2852,fig|6666666.1036479.peg.3076,fig|6666666.1036479.peg.1394,0.9055454015731812,0.0020964036973739825,High,Medium,Medium–High,,,0,no STRING match,no STRING match,1899,2583,1,1
2853,fig|6666666.1036479.peg.889,fig|6666666.1036479.peg.1195,0.9055437266826629,0.0020971387617840015,Low,Medium,Low–Medium,,,0,no STRING match,no STRING match,2364,2492,1,1
2854,fig|6666666.1036479.peg.2681,fig|6666666.1036479.peg.2988,0.9055399835109711,0.0020978738261940204,Low,Medium,Low–Medium,,Hypothetical protein.,0,no STRING match,secondary STRING hit (STRING protein assigned to a better match),1706,1859,1,1
2855,fig|6666666.1036479.peg.728,fig|6666666.1036479.peg.1308,0.9055392682552338,0.0020986088906040394,Medium,Medium,Medium–Medium,,,0,no STRING match,no STRING match,2286,2532,1,1
2856,fig|6666666.1036479.peg.3198,fig|6666666.1036479.peg.411,0.9055390417575836,0.002099343955014058,Very Low,Low,Very Low–Low,,Hypothetical protein.,0,no STRING match,secondary STRING hit (STRING protein assigned to a better match),1960,2150,1,1
2857,fig|6666666.1036479.peg.2648,fig|6666666.1036479.peg.1937,0.9055283665657043,0.002100079019424077,Very Low,High,Very Low–High,,,0,no STRING match,no STRING match,1695,2802,1,1
2858,fig|6666666.1036479.peg.1195,fig|6666666.1036479.peg.2348,0.9055189490318298,0.002100814083834096,Medium,High,Medium–High,,,0,no STRING match,no STRING match,2492,2991,1,1
2859,fig|6666666.1036479.peg.219,fig|6666666.1036479.peg.1271,0.9055178165435791,0.0021015491482441148,Very Low,Very Low,Very Low–Very Low,,,0,no STRING match,no STRING match,2081,2523,1,1
2860,fig|6666666.1036479.peg.649,fig|6666666.1036479.peg.721,0.9055166423320771,0.0021022842126541337,Medium,High,Medium–High,,Yd repeat protein; COG3209 Rhs family protein.,0,no STRING match,secondary STRING hit (STRING protein assigned to a better match),2246,2279,1,1
2861,fig|6666666.1036479.peg.476,fig|6666666.1036479.peg.1719,0.905512535572052,0.0021030192770641527,Very Low,Medium,Very Low–Medium,,,0,no STRING match,no STRING match,2176,2727,1,1
2862,fig|6666666.1036479.peg.36,fig|6666666.1036479.peg.1064,0.9055101275444031,0.0021037543414741716,Medium,Medium,Medium–Medium,,,0,no STRING match,no STRING match,2023,2414,2,1
2863,fig|6666666.1036479.peg.184,fig|6666666.1036479.peg.1064,0.9055101275444031,0.0021044894058841906,Medium,Medium,Medium–Medium,,,0,no STRING match,no STRING match,2023,2414,2,1
2864,fig|6666666.1036479.peg.1582,fig|6666666.1036479.peg.1719,0.9054998636245728,0.0021052244702942095,Very Low,Medium,Very Low–Medium,YD repeat-containing protein; COG3209 Rhs family protein.,,0,secondary STRING hit (STRING protein assigned to a better match),no STRING match,2673,2727,1,1
2865,fig|6666666.1036479.peg.1331,fig|6666666.1036479.peg.1419,0.9054980993270874,0.0021059595347042285,Low,High,Low–High,,,0,no STRING match,no STRING match,2548,2597,1,1
2866,fig|6666666.1036479.peg.3199,fig|6666666.1036479.peg.2071,0.9054972112178803,0.0021066945991142475,Very Low,Medium,Very Low–Medium,,,0,no STRING match,no STRING match,1961,2862,1,1
2867,fig|6666666.1036479.peg.2071,fig|6666666.1036479.peg.2454,0.905489695072174,0.0021074296635242664,Medium,Medium,Medium–Medium,,,0,no STRING match,no STRING match,2862,3031,1,1
2868,fig|6666666.1036479.peg.3077,fig|6666666.1036479.peg.2238,0.9054761052131652,0.0021081647279342854,Medium,Very Low,Very Low–Medium,,,0,no STRING match,no STRING match,1900,2942,1,1
2869,fig|6666666.1036479.peg.3083,fig|6666666.1036479.peg.1739,0.9054666519165039,0.0021088997923443043,High,Very Low,Very Low–High,,,0,no STRING match,no STRING match,1905,2731,1,1
2870,fig|6666666.1036479.peg.2809,fig|6666666.1036479.peg.793,0.905465018749237,0.0021096348567543233,Very Low,Medium,Very Low–Medium,,,0,no STRING match,no STRING match,1760,2320,1,1
2871,fig|6666666.1036479.peg.3010,fig|6666666.1036479.peg.2071,0.905459976196289,0.002110369921164342,Low,Medium,Low–Medium,,,0,no STRING match,no STRING match,1870,2862,1,1
2872,fig|6666666.1036479.peg.2843,fig|6666666.1036479.peg.2156,0.9054521501064301,0.0021111049855743608,Very Low,Very Low,Very Low–Very Low,,,0,no STRING match,no STRING match,1785,2906,1,1
2873,fig|6666666.1036479.peg.2929,fig|6666666.1036479.peg.793,0.9054171860218048,0.0021118400499843797,Very Low,Medium,Very Low–Medium,Hypothetical protein.,,0,secondary STRING hit (STRING protein assigned to a better match),no STRING match,1831,2320,1,1
2874,fig|6666666.1036479.peg.3089,fig|6666666.1036479.peg.866,0.9054084420204163,0.0021125751143943987,High,High,High–High,,,0,no STRING match,no STRING match,1907,2345,1,1
2875,fig|6666666.1036479.peg.2796,fig|6666666.1036479.peg.899,0.9054083049297332,0.0021133101788044176,Very Low,Very Low,Very Low–Very Low,,,0,no STRING match,no STRING match,1755,2369,1,1
2876,fig|6666666.1036479.peg.300,fig|6666666.1036479.peg.856,0.9054077684879303,0.0021140452432144366,Very Low,Low,Very Low–Low,,,0,no STRING match,no STRING match,2114,2340,1,1
2877,fig|6666666.1036479.peg.1131,fig|6666666.1036479.peg.1145,0.9053986966609955,0.0021147803076244556,Very Low,Very Low,Very Low–Very Low,,,0,no STRING match,no STRING match,2460,2471,1,1
2878,fig|6666666.1036479.peg.2501,fig|6666666.1036479.peg.2532,0.9053951561450958,0.0021155153720344745,High,Low,Low–High,,,0,no STRING match,no STRING match,1608,1627,1,4
2879,fig|6666666.1036479.peg.2501,fig|6666666.1036479.peg.3171,0.9053951561450958,0.0021162504364444935,High,Low,Low–High,,,0,no STRING match,no STRING match,1608,1627,1,4
2880,fig|6666666.1036479.peg.2501,fig|6666666.1036479.peg.987,0.9053951561450958,0.0021169855008545124,High,Low,Low–High,,,0,no STRING match,no STRING match,1608,1627,1,4
2881,fig|6666666.1036479.peg.2501,fig|6666666.1036479.peg.2492,0.9053951561450958,0.0021177205652645314,High,Low,Low–High,,,0,no STRING match,no STRING match,1608,1627,1,4
2882,fig|6666666.1036479.peg.369,fig|6666666.1036479.peg.1739,0.9053726196289062,0.0021184556296745503,High,Very Low,Very Low–High,,,0,no STRING match,no STRING match,2138,2731,1,1
2883,fig|6666666.1036479.peg.411,fig|6666666.1036479.peg.2199,0.9053562402725219,0.0021191906940845693,Low,Low,Low–Low,Hypothetical protein.,,0,secondary STRING hit (STRING protein assigned to a better match),no STRING match,2150,2936,1,1
2884,fig|6666666.1036479.peg.236,fig|6666666.1036479.peg.536,0.9053517162799836,0.0021199257584945883,Very Low,Medium,Very Low–Medium,,,0,no STRING match,no STRING match,2086,2193,1,1
2885,fig|6666666.1036479.peg.3184,fig|6666666.1036479.peg.1195,0.9053220093250275,0.002120660822904607,Very Low,Medium,Very Low–Medium,,,0,no STRING match,no STRING match,1947,2492,1,1
2886,fig|6666666.1036479.peg.2681,fig|6666666.1036479.peg.364,0.9053093314170837,0.0021213958873146257,Low,Low,Low–Low,,,0,no STRING match,no STRING match,1706,2137,1,1
2887,fig|6666666.1036479.peg.2754,fig|6666666.1036479.peg.3077,0.9052772760391236,0.0021221309517246447,Very Low,Medium,Very Low–Medium,,,0,no STRING match,no STRING match,1735,1900,1,1
2888,fig|6666666.1036479.peg.2071,fig|6666666.1036479.peg.2386,0.9052647948265076,0.0021228660161346636,Medium,Medium,Medium–Medium,,,0,no STRING match,no STRING match,2862,3000,1,1
2889,fig|6666666.1036479.peg.903,fig|6666666.1036479.peg.1739,0.9052484512329102,0.0021236010805446826,Medium,Very Low,Very Low–Medium,,,0,no STRING match,no STRING match,2371,2731,1,1
2890,fig|6666666.1036479.peg.793,fig|6666666.1036479.peg.1661,0.905236953496933,0.0021243361449547016,Medium,Low,Low–Medium,,,0,no STRING match,no STRING match,2320,2708,1,1
2891,fig|6666666.1036479.peg.2761,fig|6666666.1036479.peg.2071,0.9052064478397369,0.0021250712093647205,Low,Medium,Low–Medium,,,0,no STRING match,no STRING match,1740,2862,1,1
2892,fig|6666666.1036479.peg.2843,fig|6666666.1036479.peg.3191,0.9051694571971893,0.0021258062737747395,Very Low,Medium,Very Low–Medium,,,0,no STRING match,no STRING match,1785,1954,1,1
2893,fig|6666666.1036479.peg.3131,fig|6666666.1036479.peg.364,0.905166620016098,0.0021265413381847584,Low,Low,Low–Low,,,0,no STRING match,no STRING match,1923,2137,1,1
2894,fig|6666666.1036479.peg.1146,fig|6666666.1036479.peg.2307,0.9051416039466857,0.0021272764025947774,Very Low,Very Low,Very Low–Very Low,,,0,no STRING match,no STRING match,2472,2969,1,1
2895,fig|6666666.1036479.peg.1142,fig|6666666.1036479.peg.1160,0.9051353991031647,0.0021280114670047963,Very Low,Very Low,Very Low–Very Low,,,0,no STRING match,no STRING match,2468,2481,1,1
2896,fig|6666666.1036479.peg.2811,fig|6666666.1036479.peg.793,0.9051282405853271,0.0021287465314148153,Medium,Medium,Medium–Medium,,,0,no STRING match,no STRING match,1762,2320,1,1
2897,fig|6666666.1036479.peg.411,fig|6666666.1036479.peg.1419,0.9051187694072723,0.0021294815958248343,Low,High,Low–High,Hypothetical protein.,,0,secondary STRING hit (STRING protein assigned to a better match),no STRING match,2150,2597,1,1
2898,fig|6666666.1036479.peg.1671,fig|6666666.1036479.peg.1814,0.9051132500171661,0.002130216660234853,High,Very Low,Very Low–High,,,0,no STRING match,no STRING match,2712,2763,1,1
2899,fig|6666666.1036479.peg.253,fig|6666666.1036479.peg.1937,0.9051128506660462,0.002130951724644872,Low,High,Low–High,Hypothetical protein.,,0,secondary STRING hit (STRING protein assigned to a better match),no STRING match,2096,2802,1,1
2900,fig|6666666.1036479.peg.942,fig|6666666.1036479.peg.1080,0.9051035523414612,0.002131686789054891,Very Low,High,Very Low–High,,,0,no STRING match,no STRING match,2389,2424,1,1
2901,fig|6666666.1036479.peg.3213,fig|6666666.1036479.peg.253,0.9050810158252716,0.0021324218534649097,Very Low,Low,Very Low–Low,,Hypothetical protein.,0,no STRING match,secondary STRING hit (STRING protein assigned to a better match),1967,2096,1,1
2902,fig|6666666.1036479.peg.3207,fig|6666666.1036479.peg.1673,0.9050768792629242,0.0021331569178749286,Medium,Very Low,Very Low–Medium,,,0,no STRING match,no STRING match,1965,2713,1,1
2903,fig|6666666.1036479.peg.36,fig|6666666.1036479.peg.934,0.9050653576850891,0.0021338919822849476,Medium,Low,Low–Medium,,,0,no STRING match,no STRING match,2023,2385,2,1
2904,fig|6666666.1036479.peg.184,fig|6666666.1036479.peg.934,0.9050653576850891,0.0021346270466949665,Medium,Low,Low–Medium,,,0,no STRING match,no STRING match,2023,2385,2,1
2905,fig|6666666.1036479.peg.3077,fig|6666666.1036479.peg.370,0.9050470113754272,0.0021353621111049855,Medium,High,Medium–High,,,0,no STRING match,no STRING match,1900,2139,1,1
2906,fig|6666666.1036479.peg.475,fig|6666666.1036479.peg.2478,0.9050304234027863,0.0021360971755150044,Low,Very Low,Very Low–Low,,,0,no STRING match,no STRING match,2175,3042,1,1
2907,fig|6666666.1036479.peg.856,fig|6666666.1036479.peg.1665,0.905028510093689,0.0021368322399250234,Low,High,Low–High,,,0,no STRING match,no STRING match,2340,2710,1,1
2908,fig|6666666.1036479.peg.1195,fig|6666666.1036479.peg.1308,0.9050211012363434,0.0021375673043350423,Medium,Medium,Medium–Medium,,,0,no STRING match,no STRING match,2492,2532,1,1
2909,fig|6666666.1036479.peg.726,fig|6666666.1036479.peg.861,0.9050057291984558,0.0021383023687450613,Very Low,High,Very Low–High,,,0,no STRING match,no STRING match,2284,2341,1,1
2910,fig|6666666.1036479.peg.2788,fig|6666666.1036479.peg.2114,0.9049845278263092,0.0021390374331550803,Medium,Very Low,Very Low–Medium,,"COG1629 Outer membrane receptor proteins, mostly Fe transport.",0,no STRING match,secondary STRING hit (STRING protein assigned to a better match),1752,2884,1,1
2911,fig|6666666.1036479.peg.861,fig|6666666.1036479.peg.1894,0.9049814343452454,0.0021397724975650992,High,Medium,Medium–High,,Hypothetical protein.,0,no STRING match,secondary STRING hit (STRING protein assigned to a better match),2341,2785,1,1
2912,fig|6666666.1036479.peg.2973,fig|6666666.1036479.peg.2071,0.9049811720848083,0.002140507561975118,Low,Medium,Low–Medium,,,0,no STRING match,no STRING match,1854,2862,1,1
2913,fig|6666666.1036479.peg.3131,fig|6666666.1036479.peg.865,0.9049787104129792,0.002141242626385137,Low,Medium,Low–Medium,,,0,no STRING match,no STRING match,1923,2344,1,1
2914,fig|6666666.1036479.peg.3184,fig|6666666.1036479.peg.36,0.90497584939003,0.002141977690795156,Very Low,Medium,Very Low–Medium,,,0,no STRING match,no STRING match,1947,2023,1,2
2915,fig|6666666.1036479.peg.3184,fig|6666666.1036479.peg.184,0.90497584939003,0.002142712755205175,Very Low,Medium,Very Low–Medium,,,0,no STRING match,no STRING match,1947,2023,1,2
2916,fig|6666666.1036479.peg.2988,fig|6666666.1036479.peg.887,0.9049526572227478,0.0021434478196151936,Medium,Medium,Medium–Medium,Hypothetical protein.,,0,secondary STRING hit (STRING protein assigned to a better match),no STRING match,1859,2362,1,1
2917,fig|6666666.1036479.peg.1131,fig|6666666.1036479.peg.1161,0.9049352526664733,0.0021441828840252125,Very Low,Very Low,Very Low–Very Low,,,0,no STRING match,no STRING match,2460,2482,1,1
2918,fig|6666666.1036479.peg.3180,fig|6666666.1036479.peg.411,0.904927384853363,0.0021449179484352315,Very Low,Low,Very Low–Low,,Hypothetical protein.,0,no STRING match,secondary STRING hit (STRING protein assigned to a better match),1943,2150,2,1
2919,fig|6666666.1036479.peg.411,fig|6666666.1036479.peg.2380,0.904927384853363,0.0021456530128452504,Low,Very Low,Very Low–Low,Hypothetical protein.,,0,secondary STRING hit (STRING protein assigned to a better match),no STRING match,2150,1943,1,2
2920,fig|6666666.1036479.peg.2792,fig|6666666.1036479.peg.1617,0.9049175262451172,0.0021463880772552694,High,Low,Low–High,,,0,no STRING match,no STRING match,1754,2688,1,2
2921,fig|6666666.1036479.peg.2792,fig|6666666.1036479.peg.1625,0.9049175262451172,0.0021471231416652884,High,Low,Low–High,,,0,no STRING match,no STRING match,1754,2688,1,2
2922,fig|6666666.1036479.peg.2666,fig|6666666.1036479.peg.1719,0.9049167811870575,0.0021478582060753073,High,Medium,Medium–High,,,0,no STRING match,no STRING match,1702,2727,1,1
2923,fig|6666666.1036479.peg.2690,fig|6666666.1036479.peg.2778,0.9049156606197357,0.0021485932704853263,Medium,Very Low,Very Low–Medium,,,0,no STRING match,no STRING match,1710,1747,1,1
2924,fig|6666666.1036479.peg.728,fig|6666666.1036479.peg.2156,0.9049087166786194,0.0021493283348953452,Medium,Very Low,Very Low–Medium,,,0,no STRING match,no STRING match,2286,2906,1,1
2925,fig|6666666.1036479.peg.942,fig|6666666.1036479.peg.2348,0.9049072146415711,0.002150063399305364,Very Low,High,Very Low–High,,,0,no STRING match,no STRING match,2389,2991,1,1
2926,fig|6666666.1036479.peg.3010,fig|6666666.1036479.peg.1719,0.9048962235450745,0.002150798463715383,Low,Medium,Low–Medium,,,0,no STRING match,no STRING match,1870,2727,1,1
2927,fig|6666666.1036479.peg.3077,fig|6666666.1036479.peg.1416,0.9048923552036285,0.002151533528125402,Medium,Medium,Medium–Medium,,,0,no STRING match,no STRING match,1900,2595,1,1
2928,fig|6666666.1036479.peg.3222,fig|6666666.1036479.peg.36,0.9048883557319641,0.002152268592535421,Medium,Medium,Medium–Medium,,,0,no STRING match,no STRING match,1972,2023,2,2
2929,fig|6666666.1036479.peg.3222,fig|6666666.1036479.peg.184,0.9048883557319641,0.00215300365694544,Medium,Medium,Medium–Medium,,,0,no STRING match,no STRING match,1972,2023,2,2
2930,fig|6666666.1036479.peg.36,fig|6666666.1036479.peg.138,0.9048883557319641,0.002153738721355459,Medium,Medium,Medium–Medium,,,0,no STRING match,no STRING match,2023,1972,2,2
2931,fig|6666666.1036479.peg.138,fig|6666666.1036479.peg.184,0.9048883557319641,0.0021544737857654775,Medium,Medium,Medium–Medium,,,0,no STRING match,no STRING match,1972,2023,2,2
2932,fig|6666666.1036479.peg.689,fig|6666666.1036479.peg.728,0.9048807442188262,0.0021552088501754964,High,Medium,Medium–High,,,0,no STRING match,no STRING match,2261,2286,1,1
2933,fig|6666666.1036479.peg.2811,fig|6666666.1036479.peg.1671,0.9048783600330352,0.0021559439145855154,Medium,High,Medium–High,,,0,no STRING match,no STRING match,1762,2712,1,1
2934,fig|6666666.1036479.peg.3222,fig|6666666.1036479.peg.1195,0.904864639043808,0.0021566789789955344,Medium,Medium,Medium–Medium,,,0,no STRING match,no STRING match,1972,2492,2,1
2935,fig|6666666.1036479.peg.138,fig|6666666.1036479.peg.1195,0.904864639043808,0.0021574140434055533,Medium,Medium,Medium–Medium,,,0,no STRING match,no STRING match,1972,2492,2,1
2936,fig|6666666.1036479.peg.2571,fig|6666666.1036479.peg.942,0.9048524737358093,0.0021581491078155723,Medium,Very Low,Very Low–Medium,,,0,no STRING match,no STRING match,1659,2389,1,1
2937,fig|6666666.1036479.peg.236,fig|6666666.1036479.peg.2114,0.9048371613025665,0.0021588841722255912,Very Low,Very Low,Very Low–Very Low,,"COG1629 Outer membrane receptor proteins, mostly Fe transport.",0,no STRING match,secondary STRING hit (STRING protein assigned to a better match),2086,2884,1,1
2938,fig|6666666.1036479.peg.3076,fig|6666666.1036479.peg.1308,0.9048219442367553,0.00215961923663561,High,Medium,Medium–High,,,0,no STRING match,no STRING match,1899,2532,1,1
2939,fig|6666666.1036479.peg.874,fig|6666666.1036479.peg.1339,0.9048138201236725,0.002160354301045629,Medium,Very Low,Very Low–Medium,,,0,no STRING match,no STRING match,2351,2550,1,1
2940,fig|6666666.1036479.peg.475,fig|6666666.1036479.peg.1002,0.9047947466373444,0.002161089365455648,Low,Medium,Low–Medium,,,0,no STRING match,no STRING match,2175,2399,1,1
2941,fig|6666666.1036479.peg.2646,fig|6666666.1036479.peg.3131,0.9047862708568573,0.002161824429865667,Low,Low,Low–Low,,,0,no STRING match,no STRING match,1694,1923,1,1
2942,fig|6666666.1036479.peg.856,fig|6666666.1036479.peg.1786,0.9047847211360931,0.002162559494275686,Low,Very Low,Very Low–Low,,,0,no STRING match,no STRING match,2340,2751,1,1
2943,fig|6666666.1036479.peg.3076,fig|6666666.1036479.peg.2091,0.9047790229320526,0.002163294558685705,High,Medium,Medium–High,,,0,no STRING match,no STRING match,1899,2870,1,1
2944,fig|6666666.1036479.peg.3131,fig|6666666.1036479.peg.1771,0.9047561883926392,0.002164029623095724,Low,Medium,Low–Medium,,,0,no STRING match,no STRING match,1923,2743,1,1
2945,fig|6666666.1036479.peg.36,fig|6666666.1036479.peg.1946,0.9047456204891204,0.002164764687505743,Medium,Medium,Medium–Medium,,,0,no STRING match,no STRING match,2023,2808,2,1
2946,fig|6666666.1036479.peg.184,fig|6666666.1036479.peg.1946,0.9047456204891204,0.0021654997519157614,Medium,Medium,Medium–Medium,,,0,no STRING match,no STRING match,2023,2808,2,1
2947,fig|6666666.1036479.peg.253,fig|6666666.1036479.peg.1671,0.9047401726245881,0.0021662348163257804,Low,High,Low–High,Hypothetical protein.,,0,secondary STRING hit (STRING protein assigned to a better match),no STRING match,2096,2712,1,1
2948,fig|6666666.1036479.peg.1145,fig|6666666.1036479.peg.1146,0.9047291815280915,0.0021669698807357993,Very Low,Very Low,Very Low–Very Low,,,0,no STRING match,no STRING match,2471,2472,1,1
2949,fig|6666666.1036479.peg.3207,fig|6666666.1036479.peg.2092,0.9047211229801178,0.0021677049451458183,Medium,Medium,Medium–Medium,,,0,no STRING match,no STRING match,1965,2871,1,1
2950,fig|6666666.1036479.peg.2948,fig|6666666.1036479.peg.2156,0.9047150552272797,0.0021684400095558372,High,Very Low,Very Low–High,,,0,no STRING match,no STRING match,1843,2906,1,1
2951,fig|6666666.1036479.peg.2866,fig|6666666.1036479.peg.3166,0.9047127664089203,0.002169175073965856,Very Low,Very Low,Very Low–Very Low,,,0,no STRING match,no STRING match,1798,1935,1,1
2952,fig|6666666.1036479.peg.2788,fig|6666666.1036479.peg.536,0.9047013342380523,0.002169910138375875,Medium,Medium,Medium–Medium,,,0,no STRING match,no STRING match,1752,2193,1,1
2953,fig|6666666.1036479.peg.3213,fig|6666666.1036479.peg.1739,0.9046843469142913,0.002170645202785894,Very Low,Very Low,Very Low–Very Low,,,0,no STRING match,no STRING match,1967,2731,1,1
2954,fig|6666666.1036479.peg.856,fig|6666666.1036479.peg.2457,0.9046745598316193,0.002171380267195913,Low,Very Low,Very Low–Low,,,0,no STRING match,no STRING match,2340,3034,1,1
2955,fig|6666666.1036479.peg.207,fig|6666666.1036479.peg.1080,0.9046502888202668,0.002172115331605932,Low,High,Low–High,,,0,no STRING match,no STRING match,2075,2424,1,1
2956,fig|6666666.1036479.peg.536,fig|6666666.1036479.peg.1947,0.9046454489231109,0.002172850396015951,Medium,Medium,Medium–Medium,,,0,no STRING match,no STRING match,2193,2809,1,1
2957,fig|6666666.1036479.peg.458,fig|6666666.1036479.peg.1331,0.9046442866325378,0.00217358546042597,Low,Low,Low–Low,,,0,no STRING match,no STRING match,2168,2548,1,1
2958,fig|6666666.1036479.peg.3191,fig|6666666.1036479.peg.536,0.9046387791633606,0.002174320524835989,Medium,Medium,Medium–Medium,,,0,no STRING match,no STRING match,1954,2193,1,1
2959,fig|6666666.1036479.peg.1554,fig|6666666.1036479.peg.1739,0.9046295642852783,0.002175055589246008,Medium,Very Low,Very Low–Medium,,,0,no STRING match,no STRING match,2649,2731,1,1
2960,fig|6666666.1036479.peg.689,fig|6666666.1036479.peg.2042,0.9046248078346253,0.002175790653656027,High,High,High–High,,,0,no STRING match,no STRING match,2261,2850,1,1
2961,fig|6666666.1036479.peg.2545,fig|6666666.1036479.peg.2792,0.90459925532341,0.0021765257180660453,Very Low,High,Very Low–High,,,0,no STRING match,no STRING match,1638,1754,7,1
2962,fig|6666666.1036479.peg.2567,fig|6666666.1036479.peg.2792,0.90459925532341,0.0021772607824760643,Very Low,High,Very Low–High,,,0,no STRING match,no STRING match,1638,1754,7,1
2963,fig|6666666.1036479.peg.2792,fig|6666666.1036479.peg.1573,0.90459925532341,0.0021779958468860832,High,Very Low,Very Low–High,,,0,no STRING match,no STRING match,1754,1638,1,7
2964,fig|6666666.1036479.peg.2792,fig|6666666.1036479.peg.1586,0.90459925532341,0.002178730911296102,High,Very Low,Very Low–High,,,0,no STRING match,no STRING match,1754,1638,1,7
2965,fig|6666666.1036479.peg.2792,fig|6666666.1036479.peg.1597,0.90459925532341,0.002179465975706121,High,Very Low,Very Low–High,,,0,no STRING match,no STRING match,1754,1638,1,7
2966,fig|6666666.1036479.peg.2792,fig|6666666.1036479.peg.1619,0.90459925532341,0.00218020104011614,High,Very Low,Very Low–High,,,0,no STRING match,no STRING match,1754,1638,1,7
2967,fig|6666666.1036479.peg.2792,fig|6666666.1036479.peg.1643,0.90459925532341,0.002180936104526159,High,Very Low,Very Low–High,,,0,no STRING match,no STRING match,1754,1638,1,7
2968,fig|6666666.1036479.peg.2762,fig|6666666.1036479.peg.2156,0.9045858740806579,0.002181671168936178,Medium,Very Low,Very Low–Medium,Hypothetical protein.,,0,secondary STRING hit (STRING protein assigned to a better match),no STRING match,1741,2906,1,1
2969,fig|6666666.1036479.peg.1140,fig|6666666.1036479.peg.1146,0.9045846581459045,0.002182406233346197,Very Low,Very Low,Very Low–Very Low,,,0,no STRING match,no STRING match,2466,2472,1,1
2970,fig|6666666.1036479.peg.475,fig|6666666.1036479.peg.885,0.9045757114887237,0.002183141297756216,Low,Medium,Low–Medium,,,0,no STRING match,no STRING match,2175,2360,1,1
2971,fig|6666666.1036479.peg.3008,fig|6666666.1036479.peg.1693,0.9045580148696899,0.002183876362166235,Medium,Medium,Medium–Medium,,,0,no STRING match,no STRING match,1868,2718,1,1
2972,fig|6666666.1036479.peg.1195,fig|6666666.1036479.peg.1946,0.904556804895401,0.002184611426576254,Medium,Medium,Medium–Medium,,,0,no STRING match,no STRING match,2492,2808,1,1
2973,fig|6666666.1036479.peg.3020,fig|6666666.1036479.peg.2436,0.9045526683330536,0.002185346490986273,Low,Medium,Low–Medium,,,0,no STRING match,no STRING match,1878,3022,1,1
2974,fig|6666666.1036479.peg.871,fig|6666666.1036479.peg.2400,0.9045459687709808,0.0021860815553962918,Very Low,Very Low,Very Low–Very Low,,,0,no STRING match,no STRING match,2350,3005,1,1
2975,fig|6666666.1036479.peg.2672,fig|6666666.1036479.peg.719,0.9045374274253846,0.0021868166198063107,Medium,Medium,Medium–Medium,,,0,no STRING match,no STRING match,1704,2277,1,1
2976,fig|6666666.1036479.peg.2690,fig|6666666.1036479.peg.1138,0.9045331180095673,0.0021875516842163292,Medium,Very Low,Very Low–Medium,,,0,no STRING match,no STRING match,1710,2464,1,1
2977,fig|6666666.1036479.peg.2843,fig|6666666.1036479.peg.1934,0.9045298933982849,0.002188286748626348,Very Low,Low,Very Low–Low,,,0,no STRING match,no STRING match,1785,2801,1,1
2978,fig|6666666.1036479.peg.2778,fig|6666666.1036479.peg.950,0.9045272171497345,0.002189021813036367,Very Low,Very Low,Very Low–Very Low,,,0,no STRING match,no STRING match,1747,2392,1,1
2979,fig|6666666.1036479.peg.3213,fig|6666666.1036479.peg.866,0.904520720243454,0.002189756877446386,Very Low,High,Very Low–High,,,0,no STRING match,no STRING match,1967,2345,1,1
2980,fig|6666666.1036479.peg.475,fig|6666666.1036479.peg.1617,0.904512083530426,0.002190491941856405,Low,Low,Low–Low,,,0,no STRING match,no STRING match,2175,2688,1,2
2981,fig|6666666.1036479.peg.475,fig|6666666.1036479.peg.1625,0.904512083530426,0.002191227006266424,Low,Low,Low–Low,,,0,no STRING match,no STRING match,2175,2688,1,2
2982,fig|6666666.1036479.peg.38,fig|6666666.1036479.peg.856,0.9045010209083557,0.002191962070676443,Low,Low,Low–Low,,,0,no STRING match,no STRING match,2025,2340,2,1
2983,fig|6666666.1036479.peg.186,fig|6666666.1036479.peg.856,0.9045010209083557,0.002192697135086462,Low,Low,Low–Low,,,0,no STRING match,no STRING match,2025,2340,2,1
2984,fig|6666666.1036479.peg.3180,fig|6666666.1036479.peg.1693,0.9045006632804871,0.002193432199496481,Very Low,Medium,Very Low–Medium,,,0,no STRING match,no STRING match,1943,2718,2,1
2985,fig|6666666.1036479.peg.1693,fig|6666666.1036479.peg.2380,0.9045006632804871,0.0021941672639065,Medium,Very Low,Very Low–Medium,,,0,no STRING match,no STRING match,2718,1943,1,2
2986,fig|6666666.1036479.peg.475,fig|6666666.1036479.peg.1268,0.9044544756412506,0.002194902328316519,Low,Medium,Low–Medium,,,0,no STRING match,no STRING match,2175,2521,1,1
2987,fig|6666666.1036479.peg.2948,fig|6666666.1036479.peg.1947,0.9044471502304077,0.0021956373927265378,High,Medium,Medium–High,,,0,no STRING match,no STRING match,1843,2809,1,1
2988,fig|6666666.1036479.peg.2920,fig|6666666.1036479.peg.536,0.9044367432594299,0.0021963724571365567,Very Low,Medium,Very Low–Medium,,,0,no STRING match,no STRING match,1823,2193,1,1
2989,fig|6666666.1036479.peg.411,fig|6666666.1036479.peg.887,0.9044328808784485,0.0021971075215465757,Low,Medium,Low–Medium,Hypothetical protein.,,0,secondary STRING hit (STRING protein assigned to a better match),no STRING match,2150,2362,1,1
2990,fig|6666666.1036479.peg.856,fig|6666666.1036479.peg.1164,0.9044304609298706,0.0021978425859565946,Low,Very Low,Very Low–Low,,,0,no STRING match,no STRING match,2340,2483,1,1
2991,fig|6666666.1036479.peg.881,fig|6666666.1036479.peg.1519,0.9044244349002838,0.002198577650366613,High,High,High–High,,,0,no STRING match,no STRING match,2356,2632,1,1
2992,fig|6666666.1036479.peg.1080,fig|6666666.1036479.peg.1671,0.9044024288654328,0.002199312714776632,High,High,High–High,,,0,no STRING match,no STRING match,2424,2712,1,1
2993,fig|6666666.1036479.peg.573,fig|6666666.1036479.peg.721,0.9043903648853302,0.002200047779186651,Very Low,High,Very Low–High,Hypothetical protein.,Yd repeat protein; COG3209 Rhs family protein.,0,secondary STRING hit (STRING protein assigned to a better match),secondary STRING hit (STRING protein assigned to a better match),2210,2279,1,1
2994,fig|6666666.1036479.peg.2948,fig|6666666.1036479.peg.236,0.9043834626674652,0.00220078284359667,High,Very Low,Very Low–High,,,0,no STRING match,no STRING match,1843,2086,1,1
2995,fig|6666666.1036479.peg.649,fig|6666666.1036479.peg.2478,0.9043809354305268,0.002201517908006689,Medium,Very Low,Very Low–Medium,,,0,no STRING match,no STRING match,2246,3042,1,1
2996,fig|6666666.1036479.peg.2672,fig|6666666.1036479.peg.1657,0.9043754518032074,0.002202252972416708,Medium,Medium,Medium–Medium,,,0,no STRING match,no STRING match,1704,2707,1,1
2997,fig|6666666.1036479.peg.475,fig|6666666.1036479.peg.725,0.904359096288681,0.002202988036826727,Low,Very Low,Very Low–Low,,,0,no STRING match,no STRING match,2175,2283,1,1
2998,fig|6666666.1036479.peg.253,fig|6666666.1036479.peg.2238,0.9043530285358429,0.002203723101236746,Low,Very Low,Very Low–Low,Hypothetical protein.,,0,secondary STRING hit (STRING protein assigned to a better match),no STRING match,2096,2942,1,1
2999,fig|6666666.1036479.peg.1002,fig|6666666.1036479.peg.1693,0.9043512880802155,0.002204458165646765,Medium,Medium,Medium–Medium,,,0,no STRING match,no STRING match,2399,2718,1,1
3000,fig|6666666.1036479.peg.2672,fig|6666666.1036479.peg.3188,0.9043450117111206,0.0022051932300567838,Medium,Medium,Medium–Medium,,,0,no STRING match,no STRING match,1704,1951,1,1
3001,fig|6666666.1036479.peg.1673,fig|6666666.1036479.peg.2436,0.9043380081653595,0.0022059282944668027,Very Low,Medium,Very Low–Medium,,,0,no STRING match,no STRING match,2713,3022,1,1
3002,fig|6666666.1036479.peg.3198,fig|6666666.1036479.peg.942,0.9043144881725311,0.0022066633588768217,Very Low,Very Low,Very Low–Very Low,,,0,no STRING match,no STRING match,1960,2389,1,1
3003,fig|6666666.1036479.peg.2623,fig|6666666.1036479.peg.856,0.9043026030063629,0.0022073984232868406,Very Low,Low,Very Low–Low,,,0,no STRING match,no STRING match,1682,2340,1,1
3004,fig|6666666.1036479.peg.364,fig|6666666.1036479.peg.1519,0.9042986810207367,0.0022081334876968596,Low,High,Low–High,,,0,no STRING match,no STRING match,2137,2632,1,1
3005,fig|6666666.1036479.peg.2988,fig|6666666.1036479.peg.1554,0.9042970240116119,0.0022088685521068786,Medium,Medium,Medium–Medium,Hypothetical protein.,,0,secondary STRING hit (STRING protein assigned to a better match),no STRING match,1859,2649,1,1
3006,fig|6666666.1036479.peg.728,fig|6666666.1036479.peg.889,0.9042742431163788,0.002209603616516897,Medium,Low,Low–Medium,,,0,no STRING match,no STRING match,2286,2364,1,1
3007,fig|6666666.1036479.peg.793,fig|6666666.1036479.peg.1604,0.904269540309906,0.002210338680926916,Medium,Very Low,Very Low–Medium,,YD repeat-containing protein; COG3209 Rhs family protein.,0,no STRING match,secondary STRING hit (STRING protein assigned to a better match),2320,2685,1,2
3008,fig|6666666.1036479.peg.793,fig|6666666.1036479.peg.1611,0.904269540309906,0.002211073745336935,Medium,Very Low,Very Low–Medium,,YD repeat-containing protein; COG3209 Rhs family protein.,0,no STRING match,secondary STRING hit (STRING protein assigned to a better match),2320,2685,1,2
3009,fig|6666666.1036479.peg.649,fig|6666666.1036479.peg.1894,0.904249656200409,0.002211808809746954,Medium,Medium,Medium–Medium,,Hypothetical protein.,0,no STRING match,secondary STRING hit (STRING protein assigned to a better match),2246,2785,1,1
3010,fig|6666666.1036479.peg.253,fig|6666666.1036479.peg.726,0.9042301535606384,0.002212543874156973,Low,Very Low,Very Low–Low,Hypothetical protein.,,0,secondary STRING hit (STRING protein assigned to a better match),no STRING match,2096,2284,1,1
3011,fig|6666666.1036479.peg.1355,fig|6666666.1036479.peg.1739,0.90422802567482,0.002213278938566992,Medium,Very Low,Very Low–Medium,,,0,no STRING match,no STRING match,2564,2731,1,1
3012,fig|6666666.1036479.peg.2848,fig|6666666.1036479.peg.536,0.9042137920856476,0.002214014002977011,Very Low,Medium,Very Low–Medium,,,0,no STRING match,no STRING match,1786,2193,1,1
3013,fig|6666666.1036479.peg.370,fig|6666666.1036479.peg.861,0.9042097151279449,0.0022147490673870298,High,High,High–High,,,0,no STRING match,no STRING match,2139,2341,1,1
3014,fig|6666666.1036479.peg.2672,fig|6666666.1036479.peg.2383,0.9042016685009002,0.0022154841317970487,Medium,Very Low,Very Low–Medium,,Hypothetical protein.,0,no STRING match,secondary STRING hit (STRING protein assigned to a better match),1704,2997,1,1
3015,fig|6666666.1036479.peg.2681,fig|6666666.1036479.peg.2114,0.9041903018951416,0.0022162191962070677,Low,Very Low,Very Low–Low,,"COG1629 Outer membrane receptor proteins, mostly Fe transport.",0,no STRING match,secondary STRING hit (STRING protein assigned to a better match),1706,2884,1,1
3016,fig|6666666.1036479.peg.1409,fig|6666666.1036479.peg.1671,0.9041768431663513,0.0022169542606170867,Medium,High,Medium–High,,,0,no STRING match,no STRING match,2588,2712,1,1
3017,fig|6666666.1036479.peg.411,fig|6666666.1036479.peg.453,0.9041764855384826,0.0022176893250271056,Low,Very Low,Very Low–Low,Hypothetical protein.,,0,secondary STRING hit (STRING protein assigned to a better match),no STRING match,2150,2166,1,1
3018,fig|6666666.1036479.peg.1131,fig|6666666.1036479.peg.1140,0.9041742861270905,0.0022184243894371246,Very Low,Very Low,Very Low–Very Low,,,0,no STRING match,no STRING match,2460,2466,1,1
3019,fig|6666666.1036479.peg.2646,fig|6666666.1036479.peg.1195,0.9041673183441162,0.0022191594538471435,Low,Medium,Low–Medium,,,0,no STRING match,no STRING match,1694,2492,1,1
3020,fig|6666666.1036479.peg.2920,fig|6666666.1036479.peg.3089,0.9041647434234619,0.0022198945182571625,Very Low,High,Very Low–High,,,0,no STRING match,no STRING match,1823,1907,1,1
3021,fig|6666666.1036479.peg.320,fig|6666666.1036479.peg.1693,0.9041435241699218,0.002220629582667181,Very Low,Medium,Very Low–Medium,,,0,no STRING match,no STRING match,2130,2718,1,1
3022,fig|6666666.1036479.peg.861,fig|6666666.1036479.peg.1002,0.9041383862495422,0.0022213646470772,High,Medium,Medium–High,,,0,no STRING match,no STRING match,2341,2399,1,1
3023,fig|6666666.1036479.peg.364,fig|6666666.1036479.peg.861,0.9041207790374756,0.002222099711487219,Low,High,Low–High,,,0,no STRING match,no STRING match,2137,2341,1,1
3024,fig|6666666.1036479.peg.2548,fig|6666666.1036479.peg.1331,0.9041188180446624,0.002222834775897238,High,Low,Low–High,,,0,no STRING match,no STRING match,1641,2548,1,1
3025,fig|6666666.1036479.peg.2792,fig|6666666.1036479.peg.1894,0.9041102409362793,0.002223569840307257,High,Medium,Medium–High,,Hypothetical protein.,0,no STRING match,secondary STRING hit (STRING protein assigned to a better match),1754,2785,1,1
3026,fig|6666666.1036479.peg.856,fig|6666666.1036479.peg.2108,0.9040915668010712,0.002224304904717276,Low,Very Low,Very Low–Low,,,0,no STRING match,no STRING match,2340,2880,1,1
3027,fig|6666666.1036479.peg.3076,fig|6666666.1036479.peg.3222,0.9040828585624695,0.0022250399691272947,High,Medium,Medium–High,,,0,no STRING match,no STRING match,1899,1972,1,2
3028,fig|6666666.1036479.peg.3076,fig|6666666.1036479.peg.138,0.9040828585624695,0.0022257750335373137,High,Medium,Medium–High,,,0,no STRING match,no STRING match,1899,1972,1,2
3029,fig|6666666.1036479.peg.899,fig|6666666.1036479.peg.2415,0.9040811419486999,0.0022265100979473327,Very Low,Very Low,Very Low–Very Low,,,0,no STRING match,no STRING match,2369,3015,1,1
3030,fig|6666666.1036479.peg.2523,fig|6666666.1036479.peg.3077,0.9040758371353149,0.0022272451623573516,Low,Medium,Low–Medium,,,0,no STRING match,no STRING match,1625,1900,1,1
3031,fig|6666666.1036479.peg.2672,fig|6666666.1036479.peg.2348,0.9040520429611206,0.0022279802267673706,Medium,High,Medium–High,,,0,no STRING match,no STRING match,1704,2991,1,1
3032,fig|6666666.1036479.peg.856,fig|6666666.1036479.peg.1965,0.9040495991706848,0.0022287152911773895,Low,Medium,Low–Medium,,Hypothetical protein.,0,no STRING match,secondary STRING hit (STRING protein assigned to a better match),2340,2825,1,1
3033,fig|6666666.1036479.peg.2536,fig|6666666.1036479.peg.2792,0.9040470540523529,0.0022294503555874085,Very Low,High,Very Low–High,,,0,no STRING match,no STRING match,1629,1754,1,1
3034,fig|6666666.1036479.peg.2778,fig|6666666.1036479.peg.3000,0.9040281116962433,0.0022301854199974274,Very Low,Very Low,Very Low–Very Low,,,0,no STRING match,no STRING match,1747,1863,1,1
3035,fig|6666666.1036479.peg.2920,fig|6666666.1036479.peg.573,0.9040242373943329,0.0022309204844074464,Very Low,Very Low,Very Low–Very Low,,Hypothetical protein.,0,no STRING match,secondary STRING hit (STRING protein assigned to a better match),1823,2210,1,1
3036,fig|6666666.1036479.peg.391,fig|6666666.1036479.peg.1080,0.9040077269077301,0.002231655548817465,Medium,High,Medium–High,,,0,no STRING match,no STRING match,2142,2424,1,1
3037,fig|6666666.1036479.peg.2114,fig|6666666.1036479.peg.2156,0.9040022313594818,0.002232390613227484,Very Low,Very Low,Very Low–Very Low,"COG1629 Outer membrane receptor proteins, mostly Fe transport.",,0,secondary STRING hit (STRING protein assigned to a better match),no STRING match,2884,2906,1,1
3038,fig|6666666.1036479.peg.2788,fig|6666666.1036479.peg.3089,0.9040014207363128,0.002233125677637503,Medium,High,Medium–High,,,0,no STRING match,no STRING match,1752,1907,1,1
3039,fig|6666666.1036479.peg.2754,fig|6666666.1036479.peg.411,0.9039639174938202,0.002233860742047522,Very Low,Low,Very Low–Low,,Hypothetical protein.,0,no STRING match,secondary STRING hit (STRING protein assigned to a better match),1735,2150,1,1
3040,fig|6666666.1036479.peg.2546,fig|6666666.1036479.peg.3131,0.9039621710777282,0.0022345958064575407,Very Low,Low,Very Low–Low,Yd repeat protein; COG3209 Rhs family protein.,,0,secondary STRING hit (STRING protein assigned to a better match),no STRING match,1639,1923,1,1
3041,fig|6666666.1036479.peg.36,fig|6666666.1036479.peg.1308,0.9039583146572113,0.0022353308708675597,Medium,Medium,Medium–Medium,,,0,no STRING match,no STRING match,2023,2532,2,1
3042,fig|6666666.1036479.peg.184,fig|6666666.1036479.peg.1308,0.9039583146572113,0.0022360659352775787,Medium,Medium,Medium–Medium,,,0,no STRING match,no STRING match,2023,2532,2,1
3043,fig|6666666.1036479.peg.861,fig|6666666.1036479.peg.1074,0.9039510786533356,0.0022368009996875976,High,High,High–High,,,0,no STRING match,no STRING match,2341,2418,1,1
3044,fig|6666666.1036479.peg.2548,fig|6666666.1036479.peg.1002,0.9039483666419983,0.0022375360640976166,High,Medium,Medium–High,,,0,no STRING match,no STRING match,1641,2399,1,1
3045,fig|6666666.1036479.peg.2646,fig|6666666.1036479.peg.1671,0.9039362370967865,0.0022382711285076355,Low,High,Low–High,,,0,no STRING match,no STRING match,1694,2712,1,1
3046,fig|6666666.1036479.peg.2646,fig|6666666.1036479.peg.1074,0.9039315521717072,0.0022390061929176545,Low,High,Low–High,,,0,no STRING match,no STRING match,1694,2418,1,1
3047,fig|6666666.1036479.peg.217,fig|6666666.1036479.peg.219,0.9039238750934601,0.0022397412573276734,Very Low,Very Low,Very Low–Very Low,,,0,no STRING match,no STRING match,2079,2081,1,1
3048,fig|6666666.1036479.peg.874,fig|6666666.1036479.peg.1080,0.9039172410964966,0.0022404763217376924,Medium,High,Medium–High,,,0,no STRING match,no STRING match,2351,2424,1,1
3049,fig|6666666.1036479.peg.866,fig|6666666.1036479.peg.1901,0.9039159119129181,0.0022412113861477114,High,Very Low,Very Low–High,,,0,no STRING match,no STRING match,2345,2787,1,1
3050,fig|6666666.1036479.peg.452,fig|6666666.1036479.peg.856,0.9039050042629242,0.0022419464505577303,High,Low,Low–High,Hypothetical protein.,,0,secondary STRING hit (STRING protein assigned to a better match),no STRING match,2165,2340,1,1
3051,fig|6666666.1036479.peg.934,fig|6666666.1036479.peg.942,0.9038956582546234,0.002242681514967749,Low,Very Low,Very Low–Low,,,0,no STRING match,no STRING match,2385,2389,1,1
3052,fig|6666666.1036479.peg.942,fig|6666666.1036479.peg.1947,0.9038941860198975,0.002243416579377768,Very Low,Medium,Very Low–Medium,,,0,no STRING match,no STRING match,2389,2809,1,1
3053,fig|6666666.1036479.peg.2548,fig|6666666.1036479.peg.3078,0.9038884103298187,0.0022441516437877868,High,Medium,Medium–High,,,0,no STRING match,no STRING match,1641,1901,1,1
3054,fig|6666666.1036479.peg.2548,fig|6666666.1036479.peg.885,0.9038825690746307,0.0022448867081978057,High,Medium,Medium–High,,,0,no STRING match,no STRING match,1641,2360,1,1
3055,fig|6666666.1036479.peg.391,fig|6666666.1036479.peg.866,0.9038629770278931,0.0022456217726078247,Medium,High,Medium–High,,,0,no STRING match,no STRING match,2142,2345,1,1
3056,fig|6666666.1036479.peg.2545,fig|6666666.1036479.peg.370,0.9038422703742981,0.0022463568370178436,Very Low,High,Very Low–High,,,0,no STRING match,no STRING match,1638,2139,7,1
3057,fig|6666666.1036479.peg.2567,fig|6666666.1036479.peg.370,0.9038422703742981,0.0022470919014278626,Very Low,High,Very Low–High,,,0,no STRING match,no STRING match,1638,2139,7,1
3058,fig|6666666.1036479.peg.370,fig|6666666.1036479.peg.1573,0.9038422703742981,0.0022478269658378815,High,Very Low,Very Low–High,,,0,no STRING match,no STRING match,2139,1638,1,7
3059,fig|6666666.1036479.peg.370,fig|6666666.1036479.peg.1586,0.9038422703742981,0.0022485620302479005,High,Very Low,Very Low–High,,,0,no STRING match,no STRING match,2139,1638,1,7
3060,fig|6666666.1036479.peg.370,fig|6666666.1036479.peg.1597,0.9038422703742981,0.0022492970946579195,High,Very Low,Very Low–High,,,0,no STRING match,no STRING match,2139,1638,1,7
3061,fig|6666666.1036479.peg.370,fig|6666666.1036479.peg.1619,0.9038422703742981,0.0022500321590679384,High,Very Low,Very Low–High,,,0,no STRING match,no STRING match,2139,1638,1,7
3062,fig|6666666.1036479.peg.370,fig|6666666.1036479.peg.1643,0.9038422703742981,0.0022507672234779574,High,Very Low,Very Low–High,,,0,no STRING match,no STRING match,2139,1638,1,7
3063,fig|6666666.1036479.peg.2741,fig|6666666.1036479.peg.793,0.9038240909576416,0.0022515022878879763,High,Medium,Medium–High,,,0,no STRING match,no STRING match,1728,2320,1,1
3064,fig|6666666.1036479.peg.2988,fig|6666666.1036479.peg.1913,0.9037822782993317,0.0022522373522979953,Medium,Very Low,Very Low–Medium,Hypothetical protein.,,0,secondary STRING hit (STRING protein assigned to a better match),no STRING match,1859,2793,1,1
3065,fig|6666666.1036479.peg.684,fig|6666666.1036479.peg.1080,0.9037814497947693,0.0022529724167080142,High,High,High–High,,,0,no STRING match,no STRING match,2258,2424,1,1
3066,fig|6666666.1036479.peg.1649,fig|6666666.1036479.peg.1693,0.9037757992744446,0.0022537074811180328,Very Low,Medium,Very Low–Medium,YD repeat-containing protein; COG3209 Rhs family protein.,,0,secondary STRING hit (STRING protein assigned to a better match),no STRING match,2703,2718,1,1
3067,fig|6666666.1036479.peg.3187,fig|6666666.1036479.peg.36,0.9037739336490631,0.0022544425455280517,Very Low,Medium,Very Low–Medium,Hypothetical protein.,,0,secondary STRING hit (STRING protein assigned to a better match),no STRING match,1950,2023,1,2
3068,fig|6666666.1036479.peg.3187,fig|6666666.1036479.peg.184,0.9037739336490631,0.0022551776099380707,Very Low,Medium,Very Low–Medium,Hypothetical protein.,,0,secondary STRING hit (STRING protein assigned to a better match),no STRING match,1950,2023,1,2
3069,fig|6666666.1036479.peg.728,fig|6666666.1036479.peg.2436,0.9037665665149689,0.0022559126743480896,Medium,Medium,Medium–Medium,,,0,no STRING match,no STRING match,2286,3022,1,1
3070,fig|6666666.1036479.peg.2536,fig|6666666.1036479.peg.370,0.9037635684013366,0.0022566477387581086,Very Low,High,Very Low–High,,,0,no STRING match,no STRING match,1629,2139,1,1
3071,fig|6666666.1036479.peg.236,fig|6666666.1036479.peg.2092,0.9037629306316376,0.0022573828031681275,Very Low,Medium,Very Low–Medium,,,0,no STRING match,no STRING match,2086,2871,1,1
3072,fig|6666666.1036479.peg.866,fig|6666666.1036479.peg.2348,0.9037552356719971,0.0022581178675781465,High,High,High–High,,,0,no STRING match,no STRING match,2345,2991,1,1
3073,fig|6666666.1036479.peg.2788,fig|6666666.1036479.peg.458,0.9037242650985717,0.0022588529319881655,Medium,Low,Low–Medium,,,0,no STRING match,no STRING match,1752,2168,1,1
3074,fig|6666666.1036479.peg.3089,fig|6666666.1036479.peg.411,0.9037061154842376,0.0022595879963981844,High,Low,Low–High,,Hypothetical protein.,0,no STRING match,secondary STRING hit (STRING protein assigned to a better match),1907,2150,1,1
3075,fig|6666666.1036479.peg.2988,fig|6666666.1036479.peg.2327,0.9036916673183442,0.0022603230608082034,Medium,Medium,Medium–Medium,Hypothetical protein.,,0,secondary STRING hit (STRING protein assigned to a better match),no STRING match,1859,2982,1,1
3076,fig|6666666.1036479.peg.2848,fig|6666666.1036479.peg.942,0.9036810159683227,0.0022610581252182223,Very Low,Very Low,Very Low–Very Low,,,0,no STRING match,no STRING match,1786,2389,1,1
3077,fig|6666666.1036479.peg.2679,fig|6666666.1036479.peg.1937,0.9036687254905701,0.0022617931896282413,Medium,High,Medium–High,,,0,no STRING match,no STRING match,1705,2802,1,1
3078,fig|6666666.1036479.peg.458,fig|6666666.1036479.peg.2042,0.9036540389060974,0.0022625282540382602,Low,High,Low–High,,,0,no STRING match,no STRING match,2168,2850,1,1
3079,fig|6666666.1036479.peg.2091,fig|6666666.1036479.peg.2114,0.903652948141098,0.002263263318448279,Medium,Very Low,Very Low–Medium,,"COG1629 Outer membrane receptor proteins, mostly Fe transport.",0,no STRING match,secondary STRING hit (STRING protein assigned to a better match),2870,2884,1,1
3080,fig|6666666.1036479.peg.2912,fig|6666666.1036479.peg.3131,0.903643149137497,0.002263998382858298,High,Low,Low–High,,,0,no STRING match,no STRING match,1821,1923,1,1
3081,fig|6666666.1036479.peg.885,fig|6666666.1036479.peg.1693,0.903619521856308,0.0022647334472683167,Medium,Medium,Medium–Medium,,,0,no STRING match,no STRING match,2360,2718,1,1
3082,fig|6666666.1036479.peg.2762,fig|6666666.1036479.peg.236,0.9036064624786377,0.0022654685116783356,Medium,Very Low,Very Low–Medium,Hypothetical protein.,,0,secondary STRING hit (STRING protein assigned to a better match),no STRING match,1741,2086,1,1
3083,fig|6666666.1036479.peg.3020,fig|6666666.1036479.peg.1673,0.9036006510257721,0.0022662035760883546,Low,Very Low,Very Low–Low,,,0,no STRING match,no STRING match,1878,2713,1,1
3084,fig|6666666.1036479.peg.1080,fig|6666666.1036479.peg.1901,0.9035821259021759,0.0022669386404983735,High,Very Low,Very Low–High,,,0,no STRING match,no STRING match,2424,2787,1,1
3085,fig|6666666.1036479.peg.3207,fig|6666666.1036479.peg.1419,0.9035818099975585,0.0022676737049083925,Medium,High,Medium–High,,,0,no STRING match,no STRING match,1965,2597,1,1
3086,fig|6666666.1036479.peg.2666,fig|6666666.1036479.peg.3131,0.9035715997219086,0.0022684087693184115,High,Low,Low–High,,,0,no STRING match,no STRING match,1702,1923,1,1
3087,fig|6666666.1036479.peg.3113,fig|6666666.1036479.peg.725,0.9035639524459839,0.0022691438337284304,Very Low,Very Low,Very Low–Very Low,,,0,no STRING match,no STRING match,1915,2283,1,1
3088,fig|6666666.1036479.peg.3089,fig|6666666.1036479.peg.3191,0.903554105758667,0.0022698788981384494,High,Medium,Medium–High,,,0,no STRING match,no STRING match,1907,1954,1,1
3089,fig|6666666.1036479.peg.3191,fig|6666666.1036479.peg.1739,0.9035362064838409,0.0022706139625484683,Medium,Very Low,Very Low–Medium,,,0,no STRING match,no STRING match,1954,2731,1,1
3090,fig|6666666.1036479.peg.1141,fig|6666666.1036479.peg.2414,0.9035321354866028,0.0022713490269584873,Very Low,Very Low,Very Low–Very Low,,,0,no STRING match,no STRING match,2467,3014,1,1
3091,fig|6666666.1036479.peg.391,fig|6666666.1036479.peg.1937,0.9035305559635163,0.0022720840913685062,Medium,High,Medium–High,,,0,no STRING match,no STRING match,2142,2802,1,1
3092,fig|6666666.1036479.peg.573,fig|6666666.1036479.peg.2042,0.9035136044025421,0.002272819155778525,Very Low,High,Very Low–High,Hypothetical protein.,,0,secondary STRING hit (STRING protein assigned to a better match),no STRING match,2210,2850,1,1
3093,fig|6666666.1036479.peg.1991,fig|6666666.1036479.peg.2071,0.90349982380867,0.002273554220188544,Very Low,Medium,Very Low–Medium,,,0,no STRING match,no STRING match,2837,2862,1,1
3094,fig|6666666.1036479.peg.2920,fig|6666666.1036479.peg.2092,0.9034796059131622,0.002274289284598563,Very Low,Medium,Very Low–Medium,,,0,no STRING match,no STRING match,1823,2871,1,1
3095,fig|6666666.1036479.peg.726,fig|6666666.1036479.peg.942,0.9034707427024842,0.002275024349008582,Very Low,Very Low,Very Low–Very Low,,,0,no STRING match,no STRING match,2284,2389,1,1
3096,fig|6666666.1036479.peg.2988,fig|6666666.1036479.peg.723,0.9034642815589905,0.0022757594134186006,Medium,High,Medium–High,Hypothetical protein.,,0,secondary STRING hit (STRING protein assigned to a better match),no STRING match,1859,2281,1,1
3097,fig|6666666.1036479.peg.934,fig|6666666.1036479.peg.1946,0.9034581840038299,0.0022764944778286196,Low,Medium,Low–Medium,,,0,no STRING match,no STRING match,2385,2808,1,1
3098,fig|6666666.1036479.peg.856,fig|6666666.1036479.peg.1217,0.9034573554992675,0.0022772295422386385,Low,Low,Low–Low,,,0,no STRING match,no STRING match,2340,2503,1,1
3099,fig|6666666.1036479.peg.2646,fig|6666666.1036479.peg.942,0.9034502565860748,0.0022779646066486575,Low,Very Low,Very Low–Low,,,0,no STRING match,no STRING match,1694,2389,1,1
3100,fig|6666666.1036479.peg.2843,fig|6666666.1036479.peg.728,0.9034491956233979,0.0022786996710586764,Very Low,Medium,Very Low–Medium,,,0,no STRING match,no STRING match,1785,2286,1,1
3101,fig|6666666.1036479.peg.2814,fig|6666666.1036479.peg.1739,0.9034409344196319,0.0022794347354686954,Very Low,Very Low,Very Low–Very Low,,,0,no STRING match,no STRING match,1765,2731,1,1
3102,fig|6666666.1036479.peg.1308,fig|6666666.1036479.peg.2364,0.903440123796463,0.0022801697998787143,Medium,Medium,Medium–Medium,,,0,no STRING match,no STRING match,2532,2994,1,1
3103,fig|6666666.1036479.peg.2661,fig|6666666.1036479.peg.1671,0.9034372568130493,0.0022809048642887333,High,High,High–High,,,0,no STRING match,no STRING match,1701,2712,1,1
3104,fig|6666666.1036479.peg.2988,fig|6666666.1036479.peg.719,0.9034337162971496,0.0022816399286987523,Medium,Medium,Medium–Medium,Hypothetical protein.,,0,secondary STRING hit (STRING protein assigned to a better match),no STRING match,1859,2277,1,1
3105,fig|6666666.1036479.peg.2848,fig|6666666.1036479.peg.2092,0.9034305274486542,0.002282374993108771,Very Low,Medium,Very Low–Medium,,,0,no STRING match,no STRING match,1786,2871,1,1
3106,fig|6666666.1036479.peg.649,fig|6666666.1036479.peg.1554,0.9034251928329468,0.00228311005751879,Medium,Medium,Medium–Medium,,,0,no STRING match,no STRING match,2246,2649,1,1
3107,fig|6666666.1036479.peg.923,fig|6666666.1036479.peg.1308,0.9034178495407105,0.002283845121928809,High,Medium,Medium–High,,,0,no STRING match,no STRING match,2380,2532,1,1
3108,fig|6666666.1036479.peg.573,fig|6666666.1036479.peg.1946,0.9034099698066711,0.002284580186338828,Very Low,Medium,Very Low–Medium,Hypothetical protein.,,0,secondary STRING hit (STRING protein assigned to a better match),no STRING match,2210,2808,1,1
3109,fig|6666666.1036479.peg.3089,fig|6666666.1036479.peg.1331,0.9034095883369446,0.002285315250748847,High,Low,Low–High,,,0,no STRING match,no STRING match,1907,2548,1,1
3110,fig|6666666.1036479.peg.856,fig|6666666.1036479.peg.2382,0.9034044861793518,0.002286050315158866,Low,Very Low,Very Low–Low,,Rhs element Vgr protein; COG3501 Uncharacterized protein conserved in bacteria.,0,no STRING match,secondary STRING hit (STRING protein assigned to a better match),2340,2996,1,1
3111,fig|6666666.1036479.peg.3089,fig|6666666.1036479.peg.903,0.9034026443958283,0.0022867853795688845,High,Medium,Medium–High,,,0,no STRING match,no STRING match,1907,2371,1,1
3112,fig|6666666.1036479.peg.2548,fig|6666666.1036479.peg.316,0.9033717036247253,0.0022875204439789035,High,Very Low,Very Low–High,,,0,no STRING match,no STRING match,1641,2127,1,1
3113,fig|6666666.1036479.peg.874,fig|6666666.1036479.peg.1416,0.9033495247364044,0.0022882555083889224,Medium,Medium,Medium–Medium,,,0,no STRING match,no STRING match,2351,2595,1,1
3114,fig|6666666.1036479.peg.3131,fig|6666666.1036479.peg.3199,0.903329747915268,0.0022889905727989414,Low,Very Low,Very Low–Low,,,0,no STRING match,no STRING match,1923,1961,1,1
3115,fig|6666666.1036479.peg.2548,fig|6666666.1036479.peg.2348,0.9033242046833039,0.0022897256372089603,High,High,High–High,,,0,no STRING match,no STRING match,1641,2991,1,1
3116,fig|6666666.1036479.peg.1308,fig|6666666.1036479.peg.1673,0.903297770023346,0.0022904607016189793,Medium,Very Low,Very Low–Medium,,,0,no STRING match,no STRING match,2532,2713,1,1
3117,fig|6666666.1036479.peg.1661,fig|6666666.1036479.peg.1693,0.9032931208610535,0.0022911957660289983,Low,Medium,Low–Medium,,,0,no STRING match,no STRING match,2708,2718,1,1
3118,fig|6666666.1036479.peg.923,fig|6666666.1036479.peg.1673,0.9032716631889344,0.002291930830439017,High,Very Low,Very Low–High,,,0,no STRING match,no STRING match,2380,2713,1,1
3119,fig|6666666.1036479.peg.236,fig|6666666.1036479.peg.1673,0.9032666921615601,0.002292665894849036,Very Low,Very Low,Very Low–Very Low,,,0,no STRING match,no STRING match,2086,2713,1,1
3120,fig|6666666.1036479.peg.781,fig|6666666.1036479.peg.1937,0.9032545506954193,0.002293400959259055,Medium,High,Medium–High,,,0,no STRING match,no STRING match,2315,2802,1,1
3121,fig|6666666.1036479.peg.2548,fig|6666666.1036479.peg.1986,0.9032439172267914,0.002294136023669074,High,Medium,Medium–High,,,0,no STRING match,no STRING match,1641,2835,1,1
3122,fig|6666666.1036479.peg.573,fig|6666666.1036479.peg.1547,0.9032330214977264,0.002294871088079093,Very Low,High,Very Low–High,Hypothetical protein.,,0,secondary STRING hit (STRING protein assigned to a better match),no STRING match,2210,2647,1,1
3123,fig|6666666.1036479.peg.3077,fig|6666666.1036479.peg.1339,0.903229010105133,0.002295606152489112,Medium,Very Low,Very Low–Medium,,,0,no STRING match,no STRING match,1900,2550,1,1
3124,fig|6666666.1036479.peg.312,fig|6666666.1036479.peg.1719,0.9032274842262268,0.002296341216899131,Medium,Medium,Medium–Medium,,,0,no STRING match,no STRING match,2123,2727,1,1
3125,fig|6666666.1036479.peg.31,fig|6666666.1036479.peg.2071,0.9032234370708465,0.00229707628130915,Very Low,Medium,Very Low–Medium,,,0,no STRING match,no STRING match,2018,2862,2,1
3126,fig|6666666.1036479.peg.179,fig|6666666.1036479.peg.2071,0.9032234370708465,0.0022978113457191684,Very Low,Medium,Very Low–Medium,,,0,no STRING match,no STRING match,2018,2862,2,1
3127,fig|6666666.1036479.peg.942,fig|6666666.1036479.peg.1543,0.9032226800918579,0.0022985464101291874,Very Low,Medium,Very Low–Medium,,,0,no STRING match,no STRING match,2389,2644,1,1
3128,fig|6666666.1036479.peg.370,fig|6666666.1036479.peg.1195,0.903219074010849,0.0022992814745392063,High,Medium,Medium–High,,,0,no STRING match,no STRING match,2139,2492,1,1
3129,fig|6666666.1036479.peg.2506,fig|6666666.1036479.peg.866,0.9032166361808777,0.0023000165389492253,Very Low,High,Very Low–High,,,0,no STRING match,no STRING match,1613,2345,6,1
3130,fig|6666666.1036479.peg.2516,fig|6666666.1036479.peg.866,0.9032166361808777,0.0023007516033592443,Very Low,High,Very Low–High,,,0,no STRING match,no STRING match,1613,2345,6,1
3131,fig|6666666.1036479.peg.2522,fig|6666666.1036479.peg.866,0.9032166361808777,0.0023014866677692632,Very Low,High,Very Low–High,,,0,no STRING match,no STRING match,1613,2345,6,1
3132,fig|6666666.1036479.peg.866,fig|6666666.1036479.peg.974,0.9032166361808777,0.002302221732179282,High,Very Low,Very Low–High,,,0,no STRING match,no STRING match,2345,1613,1,6
3133,fig|6666666.1036479.peg.866,fig|6666666.1036479.peg.979,0.9032166361808777,0.002302956796589301,High,Very Low,Very Low–High,,,0,no STRING match,no STRING match,2345,1613,1,6
3134,fig|6666666.1036479.peg.866,fig|6666666.1036479.peg.2491,0.9032166361808777,0.00230369186099932,High,Very Low,Very Low–High,,,0,no STRING match,no STRING match,2345,1613,1,6
3135,fig|6666666.1036479.peg.3089,fig|6666666.1036479.peg.2042,0.9032114982604981,0.002304426925409339,High,High,High–High,,,0,no STRING match,no STRING match,1907,2850,1,1
3136,fig|6666666.1036479.peg.649,fig|6666666.1036479.peg.1913,0.9032058656215668,0.002305161989819358,Medium,Very Low,Very Low–Medium,,,0,no STRING match,no STRING match,2246,2793,1,1
3137,fig|6666666.1036479.peg.2988,fig|6666666.1036479.peg.1894,0.9032023251056671,0.002305897054229377,Medium,Medium,Medium–Medium,Hypothetical protein.,Hypothetical protein.,0,secondary STRING hit (STRING protein assigned to a better match),secondary STRING hit (STRING protein assigned to a better match),1859,2785,1,1
3138,fig|6666666.1036479.peg.2626,fig|6666666.1036479.peg.1719,0.9031975150108338,0.002306632118639396,High,Medium,Medium–High,,,0,no STRING match,no STRING match,1683,2727,1,1
3139,fig|6666666.1036479.peg.2548,fig|6666666.1036479.peg.877,0.9031826078891754,0.002307367183049415,High,Very Low,Very Low–High,,,0,no STRING match,no STRING match,1641,2353,1,1
3140,fig|6666666.1036479.peg.1002,fig|6666666.1036479.peg.1671,0.9031777143478393,0.002308102247459434,Medium,High,Medium–High,,,0,no STRING match,no STRING match,2399,2712,1,1
3141,fig|6666666.1036479.peg.89,fig|6666666.1036479.peg.1080,0.9031752645969391,0.0023088373118694524,Very Low,High,Very Low–High,,,0,no STRING match,no STRING match,2052,2424,1,1
3142,fig|6666666.1036479.peg.36,fig|6666666.1036479.peg.1547,0.9031704366207123,0.0023095723762794713,Medium,High,Medium–High,,,0,no STRING match,no STRING match,2023,2647,2,1
3143,fig|6666666.1036479.peg.184,fig|6666666.1036479.peg.1547,0.9031704366207123,0.0023103074406894903,Medium,High,Medium–High,,,0,no STRING match,no STRING match,2023,2647,2,1
3144,fig|6666666.1036479.peg.458,fig|6666666.1036479.peg.2093,0.9031691372394561,0.0023110425050995092,Low,Medium,Low–Medium,,,0,no STRING match,no STRING match,2168,2872,1,1
3145,fig|6666666.1036479.peg.3209,fig|6666666.1036479.peg.856,0.903138792514801,0.002311777569509528,Medium,Low,Low–Medium,,,0,no STRING match,no STRING match,1966,2340,1,1
3146,fig|6666666.1036479.peg.2754,fig|6666666.1036479.peg.1937,0.9031278789043427,0.002312512633919547,Very Low,High,Very Low–High,,,0,no STRING match,no STRING match,1735,2802,1,1
3147,fig|6666666.1036479.peg.2661,fig|6666666.1036479.peg.475,0.9031223237514496,0.002313247698329566,High,Low,Low–High,,,0,no STRING match,no STRING match,1701,2175,1,1
3148,fig|6666666.1036479.peg.2506,fig|6666666.1036479.peg.1207,0.9031124234199523,0.002313982762739585,Very Low,Low,Very Low–Low,,,0,no STRING match,no STRING match,1613,2498,6,1
3149,fig|6666666.1036479.peg.2516,fig|6666666.1036479.peg.1207,0.9031124234199523,0.002314717827149604,Very Low,Low,Very Low–Low,,,0,no STRING match,no STRING match,1613,2498,6,1
3150,fig|6666666.1036479.peg.2522,fig|6666666.1036479.peg.1207,0.9031124234199523,0.002315452891559623,Very Low,Low,Very Low–Low,,,0,no STRING match,no STRING match,1613,2498,6,1
3151,fig|6666666.1036479.peg.974,fig|6666666.1036479.peg.1207,0.9031124234199523,0.002316187955969642,Very Low,Low,Very Low–Low,,,0,no STRING match,no STRING match,1613,2498,6,1
3152,fig|6666666.1036479.peg.979,fig|6666666.1036479.peg.1207,0.9031124234199523,0.002316923020379661,Very Low,Low,Very Low–Low,,,0,no STRING match,no STRING match,1613,2498,6,1
3153,fig|6666666.1036479.peg.1207,fig|6666666.1036479.peg.2491,0.9031124234199523,0.00231765808478968,Low,Very Low,Very Low–Low,,,0,no STRING match,no STRING match,2498,1613,1,6
3154,fig|6666666.1036479.peg.2672,fig|6666666.1036479.peg.1913,0.9031105518341065,0.002318393149199699,Medium,Very Low,Very Low–Medium,,,0,no STRING match,no STRING match,1704,2793,1,1
3155,fig|6666666.1036479.peg.934,fig|6666666.1036479.peg.1947,0.9031023800373077,0.0023191282136097177,Low,Medium,Low–Medium,,,0,no STRING match,no STRING match,2385,2809,1,1
3156,fig|6666666.1036479.peg.1420,fig|6666666.1036479.peg.1671,0.9030889868736267,0.0023198632780197363,Very Low,High,Very Low–High,,,0,no STRING match,no STRING match,2598,2712,1,1
3157,fig|6666666.1036479.peg.1617,fig|6666666.1036479.peg.1693,0.9030875325202942,0.0023205983424297552,Low,Medium,Low–Medium,,,0,no STRING match,no STRING match,2688,2718,2,1
3158,fig|6666666.1036479.peg.1625,fig|6666666.1036479.peg.1693,0.9030875325202942,0.002321333406839774,Low,Medium,Low–Medium,,,0,no STRING match,no STRING match,2688,2718,2,1
3159,fig|6666666.1036479.peg.861,fig|6666666.1036479.peg.885,0.9030863881111145,0.002322068471249793,High,Medium,Medium–High,,,0,no STRING match,no STRING match,2341,2360,1,1
3160,fig|6666666.1036479.peg.2948,fig|6666666.1036479.peg.2093,0.9030803918838501,0.002322803535659812,High,Medium,Medium–High,,,0,no STRING match,no STRING match,1843,2872,1,1
3161,fig|6666666.1036479.peg.1617,fig|6666666.1036479.peg.1671,0.9030775725841522,0.002323538600069831,Low,High,Low–High,,,0,no STRING match,no STRING match,2688,2712,2,1
3162,fig|6666666.1036479.peg.1625,fig|6666666.1036479.peg.1671,0.9030775725841522,0.00232427366447985,Low,High,Low–High,,,0,no STRING match,no STRING match,2688,2712,2,1
3163,fig|6666666.1036479.peg.3076,fig|6666666.1036479.peg.1195,0.903050833940506,0.002325008728889869,High,Medium,Medium–High,,,0,no STRING match,no STRING match,1899,2492,1,1
3164,fig|6666666.1036479.peg.2920,fig|6666666.1036479.peg.923,0.9030444025993347,0.002325743793299888,Very Low,High,Very Low–High,,,0,no STRING match,no STRING match,1823,2380,1,1
3165,fig|6666666.1036479.peg.867,fig|6666666.1036479.peg.942,0.9030277788639068,0.002326478857709907,Low,Very Low,Very Low–Low,,,0,no STRING match,no STRING match,2346,2389,1,1
3166,fig|6666666.1036479.peg.2848,fig|6666666.1036479.peg.934,0.9030175566673279,0.002327213922119926,Very Low,Low,Very Low–Low,,,0,no STRING match,no STRING match,1786,2385,1,1
3167,fig|6666666.1036479.peg.1604,fig|6666666.1036479.peg.1693,0.9030061483383178,0.002327948986529945,Very Low,Medium,Very Low–Medium,YD repeat-containing protein; COG3209 Rhs family protein.,,0,secondary STRING hit (STRING protein assigned to a better match),no STRING match,2685,2718,2,1
3168,fig|6666666.1036479.peg.1611,fig|6666666.1036479.peg.1693,0.9030061483383178,0.0023286840509399638,Very Low,Medium,Very Low–Medium,YD repeat-containing protein; COG3209 Rhs family protein.,,0,secondary STRING hit (STRING protein assigned to a better match),no STRING match,2685,2718,2,1
3169,fig|6666666.1036479.peg.2792,fig|6666666.1036479.peg.2478,0.9029792666435241,0.0023294191153499827,High,Very Low,Very Low–High,,,0,no STRING match,no STRING match,1754,3042,1,1
3170,fig|6666666.1036479.peg.3076,fig|6666666.1036479.peg.689,0.902952003479004,0.0023301541797600017,High,High,High–High,,,0,no STRING match,no STRING match,1899,2261,1,1
3171,fig|6666666.1036479.peg.856,fig|6666666.1036479.peg.1178,0.9029502630233764,0.00233088924417002,Low,Very Low,Very Low–Low,,,0,no STRING match,no STRING match,2340,2486,1,1
3172,fig|6666666.1036479.peg.2681,fig|6666666.1036479.peg.867,0.9029439389705658,0.002331624308580039,Low,Low,Low–Low,,,0,no STRING match,no STRING match,1706,2346,1,1
3173,fig|6666666.1036479.peg.364,fig|6666666.1036479.peg.370,0.9029419541358947,0.002332359372990058,Low,High,Low–High,,,0,no STRING match,no STRING match,2137,2139,1,1
3174,fig|6666666.1036479.peg.1673,fig|6666666.1036479.peg.2364,0.902936977148056,0.002333094437400077,Very Low,Medium,Very Low–Medium,,,0,no STRING match,no STRING match,2713,2994,1,1
3175,fig|6666666.1036479.peg.942,fig|6666666.1036479.peg.2436,0.9029267847537994,0.002333829501810096,Very Low,Medium,Very Low–Medium,,,0,no STRING match,no STRING match,2389,3022,1,1
3176,fig|6666666.1036479.peg.3168,fig|6666666.1036479.peg.1161,0.902917069196701,0.002334564566220115,Very Low,Very Low,Very Low–Very Low,,,0,no STRING match,no STRING match,1937,2482,1,1
3177,fig|6666666.1036479.peg.573,fig|6666666.1036479.peg.1947,0.9028938174247741,0.002335299630630134,Very Low,Medium,Very Low–Medium,Hypothetical protein.,,0,secondary STRING hit (STRING protein assigned to a better match),no STRING match,2210,2809,1,1
3178,fig|6666666.1036479.peg.704,fig|6666666.1036479.peg.1519,0.9028838336467743,0.002336034695040153,Low,High,Low–High,,,0,no STRING match,no STRING match,2268,2632,1,1
3179,fig|6666666.1036479.peg.2541,fig|6666666.1036479.peg.3131,0.9028812706470489,0.002336769759450172,Very Low,Low,Very Low–Low,,,0,no STRING match,no STRING match,1634,1923,1,1
3180,fig|6666666.1036479.peg.2762,fig|6666666.1036479.peg.1947,0.9028745234012604,0.002337504823860191,Medium,Medium,Medium–Medium,Hypothetical protein.,,0,secondary STRING hit (STRING protein assigned to a better match),no STRING match,1741,2809,1,1
3181,fig|6666666.1036479.peg.3077,fig|6666666.1036479.peg.866,0.9028704524040222,0.0023382398882702098,Medium,High,Medium–High,,,0,no STRING match,no STRING match,1900,2345,1,1
3182,fig|6666666.1036479.peg.689,fig|6666666.1036479.peg.2092,0.9028675258159637,0.0023389749526802287,High,Medium,Medium–High,,,0,no STRING match,no STRING match,2261,2871,1,1
3183,fig|6666666.1036479.peg.2811,fig|6666666.1036479.peg.1693,0.9028620421886444,0.0023397100170902477,Medium,Medium,Medium–Medium,,,0,no STRING match,no STRING match,1762,2718,1,1
3184,fig|6666666.1036479.peg.3113,fig|6666666.1036479.peg.649,0.9028438866138458,0.0023404450815002666,Very Low,Medium,Very Low–Medium,,,0,no STRING match,no STRING match,1915,2246,1,1
3185,fig|6666666.1036479.peg.244,fig|6666666.1036479.peg.253,0.9028356611728668,0.0023411801459102856,Very Low,Low,Very Low–Low,,Hypothetical protein.,0,no STRING match,secondary STRING hit (STRING protein assigned to a better match),2092,2096,1,1
3186,fig|6666666.1036479.peg.36,fig|6666666.1036479.peg.2091,0.9028173625469208,0.002341915210320304,Medium,Medium,Medium–Medium,,,0,no STRING match,no STRING match,2023,2870,2,1
3187,fig|6666666.1036479.peg.184,fig|6666666.1036479.peg.2091,0.9028173625469208,0.002342650274730323,Medium,Medium,Medium–Medium,,,0,no STRING match,no STRING match,2023,2870,2,1
3188,fig|6666666.1036479.peg.934,fig|6666666.1036479.peg.1195,0.9028143525123596,0.002343385339140342,Low,Medium,Low–Medium,,,0,no STRING match,no STRING match,2385,2492,1,1
3189,fig|6666666.1036479.peg.2936,fig|6666666.1036479.peg.3113,0.9028130412101746,0.002344120403550361,Very Low,Very Low,Very Low–Very Low,,,0,no STRING match,no STRING match,1836,1915,1,1
3190,fig|6666666.1036479.peg.1419,fig|6666666.1036479.peg.1946,0.9028052568435669,0.00234485546796038,High,Medium,Medium–High,,,0,no STRING match,no STRING match,2597,2808,1,1
3191,fig|6666666.1036479.peg.2545,fig|6666666.1036479.peg.1719,0.9028044283390045,0.002345590532370399,Very Low,Medium,Very Low–Medium,,,0,no STRING match,no STRING match,1638,2727,7,1
3192,fig|6666666.1036479.peg.2567,fig|6666666.1036479.peg.1719,0.9028044283390045,0.002346325596780418,Very Low,Medium,Very Low–Medium,,,0,no STRING match,no STRING match,1638,2727,7,1
3193,fig|6666666.1036479.peg.1573,fig|6666666.1036479.peg.1719,0.9028044283390045,0.002347060661190437,Very Low,Medium,Very Low–Medium,,,0,no STRING match,no STRING match,1638,2727,7,1
3194,fig|6666666.1036479.peg.1586,fig|6666666.1036479.peg.1719,0.9028044283390045,0.0023477957256004558,Very Low,Medium,Very Low–Medium,,,0,no STRING match,no STRING match,1638,2727,7,1
3195,fig|6666666.1036479.peg.1597,fig|6666666.1036479.peg.1719,0.9028044283390045,0.0023485307900104747,Very Low,Medium,Very Low–Medium,,,0,no STRING match,no STRING match,1638,2727,7,1
3196,fig|6666666.1036479.peg.1619,fig|6666666.1036479.peg.1719,0.9028044283390045,0.0023492658544204937,Very Low,Medium,Very Low–Medium,,,0,no STRING match,no STRING match,1638,2727,7,1
3197,fig|6666666.1036479.peg.1643,fig|6666666.1036479.peg.1719,0.9028044283390045,0.0023500009188305126,Very Low,Medium,Very Low–Medium,,,0,no STRING match,no STRING match,1638,2727,7,1
3198,fig|6666666.1036479.peg.536,fig|6666666.1036479.peg.721,0.902803486585617,0.0023507359832405316,Medium,High,Medium–High,,Yd repeat protein; COG3209 Rhs family protein.,0,no STRING match,secondary STRING hit (STRING protein assigned to a better match),2193,2279,1,1
3199,fig|6666666.1036479.peg.861,fig|6666666.1036479.peg.2185,0.9027948915958405,0.0023514710476505505,High,Very Low,Very Low–High,,,0,no STRING match,no STRING match,2341,2931,1,1
3200,fig|6666666.1036479.peg.3008,fig|6666666.1036479.peg.1671,0.9027943074703216,0.0023522061120605695,Medium,High,Medium–High,,,0,no STRING match,no STRING match,1868,2712,1,1
3201,fig|6666666.1036479.peg.649,fig|6666666.1036479.peg.727,0.9027877867221832,0.002352941176470588,Medium,Very Low,Very Low–Medium,,,0,no STRING match,no STRING match,2246,2285,1,1
3202,fig|6666666.1036479.peg.2506,fig|6666666.1036479.peg.207,0.9027852475643158,0.002353676240880607,Very Low,Low,Very Low–Low,,,0,no STRING match,no STRING match,1613,2075,6,1
3203,fig|6666666.1036479.peg.2516,fig|6666666.1036479.peg.207,0.9027852475643158,0.002354411305290626,Very Low,Low,Very Low–Low,,,0,no STRING match,no STRING match,1613,2075,6,1
3204,fig|6666666.1036479.peg.2522,fig|6666666.1036479.peg.207,0.9027852475643158,0.002355146369700645,Very Low,Low,Very Low–Low,,,0,no STRING match,no STRING match,1613,2075,6,1
3205,fig|6666666.1036479.peg.207,fig|6666666.1036479.peg.974,0.9027852475643158,0.002355881434110664,Low,Very Low,Very Low–Low,,,0,no STRING match,no STRING match,2075,1613,1,6
3206,fig|6666666.1036479.peg.207,fig|6666666.1036479.peg.979,0.9027852475643158,0.002356616498520683,Low,Very Low,Very Low–Low,,,0,no STRING match,no STRING match,2075,1613,1,6
3207,fig|6666666.1036479.peg.207,fig|6666666.1036479.peg.2491,0.9027852475643158,0.0023573515629307018,Low,Very Low,Very Low–Low,,,0,no STRING match,no STRING match,2075,1613,1,6
3208,fig|6666666.1036479.peg.2679,fig|6666666.1036479.peg.856,0.9027836441993713,0.0023580866273407207,Medium,Low,Low–Medium,,,0,no STRING match,no STRING match,1705,2340,1,1
3209,fig|6666666.1036479.peg.1419,fig|6666666.1036479.peg.2156,0.9027580618858337,0.0023588216917507397,High,Very Low,Very Low–High,,,0,no STRING match,no STRING match,2597,2906,1,1
3210,fig|6666666.1036479.peg.1739,fig|6666666.1036479.peg.2049,0.9027483701705933,0.0023595567561607586,Very Low,Very Low,Very Low–Very Low,,,0,no STRING match,no STRING match,2731,2851,1,1
3211,fig|6666666.1036479.peg.1519,fig|6666666.1036479.peg.1671,0.9027449429035187,0.0023602918205707776,High,High,High–High,,,0,no STRING match,no STRING match,2632,2712,1,1
3212,fig|6666666.1036479.peg.3077,fig|6666666.1036479.peg.1901,0.902722853422165,0.0023610268849807966,Medium,Very Low,Very Low–Medium,,,0,no STRING match,no STRING match,1900,2787,1,1
3213,fig|6666666.1036479.peg.2792,fig|6666666.1036479.peg.2973,0.902720034122467,0.0023617619493908155,High,Low,Low–High,,,0,no STRING match,no STRING match,1754,1854,1,1
3214,fig|6666666.1036479.peg.2761,fig|6666666.1036479.peg.793,0.9027154684066773,0.0023624970138008345,Low,Medium,Low–Medium,,,0,no STRING match,no STRING match,1740,2320,1,1
3215,fig|6666666.1036479.peg.2672,fig|6666666.1036479.peg.819,0.902712059020996,0.0023632320782108534,Medium,Very Low,Very Low–Medium,,,0,no STRING match,no STRING match,1704,2330,1,1
3216,fig|6666666.1036479.peg.1673,fig|6666666.1036479.peg.2455,0.9026783108711243,0.002363967142620872,Very Low,Medium,Very Low–Medium,,,0,no STRING match,no STRING match,2713,3032,1,1
3217,fig|6666666.1036479.peg.1719,fig|6666666.1036479.peg.1953,0.9026441216468811,0.002364702207030891,Medium,Low,Low–Medium,,,0,no STRING match,no STRING match,2727,2814,1,1
3218,fig|6666666.1036479.peg.866,fig|6666666.1036479.peg.2114,0.9026388466358185,0.00236543727144091,High,Very Low,Very Low–High,,"COG1629 Outer membrane receptor proteins, mostly Fe transport.",0,no STRING match,secondary STRING hit (STRING protein assigned to a better match),2345,2884,1,1
3219,fig|6666666.1036479.peg.370,fig|6666666.1036479.peg.475,0.9026334106922149,0.002366172335850929,High,Low,Low–High,,,0,no STRING match,no STRING match,2139,2175,1,1
3220,fig|6666666.1036479.peg.3089,fig|6666666.1036479.peg.2093,0.9026193082332611,0.0023669074002609478,High,Medium,Medium–High,,,0,no STRING match,no STRING match,1907,2872,1,1
3221,fig|6666666.1036479.peg.3128,fig|6666666.1036479.peg.475,0.9026149988174439,0.0023676424646709667,Very Low,Low,Very Low–Low,,,0,no STRING match,no STRING match,1921,2175,1,1
3222,fig|6666666.1036479.peg.923,fig|6666666.1036479.peg.2455,0.9026064455509186,0.0023683775290809857,High,Medium,Medium–High,,,0,no STRING match,no STRING match,2380,3032,1,1
3223,fig|6666666.1036479.peg.728,fig|6666666.1036479.peg.2093,0.9026020646095276,0.0023691125934910046,Medium,Medium,Medium–Medium,,,0,no STRING match,no STRING match,2286,2872,1,1
3224,fig|6666666.1036479.peg.3131,fig|6666666.1036479.peg.3180,0.9025778472423553,0.0023698476579010236,Low,Very Low,Very Low–Low,,,0,no STRING match,no STRING match,1923,1943,1,2
3225,fig|6666666.1036479.peg.3131,fig|6666666.1036479.peg.2380,0.9025778472423553,0.0023705827223110426,Low,Very Low,Very Low–Low,,,0,no STRING match,no STRING match,1923,1943,1,2
3226,fig|6666666.1036479.peg.244,fig|6666666.1036479.peg.1937,0.9025674045085907,0.0023713177867210615,Very Low,High,Very Low–High,,,0,no STRING match,no STRING match,2092,2802,1,1
3227,fig|6666666.1036479.peg.2672,fig|6666666.1036479.peg.866,0.9025422811508179,0.0023720528511310805,Medium,High,Medium–High,,,0,no STRING match,no STRING match,1704,2345,1,1
3228,fig|6666666.1036479.peg.475,fig|6666666.1036479.peg.1661,0.9025201618671417,0.0023727879155410994,Low,Low,Low–Low,,,0,no STRING match,no STRING match,2175,2708,1,1
3229,fig|6666666.1036479.peg.3207,fig|6666666.1036479.peg.2114,0.9025152027606964,0.0023735229799511184,Medium,Very Low,Very Low–Medium,,"COG1629 Outer membrane receptor proteins, mostly Fe transport.",0,no STRING match,secondary STRING hit (STRING protein assigned to a better match),1965,2884,1,1
3230,fig|6666666.1036479.peg.3128,fig|6666666.1036479.peg.3131,0.9024839639663697,0.0023742580443611373,Very Low,Low,Very Low–Low,,,0,no STRING match,no STRING match,1921,1923,1,1
3231,fig|6666666.1036479.peg.2762,fig|6666666.1036479.peg.689,0.9024783074855804,0.002374993108771156,Medium,High,Medium–High,Hypothetical protein.,,0,secondary STRING hit (STRING protein assigned to a better match),no STRING match,1741,2261,1,1
3232,fig|6666666.1036479.peg.2548,fig|6666666.1036479.peg.3128,0.9024446785449982,0.002375728173181175,High,Very Low,Very Low–High,,,0,no STRING match,no STRING match,1641,1921,1,1
3233,fig|6666666.1036479.peg.2988,fig|6666666.1036479.peg.1543,0.9024417459964752,0.0023764632375911938,Medium,Medium,Medium–Medium,Hypothetical protein.,,0,secondary STRING hit (STRING protein assigned to a better match),no STRING match,1859,2644,1,1
3234,fig|6666666.1036479.peg.2588,fig|6666666.1036479.peg.3131,0.9024392008781433,0.0023771983020012127,Very Low,Low,Very Low–Low,,,0,no STRING match,no STRING match,1664,1923,1,1
3235,fig|6666666.1036479.peg.3131,fig|6666666.1036479.peg.1355,0.9024325370788574,0.0023779333664112317,Low,Medium,Low–Medium,,,0,no STRING match,no STRING match,1923,2564,1,1
3236,fig|6666666.1036479.peg.2646,fig|6666666.1036479.peg.867,0.9023895561695099,0.0023786684308212507,Low,Low,Low–Low,,,0,no STRING match,no STRING match,1694,2346,1,1
3237,fig|6666666.1036479.peg.2788,fig|6666666.1036479.peg.2948,0.9023772120475769,0.0023794034952312696,Medium,High,Medium–High,,,0,no STRING match,no STRING match,1752,1843,1,1
3238,fig|6666666.1036479.peg.2792,fig|6666666.1036479.peg.1355,0.9023754119873046,0.0023801385596412886,High,Medium,Medium–High,,,0,no STRING match,no STRING match,1754,2564,1,1
3239,fig|6666666.1036479.peg.885,fig|6666666.1036479.peg.1671,0.902360862493515,0.0023808736240513075,Medium,High,Medium–High,,,0,no STRING match,no STRING match,2360,2712,1,1
3240,fig|6666666.1036479.peg.519,fig|6666666.1036479.peg.1719,0.902346396446228,0.0023816086884613265,Medium,Medium,Medium–Medium,,,0,no STRING match,no STRING match,2187,2727,1,1
3241,fig|6666666.1036479.peg.2648,fig|6666666.1036479.peg.253,0.9023399710655212,0.0023823437528713454,Very Low,Low,Very Low–Low,,Hypothetical protein.,0,no STRING match,secondary STRING hit (STRING protein assigned to a better match),1695,2096,1,1
3242,fig|6666666.1036479.peg.2762,fig|6666666.1036479.peg.3207,0.9023280322551728,0.0023830788172813644,Medium,Medium,Medium–Medium,Hypothetical protein.,,0,secondary STRING hit (STRING protein assigned to a better match),no STRING match,1741,1965,1,1
3243,fig|6666666.1036479.peg.2762,fig|6666666.1036479.peg.2848,0.9023244619369507,0.0023838138816913833,Medium,Very Low,Very Low–Medium,Hypothetical protein.,,0,secondary STRING hit (STRING protein assigned to a better match),no STRING match,1741,1786,1,1
3244,fig|6666666.1036479.peg.2506,fig|6666666.1036479.peg.3213,0.9023121178150177,0.0023845489461014023,Very Low,Very Low,Very Low–Very Low,,,0,no STRING match,no STRING match,1613,1967,6,1
3245,fig|6666666.1036479.peg.2516,fig|6666666.1036479.peg.3213,0.9023121178150177,0.0023852840105114213,Very Low,Very Low,Very Low–Very Low,,,0,no STRING match,no STRING match,1613,1967,6,1
3246,fig|6666666.1036479.peg.2522,fig|6666666.1036479.peg.3213,0.9023121178150177,0.00238601907492144,Very Low,Very Low,Very Low–Very Low,,,0,no STRING match,no STRING match,1613,1967,6,1
3247,fig|6666666.1036479.peg.3213,fig|6666666.1036479.peg.974,0.9023121178150177,0.0023867541393314587,Very Low,Very Low,Very Low–Very Low,,,0,no STRING match,no STRING match,1967,1613,1,6
3248,fig|6666666.1036479.peg.3213,fig|6666666.1036479.peg.979,0.9023121178150177,0.0023874892037414777,Very Low,Very Low,Very Low–Very Low,,,0,no STRING match,no STRING match,1967,1613,1,6
3249,fig|6666666.1036479.peg.3213,fig|6666666.1036479.peg.2491,0.9023121178150177,0.0023882242681514967,Very Low,Very Low,Very Low–Very Low,,,0,no STRING match,no STRING match,1967,1613,1,6
3250,fig|6666666.1036479.peg.1538,fig|6666666.1036479.peg.2307,0.9023023247718811,0.0023889593325615156,Very Low,Very Low,Very Low–Very Low,,,0,no STRING match,no STRING match,2642,2969,1,1
3251,fig|6666666.1036479.peg.856,fig|6666666.1036479.peg.1431,0.9022935390472412,0.0023896943969715346,Low,Very Low,Very Low–Low,,,0,no STRING match,no STRING match,2340,2600,1,1
3252,fig|6666666.1036479.peg.728,fig|6666666.1036479.peg.1947,0.9022823452949524,0.0023904294613815535,Medium,Medium,Medium–Medium,,,0,no STRING match,no STRING match,2286,2809,1,1
3253,fig|6666666.1036479.peg.3089,fig|6666666.1036479.peg.702,0.9022793233394623,0.0023911645257915725,High,Medium,Medium–High,,,0,no STRING match,no STRING match,1907,2266,1,1
3254,fig|6666666.1036479.peg.475,fig|6666666.1036479.peg.1983,0.9022761583328247,0.0023918995902015914,Low,Very Low,Very Low–Low,,,0,no STRING match,no STRING match,2175,2834,1,1
3255,fig|6666666.1036479.peg.2672,fig|6666666.1036479.peg.1554,0.9022726356983185,0.0023926346546116104,Medium,Medium,Medium–Medium,,,0,no STRING match,no STRING match,1704,2649,1,1
3256,fig|6666666.1036479.peg.2672,fig|6666666.1036479.peg.1934,0.9022647619247437,0.0023933697190216294,Medium,Low,Low–Medium,,,0,no STRING match,no STRING match,1704,2801,1,1
3257,fig|6666666.1036479.peg.1344,fig|6666666.1036479.peg.1719,0.9022631406784057,0.0023941047834316483,Very Low,Medium,Very Low–Medium,,,0,no STRING match,no STRING match,2554,2727,1,1
3258,fig|6666666.1036479.peg.3131,fig|6666666.1036479.peg.1953,0.9022622287273407,0.0023948398478416673,Low,Low,Low–Low,,,0,no STRING match,no STRING match,1923,2814,1,1
3259,fig|6666666.1036479.peg.2092,fig|6666666.1036479.peg.2093,0.902262157201767,0.0023955749122516862,Medium,Medium,Medium–Medium,,,0,no STRING match,no STRING match,2871,2872,1,1
3260,fig|6666666.1036479.peg.1739,fig|6666666.1036479.peg.2478,0.9022615015506744,0.002396309976661705,Very Low,Very Low,Very Low–Very Low,,,0,no STRING match,no STRING match,2731,3042,1,1
3261,fig|6666666.1036479.peg.2762,fig|6666666.1036479.peg.1946,0.902258163690567,0.0023970450410717237,Medium,Medium,Medium–Medium,Hypothetical protein.,,0,secondary STRING hit (STRING protein assigned to a better match),no STRING match,1741,2808,1,1
3262,fig|6666666.1036479.peg.723,fig|6666666.1036479.peg.942,0.9022529602050782,0.0023977801054817427,High,Very Low,Very Low–High,,,0,no STRING match,no STRING match,2281,2389,1,1
3263,fig|6666666.1036479.peg.1693,fig|6666666.1036479.peg.2454,0.9022295117378235,0.0023985151698917616,Medium,Medium,Medium–Medium,,,0,no STRING match,no STRING match,2718,3031,1,1
3264,fig|6666666.1036479.peg.934,fig|6666666.1036479.peg.1547,0.9022266507148743,0.0023992502343017806,Low,High,Low–High,,,0,no STRING match,no STRING match,2385,2647,1,1
3265,fig|6666666.1036479.peg.2948,fig|6666666.1036479.peg.2348,0.9022189855575562,0.0023999852987117995,High,High,High–High,,,0,no STRING match,no STRING match,1843,2991,1,1
3266,fig|6666666.1036479.peg.861,fig|6666666.1036479.peg.1617,0.9022136807441712,0.0024007203631218185,High,Low,Low–High,,,0,no STRING match,no STRING match,2341,2688,1,2
3267,fig|6666666.1036479.peg.861,fig|6666666.1036479.peg.1625,0.9022136807441712,0.0024014554275318374,High,Low,Low–High,,,0,no STRING match,no STRING match,2341,2688,1,2
3268,fig|6666666.1036479.peg.3089,fig|6666666.1036479.peg.1394,0.9022089421749115,0.0024021904919418564,High,Medium,Medium–High,,,0,no STRING match,no STRING match,1907,2583,1,1
3269,fig|6666666.1036479.peg.2545,fig|6666666.1036479.peg.2567,0.9021967709064483,0.0024029255563518754,Very Low,Very Low,Very Low–Very Low,,,0,no STRING match,no STRING match,1638,1638,7,7
3270,fig|6666666.1036479.peg.2545,fig|6666666.1036479.peg.1573,0.9021967709064483,0.0024036606207618943,Very Low,Very Low,Very Low–Very Low,,,0,no STRING match,no STRING match,1638,1638,7,7
3271,fig|6666666.1036479.peg.2545,fig|6666666.1036479.peg.1586,0.9021967709064483,0.0024043956851719133,Very Low,Very Low,Very Low–Very Low,,,0,no STRING match,no STRING match,1638,1638,7,7
3272,fig|6666666.1036479.peg.2545,fig|6666666.1036479.peg.1597,0.9021967709064483,0.0024051307495819322,Very Low,Very Low,Very Low–Very Low,,,0,no STRING match,no STRING match,1638,1638,7,7
3273,fig|6666666.1036479.peg.2545,fig|6666666.1036479.peg.1619,0.9021967709064483,0.002405865813991951,Very Low,Very Low,Very Low–Very Low,,,0,no STRING match,no STRING match,1638,1638,7,7
3274,fig|6666666.1036479.peg.2545,fig|6666666.1036479.peg.1643,0.9021967709064483,0.00240660087840197,Very Low,Very Low,Very Low–Very Low,,,0,no STRING match,no STRING match,1638,1638,7,7
3275,fig|6666666.1036479.peg.2567,fig|6666666.1036479.peg.1573,0.9021967709064483,0.002407335942811989,Very Low,Very Low,Very Low–Very Low,,,0,no STRING match,no STRING match,1638,1638,7,7
3276,fig|6666666.1036479.peg.2567,fig|6666666.1036479.peg.1586,0.9021967709064483,0.0024080710072220076,Very Low,Very Low,Very Low–Very Low,,,0,no STRING match,no STRING match,1638,1638,7,7
3277,fig|6666666.1036479.peg.2567,fig|6666666.1036479.peg.1597,0.9021967709064483,0.0024088060716320266,Very Low,Very Low,Very Low–Very Low,,,0,no STRING match,no STRING match,1638,1638,7,7
3278,fig|6666666.1036479.peg.2567,fig|6666666.1036479.peg.1619,0.9021967709064483,0.0024095411360420455,Very Low,Very Low,Very Low–Very Low,,,0,no STRING match,no STRING match,1638,1638,7,7
3279,fig|6666666.1036479.peg.2567,fig|6666666.1036479.peg.1643,0.9021967709064483,0.0024102762004520645,Very Low,Very Low,Very Low–Very Low,,,0,no STRING match,no STRING match,1638,1638,7,7
3280,fig|6666666.1036479.peg.1573,fig|6666666.1036479.peg.1586,0.9021967709064483,0.0024110112648620835,Very Low,Very Low,Very Low–Very Low,,,0,no STRING match,no STRING match,1638,1638,7,7
3281,fig|6666666.1036479.peg.1573,fig|6666666.1036479.peg.1597,0.9021967709064483,0.0024117463292721024,Very Low,Very Low,Very Low–Very Low,,,0,no STRING match,no STRING match,1638,1638,7,7
3282,fig|6666666.1036479.peg.1573,fig|6666666.1036479.peg.1619,0.9021967709064483,0.0024124813936821214,Very Low,Very Low,Very Low–Very Low,,,0,no STRING match,no STRING match,1638,1638,7,7
3283,fig|6666666.1036479.peg.1573,fig|6666666.1036479.peg.1643,0.9021967709064483,0.0024132164580921403,Very Low,Very Low,Very Low–Very Low,,,0,no STRING match,no STRING match,1638,1638,7,7
3284,fig|6666666.1036479.peg.1586,fig|6666666.1036479.peg.1597,0.9021967709064483,0.0024139515225021593,Very Low,Very Low,Very Low–Very Low,,,0,no STRING match,no STRING match,1638,1638,7,7
3285,fig|6666666.1036479.peg.1586,fig|6666666.1036479.peg.1619,0.9021967709064483,0.0024146865869121782,Very Low,Very Low,Very Low–Very Low,,,0,no STRING match,no STRING match,1638,1638,7,7
3286,fig|6666666.1036479.peg.1586,fig|6666666.1036479.peg.1643,0.9021967709064483,0.002415421651322197,Very Low,Very Low,Very Low–Very Low,,,0,no STRING match,no STRING match,1638,1638,7,7
3287,fig|6666666.1036479.peg.1597,fig|6666666.1036479.peg.1619,0.9021967709064483,0.002416156715732216,Very Low,Very Low,Very Low–Very Low,,,0,no STRING match,no STRING match,1638,1638,7,7
3288,fig|6666666.1036479.peg.1597,fig|6666666.1036479.peg.1643,0.9021967709064483,0.002416891780142235,Very Low,Very Low,Very Low–Very Low,,,0,no STRING match,no STRING match,1638,1638,7,7
3289,fig|6666666.1036479.peg.1619,fig|6666666.1036479.peg.1643,0.9021967709064483,0.002417626844552254,Very Low,Very Low,Very Low–Very Low,,,0,no STRING match,no STRING match,1638,1638,7,7
3290,fig|6666666.1036479.peg.2548,fig|6666666.1036479.peg.2987,0.9021850943565368,0.002418361908962273,High,Very Low,Very Low–High,,,0,no STRING match,no STRING match,1641,1858,1,1
3291,fig|6666666.1036479.peg.793,fig|6666666.1036479.peg.2454,0.902180415391922,0.0024190969733722915,Medium,Medium,Medium–Medium,,,0,no STRING match,no STRING match,2320,3031,1,1
3292,fig|6666666.1036479.peg.2548,fig|6666666.1036479.peg.299,0.9021768748760224,0.0024198320377823105,High,Low,Low–High,,,0,no STRING match,no STRING match,1641,2113,1,1
3293,fig|6666666.1036479.peg.861,fig|6666666.1036479.peg.2478,0.9021713614463807,0.0024205671021923295,High,Very Low,Very Low–High,,,0,no STRING match,no STRING match,2341,3042,1,1
3294,fig|6666666.1036479.peg.2778,fig|6666666.1036479.peg.1142,0.9021565616130829,0.0024213021666023484,Very Low,Very Low,Very Low–Very Low,,,0,no STRING match,no STRING match,1747,2468,1,1
3295,fig|6666666.1036479.peg.36,fig|6666666.1036479.peg.2436,0.902154541015625,0.0024220372310123674,Medium,Medium,Medium–Medium,,,0,no STRING match,no STRING match,2023,3022,2,1
3296,fig|6666666.1036479.peg.184,fig|6666666.1036479.peg.2436,0.902154541015625,0.0024227722954223863,Medium,Medium,Medium–Medium,,,0,no STRING match,no STRING match,2023,3022,2,1
3297,fig|6666666.1036479.peg.934,fig|6666666.1036479.peg.2455,0.902153366804123,0.0024235073598324053,Low,Medium,Low–Medium,,,0,no STRING match,no STRING match,2385,3032,1,1
3298,fig|6666666.1036479.peg.1547,fig|6666666.1036479.peg.2114,0.9021430313587189,0.0024242424242424242,High,Very Low,Very Low–High,,"COG1629 Outer membrane receptor proteins, mostly Fe transport.",0,no STRING match,secondary STRING hit (STRING protein assigned to a better match),2647,2884,1,1
3299,fig|6666666.1036479.peg.3131,fig|6666666.1036479.peg.2158,0.9021380722522736,0.002424977488652443,Low,Very Low,Very Low–Low,,,0,no STRING match,no STRING match,1923,2908,1,1
3300,fig|6666666.1036479.peg.1519,fig|6666666.1036479.peg.1547,0.9021226167678833,0.002425712553062462,High,High,High–High,,,0,no STRING match,no STRING match,2632,2647,1,1
3301,fig|6666666.1036479.peg.874,fig|6666666.1036479.peg.1901,0.9021114349365235,0.002426447617472481,Medium,Very Low,Very Low–Medium,,,0,no STRING match,no STRING match,2351,2787,1,1
3302,fig|6666666.1036479.peg.370,fig|6666666.1036479.peg.649,0.9021086931228638,0.0024271826818825,High,Medium,Medium–High,,,0,no STRING match,no STRING match,2139,2246,1,1
3303,fig|6666666.1036479.peg.728,fig|6666666.1036479.peg.1547,0.9021025478839875,0.002427917746292519,Medium,High,Medium–High,,,0,no STRING match,no STRING match,2286,2647,1,1
3304,fig|6666666.1036479.peg.2572,fig|6666666.1036479.peg.3131,0.9020908832550049,0.002428652810702538,Very Low,Low,Very Low–Low,Yd repeat protein; COG3209 Rhs family protein.,,0,secondary STRING hit (STRING protein assigned to a better match),no STRING match,1660,1923,1,1
3305,fig|6666666.1036479.peg.2843,fig|6666666.1036479.peg.2848,0.902081298828125,0.002429387875112557,Very Low,Very Low,Very Low–Very Low,,,0,no STRING match,no STRING match,1785,1786,1,1
3306,fig|6666666.1036479.peg.689,fig|6666666.1036479.peg.1308,0.9020605623722077,0.0024301229395225755,High,Medium,Medium–High,,,0,no STRING match,no STRING match,2261,2532,1,1
3307,fig|6666666.1036479.peg.2548,fig|6666666.1036479.peg.3089,0.9020574271678925,0.0024308580039325944,High,High,High–High,,,0,no STRING match,no STRING match,1641,1907,1,1
3308,fig|6666666.1036479.peg.36,fig|6666666.1036479.peg.889,0.9020554423332214,0.0024315930683426134,Medium,Low,Low–Medium,,,0,no STRING match,no STRING match,2023,2364,2,1
3309,fig|6666666.1036479.peg.184,fig|6666666.1036479.peg.889,0.9020554423332214,0.0024323281327526323,Medium,Low,Low–Medium,,,0,no STRING match,no STRING match,2023,2364,2,1
3310,fig|6666666.1036479.peg.236,fig|6666666.1036479.peg.2364,0.9020485520362854,0.0024330631971626513,Very Low,Medium,Very Low–Medium,,,0,no STRING match,no STRING match,2086,2994,1,1
3311,fig|6666666.1036479.peg.475,fig|6666666.1036479.peg.1420,0.9020467340946198,0.0024337982615726702,Low,Very Low,Very Low–Low,,,0,no STRING match,no STRING match,2175,2598,1,1
3312,fig|6666666.1036479.peg.881,fig|6666666.1036479.peg.1074,0.9020317673683167,0.002434533325982689,High,High,High–High,,,0,no STRING match,no STRING match,2356,2418,1,1
3313,fig|6666666.1036479.peg.3131,fig|6666666.1036479.peg.2172,0.902029138803482,0.002435268390392708,Low,Very Low,Very Low–Low,,,0,no STRING match,no STRING match,1923,2921,1,1
3314,fig|6666666.1036479.peg.3128,fig|6666666.1036479.peg.411,0.9020278453826904,0.002436003454802727,Very Low,Low,Very Low–Low,,Hypothetical protein.,0,no STRING match,secondary STRING hit (STRING protein assigned to a better match),1921,2150,1,1
3315,fig|6666666.1036479.peg.3100,fig|6666666.1036479.peg.3131,0.9020215392112731,0.002436738519212746,Medium,Low,Low–Medium,,,0,no STRING match,no STRING match,1909,1923,1,1
3316,fig|6666666.1036479.peg.370,fig|6666666.1036479.peg.942,0.9020149409770966,0.002437473583622765,High,Very Low,Very Low–High,,,0,no STRING match,no STRING match,2139,2389,1,1
3317,fig|6666666.1036479.peg.1150,fig|6666666.1036479.peg.1160,0.9020119130611419,0.002438208648032784,Very Low,Very Low,Very Low–Very Low,,,0,no STRING match,no STRING match,2476,2481,1,1
3318,fig|6666666.1036479.peg.475,fig|6666666.1036479.peg.1409,0.9020005345344544,0.002438943712442803,Low,Medium,Low–Medium,,,0,no STRING match,no STRING match,2175,2588,1,1
3319,fig|6666666.1036479.peg.3131,fig|6666666.1036479.peg.2352,0.9019786536693573,0.002439678776852822,Low,Medium,Low–Medium,,,0,no STRING match,no STRING match,1923,2992,1,1
3320,fig|6666666.1036479.peg.3187,fig|6666666.1036479.peg.2156,0.9019727051258087,0.002440413841262841,Very Low,Very Low,Very Low–Very Low,Hypothetical protein.,,0,secondary STRING hit (STRING protein assigned to a better match),no STRING match,1950,2906,1,1
3321,fig|6666666.1036479.peg.1419,fig|6666666.1036479.peg.2348,0.9019718885421752,0.0024411489056728594,High,High,High–High,,,0,no STRING match,no STRING match,2597,2991,1,1
3322,fig|6666666.1036479.peg.499,fig|6666666.1036479.peg.856,0.9019672214984894,0.0024418839700828783,Medium,Low,Low–Medium,,,0,no STRING match,no STRING match,2180,2340,1,1
3323,fig|6666666.1036479.peg.2571,fig|6666666.1036479.peg.2988,0.9019639253616333,0.0024426190344928973,Medium,Medium,Medium–Medium,,Hypothetical protein.,0,no STRING match,secondary STRING hit (STRING protein assigned to a better match),1659,1859,1,1
3324,fig|6666666.1036479.peg.2741,fig|6666666.1036479.peg.1671,0.901957368850708,0.0024433540989029163,High,High,High–High,,,0,no STRING match,no STRING match,1728,2712,1,1
3325,fig|6666666.1036479.peg.370,fig|6666666.1036479.peg.391,0.9019568622112274,0.002444089163312935,High,Medium,Medium–High,,,0,no STRING match,no STRING match,2139,2142,1,1
3326,fig|6666666.1036479.peg.62,fig|6666666.1036479.peg.411,0.9019546806812286,0.002444824227722954,Low,Low,Low–Low,,Hypothetical protein.,0,no STRING match,secondary STRING hit (STRING protein assigned to a better match),2040,2150,1,1
3327,fig|6666666.1036479.peg.2661,fig|6666666.1036479.peg.1693,0.9019523203372956,0.002445559292132973,High,Medium,Medium–High,,,0,no STRING match,no STRING match,1701,2718,1,1
3328,fig|6666666.1036479.peg.2536,fig|6666666.1036479.peg.1719,0.9019381403923035,0.002446294356542992,Very Low,Medium,Very Low–Medium,,,0,no STRING match,no STRING match,1629,2727,1,1
3329,fig|6666666.1036479.peg.819,fig|6666666.1036479.peg.861,0.9019363641738891,0.002447029420953011,Very Low,High,Very Low–High,,,0,no STRING match,no STRING match,2330,2341,1,1
3330,fig|6666666.1036479.peg.3191,fig|6666666.1036479.peg.934,0.9019276440143585,0.00244776448536303,Medium,Low,Low–Medium,,,0,no STRING match,no STRING match,1954,2385,1,1
3331,fig|6666666.1036479.peg.3191,fig|6666666.1036479.peg.458,0.901925551891327,0.002448499549773049,Medium,Low,Low–Medium,,,0,no STRING match,no STRING match,1954,2168,1,1
3332,fig|6666666.1036479.peg.2523,fig|6666666.1036479.peg.1937,0.9019223392009735,0.002449234614183068,Low,High,Low–High,,,0,no STRING match,no STRING match,1625,2802,1,1
3333,fig|6666666.1036479.peg.3184,fig|6666666.1036479.peg.866,0.9019167006015778,0.002449969678593087,Very Low,High,Very Low–High,,,0,no STRING match,no STRING match,1947,2345,1,1
3334,fig|6666666.1036479.peg.200,fig|6666666.1036479.peg.856,0.9019063711166382,0.002450704743003106,High,Low,Low–High,,,0,no STRING match,no STRING match,2072,2340,1,1
3335,fig|6666666.1036479.peg.253,fig|6666666.1036479.peg.652,0.90189408659935,0.0024514398074131248,Low,Very Low,Very Low–Low,Hypothetical protein.,,0,secondary STRING hit (STRING protein assigned to a better match),no STRING match,2096,2249,1,1
3336,fig|6666666.1036479.peg.1719,fig|6666666.1036479.peg.2314,0.9018764436244965,0.0024521748718231433,Medium,Medium,Medium–Medium,,,0,no STRING match,no STRING match,2727,2973,1,1
3337,fig|6666666.1036479.peg.1937,fig|6666666.1036479.peg.2238,0.9018655359745026,0.0024529099362331623,High,Very Low,Very Low–High,,,0,no STRING match,no STRING match,2802,2942,1,1
3338,fig|6666666.1036479.peg.2604,fig|6666666.1036479.peg.874,0.9018628239631653,0.002453645000643181,Low,Medium,Low–Medium,,,0,no STRING match,no STRING match,1669,2351,1,1
3339,fig|6666666.1036479.peg.2848,fig|6666666.1036479.peg.728,0.9018625140190124,0.0024543800650532,Very Low,Medium,Very Low–Medium,,,0,no STRING match,no STRING match,1786,2286,1,1
3340,fig|6666666.1036479.peg.458,fig|6666666.1036479.peg.2348,0.9018599689006805,0.002455115129463219,Low,High,Low–High,,,0,no STRING match,no STRING match,2168,2991,1,1
3341,fig|6666666.1036479.peg.2548,fig|6666666.1036479.peg.3223,0.9018534362316132,0.002455850193873238,High,High,High–High,,,0,no STRING match,no STRING match,1641,1973,1,2
3342,fig|6666666.1036479.peg.2548,fig|6666666.1036479.peg.139,0.9018534362316132,0.002456585258283257,High,High,High–High,,,0,no STRING match,no STRING match,1641,1973,1,2
3343,fig|6666666.1036479.peg.2604,fig|6666666.1036479.peg.411,0.901841914653778,0.002457320322693276,Low,Low,Low–Low,,Hypothetical protein.,0,no STRING match,secondary STRING hit (STRING protein assigned to a better match),1669,2150,1,1
3344,fig|6666666.1036479.peg.2548,fig|6666666.1036479.peg.1543,0.9018303632736206,0.002458055387103295,High,Medium,Medium–High,,,0,no STRING match,no STRING match,1641,2644,1,1
3345,fig|6666666.1036479.peg.2681,fig|6666666.1036479.peg.934,0.9018298387527466,0.002458790451513314,Low,Low,Low–Low,,,0,no STRING match,no STRING match,1706,2385,1,1
3346,fig|6666666.1036479.peg.689,fig|6666666.1036479.peg.1074,0.901826947927475,0.002459525515923333,High,High,High–High,,,0,no STRING match,no STRING match,2261,2418,1,1
3347,fig|6666666.1036479.peg.2536,fig|6666666.1036479.peg.2545,0.90181804895401,0.002460260580333352,Very Low,Very Low,Very Low–Very Low,,,0,no STRING match,no STRING match,1629,1638,1,7
3348,fig|6666666.1036479.peg.2536,fig|6666666.1036479.peg.2567,0.90181804895401,0.0024609956447433708,Very Low,Very Low,Very Low–Very Low,,,0,no STRING match,no STRING match,1629,1638,1,7
3349,fig|6666666.1036479.peg.2536,fig|6666666.1036479.peg.1573,0.90181804895401,0.0024617307091533897,Very Low,Very Low,Very Low–Very Low,,,0,no STRING match,no STRING match,1629,1638,1,7
3350,fig|6666666.1036479.peg.2536,fig|6666666.1036479.peg.1586,0.90181804895401,0.0024624657735634087,Very Low,Very Low,Very Low–Very Low,,,0,no STRING match,no STRING match,1629,1638,1,7
3351,fig|6666666.1036479.peg.2536,fig|6666666.1036479.peg.1597,0.90181804895401,0.0024632008379734272,Very Low,Very Low,Very Low–Very Low,,,0,no STRING match,no STRING match,1629,1638,1,7
3352,fig|6666666.1036479.peg.2536,fig|6666666.1036479.peg.1619,0.90181804895401,0.002463935902383446,Very Low,Very Low,Very Low–Very Low,,,0,no STRING match,no STRING match,1629,1638,1,7
3353,fig|6666666.1036479.peg.2536,fig|6666666.1036479.peg.1643,0.90181804895401,0.002464670966793465,Very Low,Very Low,Very Low–Very Low,,,0,no STRING match,no STRING match,1629,1638,1,7
3354,fig|6666666.1036479.peg.867,fig|6666666.1036479.peg.1195,0.9018179535865783,0.002465406031203484,Low,Medium,Low–Medium,,,0,no STRING match,no STRING match,2346,2492,1,1
3355,fig|6666666.1036479.peg.856,fig|6666666.1036479.peg.2159,0.9018175065517425,0.002466141095613503,Low,Very Low,Very Low–Low,,,0,no STRING match,no STRING match,2340,2909,1,1
3356,fig|6666666.1036479.peg.2969,fig|6666666.1036479.peg.411,0.9018123090267182,0.002466876160023522,Very Low,Low,Very Low–Low,,Hypothetical protein.,0,no STRING match,secondary STRING hit (STRING protein assigned to a better match),1851,2150,1,1
3357,fig|6666666.1036479.peg.723,fig|6666666.1036479.peg.866,0.9018037915229797,0.002467611224433541,High,High,High–High,,,0,no STRING match,no STRING match,2281,2345,1,1
3358,fig|6666666.1036479.peg.865,fig|6666666.1036479.peg.2071,0.9017947375774383,0.00246834628884356,Medium,Medium,Medium–Medium,,,0,no STRING match,no STRING match,2344,2862,1,1
3359,fig|6666666.1036479.peg.3184,fig|6666666.1036479.peg.2092,0.9017807245254517,0.002469081353253579,Very Low,Medium,Very Low–Medium,,,0,no STRING match,no STRING match,1947,2871,1,1
3360,fig|6666666.1036479.peg.689,fig|6666666.1036479.peg.1064,0.9017781555652619,0.002469816417663598,High,Medium,Medium–High,,,0,no STRING match,no STRING match,2261,2414,1,1
3361,fig|6666666.1036479.peg.207,fig|6666666.1036479.peg.866,0.9017751157283783,0.002470551482073617,Low,High,Low–High,,,0,no STRING match,no STRING match,2075,2345,1,1
3362,fig|6666666.1036479.peg.320,fig|6666666.1036479.peg.1671,0.9017689466476441,0.0024712865464836357,Very Low,High,Very Low–High,,,0,no STRING match,no STRING match,2130,2712,1,1
3363,fig|6666666.1036479.peg.370,fig|6666666.1036479.peg.781,0.9017669916152954,0.0024720216108936547,High,Medium,Medium–High,,,0,no STRING match,no STRING match,2139,2315,1,1
3364,fig|6666666.1036479.peg.475,fig|6666666.1036479.peg.1814,0.90175741314888,0.0024727566753036737,Low,Very Low,Very Low–Low,,,0,no STRING match,no STRING match,2175,2763,1,1
3365,fig|6666666.1036479.peg.1410,fig|6666666.1036479.peg.1693,0.9017465233802795,0.0024734917397136926,Medium,Medium,Medium–Medium,,,0,no STRING match,no STRING match,2589,2718,1,1
3366,fig|6666666.1036479.peg.1064,fig|6666666.1036479.peg.1673,0.9017391681671143,0.002474226804123711,Medium,Very Low,Very Low–Medium,,,0,no STRING match,no STRING match,2414,2713,1,1
3367,fig|6666666.1036479.peg.458,fig|6666666.1036479.peg.903,0.9017260849475861,0.00247496186853373,Low,Medium,Low–Medium,,,0,no STRING match,no STRING match,2168,2371,1,1
3368,fig|6666666.1036479.peg.866,fig|6666666.1036479.peg.1331,0.9016869604587555,0.002475696932943749,High,Low,Low–High,,,0,no STRING match,no STRING match,2345,2548,1,1
3369,fig|6666666.1036479.peg.721,fig|6666666.1036479.peg.1739,0.901684683561325,0.002476431997353768,High,Very Low,Very Low–High,Yd repeat protein; COG3209 Rhs family protein.,,0,secondary STRING hit (STRING protein assigned to a better match),no STRING match,2279,2731,1,1
3370,fig|6666666.1036479.peg.89,fig|6666666.1036479.peg.866,0.9016797423362732,0.002477167061763787,Very Low,High,Very Low–High,,,0,no STRING match,no STRING match,2052,2345,1,1
3371,fig|6666666.1036479.peg.942,fig|6666666.1036479.peg.2042,0.9016771256923676,0.002477902126173806,Very Low,High,Very Low–High,,,0,no STRING match,no STRING match,2389,2850,1,1
3372,fig|6666666.1036479.peg.2988,fig|6666666.1036479.peg.2478,0.901671189069748,0.002478637190583825,Medium,Very Low,Very Low–Medium,Hypothetical protein.,,0,secondary STRING hit (STRING protein assigned to a better match),no STRING match,1859,3042,1,1
3373,fig|6666666.1036479.peg.3008,fig|6666666.1036479.peg.793,0.9016436398029327,0.002479372254993844,Medium,Medium,Medium–Medium,,,0,no STRING match,no STRING match,1868,2320,1,1
3374,fig|6666666.1036479.peg.253,fig|6666666.1036479.peg.1673,0.9016418933868409,0.002480107319403863,Low,Very Low,Very Low–Low,Hypothetical protein.,,0,secondary STRING hit (STRING protein assigned to a better match),no STRING match,2096,2713,1,1
3375,fig|6666666.1036479.peg.458,fig|6666666.1036479.peg.702,0.901597660779953,0.0024808423838138817,Low,Medium,Low–Medium,,,0,no STRING match,no STRING match,2168,2266,1,1
3376,fig|6666666.1036479.peg.793,fig|6666666.1036479.peg.1420,0.9015883386135102,0.0024815774482239007,Medium,Very Low,Very Low–Medium,,,0,no STRING match,no STRING match,2320,2598,1,1
3377,fig|6666666.1036479.peg.856,fig|6666666.1036479.peg.886,0.9015880644321441,0.0024823125126339197,Low,Very Low,Very Low–Low,,,0,no STRING match,no STRING match,2340,2361,1,1
3378,fig|6666666.1036479.peg.2568,fig|6666666.1036479.peg.1719,0.9015695035457612,0.0024830475770439386,Very Low,Medium,Very Low–Medium,,,0,no STRING match,no STRING match,1656,2727,1,1
3379,fig|6666666.1036479.peg.2506,fig|6666666.1036479.peg.1519,0.9015596151351929,0.0024837826414539576,Very Low,High,Very Low–High,,,0,no STRING match,no STRING match,1613,2632,6,1
3380,fig|6666666.1036479.peg.2516,fig|6666666.1036479.peg.1519,0.9015596151351929,0.0024845177058639765,Very Low,High,Very Low–High,,,0,no STRING match,no STRING match,1613,2632,6,1
3381,fig|6666666.1036479.peg.2522,fig|6666666.1036479.peg.1519,0.9015596151351929,0.002485252770273995,Very Low,High,Very Low–High,,,0,no STRING match,no STRING match,1613,2632,6,1
3382,fig|6666666.1036479.peg.974,fig|6666666.1036479.peg.1519,0.9015596151351929,0.002485987834684014,Very Low,High,Very Low–High,,,0,no STRING match,no STRING match,1613,2632,6,1
3383,fig|6666666.1036479.peg.979,fig|6666666.1036479.peg.1519,0.9015596151351929,0.002486722899094033,Very Low,High,Very Low–High,,,0,no STRING match,no STRING match,1613,2632,6,1
3384,fig|6666666.1036479.peg.1519,fig|6666666.1036479.peg.2491,0.9015596151351929,0.002487457963504052,High,Very Low,Very Low–High,,,0,no STRING match,no STRING match,2632,1613,1,6
3385,fig|6666666.1036479.peg.536,fig|6666666.1036479.peg.1946,0.9015418350696563,0.002488193027914071,Medium,Medium,Medium–Medium,,,0,no STRING match,no STRING match,2193,2808,1,1
3386,fig|6666666.1036479.peg.2792,fig|6666666.1036479.peg.369,0.901530635356903,0.00248892809232409,High,High,High–High,,,0,no STRING match,no STRING match,1754,2138,1,1
3387,fig|6666666.1036479.peg.3191,fig|6666666.1036479.peg.2092,0.9015179932117462,0.002489663156734109,Medium,Medium,Medium–Medium,,,0,no STRING match,no STRING match,1954,2871,1,1
3388,fig|6666666.1036479.peg.704,fig|6666666.1036479.peg.1693,0.9015151500701905,0.0024903982211441278,Low,Medium,Low–Medium,,,0,no STRING match,no STRING match,2268,2718,1,1
3389,fig|6666666.1036479.peg.2693,fig|6666666.1036479.peg.3166,0.9015115141868592,0.0024911332855541467,Very Low,Very Low,Very Low–Very Low,,,0,no STRING match,no STRING match,1712,1935,1,1
3390,fig|6666666.1036479.peg.3077,fig|6666666.1036479.peg.881,0.9015024185180665,0.0024918683499641657,Medium,High,Medium–High,,,0,no STRING match,no STRING match,1900,2356,1,1
3391,fig|6666666.1036479.peg.2866,fig|6666666.1036479.peg.1160,0.9014868438243866,0.0024926034143741846,Very Low,Very Low,Very Low–Very Low,,,0,no STRING match,no STRING match,1798,2481,1,1
3392,fig|6666666.1036479.peg.2973,fig|6666666.1036479.peg.866,0.9014847338199615,0.0024933384787842036,Low,High,Low–High,,,0,no STRING match,no STRING match,1854,2345,1,1
3393,fig|6666666.1036479.peg.2679,fig|6666666.1036479.peg.253,0.9014822244644165,0.0024940735431942225,Medium,Low,Low–Medium,,Hypothetical protein.,0,no STRING match,secondary STRING hit (STRING protein assigned to a better match),1705,2096,1,1
3394,fig|6666666.1036479.peg.1739,fig|6666666.1036479.peg.1901,0.901472932100296,0.0024948086076042415,Very Low,Very Low,Very Low–Very Low,,,0,no STRING match,no STRING match,2731,2787,1,1
3395,fig|6666666.1036479.peg.1649,fig|6666666.1036479.peg.1671,0.9014613687992096,0.0024955436720142605,Very Low,High,Very Low–High,YD repeat-containing protein; COG3209 Rhs family protein.,,0,secondary STRING hit (STRING protein assigned to a better match),no STRING match,2703,2712,1,1
3396,fig|6666666.1036479.peg.923,fig|6666666.1036479.peg.1947,0.901459378004074,0.002496278736424279,High,Medium,Medium–High,,,0,no STRING match,no STRING match,2380,2809,1,1
3397,fig|6666666.1036479.peg.726,fig|6666666.1036479.peg.1080,0.9014569222927094,0.002497013800834298,Very Low,High,Very Low–High,,,0,no STRING match,no STRING match,2284,2424,1,1
3398,fig|6666666.1036479.peg.3166,fig|6666666.1036479.peg.1271,0.9014443457126617,0.002497748865244317,Very Low,Very Low,Very Low–Very Low,,,0,no STRING match,no STRING match,1935,2523,1,1
3399,fig|6666666.1036479.peg.2792,fig|6666666.1036479.peg.3128,0.9014422774314881,0.002498483929654336,High,Very Low,Very Low–High,,,0,no STRING match,no STRING match,1754,1921,1,1
3400,fig|6666666.1036479.peg.3076,fig|6666666.1036479.peg.2455,0.9014413475990295,0.002499218994064355,High,Medium,Medium–High,,,0,no STRING match,no STRING match,1899,3032,1,1
3401,fig|6666666.1036479.peg.2626,fig|6666666.1036479.peg.3131,0.9014319717884064,0.0024999540584743738,High,Low,Low–High,,,0,no STRING match,no STRING match,1683,1923,1,1
3402,fig|6666666.1036479.peg.1344,fig|6666666.1036479.peg.2071,0.9013528108596802,0.0025006891228843927,Very Low,Medium,Very Low–Medium,,,0,no STRING match,no STRING match,2554,2862,1,1
3403,fig|6666666.1036479.peg.3020,fig|6666666.1036479.peg.2091,0.9013443946838379,0.0025014241872944117,Low,Medium,Low–Medium,,,0,no STRING match,no STRING match,1878,2870,1,1
3404,fig|6666666.1036479.peg.887,fig|6666666.1036479.peg.1195,0.9013361632823944,0.0025021592517044306,Medium,Medium,Medium–Medium,,,0,no STRING match,no STRING match,2362,2492,1,1
3405,fig|6666666.1036479.peg.3191,fig|6666666.1036479.peg.573,0.9013169884681702,0.0025028943161144496,Medium,Very Low,Very Low–Medium,,Hypothetical protein.,0,no STRING match,secondary STRING hit (STRING protein assigned to a better match),1954,2210,1,1
3406,fig|6666666.1036479.peg.2548,fig|6666666.1036479.peg.3178,0.9013071954250336,0.0025036293805244685,High,Very Low,Very Low–High,,,0,no STRING match,no STRING match,1641,1941,1,1
3407,fig|6666666.1036479.peg.1331,fig|6666666.1036479.peg.1673,0.9012878715991974,0.0025043644449344875,Low,Very Low,Very Low–Low,,,0,no STRING match,no STRING match,2548,2713,1,1
3408,fig|6666666.1036479.peg.1739,fig|6666666.1036479.peg.1894,0.9012844026088714,0.0025050995093445065,Very Low,Medium,Very Low–Medium,,Hypothetical protein.,0,no STRING match,secondary STRING hit (STRING protein assigned to a better match),2731,2785,1,1
3409,fig|6666666.1036479.peg.573,fig|6666666.1036479.peg.866,0.9012803435325623,0.0025058345737545254,Very Low,High,Very Low–High,Hypothetical protein.,,0,secondary STRING hit (STRING protein assigned to a better match),no STRING match,2210,2345,1,1
3410,fig|6666666.1036479.peg.2646,fig|6666666.1036479.peg.689,0.9012673020362854,0.0025065696381645444,Low,High,Low–High,,,0,no STRING match,no STRING match,1694,2261,1,1
3411,fig|6666666.1036479.peg.3131,fig|6666666.1036479.peg.726,0.9012658596038818,0.002507304702574563,Low,Very Low,Very Low–Low,,,0,no STRING match,no STRING match,1923,2284,1,1
3412,fig|6666666.1036479.peg.793,fig|6666666.1036479.peg.1002,0.9012587904930115,0.002508039766984582,Medium,Medium,Medium–Medium,,,0,no STRING match,no STRING match,2320,2399,1,1
3413,fig|6666666.1036479.peg.3187,fig|6666666.1036479.peg.1064,0.9012513637542725,0.002508774831394601,Very Low,Medium,Very Low–Medium,Hypothetical protein.,,0,secondary STRING hit (STRING protein assigned to a better match),no STRING match,1950,2414,1,1
3414,fig|6666666.1036479.peg.573,fig|6666666.1036479.peg.1394,0.9012403309345245,0.0025095098958046198,Very Low,Medium,Very Low–Medium,Hypothetical protein.,,0,secondary STRING hit (STRING protein assigned to a better match),no STRING match,2210,2583,1,1
3415,fig|6666666.1036479.peg.727,fig|6666666.1036479.peg.861,0.9012292861938477,0.0025102449602146387,Very Low,High,Very Low–High,,,0,no STRING match,no STRING match,2285,2341,1,1
3416,fig|6666666.1036479.peg.1901,fig|6666666.1036479.peg.2238,0.9012291908264161,0.0025109800246246577,Very Low,Very Low,Very Low–Very Low,,,0,no STRING match,no STRING match,2787,2942,1,1
3417,fig|6666666.1036479.peg.1080,fig|6666666.1036479.peg.1937,0.9012170374393463,0.0025117150890346766,High,High,High–High,,,0,no STRING match,no STRING match,2424,2802,1,1
3418,fig|6666666.1036479.peg.3131,fig|6666666.1036479.peg.1945,0.9012167990207672,0.0025124501534446956,Low,Very Low,Very Low–Low,,,0,no STRING match,no STRING match,1923,2807,1,1
3419,fig|6666666.1036479.peg.1131,fig|6666666.1036479.peg.1142,0.9012046754360199,0.0025131852178547145,Very Low,Very Low,Very Low–Very Low,,,0,no STRING match,no STRING match,2460,2468,1,1
3420,fig|6666666.1036479.peg.2548,fig|6666666.1036479.peg.875,0.9012012004852294,0.0025139202822647335,High,Very Low,Very Low–High,,,0,no STRING match,no STRING match,1641,2352,1,3
3421,fig|6666666.1036479.peg.2548,fig|6666666.1036479.peg.2097,0.9012012004852294,0.0025146553466747525,High,Very Low,Very Low–High,,,0,no STRING match,no STRING match,1641,2352,1,3
3422,fig|6666666.1036479.peg.2548,fig|6666666.1036479.peg.2378,0.9012012004852294,0.0025153904110847714,High,Very Low,Very Low–High,,,0,no STRING match,no STRING match,1641,2352,1,3
3423,fig|6666666.1036479.peg.2681,fig|6666666.1036479.peg.573,0.9011772334575653,0.0025161254754947904,Low,Very Low,Very Low–Low,,Hypothetical protein.,0,no STRING match,secondary STRING hit (STRING protein assigned to a better match),1706,2210,1,1
3424,fig|6666666.1036479.peg.1064,fig|6666666.1036479.peg.2436,0.9011679351329803,0.0025168605399048093,Medium,Medium,Medium–Medium,,,0,no STRING match,no STRING match,2414,3022,1,1
3425,fig|6666666.1036479.peg.364,fig|6666666.1036479.peg.1671,0.9011602103710175,0.0025175956043148283,Low,High,Low–High,,,0,no STRING match,no STRING match,2137,2712,1,1
3426,fig|6666666.1036479.peg.2762,fig|6666666.1036479.peg.2920,0.9011548697948456,0.002518330668724847,Medium,Very Low,Very Low–Medium,Hypothetical protein.,,0,secondary STRING hit (STRING protein assigned to a better match),no STRING match,1741,1823,1,1
3427,fig|6666666.1036479.peg.805,fig|6666666.1036479.peg.1138,0.9011543989181519,0.0025190657331348658,Very Low,Very Low,Very Low–Very Low,,,0,no STRING match,no STRING match,2325,2464,1,1
3428,fig|6666666.1036479.peg.2948,fig|6666666.1036479.peg.702,0.9011462569236756,0.0025198007975448847,High,Medium,Medium–High,,,0,no STRING match,no STRING match,1843,2266,1,1
3429,fig|6666666.1036479.peg.3020,fig|6666666.1036479.peg.728,0.9011429011821747,0.0025205358619549037,Low,Medium,Low–Medium,,,0,no STRING match,no STRING match,1878,2286,1,1
3430,fig|6666666.1036479.peg.3131,fig|6666666.1036479.peg.519,0.9011386811733246,0.0025212709263649226,Low,Medium,Low–Medium,,,0,no STRING match,no STRING match,1923,2187,1,1
3431,fig|6666666.1036479.peg.2545,fig|6666666.1036479.peg.649,0.9011357665061951,0.0025220059907749416,Very Low,Medium,Very Low–Medium,,,0,no STRING match,no STRING match,1638,2246,7,1
3432,fig|6666666.1036479.peg.2567,fig|6666666.1036479.peg.649,0.9011357665061951,0.0025227410551849606,Very Low,Medium,Very Low–Medium,,,0,no STRING match,no STRING match,1638,2246,7,1
3433,fig|6666666.1036479.peg.649,fig|6666666.1036479.peg.1573,0.9011357665061951,0.0025234761195949795,Medium,Very Low,Very Low–Medium,,,0,no STRING match,no STRING match,2246,1638,1,7
3434,fig|6666666.1036479.peg.649,fig|6666666.1036479.peg.1586,0.9011357665061951,0.0025242111840049985,Medium,Very Low,Very Low–Medium,,,0,no STRING match,no STRING match,2246,1638,1,7
3435,fig|6666666.1036479.peg.649,fig|6666666.1036479.peg.1597,0.9011357665061951,0.0025249462484150174,Medium,Very Low,Very Low–Medium,,,0,no STRING match,no STRING match,2246,1638,1,7
3436,fig|6666666.1036479.peg.649,fig|6666666.1036479.peg.1619,0.9011357665061951,0.0025256813128250364,Medium,Very Low,Very Low–Medium,,,0,no STRING match,no STRING match,2246,1638,1,7
3437,fig|6666666.1036479.peg.649,fig|6666666.1036479.peg.1643,0.9011357665061951,0.0025264163772350553,Medium,Very Low,Very Low–Medium,,,0,no STRING match,no STRING match,2246,1638,1,7
3438,fig|6666666.1036479.peg.866,fig|6666666.1036479.peg.1416,0.9011355817317963,0.0025271514416450743,High,Medium,Medium–High,,,0,no STRING match,no STRING match,2345,2595,1,1
3439,fig|6666666.1036479.peg.2506,fig|6666666.1036479.peg.3017,0.9011092007160186,0.0025278865060550933,Very Low,Medium,Very Low–Medium,,,0,no STRING match,no STRING match,1613,1875,6,1
3440,fig|6666666.1036479.peg.2516,fig|6666666.1036479.peg.3017,0.9011092007160186,0.002528621570465112,Very Low,Medium,Very Low–Medium,,,0,no STRING match,no STRING match,1613,1875,6,1
3441,fig|6666666.1036479.peg.2522,fig|6666666.1036479.peg.3017,0.9011092007160186,0.0025293566348751307,Very Low,Medium,Very Low–Medium,,,0,no STRING match,no STRING match,1613,1875,6,1
3442,fig|6666666.1036479.peg.3017,fig|6666666.1036479.peg.974,0.9011092007160186,0.0025300916992851497,Medium,Very Low,Very Low–Medium,,,0,no STRING match,no STRING match,1875,1613,1,6
3443,fig|6666666.1036479.peg.3017,fig|6666666.1036479.peg.979,0.9011092007160186,0.0025308267636951686,Medium,Very Low,Very Low–Medium,,,0,no STRING match,no STRING match,1875,1613,1,6
3444,fig|6666666.1036479.peg.3017,fig|6666666.1036479.peg.2491,0.9011092007160186,0.0025315618281051876,Medium,Very Low,Very Low–Medium,,,0,no STRING match,no STRING match,1875,1613,1,6
3445,fig|6666666.1036479.peg.573,fig|6666666.1036479.peg.2093,0.9010914623737335,0.0025322968925152066,Very Low,Medium,Very Low–Medium,Hypothetical protein.,,0,secondary STRING hit (STRING protein assigned to a better match),no STRING match,2210,2872,1,1
3446,fig|6666666.1036479.peg.536,fig|6666666.1036479.peg.689,0.9010891199111939,0.0025330319569252255,Medium,High,Medium–High,,,0,no STRING match,no STRING match,2193,2261,1,1
3447,fig|6666666.1036479.peg.2948,fig|6666666.1036479.peg.2042,0.9010691106319427,0.0025337670213352445,High,High,High–High,,,0,no STRING match,no STRING match,1843,2850,1,1
3448,fig|6666666.1036479.peg.2848,fig|6666666.1036479.peg.923,0.9010577142238617,0.0025345020857452634,Very Low,High,Very Low–High,,,0,no STRING match,no STRING match,1786,2380,1,1
3449,fig|6666666.1036479.peg.2814,fig|6666666.1036479.peg.866,0.9010527431964874,0.0025352371501552824,Very Low,High,Very Low–High,,,0,no STRING match,no STRING match,1765,2345,1,1
3450,fig|6666666.1036479.peg.3076,fig|6666666.1036479.peg.236,0.9010509371757507,0.0025359722145653013,High,Very Low,Very Low–High,,,0,no STRING match,no STRING match,1899,2086,1,1
3451,fig|6666666.1036479.peg.2681,fig|6666666.1036479.peg.36,0.9010390043258667,0.0025367072789753203,Low,Medium,Low–Medium,,,0,no STRING match,no STRING match,1706,2023,1,2
3452,fig|6666666.1036479.peg.2681,fig|6666666.1036479.peg.184,0.9010390043258667,0.0025374423433853393,Low,Medium,Low–Medium,,,0,no STRING match,no STRING match,1706,2023,1,2
3453,fig|6666666.1036479.peg.1362,fig|6666666.1036479.peg.1719,0.9010389029979706,0.002538177407795358,Medium,Medium,Medium–Medium,,,0,no STRING match,no STRING match,2570,2727,1,1
3454,fig|6666666.1036479.peg.3008,fig|6666666.1036479.peg.475,0.9010226368904114,0.002538912472205377,Medium,Low,Low–Medium,,,0,no STRING match,no STRING match,1868,2175,1,1
3455,fig|6666666.1036479.peg.1419,fig|6666666.1036479.peg.1947,0.9010198831558227,0.002539647536615396,High,Medium,Medium–High,,,0,no STRING match,no STRING match,2597,2809,1,1
3456,fig|6666666.1036479.peg.2091,fig|6666666.1036479.peg.2364,0.9010150909423829,0.0025403826010254147,Medium,Medium,Medium–Medium,,,0,no STRING match,no STRING match,2870,2994,1,1
3457,fig|6666666.1036479.peg.3166,fig|6666666.1036479.peg.950,0.9010098040103912,0.0025411176654354336,Very Low,Very Low,Very Low–Very Low,,,0,no STRING match,no STRING match,1935,2392,1,1
3458,fig|6666666.1036479.peg.1195,fig|6666666.1036479.peg.1543,0.9009907603263855,0.0025418527298454526,Medium,Medium,Medium–Medium,,,0,no STRING match,no STRING match,2492,2644,1,1
3459,fig|6666666.1036479.peg.867,fig|6666666.1036479.peg.881,0.9009743094444275,0.0025425877942554715,Low,High,Low–High,,,0,no STRING match,no STRING match,2346,2356,1,1
3460,fig|6666666.1036479.peg.3222,fig|6666666.1036479.peg.2364,0.9009709537029267,0.0025433228586654905,Medium,Medium,Medium–Medium,,,0,no STRING match,no STRING match,1972,2994,2,1
3461,fig|6666666.1036479.peg.138,fig|6666666.1036479.peg.2364,0.9009709537029267,0.0025440579230755094,Medium,Medium,Medium–Medium,,,0,no STRING match,no STRING match,1972,2994,2,1
3462,fig|6666666.1036479.peg.2843,fig|6666666.1036479.peg.36,0.9009662628173828,0.0025447929874855284,Very Low,Medium,Very Low–Medium,,,0,no STRING match,no STRING match,1785,2023,1,2
3463,fig|6666666.1036479.peg.2843,fig|6666666.1036479.peg.184,0.9009662628173828,0.0025455280518955473,Very Low,Medium,Very Low–Medium,,,0,no STRING match,no STRING match,1785,2023,1,2
3464,fig|6666666.1036479.peg.1693,fig|6666666.1036479.peg.1983,0.9009606003761291,0.0025462631163055663,Medium,Very Low,Very Low–Medium,,,0,no STRING match,no STRING match,2718,2834,1,1
3465,fig|6666666.1036479.peg.3083,fig|6666666.1036479.peg.649,0.9009529709815979,0.0025469981807155853,High,Medium,Medium–High,,,0,no STRING match,no STRING match,1905,2246,1,1
3466,fig|6666666.1036479.peg.728,fig|6666666.1036479.peg.887,0.9009446978569031,0.0025477332451256042,Medium,Medium,Medium–Medium,,,0,no STRING match,no STRING match,2286,2362,1,1
3467,fig|6666666.1036479.peg.1195,fig|6666666.1036479.peg.2091,0.9009328603744506,0.002548468309535623,Medium,Medium,Medium–Medium,,,0,no STRING match,no STRING match,2492,2870,1,1
3468,fig|6666666.1036479.peg.702,fig|6666666.1036479.peg.1419,0.9009144127368927,0.002549203373945642,Medium,High,Medium–High,,,0,no STRING match,no STRING match,2266,2597,1,1
3469,fig|6666666.1036479.peg.689,fig|6666666.1036479.peg.704,0.9008949935436249,0.002549938438355661,High,Low,Low–High,,,0,no STRING match,no STRING match,2261,2268,1,1
3470,fig|6666666.1036479.peg.3188,fig|6666666.1036479.peg.942,0.9008845806121826,0.00255067350276568,Medium,Very Low,Very Low–Medium,,,0,no STRING match,no STRING match,1951,2389,1,1
3471,fig|6666666.1036479.peg.702,fig|6666666.1036479.peg.942,0.9008655548095703,0.0025514085671756986,Medium,Very Low,Very Low–Medium,,,0,no STRING match,no STRING match,2266,2389,1,1
3472,fig|6666666.1036479.peg.2741,fig|6666666.1036479.peg.475,0.9008635222911835,0.0025521436315857175,High,Low,Low–High,,,0,no STRING match,no STRING match,1728,2175,1,1
3473,fig|6666666.1036479.peg.3191,fig|6666666.1036479.peg.923,0.9008546888828277,0.0025528786959957365,Medium,High,Medium–High,,,0,no STRING match,no STRING match,1954,2380,1,1
3474,fig|6666666.1036479.peg.728,fig|6666666.1036479.peg.2364,0.9008417129516602,0.0025536137604057554,Medium,Medium,Medium–Medium,,,0,no STRING match,no STRING match,2286,2994,1,1
3475,fig|6666666.1036479.peg.2545,fig|6666666.1036479.peg.1519,0.9008301734924317,0.0025543488248157744,Very Low,High,Very Low–High,,,0,no STRING match,no STRING match,1638,2632,7,1
3476,fig|6666666.1036479.peg.2567,fig|6666666.1036479.peg.1519,0.9008301734924317,0.0025550838892257934,Very Low,High,Very Low–High,,,0,no STRING match,no STRING match,1638,2632,7,1
3477,fig|6666666.1036479.peg.1519,fig|6666666.1036479.peg.1573,0.9008301734924317,0.0025558189536358123,High,Very Low,Very Low–High,,,0,no STRING match,no STRING match,2632,1638,1,7
3478,fig|6666666.1036479.peg.1519,fig|6666666.1036479.peg.1586,0.9008301734924317,0.0025565540180458313,High,Very Low,Very Low–High,,,0,no STRING match,no STRING match,2632,1638,1,7
3479,fig|6666666.1036479.peg.1519,fig|6666666.1036479.peg.1597,0.9008301734924317,0.0025572890824558502,High,Very Low,Very Low–High,,,0,no STRING match,no STRING match,2632,1638,1,7
3480,fig|6666666.1036479.peg.1519,fig|6666666.1036479.peg.1619,0.9008301734924317,0.002558024146865869,High,Very Low,Very Low–High,,,0,no STRING match,no STRING match,2632,1638,1,7
3481,fig|6666666.1036479.peg.1519,fig|6666666.1036479.peg.1643,0.9008301734924317,0.002558759211275888,High,Very Low,Very Low–High,,,0,no STRING match,no STRING match,2632,1638,1,7
3482,fig|6666666.1036479.peg.364,fig|6666666.1036479.peg.1074,0.9008216857910156,0.002559494275685907,Low,High,Low–High,,,0,no STRING match,no STRING match,2137,2418,1,1
3483,fig|6666666.1036479.peg.2523,fig|6666666.1036479.peg.2532,0.9008216500282288,0.002560229340095926,Low,Low,Low–Low,,,0,no STRING match,no STRING match,1625,1627,1,4
3484,fig|6666666.1036479.peg.2523,fig|6666666.1036479.peg.3171,0.9008216500282288,0.002560964404505945,Low,Low,Low–Low,,,0,no STRING match,no STRING match,1625,1627,1,4
3485,fig|6666666.1036479.peg.2523,fig|6666666.1036479.peg.987,0.9008216500282288,0.002561699468915964,Low,Low,Low–Low,,,0,no STRING match,no STRING match,1625,1627,1,4
3486,fig|6666666.1036479.peg.2523,fig|6666666.1036479.peg.2492,0.9008216500282288,0.0025624345333259825,Low,Low,Low–Low,,,0,no STRING match,no STRING match,1625,1627,1,4
3487,fig|6666666.1036479.peg.934,fig|6666666.1036479.peg.1934,0.9008147358894348,0.0025631695977360014,Low,Low,Low–Low,,,0,no STRING match,no STRING match,2385,2801,1,1
3488,fig|6666666.1036479.peg.2814,fig|6666666.1036479.peg.253,0.9008094906806946,0.0025639046621460204,Very Low,Low,Very Low–Low,,Hypothetical protein.,0,no STRING match,secondary STRING hit (STRING protein assigned to a better match),1765,2096,1,1
3489,fig|6666666.1036479.peg.476,fig|6666666.1036479.peg.2071,0.900803017616272,0.0025646397265560394,Very Low,Medium,Very Low–Medium,,,0,no STRING match,no STRING match,2176,2862,1,1
3490,fig|6666666.1036479.peg.2788,fig|6666666.1036479.peg.942,0.9008025407791138,0.0025653747909660583,Medium,Very Low,Very Low–Medium,,,0,no STRING match,no STRING match,1752,2389,1,1
3491,fig|6666666.1036479.peg.2809,fig|6666666.1036479.peg.1693,0.9007977962493896,0.0025661098553760773,Very Low,Medium,Very Low–Medium,,,0,no STRING match,no STRING match,1760,2718,1,1
3492,fig|6666666.1036479.peg.3089,fig|6666666.1036479.peg.2348,0.9007956683635712,0.0025668449197860962,High,High,High–High,,,0,no STRING match,no STRING match,1907,2991,1,1
3493,fig|6666666.1036479.peg.2988,fig|6666666.1036479.peg.727,0.9007944405078888,0.002567579984196115,Medium,Very Low,Very Low–Medium,Hypothetical protein.,,0,secondary STRING hit (STRING protein assigned to a better match),no STRING match,1859,2285,1,1
3494,fig|6666666.1036479.peg.369,fig|6666666.1036479.peg.1719,0.9007582426071167,0.002568315048606134,High,Medium,Medium–High,,,0,no STRING match,no STRING match,2138,2727,1,1
3495,fig|6666666.1036479.peg.2948,fig|6666666.1036479.peg.889,0.9007558703422547,0.002569050113016153,High,Low,Low–High,,,0,no STRING match,no STRING match,1843,2364,1,1
3496,fig|6666666.1036479.peg.3213,fig|6666666.1036479.peg.1080,0.9007504880428314,0.002569785177426172,Very Low,High,Very Low–High,,,0,no STRING match,no STRING match,1967,2424,1,1
3497,fig|6666666.1036479.peg.1147,fig|6666666.1036479.peg.1273,0.9007503092288971,0.002570520241836191,Very Low,Very Low,Very Low–Very Low,,,0,no STRING match,no STRING match,2473,2524,1,1
3498,fig|6666666.1036479.peg.2042,fig|6666666.1036479.peg.2114,0.9007493913173675,0.00257125530624621,High,Very Low,Very Low–High,,"COG1629 Outer membrane receptor proteins, mostly Fe transport.",0,no STRING match,secondary STRING hit (STRING protein assigned to a better match),2850,2884,1,1
3499,fig|6666666.1036479.peg.236,fig|6666666.1036479.peg.923,0.9007387042045594,0.002571990370656229,Very Low,High,Very Low–High,,,0,no STRING match,no STRING match,2086,2380,1,1
3500,fig|6666666.1036479.peg.2506,fig|6666666.1036479.peg.2969,0.9007287800312043,0.002572725435066248,Very Low,Very Low,Very Low–Very Low,,,0,no STRING match,no STRING match,1613,1851,6,1
3501,fig|6666666.1036479.peg.2516,fig|6666666.1036479.peg.2969,0.9007287800312043,0.0025734604994762664,Very Low,Very Low,Very Low–Very Low,,,0,no STRING match,no STRING match,1613,1851,6,1
3502,fig|6666666.1036479.peg.2522,fig|6666666.1036479.peg.2969,0.9007287800312043,0.0025741955638862854,Very Low,Very Low,Very Low–Very Low,,,0,no STRING match,no STRING match,1613,1851,6,1
3503,fig|6666666.1036479.peg.2969,fig|6666666.1036479.peg.974,0.9007287800312043,0.0025749306282963043,Very Low,Very Low,Very Low–Very Low,,,0,no STRING match,no STRING match,1851,1613,1,6
3504,fig|6666666.1036479.peg.2969,fig|6666666.1036479.peg.979,0.9007287800312043,0.0025756656927063233,Very Low,Very Low,Very Low–Very Low,,,0,no STRING match,no STRING match,1851,1613,1,6
3505,fig|6666666.1036479.peg.2969,fig|6666666.1036479.peg.2491,0.9007287800312043,0.0025764007571163422,Very Low,Very Low,Very Low–Very Low,,,0,no STRING match,no STRING match,1851,1613,1,6
3506,fig|6666666.1036479.peg.2973,fig|6666666.1036479.peg.475,0.9007266104221344,0.002577135821526361,Low,Low,Low–Low,,,0,no STRING match,no STRING match,1854,2175,1,1
3507,fig|6666666.1036479.peg.1420,fig|6666666.1036479.peg.1693,0.9007126569747925,0.00257787088593638,Very Low,Medium,Very Low–Medium,,,0,no STRING match,no STRING match,2598,2718,1,1
3508,fig|6666666.1036479.peg.1355,fig|6666666.1036479.peg.1693,0.9007112860679627,0.002578605950346399,Medium,Medium,Medium–Medium,,,0,no STRING match,no STRING match,2564,2718,1,1
3509,fig|6666666.1036479.peg.2768,fig|6666666.1036479.peg.411,0.9007103204727173,0.002579341014756418,Very Low,Low,Very Low–Low,,Hypothetical protein.,0,no STRING match,secondary STRING hit (STRING protein assigned to a better match),1744,2150,1,1
3510,fig|6666666.1036479.peg.2506,fig|6666666.1036479.peg.3107,0.900703775882721,0.002580076079166437,Very Low,Very Low,Very Low–Very Low,,,0,no STRING match,no STRING match,1613,1913,6,1
3511,fig|6666666.1036479.peg.2516,fig|6666666.1036479.peg.3107,0.900703775882721,0.002580811143576456,Very Low,Very Low,Very Low–Very Low,,,0,no STRING match,no STRING match,1613,1913,6,1
3512,fig|6666666.1036479.peg.2522,fig|6666666.1036479.peg.3107,0.900703775882721,0.002581546207986475,Very Low,Very Low,Very Low–Very Low,,,0,no STRING match,no STRING match,1613,1913,6,1
3513,fig|6666666.1036479.peg.3107,fig|6666666.1036479.peg.974,0.900703775882721,0.002582281272396494,Very Low,Very Low,Very Low–Very Low,,,0,no STRING match,no STRING match,1913,1613,1,6
3514,fig|6666666.1036479.peg.3107,fig|6666666.1036479.peg.979,0.900703775882721,0.002583016336806513,Very Low,Very Low,Very Low–Very Low,,,0,no STRING match,no STRING match,1913,1613,1,6
3515,fig|6666666.1036479.peg.3107,fig|6666666.1036479.peg.2491,0.900703775882721,0.002583751401216532,Very Low,Very Low,Very Low–Very Low,,,0,no STRING match,no STRING match,1913,1613,1,6
3516,fig|6666666.1036479.peg.1080,fig|6666666.1036479.peg.2238,0.9006994605064392,0.0025844864656265503,High,Very Low,Very Low–High,,,0,no STRING match,no STRING match,2424,2942,1,1
3517,fig|6666666.1036479.peg.719,fig|6666666.1036479.peg.861,0.9006979286670684,0.0025852215300365693,Medium,High,Medium–High,,,0,no STRING match,no STRING match,2277,2341,1,1
3518,fig|6666666.1036479.peg.1394,fig|6666666.1036479.peg.1419,0.9006828486919403,0.0025859565944465882,Medium,High,Medium–High,,,0,no STRING match,no STRING match,2583,2597,1,1
3519,fig|6666666.1036479.peg.1146,fig|6666666.1036479.peg.1150,0.9006784975528717,0.002586691658856607,Very Low,Very Low,Very Low–Very Low,,,0,no STRING match,no STRING match,2472,2476,1,1
3520,fig|6666666.1036479.peg.2604,fig|6666666.1036479.peg.3077,0.9006773293018341,0.002587426723266626,Low,Medium,Low–Medium,,,0,no STRING match,no STRING match,1669,1900,1,1
3521,fig|6666666.1036479.peg.3076,fig|6666666.1036479.peg.2156,0.9006772220134736,0.002588161787676645,High,Very Low,Very Low–High,,,0,no STRING match,no STRING match,1899,2906,1,1
3522,fig|6666666.1036479.peg.3184,fig|6666666.1036479.peg.573,0.9006702184677124,0.002588896852086664,Very Low,Very Low,Very Low–Very Low,,Hypothetical protein.,0,no STRING match,secondary STRING hit (STRING protein assigned to a better match),1947,2210,1,1
3523,fig|6666666.1036479.peg.2536,fig|6666666.1036479.peg.1519,0.900664484500885,0.002589631916496683,Very Low,High,Very Low–High,,,0,no STRING match,no STRING match,1629,2632,1,1
3524,fig|6666666.1036479.peg.1149,fig|6666666.1036479.peg.1152,0.9006505489349366,0.002590366980906702,Very Low,Very Low,Very Low–Very Low,,,0,no STRING match,no STRING match,2475,2477,1,1
3525,fig|6666666.1036479.peg.320,fig|6666666.1036479.peg.475,0.9006457626819611,0.002591102045316721,Very Low,Low,Very Low–Low,,,0,no STRING match,no STRING match,2130,2175,1,1
3526,fig|6666666.1036479.peg.1582,fig|6666666.1036479.peg.2071,0.9006423890590668,0.00259183710972674,Very Low,Medium,Very Low–Medium,YD repeat-containing protein; COG3209 Rhs family protein.,,0,secondary STRING hit (STRING protein assigned to a better match),no STRING match,2673,2862,1,1
3527,fig|6666666.1036479.peg.2796,fig|6666666.1036479.peg.1273,0.9006326138973236,0.002592572174136759,Very Low,Very Low,Very Low–Very Low,,,0,no STRING match,no STRING match,1755,2524,1,1
3528,fig|6666666.1036479.peg.793,fig|6666666.1036479.peg.2095,0.9006324529647827,0.002593307238546778,Medium,Medium,Medium–Medium,,,0,no STRING match,no STRING match,2320,2873,1,1
3529,fig|6666666.1036479.peg.2545,fig|6666666.1036479.peg.867,0.9006096661090851,0.0025940423029567968,Very Low,Low,Very Low–Low,,,0,no STRING match,no STRING match,1638,2346,7,1
3530,fig|6666666.1036479.peg.2567,fig|6666666.1036479.peg.867,0.9006096661090851,0.0025947773673668157,Very Low,Low,Very Low–Low,,,0,no STRING match,no STRING match,1638,2346,7,1
3531,fig|6666666.1036479.peg.867,fig|6666666.1036479.peg.1573,0.9006096661090851,0.0025955124317768342,Low,Very Low,Very Low–Low,,,0,no STRING match,no STRING match,2346,1638,1,7
3532,fig|6666666.1036479.peg.867,fig|6666666.1036479.peg.1586,0.9006096661090851,0.002596247496186853,Low,Very Low,Very Low–Low,,,0,no STRING match,no STRING match,2346,1638,1,7
3533,fig|6666666.1036479.peg.867,fig|6666666.1036479.peg.1597,0.9006096661090851,0.002596982560596872,Low,Very Low,Very Low–Low,,,0,no STRING match,no STRING match,2346,1638,1,7
3534,fig|6666666.1036479.peg.867,fig|6666666.1036479.peg.1619,0.9006096661090851,0.002597717625006891,Low,Very Low,Very Low–Low,,,0,no STRING match,no STRING match,2346,1638,1,7
3535,fig|6666666.1036479.peg.867,fig|6666666.1036479.peg.1643,0.9006096661090851,0.00259845268941691,Low,Very Low,Very Low–Low,,,0,no STRING match,no STRING match,2346,1638,1,7
3536,fig|6666666.1036479.peg.2548,fig|6666666.1036479.peg.1946,0.9005996763706208,0.002599187753826929,High,Medium,Medium–High,,,0,no STRING match,no STRING match,1641,2808,1,1
3537,fig|6666666.1036479.peg.3187,fig|6666666.1036479.peg.1673,0.900598794221878,0.002599922818236948,Very Low,Very Low,Very Low–Very Low,Hypothetical protein.,,0,secondary STRING hit (STRING protein assigned to a better match),no STRING match,1950,2713,1,1
3538,fig|6666666.1036479.peg.903,fig|6666666.1036479.peg.934,0.9005945682525635,0.002600657882646967,Medium,Low,Low–Medium,,,0,no STRING match,no STRING match,2371,2385,1,1
3539,fig|6666666.1036479.peg.3180,fig|6666666.1036479.peg.1671,0.9005717992782593,0.002601392947056986,Very Low,High,Very Low–High,,,0,no STRING match,no STRING match,1943,2712,2,1
3540,fig|6666666.1036479.peg.1671,fig|6666666.1036479.peg.2380,0.9005717992782593,0.002602128011467005,High,Very Low,Very Low–High,,,0,no STRING match,no STRING match,2712,1943,1,2
3541,fig|6666666.1036479.peg.2762,fig|6666666.1036479.peg.1394,0.9005699872970581,0.002602863075877024,Medium,Medium,Medium–Medium,Hypothetical protein.,,0,secondary STRING hit (STRING protein assigned to a better match),no STRING match,1741,2583,1,1
3542,fig|6666666.1036479.peg.1416,fig|6666666.1036479.peg.1937,0.900566452741623,0.0026035981402870428,Medium,High,Medium–High,,,0,no STRING match,no STRING match,2595,2802,1,1
3543,fig|6666666.1036479.peg.3000,fig|6666666.1036479.peg.1131,0.9005649268627167,0.0026043332046970617,Very Low,Very Low,Very Low–Very Low,,,0,no STRING match,no STRING match,1863,2460,1,1
3544,fig|6666666.1036479.peg.2545,fig|6666666.1036479.peg.942,0.9005356073379517,0.0026050682691070807,Very Low,Very Low,Very Low–Very Low,,,0,no STRING match,no STRING match,1638,2389,7,1
3545,fig|6666666.1036479.peg.2567,fig|6666666.1036479.peg.942,0.9005356073379517,0.0026058033335170996,Very Low,Very Low,Very Low–Very Low,,,0,no STRING match,no STRING match,1638,2389,7,1
3546,fig|6666666.1036479.peg.942,fig|6666666.1036479.peg.1573,0.9005356073379517,0.002606538397927118,Very Low,Very Low,Very Low–Very Low,,,0,no STRING match,no STRING match,2389,1638,1,7
3547,fig|6666666.1036479.peg.942,fig|6666666.1036479.peg.1586,0.9005356073379517,0.002607273462337137,Very Low,Very Low,Very Low–Very Low,,,0,no STRING match,no STRING match,2389,1638,1,7
3548,fig|6666666.1036479.peg.942,fig|6666666.1036479.peg.1597,0.9005356073379517,0.002608008526747156,Very Low,Very Low,Very Low–Very Low,,,0,no STRING match,no STRING match,2389,1638,1,7
3549,fig|6666666.1036479.peg.942,fig|6666666.1036479.peg.1619,0.9005356073379517,0.002608743591157175,Very Low,Very Low,Very Low–Very Low,,,0,no STRING match,no STRING match,2389,1638,1,7
3550,fig|6666666.1036479.peg.942,fig|6666666.1036479.peg.1643,0.9005356073379517,0.002609478655567194,Very Low,Very Low,Very Low–Very Low,,,0,no STRING match,no STRING match,2389,1638,1,7
3551,fig|6666666.1036479.peg.3089,fig|6666666.1036479.peg.721,0.9005158364772796,0.002610213719977213,High,High,High–High,,Yd repeat protein; COG3209 Rhs family protein.,0,no STRING match,secondary STRING hit (STRING protein assigned to a better match),1907,2279,1,1
3552,fig|6666666.1036479.peg.58,fig|6666666.1036479.peg.2071,0.9005081474781036,0.002610948784387232,Low,Medium,Low–Medium,,,0,no STRING match,no STRING match,2038,2862,1,1
3553,fig|6666666.1036479.peg.1145,fig|6666666.1036479.peg.1538,0.9005058705806732,0.002611683848797251,Very Low,Very Low,Very Low–Very Low,,,0,no STRING match,no STRING match,2471,2642,1,1
3554,fig|6666666.1036479.peg.2843,fig|6666666.1036479.peg.2455,0.9004977881908417,0.00261241891320727,Very Low,Medium,Very Low–Medium,,,0,no STRING match,no STRING match,1785,3032,1,1
3555,fig|6666666.1036479.peg.2948,fig|6666666.1036479.peg.1331,0.9004971086978912,0.0026131539776172888,High,Low,Low–High,,,0,no STRING match,no STRING match,1843,2548,1,1
3556,fig|6666666.1036479.peg.942,fig|6666666.1036479.peg.1331,0.9004741132259368,0.0026138890420273077,Very Low,Low,Very Low–Low,,,0,no STRING match,no STRING match,2389,2548,1,1
3557,fig|6666666.1036479.peg.3131,fig|6666666.1036479.peg.1519,0.9004738628864288,0.0026146241064373267,Low,High,Low–High,,,0,no STRING match,no STRING match,1923,2632,1,1
3558,fig|6666666.1036479.peg.3205,fig|6666666.1036479.peg.1719,0.9004725933074951,0.0026153591708473456,Low,Medium,Low–Medium,,,0,no STRING match,no STRING match,1964,2727,1,1
3559,fig|6666666.1036479.peg.2571,fig|6666666.1036479.peg.411,0.9004656791687011,0.0026160942352573646,Medium,Low,Low–Medium,,Hypothetical protein.,0,no STRING match,secondary STRING hit (STRING protein assigned to a better match),1659,2150,1,1
3560,fig|6666666.1036479.peg.3131,fig|6666666.1036479.peg.1970,0.9004584550857544,0.0026168292996673836,Low,Very Low,Very Low–Low,,,0,no STRING match,no STRING match,1923,2829,1,1
3561,fig|6666666.1036479.peg.1719,fig|6666666.1036479.peg.1945,0.9004574954509735,0.002617564364077402,Medium,Very Low,Very Low–Medium,,,0,no STRING match,no STRING match,2727,2807,1,1
3562,fig|6666666.1036479.peg.2536,fig|6666666.1036479.peg.867,0.9004524350166321,0.002618299428487421,Very Low,Low,Very Low–Low,,,0,no STRING match,no STRING match,1629,2346,1,1
3563,fig|6666666.1036479.peg.2843,fig|6666666.1036479.peg.689,0.9004501104354858,0.00261903449289744,Very Low,High,Very Low–High,,,0,no STRING match,no STRING match,1785,2261,1,1
3564,fig|6666666.1036479.peg.2551,fig|6666666.1036479.peg.2071,0.9004469156265259,0.002619769557307459,Very Low,Medium,Very Low–Medium,,,0,no STRING match,no STRING match,1644,2862,1,1
3565,fig|6666666.1036479.peg.1127,fig|6666666.1036479.peg.1719,0.9004456460475921,0.002620504621717478,Low,Medium,Low–Medium,Hypothetical protein.,,0,secondary STRING hit (STRING protein assigned to a better match),no STRING match,2458,2727,1,1
3566,fig|6666666.1036479.peg.2920,fig|6666666.1036479.peg.2948,0.9004393219947815,0.002621239686127497,Very Low,High,Very Low–High,,,0,no STRING match,no STRING match,1823,1843,1,1
3567,fig|6666666.1036479.peg.1739,fig|6666666.1036479.peg.1771,0.9004384279251099,0.002621974750537516,Very Low,Medium,Very Low–Medium,,,0,no STRING match,no STRING match,2731,2743,1,1
3568,fig|6666666.1036479.peg.934,fig|6666666.1036479.peg.2156,0.9004105985164642,0.0026227098149475348,Low,Very Low,Very Low–Low,,,0,no STRING match,no STRING match,2385,2906,1,1
3569,fig|6666666.1036479.peg.3187,fig|6666666.1036479.peg.2091,0.9004027247428894,0.0026234448793575537,Very Low,Medium,Very Low–Medium,Hypothetical protein.,,0,secondary STRING hit (STRING protein assigned to a better match),no STRING match,1950,2870,1,1
3570,fig|6666666.1036479.peg.856,fig|6666666.1036479.peg.1551,0.9004018604755402,0.0026241799437675727,Low,Low,Low–Low,,,0,no STRING match,no STRING match,2340,2648,1,1
3571,fig|6666666.1036479.peg.1064,fig|6666666.1036479.peg.1308,0.9004017293453217,0.0026249150081775917,Medium,Medium,Medium–Medium,,,0,no STRING match,no STRING match,2414,2532,1,1
3572,fig|6666666.1036479.peg.369,fig|6666666.1036479.peg.1074,0.9003961503505706,0.0026256500725876106,High,High,High–High,,,0,no STRING match,no STRING match,2138,2418,1,1
3573,fig|6666666.1036479.peg.253,fig|6666666.1036479.peg.2049,0.9003694534301758,0.0026263851369976296,Low,Very Low,Very Low–Low,Hypothetical protein.,,0,secondary STRING hit (STRING protein assigned to a better match),no STRING match,2096,2851,1,1
3574,fig|6666666.1036479.peg.2672,fig|6666666.1036479.peg.3198,0.9003680884838104,0.0026271202014076485,Medium,Very Low,Very Low–Medium,,,0,no STRING match,no STRING match,1704,1960,1,1
3575,fig|6666666.1036479.peg.2920,fig|6666666.1036479.peg.934,0.9003530502319336,0.0026278552658176675,Very Low,Low,Very Low–Low,,,0,no STRING match,no STRING match,1823,2385,1,1
3576,fig|6666666.1036479.peg.2536,fig|6666666.1036479.peg.649,0.9003427565097809,0.002628590330227686,Very Low,Medium,Very Low–Medium,,,0,no STRING match,no STRING match,1629,2246,1,1
3577,fig|6666666.1036479.peg.312,fig|6666666.1036479.peg.2071,0.9003410339355469,0.002629325394637705,Medium,Medium,Medium–Medium,,,0,no STRING match,no STRING match,2123,2862,1,1
3578,fig|6666666.1036479.peg.2548,fig|6666666.1036479.peg.2960,0.9003178358078003,0.002630060459047724,High,Low,Low–High,,,0,no STRING match,no STRING match,1641,1849,1,1
3579,fig|6666666.1036479.peg.2843,fig|6666666.1036479.peg.2936,0.9003145635128021,0.002630795523457743,Very Low,Very Low,Very Low–Very Low,,,0,no STRING match,no STRING match,1785,1836,1,1
3580,fig|6666666.1036479.peg.2843,fig|6666666.1036479.peg.1947,0.9003070175647736,0.002631530587867762,Very Low,Medium,Very Low–Medium,,,0,no STRING match,no STRING match,1785,2809,1,1
3581,fig|6666666.1036479.peg.889,fig|6666666.1036479.peg.1673,0.900290560722351,0.002632265652277781,Low,Very Low,Very Low–Low,,,0,no STRING match,no STRING match,2364,2713,1,1
3582,fig|6666666.1036479.peg.856,fig|6666666.1036479.peg.1966,0.9002763569355011,0.0026330007166877997,Low,Very Low,Very Low–Low,,,0,no STRING match,no STRING match,2340,2826,1,1
3583,fig|6666666.1036479.peg.370,fig|6666666.1036479.peg.704,0.9002719581127167,0.0026337357810978187,High,Low,Low–High,,,0,no STRING match,no STRING match,2139,2268,1,1
3584,fig|6666666.1036479.peg.2988,fig|6666666.1036479.peg.819,0.9002692997455597,0.0026344708455078377,Medium,Very Low,Very Low–Medium,Hypothetical protein.,,0,secondary STRING hit (STRING protein assigned to a better match),no STRING match,1859,2330,1,1
3585,fig|6666666.1036479.peg.2920,fig|6666666.1036479.peg.1419,0.9002639472484588,0.0026352059099178566,Very Low,High,Very Low–High,,,0,no STRING match,no STRING match,1823,2597,1,1
3586,fig|6666666.1036479.peg.3198,fig|6666666.1036479.peg.728,0.9002542436122895,0.0026359409743278756,Very Low,Medium,Very Low–Medium,,,0,no STRING match,no STRING match,1960,2286,1,1
3587,fig|6666666.1036479.peg.411,fig|6666666.1036479.peg.1566,0.900251030921936,0.0026366760387378945,Low,High,Low–High,Hypothetical protein.,,0,secondary STRING hit (STRING protein assigned to a better match),no STRING match,2150,2659,1,1
3588,fig|6666666.1036479.peg.370,fig|6666666.1036479.peg.684,0.9002505898475647,0.0026374111031479135,High,High,High–High,,,0,no STRING match,no STRING match,2139,2258,1,1
3589,fig|6666666.1036479.peg.3131,fig|6666666.1036479.peg.1218,0.9002454698085784,0.0026381461675579324,Low,High,Low–High,,,0,no STRING match,no STRING match,1923,2504,1,1
3590,fig|6666666.1036479.peg.1074,fig|6666666.1036479.peg.1195,0.9002219915390015,0.0026388812319679514,High,Medium,Medium–High,,,0,no STRING match,no STRING match,2418,2492,1,1
3591,fig|6666666.1036479.peg.3077,fig|6666666.1036479.peg.89,0.900220799446106,0.00263961629637797,Medium,Very Low,Very Low–Medium,,,0,no STRING match,no STRING match,1900,2052,1,1
3592,fig|6666666.1036479.peg.458,fig|6666666.1036479.peg.889,0.900209105014801,0.002640351360787989,Low,Low,Low–Low,,,0,no STRING match,no STRING match,2168,2364,1,1
3593,fig|6666666.1036479.peg.1135,fig|6666666.1036479.peg.2307,0.9002058148384094,0.002641086425198008,Very Low,Very Low,Very Low–Very Low,,,0,no STRING match,no STRING match,2462,2969,1,1
3594,fig|6666666.1036479.peg.370,fig|6666666.1036479.peg.689,0.9001534640789032,0.002641821489608027,High,High,High–High,,,0,no STRING match,no STRING match,2139,2261,1,1
3595,fig|6666666.1036479.peg.2761,fig|6666666.1036479.peg.1671,0.9001498460769654,0.0026425565540180457,Low,High,Low–High,,,0,no STRING match,no STRING match,1740,2712,1,1
3596,fig|6666666.1036479.peg.2568,fig|6666666.1036479.peg.2071,0.9001346409320832,0.0026432916184280647,Very Low,Medium,Very Low–Medium,,,0,no STRING match,no STRING match,1656,2862,1,1
3597,fig|6666666.1036479.peg.2501,fig|6666666.1036479.peg.2524,0.9001309096813201,0.0026440266828380837,High,Low,Low–High,,,0,no STRING match,no STRING match,1608,1626,1,1
3598,fig|6666666.1036479.peg.253,fig|6666666.1036479.peg.889,0.9001305222511291,0.0026447617472481026,Low,Low,Low–Low,Hypothetical protein.,,0,secondary STRING hit (STRING protein assigned to a better match),no STRING match,2096,2364,1,1
3599,fig|6666666.1036479.peg.726,fig|6666666.1036479.peg.1671,0.9001291513442993,0.0026454968116581216,Very Low,High,Very Low–High,,,0,no STRING match,no STRING match,2284,2712,1,1
3600,fig|6666666.1036479.peg.1195,fig|6666666.1036479.peg.2042,0.9001273274421692,0.0026462318760681405,Medium,High,Medium–High,,,0,no STRING match,no STRING match,2492,2850,1,1
3601,fig|6666666.1036479.peg.856,fig|6666666.1036479.peg.1567,0.9001038372516632,0.0026469669404781595,Low,Low,Low–Low,,,0,no STRING match,no STRING match,2340,2660,1,1
3602,fig|6666666.1036479.peg.36,fig|6666666.1036479.peg.2156,0.9001018345355988,0.0026477020048881784,Medium,Very Low,Very Low–Medium,,,0,no STRING match,no STRING match,2023,2906,2,1
3603,fig|6666666.1036479.peg.184,fig|6666666.1036479.peg.2156,0.9001018345355988,0.0026484370692981974,Medium,Very Low,Very Low–Medium,,,0,no STRING match,no STRING match,2023,2906,2,1
3604,fig|6666666.1036479.peg.253,fig|6666666.1036479.peg.2199,0.9000986576080322,0.0026491721337082164,Low,Low,Low–Low,Hypothetical protein.,,0,secondary STRING hit (STRING protein assigned to a better match),no STRING match,2096,2936,1,1
3605,fig|6666666.1036479.peg.726,fig|6666666.1036479.peg.1693,0.9000869631767273,0.0026499071981182353,Very Low,Medium,Very Low–Medium,,,0,no STRING match,no STRING match,2284,2718,1,1
3606,fig|6666666.1036479.peg.411,fig|6666666.1036479.peg.2278,0.9000827014446259,0.002650642262528254,Low,Low,Low–Low,Hypothetical protein.,,0,secondary STRING hit (STRING protein assigned to a better match),no STRING match,2150,2957,1,1
3607,fig|6666666.1036479.peg.2920,fig|6666666.1036479.peg.942,0.9000703930854798,0.002651377326938273,Very Low,Very Low,Very Low–Very Low,,,0,no STRING match,no STRING match,1823,2389,1,1
3608,fig|6666666.1036479.peg.2843,fig|6666666.1036479.peg.719,0.9000557899475098,0.0026521123913482918,Very Low,Medium,Very Low–Medium,,,0,no STRING match,no STRING match,1785,2277,1,1
3609,fig|6666666.1036479.peg.1339,fig|6666666.1036479.peg.1937,0.9000548481941223,0.0026528474557583107,Very Low,High,Very Low–High,,,0,no STRING match,no STRING match,2550,2802,1,1
3610,fig|6666666.1036479.peg.2843,fig|6666666.1036479.peg.903,0.9000371992588043,0.0026535825201683297,Very Low,Medium,Very Low–Medium,,,0,no STRING match,no STRING match,1785,2371,1,1
3611,fig|6666666.1036479.peg.2661,fig|6666666.1036479.peg.2792,0.9000348329544068,0.0026543175845783486,High,High,High–High,,,0,no STRING match,no STRING match,1701,1754,1,1
3612,fig|6666666.1036479.peg.2973,fig|6666666.1036479.peg.253,0.9000299215316773,0.0026550526489883676,Low,Low,Low–Low,,Hypothetical protein.,0,no STRING match,secondary STRING hit (STRING protein assigned to a better match),1854,2096,1,1
3613,fig|6666666.1036479.peg.370,fig|6666666.1036479.peg.874,0.9000277280807495,0.0026557877133983865,High,Medium,Medium–High,,,0,no STRING match,no STRING match,2139,2351,1,1
3614,fig|6666666.1036479.peg.3187,fig|6666666.1036479.peg.2455,0.900020432472229,0.0026565227778084055,Very Low,Medium,Very Low–Medium,Hypothetical protein.,,0,secondary STRING hit (STRING protein assigned to a better match),no STRING match,1950,3032,1,1
3615,fig|6666666.1036479.peg.2548,fig|6666666.1036479.peg.200,0.9000006973743438,0.0026572578422184245,High,High,High–High,,,0,no STRING match,no STRING match,1641,2072,1,1
3616,fig|6666666.1036479.peg.3020,fig|6666666.1036479.peg.1064,0.8999864280223846,0.0026579929066284434,Low,Medium,Low–Medium,,,0,no STRING match,no STRING match,1878,2414,1,1
3617,fig|6666666.1036479.peg.3187,fig|6666666.1036479.peg.2436,0.8999700129032135,0.0026587279710384624,Very Low,Medium,Very Low–Medium,Hypothetical protein.,,0,secondary STRING hit (STRING protein assigned to a better match),no STRING match,1950,3022,1,1
3618,fig|6666666.1036479.peg.2811,fig|6666666.1036479.peg.475,0.8999535918235779,0.0026594630354484813,Medium,Low,Low–Medium,,,0,no STRING match,no STRING match,1762,2175,1,1
3619,fig|6666666.1036479.peg.721,fig|6666666.1036479.peg.1419,0.8999392628669739,0.0026601980998585003,High,High,High–High,Yd repeat protein; COG3209 Rhs family protein.,,0,secondary STRING hit (STRING protein assigned to a better match),no STRING match,2279,2597,1,1
3620,fig|6666666.1036479.peg.2681,fig|6666666.1036479.peg.728,0.8999391436576843,0.0026609331642685192,Low,Medium,Low–Medium,,,0,no STRING match,no STRING match,1706,2286,1,1
3621,fig|6666666.1036479.peg.1195,fig|6666666.1036479.peg.2093,0.8999382495880127,0.0026616682286785378,Medium,Medium,Medium–Medium,,,0,no STRING match,no STRING match,2492,2872,1,1
3622,fig|6666666.1036479.peg.573,fig|6666666.1036479.peg.702,0.8999368488788605,0.0026624032930885567,Very Low,Medium,Very Low–Medium,Hypothetical protein.,,0,secondary STRING hit (STRING protein assigned to a better match),no STRING match,2210,2266,1,1
3623,fig|6666666.1036479.peg.866,fig|6666666.1036479.peg.2042,0.8999319195747375,0.0026631383574985757,High,High,High–High,,,0,no STRING match,no STRING match,2345,2850,1,1
3624,fig|6666666.1036479.peg.866,fig|6666666.1036479.peg.2238,0.8999315798282623,0.0026638734219085946,High,Very Low,Very Low–High,,,0,no STRING match,no STRING match,2345,2942,1,1
3625,fig|6666666.1036479.peg.2762,fig|6666666.1036479.peg.3191,0.899930739402771,0.0026646084863186136,Medium,Medium,Medium–Medium,Hypothetical protein.,,0,secondary STRING hit (STRING protein assigned to a better match),no STRING match,1741,1954,1,1
3626,fig|6666666.1036479.peg.2792,fig|6666666.1036479.peg.2185,0.8999261081218719,0.0026653435507286325,High,Very Low,Very Low–High,,,0,no STRING match,no STRING match,1754,2931,1,1
3627,fig|6666666.1036479.peg.2626,fig|6666666.1036479.peg.2071,0.8999122321605683,0.0026660786151386515,High,Medium,Medium–High,,,0,no STRING match,no STRING match,1683,2862,1,1
3628,fig|6666666.1036479.peg.2501,fig|6666666.1036479.peg.2548,0.8999079287052154,0.0026668136795486705,High,High,High–High,,,0,no STRING match,no STRING match,1608,1641,1,1
3629,fig|6666666.1036479.peg.3077,fig|6666666.1036479.peg.652,0.8999020755290985,0.0026675487439586894,Medium,Very Low,Very Low–Medium,,,0,no STRING match,no STRING match,1900,2249,1,1
3630,fig|6666666.1036479.peg.1134,fig|6666666.1036479.peg.1146,0.8999014019966125,0.0026682838083687084,Very Low,Very Low,Very Low–Very Low,,,0,no STRING match,no STRING match,2461,2472,1,1
3631,fig|6666666.1036479.peg.856,fig|6666666.1036479.peg.879,0.8998941957950592,0.0026690188727787273,Low,Very Low,Very Low–Low,,Rhs element Vgr protein; COG3501 Uncharacterized protein conserved in bacteria.,0,no STRING match,secondary STRING hit (STRING protein assigned to a better match),2340,2354,1,1
3632,fig|6666666.1036479.peg.1719,fig|6666666.1036479.peg.2076,0.8998895049095154,0.0026697539371887463,Medium,Medium,Medium–Medium,,,0,no STRING match,no STRING match,2727,2863,1,1
3633,fig|6666666.1036479.peg.2848,fig|6666666.1036479.peg.2364,0.899883759021759,0.0026704890015987652,Very Low,Medium,Very Low–Medium,,,0,no STRING match,no STRING match,1786,2994,1,1
3634,fig|6666666.1036479.peg.573,fig|6666666.1036479.peg.903,0.8998713552951813,0.002671224066008784,Very Low,Medium,Very Low–Medium,Hypothetical protein.,,0,secondary STRING hit (STRING protein assigned to a better match),no STRING match,2210,2371,1,1
3635,fig|6666666.1036479.peg.2506,fig|6666666.1036479.peg.1677,0.8998683273792267,0.002671959130418803,Very Low,High,Very Low–High,,,0,no STRING match,no STRING match,1613,2714,6,1
3636,fig|6666666.1036479.peg.2516,fig|6666666.1036479.peg.1677,0.8998683273792267,0.0026726941948288217,Very Low,High,Very Low–High,,,0,no STRING match,no STRING match,1613,2714,6,1
3637,fig|6666666.1036479.peg.2522,fig|6666666.1036479.peg.1677,0.8998683273792267,0.0026734292592388406,Very Low,High,Very Low–High,,,0,no STRING match,no STRING match,1613,2714,6,1
3638,fig|6666666.1036479.peg.974,fig|6666666.1036479.peg.1677,0.8998683273792267,0.0026741643236488596,Very Low,High,Very Low–High,,,0,no STRING match,no STRING match,1613,2714,6,1
3639,fig|6666666.1036479.peg.979,fig|6666666.1036479.peg.1677,0.8998683273792267,0.0026748993880588785,Very Low,High,Very Low–High,,,0,no STRING match,no STRING match,1613,2714,6,1
3640,fig|6666666.1036479.peg.1677,fig|6666666.1036479.peg.2491,0.8998683273792267,0.0026756344524688975,High,Very Low,Very Low–High,,,0,no STRING match,no STRING match,2714,1613,1,6
3641,fig|6666666.1036479.peg.942,fig|6666666.1036479.peg.2327,0.8998623371124268,0.0026763695168789165,Very Low,Medium,Very Low–Medium,,,0,no STRING match,no STRING match,2389,2982,1,1
3642,fig|6666666.1036479.peg.1140,fig|6666666.1036479.peg.1538,0.8998604774475097,0.0026771045812889354,Very Low,Very Low,Very Low–Very Low,,,0,no STRING match,no STRING match,2466,2642,1,1
3643,fig|6666666.1036479.peg.3113,fig|6666666.1036479.peg.1934,0.8998589158058167,0.0026778396456989544,Very Low,Low,Very Low–Low,,,0,no STRING match,no STRING match,1915,2801,1,1
3644,fig|6666666.1036479.peg.2792,fig|6666666.1036479.peg.1409,0.8998438775539398,0.0026785747101089733,High,Medium,Medium–High,,,0,no STRING match,no STRING match,1754,2588,1,1
3645,fig|6666666.1036479.peg.723,fig|6666666.1036479.peg.1195,0.8998181998729706,0.0026793097745189923,High,Medium,Medium–High,,,0,no STRING match,no STRING match,2281,2492,1,1
3646,fig|6666666.1036479.peg.1265,fig|6666666.1036479.peg.1719,0.8998141884803772,0.0026800448389290112,Low,Medium,Low–Medium,,,0,no STRING match,no STRING match,2519,2727,1,1
3647,fig|6666666.1036479.peg.2536,fig|6666666.1036479.peg.942,0.8998035550117492,0.00268077990333903,Very Low,Very Low,Very Low–Very Low,,,0,no STRING match,no STRING match,1629,2389,1,1
3648,fig|6666666.1036479.peg.1719,fig|6666666.1036479.peg.1782,0.8998020589351654,0.002681514967749049,Medium,Very Low,Very Low–Medium,,Rhs family protein.,0,no STRING match,secondary STRING hit (STRING protein assigned to a better match),2727,2747,1,1
3649,fig|6666666.1036479.peg.1141,fig|6666666.1036479.peg.1161,0.8997990489006042,0.002682250032159068,Very Low,Very Low,Very Low–Very Low,,,0,no STRING match,no STRING match,2467,2482,1,1
3650,fig|6666666.1036479.peg.411,fig|6666666.1036479.peg.687,0.8997875809669494,0.002682985096569087,Low,Very Low,Very Low–Low,Hypothetical protein.,,0,secondary STRING hit (STRING protein assigned to a better match),no STRING match,2150,2260,1,1
3651,fig|6666666.1036479.peg.2843,fig|6666666.1036479.peg.721,0.8997865855693817,0.0026837201609791056,Very Low,High,Very Low–High,,Yd repeat protein; COG3209 Rhs family protein.,0,no STRING match,secondary STRING hit (STRING protein assigned to a better match),1785,2279,1,1
3652,fig|6666666.1036479.peg.89,fig|6666666.1036479.peg.874,0.8997849881649017,0.0026844552253891246,Very Low,Medium,Very Low–Medium,,,0,no STRING match,no STRING match,2052,2351,1,1
3653,fig|6666666.1036479.peg.2548,fig|6666666.1036479.peg.241,0.8997743129730225,0.0026851902897991435,High,High,High–High,,,0,no STRING match,no STRING match,1641,2089,1,1
3654,fig|6666666.1036479.peg.3198,fig|6666666.1036479.peg.1673,0.8997737884521484,0.0026859253542091625,Very Low,Very Low,Very Low–Very Low,,,0,no STRING match,no STRING match,1960,2713,1,1
3655,fig|6666666.1036479.peg.2548,fig|6666666.1036479.peg.1419,0.8997492909431457,0.0026866604186191814,High,High,High–High,,,0,no STRING match,no STRING match,1641,2597,1,1
3656,fig|6666666.1036479.peg.1195,fig|6666666.1036479.peg.2436,0.8997466385364532,0.0026873954830292004,Medium,Medium,Medium–Medium,,,0,no STRING match,no STRING match,2492,3022,1,1
3657,fig|6666666.1036479.peg.2924,fig|6666666.1036479.peg.1693,0.8997433900833129,0.0026881305474392193,Very Low,Medium,Very Low–Medium,,,0,no STRING match,no STRING match,1827,2718,1,1
3658,fig|6666666.1036479.peg.1141,fig|6666666.1036479.peg.1142,0.8997282981872559,0.0026888656118492383,Very Low,Very Low,Very Low–Very Low,,,0,no STRING match,no STRING match,2467,2468,1,1
3659,fig|6666666.1036479.peg.2936,fig|6666666.1036479.peg.1719,0.8997228145599365,0.0026896006762592573,Very Low,Medium,Very Low–Medium,,,0,no STRING match,no STRING match,1836,2727,1,1
3660,fig|6666666.1036479.peg.458,fig|6666666.1036479.peg.721,0.8997018158435821,0.002690335740669276,Low,High,Low–High,,Yd repeat protein; COG3209 Rhs family protein.,0,no STRING match,secondary STRING hit (STRING protein assigned to a better match),2168,2279,1,1
3661,fig|6666666.1036479.peg.1080,fig|6666666.1036479.peg.1416,0.8997008860111236,0.002691070805079295,High,Medium,Medium–High,,,0,no STRING match,no STRING match,2424,2595,1,1
3662,fig|6666666.1036479.peg.856,fig|6666666.1036479.peg.1835,0.8996876657009125,0.002691805869489314,Low,Very Low,Very Low–Low,,,0,no STRING match,no STRING match,2340,2767,1,1
3663,fig|6666666.1036479.peg.732,fig|6666666.1036479.peg.856,0.8996860265731812,0.002692540933899333,Medium,Low,Low–Medium,,,0,no STRING match,no STRING match,2290,2340,1,1
3664,fig|6666666.1036479.peg.3079,fig|6666666.1036479.peg.411,0.8996713697910309,0.002693275998309352,Very Low,Low,Very Low–Low,,Hypothetical protein.,0,no STRING match,secondary STRING hit (STRING protein assigned to a better match),1902,2150,1,1
3665,fig|6666666.1036479.peg.2548,fig|6666666.1036479.peg.2703,0.8996679067611695,0.002694011062719371,High,Very Low,Very Low–High,,,0,no STRING match,no STRING match,1641,1717,1,1
3666,fig|6666666.1036479.peg.1693,fig|6666666.1036479.peg.1968,0.8996477782726288,0.0026947461271293895,Medium,Very Low,Very Low–Medium,,,0,no STRING match,no STRING match,2718,2827,1,1
3667,fig|6666666.1036479.peg.1134,fig|6666666.1036479.peg.1135,0.8996461570262909,0.0026954811915394085,Very Low,Very Low,Very Low–Very Low,,,0,no STRING match,no STRING match,2461,2462,1,1
3668,fig|6666666.1036479.peg.2788,fig|6666666.1036479.peg.2092,0.8996447622776031,0.0026962162559494274,Medium,Medium,Medium–Medium,,,0,no STRING match,no STRING match,1752,2871,1,1
3669,fig|6666666.1036479.peg.370,fig|6666666.1036479.peg.1416,0.8996248722076416,0.0026969513203594464,High,Medium,Medium–High,,,0,no STRING match,no STRING match,2139,2595,1,1
3670,fig|6666666.1036479.peg.874,fig|6666666.1036479.peg.881,0.8996227204799652,0.0026976863847694653,Medium,High,Medium–High,,,0,no STRING match,no STRING match,2351,2356,1,1
3671,fig|6666666.1036479.peg.3113,fig|6666666.1036479.peg.1673,0.8996175169944763,0.0026984214491794843,Very Low,Very Low,Very Low–Very Low,,,0,no STRING match,no STRING match,1915,2713,1,1
3672,fig|6666666.1036479.peg.2792,fig|6666666.1036479.peg.1771,0.8996035337448121,0.0026991565135895033,High,Medium,Medium–High,,,0,no STRING match,no STRING match,1754,2743,1,1
3673,fig|6666666.1036479.peg.2545,fig|6666666.1036479.peg.2071,0.8995928168296814,0.002699891577999522,Very Low,Medium,Very Low–Medium,,,0,no STRING match,no STRING match,1638,2862,7,1
3674,fig|6666666.1036479.peg.2567,fig|6666666.1036479.peg.2071,0.8995928168296814,0.002700626642409541,Very Low,Medium,Very Low–Medium,,,0,no STRING match,no STRING match,1638,2862,7,1
3675,fig|6666666.1036479.peg.1573,fig|6666666.1036479.peg.2071,0.8995928168296814,0.00270136170681956,Very Low,Medium,Very Low–Medium,,,0,no STRING match,no STRING match,1638,2862,7,1
3676,fig|6666666.1036479.peg.1586,fig|6666666.1036479.peg.2071,0.8995928168296814,0.002702096771229579,Very Low,Medium,Very Low–Medium,,,0,no STRING match,no STRING match,1638,2862,7,1
3677,fig|6666666.1036479.peg.1597,fig|6666666.1036479.peg.2071,0.8995928168296814,0.002702831835639598,Very Low,Medium,Very Low–Medium,,,0,no STRING match,no STRING match,1638,2862,7,1
3678,fig|6666666.1036479.peg.1619,fig|6666666.1036479.peg.2071,0.8995928168296814,0.002703566900049617,Very Low,Medium,Very Low–Medium,,,0,no STRING match,no STRING match,1638,2862,7,1
3679,fig|6666666.1036479.peg.1643,fig|6666666.1036479.peg.2071,0.8995928168296814,0.002704301964459636,Very Low,Medium,Very Low–Medium,,,0,no STRING match,no STRING match,1638,2862,7,1
3680,fig|6666666.1036479.peg.370,fig|6666666.1036479.peg.1901,0.899592787027359,0.002705037028869655,High,Very Low,Very Low–High,,,0,no STRING match,no STRING match,2139,2787,1,1
3681,fig|6666666.1036479.peg.649,fig|6666666.1036479.peg.1771,0.8995890974998474,0.0027057720932796734,Medium,Medium,Medium–Medium,,,0,no STRING match,no STRING match,2246,2743,1,1
3682,fig|6666666.1036479.peg.793,fig|6666666.1036479.peg.885,0.899581390619278,0.0027065071576896924,Medium,Medium,Medium–Medium,,,0,no STRING match,no STRING match,2320,2360,1,1
3683,fig|6666666.1036479.peg.2672,fig|6666666.1036479.peg.1268,0.8995802700519562,0.0027072422220997113,Medium,Medium,Medium–Medium,,,0,no STRING match,no STRING match,1704,2521,1,1
3684,fig|6666666.1036479.peg.3198,fig|6666666.1036479.peg.1195,0.8995742976665497,0.0027079772865097303,Very Low,Medium,Very Low–Medium,,,0,no STRING match,no STRING match,1960,2492,1,1
3685,fig|6666666.1036479.peg.3113,fig|6666666.1036479.peg.1739,0.8995741069316864,0.0027087123509197493,Very Low,Very Low,Very Low–Very Low,,,0,no STRING match,no STRING match,1915,2731,1,1
3686,fig|6666666.1036479.peg.649,fig|6666666.1036479.peg.704,0.899570244550705,0.0027094474153297682,Medium,Low,Low–Medium,,,0,no STRING match,no STRING match,2246,2268,1,1
3687,fig|6666666.1036479.peg.598,fig|6666666.1036479.peg.856,0.8995642542839051,0.002710182479739787,Very Low,Low,Very Low–Low,,,0,no STRING match,no STRING match,2220,2340,1,1
3688,fig|6666666.1036479.peg.2848,fig|6666666.1036479.peg.3076,0.8995574653148651,0.002710917544149806,Very Low,High,Very Low–High,,,0,no STRING match,no STRING match,1786,1899,1,1
3689,fig|6666666.1036479.peg.36,fig|6666666.1036479.peg.1947,0.8995504915714264,0.002711652608559825,Medium,Medium,Medium–Medium,,,0,no STRING match,no STRING match,2023,2809,2,1
3690,fig|6666666.1036479.peg.184,fig|6666666.1036479.peg.1947,0.8995504915714264,0.002712387672969844,Medium,Medium,Medium–Medium,,,0,no STRING match,no STRING match,2023,2809,2,1
3691,fig|6666666.1036479.peg.2071,fig|6666666.1036479.peg.2095,0.8995446026325226,0.002713122737379863,Medium,Medium,Medium–Medium,,,0,no STRING match,no STRING match,2862,2873,1,1
3692,fig|6666666.1036479.peg.649,fig|6666666.1036479.peg.1410,0.8995437324047089,0.002713857801789882,Medium,Medium,Medium–Medium,,,0,no STRING match,no STRING match,2246,2589,1,1
3693,fig|6666666.1036479.peg.2809,fig|6666666.1036479.peg.1671,0.8995420217514039,0.002714592866199901,Very Low,High,Very Low–High,,,0,no STRING match,no STRING match,1760,2712,1,1
3694,fig|6666666.1036479.peg.2762,fig|6666666.1036479.peg.2788,0.8995319604873657,0.00271532793060992,Medium,Medium,Medium–Medium,Hypothetical protein.,,0,secondary STRING hit (STRING protein assigned to a better match),no STRING match,1741,1752,1,1
3695,fig|6666666.1036479.peg.2672,fig|6666666.1036479.peg.725,0.8995269298553467,0.002716062995019939,Medium,Very Low,Very Low–Medium,,,0,no STRING match,no STRING match,1704,2283,1,1
3696,fig|6666666.1036479.peg.3131,fig|6666666.1036479.peg.882,0.8995202064514161,0.0027167980594299574,Low,Very Low,Very Low–Low,,,0,no STRING match,no STRING match,1923,2357,1,1
3697,fig|6666666.1036479.peg.3131,fig|6666666.1036479.peg.2404,0.8995103001594543,0.0027175331238399763,Low,Medium,Low–Medium,,Hypothetical protein; COG0605 Superoxide dismutase.,0,no STRING match,secondary STRING hit (STRING protein assigned to a better match),1923,3006,1,1
3698,fig|6666666.1036479.peg.3187,fig|6666666.1036479.peg.1195,0.8994866490364075,0.0027182681882499953,Very Low,Medium,Very Low–Medium,Hypothetical protein.,,0,secondary STRING hit (STRING protein assigned to a better match),no STRING match,1950,2492,1,1
3699,fig|6666666.1036479.peg.2973,fig|6666666.1036479.peg.3131,0.8994839727878571,0.0027190032526600142,Low,Low,Low–Low,,,0,no STRING match,no STRING match,1854,1923,1,1
3700,fig|6666666.1036479.peg.2848,fig|6666666.1036479.peg.1195,0.899480676651001,0.002719738317070033,Very Low,Medium,Very Low–Medium,,,0,no STRING match,no STRING match,1786,2492,1,1
3701,fig|6666666.1036479.peg.3198,fig|6666666.1036479.peg.458,0.8994774222373962,0.002720473381480052,Very Low,Low,Very Low–Low,,,0,no STRING match,no STRING match,1960,2168,1,1
3702,fig|6666666.1036479.peg.903,fig|6666666.1036479.peg.1419,0.899469393491745,0.002721208445890071,Medium,High,Medium–High,,,0,no STRING match,no STRING match,2371,2597,1,1
3703,fig|6666666.1036479.peg.3131,fig|6666666.1036479.peg.2150,0.8994562506675721,0.00272194351030009,Low,Very Low,Very Low–Low,,,0,no STRING match,no STRING match,1923,2903,1,1
3704,fig|6666666.1036479.peg.2571,fig|6666666.1036479.peg.1195,0.899450421333313,0.002722678574710109,Medium,Medium,Medium–Medium,,,0,no STRING match,no STRING match,1659,2492,1,1
3705,fig|6666666.1036479.peg.1135,fig|6666666.1036479.peg.1149,0.8994451403617859,0.002723413639120128,Very Low,Very Low,Very Low–Very Low,,,0,no STRING match,no STRING match,2462,2475,1,1
3706,fig|6666666.1036479.peg.2548,fig|6666666.1036479.peg.1617,0.8994393825531006,0.002724148703530147,High,Low,Low–High,,,0,no STRING match,no STRING match,1641,2688,1,2
3707,fig|6666666.1036479.peg.2548,fig|6666666.1036479.peg.1625,0.8994393825531006,0.002724883767940166,High,Low,Low–High,,,0,no STRING match,no STRING match,1641,2688,1,2
3708,fig|6666666.1036479.peg.1719,fig|6666666.1036479.peg.2104,0.8994086563587189,0.002725618832350185,Medium,High,Medium–High,,,0,no STRING match,no STRING match,2727,2877,1,1
3709,fig|6666666.1036479.peg.3131,fig|6666666.1036479.peg.253,0.8994049191474914,0.002726353896760204,Low,Low,Low–Low,,Hypothetical protein.,0,no STRING match,secondary STRING hit (STRING protein assigned to a better match),1923,2096,1,1
3710,fig|6666666.1036479.peg.3168,fig|6666666.1036479.peg.1140,0.8994027853012085,0.0027270889611702227,Very Low,Very Low,Very Low–Very Low,,,0,no STRING match,no STRING match,1937,2466,1,1
3711,fig|6666666.1036479.peg.2501,fig|6666666.1036479.peg.781,0.89939244389534,0.0027278240255802413,High,Medium,Medium–High,,,0,no STRING match,no STRING match,1608,2315,1,1
3712,fig|6666666.1036479.peg.308,fig|6666666.1036479.peg.1719,0.8993841946125031,0.0027285590899902602,Medium,Medium,Medium–Medium,,,0,no STRING match,no STRING match,2121,2727,1,1
3713,fig|6666666.1036479.peg.856,fig|6666666.1036479.peg.1773,0.899383407831192,0.002729294154400279,Low,Very Low,Very Low–Low,,,0,no STRING match,no STRING match,2340,2744,1,1
3714,fig|6666666.1036479.peg.1693,fig|6666666.1036479.peg.1771,0.8993589401245117,0.002730029218810298,Medium,Medium,Medium–Medium,,,0,no STRING match,no STRING match,2718,2743,1,1
3715,fig|6666666.1036479.peg.475,fig|6666666.1036479.peg.1355,0.8993517279624939,0.002730764283220317,Low,Medium,Low–Medium,,,0,no STRING match,no STRING match,2175,2564,1,1
3716,fig|6666666.1036479.peg.3184,fig|6666666.1036479.peg.3207,0.8993516743183136,0.002731499347630336,Very Low,Medium,Very Low–Medium,,,0,no STRING match,no STRING match,1947,1965,1,1
3717,fig|6666666.1036479.peg.1308,fig|6666666.1036479.peg.2436,0.8993505954742431,0.002732234412040355,Medium,Medium,Medium–Medium,,,0,no STRING match,no STRING match,2532,3022,1,1
3718,fig|6666666.1036479.peg.704,fig|6666666.1036479.peg.793,0.8993382692337036,0.002732969476450374,Low,Medium,Low–Medium,,,0,no STRING match,no STRING match,2268,2320,1,1
3719,fig|6666666.1036479.peg.866,fig|6666666.1036479.peg.2049,0.8993301212787628,0.002733704540860393,High,Very Low,Very Low–High,,,0,no STRING match,no STRING match,2345,2851,1,1
3720,fig|6666666.1036479.peg.2571,fig|6666666.1036479.peg.728,0.8993183255195618,0.002734439605270412,Medium,Medium,Medium–Medium,,,0,no STRING match,no STRING match,1659,2286,1,1
3721,fig|6666666.1036479.peg.3000,fig|6666666.1036479.peg.1141,0.8993177235126495,0.002735174669680431,Very Low,Very Low,Very Low–Very Low,,,0,no STRING match,no STRING match,1863,2467,1,1
3722,fig|6666666.1036479.peg.2672,fig|6666666.1036479.peg.411,0.8993058264255523,0.00273590973409045,Medium,Low,Low–Medium,,Hypothetical protein.,0,no STRING match,secondary STRING hit (STRING protein assigned to a better match),1704,2150,1,1
3723,fig|6666666.1036479.peg.475,fig|6666666.1036479.peg.1649,0.8992980480194092,0.0027366447985004688,Low,Very Low,Very Low–Low,,YD repeat-containing protein; COG3209 Rhs family protein.,0,no STRING match,secondary STRING hit (STRING protein assigned to a better match),2175,2703,1,1
3724,fig|6666666.1036479.peg.923,fig|6666666.1036479.peg.1195,0.8992769956588745,0.0027373798629104877,High,Medium,Medium–High,,,0,no STRING match,no STRING match,2380,2492,1,1
3725,fig|6666666.1036479.peg.2156,fig|6666666.1036479.peg.2364,0.8992714941501617,0.0027381149273205067,Very Low,Medium,Very Low–Medium,,,0,no STRING match,no STRING match,2906,2994,1,1
3726,fig|6666666.1036479.peg.36,fig|6666666.1036479.peg.2093,0.8992680370807647,0.002738849991730525,Medium,Medium,Medium–Medium,,,0,no STRING match,no STRING match,2023,2872,2,1
3727,fig|6666666.1036479.peg.184,fig|6666666.1036479.peg.2093,0.8992680370807647,0.002739585056140544,Medium,Medium,Medium–Medium,,,0,no STRING match,no STRING match,2023,2872,2,1
3728,fig|6666666.1036479.peg.942,fig|6666666.1036479.peg.1002,0.8992620527744293,0.002740320120550563,Very Low,Medium,Very Low–Medium,,,0,no STRING match,no STRING match,2389,2399,1,1
3729,fig|6666666.1036479.peg.475,fig|6666666.1036479.peg.1410,0.8992598414421081,0.002741055184960582,Low,Medium,Low–Medium,,,0,no STRING match,no STRING match,2175,2589,1,1
3730,fig|6666666.1036479.peg.2506,fig|6666666.1036479.peg.2768,0.8992565631866455,0.002741790249370601,Very Low,Very Low,Very Low–Very Low,,,0,no STRING match,no STRING match,1613,1744,6,1
3731,fig|6666666.1036479.peg.2516,fig|6666666.1036479.peg.2768,0.8992565631866455,0.00274252531378062,Very Low,Very Low,Very Low–Very Low,,,0,no STRING match,no STRING match,1613,1744,6,1
3732,fig|6666666.1036479.peg.2522,fig|6666666.1036479.peg.2768,0.8992565631866455,0.002743260378190639,Very Low,Very Low,Very Low–Very Low,,,0,no STRING match,no STRING match,1613,1744,6,1
3733,fig|6666666.1036479.peg.2768,fig|6666666.1036479.peg.974,0.8992565631866455,0.002743995442600658,Very Low,Very Low,Very Low–Very Low,,,0,no STRING match,no STRING match,1744,1613,1,6
3734,fig|6666666.1036479.peg.2768,fig|6666666.1036479.peg.979,0.8992565631866455,0.002744730507010677,Very Low,Very Low,Very Low–Very Low,,,0,no STRING match,no STRING match,1744,1613,1,6
3735,fig|6666666.1036479.peg.2768,fig|6666666.1036479.peg.2491,0.8992565631866455,0.002745465571420696,Very Low,Very Low,Very Low–Very Low,,,0,no STRING match,no STRING match,1744,1613,1,6
3736,fig|6666666.1036479.peg.2648,fig|6666666.1036479.peg.2199,0.8992506504058838,0.0027462006358307148,Very Low,Low,Very Low–Low,,,0,no STRING match,no STRING match,1695,2936,1,1
3737,fig|6666666.1036479.peg.2948,fig|6666666.1036479.peg.3198,0.8992492616176605,0.0027469357002407337,High,Very Low,Very Low–High,,,0,no STRING match,no STRING match,1843,1960,1,1
3738,fig|6666666.1036479.peg.2646,fig|6666666.1036479.peg.1693,0.8992472589015961,0.0027476707646507527,Low,Medium,Low–Medium,,,0,no STRING match,no STRING match,1694,2718,1,1
3739,fig|6666666.1036479.peg.2792,fig|6666666.1036479.peg.3213,0.899245285987854,0.0027484058290607716,High,Very Low,Very Low–High,,,0,no STRING match,no STRING match,1754,1967,1,1
3740,fig|6666666.1036479.peg.3222,fig|6666666.1036479.peg.1673,0.899231082201004,0.0027491408934707906,Medium,Very Low,Very Low–Medium,,,0,no STRING match,no STRING match,1972,2713,2,1
3741,fig|6666666.1036479.peg.138,fig|6666666.1036479.peg.1673,0.899231082201004,0.002749875957880809,Medium,Very Low,Very Low–Medium,,,0,no STRING match,no STRING match,1972,2713,2,1
3742,fig|6666666.1036479.peg.649,fig|6666666.1036479.peg.1074,0.8992212355136872,0.002750611022290828,Medium,High,Medium–High,,,0,no STRING match,no STRING match,2246,2418,1,1
3743,fig|6666666.1036479.peg.2648,fig|6666666.1036479.peg.2238,0.8992114841938019,0.002751346086700847,Very Low,Very Low,Very Low–Very Low,,,0,no STRING match,no STRING match,1695,2942,1,1
3744,fig|6666666.1036479.peg.3207,fig|6666666.1036479.peg.2455,0.8992107450962067,0.002752081151110866,Medium,Medium,Medium–Medium,,,0,no STRING match,no STRING match,1965,3032,1,1
3745,fig|6666666.1036479.peg.866,fig|6666666.1036479.peg.887,0.8992098450660706,0.002752816215520885,High,Medium,Medium–High,,,0,no STRING match,no STRING match,2345,2362,1,1
3746,fig|6666666.1036479.peg.3223,fig|6666666.1036479.peg.411,0.8991999983787536,0.002753551279930904,High,Low,Low–High,,Hypothetical protein.,0,no STRING match,secondary STRING hit (STRING protein assigned to a better match),1973,2150,2,1
3747,fig|6666666.1036479.peg.139,fig|6666666.1036479.peg.411,0.8991999983787536,0.002754286344340923,High,Low,Low–High,,Hypothetical protein.,0,no STRING match,secondary STRING hit (STRING protein assigned to a better match),1973,2150,2,1
3748,fig|6666666.1036479.peg.2506,fig|6666666.1036479.peg.2025,0.8991852283477784,0.002755021408750942,Very Low,Very Low,Very Low–Very Low,,,0,no STRING match,no STRING match,1613,2847,6,1
3749,fig|6666666.1036479.peg.2516,fig|6666666.1036479.peg.2025,0.8991852283477784,0.0027557564731609608,Very Low,Very Low,Very Low–Very Low,,,0,no STRING match,no STRING match,1613,2847,6,1
3750,fig|6666666.1036479.peg.2522,fig|6666666.1036479.peg.2025,0.8991852283477784,0.0027564915375709797,Very Low,Very Low,Very Low–Very Low,,,0,no STRING match,no STRING match,1613,2847,6,1
3751,fig|6666666.1036479.peg.974,fig|6666666.1036479.peg.2025,0.8991852283477784,0.0027572266019809987,Very Low,Very Low,Very Low–Very Low,,,0,no STRING match,no STRING match,1613,2847,6,1
3752,fig|6666666.1036479.peg.979,fig|6666666.1036479.peg.2025,0.8991852283477784,0.0027579616663910176,Very Low,Very Low,Very Low–Very Low,,,0,no STRING match,no STRING match,1613,2847,6,1
3753,fig|6666666.1036479.peg.2025,fig|6666666.1036479.peg.2491,0.8991852283477784,0.0027586967308010366,Very Low,Very Low,Very Low–Very Low,,,0,no STRING match,no STRING match,2847,1613,1,6
3754,fig|6666666.1036479.peg.721,fig|6666666.1036479.peg.923,0.899184250831604,0.0027594317952110555,High,High,High–High,Yd repeat protein; COG3209 Rhs family protein.,,0,secondary STRING hit (STRING protein assigned to a better match),no STRING match,2279,2380,1,1
3755,fig|6666666.1036479.peg.207,fig|6666666.1036479.peg.370,0.8991831541061401,0.0027601668596210745,Low,High,Low–High,,,0,no STRING match,no STRING match,2075,2139,1,1
3756,fig|6666666.1036479.peg.1152,fig|6666666.1036479.peg.2307,0.8991808712482452,0.002760901924031093,Very Low,Very Low,Very Low–Very Low,,,0,no STRING match,no STRING match,2477,2969,1,1
3757,fig|6666666.1036479.peg.2788,fig|6666666.1036479.peg.728,0.8991675913333893,0.002761636988441112,Medium,Medium,Medium–Medium,,,0,no STRING match,no STRING match,1752,2286,1,1
3758,fig|6666666.1036479.peg.781,fig|6666666.1036479.peg.866,0.8991530060768127,0.002762372052851131,Medium,High,Medium–High,,,0,no STRING match,no STRING match,2315,2345,1,1
3759,fig|6666666.1036479.peg.2672,fig|6666666.1036479.peg.2185,0.8991429686546326,0.00276310711726115,Medium,Very Low,Very Low–Medium,,,0,no STRING match,no STRING match,1704,2931,1,1
3760,fig|6666666.1036479.peg.689,fig|6666666.1036479.peg.2436,0.8991409480571747,0.002763842181671169,High,Medium,Medium–High,,,0,no STRING match,no STRING match,2261,3022,1,1
3761,fig|6666666.1036479.peg.411,fig|6666666.1036479.peg.2348,0.8991272449493408,0.002764577246081188,Low,High,Low–High,Hypothetical protein.,,0,secondary STRING hit (STRING protein assigned to a better match),no STRING match,2150,2991,1,1
3762,fig|6666666.1036479.peg.1671,fig|6666666.1036479.peg.2454,0.8991236984729767,0.0027653123104912068,High,Medium,Medium–High,,,0,no STRING match,no STRING match,2712,3031,1,1
3763,fig|6666666.1036479.peg.236,fig|6666666.1036479.peg.942,0.8991123259067535,0.0027660473749012257,Very Low,Very Low,Very Low–Very Low,,,0,no STRING match,no STRING match,2086,2389,1,1
3764,fig|6666666.1036479.peg.649,fig|6666666.1036479.peg.1409,0.8991097927093505,0.0027667824393112447,Medium,Medium,Medium–Medium,,,0,no STRING match,no STRING match,2246,2588,1,1
3765,fig|6666666.1036479.peg.2929,fig|6666666.1036479.peg.861,0.8991061270236969,0.0027675175037212636,Very Low,High,Very Low–High,Hypothetical protein.,,0,secondary STRING hit (STRING protein assigned to a better match),no STRING match,1831,2341,1,1
3766,fig|6666666.1036479.peg.3020,fig|6666666.1036479.peg.942,0.8990708947181701,0.0027682525681312826,Low,Very Low,Very Low–Low,,,0,no STRING match,no STRING match,1878,2389,1,1
3767,fig|6666666.1036479.peg.3180,fig|6666666.1036479.peg.942,0.899069482088089,0.0027689876325413016,Very Low,Very Low,Very Low–Very Low,,,0,no STRING match,no STRING match,1943,2389,2,1
3768,fig|6666666.1036479.peg.942,fig|6666666.1036479.peg.2380,0.899069482088089,0.0027697226969513205,Very Low,Very Low,Very Low–Very Low,,,0,no STRING match,no STRING match,2389,1943,1,2
3769,fig|6666666.1036479.peg.411,fig|6666666.1036479.peg.2114,0.8990591824054718,0.0027704577613613395,Low,Very Low,Very Low–Low,Hypothetical protein.,"COG1629 Outer membrane receptor proteins, mostly Fe transport.",0,secondary STRING hit (STRING protein assigned to a better match),secondary STRING hit (STRING protein assigned to a better match),2150,2884,1,1
3770,fig|6666666.1036479.peg.2698,fig|6666666.1036479.peg.856,0.8990574657917023,0.0027711928257713584,Low,Low,Low–Low,,,0,no STRING match,no STRING match,1715,2340,1,1
3771,fig|6666666.1036479.peg.1519,fig|6666666.1036479.peg.1693,0.8990570664405823,0.002771927890181377,High,Medium,Medium–High,,,0,no STRING match,no STRING match,2632,2718,1,1
3772,fig|6666666.1036479.peg.2071,fig|6666666.1036479.peg.2384,0.8990482926368714,0.002772662954591396,Medium,Medium,Medium–Medium,,,0,no STRING match,no STRING match,2862,2998,1,1
3773,fig|6666666.1036479.peg.687,fig|6666666.1036479.peg.874,0.8990478873252868,0.002773398019001415,Very Low,Medium,Very Low–Medium,,,0,no STRING match,no STRING match,2260,2351,1,1
3774,fig|6666666.1036479.peg.3207,fig|6666666.1036479.peg.536,0.8990359783172608,0.002774133083411434,Medium,Medium,Medium–Medium,,,0,no STRING match,no STRING match,1965,2193,1,1
3775,fig|6666666.1036479.peg.2792,fig|6666666.1036479.peg.727,0.8990318655967713,0.0027748681478214528,High,Very Low,Very Low–High,,,0,no STRING match,no STRING match,1754,2285,1,1
3776,fig|6666666.1036479.peg.728,fig|6666666.1036479.peg.2348,0.8990237295627594,0.0027756032122314717,Medium,High,Medium–High,,,0,no STRING match,no STRING match,2286,2991,1,1
3777,fig|6666666.1036479.peg.3187,fig|6666666.1036479.peg.3222,0.8990234017372132,0.0027763382766414907,Very Low,Medium,Very Low–Medium,Hypothetical protein.,,0,secondary STRING hit (STRING protein assigned to a better match),no STRING match,1950,1972,1,2
3778,fig|6666666.1036479.peg.3187,fig|6666666.1036479.peg.138,0.8990234017372132,0.0027770733410515096,Very Low,Medium,Very Low–Medium,Hypothetical protein.,,0,secondary STRING hit (STRING protein assigned to a better match),no STRING match,1950,1972,1,2
3779,fig|6666666.1036479.peg.856,fig|6666666.1036479.peg.2240,0.8990178644657135,0.0027778084054615286,Low,Medium,Low–Medium,,,0,no STRING match,no STRING match,2340,2943,1,1
3780,fig|6666666.1036479.peg.727,fig|6666666.1036479.peg.1739,0.899014163017273,0.0027785434698715476,Very Low,Very Low,Very Low–Very Low,,,0,no STRING match,no STRING match,2285,2731,1,1
3781,fig|6666666.1036479.peg.689,fig|6666666.1036479.peg.2348,0.8989971101284027,0.0027792785342815665,High,High,High–High,,,0,no STRING match,no STRING match,2261,2991,1,1
3782,fig|6666666.1036479.peg.364,fig|6666666.1036479.peg.689,0.8989914238452912,0.0027800135986915855,Low,High,Low–High,,,0,no STRING match,no STRING match,2137,2261,1,1
3783,fig|6666666.1036479.peg.36,fig|6666666.1036479.peg.887,0.8989877998828888,0.0027807486631016044,Medium,Medium,Medium–Medium,,,0,no STRING match,no STRING match,2023,2362,2,1
3784,fig|6666666.1036479.peg.184,fig|6666666.1036479.peg.887,0.8989877998828888,0.0027814837275116234,Medium,Medium,Medium–Medium,,,0,no STRING match,no STRING match,2023,2362,2,1
3785,fig|6666666.1036479.peg.1134,fig|6666666.1036479.peg.1152,0.8989874660968781,0.0027822187919216423,Very Low,Very Low,Very Low–Very Low,,,0,no STRING match,no STRING match,2461,2477,1,1
3786,fig|6666666.1036479.peg.702,fig|6666666.1036479.peg.1195,0.8989743769168854,0.002782953856331661,Medium,Medium,Medium–Medium,,,0,no STRING match,no STRING match,2266,2492,1,1
3787,fig|6666666.1036479.peg.2691,fig|6666666.1036479.peg.1273,0.8989697098731995,0.00278368892074168,Very Low,Very Low,Very Low–Very Low,,,0,no STRING match,no STRING match,1711,2524,1,1
3788,fig|6666666.1036479.peg.236,fig|6666666.1036479.peg.728,0.8989620268344879,0.0027844239851516988,Very Low,Medium,Very Low–Medium,,,0,no STRING match,no STRING match,2086,2286,1,1
3789,fig|6666666.1036479.peg.3198,fig|6666666.1036479.peg.866,0.8989562094211578,0.0027851590495617177,Very Low,High,Very Low–High,,,0,no STRING match,no STRING match,1960,2345,1,1
3790,fig|6666666.1036479.peg.2506,fig|6666666.1036479.peg.453,0.8989471912384033,0.0027858941139717367,Very Low,Very Low,Very Low–Very Low,,,0,no STRING match,no STRING match,1613,2166,6,1
3791,fig|6666666.1036479.peg.2516,fig|6666666.1036479.peg.453,0.8989471912384033,0.0027866291783817556,Very Low,Very Low,Very Low–Very Low,,,0,no STRING match,no STRING match,1613,2166,6,1
3792,fig|6666666.1036479.peg.2522,fig|6666666.1036479.peg.453,0.8989471912384033,0.0027873642427917746,Very Low,Very Low,Very Low–Very Low,,,0,no STRING match,no STRING match,1613,2166,6,1
3793,fig|6666666.1036479.peg.453,fig|6666666.1036479.peg.974,0.8989471912384033,0.0027880993072017936,Very Low,Very Low,Very Low–Very Low,,,0,no STRING match,no STRING match,2166,1613,1,6
3794,fig|6666666.1036479.peg.453,fig|6666666.1036479.peg.979,0.8989471912384033,0.0027888343716118125,Very Low,Very Low,Very Low–Very Low,,,0,no STRING match,no STRING match,2166,1613,1,6
3795,fig|6666666.1036479.peg.453,fig|6666666.1036479.peg.2491,0.8989471912384033,0.0027895694360218315,Very Low,Very Low,Very Low–Very Low,,,0,no STRING match,no STRING match,2166,1613,1,6
3796,fig|6666666.1036479.peg.1671,fig|6666666.1036479.peg.1983,0.8989467918872833,0.0027903045004318504,High,Very Low,Very Low–High,,,0,no STRING match,no STRING match,2712,2834,1,1
3797,fig|6666666.1036479.peg.1693,fig|6666666.1036479.peg.2386,0.8989306151866913,0.0027910395648418694,Medium,Medium,Medium–Medium,,,0,no STRING match,no STRING match,2718,3000,1,1
3798,fig|6666666.1036479.peg.885,fig|6666666.1036479.peg.942,0.8989277482032776,0.0027917746292518883,Medium,Very Low,Very Low–Medium,,,0,no STRING match,no STRING match,2360,2389,1,1
3799,fig|6666666.1036479.peg.726,fig|6666666.1036479.peg.1195,0.8989274740219116,0.0027925096936619073,Very Low,Medium,Very Low–Medium,,,0,no STRING match,no STRING match,2284,2492,1,1
3800,fig|6666666.1036479.peg.2536,fig|6666666.1036479.peg.2071,0.8989169895648956,0.0027932447580719263,Very Low,Medium,Very Low–Medium,,,0,no STRING match,no STRING match,1629,2862,1,1
3801,fig|6666666.1036479.peg.36,fig|6666666.1036479.peg.2348,0.8989130198955536,0.002793979822481945,Medium,High,Medium–High,,,0,no STRING match,no STRING match,2023,2991,2,1
3802,fig|6666666.1036479.peg.184,fig|6666666.1036479.peg.2348,0.8989130198955536,0.0027947148868919637,Medium,High,Medium–High,,,0,no STRING match,no STRING match,2023,2991,2,1
3803,fig|6666666.1036479.peg.1074,fig|6666666.1036479.peg.1671,0.898908793926239,0.0027954499513019827,High,High,High–High,,,0,no STRING match,no STRING match,2418,2712,1,1
3804,fig|6666666.1036479.peg.1953,fig|6666666.1036479.peg.2071,0.8989055991172791,0.0027961850157120017,Low,Medium,Low–Medium,,,0,no STRING match,no STRING match,2814,2862,1,1
3805,fig|6666666.1036479.peg.3168,fig|6666666.1036479.peg.1145,0.8988998532295227,0.0027969200801220206,Very Low,Very Low,Very Low–Very Low,,,0,no STRING match,no STRING match,1937,2471,1,1
3806,fig|6666666.1036479.peg.684,fig|6666666.1036479.peg.1519,0.898896211385727,0.0027976551445320396,High,High,High–High,,,0,no STRING match,no STRING match,2258,2632,1,1
3807,fig|6666666.1036479.peg.874,fig|6666666.1036479.peg.1566,0.8988942623138427,0.0027983902089420585,Medium,High,Medium–High,,,0,no STRING match,no STRING match,2351,2659,1,1
3808,fig|6666666.1036479.peg.856,fig|6666666.1036479.peg.1363,0.8988841712474823,0.0027991252733520775,Low,Low,Low–Low,,,0,no STRING match,no STRING match,2340,2571,1,1
3809,fig|6666666.1036479.peg.2690,fig|6666666.1036479.peg.3166,0.8988754332065583,0.0027998603377620964,Medium,Very Low,Very Low–Medium,,,0,no STRING match,no STRING match,1710,1935,1,1
3810,fig|6666666.1036479.peg.475,fig|6666666.1036479.peg.1771,0.8988730370998382,0.0028005954021721154,Low,Medium,Low–Medium,,,0,no STRING match,no STRING match,2175,2743,1,1
3811,fig|6666666.1036479.peg.536,fig|6666666.1036479.peg.2093,0.8988699197769165,0.0028013304665821344,Medium,Medium,Medium–Medium,,,0,no STRING match,no STRING match,2193,2872,1,1
3812,fig|6666666.1036479.peg.3188,fig|6666666.1036479.peg.458,0.8988488852977753,0.0028020655309921533,Medium,Low,Low–Medium,,,0,no STRING match,no STRING match,1951,2168,1,1
3813,fig|6666666.1036479.peg.819,fig|6666666.1036479.peg.934,0.8988424122333527,0.0028028005954021723,Very Low,Low,Very Low–Low,,,0,no STRING match,no STRING match,2330,2385,1,1
3814,fig|6666666.1036479.peg.475,fig|6666666.1036479.peg.1968,0.8988234400749207,0.0028035356598121912,Low,Very Low,Very Low–Low,,,0,no STRING match,no STRING match,2175,2827,1,1
3815,fig|6666666.1036479.peg.793,fig|6666666.1036479.peg.2386,0.8988117456436158,0.00280427072422221,Medium,Medium,Medium–Medium,,,0,no STRING match,no STRING match,2320,3000,1,1
3816,fig|6666666.1036479.peg.573,fig|6666666.1036479.peg.2348,0.8988100707530975,0.0028050057886322287,Very Low,High,Very Low–High,Hypothetical protein.,,0,secondary STRING hit (STRING protein assigned to a better match),no STRING match,2210,2991,1,1
3817,fig|6666666.1036479.peg.2848,fig|6666666.1036479.peg.36,0.8987972736358643,0.0028057408530422477,Very Low,Medium,Very Low–Medium,,,0,no STRING match,no STRING match,1786,2023,1,2
3818,fig|6666666.1036479.peg.2848,fig|6666666.1036479.peg.184,0.8987972736358643,0.0028064759174522666,Very Low,Medium,Very Low–Medium,,,0,no STRING match,no STRING match,1786,2023,1,2
3819,fig|6666666.1036479.peg.2929,fig|6666666.1036479.peg.649,0.898792439699173,0.0028072109818622856,Very Low,Medium,Very Low–Medium,Hypothetical protein.,,0,secondary STRING hit (STRING protein assigned to a better match),no STRING match,1831,2246,1,1
3820,fig|6666666.1036479.peg.2600,fig|6666666.1036479.peg.253,0.8987851023674012,0.0028079460462723045,Very Low,Low,Very Low–Low,,Hypothetical protein.,0,no STRING match,secondary STRING hit (STRING protein assigned to a better match),1667,2096,1,1
3821,fig|6666666.1036479.peg.36,fig|6666666.1036479.peg.2364,0.8987796366214752,0.0028086811106823235,Medium,Medium,Medium–Medium,,,0,no STRING match,no STRING match,2023,2994,2,1
3822,fig|6666666.1036479.peg.184,fig|6666666.1036479.peg.2364,0.8987796366214752,0.0028094161750923424,Medium,Medium,Medium–Medium,,,0,no STRING match,no STRING match,2023,2994,2,1
3823,fig|6666666.1036479.peg.1160,fig|6666666.1036479.peg.2414,0.8987785160541535,0.0028101512395023614,Very Low,Very Low,Very Low–Very Low,,,0,no STRING match,no STRING match,2481,3014,1,1
3824,fig|6666666.1036479.peg.881,fig|6666666.1036479.peg.1739,0.8987771332263946,0.0028108863039123804,High,Very Low,Very Low–High,,,0,no STRING match,no STRING match,2356,2731,1,1
3825,fig|6666666.1036479.peg.3020,fig|6666666.1036479.peg.3222,0.8987612962722779,0.0028116213683223993,Low,Medium,Low–Medium,,,0,no STRING match,no STRING match,1878,1972,1,2
3826,fig|6666666.1036479.peg.3020,fig|6666666.1036479.peg.138,0.8987612962722779,0.0028123564327324183,Low,Medium,Low–Medium,,,0,no STRING match,no STRING match,1878,1972,1,2
3827,fig|6666666.1036479.peg.89,fig|6666666.1036479.peg.370,0.8987527787685394,0.0028130914971424372,Very Low,High,Very Low–High,,,0,no STRING match,no STRING match,2052,2139,1,1
3828,fig|6666666.1036479.peg.1946,fig|6666666.1036479.peg.2114,0.8987493515014648,0.002813826561552456,Medium,Very Low,Very Low–Medium,,"COG1629 Outer membrane receptor proteins, mostly Fe transport.",0,no STRING match,secondary STRING hit (STRING protein assigned to a better match),2808,2884,1,1
3829,fig|6666666.1036479.peg.2545,fig|6666666.1036479.peg.1901,0.8987353503704071,0.002814561625962475,Very Low,Very Low,Very Low–Very Low,,,0,no STRING match,no STRING match,1638,2787,7,1
3830,fig|6666666.1036479.peg.2567,fig|6666666.1036479.peg.1901,0.8987353503704071,0.002815296690372494,Very Low,Very Low,Very Low–Very Low,,,0,no STRING match,no STRING match,1638,2787,7,1
3831,fig|6666666.1036479.peg.1573,fig|6666666.1036479.peg.1901,0.8987353503704071,0.0028160317547825126,Very Low,Very Low,Very Low–Very Low,,,0,no STRING match,no STRING match,1638,2787,7,1
3832,fig|6666666.1036479.peg.1586,fig|6666666.1036479.peg.1901,0.8987353503704071,0.0028167668191925316,Very Low,Very Low,Very Low–Very Low,,,0,no STRING match,no STRING match,1638,2787,7,1
3833,fig|6666666.1036479.peg.1597,fig|6666666.1036479.peg.1901,0.8987353503704071,0.0028175018836025505,Very Low,Very Low,Very Low–Very Low,,,0,no STRING match,no STRING match,1638,2787,7,1
3834,fig|6666666.1036479.peg.1619,fig|6666666.1036479.peg.1901,0.8987353503704071,0.0028182369480125695,Very Low,Very Low,Very Low–Very Low,,,0,no STRING match,no STRING match,1638,2787,7,1
3835,fig|6666666.1036479.peg.1643,fig|6666666.1036479.peg.1901,0.8987353503704071,0.0028189720124225884,Very Low,Very Low,Very Low–Very Low,,,0,no STRING match,no STRING match,1638,2787,7,1
3836,fig|6666666.1036479.peg.3184,fig|6666666.1036479.peg.889,0.8987160921096802,0.0028197070768326074,Very Low,Low,Very Low–Low,,,0,no STRING match,no STRING match,1947,2364,1,1
3837,fig|6666666.1036479.peg.1693,fig|6666666.1036479.peg.1961,0.8987054169178009,0.0028204421412426264,Medium,Medium,Medium–Medium,,,0,no STRING match,no STRING match,2718,2822,1,1
3838,fig|6666666.1036479.peg.2506,fig|6666666.1036479.peg.3078,0.8986998081207276,0.0028211772056526453,Very Low,Medium,Very Low–Medium,,,0,no STRING match,no STRING match,1613,1901,6,1
3839,fig|6666666.1036479.peg.2516,fig|6666666.1036479.peg.3078,0.8986998081207276,0.0028219122700626643,Very Low,Medium,Very Low–Medium,,,0,no STRING match,no STRING match,1613,1901,6,1
3840,fig|6666666.1036479.peg.2522,fig|6666666.1036479.peg.3078,0.8986998081207276,0.0028226473344726832,Very Low,Medium,Very Low–Medium,,,0,no STRING match,no STRING match,1613,1901,6,1
3841,fig|6666666.1036479.peg.3078,fig|6666666.1036479.peg.974,0.8986998081207276,0.002823382398882702,Medium,Very Low,Very Low–Medium,,,0,no STRING match,no STRING match,1901,1613,1,6
3842,fig|6666666.1036479.peg.3078,fig|6666666.1036479.peg.979,0.8986998081207276,0.002824117463292721,Medium,Very Low,Very Low–Medium,,,0,no STRING match,no STRING match,1901,1613,1,6
3843,fig|6666666.1036479.peg.3078,fig|6666666.1036479.peg.2491,0.8986998081207276,0.00282485252770274,Medium,Very Low,Very Low–Medium,,,0,no STRING match,no STRING match,1901,1613,1,6
3844,fig|6666666.1036479.peg.2788,fig|6666666.1036479.peg.1195,0.8986953675746918,0.002825587592112759,Medium,Medium,Medium–Medium,,,0,no STRING match,no STRING match,1752,2492,1,1
3845,fig|6666666.1036479.peg.1945,fig|6666666.1036479.peg.2071,0.8986921429634094,0.002826322656522778,Very Low,Medium,Very Low–Medium,,,0,no STRING match,no STRING match,2807,2862,1,1
3846,fig|6666666.1036479.peg.370,fig|6666666.1036479.peg.1547,0.8986902058124542,0.0028270577209327965,High,High,High–High,,,0,no STRING match,no STRING match,2139,2647,1,1
3847,fig|6666666.1036479.peg.704,fig|6666666.1036479.peg.1074,0.8986692368984223,0.0028277927853428155,Low,High,Low–High,,,0,no STRING match,no STRING match,2268,2418,1,1
3848,fig|6666666.1036479.peg.942,fig|6666666.1036479.peg.2383,0.8986478090286255,0.0028285278497528345,Very Low,Very Low,Very Low–Very Low,,Hypothetical protein.,0,no STRING match,secondary STRING hit (STRING protein assigned to a better match),2389,2997,1,1
3849,fig|6666666.1036479.peg.2506,fig|6666666.1036479.peg.2509,0.8986348927021026,0.0028292629141628534,Very Low,Very Low,Very Low–Very Low,,,0,no STRING match,no STRING match,1613,1616,6,15
3850,fig|6666666.1036479.peg.2506,fig|6666666.1036479.peg.2513,0.8986348927021026,0.0028299979785728724,Very Low,Very Low,Very Low–Very Low,,,0,no STRING match,no STRING match,1613,1616,6,15
3851,fig|6666666.1036479.peg.2506,fig|6666666.1036479.peg.2519,0.8986348927021026,0.0028307330429828913,Very Low,Very Low,Very Low–Very Low,,,0,no STRING match,no STRING match,1613,1616,6,15
3852,fig|6666666.1036479.peg.2506,fig|6666666.1036479.peg.2526,0.8986348927021026,0.0028314681073929103,Very Low,Very Low,Very Low–Very Low,,,0,no STRING match,no STRING match,1613,1616,6,15
3853,fig|6666666.1036479.peg.2506,fig|6666666.1036479.peg.2530,0.8986348927021026,0.0028322031718029292,Very Low,Very Low,Very Low–Very Low,,,0,no STRING match,no STRING match,1613,1616,6,15
3854,fig|6666666.1036479.peg.2506,fig|6666666.1036479.peg.2534,0.8986348927021026,0.002832938236212948,Very Low,Very Low,Very Low–Very Low,,,0,no STRING match,no STRING match,1613,1616,6,15
3855,fig|6666666.1036479.peg.2506,fig|6666666.1036479.peg.3173,0.8986348927021026,0.002833673300622967,Very Low,Very Low,Very Low–Very Low,,,0,no STRING match,no STRING match,1613,1616,6,15
3856,fig|6666666.1036479.peg.2506,fig|6666666.1036479.peg.971,0.8986348927021026,0.002834408365032986,Very Low,Very Low,Very Low–Very Low,,,0,no STRING match,no STRING match,1613,1616,6,15
3857,fig|6666666.1036479.peg.2506,fig|6666666.1036479.peg.976,0.8986348927021026,0.002835143429443005,Very Low,Very Low,Very Low–Very Low,,,0,no STRING match,no STRING match,1613,1616,6,15
3858,fig|6666666.1036479.peg.2506,fig|6666666.1036479.peg.981,0.8986348927021026,0.002835878493853024,Very Low,Very Low,Very Low–Very Low,,,0,no STRING match,no STRING match,1613,1616,6,15
3859,fig|6666666.1036479.peg.2506,fig|6666666.1036479.peg.985,0.8986348927021026,0.002836613558263043,Very Low,Very Low,Very Low–Very Low,,,0,no STRING match,no STRING match,1613,1616,6,15
3860,fig|6666666.1036479.peg.2506,fig|6666666.1036479.peg.989,0.8986348927021026,0.002837348622673062,Very Low,Very Low,Very Low–Very Low,,,0,no STRING match,no STRING match,1613,1616,6,15
3861,fig|6666666.1036479.peg.2506,fig|6666666.1036479.peg.2489,0.8986348927021026,0.0028380836870830805,Very Low,Very Low,Very Low–Very Low,,,0,no STRING match,no STRING match,1613,1616,6,15
3862,fig|6666666.1036479.peg.2506,fig|6666666.1036479.peg.2494,0.8986348927021026,0.0028388187514930994,Very Low,Very Low,Very Low–Very Low,,,0,no STRING match,no STRING match,1613,1616,6,15
3863,fig|6666666.1036479.peg.2506,fig|6666666.1036479.peg.2498,0.8986348927021026,0.0028395538159031184,Very Low,Very Low,Very Low–Very Low,,,0,no STRING match,no STRING match,1613,1616,6,15
3864,fig|6666666.1036479.peg.2509,fig|6666666.1036479.peg.2516,0.8986348927021026,0.0028402888803131373,Very Low,Very Low,Very Low–Very Low,,,0,no STRING match,no STRING match,1616,1613,15,6
3865,fig|6666666.1036479.peg.2509,fig|6666666.1036479.peg.2522,0.8986348927021026,0.0028410239447231563,Very Low,Very Low,Very Low–Very Low,,,0,no STRING match,no STRING match,1616,1613,15,6
3866,fig|6666666.1036479.peg.2509,fig|6666666.1036479.peg.974,0.8986348927021026,0.0028417590091331752,Very Low,Very Low,Very Low–Very Low,,,0,no STRING match,no STRING match,1616,1613,15,6
3867,fig|6666666.1036479.peg.2509,fig|6666666.1036479.peg.979,0.8986348927021026,0.002842494073543194,Very Low,Very Low,Very Low–Very Low,,,0,no STRING match,no STRING match,1616,1613,15,6
3868,fig|6666666.1036479.peg.2509,fig|6666666.1036479.peg.2491,0.8986348927021026,0.002843229137953213,Very Low,Very Low,Very Low–Very Low,,,0,no STRING match,no STRING match,1616,1613,15,6
3869,fig|6666666.1036479.peg.2513,fig|6666666.1036479.peg.2516,0.8986348927021026,0.002843964202363232,Very Low,Very Low,Very Low–Very Low,,,0,no STRING match,no STRING match,1616,1613,15,6
3870,fig|6666666.1036479.peg.2513,fig|6666666.1036479.peg.2522,0.8986348927021026,0.002844699266773251,Very Low,Very Low,Very Low–Very Low,,,0,no STRING match,no STRING match,1616,1613,15,6
3871,fig|6666666.1036479.peg.2513,fig|6666666.1036479.peg.974,0.8986348927021026,0.00284543433118327,Very Low,Very Low,Very Low–Very Low,,,0,no STRING match,no STRING match,1616,1613,15,6
3872,fig|6666666.1036479.peg.2513,fig|6666666.1036479.peg.979,0.8986348927021026,0.002846169395593289,Very Low,Very Low,Very Low–Very Low,,,0,no STRING match,no STRING match,1616,1613,15,6
3873,fig|6666666.1036479.peg.2513,fig|6666666.1036479.peg.2491,0.8986348927021026,0.002846904460003308,Very Low,Very Low,Very Low–Very Low,,,0,no STRING match,no STRING match,1616,1613,15,6
3874,fig|6666666.1036479.peg.2516,fig|6666666.1036479.peg.2519,0.8986348927021026,0.002847639524413327,Very Low,Very Low,Very Low–Very Low,,,0,no STRING match,no STRING match,1613,1616,6,15
3875,fig|6666666.1036479.peg.2516,fig|6666666.1036479.peg.2526,0.8986348927021026,0.002848374588823346,Very Low,Very Low,Very Low–Very Low,,,0,no STRING match,no STRING match,1613,1616,6,15
3876,fig|6666666.1036479.peg.2516,fig|6666666.1036479.peg.2530,0.8986348927021026,0.0028491096532333644,Very Low,Very Low,Very Low–Very Low,,,0,no STRING match,no STRING match,1613,1616,6,15
3877,fig|6666666.1036479.peg.2516,fig|6666666.1036479.peg.2534,0.8986348927021026,0.0028498447176433833,Very Low,Very Low,Very Low–Very Low,,,0,no STRING match,no STRING match,1613,1616,6,15
3878,fig|6666666.1036479.peg.2516,fig|6666666.1036479.peg.3173,0.8986348927021026,0.0028505797820534023,Very Low,Very Low,Very Low–Very Low,,,0,no STRING match,no STRING match,1613,1616,6,15
3879,fig|6666666.1036479.peg.2516,fig|6666666.1036479.peg.971,0.8986348927021026,0.0028513148464634212,Very Low,Very Low,Very Low–Very Low,,,0,no STRING match,no STRING match,1613,1616,6,15
3880,fig|6666666.1036479.peg.2516,fig|6666666.1036479.peg.976,0.8986348927021026,0.00285204991087344,Very Low,Very Low,Very Low–Very Low,,,0,no STRING match,no STRING match,1613,1616,6,15
3881,fig|6666666.1036479.peg.2516,fig|6666666.1036479.peg.981,0.8986348927021026,0.002852784975283459,Very Low,Very Low,Very Low–Very Low,,,0,no STRING match,no STRING match,1613,1616,6,15
3882,fig|6666666.1036479.peg.2516,fig|6666666.1036479.peg.985,0.8986348927021026,0.002853520039693478,Very Low,Very Low,Very Low–Very Low,,,0,no STRING match,no STRING match,1613,1616,6,15
3883,fig|6666666.1036479.peg.2516,fig|6666666.1036479.peg.989,0.8986348927021026,0.002854255104103497,Very Low,Very Low,Very Low–Very Low,,,0,no STRING match,no STRING match,1613,1616,6,15
3884,fig|6666666.1036479.peg.2516,fig|6666666.1036479.peg.2489,0.8986348927021026,0.002854990168513516,Very Low,Very Low,Very Low–Very Low,,,0,no STRING match,no STRING match,1613,1616,6,15
3885,fig|6666666.1036479.peg.2516,fig|6666666.1036479.peg.2494,0.8986348927021026,0.002855725232923535,Very Low,Very Low,Very Low–Very Low,,,0,no STRING match,no STRING match,1613,1616,6,15
3886,fig|6666666.1036479.peg.2516,fig|6666666.1036479.peg.2498,0.8986348927021026,0.002856460297333554,Very Low,Very Low,Very Low–Very Low,,,0,no STRING match,no STRING match,1613,1616,6,15
3887,fig|6666666.1036479.peg.2519,fig|6666666.1036479.peg.2522,0.8986348927021026,0.002857195361743573,Very Low,Very Low,Very Low–Very Low,,,0,no STRING match,no STRING match,1616,1613,15,6
3888,fig|6666666.1036479.peg.2519,fig|6666666.1036479.peg.974,0.8986348927021026,0.002857930426153592,Very Low,Very Low,Very Low–Very Low,,,0,no STRING match,no STRING match,1616,1613,15,6
3889,fig|6666666.1036479.peg.2519,fig|6666666.1036479.peg.979,0.8986348927021026,0.002858665490563611,Very Low,Very Low,Very Low–Very Low,,,0,no STRING match,no STRING match,1616,1613,15,6
3890,fig|6666666.1036479.peg.2519,fig|6666666.1036479.peg.2491,0.8986348927021026,0.0028594005549736298,Very Low,Very Low,Very Low–Very Low,,,0,no STRING match,no STRING match,1616,1613,15,6
3891,fig|6666666.1036479.peg.2522,fig|6666666.1036479.peg.2526,0.8986348927021026,0.0028601356193836483,Very Low,Very Low,Very Low–Very Low,,,0,no STRING match,no STRING match,1613,1616,6,15
3892,fig|6666666.1036479.peg.2522,fig|6666666.1036479.peg.2530,0.8986348927021026,0.0028608706837936673,Very Low,Very Low,Very Low–Very Low,,,0,no STRING match,no STRING match,1613,1616,6,15
3893,fig|6666666.1036479.peg.2522,fig|6666666.1036479.peg.2534,0.8986348927021026,0.002861605748203686,Very Low,Very Low,Very Low–Very Low,,,0,no STRING match,no STRING match,1613,1616,6,15
3894,fig|6666666.1036479.peg.2522,fig|6666666.1036479.peg.3173,0.8986348927021026,0.002862340812613705,Very Low,Very Low,Very Low–Very Low,,,0,no STRING match,no STRING match,1613,1616,6,15
3895,fig|6666666.1036479.peg.2522,fig|6666666.1036479.peg.971,0.8986348927021026,0.002863075877023724,Very Low,Very Low,Very Low–Very Low,,,0,no STRING match,no STRING match,1613,1616,6,15
3896,fig|6666666.1036479.peg.2522,fig|6666666.1036479.peg.976,0.8986348927021026,0.002863810941433743,Very Low,Very Low,Very Low–Very Low,,,0,no STRING match,no STRING match,1613,1616,6,15
3897,fig|6666666.1036479.peg.2522,fig|6666666.1036479.peg.981,0.8986348927021026,0.002864546005843762,Very Low,Very Low,Very Low–Very Low,,,0,no STRING match,no STRING match,1613,1616,6,15
3898,fig|6666666.1036479.peg.2522,fig|6666666.1036479.peg.985,0.8986348927021026,0.002865281070253781,Very Low,Very Low,Very Low–Very Low,,,0,no STRING match,no STRING match,1613,1616,6,15
3899,fig|6666666.1036479.peg.2522,fig|6666666.1036479.peg.989,0.8986348927021026,0.0028660161346638,Very Low,Very Low,Very Low–Very Low,,,0,no STRING match,no STRING match,1613,1616,6,15
3900,fig|6666666.1036479.peg.2522,fig|6666666.1036479.peg.2489,0.8986348927021026,0.002866751199073819,Very Low,Very Low,Very Low–Very Low,,,0,no STRING match,no STRING match,1613,1616,6,15
3901,fig|6666666.1036479.peg.2522,fig|6666666.1036479.peg.2494,0.8986348927021026,0.002867486263483838,Very Low,Very Low,Very Low–Very Low,,,0,no STRING match,no STRING match,1613,1616,6,15
3902,fig|6666666.1036479.peg.2522,fig|6666666.1036479.peg.2498,0.8986348927021026,0.002868221327893857,Very Low,Very Low,Very Low–Very Low,,,0,no STRING match,no STRING match,1613,1616,6,15
3903,fig|6666666.1036479.peg.2526,fig|6666666.1036479.peg.974,0.8986348927021026,0.0028689563923038758,Very Low,Very Low,Very Low–Very Low,,,0,no STRING match,no STRING match,1616,1613,15,6
3904,fig|6666666.1036479.peg.2526,fig|6666666.1036479.peg.979,0.8986348927021026,0.0028696914567138947,Very Low,Very Low,Very Low–Very Low,,,0,no STRING match,no STRING match,1616,1613,15,6
3905,fig|6666666.1036479.peg.2526,fig|6666666.1036479.peg.2491,0.8986348927021026,0.0028704265211239137,Very Low,Very Low,Very Low–Very Low,,,0,no STRING match,no STRING match,1616,1613,15,6
3906,fig|6666666.1036479.peg.2530,fig|6666666.1036479.peg.974,0.8986348927021026,0.002871161585533932,Very Low,Very Low,Very Low–Very Low,,,0,no STRING match,no STRING match,1616,1613,15,6
3907,fig|6666666.1036479.peg.2530,fig|6666666.1036479.peg.979,0.8986348927021026,0.002871896649943951,Very Low,Very Low,Very Low–Very Low,,,0,no STRING match,no STRING match,1616,1613,15,6
3908,fig|6666666.1036479.peg.2530,fig|6666666.1036479.peg.2491,0.8986348927021026,0.00287263171435397,Very Low,Very Low,Very Low–Very Low,,,0,no STRING match,no STRING match,1616,1613,15,6
3909,fig|6666666.1036479.peg.2534,fig|6666666.1036479.peg.974,0.8986348927021026,0.002873366778763989,Very Low,Very Low,Very Low–Very Low,,,0,no STRING match,no STRING match,1616,1613,15,6
3910,fig|6666666.1036479.peg.2534,fig|6666666.1036479.peg.979,0.8986348927021026,0.002874101843174008,Very Low,Very Low,Very Low–Very Low,,,0,no STRING match,no STRING match,1616,1613,15,6
3911,fig|6666666.1036479.peg.2534,fig|6666666.1036479.peg.2491,0.8986348927021026,0.002874836907584027,Very Low,Very Low,Very Low–Very Low,,,0,no STRING match,no STRING match,1616,1613,15,6
3912,fig|6666666.1036479.peg.3173,fig|6666666.1036479.peg.974,0.8986348927021026,0.002875571971994046,Very Low,Very Low,Very Low–Very Low,,,0,no STRING match,no STRING match,1616,1613,15,6
3913,fig|6666666.1036479.peg.3173,fig|6666666.1036479.peg.979,0.8986348927021026,0.002876307036404065,Very Low,Very Low,Very Low–Very Low,,,0,no STRING match,no STRING match,1616,1613,15,6
3914,fig|6666666.1036479.peg.3173,fig|6666666.1036479.peg.2491,0.8986348927021026,0.002877042100814084,Very Low,Very Low,Very Low–Very Low,,,0,no STRING match,no STRING match,1616,1613,15,6
3915,fig|6666666.1036479.peg.971,fig|6666666.1036479.peg.974,0.8986348927021026,0.002877777165224103,Very Low,Very Low,Very Low–Very Low,,,0,no STRING match,no STRING match,1616,1613,15,6
3916,fig|6666666.1036479.peg.971,fig|6666666.1036479.peg.979,0.8986348927021026,0.002878512229634122,Very Low,Very Low,Very Low–Very Low,,,0,no STRING match,no STRING match,1616,1613,15,6
3917,fig|6666666.1036479.peg.971,fig|6666666.1036479.peg.2491,0.8986348927021026,0.0028792472940441407,Very Low,Very Low,Very Low–Very Low,,,0,no STRING match,no STRING match,1616,1613,15,6
3918,fig|6666666.1036479.peg.974,fig|6666666.1036479.peg.976,0.8986348927021026,0.0028799823584541597,Very Low,Very Low,Very Low–Very Low,,,0,no STRING match,no STRING match,1613,1616,6,15
3919,fig|6666666.1036479.peg.974,fig|6666666.1036479.peg.981,0.8986348927021026,0.0028807174228641787,Very Low,Very Low,Very Low–Very Low,,,0,no STRING match,no STRING match,1613,1616,6,15
3920,fig|6666666.1036479.peg.974,fig|6666666.1036479.peg.985,0.8986348927021026,0.0028814524872741976,Very Low,Very Low,Very Low–Very Low,,,0,no STRING match,no STRING match,1613,1616,6,15
3921,fig|6666666.1036479.peg.974,fig|6666666.1036479.peg.989,0.8986348927021026,0.002882187551684216,Very Low,Very Low,Very Low–Very Low,,,0,no STRING match,no STRING match,1613,1616,6,15
3922,fig|6666666.1036479.peg.974,fig|6666666.1036479.peg.2489,0.8986348927021026,0.002882922616094235,Very Low,Very Low,Very Low–Very Low,,,0,no STRING match,no STRING match,1613,1616,6,15
3923,fig|6666666.1036479.peg.974,fig|6666666.1036479.peg.2494,0.8986348927021026,0.002883657680504254,Very Low,Very Low,Very Low–Very Low,,,0,no STRING match,no STRING match,1613,1616,6,15
3924,fig|6666666.1036479.peg.974,fig|6666666.1036479.peg.2498,0.8986348927021026,0.002884392744914273,Very Low,Very Low,Very Low–Very Low,,,0,no STRING match,no STRING match,1613,1616,6,15
3925,fig|6666666.1036479.peg.976,fig|6666666.1036479.peg.979,0.8986348927021026,0.002885127809324292,Very Low,Very Low,Very Low–Very Low,,,0,no STRING match,no STRING match,1616,1613,15,6
3926,fig|6666666.1036479.peg.976,fig|6666666.1036479.peg.2491,0.8986348927021026,0.002885862873734311,Very Low,Very Low,Very Low–Very Low,,,0,no STRING match,no STRING match,1616,1613,15,6
3927,fig|6666666.1036479.peg.979,fig|6666666.1036479.peg.981,0.8986348927021026,0.00288659793814433,Very Low,Very Low,Very Low–Very Low,,,0,no STRING match,no STRING match,1613,1616,6,15
3928,fig|6666666.1036479.peg.979,fig|6666666.1036479.peg.985,0.8986348927021026,0.002887333002554349,Very Low,Very Low,Very Low–Very Low,,,0,no STRING match,no STRING match,1613,1616,6,15
3929,fig|6666666.1036479.peg.979,fig|6666666.1036479.peg.989,0.8986348927021026,0.002888068066964368,Very Low,Very Low,Very Low–Very Low,,,0,no STRING match,no STRING match,1613,1616,6,15
3930,fig|6666666.1036479.peg.979,fig|6666666.1036479.peg.2489,0.8986348927021026,0.0028888031313743867,Very Low,Very Low,Very Low–Very Low,,,0,no STRING match,no STRING match,1613,1616,6,15
3931,fig|6666666.1036479.peg.979,fig|6666666.1036479.peg.2494,0.8986348927021026,0.0028895381957844057,Very Low,Very Low,Very Low–Very Low,,,0,no STRING match,no STRING match,1613,1616,6,15
3932,fig|6666666.1036479.peg.979,fig|6666666.1036479.peg.2498,0.8986348927021026,0.0028902732601944247,Very Low,Very Low,Very Low–Very Low,,,0,no STRING match,no STRING match,1613,1616,6,15
3933,fig|6666666.1036479.peg.981,fig|6666666.1036479.peg.2491,0.8986348927021026,0.0028910083246044436,Very Low,Very Low,Very Low–Very Low,,,0,no STRING match,no STRING match,1616,1613,15,6
3934,fig|6666666.1036479.peg.985,fig|6666666.1036479.peg.2491,0.8986348927021026,0.0028917433890144626,Very Low,Very Low,Very Low–Very Low,,,0,no STRING match,no STRING match,1616,1613,15,6
3935,fig|6666666.1036479.peg.989,fig|6666666.1036479.peg.2491,0.8986348927021026,0.0028924784534244815,Very Low,Very Low,Very Low–Very Low,,,0,no STRING match,no STRING match,1616,1613,15,6
3936,fig|6666666.1036479.peg.2489,fig|6666666.1036479.peg.2491,0.8986348927021026,0.0028932135178345,Very Low,Very Low,Very Low–Very Low,,,0,no STRING match,no STRING match,1616,1613,15,6
3937,fig|6666666.1036479.peg.2491,fig|6666666.1036479.peg.2494,0.8986348927021026,0.002893948582244519,Very Low,Very Low,Very Low–Very Low,,,0,no STRING match,no STRING match,1613,1616,6,15
3938,fig|6666666.1036479.peg.2491,fig|6666666.1036479.peg.2498,0.8986348927021026,0.002894683646654538,Very Low,Very Low,Very Low–Very Low,,,0,no STRING match,no STRING match,1613,1616,6,15
3939,fig|6666666.1036479.peg.2948,fig|6666666.1036479.peg.887,0.898634535074234,0.002895418711064557,High,Medium,Medium–High,,,0,no STRING match,no STRING match,1843,2362,1,1
3940,fig|6666666.1036479.peg.861,fig|6666666.1036479.peg.1355,0.8986245632171631,0.002896153775474576,High,Medium,Medium–High,,,0,no STRING match,no STRING match,2341,2564,1,1
3941,fig|6666666.1036479.peg.934,fig|6666666.1036479.peg.1331,0.8986198008060455,0.002896888839884595,Low,Low,Low–Low,,,0,no STRING match,no STRING match,2385,2548,1,1
3942,fig|6666666.1036479.peg.411,fig|6666666.1036479.peg.1002,0.8986178040504456,0.002897623904294614,Low,Medium,Low–Medium,Hypothetical protein.,,0,secondary STRING hit (STRING protein assigned to a better match),no STRING match,2150,2399,1,1
3943,fig|6666666.1036479.peg.652,fig|6666666.1036479.peg.874,0.8986147820949555,0.0028983589687046328,Very Low,Medium,Very Low–Medium,,,0,no STRING match,no STRING match,2249,2351,1,1
3944,fig|6666666.1036479.peg.3113,fig|6666666.1036479.peg.236,0.898607486486435,0.0028990940331146517,Very Low,Very Low,Very Low–Very Low,,,0,no STRING match,no STRING match,1915,2086,1,1
3945,fig|6666666.1036479.peg.3076,fig|6666666.1036479.peg.1947,0.8985976636409759,0.0028998290975246707,High,Medium,Medium–High,,,0,no STRING match,no STRING match,1899,2809,1,1
3946,fig|6666666.1036479.peg.3089,fig|6666666.1036479.peg.1657,0.8985793471336365,0.0029005641619346896,High,Medium,Medium–High,,,0,no STRING match,no STRING match,1907,2707,1,1
3947,fig|6666666.1036479.peg.2648,fig|6666666.1036479.peg.391,0.898577743768692,0.0029012992263447086,Very Low,Medium,Very Low–Medium,,,0,no STRING match,no STRING match,1695,2142,1,1
3948,fig|6666666.1036479.peg.244,fig|6666666.1036479.peg.2238,0.8985727846622467,0.0029020342907547275,Very Low,Very Low,Very Low–Very Low,,,0,no STRING match,no STRING match,2092,2942,1,1
3949,fig|6666666.1036479.peg.1343,fig|6666666.1036479.peg.1719,0.8985727548599243,0.0029027693551647465,Very Low,Medium,Very Low–Medium,,,0,no STRING match,no STRING match,2553,2727,1,1
3950,fig|6666666.1036479.peg.2548,fig|6666666.1036479.peg.2660,0.898566997051239,0.0029035044195747655,High,Very Low,Very Low–High,,,0,no STRING match,no STRING match,1641,1700,1,1
3951,fig|6666666.1036479.peg.1673,fig|6666666.1036479.peg.2091,0.8985540807247162,0.002904239483984784,Very Low,Medium,Very Low–Medium,,,0,no STRING match,no STRING match,2713,2870,1,1
3952,fig|6666666.1036479.peg.2536,fig|6666666.1036479.peg.1901,0.8985498666763305,0.002904974548394803,Very Low,Very Low,Very Low–Very Low,,,0,no STRING match,no STRING match,1629,2787,1,1
3953,fig|6666666.1036479.peg.411,fig|6666666.1036479.peg.885,0.8985445082187653,0.002905709612804822,Low,Medium,Low–Medium,Hypothetical protein.,,0,secondary STRING hit (STRING protein assigned to a better match),no STRING match,2150,2360,1,1
3954,fig|6666666.1036479.peg.2988,fig|6666666.1036479.peg.2185,0.8985282361507416,0.002906444677214841,Medium,Very Low,Very Low–Medium,Hypothetical protein.,,0,secondary STRING hit (STRING protein assigned to a better match),no STRING match,1859,2931,1,1
3955,fig|6666666.1036479.peg.1362,fig|6666666.1036479.peg.2071,0.8985068917274475,0.00290717974162486,Medium,Medium,Medium–Medium,,,0,no STRING match,no STRING match,2570,2862,1,1
3956,fig|6666666.1036479.peg.313,fig|6666666.1036479.peg.856,0.898505425453186,0.0029079148060348788,Very Low,Low,Very Low–Low,,,0,no STRING match,no STRING match,2124,2340,1,1
3957,fig|6666666.1036479.peg.793,fig|6666666.1036479.peg.1519,0.8984984755516052,0.0029086498704448977,Medium,High,Medium–High,,,0,no STRING match,no STRING match,2320,2632,1,1
3958,fig|6666666.1036479.peg.2792,fig|6666666.1036479.peg.819,0.8984976351261139,0.0029093849348549167,High,Very Low,Very Low–High,,,0,no STRING match,no STRING match,1754,2330,1,1
3959,fig|6666666.1036479.peg.2924,fig|6666666.1036479.peg.475,0.8984872817993164,0.0029101199992649356,Very Low,Low,Very Low–Low,,,0,no STRING match,no STRING match,1827,2175,1,1
3960,fig|6666666.1036479.peg.411,fig|6666666.1036479.peg.1946,0.8984795212745667,0.0029108550636749546,Low,Medium,Low–Medium,Hypothetical protein.,,0,secondary STRING hit (STRING protein assigned to a better match),no STRING match,2150,2808,1,1
3961,fig|6666666.1036479.peg.1719,fig|6666666.1036479.peg.1951,0.8984620571136475,0.0029115901280849735,Medium,High,Medium–High,,,0,no STRING match,no STRING match,2727,2813,1,1
3962,fig|6666666.1036479.peg.793,fig|6666666.1036479.peg.1410,0.8984569668769836,0.0029123251924949925,Medium,Medium,Medium–Medium,,,0,no STRING match,no STRING match,2320,2589,1,1
3963,fig|6666666.1036479.peg.1355,fig|6666666.1036479.peg.1671,0.8984493315219879,0.0029130602569050115,Medium,High,Medium–High,,,0,no STRING match,no STRING match,2564,2712,1,1
3964,fig|6666666.1036479.peg.1350,fig|6666666.1036479.peg.1719,0.8984460175037384,0.0029137953213150304,Medium,Medium,Medium–Medium,,,0,no STRING match,no STRING match,2560,2727,1,1
3965,fig|6666666.1036479.peg.475,fig|6666666.1036479.peg.1604,0.8984427154064178,0.0029145303857250494,Low,Very Low,Very Low–Low,,YD repeat-containing protein; COG3209 Rhs family protein.,0,no STRING match,secondary STRING hit (STRING protein assigned to a better match),2175,2685,1,2
3966,fig|6666666.1036479.peg.475,fig|6666666.1036479.peg.1611,0.8984427154064178,0.002915265450135068,Low,Very Low,Very Low–Low,,YD repeat-containing protein; COG3209 Rhs family protein.,0,no STRING match,secondary STRING hit (STRING protein assigned to a better match),2175,2685,1,2
3967,fig|6666666.1036479.peg.1410,fig|6666666.1036479.peg.1671,0.8984316408634185,0.002916000514545087,Medium,High,Medium–High,,,0,no STRING match,no STRING match,2589,2712,1,1
3968,fig|6666666.1036479.peg.1080,fig|6666666.1036479.peg.1673,0.8984312057495117,0.002916735578955106,High,Very Low,Very Low–High,,,0,no STRING match,no STRING match,2424,2713,1,1
3969,fig|6666666.1036479.peg.316,fig|6666666.1036479.peg.411,0.8984161019325256,0.0029174706433651248,Very Low,Low,Very Low–Low,,Hypothetical protein.,0,no STRING match,secondary STRING hit (STRING protein assigned to a better match),2127,2150,1,1
3970,fig|6666666.1036479.peg.573,fig|6666666.1036479.peg.1331,0.8984141886234284,0.0029182057077751437,Very Low,Low,Very Low–Low,Hypothetical protein.,,0,secondary STRING hit (STRING protein assigned to a better match),no STRING match,2210,2548,1,1
3971,fig|6666666.1036479.peg.2948,fig|6666666.1036479.peg.3113,0.8984015166759491,0.0029189407721851627,High,Very Low,Very Low–High,,,0,no STRING match,no STRING match,1843,1915,1,1
3972,fig|6666666.1036479.peg.899,fig|6666666.1036479.peg.1147,0.8983883023262024,0.0029196758365951816,Very Low,Very Low,Very Low–Very Low,,,0,no STRING match,no STRING match,2369,2473,1,1
3973,fig|6666666.1036479.peg.2548,fig|6666666.1036479.peg.2104,0.8983848214149475,0.0029204109010052006,High,High,High–High,,,0,no STRING match,no STRING match,1641,2877,1,1
3974,fig|6666666.1036479.peg.2548,fig|6666666.1036479.peg.2114,0.8983823955059052,0.0029211459654152195,High,Very Low,Very Low–High,,"COG1629 Outer membrane receptor proteins, mostly Fe transport.",0,no STRING match,secondary STRING hit (STRING protein assigned to a better match),1641,2884,1,1
3975,fig|6666666.1036479.peg.2762,fig|6666666.1036479.peg.3184,0.8983790576457977,0.0029218810298252385,Medium,Very Low,Very Low–Medium,Hypothetical protein.,,0,secondary STRING hit (STRING protein assigned to a better match),no STRING match,1741,1947,1,1
3976,fig|6666666.1036479.peg.2741,fig|6666666.1036479.peg.1693,0.8983742535114289,0.0029226160942352575,High,Medium,Medium–High,,,0,no STRING match,no STRING match,1728,2718,1,1
3977,fig|6666666.1036479.peg.861,fig|6666666.1036479.peg.1409,0.8983702480792999,0.0029233511586452764,High,Medium,Medium–High,,,0,no STRING match,no STRING match,2341,2588,1,1
3978,fig|6666666.1036479.peg.721,fig|6666666.1036479.peg.2114,0.8983658373355865,0.0029240862230552954,High,Very Low,Very Low–High,Yd repeat protein; COG3209 Rhs family protein.,"COG1629 Outer membrane receptor proteins, mostly Fe transport.",0,secondary STRING hit (STRING protein assigned to a better match),secondary STRING hit (STRING protein assigned to a better match),2279,2884,1,1
3979,fig|6666666.1036479.peg.2661,fig|6666666.1036479.peg.861,0.8983487486839294,0.0029248212874653143,High,High,High–High,,,0,no STRING match,no STRING match,1701,2341,1,1
3980,fig|6666666.1036479.peg.889,fig|6666666.1036479.peg.1080,0.8983409643173218,0.0029255563518753333,Low,High,Low–High,,,0,no STRING match,no STRING match,2364,2424,1,1
3981,fig|6666666.1036479.peg.1604,fig|6666666.1036479.peg.1671,0.898335075378418,0.002926291416285352,Very Low,High,Very Low–High,YD repeat-containing protein; COG3209 Rhs family protein.,,0,secondary STRING hit (STRING protein assigned to a better match),no STRING match,2685,2712,2,1
3982,fig|6666666.1036479.peg.1611,fig|6666666.1036479.peg.1671,0.898335075378418,0.0029270264806953708,Very Low,High,Very Low–High,YD repeat-containing protein; COG3209 Rhs family protein.,,0,secondary STRING hit (STRING protein assigned to a better match),no STRING match,2685,2712,2,1
3983,fig|6666666.1036479.peg.1739,fig|6666666.1036479.peg.2185,0.8983308792114257,0.0029277615451053897,Very Low,Very Low,Very Low–Very Low,,,0,no STRING match,no STRING match,2731,2931,1,1
3984,fig|6666666.1036479.peg.458,fig|6666666.1036479.peg.1657,0.8983298480510712,0.0029284966095154087,Low,Medium,Low–Medium,,,0,no STRING match,no STRING match,2168,2707,1,1
3985,fig|6666666.1036479.peg.2672,fig|6666666.1036479.peg.1894,0.898320597410202,0.0029292316739254276,Medium,Medium,Medium–Medium,,Hypothetical protein.,0,no STRING match,secondary STRING hit (STRING protein assigned to a better match),1704,2785,1,1
3986,fig|6666666.1036479.peg.3077,fig|6666666.1036479.peg.1566,0.898310786485672,0.0029299667383354466,Medium,High,Medium–High,,,0,no STRING match,no STRING match,1900,2659,1,1
3987,fig|6666666.1036479.peg.723,fig|6666666.1036479.peg.728,0.8983102142810822,0.0029307018027454656,High,Medium,Medium–High,,,0,no STRING match,no STRING match,2281,2286,1,1
3988,fig|6666666.1036479.peg.391,fig|6666666.1036479.peg.1901,0.8982899010181427,0.0029314368671554845,Medium,Very Low,Very Low–Medium,,,0,no STRING match,no STRING match,2142,2787,1,1
3989,fig|6666666.1036479.peg.2501,fig|6666666.1036479.peg.2679,0.8982891201972961,0.0029321719315655035,High,Medium,Medium–High,,,0,no STRING match,no STRING match,1608,1705,1,1
3990,fig|6666666.1036479.peg.2788,fig|6666666.1036479.peg.923,0.8982890665531158,0.0029329069959755224,Medium,High,Medium–High,,,0,no STRING match,no STRING match,1752,2380,1,1
3991,fig|6666666.1036479.peg.722,fig|6666666.1036479.peg.1719,0.8982867002487183,0.0029336420603855414,Very Low,Medium,Very Low–Medium,,,0,no STRING match,no STRING match,2280,2727,1,1
3992,fig|6666666.1036479.peg.312,fig|6666666.1036479.peg.649,0.8982831835746765,0.0029343771247955603,Medium,Medium,Medium–Medium,,,0,no STRING match,no STRING match,2123,2246,1,1
3993,fig|6666666.1036479.peg.244,fig|6666666.1036479.peg.1080,0.8982780158519745,0.0029351121892055793,Very Low,High,Very Low–High,,,0,no STRING match,no STRING match,2092,2424,1,1
3994,fig|6666666.1036479.peg.3077,fig|6666666.1036479.peg.1519,0.8982513666152954,0.0029358472536155982,Medium,High,Medium–High,,,0,no STRING match,no STRING match,1900,2632,1,1
3995,fig|6666666.1036479.peg.3131,fig|6666666.1036479.peg.1532,0.8982510685920715,0.002936582318025617,Low,Very Low,Very Low–Low,,,0,no STRING match,no STRING match,1923,2640,1,1
3996,fig|6666666.1036479.peg.2936,fig|6666666.1036479.peg.2071,0.8982499241828918,0.0029373173824356357,Very Low,Medium,Very Low–Medium,,,0,no STRING match,no STRING match,1836,2862,1,1
3997,fig|6666666.1036479.peg.1547,fig|6666666.1036479.peg.2092,0.8982458531856536,0.0029380524468456547,High,Medium,Medium–High,,,0,no STRING match,no STRING match,2647,2871,1,1
3998,fig|6666666.1036479.peg.721,fig|6666666.1036479.peg.2092,0.8982345700263977,0.0029387875112556736,High,Medium,Medium–High,Yd repeat protein; COG3209 Rhs family protein.,,0,secondary STRING hit (STRING protein assigned to a better match),no STRING match,2279,2871,1,1
3999,fig|6666666.1036479.peg.2948,fig|6666666.1036479.peg.723,0.8982302486896515,0.0029395225756656926,High,High,High–High,,,0,no STRING match,no STRING match,1843,2281,1,1
4000,fig|6666666.1036479.peg.2600,fig|6666666.1036479.peg.866,0.8982301890850067,0.0029402576400757116,Very Low,High,Very Low–High,,,0,no STRING match,no STRING match,1667,2345,1,1
4001,fig|6666666.1036479.peg.1671,fig|6666666.1036479.peg.1771,0.8982294976711274,0.0029409927044857305,High,Medium,Medium–High,,,0,no STRING match,no STRING match,2712,2743,1,1
4002,fig|6666666.1036479.peg.2808,fig|6666666.1036479.peg.856,0.8982239961624146,0.0029417277688957495,Low,Low,Low–Low,"COG1629 Outer membrane receptor proteins, mostly Fe transport.",,0,secondary STRING hit (STRING protein assigned to a better match),no STRING match,1759,2340,1,1
4003,fig|6666666.1036479.peg.2506,fig|6666666.1036479.peg.867,0.8982108414173127,0.0029424628333057684,Very Low,Low,Very Low–Low,,,0,no STRING match,no STRING match,1613,2346,6,1
4004,fig|6666666.1036479.peg.2516,fig|6666666.1036479.peg.867,0.8982108414173127,0.0029431978977157874,Very Low,Low,Very Low–Low,,,0,no STRING match,no STRING match,1613,2346,6,1
4005,fig|6666666.1036479.peg.2522,fig|6666666.1036479.peg.867,0.8982108414173127,0.0029439329621258063,Very Low,Low,Very Low–Low,,,0,no STRING match,no STRING match,1613,2346,6,1
4006,fig|6666666.1036479.peg.867,fig|6666666.1036479.peg.974,0.8982108414173127,0.0029446680265358253,Low,Very Low,Very Low–Low,,,0,no STRING match,no STRING match,2346,1613,1,6
4007,fig|6666666.1036479.peg.867,fig|6666666.1036479.peg.979,0.8982108414173127,0.0029454030909458443,Low,Very Low,Very Low–Low,,,0,no STRING match,no STRING match,2346,1613,1,6
4008,fig|6666666.1036479.peg.867,fig|6666666.1036479.peg.2491,0.8982108414173127,0.002946138155355863,Low,Very Low,Very Low–Low,,,0,no STRING match,no STRING match,2346,1613,1,6
4009,fig|6666666.1036479.peg.1131,fig|6666666.1036479.peg.1150,0.8982077896595001,0.002946873219765882,Very Low,Very Low,Very Low–Very Low,,,0,no STRING match,no STRING match,2460,2476,1,1
4010,fig|6666666.1036479.peg.2648,fig|6666666.1036479.peg.856,0.8982071220874787,0.002947608284175901,Very Low,Low,Very Low–Low,,,0,no STRING match,no STRING match,1695,2340,1,1
4011,fig|6666666.1036479.peg.2960,fig|6666666.1036479.peg.411,0.8982025742530823,0.0029483433485859196,Low,Low,Low–Low,,Hypothetical protein.,0,no STRING match,secondary STRING hit (STRING protein assigned to a better match),1849,2150,1,1
4012,fig|6666666.1036479.peg.244,fig|6666666.1036479.peg.1901,0.8981974065303803,0.0029490784129959386,Very Low,Very Low,Very Low–Very Low,,,0,no STRING match,no STRING match,2092,2787,1,1
4013,fig|6666666.1036479.peg.1901,fig|6666666.1036479.peg.1937,0.8981973469257355,0.0029498134774059576,Very Low,High,Very Low–High,,,0,no STRING match,no STRING match,2787,2802,1,1
4014,fig|6666666.1036479.peg.2741,fig|6666666.1036479.peg.2792,0.8981958568096161,0.0029505485418159765,High,High,High–High,,,0,no STRING match,no STRING match,1728,1754,1,1
4015,fig|6666666.1036479.peg.793,fig|6666666.1036479.peg.1617,0.8981930673122406,0.0029512836062259955,Medium,Low,Low–Medium,,,0,no STRING match,no STRING match,2320,2688,1,2
4016,fig|6666666.1036479.peg.793,fig|6666666.1036479.peg.1625,0.8981930673122406,0.0029520186706360144,Medium,Low,Low–Medium,,,0,no STRING match,no STRING match,2320,2688,1,2
4017,fig|6666666.1036479.peg.3131,fig|6666666.1036479.peg.1080,0.8981738567352295,0.0029527537350460334,Low,High,Low–High,,,0,no STRING match,no STRING match,1923,2424,1,1
4018,fig|6666666.1036479.peg.2679,fig|6666666.1036479.peg.866,0.8981662929058075,0.0029534887994560523,Medium,High,Medium–High,,,0,no STRING match,no STRING match,1705,2345,1,1
4019,fig|6666666.1036479.peg.3020,fig|6666666.1036479.peg.36,0.8981534004211426,0.0029542238638660713,Low,Medium,Low–Medium,,,0,no STRING match,no STRING match,1878,2023,1,2
4020,fig|6666666.1036479.peg.3020,fig|6666666.1036479.peg.184,0.8981534004211426,0.0029549589282760903,Low,Medium,Low–Medium,,,0,no STRING match,no STRING match,1878,2023,1,2
4021,fig|6666666.1036479.peg.649,fig|6666666.1036479.peg.1968,0.8981522619724274,0.0029556939926861092,Medium,Very Low,Very Low–Medium,,,0,no STRING match,no STRING match,2246,2827,1,1
4022,fig|6666666.1036479.peg.3131,fig|6666666.1036479.peg.722,0.8981406211853027,0.002956429057096128,Low,Very Low,Very Low–Low,,,0,no STRING match,no STRING match,1923,2280,1,1
4023,fig|6666666.1036479.peg.3180,fig|6666666.1036479.peg.866,0.898124760389328,0.002957164121506147,Very Low,High,Very Low–High,,,0,no STRING match,no STRING match,1943,2345,2,1
4024,fig|6666666.1036479.peg.866,fig|6666666.1036479.peg.2380,0.898124760389328,0.002957899185916166,High,Very Low,Very Low–High,,,0,no STRING match,no STRING match,2345,1943,1,2
4025,fig|6666666.1036479.peg.793,fig|6666666.1036479.peg.1991,0.898119592666626,0.002958634250326185,Medium,Very Low,Very Low–Medium,,,0,no STRING match,no STRING match,2320,2837,1,1
4026,fig|6666666.1036479.peg.1719,fig|6666666.1036479.peg.2352,0.8981144070625305,0.0029593693147362036,Medium,Medium,Medium–Medium,,,0,no STRING match,no STRING match,2727,2992,1,1
4027,fig|6666666.1036479.peg.2548,fig|6666666.1036479.peg.2672,0.8981078267097473,0.0029601043791462225,High,Medium,Medium–High,,,0,no STRING match,no STRING match,1641,1704,1,1
4028,fig|6666666.1036479.peg.458,fig|6666666.1036479.peg.2383,0.898098599910736,0.0029608394435562415,Low,Very Low,Very Low–Low,,Hypothetical protein.,0,no STRING match,secondary STRING hit (STRING protein assigned to a better match),2168,2997,1,1
4029,fig|6666666.1036479.peg.867,fig|6666666.1036479.peg.1671,0.8980853617191314,0.0029615745079662604,Low,High,Low–High,,,0,no STRING match,no STRING match,2346,2712,1,1
4030,fig|6666666.1036479.peg.3131,fig|6666666.1036479.peg.1461,0.8980847358703613,0.0029623095723762794,Low,Medium,Low–Medium,,,0,no STRING match,no STRING match,1923,2608,1,1
4031,fig|6666666.1036479.peg.244,fig|6666666.1036479.peg.866,0.8980833470821381,0.0029630446367862984,Very Low,High,Very Low–High,,,0,no STRING match,no STRING match,2092,2345,1,1
4032,fig|6666666.1036479.peg.3089,fig|6666666.1036479.peg.3188,0.8980757892131805,0.0029637797011963173,High,Medium,Medium–High,,,0,no STRING match,no STRING match,1907,1951,1,1
4033,fig|6666666.1036479.peg.856,fig|6666666.1036479.peg.1571,0.8980736076831818,0.0029645147656063363,Low,Very Low,Very Low–Low,,,0,no STRING match,no STRING match,2340,2664,1,1
4034,fig|6666666.1036479.peg.519,fig|6666666.1036479.peg.2071,0.8980639159679413,0.0029652498300163552,Medium,Medium,Medium–Medium,,,0,no STRING match,no STRING match,2187,2862,1,1
4035,fig|6666666.1036479.peg.2646,fig|6666666.1036479.peg.793,0.8980566620826721,0.002965984894426374,Low,Medium,Low–Medium,,,0,no STRING match,no STRING match,1694,2320,1,1
4036,fig|6666666.1036479.peg.2762,fig|6666666.1036479.peg.721,0.8980552196502686,0.002966719958836393,Medium,High,Medium–High,Hypothetical protein.,Yd repeat protein; COG3209 Rhs family protein.,0,secondary STRING hit (STRING protein assigned to a better match),secondary STRING hit (STRING protein assigned to a better match),1741,2279,1,1
4037,fig|6666666.1036479.peg.217,fig|6666666.1036479.peg.1138,0.8980426371097565,0.002967455023246412,Very Low,Very Low,Very Low–Very Low,,,0,no STRING match,no STRING match,2079,2464,1,1
4038,fig|6666666.1036479.peg.903,fig|6666666.1036479.peg.2092,0.8980413615703583,0.002968190087656431,Medium,Medium,Medium–Medium,,,0,no STRING match,no STRING match,2371,2871,1,1
4039,fig|6666666.1036479.peg.1135,fig|6666666.1036479.peg.1145,0.8980406820774078,0.00296892515206645,Very Low,Very Low,Very Low–Very Low,,,0,no STRING match,no STRING match,2462,2471,1,1
4040,fig|6666666.1036479.peg.3191,fig|6666666.1036479.peg.2364,0.898038113117218,0.002969660216476469,Medium,Medium,Medium–Medium,,,0,no STRING match,no STRING match,1954,2994,1,1
4041,fig|6666666.1036479.peg.2929,fig|6666666.1036479.peg.2988,0.8980377912521362,0.0029703952808864875,Very Low,Medium,Very Low–Medium,Hypothetical protein.,Hypothetical protein.,0,secondary STRING hit (STRING protein assigned to a better match),secondary STRING hit (STRING protein assigned to a better match),1831,1859,1,1
4042,fig|6666666.1036479.peg.2648,fig|6666666.1036479.peg.1901,0.8980273067951202,0.0029711303452965064,Very Low,Very Low,Very Low–Very Low,,,0,no STRING match,no STRING match,1695,2787,1,1
4043,fig|6666666.1036479.peg.2548,fig|6666666.1036479.peg.1339,0.8980209529399872,0.0029718654097065254,High,Very Low,Very Low–High,,,0,no STRING match,no STRING match,1641,2550,1,1
4044,fig|6666666.1036479.peg.2506,fig|6666666.1036479.peg.2814,0.8980163037776947,0.0029726004741165444,Very Low,Very Low,Very Low–Very Low,,,0,no STRING match,no STRING match,1613,1765,6,1
4045,fig|6666666.1036479.peg.2516,fig|6666666.1036479.peg.2814,0.8980163037776947,0.0029733355385265633,Very Low,Very Low,Very Low–Very Low,,,0,no STRING match,no STRING match,1613,1765,6,1
4046,fig|6666666.1036479.peg.2522,fig|6666666.1036479.peg.2814,0.8980163037776947,0.0029740706029365823,Very Low,Very Low,Very Low–Very Low,,,0,no STRING match,no STRING match,1613,1765,6,1
4047,fig|6666666.1036479.peg.2814,fig|6666666.1036479.peg.974,0.8980163037776947,0.0029748056673466012,Very Low,Very Low,Very Low–Very Low,,,0,no STRING match,no STRING match,1765,1613,1,6
4048,fig|6666666.1036479.peg.2814,fig|6666666.1036479.peg.979,0.8980163037776947,0.00297554073175662,Very Low,Very Low,Very Low–Very Low,,,0,no STRING match,no STRING match,1765,1613,1,6
4049,fig|6666666.1036479.peg.2814,fig|6666666.1036479.peg.2491,0.8980163037776947,0.002976275796166639,Very Low,Very Low,Very Low–Very Low,,,0,no STRING match,no STRING match,1765,1613,1,6
4050,fig|6666666.1036479.peg.411,fig|6666666.1036479.peg.2099,0.8980080902576446,0.002977010860576658,Low,Low,Low–Low,Hypothetical protein.,,0,secondary STRING hit (STRING protein assigned to a better match),no STRING match,2150,2876,1,1
4051,fig|6666666.1036479.peg.1074,fig|6666666.1036479.peg.1547,0.8980051934719085,0.002977745924986677,High,High,High–High,,,0,no STRING match,no STRING match,2418,2647,1,1
4052,fig|6666666.1036479.peg.3037,fig|6666666.1036479.peg.3131,0.8980025827884675,0.002978480989396696,Medium,Low,Low–Medium,,,0,no STRING match,no STRING match,1889,1923,1,1
4053,fig|6666666.1036479.peg.1064,fig|6666666.1036479.peg.2455,0.8979996323585511,0.002979216053806715,Medium,Medium,Medium–Medium,,,0,no STRING match,no STRING match,2414,3032,1,1
4054,fig|6666666.1036479.peg.3207,fig|6666666.1036479.peg.934,0.8979888379573822,0.002979951118216734,Medium,Low,Low–Medium,,,0,no STRING match,no STRING match,1965,2385,1,1
4055,fig|6666666.1036479.peg.370,fig|6666666.1036479.peg.1937,0.8979843020439148,0.002980686182626753,High,High,High–High,,,0,no STRING match,no STRING match,2139,2802,1,1
4056,fig|6666666.1036479.peg.2648,fig|6666666.1036479.peg.244,0.8979791700839996,0.0029814212470367714,Very Low,Very Low,Very Low–Very Low,,,0,no STRING match,no STRING match,1695,2092,1,1
4057,fig|6666666.1036479.peg.3222,fig|6666666.1036479.peg.1064,0.897966879606247,0.0029821563114467904,Medium,Medium,Medium–Medium,,,0,no STRING match,no STRING match,1972,2414,2,1
4058,fig|6666666.1036479.peg.138,fig|6666666.1036479.peg.1064,0.897966879606247,0.0029828913758568093,Medium,Medium,Medium–Medium,,,0,no STRING match,no STRING match,1972,2414,2,1
4059,fig|6666666.1036479.peg.2572,fig|6666666.1036479.peg.1719,0.8979619085788727,0.0029836264402668283,Very Low,Medium,Very Low–Medium,Yd repeat protein; COG3209 Rhs family protein.,,0,secondary STRING hit (STRING protein assigned to a better match),no STRING match,1660,2727,1,1
4060,fig|6666666.1036479.peg.2648,fig|6666666.1036479.peg.1080,0.8979592144489288,0.0029843615046768472,Very Low,High,Very Low–High,,,0,no STRING match,no STRING match,1695,2424,1,1
4061,fig|6666666.1036479.peg.1739,fig|6666666.1036479.peg.1983,0.8979559242725372,0.002985096569086866,Very Low,Very Low,Very Low–Very Low,,,0,no STRING match,no STRING match,2731,2834,1,1
4062,fig|6666666.1036479.peg.2843,fig|6666666.1036479.peg.819,0.8979443848133087,0.002985831633496885,Very Low,Very Low,Very Low–Very Low,,,0,no STRING match,no STRING match,1785,2330,1,1
4063,fig|6666666.1036479.peg.2661,fig|6666666.1036479.peg.1739,0.8979324519634246,0.002986566697906904,High,Very Low,Very Low–High,,,0,no STRING match,no STRING match,1701,2731,1,1
4064,fig|6666666.1036479.peg.1409,fig|6666666.1036479.peg.1739,0.8979288220405579,0.002987301762316923,Medium,Very Low,Very Low–Medium,,,0,no STRING match,no STRING match,2588,2731,1,1
4065,fig|6666666.1036479.peg.2936,fig|6666666.1036479.peg.1693,0.8979264557361603,0.002988036826726942,Very Low,Medium,Very Low–Medium,,,0,no STRING match,no STRING match,1836,2718,1,1
4066,fig|6666666.1036479.peg.866,fig|6666666.1036479.peg.1543,0.8979203224182128,0.002988771891136961,High,Medium,Medium–High,,,0,no STRING match,no STRING match,2345,2644,1,1
4067,fig|6666666.1036479.peg.2754,fig|6666666.1036479.peg.253,0.8979117929935455,0.00298950695554698,Very Low,Low,Very Low–Low,,Hypothetical protein.,0,no STRING match,secondary STRING hit (STRING protein assigned to a better match),1735,2096,1,1
4068,fig|6666666.1036479.peg.1673,fig|6666666.1036479.peg.1947,0.8979043245315552,0.002990242019956999,Very Low,Medium,Very Low–Medium,,,0,no STRING match,no STRING match,2713,2809,1,1
4069,fig|6666666.1036479.peg.369,fig|6666666.1036479.peg.867,0.8978979170322419,0.002990977084367018,High,Low,Low–High,,,0,no STRING match,no STRING match,2138,2346,1,1
4070,fig|6666666.1036479.peg.2796,fig|6666666.1036479.peg.1141,0.8978887021541595,0.002991712148777037,Very Low,Very Low,Very Low–Very Low,,,0,no STRING match,no STRING match,1755,2467,1,1
4071,fig|6666666.1036479.peg.391,fig|6666666.1036479.peg.2238,0.897882342338562,0.0029924472131870553,Medium,Very Low,Very Low–Medium,,,0,no STRING match,no STRING match,2142,2942,1,1
4072,fig|6666666.1036479.peg.704,fig|6666666.1036479.peg.1419,0.8978720128536224,0.0029931822775970743,Low,High,Low–High,,,0,no STRING match,no STRING match,2268,2597,1,1
4073,fig|6666666.1036479.peg.3184,fig|6666666.1036479.peg.934,0.8978694081306458,0.0029939173420070932,Very Low,Low,Very Low–Low,,,0,no STRING match,no STRING match,1947,2385,1,1
4074,fig|6666666.1036479.peg.2548,fig|6666666.1036479.peg.3205,0.8978613018989563,0.002994652406417112,High,Low,Low–High,,,0,no STRING match,no STRING match,1641,1964,1,1
4075,fig|6666666.1036479.peg.2506,fig|6666666.1036479.peg.1497,0.8978591859340668,0.002995387470827131,Very Low,Low,Very Low–Low,,,0,no STRING match,no STRING match,1613,2623,6,1
4076,fig|6666666.1036479.peg.2516,fig|6666666.1036479.peg.1497,0.8978591859340668,0.00299612253523715,Very Low,Low,Very Low–Low,,,0,no STRING match,no STRING match,1613,2623,6,1
4077,fig|6666666.1036479.peg.2522,fig|6666666.1036479.peg.1497,0.8978591859340668,0.002996857599647169,Very Low,Low,Very Low–Low,,,0,no STRING match,no STRING match,1613,2623,6,1
4078,fig|6666666.1036479.peg.974,fig|6666666.1036479.peg.1497,0.8978591859340668,0.002997592664057188,Very Low,Low,Very Low–Low,,,0,no STRING match,no STRING match,1613,2623,6,1
4079,fig|6666666.1036479.peg.979,fig|6666666.1036479.peg.1497,0.8978591859340668,0.002998327728467207,Very Low,Low,Very Low–Low,,,0,no STRING match,no STRING match,1613,2623,6,1
4080,fig|6666666.1036479.peg.1497,fig|6666666.1036479.peg.2491,0.8978591859340668,0.002999062792877226,Low,Very Low,Very Low–Low,,,0,no STRING match,no STRING match,2623,1613,1,6
4081,fig|6666666.1036479.peg.1671,fig|6666666.1036479.peg.1764,0.8978573679924011,0.002999797857287245,High,Low,Low–High,,,0,no STRING match,no STRING match,2712,2739,1,1
4082,fig|6666666.1036479.peg.364,fig|6666666.1036479.peg.649,0.897853797674179,0.003000532921697264,Low,Medium,Low–Medium,,,0,no STRING match,no STRING match,2137,2246,1,1
4083,fig|6666666.1036479.peg.2548,fig|6666666.1036479.peg.3017,0.897850751876831,0.003001267986107283,High,Medium,Medium–High,,,0,no STRING match,no STRING match,1641,1875,1,1
4084,fig|6666666.1036479.peg.856,fig|6666666.1036479.peg.1568,0.8978400826454163,0.0030020030505173018,Low,Low,Low–Low,,,0,no STRING match,no STRING match,2340,2661,1,1
4085,fig|6666666.1036479.peg.652,fig|6666666.1036479.peg.866,0.8978396654129028,0.0030027381149273207,Very Low,High,Very Low–High,,,0,no STRING match,no STRING match,2249,2345,1,1
4086,fig|6666666.1036479.peg.2778,fig|6666666.1036479.peg.1145,0.8978392302989959,0.0030034731793373392,Very Low,Very Low,Very Low–Very Low,,,0,no STRING match,no STRING match,1747,2471,1,1
4087,fig|6666666.1036479.peg.320,fig|6666666.1036479.peg.793,0.8978312909603119,0.003004208243747358,Very Low,Medium,Very Low–Medium,,,0,no STRING match,no STRING match,2130,2320,1,1
4088,fig|6666666.1036479.peg.2948,fig|6666666.1036479.peg.3188,0.8978155016899109,0.003004943308157377,High,Medium,Medium–High,,,0,no STRING match,no STRING match,1843,1951,1,1
4089,fig|6666666.1036479.peg.458,fig|6666666.1036479.peg.1913,0.8978003621101379,0.003005678372567396,Low,Very Low,Very Low–Low,,,0,no STRING match,no STRING match,2168,2793,1,1
4090,fig|6666666.1036479.peg.573,fig|6666666.1036479.peg.2383,0.8977960288524628,0.003006413436977415,Very Low,Very Low,Very Low–Very Low,Hypothetical protein.,Hypothetical protein.,0,secondary STRING hit (STRING protein assigned to a better match),secondary STRING hit (STRING protein assigned to a better match),2210,2997,1,1
4091,fig|6666666.1036479.peg.1655,fig|6666666.1036479.peg.1719,0.8977954626083374,0.003007148501387434,Medium,Medium,Medium–Medium,,,0,no STRING match,no STRING match,2706,2727,1,1
4092,fig|6666666.1036479.peg.2681,fig|6666666.1036479.peg.369,0.8977703094482422,0.003007883565797453,Low,High,Low–High,,,0,no STRING match,no STRING match,1706,2138,1,1
4093,fig|6666666.1036479.peg.2548,fig|6666666.1036479.peg.314,0.8977438747882843,0.003008618630207472,High,Very Low,Very Low–High,,,0,no STRING match,no STRING match,1641,2125,1,1
4094,fig|6666666.1036479.peg.861,fig|6666666.1036479.peg.1771,0.8977364301681519,0.003009353694617491,High,Medium,Medium–High,,,0,no STRING match,no STRING match,2341,2743,1,1
4095,fig|6666666.1036479.peg.725,fig|6666666.1036479.peg.1394,0.897726321220398,0.00301008875902751,Very Low,Medium,Very Low–Medium,,,0,no STRING match,no STRING match,2283,2583,1,1
4096,fig|6666666.1036479.peg.689,fig|6666666.1036479.peg.1331,0.8977209389209747,0.003010823823437529,High,Low,Low–High,,,0,no STRING match,no STRING match,2261,2548,1,1
4097,fig|6666666.1036479.peg.2792,fig|6666666.1036479.peg.2049,0.8977191865444183,0.0030115588878475478,High,Very Low,Very Low–High,,,0,no STRING match,no STRING match,1754,2851,1,1
4098,fig|6666666.1036479.peg.2604,fig|6666666.1036479.peg.253,0.8977175176143646,0.0030122939522575667,Low,Low,Low–Low,,Hypothetical protein.,0,no STRING match,secondary STRING hit (STRING protein assigned to a better match),1669,2096,1,1
4099,fig|6666666.1036479.peg.2761,fig|6666666.1036479.peg.1693,0.8977124512195587,0.0030130290166675857,Low,Medium,Low–Medium,,,0,no STRING match,no STRING match,1740,2718,1,1
4100,fig|6666666.1036479.peg.3222,fig|6666666.1036479.peg.138,0.8977118492126465,0.0030137640810776046,Medium,Medium,Medium–Medium,,,0,no STRING match,no STRING match,1972,1972,2,2
4101,fig|6666666.1036479.peg.3131,fig|6666666.1036479.peg.34,0.8977089881896972,0.003014499145487623,Low,Very Low,Very Low–Low,,,0,no STRING match,no STRING match,1923,2021,1,2
4102,fig|6666666.1036479.peg.3131,fig|6666666.1036479.peg.182,0.8977089881896972,0.003015234209897642,Low,Very Low,Very Low–Low,,,0,no STRING match,no STRING match,1923,2021,1,2
4103,fig|6666666.1036479.peg.1655,fig|6666666.1036479.peg.2071,0.8977052807807923,0.003015969274307661,Medium,Medium,Medium–Medium,,,0,no STRING match,no STRING match,2706,2862,1,1
4104,fig|6666666.1036479.peg.2672,fig|6666666.1036479.peg.3083,0.8976637125015259,0.00301670433871768,Medium,High,Medium–High,,,0,no STRING match,no STRING match,1704,1905,1,1
4105,fig|6666666.1036479.peg.3020,fig|6666666.1036479.peg.2156,0.8976606369018555,0.003017439403127699,Low,Very Low,Very Low–Low,,,0,no STRING match,no STRING match,1878,2906,1,1
4106,fig|6666666.1036479.peg.3207,fig|6666666.1036479.peg.889,0.8976521193981171,0.003018174467537718,Medium,Low,Low–Medium,,,0,no STRING match,no STRING match,1965,2364,1,1
4107,fig|6666666.1036479.peg.2788,fig|6666666.1036479.peg.2843,0.8976429164409637,0.003018909531947737,Medium,Very Low,Very Low–Medium,,,0,no STRING match,no STRING match,1752,1785,1,1
4108,fig|6666666.1036479.peg.3020,fig|6666666.1036479.peg.236,0.8976370394229889,0.003019644596357756,Low,Very Low,Very Low–Low,,,0,no STRING match,no STRING match,1878,2086,1,1
4109,fig|6666666.1036479.peg.1195,fig|6666666.1036479.peg.2156,0.8976299107074738,0.003020379660767775,Medium,Very Low,Very Low–Medium,,,0,no STRING match,no STRING match,2492,2906,1,1
4110,fig|6666666.1036479.peg.3198,fig|6666666.1036479.peg.36,0.8976277470588684,0.0030211147251777938,Very Low,Medium,Very Low–Medium,,,0,no STRING match,no STRING match,1960,2023,1,2
4111,fig|6666666.1036479.peg.3198,fig|6666666.1036479.peg.184,0.8976277470588684,0.0030218497895878127,Very Low,Medium,Very Low–Medium,,,0,no STRING match,no STRING match,1960,2023,1,2
4112,fig|6666666.1036479.peg.244,fig|6666666.1036479.peg.391,0.8976256728172303,0.0030225848539978317,Very Low,Medium,Very Low–Medium,,,0,no STRING match,no STRING match,2092,2142,1,1
4113,fig|6666666.1036479.peg.2920,fig|6666666.1036479.peg.3076,0.8976137280464173,0.0030233199184078506,Very Low,High,Very Low–High,,,0,no STRING match,no STRING match,1823,1899,1,1
4114,fig|6666666.1036479.peg.2920,fig|6666666.1036479.peg.728,0.8976114869117737,0.0030240549828178696,Very Low,Medium,Very Low–Medium,,,0,no STRING match,no STRING match,1823,2286,1,1
4115,fig|6666666.1036479.peg.2924,fig|6666666.1036479.peg.649,0.8976113259792328,0.0030247900472278886,Very Low,Medium,Very Low–Medium,,,0,no STRING match,no STRING match,1827,2246,1,1
4116,fig|6666666.1036479.peg.3207,fig|6666666.1036479.peg.1946,0.8975835919380188,0.003025525111637907,Medium,Medium,Medium–Medium,,,0,no STRING match,no STRING match,1965,2808,1,1
4117,fig|6666666.1036479.peg.2741,fig|6666666.1036479.peg.1739,0.8975357711315155,0.003026260176047926,High,Very Low,Very Low–High,,,0,no STRING match,no STRING match,1728,2731,1,1
4118,fig|6666666.1036479.peg.3222,fig|6666666.1036479.peg.2091,0.8975279152393341,0.003026995240457945,Medium,Medium,Medium–Medium,,,0,no STRING match,no STRING match,1972,2870,2,1
4119,fig|6666666.1036479.peg.138,fig|6666666.1036479.peg.2091,0.8975279152393341,0.003027730304867964,Medium,Medium,Medium–Medium,,,0,no STRING match,no STRING match,1972,2870,2,1
4120,fig|6666666.1036479.peg.1195,fig|6666666.1036479.peg.1331,0.897524893283844,0.003028465369277983,Medium,Low,Low–Medium,,,0,no STRING match,no STRING match,2492,2548,1,1
4121,fig|6666666.1036479.peg.867,fig|6666666.1036479.peg.1901,0.8975077629089355,0.003029200433688002,Low,Very Low,Very Low–Low,,,0,no STRING match,no STRING match,2346,2787,1,1
4122,fig|6666666.1036479.peg.3089,fig|6666666.1036479.peg.3198,0.8975044846534729,0.003029935498098021,High,Very Low,Very Low–High,,,0,no STRING match,no STRING match,1907,1960,1,1
4123,fig|6666666.1036479.peg.2920,fig|6666666.1036479.peg.3187,0.8974921941757202,0.0030306705625080398,Very Low,Very Low,Very Low–Very Low,,Hypothetical protein.,0,no STRING match,secondary STRING hit (STRING protein assigned to a better match),1823,1950,1,1
4124,fig|6666666.1036479.peg.3089,fig|6666666.1036479.peg.1913,0.8974827766418457,0.0030314056269180587,High,Very Low,Very Low–High,,,0,no STRING match,no STRING match,1907,2793,1,1
4125,fig|6666666.1036479.peg.2843,fig|6666666.1036479.peg.942,0.8974780678749085,0.0030321406913280777,Very Low,Very Low,Very Low–Very Low,,,0,no STRING match,no STRING match,1785,2389,1,1
4126,fig|6666666.1036479.peg.2548,fig|6666666.1036479.peg.787,0.8974767386913299,0.0030328757557380966,High,Very Low,Very Low–High,,,0,no STRING match,no STRING match,1641,2318,1,1
4127,fig|6666666.1036479.peg.391,fig|6666666.1036479.peg.1519,0.8974731862545013,0.0030336108201481156,Medium,High,Medium–High,,,0,no STRING match,no STRING match,2142,2632,1,1
4128,fig|6666666.1036479.peg.1195,fig|6666666.1036479.peg.1947,0.8974504888057708,0.0030343458845581346,Medium,Medium,Medium–Medium,,,0,no STRING match,no STRING match,2492,2809,1,1
4129,fig|6666666.1036479.peg.1135,fig|6666666.1036479.peg.1140,0.8974431991577149,0.0030350809489681535,Very Low,Very Low,Very Low–Very Low,,,0,no STRING match,no STRING match,2462,2466,1,1
4130,fig|6666666.1036479.peg.3222,fig|6666666.1036479.peg.2455,0.8974244058132171,0.0030358160133781725,Medium,Medium,Medium–Medium,,,0,no STRING match,no STRING match,1972,3032,2,1
4131,fig|6666666.1036479.peg.138,fig|6666666.1036479.peg.2455,0.8974244058132171,0.003036551077788191,Medium,Medium,Medium–Medium,,,0,no STRING match,no STRING match,1972,3032,2,1
4132,fig|6666666.1036479.peg.2988,fig|6666666.1036479.peg.1814,0.8974204123020172,0.00303728614219821,Medium,Very Low,Very Low–Medium,Hypothetical protein.,,0,secondary STRING hit (STRING protein assigned to a better match),no STRING match,1859,2763,1,1
4133,fig|6666666.1036479.peg.866,fig|6666666.1036479.peg.1946,0.8974150121212006,0.003038021206608229,High,Medium,Medium–High,,,0,no STRING match,no STRING match,2345,2808,1,1
4134,fig|6666666.1036479.peg.2762,fig|6666666.1036479.peg.2093,0.8974067211151123,0.003038756271018248,Medium,Medium,Medium–Medium,Hypothetical protein.,,0,secondary STRING hit (STRING protein assigned to a better match),no STRING match,1741,2872,1,1
4135,fig|6666666.1036479.peg.2532,fig|6666666.1036479.peg.874,0.897376149892807,0.003039491335428267,Low,Medium,Low–Medium,,,0,no STRING match,no STRING match,1627,2351,4,1
4136,fig|6666666.1036479.peg.3171,fig|6666666.1036479.peg.874,0.897376149892807,0.003040226399838286,Low,Medium,Low–Medium,,,0,no STRING match,no STRING match,1627,2351,4,1
4137,fig|6666666.1036479.peg.874,fig|6666666.1036479.peg.987,0.897376149892807,0.0030409614642483047,Medium,Low,Low–Medium,,,0,no STRING match,no STRING match,2351,1627,1,4
4138,fig|6666666.1036479.peg.874,fig|6666666.1036479.peg.2492,0.897376149892807,0.0030416965286583237,Medium,Low,Low–Medium,,,0,no STRING match,no STRING match,2351,1627,1,4
4139,fig|6666666.1036479.peg.1218,fig|6666666.1036479.peg.2071,0.8973728656768799,0.0030424315930683427,High,Medium,Medium–High,,,0,no STRING match,no STRING match,2504,2862,1,1
4140,fig|6666666.1036479.peg.3188,fig|6666666.1036479.peg.728,0.8973671853542328,0.0030431666574783616,Medium,Medium,Medium–Medium,,,0,no STRING match,no STRING match,1951,2286,1,1
4141,fig|6666666.1036479.peg.934,fig|6666666.1036479.peg.1268,0.8973618924617768,0.0030439017218883806,Low,Medium,Low–Medium,,,0,no STRING match,no STRING match,2385,2521,1,1
4142,fig|6666666.1036479.peg.723,fig|6666666.1036479.peg.1673,0.897352784872055,0.0030446367862983995,High,Very Low,Very Low–High,,,0,no STRING match,no STRING match,2281,2713,1,1
4143,fig|6666666.1036479.peg.736,fig|6666666.1036479.peg.874,0.8973439395427704,0.0030453718507084185,Very Low,Medium,Very Low–Medium,,,0,no STRING match,no STRING match,2294,2351,1,1
4144,fig|6666666.1036479.peg.2199,fig|6666666.1036479.peg.2238,0.8973382234573364,0.0030461069151184374,Low,Very Low,Very Low–Low,,,0,no STRING match,no STRING match,2936,2942,1,1
4145,fig|6666666.1036479.peg.2843,fig|6666666.1036479.peg.1268,0.8973356425762177,0.0030468419795284564,Very Low,Medium,Very Low–Medium,,,0,no STRING match,no STRING match,1785,2521,1,1
4146,fig|6666666.1036479.peg.36,fig|6666666.1036479.peg.253,0.8973239660263062,0.003047577043938475,Medium,Low,Low–Medium,,Hypothetical protein.,0,no STRING match,secondary STRING hit (STRING protein assigned to a better match),2023,2096,2,1
4147,fig|6666666.1036479.peg.184,fig|6666666.1036479.peg.253,0.8973239660263062,0.003048312108348494,Medium,Low,Low–Medium,,Hypothetical protein.,0,no STRING match,secondary STRING hit (STRING protein assigned to a better match),2023,2096,2,1
4148,fig|6666666.1036479.peg.3184,fig|6666666.1036479.peg.2114,0.8973197996616363,0.003049047172758513,Very Low,Very Low,Very Low–Very Low,,"COG1629 Outer membrane receptor proteins, mostly Fe transport.",0,no STRING match,secondary STRING hit (STRING protein assigned to a better match),1947,2884,1,1
4149,fig|6666666.1036479.peg.702,fig|6666666.1036479.peg.2114,0.8973167181015015,0.003049782237168532,Medium,Very Low,Very Low–Medium,,"COG1629 Outer membrane receptor proteins, mostly Fe transport.",0,no STRING match,secondary STRING hit (STRING protein assigned to a better match),2266,2884,1,1
4150,fig|6666666.1036479.peg.2924,fig|6666666.1036479.peg.1671,0.8973164081573486,0.0030505173015785507,Very Low,High,Very Low–High,,,0,no STRING match,no STRING match,1827,2712,1,1
4151,fig|6666666.1036479.peg.3076,fig|6666666.1036479.peg.1946,0.8973077774047852,0.0030512523659885697,High,Medium,Medium–High,,,0,no STRING match,no STRING match,1899,2808,1,1
4152,fig|6666666.1036479.peg.2948,fig|6666666.1036479.peg.3191,0.8972977101802826,0.0030519874303985887,High,Medium,Medium–High,,,0,no STRING match,no STRING match,1843,1954,1,1
4153,fig|6666666.1036479.peg.1146,fig|6666666.1036479.peg.1161,0.8972922027111053,0.0030527224948086076,Very Low,Very Low,Very Low–Very Low,,,0,no STRING match,no STRING match,2472,2482,1,1
4154,fig|6666666.1036479.peg.2646,fig|6666666.1036479.peg.364,0.8972875058650971,0.0030534575592186266,Low,Low,Low–Low,,,0,no STRING match,no STRING match,1694,2137,1,1
4155,fig|6666666.1036479.peg.2646,fig|6666666.1036479.peg.1547,0.8972866356372833,0.0030541926236286455,Low,High,Low–High,,,0,no STRING match,no STRING match,1694,2647,1,1
4156,fig|6666666.1036479.peg.312,fig|6666666.1036479.peg.1739,0.8972703158855438,0.0030549276880386645,Medium,Very Low,Very Low–Medium,,,0,no STRING match,no STRING match,2123,2731,1,1
4157,fig|6666666.1036479.peg.364,fig|6666666.1036479.peg.867,0.8972675561904907,0.0030556627524486834,Low,Low,Low–Low,,,0,no STRING match,no STRING match,2137,2346,1,1
4158,fig|6666666.1036479.peg.702,fig|6666666.1036479.peg.728,0.8972468256950379,0.0030563978168587024,Medium,Medium,Medium–Medium,,,0,no STRING match,no STRING match,2266,2286,1,1
4159,fig|6666666.1036479.peg.2568,fig|6666666.1036479.peg.1693,0.8972187161445617,0.0030571328812687214,Very Low,Medium,Very Low–Medium,,,0,no STRING match,no STRING match,1656,2718,1,1
4160,fig|6666666.1036479.peg.728,fig|6666666.1036479.peg.1543,0.8972151577472687,0.0030578679456787403,Medium,Medium,Medium–Medium,,,0,no STRING match,no STRING match,2286,2644,1,1
4161,fig|6666666.1036479.peg.1671,fig|6666666.1036479.peg.1968,0.8972145557403565,0.003058603010088759,High,Very Low,Very Low–High,,,0,no STRING match,no STRING match,2712,2827,1,1
4162,fig|6666666.1036479.peg.2988,fig|6666666.1036479.peg.3083,0.8972108721733093,0.003059338074498778,Medium,High,Medium–High,Hypothetical protein.,,0,secondary STRING hit (STRING protein assigned to a better match),no STRING match,1859,1905,1,1
4163,fig|6666666.1036479.peg.2545,fig|6666666.1036479.peg.1195,0.8972102999687195,0.0030600731389087968,Very Low,Medium,Very Low–Medium,,,0,no STRING match,no STRING match,1638,2492,7,1
4164,fig|6666666.1036479.peg.2567,fig|6666666.1036479.peg.1195,0.8972102999687195,0.0030608082033188157,Very Low,Medium,Very Low–Medium,,,0,no STRING match,no STRING match,1638,2492,7,1
4165,fig|6666666.1036479.peg.1195,fig|6666666.1036479.peg.1573,0.8972102999687195,0.0030615432677288347,Medium,Very Low,Very Low–Medium,,,0,no STRING match,no STRING match,2492,1638,1,7
4166,fig|6666666.1036479.peg.1195,fig|6666666.1036479.peg.1586,0.8972102999687195,0.0030622783321388536,Medium,Very Low,Very Low–Medium,,,0,no STRING match,no STRING match,2492,1638,1,7
4167,fig|6666666.1036479.peg.1195,fig|6666666.1036479.peg.1597,0.8972102999687195,0.0030630133965488726,Medium,Very Low,Very Low–Medium,,,0,no STRING match,no STRING match,2492,1638,1,7
4168,fig|6666666.1036479.peg.1195,fig|6666666.1036479.peg.1619,0.8972102999687195,0.0030637484609588915,Medium,Very Low,Very Low–Medium,,,0,no STRING match,no STRING match,2492,1638,1,7
4169,fig|6666666.1036479.peg.1195,fig|6666666.1036479.peg.1643,0.8972102999687195,0.0030644835253689105,Medium,Very Low,Very Low–Medium,,,0,no STRING match,no STRING match,2492,1638,1,7
4170,fig|6666666.1036479.peg.2792,fig|6666666.1036479.peg.1983,0.8972058534622193,0.0030652185897789294,High,Very Low,Very Low–High,,,0,no STRING match,no STRING match,1754,2834,1,1
4171,fig|6666666.1036479.peg.3191,fig|6666666.1036479.peg.1419,0.8971958518028259,0.0030659536541889484,Medium,High,Medium–High,,,0,no STRING match,no STRING match,1954,2597,1,1
4172,fig|6666666.1036479.peg.36,fig|6666666.1036479.peg.723,0.8971948862075806,0.0030666887185989674,Medium,High,Medium–High,,,0,no STRING match,no STRING match,2023,2281,2,1
4173,fig|6666666.1036479.peg.184,fig|6666666.1036479.peg.723,0.8971948862075806,0.0030674237830089863,Medium,High,Medium–High,,,0,no STRING match,no STRING match,2023,2281,2,1
4174,fig|6666666.1036479.peg.3077,fig|6666666.1036479.peg.687,0.8971938550472259,0.0030681588474190053,Medium,Very Low,Very Low–Medium,,,0,no STRING match,no STRING match,1900,2260,1,1
4175,fig|6666666.1036479.peg.2920,fig|6666666.1036479.peg.2114,0.8971915662288665,0.0030688939118290242,Very Low,Very Low,Very Low–Very Low,,"COG1629 Outer membrane receptor proteins, mostly Fe transport.",0,no STRING match,secondary STRING hit (STRING protein assigned to a better match),1823,2884,1,1
4176,fig|6666666.1036479.peg.475,fig|6666666.1036479.peg.1489,0.8971893489360809,0.0030696289762390428,Low,Very Low,Very Low–Low,,,0,no STRING match,no STRING match,2175,2617,1,1
4177,fig|6666666.1036479.peg.1141,fig|6666666.1036479.peg.2415,0.8971854150295258,0.0030703640406490617,Very Low,Very Low,Very Low–Very Low,,,0,no STRING match,no STRING match,2467,3015,1,1
4178,fig|6666666.1036479.peg.1719,fig|6666666.1036479.peg.1784,0.8971600115299225,0.0030710991050590807,Medium,Very Low,Very Low–Medium,,,0,no STRING match,no STRING match,2727,2749,1,1
4179,fig|6666666.1036479.peg.391,fig|6666666.1036479.peg.2199,0.8971374273300171,0.0030718341694690996,Medium,Low,Low–Medium,,,0,no STRING match,no STRING match,2142,2936,1,1
4180,fig|6666666.1036479.peg.2091,fig|6666666.1036479.peg.2455,0.8971356987953186,0.0030725692338791186,Medium,Medium,Medium–Medium,,,0,no STRING match,no STRING match,2870,3032,1,1
4181,fig|6666666.1036479.peg.2506,fig|6666666.1036479.peg.2347,0.8971330463886261,0.0030733042982891375,Very Low,Low,Very Low–Low,,,0,no STRING match,no STRING match,1613,2990,6,1
4182,fig|6666666.1036479.peg.2516,fig|6666666.1036479.peg.2347,0.8971330463886261,0.0030740393626991565,Very Low,Low,Very Low–Low,,,0,no STRING match,no STRING match,1613,2990,6,1
4183,fig|6666666.1036479.peg.2522,fig|6666666.1036479.peg.2347,0.8971330463886261,0.0030747744271091755,Very Low,Low,Very Low–Low,,,0,no STRING match,no STRING match,1613,2990,6,1
4184,fig|6666666.1036479.peg.974,fig|6666666.1036479.peg.2347,0.8971330463886261,0.0030755094915191944,Very Low,Low,Very Low–Low,,,0,no STRING match,no STRING match,1613,2990,6,1
4185,fig|6666666.1036479.peg.979,fig|6666666.1036479.peg.2347,0.8971330463886261,0.0030762445559292134,Very Low,Low,Very Low–Low,,,0,no STRING match,no STRING match,1613,2990,6,1
4186,fig|6666666.1036479.peg.2347,fig|6666666.1036479.peg.2491,0.8971330463886261,0.0030769796203392323,Low,Very Low,Very Low–Low,,,0,no STRING match,no STRING match,2990,1613,1,6
4187,fig|6666666.1036479.peg.2604,fig|6666666.1036479.peg.1937,0.8971326529979706,0.0030777146847492513,Low,High,Low–High,,,0,no STRING match,no STRING match,1669,2802,1,1
4188,fig|6666666.1036479.peg.3213,fig|6666666.1036479.peg.1901,0.8971249103546143,0.0030784497491592702,Very Low,Very Low,Very Low–Very Low,,,0,no STRING match,no STRING match,1967,2787,1,1
4189,fig|6666666.1036479.peg.3010,fig|6666666.1036479.peg.1671,0.8971181213855743,0.003079184813569289,Low,High,Low–High,,,0,no STRING match,no STRING match,1870,2712,1,1
4190,fig|6666666.1036479.peg.652,fig|6666666.1036479.peg.1901,0.8971095860004425,0.003079919877979308,Very Low,Very Low,Very Low–Very Low,,,0,no STRING match,no STRING match,2249,2787,1,1
4191,fig|6666666.1036479.peg.2792,fig|6666666.1036479.peg.2929,0.8971058607101441,0.0030806549423893267,High,Very Low,Very Low–High,,Hypothetical protein.,0,no STRING match,secondary STRING hit (STRING protein assigned to a better match),1754,1831,1,1
4192,fig|6666666.1036479.peg.2948,fig|6666666.1036479.peg.253,0.8971027374267578,0.0030813900067993456,High,Low,Low–High,,Hypothetical protein.,0,no STRING match,secondary STRING hit (STRING protein assigned to a better match),1843,2096,1,1
4193,fig|6666666.1036479.peg.3213,fig|6666666.1036479.peg.370,0.8971024811267853,0.0030821250712093646,Very Low,High,Very Low–High,,,0,no STRING match,no STRING match,1967,2139,1,1
4194,fig|6666666.1036479.peg.856,fig|6666666.1036479.peg.1183,0.8970959961414338,0.0030828601356193835,Low,Very Low,Very Low–Low,,,0,no STRING match,no STRING match,2340,2491,1,1
4195,fig|6666666.1036479.peg.2843,fig|6666666.1036479.peg.1946,0.8970934152603149,0.0030835952000294025,Very Low,Medium,Very Low–Medium,,,0,no STRING match,no STRING match,1785,2808,1,1
4196,fig|6666666.1036479.peg.3037,fig|6666666.1036479.peg.1719,0.8970888078212738,0.0030843302644394215,Medium,Medium,Medium–Medium,,,0,no STRING match,no STRING match,1889,2727,1,1
4197,fig|6666666.1036479.peg.3113,fig|6666666.1036479.peg.1064,0.8970831871032715,0.0030850653288494404,Very Low,Medium,Very Low–Medium,,,0,no STRING match,no STRING match,1915,2414,1,1
4198,fig|6666666.1036479.peg.781,fig|6666666.1036479.peg.1519,0.8970629572868347,0.0030858003932594594,Medium,High,Medium–High,,,0,no STRING match,no STRING match,2315,2632,1,1
4199,fig|6666666.1036479.peg.1419,fig|6666666.1036479.peg.2093,0.8970595538616181,0.0030865354576694783,High,Medium,Medium–High,,,0,no STRING match,no STRING match,2597,2872,1,1
4200,fig|6666666.1036479.peg.1080,fig|6666666.1036479.peg.2049,0.8970588266849517,0.0030872705220794973,High,Very Low,Very Low–High,,,0,no STRING match,no STRING match,2424,2851,1,1
4201,fig|6666666.1036479.peg.2778,fig|6666666.1036479.peg.1140,0.897046172618866,0.0030880055864895162,Very Low,Very Low,Very Low–Very Low,,,0,no STRING match,no STRING match,1747,2466,1,1
4202,fig|6666666.1036479.peg.1161,fig|6666666.1036479.peg.1538,0.8970310032367707,0.003088740650899535,Very Low,Very Low,Very Low–Very Low,,,0,no STRING match,no STRING match,2482,2642,1,1
4203,fig|6666666.1036479.peg.781,fig|6666666.1036479.peg.881,0.8970267832279205,0.003089475715309554,Medium,High,Medium–High,,,0,no STRING match,no STRING match,2315,2356,1,1
4204,fig|6666666.1036479.peg.2988,fig|6666666.1036479.peg.885,0.8970245718955994,0.003090210779719573,Medium,Medium,Medium–Medium,Hypothetical protein.,,0,secondary STRING hit (STRING protein assigned to a better match),no STRING match,1859,2360,1,1
4205,fig|6666666.1036479.peg.2948,fig|6666666.1036479.peg.721,0.8969924688339234,0.003090945844129592,High,High,High–High,,Yd repeat protein; COG3209 Rhs family protein.,0,no STRING match,secondary STRING hit (STRING protein assigned to a better match),1843,2279,1,1
4206,fig|6666666.1036479.peg.2571,fig|6666666.1036479.peg.866,0.8969887852668762,0.0030916809085396106,Medium,High,Medium–High,,,0,no STRING match,no STRING match,1659,2345,1,1
4207,fig|6666666.1036479.peg.2114,fig|6666666.1036479.peg.2348,0.8969746768474579,0.0030924159729496296,Very Low,High,Very Low–High,"COG1629 Outer membrane receptor proteins, mostly Fe transport.",,0,secondary STRING hit (STRING protein assigned to a better match),no STRING match,2884,2991,1,1
4208,fig|6666666.1036479.peg.2920,fig|6666666.1036479.peg.2364,0.8969679415225983,0.0030931510373596485,Very Low,Medium,Very Low–Medium,,,0,no STRING match,no STRING match,1823,2994,1,1
4209,fig|6666666.1036479.peg.244,fig|6666666.1036479.peg.2199,0.8969664394855499,0.0030938861017696675,Very Low,Low,Very Low–Low,,,0,no STRING match,no STRING match,2092,2936,1,1
4210,fig|6666666.1036479.peg.3079,fig|6666666.1036479.peg.874,0.8969648718833924,0.0030946211661796864,Very Low,Medium,Very Low–Medium,,,0,no STRING match,no STRING match,1902,2351,1,1
4211,fig|6666666.1036479.peg.2506,fig|6666666.1036479.peg.2918,0.8969642817974091,0.0030953562305897054,Very Low,Very Low,Very Low–Very Low,,,0,no STRING match,no STRING match,1613,1822,6,1
4212,fig|6666666.1036479.peg.2516,fig|6666666.1036479.peg.2918,0.8969642817974091,0.0030960912949997243,Very Low,Very Low,Very Low–Very Low,,,0,no STRING match,no STRING match,1613,1822,6,1
4213,fig|6666666.1036479.peg.2522,fig|6666666.1036479.peg.2918,0.8969642817974091,0.0030968263594097433,Very Low,Very Low,Very Low–Very Low,,,0,no STRING match,no STRING match,1613,1822,6,1
4214,fig|6666666.1036479.peg.2918,fig|6666666.1036479.peg.974,0.8969642817974091,0.0030975614238197622,Very Low,Very Low,Very Low–Very Low,,,0,no STRING match,no STRING match,1822,1613,1,6
4215,fig|6666666.1036479.peg.2918,fig|6666666.1036479.peg.979,0.8969642817974091,0.003098296488229781,Very Low,Very Low,Very Low–Very Low,,,0,no STRING match,no STRING match,1822,1613,1,6
4216,fig|6666666.1036479.peg.2918,fig|6666666.1036479.peg.2491,0.8969642817974091,0.0030990315526398,Very Low,Very Low,Very Low–Very Low,,,0,no STRING match,no STRING match,1822,1613,1,6
4217,fig|6666666.1036479.peg.36,fig|6666666.1036479.peg.1080,0.8969634711742401,0.003099766617049819,Medium,High,Medium–High,,,0,no STRING match,no STRING match,2023,2424,2,1
4218,fig|6666666.1036479.peg.184,fig|6666666.1036479.peg.1080,0.8969634711742401,0.003100501681459838,Medium,High,Medium–High,,,0,no STRING match,no STRING match,2023,2424,2,1
4219,fig|6666666.1036479.peg.536,fig|6666666.1036479.peg.903,0.8969587981700897,0.003101236745869857,Medium,Medium,Medium–Medium,,,0,no STRING match,no STRING match,2193,2371,1,1
4220,fig|6666666.1036479.peg.458,fig|6666666.1036479.peg.723,0.8969536066055298,0.003101971810279876,Low,High,Low–High,,,0,no STRING match,no STRING match,2168,2281,1,1
4221,fig|6666666.1036479.peg.2973,fig|6666666.1036479.peg.1080,0.8969517290592194,0.0031027068746898945,Low,High,Low–High,,,0,no STRING match,no STRING match,1854,2424,1,1
4222,fig|6666666.1036479.peg.1726,fig|6666666.1036479.peg.2071,0.8969514191150665,0.0031034419390999135,Very Low,Medium,Very Low–Medium,,,0,no STRING match,no STRING match,2729,2862,1,1
4223,fig|6666666.1036479.peg.2536,fig|6666666.1036479.peg.3077,0.8969242513179779,0.0031041770035099324,Very Low,Medium,Very Low–Medium,,,0,no STRING match,no STRING match,1629,1900,1,1
4224,fig|6666666.1036479.peg.2545,fig|6666666.1036479.peg.3077,0.8969022870063782,0.0031049120679199514,Very Low,Medium,Very Low–Medium,,,0,no STRING match,no STRING match,1638,1900,7,1
4225,fig|6666666.1036479.peg.2567,fig|6666666.1036479.peg.3077,0.8969022870063782,0.0031056471323299703,Very Low,Medium,Very Low–Medium,,,0,no STRING match,no STRING match,1638,1900,7,1
4226,fig|6666666.1036479.peg.3077,fig|6666666.1036479.peg.1573,0.8969022870063782,0.0031063821967399893,Medium,Very Low,Very Low–Medium,,,0,no STRING match,no STRING match,1900,1638,1,7
4227,fig|6666666.1036479.peg.3077,fig|6666666.1036479.peg.1586,0.8969022870063782,0.0031071172611500083,Medium,Very Low,Very Low–Medium,,,0,no STRING match,no STRING match,1900,1638,1,7
4228,fig|6666666.1036479.peg.3077,fig|6666666.1036479.peg.1597,0.8969022870063782,0.003107852325560027,Medium,Very Low,Very Low–Medium,,,0,no STRING match,no STRING match,1900,1638,1,7
4229,fig|6666666.1036479.peg.3077,fig|6666666.1036479.peg.1619,0.8969022870063782,0.003108587389970046,Medium,Very Low,Very Low–Medium,,,0,no STRING match,no STRING match,1900,1638,1,7
4230,fig|6666666.1036479.peg.3077,fig|6666666.1036479.peg.1643,0.8969022870063782,0.003109322454380065,Medium,Very Low,Very Low–Medium,,,0,no STRING match,no STRING match,1900,1638,1,7
4231,fig|6666666.1036479.peg.2923,fig|6666666.1036479.peg.856,0.8968952715396881,0.003110057518790084,Medium,Low,Low–Medium,,,0,no STRING match,no STRING match,1826,2340,1,1
4232,fig|6666666.1036479.peg.2600,fig|6666666.1036479.peg.1739,0.8968872964382172,0.003110792583200103,Very Low,Very Low,Very Low–Very Low,,,0,no STRING match,no STRING match,1667,2731,1,1
4233,fig|6666666.1036479.peg.2948,fig|6666666.1036479.peg.903,0.8968804895877838,0.003111527647610122,High,Medium,Medium–High,,,0,no STRING match,no STRING match,1843,2371,1,1
4234,fig|6666666.1036479.peg.3188,fig|6666666.1036479.peg.573,0.8968768537044525,0.003112262712020141,Medium,Very Low,Very Low–Medium,,Hypothetical protein.,0,no STRING match,secondary STRING hit (STRING protein assigned to a better match),1951,2210,1,1
4235,fig|6666666.1036479.peg.1719,fig|6666666.1036479.peg.2279,0.8968744516372681,0.00311299777643016,Medium,Medium,Medium–Medium,,,0,no STRING match,no STRING match,2727,2958,1,1
4236,fig|6666666.1036479.peg.1394,fig|6666666.1036479.peg.2092,0.8968624770641327,0.0031137328408401784,Medium,Medium,Medium–Medium,,,0,no STRING match,no STRING match,2583,2871,1,1
4237,fig|6666666.1036479.peg.34,fig|6666666.1036479.peg.1719,0.8968596816062927,0.0031144679052501974,Very Low,Medium,Very Low–Medium,,,0,no STRING match,no STRING match,2021,2727,2,1
4238,fig|6666666.1036479.peg.182,fig|6666666.1036479.peg.1719,0.8968596816062927,0.0031152029696602163,Very Low,Medium,Very Low–Medium,,,0,no STRING match,no STRING match,2021,2727,2,1
4239,fig|6666666.1036479.peg.3184,fig|6666666.1036479.peg.1946,0.8968485355377197,0.0031159380340702353,Very Low,Medium,Very Low–Medium,,,0,no STRING match,no STRING match,1947,2808,1,1
4240,fig|6666666.1036479.peg.2988,fig|6666666.1036479.peg.1002,0.8968422591686249,0.0031166730984802543,Medium,Medium,Medium–Medium,Hypothetical protein.,,0,secondary STRING hit (STRING protein assigned to a better match),no STRING match,1859,2399,1,1
4241,fig|6666666.1036479.peg.3020,fig|6666666.1036479.peg.1947,0.8968422532081604,0.003117408162890273,Low,Medium,Low–Medium,,,0,no STRING match,no STRING match,1878,2809,1,1
4242,fig|6666666.1036479.peg.2540,fig|6666666.1036479.peg.874,0.8968278229236603,0.003118143227300292,Medium,Medium,Medium–Medium,,,0,no STRING match,no STRING match,1633,2351,1,1
4243,fig|6666666.1036479.peg.867,fig|6666666.1036479.peg.1547,0.8968168079853058,0.003118878291710311,Low,High,Low–High,,,0,no STRING match,no STRING match,2346,2647,1,1
4244,fig|6666666.1036479.peg.2920,fig|6666666.1036479.peg.3020,0.89681196808815,0.00311961335612033,Very Low,Low,Very Low–Low,,,0,no STRING match,no STRING match,1823,1878,1,1
4245,fig|6666666.1036479.peg.2501,fig|6666666.1036479.peg.2199,0.8967795670032501,0.003120348420530349,High,Low,Low–High,,,0,no STRING match,no STRING match,1608,2936,1,1
4246,fig|6666666.1036479.peg.2501,fig|6666666.1036479.peg.1339,0.8967749059200287,0.003121083484940368,High,Very Low,Very Low–High,,,0,no STRING match,no STRING match,1608,2550,1,1
4247,fig|6666666.1036479.peg.3000,fig|6666666.1036479.peg.3168,0.8967366278171539,0.003121818549350387,Very Low,Very Low,Very Low–Very Low,,,0,no STRING match,no STRING match,1863,1937,1,1
4248,fig|6666666.1036479.peg.887,fig|6666666.1036479.peg.1673,0.8967263460159302,0.003122553613760406,Medium,Very Low,Very Low–Medium,,,0,no STRING match,no STRING match,2362,2713,1,1
4249,fig|6666666.1036479.peg.2788,fig|6666666.1036479.peg.36,0.8967253029346466,0.003123288678170425,Medium,Medium,Medium–Medium,,,0,no STRING match,no STRING match,1752,2023,1,2
4250,fig|6666666.1036479.peg.2788,fig|6666666.1036479.peg.184,0.8967253029346466,0.003124023742580444,Medium,Medium,Medium–Medium,,,0,no STRING match,no STRING match,1752,2023,1,2
4251,fig|6666666.1036479.peg.3131,fig|6666666.1036479.peg.1074,0.8967232942581177,0.0031247588069904624,Low,High,Low–High,,,0,no STRING match,no STRING match,1923,2418,1,1
4252,fig|6666666.1036479.peg.308,fig|6666666.1036479.peg.2071,0.8967223942279816,0.0031254938714004813,Medium,Medium,Medium–Medium,,,0,no STRING match,no STRING match,2121,2862,1,1
4253,fig|6666666.1036479.peg.684,fig|6666666.1036479.peg.1739,0.8967114150524139,0.0031262289358105003,High,Very Low,Very Low–High,,,0,no STRING match,no STRING match,2258,2731,1,1
4254,fig|6666666.1036479.peg.2679,fig|6666666.1036479.peg.1080,0.8966951668262482,0.0031269640002205192,Medium,High,Medium–High,,,0,no STRING match,no STRING match,1705,2424,1,1
4255,fig|6666666.1036479.peg.1671,fig|6666666.1036479.peg.2386,0.8966917335987091,0.003127699064630538,High,Medium,Medium–High,,,0,no STRING match,no STRING match,2712,3000,1,1
4256,fig|6666666.1036479.peg.2548,fig|6666666.1036479.peg.2467,0.8966760396957397,0.003128434129040557,High,Low,Low–High,,,0,no STRING match,no STRING match,1641,3038,1,1
4257,fig|6666666.1036479.peg.2788,fig|6666666.1036479.peg.3076,0.8966685175895691,0.003129169193450576,Medium,High,Medium–High,,,0,no STRING match,no STRING match,1752,1899,1,1
4258,fig|6666666.1036479.peg.856,fig|6666666.1036479.peg.1770,0.8966637492179871,0.003129904257860595,Low,Low,Low–Low,,,0,no STRING match,no STRING match,2340,2742,1,1
4259,fig|6666666.1036479.peg.1150,fig|6666666.1036479.peg.1538,0.8966463029384613,0.003130639322270614,Very Low,Very Low,Very Low–Very Low,,,0,no STRING match,no STRING match,2476,2642,1,1
4260,fig|6666666.1036479.peg.942,fig|6666666.1036479.peg.1074,0.8966398239135742,0.003131374386680633,Very Low,High,Very Low–High,,,0,no STRING match,no STRING match,2389,2418,1,1
4261,fig|6666666.1036479.peg.2691,fig|6666666.1036479.peg.899,0.8966383457183837,0.003132109451090652,Very Low,Very Low,Very Low–Very Low,,,0,no STRING match,no STRING match,1711,2369,1,1
4262,fig|6666666.1036479.peg.1135,fig|6666666.1036479.peg.1161,0.8966373145580292,0.003132844515500671,Very Low,Very Low,Very Low–Very Low,,,0,no STRING match,no STRING match,2462,2482,1,1
4263,fig|6666666.1036479.peg.2672,fig|6666666.1036479.peg.723,0.8966343581676484,0.00313357957991069,Medium,High,Medium–High,,,0,no STRING match,no STRING match,1704,2281,1,1
4264,fig|6666666.1036479.peg.1739,fig|6666666.1036479.peg.1968,0.8966133415699005,0.003134314644320709,Very Low,Very Low,Very Low–Very Low,,,0,no STRING match,no STRING match,2731,2827,1,1
4265,fig|6666666.1036479.peg.793,fig|6666666.1036479.peg.1968,0.896612673997879,0.0031350497087307277,Medium,Very Low,Very Low–Medium,,,0,no STRING match,no STRING match,2320,2827,1,1
4266,fig|6666666.1036479.peg.652,fig|6666666.1036479.peg.1080,0.8966079652309418,0.0031357847731407463,Very Low,High,Very Low–High,,,0,no STRING match,no STRING match,2249,2424,1,1
4267,fig|6666666.1036479.peg.253,fig|6666666.1036479.peg.1693,0.8966077744960785,0.0031365198375507652,Low,Medium,Low–Medium,Hypothetical protein.,,0,secondary STRING hit (STRING protein assigned to a better match),no STRING match,2096,2718,1,1
4268,fig|6666666.1036479.peg.687,fig|6666666.1036479.peg.856,0.8966076076030731,0.003137254901960784,Very Low,Low,Very Low–Low,,,0,no STRING match,no STRING match,2260,2340,1,1
4269,fig|6666666.1036479.peg.3020,fig|6666666.1036479.peg.1308,0.8966007053852081,0.003137989966370803,Low,Medium,Low–Medium,,,0,no STRING match,no STRING match,1878,2532,1,1
4270,fig|6666666.1036479.peg.370,fig|6666666.1036479.peg.2238,0.8965941309928894,0.003138725030780822,High,Very Low,Very Low–High,,,0,no STRING match,no STRING match,2139,2942,1,1
4271,fig|6666666.1036479.peg.728,fig|6666666.1036479.peg.2327,0.8965863645076751,0.003139460095190841,Medium,Medium,Medium–Medium,,,0,no STRING match,no STRING match,2286,2982,1,1
4272,fig|6666666.1036479.peg.2536,fig|6666666.1036479.peg.1195,0.8965845942497254,0.00314019515960086,Very Low,Medium,Very Low–Medium,,,0,no STRING match,no STRING match,1629,2492,1,1
4273,fig|6666666.1036479.peg.2988,fig|6666666.1036479.peg.1409,0.8965831756591797,0.003140930224010879,Medium,Medium,Medium–Medium,Hypothetical protein.,,0,secondary STRING hit (STRING protein assigned to a better match),no STRING match,1859,2588,1,1
4274,fig|6666666.1036479.peg.856,fig|6666666.1036479.peg.937,0.8965759456157685,0.003141665288420898,Low,Medium,Low–Medium,,,0,no STRING match,no STRING match,2340,2386,1,1
4275,fig|6666666.1036479.peg.3222,fig|6666666.1036479.peg.2436,0.8965755343437195,0.003142400352830917,Medium,Medium,Medium–Medium,,,0,no STRING match,no STRING match,1972,3022,2,1
4276,fig|6666666.1036479.peg.138,fig|6666666.1036479.peg.2436,0.8965755343437195,0.003143135417240936,Medium,Medium,Medium–Medium,,,0,no STRING match,no STRING match,1972,3022,2,1
4277,fig|6666666.1036479.peg.702,fig|6666666.1036479.peg.934,0.8965744078159332,0.003143870481650955,Medium,Low,Low–Medium,,,0,no STRING match,no STRING match,2266,2385,1,1
4278,fig|6666666.1036479.peg.36,fig|6666666.1036479.peg.236,0.8965729057788849,0.0031446055460609738,Medium,Very Low,Very Low–Medium,,,0,no STRING match,no STRING match,2023,2086,2,1
4279,fig|6666666.1036479.peg.184,fig|6666666.1036479.peg.236,0.8965729057788849,0.0031453406104709927,Medium,Very Low,Very Low–Medium,,,0,no STRING match,no STRING match,2023,2086,2,1
4280,fig|6666666.1036479.peg.3076,fig|6666666.1036479.peg.3191,0.8965693712234497,0.0031460756748810112,High,Medium,Medium–High,,,0,no STRING match,no STRING match,1899,1954,1,1
4281,fig|6666666.1036479.peg.391,fig|6666666.1036479.peg.1416,0.8965556740760803,0.00314681073929103,Medium,Medium,Medium–Medium,,,0,no STRING match,no STRING match,2142,2595,1,1
4282,fig|6666666.1036479.peg.2548,fig|6666666.1036479.peg.573,0.8965495228767395,0.003147545803701049,High,Very Low,Very Low–High,,Hypothetical protein.,0,no STRING match,secondary STRING hit (STRING protein assigned to a better match),1641,2210,1,1
4283,fig|6666666.1036479.peg.475,fig|6666666.1036479.peg.1961,0.8965374648571014,0.003148280868111068,Low,Medium,Low–Medium,,,0,no STRING match,no STRING match,2175,2822,1,1
4284,fig|6666666.1036479.peg.2672,fig|6666666.1036479.peg.1814,0.8965287506580353,0.003149015932521087,Medium,Very Low,Very Low–Medium,,,0,no STRING match,no STRING match,1704,2763,1,1
4285,fig|6666666.1036479.peg.728,fig|6666666.1036479.peg.2042,0.896522581577301,0.003149750996931106,Medium,High,Medium–High,,,0,no STRING match,no STRING match,2286,2850,1,1
4286,fig|6666666.1036479.peg.2754,fig|6666666.1036479.peg.2199,0.8965200424194336,0.003150486061341125,Very Low,Low,Very Low–Low,,,0,no STRING match,no STRING match,1735,2936,1,1
4287,fig|6666666.1036479.peg.2762,fig|6666666.1036479.peg.903,0.8965111553668976,0.003151221125751144,Medium,Medium,Medium–Medium,Hypothetical protein.,,0,secondary STRING hit (STRING protein assigned to a better match),no STRING match,1741,2371,1,1
4288,fig|6666666.1036479.peg.475,fig|6666666.1036479.peg.1764,0.8965088546276092,0.003151956190161163,Low,Low,Low–Low,,,0,no STRING match,no STRING match,2175,2739,1,1
4289,fig|6666666.1036479.peg.2792,fig|6666666.1036479.peg.1968,0.8965063154697418,0.003152691254571182,High,Very Low,Very Low–High,,,0,no STRING match,no STRING match,1754,2827,1,1
4290,fig|6666666.1036479.peg.942,fig|6666666.1036479.peg.1355,0.8965024173259735,0.003153426318981201,Very Low,Medium,Very Low–Medium,,,0,no STRING match,no STRING match,2389,2564,1,1
4291,fig|6666666.1036479.peg.2672,fig|6666666.1036479.peg.889,0.8965002238750458,0.0031541613833912198,Medium,Low,Low–Medium,,,0,no STRING match,no STRING match,1704,2364,1,1
4292,fig|6666666.1036479.peg.411,fig|6666666.1036479.peg.877,0.8964988648891449,0.0031548964478012387,Low,Very Low,Very Low–Low,Hypothetical protein.,,0,secondary STRING hit (STRING protein assigned to a better match),no STRING match,2150,2353,1,1
4293,fig|6666666.1036479.peg.793,fig|6666666.1036479.peg.1355,0.8964964032173157,0.0031556315122112577,Medium,Medium,Medium–Medium,,,0,no STRING match,no STRING match,2320,2564,1,1
4294,fig|6666666.1036479.peg.3205,fig|6666666.1036479.peg.411,0.8964721918106079,0.0031563665766212766,Low,Low,Low–Low,,Hypothetical protein.,0,no STRING match,secondary STRING hit (STRING protein assigned to a better match),1964,2150,1,1
4295,fig|6666666.1036479.peg.411,fig|6666666.1036479.peg.1617,0.8964537143707275,0.003157101641031295,Low,Low,Low–Low,Hypothetical protein.,,0,secondary STRING hit (STRING protein assigned to a better match),no STRING match,2150,2688,1,2
4296,fig|6666666.1036479.peg.411,fig|6666666.1036479.peg.1625,0.8964537143707275,0.003157836705441314,Low,Low,Low–Low,Hypothetical protein.,,0,secondary STRING hit (STRING protein assigned to a better match),no STRING match,2150,2688,1,2
4297,fig|6666666.1036479.peg.236,fig|6666666.1036479.peg.2436,0.8964481592178345,0.003158571769851333,Very Low,Medium,Very Low–Medium,,,0,no STRING match,no STRING match,2086,3022,1,1
4298,fig|6666666.1036479.peg.3207,fig|6666666.1036479.peg.689,0.8964395821094513,0.003159306834261352,Medium,High,Medium–High,,,0,no STRING match,no STRING match,1965,2261,1,1
4299,fig|6666666.1036479.peg.793,fig|6666666.1036479.peg.1961,0.8964390516281128,0.003160041898671371,Medium,Medium,Medium–Medium,,,0,no STRING match,no STRING match,2320,2822,1,1
4300,fig|6666666.1036479.peg.3184,fig|6666666.1036479.peg.1419,0.8964383184909821,0.00316077696308139,Very Low,High,Very Low–High,,,0,no STRING match,no STRING match,1947,2597,1,1
4301,fig|6666666.1036479.peg.2648,fig|6666666.1036479.peg.2754,0.8964371383190155,0.003161512027491409,Very Low,Very Low,Very Low–Very Low,,,0,no STRING match,no STRING match,1695,1735,1,1
4302,fig|6666666.1036479.peg.861,fig|6666666.1036479.peg.1983,0.8964339852333069,0.003162247091901428,High,Very Low,Very Low–High,,,0,no STRING match,no STRING match,2341,2834,1,1
4303,fig|6666666.1036479.peg.881,fig|6666666.1036479.peg.1937,0.896431565284729,0.003162982156311447,High,High,High–High,,,0,no STRING match,no STRING match,2356,2802,1,1
4304,fig|6666666.1036479.peg.2866,fig|6666666.1036479.peg.1273,0.8964231252670288,0.0031637172207214658,Very Low,Very Low,Very Low–Very Low,,,0,no STRING match,no STRING match,1798,2524,1,1
4305,fig|6666666.1036479.peg.1719,fig|6666666.1036479.peg.1970,0.8964142262935638,0.0031644522851314847,Medium,Very Low,Very Low–Medium,,,0,no STRING match,no STRING match,2727,2829,1,1
4306,fig|6666666.1036479.peg.793,fig|6666666.1036479.peg.1764,0.8964120030403138,0.0031651873495415037,Medium,Low,Low–Medium,,,0,no STRING match,no STRING match,2320,2739,1,1
4307,fig|6666666.1036479.peg.1671,fig|6666666.1036479.peg.1961,0.8964118123054504,0.0031659224139515226,High,Medium,Medium–High,,,0,no STRING match,no STRING match,2712,2822,1,1
4308,fig|6666666.1036479.peg.304,fig|6666666.1036479.peg.1719,0.8964112997055054,0.0031666574783615416,Medium,Medium,Medium–Medium,,,0,no STRING match,no STRING match,2118,2727,1,1
4309,fig|6666666.1036479.peg.1739,fig|6666666.1036479.peg.2099,0.8963985323905945,0.0031673925427715605,Very Low,Low,Very Low–Low,,,0,no STRING match,no STRING match,2731,2876,1,1
4310,fig|6666666.1036479.peg.2814,fig|6666666.1036479.peg.1080,0.8963949918746948,0.003168127607181579,Very Low,High,Very Low–High,,,0,no STRING match,no STRING match,1765,2424,1,1
4311,fig|6666666.1036479.peg.923,fig|6666666.1036479.peg.1946,0.8963943541049957,0.003168862671591598,High,Medium,Medium–High,,,0,no STRING match,no STRING match,2380,2808,1,1
4312,fig|6666666.1036479.peg.950,fig|6666666.1036479.peg.1160,0.8963629364967346,0.003169597736001617,Very Low,Very Low,Very Low–Very Low,,,0,no STRING match,no STRING match,2392,2481,1,1
4313,fig|6666666.1036479.peg.3078,fig|6666666.1036479.peg.411,0.8963589251041413,0.003170332800411636,Medium,Low,Low–Medium,,Hypothetical protein.,0,no STRING match,secondary STRING hit (STRING protein assigned to a better match),1901,2150,1,1
4314,fig|6666666.1036479.peg.3199,fig|6666666.1036479.peg.475,0.8963576555252075,0.003171067864821655,Very Low,Low,Very Low–Low,,,0,no STRING match,no STRING match,1961,2175,1,1
4315,fig|6666666.1036479.peg.1489,fig|6666666.1036479.peg.1671,0.8963537633419036,0.003171802929231674,Very Low,High,Very Low–High,,,0,no STRING match,no STRING match,2617,2712,1,1
4316,fig|6666666.1036479.peg.866,fig|6666666.1036479.peg.874,0.8963483691215515,0.003172537993641693,High,Medium,Medium–High,,,0,no STRING match,no STRING match,2345,2351,1,1
4317,fig|6666666.1036479.peg.241,fig|6666666.1036479.peg.856,0.8963442981243134,0.0031732730580517118,High,Low,Low–High,,,0,no STRING match,no STRING match,2089,2340,1,1
4318,fig|6666666.1036479.peg.1080,fig|6666666.1036479.peg.1693,0.8963298439979553,0.0031740081224617307,High,Medium,Medium–High,,,0,no STRING match,no STRING match,2424,2718,1,1
4319,fig|6666666.1036479.peg.2364,fig|6666666.1036479.peg.2455,0.8963288545608521,0.0031747431868717497,Medium,Medium,Medium–Medium,,,0,no STRING match,no STRING match,2994,3032,1,1
4320,fig|6666666.1036479.peg.2548,fig|6666666.1036479.peg.2455,0.896324622631073,0.0031754782512817686,High,Medium,Medium–High,,,0,no STRING match,no STRING match,1641,3032,1,1
4321,fig|6666666.1036479.peg.3128,fig|6666666.1036479.peg.861,0.8963235914707184,0.0031762133156917876,Very Low,High,Very Low–High,,,0,no STRING match,no STRING match,1921,2341,1,1
4322,fig|6666666.1036479.peg.3205,fig|6666666.1036479.peg.1739,0.8963198304176331,0.0031769483801018066,Low,Very Low,Very Low–Low,,,0,no STRING match,no STRING match,1964,2731,1,1
4323,fig|6666666.1036479.peg.3131,fig|6666666.1036479.peg.1784,0.8963189601898194,0.0031776834445118255,Low,Very Low,Very Low–Low,,,0,no STRING match,no STRING match,1923,2749,1,1
4324,fig|6666666.1036479.peg.793,fig|6666666.1036479.peg.1983,0.896317183971405,0.0031784185089218445,Medium,Very Low,Very Low–Medium,,,0,no STRING match,no STRING match,2320,2834,1,1
4325,fig|6666666.1036479.peg.2551,fig|6666666.1036479.peg.1719,0.8963114798069001,0.003179153573331863,Very Low,Medium,Very Low–Medium,,,0,no STRING match,no STRING match,1644,2727,1,1
4326,fig|6666666.1036479.peg.2788,fig|6666666.1036479.peg.934,0.8963024497032166,0.003179888637741882,Medium,Low,Low–Medium,,,0,no STRING match,no STRING match,1752,2385,1,1
4327,fig|6666666.1036479.peg.458,fig|6666666.1036479.peg.1554,0.8962997555732727,0.003180623702151901,Low,Medium,Low–Medium,,,0,no STRING match,no STRING match,2168,2649,1,1
4328,fig|6666666.1036479.peg.1947,fig|6666666.1036479.peg.2114,0.8962981224060058,0.00318135876656192,Medium,Very Low,Very Low–Medium,,"COG1629 Outer membrane receptor proteins, mostly Fe transport.",0,no STRING match,secondary STRING hit (STRING protein assigned to a better match),2809,2884,1,1
4329,fig|6666666.1036479.peg.2973,fig|6666666.1036479.peg.861,0.8962916195392608,0.003182093830971939,Low,High,Low–High,,,0,no STRING match,no STRING match,1854,2341,1,1
4330,fig|6666666.1036479.peg.2672,fig|6666666.1036479.peg.2811,0.8962894439697265,0.0031828288953819578,Medium,Medium,Medium–Medium,,,0,no STRING match,no STRING match,1704,1762,1,1
4331,fig|6666666.1036479.peg.1265,fig|6666666.1036479.peg.2071,0.8962776124477386,0.0031835639597919767,Low,Medium,Low–Medium,,,0,no STRING match,no STRING match,2519,2862,1,1
4332,fig|6666666.1036479.peg.3020,fig|6666666.1036479.peg.3191,0.896275544166565,0.0031842990242019957,Low,Medium,Low–Medium,,,0,no STRING match,no STRING match,1878,1954,1,1
4333,fig|6666666.1036479.peg.1419,fig|6666666.1036479.peg.1934,0.8962692201137543,0.0031850340886120146,High,Low,Low–High,,,0,no STRING match,no STRING match,2597,2801,1,1
4334,fig|6666666.1036479.peg.1064,fig|6666666.1036479.peg.2091,0.8962687015533447,0.0031857691530220336,Medium,Medium,Medium–Medium,,,0,no STRING match,no STRING match,2414,2870,1,1
4335,fig|6666666.1036479.peg.861,fig|6666666.1036479.peg.1934,0.8962683856487275,0.0031865042174320526,High,Low,Low–High,,,0,no STRING match,no STRING match,2341,2801,1,1
4336,fig|6666666.1036479.peg.2792,fig|6666666.1036479.peg.719,0.8962669014930725,0.0031872392818420715,High,Medium,Medium–High,,,0,no STRING match,no STRING match,1754,2277,1,1
4337,fig|6666666.1036479.peg.1693,fig|6666666.1036479.peg.1991,0.8962610721588135,0.0031879743462520905,Medium,Very Low,Very Low–Medium,,,0,no STRING match,no STRING match,2718,2837,1,1
4338,fig|6666666.1036479.peg.3020,fig|6666666.1036479.peg.2455,0.8962574183940888,0.0031887094106621094,Low,Medium,Low–Medium,,,0,no STRING match,no STRING match,1878,3032,1,1
4339,fig|6666666.1036479.peg.3089,fig|6666666.1036479.peg.723,0.896236264705658,0.0031894444750721284,High,High,High–High,,,0,no STRING match,no STRING match,1907,2281,1,1
4340,fig|6666666.1036479.peg.2762,fig|6666666.1036479.peg.1547,0.8962356567382812,0.003190179539482147,Medium,High,Medium–High,Hypothetical protein.,,0,secondary STRING hit (STRING protein assigned to a better match),no STRING match,1741,2647,1,1
4341,fig|6666666.1036479.peg.2548,fig|6666666.1036479.peg.395,0.8962304592132568,0.003190914603892166,High,Very Low,Very Low–High,,,0,no STRING match,no STRING match,1641,2144,1,1
4342,fig|6666666.1036479.peg.253,fig|6666666.1036479.peg.1566,0.8962282776832581,0.003191649668302185,Low,High,Low–High,Hypothetical protein.,,0,secondary STRING hit (STRING protein assigned to a better match),no STRING match,2096,2659,1,1
4343,fig|6666666.1036479.peg.2866,fig|6666666.1036479.peg.3168,0.8962220072746276,0.0031923847327122038,Very Low,Very Low,Very Low–Very Low,,,0,no STRING match,no STRING match,1798,1937,1,1
4344,fig|6666666.1036479.peg.2987,fig|6666666.1036479.peg.411,0.8962173640727997,0.0031931197971222227,Very Low,Low,Very Low–Low,,Hypothetical protein.,0,no STRING match,secondary STRING hit (STRING protein assigned to a better match),1858,2150,1,1
4345,fig|6666666.1036479.peg.2792,fig|6666666.1036479.peg.2814,0.896213698387146,0.0031938548615322417,High,Very Low,Very Low–High,,,0,no STRING match,no STRING match,1754,1765,1,1
4346,fig|6666666.1036479.peg.2679,fig|6666666.1036479.peg.370,0.8962094902992248,0.0031945899259422606,Medium,High,Medium–High,,,0,no STRING match,no STRING match,1705,2139,1,1
4347,fig|6666666.1036479.peg.793,fig|6666666.1036479.peg.1771,0.8961852312088012,0.0031953249903522796,Medium,Medium,Medium–Medium,,,0,no STRING match,no STRING match,2320,2743,1,1
4348,fig|6666666.1036479.peg.726,fig|6666666.1036479.peg.793,0.8961786329746246,0.0031960600547622986,Very Low,Medium,Very Low–Medium,,,0,no STRING match,no STRING match,2284,2320,1,1
4349,fig|6666666.1036479.peg.2666,fig|6666666.1036479.peg.2071,0.8961647748947144,0.0031967951191723175,High,Medium,Medium–High,,,0,no STRING match,no STRING match,1702,2862,1,1
4350,fig|6666666.1036479.peg.721,fig|6666666.1036479.peg.2364,0.8961619853973388,0.0031975301835823365,High,Medium,Medium–High,Yd repeat protein; COG3209 Rhs family protein.,,0,secondary STRING hit (STRING protein assigned to a better match),no STRING match,2279,2994,1,1
4351,fig|6666666.1036479.peg.2681,fig|6666666.1036479.peg.1331,0.8961606740951538,0.0031982652479923554,Low,Low,Low–Low,,,0,no STRING match,no STRING match,1706,2548,1,1
4352,fig|6666666.1036479.peg.364,fig|6666666.1036479.peg.1693,0.8961552977561951,0.0031990003124023744,Low,Medium,Low–Medium,,,0,no STRING match,no STRING match,2137,2718,1,1
4353,fig|6666666.1036479.peg.2545,fig|6666666.1036479.peg.3213,0.8961535453796386,0.0031997353768123933,Very Low,Very Low,Very Low–Very Low,,,0,no STRING match,no STRING match,1638,1967,7,1
4354,fig|6666666.1036479.peg.2567,fig|6666666.1036479.peg.3213,0.8961535453796386,0.0032004704412224123,Very Low,Very Low,Very Low–Very Low,,,0,no STRING match,no STRING match,1638,1967,7,1
4355,fig|6666666.1036479.peg.3213,fig|6666666.1036479.peg.1573,0.8961535453796386,0.003201205505632431,Very Low,Very Low,Very Low–Very Low,,,0,no STRING match,no STRING match,1967,1638,1,7
4356,fig|6666666.1036479.peg.3213,fig|6666666.1036479.peg.1586,0.8961535453796386,0.0032019405700424498,Very Low,Very Low,Very Low–Very Low,,,0,no STRING match,no STRING match,1967,1638,1,7
4357,fig|6666666.1036479.peg.3213,fig|6666666.1036479.peg.1597,0.8961535453796386,0.0032026756344524687,Very Low,Very Low,Very Low–Very Low,,,0,no STRING match,no STRING match,1967,1638,1,7
4358,fig|6666666.1036479.peg.3213,fig|6666666.1036479.peg.1619,0.8961535453796386,0.0032034106988624877,Very Low,Very Low,Very Low–Very Low,,,0,no STRING match,no STRING match,1967,1638,1,7
4359,fig|6666666.1036479.peg.3213,fig|6666666.1036479.peg.1643,0.8961535453796386,0.0032041457632725067,Very Low,Very Low,Very Low–Very Low,,,0,no STRING match,no STRING match,1967,1638,1,7
4360,fig|6666666.1036479.peg.1410,fig|6666666.1036479.peg.1739,0.8961196005344391,0.0032048808276825256,Medium,Very Low,Very Low–Medium,,,0,no STRING match,no STRING match,2589,2731,1,1
4361,fig|6666666.1036479.peg.3213,fig|6666666.1036479.peg.649,0.896107816696167,0.0032056158920925446,Very Low,Medium,Very Low–Medium,,,0,no STRING match,no STRING match,1967,2246,1,1
4362,fig|6666666.1036479.peg.89,fig|6666666.1036479.peg.1937,0.8960993885993958,0.0032063509565025635,Very Low,High,Very Low–High,,,0,no STRING match,no STRING match,2052,2802,1,1
4363,fig|6666666.1036479.peg.942,fig|6666666.1036479.peg.2364,0.8960959494113923,0.0032070860209125825,Very Low,Medium,Very Low–Medium,,,0,no STRING match,no STRING match,2389,2994,1,1
4364,fig|6666666.1036479.peg.2948,fig|6666666.1036479.peg.1080,0.8960855424404144,0.0032078210853226014,High,High,High–High,,,0,no STRING match,no STRING match,1843,2424,1,1
4365,fig|6666666.1036479.peg.819,fig|6666666.1036479.peg.1739,0.8960802495479584,0.0032085561497326204,Very Low,Very Low,Very Low–Very Low,,,0,no STRING match,no STRING match,2330,2731,1,1
4366,fig|6666666.1036479.peg.573,fig|6666666.1036479.peg.719,0.8960729241371155,0.0032092912141426394,Very Low,Medium,Very Low–Medium,Hypothetical protein.,,0,secondary STRING hit (STRING protein assigned to a better match),no STRING match,2210,2277,1,1
4367,fig|6666666.1036479.peg.689,fig|6666666.1036479.peg.2364,0.8960659682750702,0.0032100262785526583,High,Medium,Medium–High,,,0,no STRING match,no STRING match,2261,2994,1,1
4368,fig|6666666.1036479.peg.3089,fig|6666666.1036479.peg.819,0.8960644721984863,0.0032107613429626773,High,Very Low,Very Low–High,,,0,no STRING match,no STRING match,1907,2330,1,1
4369,fig|6666666.1036479.peg.3077,fig|6666666.1036479.peg.3079,0.8960494935512543,0.0032114964073726962,Medium,Very Low,Very Low–Medium,,,0,no STRING match,no STRING match,1900,1902,1,1
4370,fig|6666666.1036479.peg.3089,fig|6666666.1036479.peg.1554,0.8960444092750549,0.0032122314717827147,High,Medium,Medium–High,,,0,no STRING match,no STRING match,1907,2649,1,1
4371,fig|6666666.1036479.peg.2672,fig|6666666.1036479.peg.887,0.8960404098033905,0.0032129665361927337,Medium,Medium,Medium–Medium,,,0,no STRING match,no STRING match,1704,2362,1,1
4372,fig|6666666.1036479.peg.1142,fig|6666666.1036479.peg.1146,0.8960363805294037,0.0032137016006027527,Very Low,Very Low,Very Low–Very Low,,,0,no STRING match,no STRING match,2468,2472,1,1
4373,fig|6666666.1036479.peg.725,fig|6666666.1036479.peg.2364,0.8960351943969727,0.0032144366650127716,Very Low,Medium,Very Low–Medium,,,0,no STRING match,no STRING match,2283,2994,1,1
4374,fig|6666666.1036479.peg.3207,fig|6666666.1036479.peg.1547,0.8960271418094635,0.0032151717294227906,Medium,High,Medium–High,,,0,no STRING match,no STRING match,1965,2647,1,1
4375,fig|6666666.1036479.peg.3131,fig|6666666.1036479.peg.884,0.8960174679756164,0.0032159067938328095,Low,Very Low,Very Low–Low,,,0,no STRING match,no STRING match,1923,2359,1,1
4376,fig|6666666.1036479.peg.2505,fig|6666666.1036479.peg.856,0.8960145056247711,0.0032166418582428285,Very Low,Low,Very Low–Low,,,0,no STRING match,no STRING match,1612,2340,1,1
4377,fig|6666666.1036479.peg.3128,fig|6666666.1036479.peg.1671,0.8960099577903747,0.0032173769226528474,Very Low,High,Very Low–High,,,0,no STRING match,no STRING match,1921,2712,1,1
4378,fig|6666666.1036479.peg.652,fig|6666666.1036479.peg.2238,0.8959908127784729,0.0032181119870628664,Very Low,Very Low,Very Low–Very Low,,,0,no STRING match,no STRING match,2249,2942,1,1
4379,fig|6666666.1036479.peg.458,fig|6666666.1036479.peg.887,0.8959875762462616,0.0032188470514728854,Low,Medium,Low–Medium,,,0,no STRING match,no STRING match,2168,2362,1,1
4380,fig|6666666.1036479.peg.2545,fig|6666666.1036479.peg.2238,0.8959865510463715,0.0032195821158829043,Very Low,Very Low,Very Low–Very Low,,,0,no STRING match,no STRING match,1638,2942,7,1
4381,fig|6666666.1036479.peg.2567,fig|6666666.1036479.peg.2238,0.8959865510463715,0.0032203171802929233,Very Low,Very Low,Very Low–Very Low,,,0,no STRING match,no STRING match,1638,2942,7,1
4382,fig|6666666.1036479.peg.1573,fig|6666666.1036479.peg.2238,0.8959865510463715,0.0032210522447029422,Very Low,Very Low,Very Low–Very Low,,,0,no STRING match,no STRING match,1638,2942,7,1
4383,fig|6666666.1036479.peg.1586,fig|6666666.1036479.peg.2238,0.8959865510463715,0.003221787309112961,Very Low,Very Low,Very Low–Very Low,,,0,no STRING match,no STRING match,1638,2942,7,1
4384,fig|6666666.1036479.peg.1597,fig|6666666.1036479.peg.2238,0.8959865510463715,0.00322252237352298,Very Low,Very Low,Very Low–Very Low,,,0,no STRING match,no STRING match,1638,2942,7,1
4385,fig|6666666.1036479.peg.1619,fig|6666666.1036479.peg.2238,0.8959865510463715,0.0032232574379329987,Very Low,Very Low,Very Low–Very Low,,,0,no STRING match,no STRING match,1638,2942,7,1
4386,fig|6666666.1036479.peg.1643,fig|6666666.1036479.peg.2238,0.8959865510463715,0.0032239925023430176,Very Low,Very Low,Very Low–Very Low,,,0,no STRING match,no STRING match,1638,2942,7,1
4387,fig|6666666.1036479.peg.2792,fig|6666666.1036479.peg.1410,0.8959699869155884,0.0032247275667530366,High,Medium,Medium–High,,,0,no STRING match,no STRING match,1754,2589,1,1
4388,fig|6666666.1036479.peg.1331,fig|6666666.1036479.peg.2114,0.8959582030773163,0.0032254626311630555,Low,Very Low,Very Low–Low,,"COG1629 Outer membrane receptor proteins, mostly Fe transport.",0,no STRING match,secondary STRING hit (STRING protein assigned to a better match),2548,2884,1,1
4389,fig|6666666.1036479.peg.1532,fig|6666666.1036479.peg.1719,0.8959564447402955,0.0032261976955730745,Very Low,Medium,Very Low–Medium,,,0,no STRING match,no STRING match,2640,2727,1,1
4390,fig|6666666.1036479.peg.31,fig|6666666.1036479.peg.1693,0.8959523677825928,0.0032269327599830934,Very Low,Medium,Very Low–Medium,,,0,no STRING match,no STRING match,2018,2718,2,1
4391,fig|6666666.1036479.peg.179,fig|6666666.1036479.peg.1693,0.8959523677825928,0.0032276678243931124,Very Low,Medium,Very Low–Medium,,,0,no STRING match,no STRING match,2018,2718,2,1
4392,fig|6666666.1036479.peg.62,fig|6666666.1036479.peg.253,0.8959503531455993,0.0032284028888031314,Low,Low,Low–Low,,Hypothetical protein.,0,no STRING match,secondary STRING hit (STRING protein assigned to a better match),2040,2096,1,1
4393,fig|6666666.1036479.peg.3131,fig|6666666.1036479.peg.1481,0.895925772190094,0.0032291379532131503,Low,Medium,Low–Medium,,Hypothetical protein.,0,no STRING match,secondary STRING hit (STRING protein assigned to a better match),1923,1041,1,3
4394,fig|6666666.1036479.peg.3131,fig|6666666.1036479.peg.1500,0.895925772190094,0.0032298730176231693,Low,Medium,Low–Medium,,Hypothetical protein.,0,no STRING match,secondary STRING hit (STRING protein assigned to a better match),1923,1041,1,3
4395,fig|6666666.1036479.peg.3100,fig|6666666.1036479.peg.1719,0.8959239423274994,0.0032306080820331882,Medium,Medium,Medium–Medium,,,0,no STRING match,no STRING match,1909,2727,1,1
4396,fig|6666666.1036479.peg.2536,fig|6666666.1036479.peg.3213,0.8959057033061981,0.003231343146443207,Very Low,Very Low,Very Low–Very Low,,,0,no STRING match,no STRING match,1629,1967,1,1
4397,fig|6666666.1036479.peg.2548,fig|6666666.1036479.peg.2715,0.8958938241004943,0.003232078210853226,High,Very Low,Very Low–High,,,0,no STRING match,no STRING match,1641,1721,1,1
4398,fig|6666666.1036479.peg.934,fig|6666666.1036479.peg.2042,0.8958889305591583,0.003232813275263245,Low,High,Low–High,,,0,no STRING match,no STRING match,2385,2850,1,1
4399,fig|6666666.1036479.peg.3187,fig|6666666.1036479.peg.1308,0.8958885550498963,0.003233548339673264,Very Low,Medium,Very Low–Medium,Hypothetical protein.,,0,secondary STRING hit (STRING protein assigned to a better match),no STRING match,1950,2532,1,1
4400,fig|6666666.1036479.peg.2536,fig|6666666.1036479.peg.2238,0.8958773672580719,0.0032342834040832826,Very Low,Very Low,Very Low–Very Low,,,0,no STRING match,no STRING match,1629,2942,1,1
4401,fig|6666666.1036479.peg.704,fig|6666666.1036479.peg.1547,0.8958757996559144,0.0032350184684933015,Low,High,Low–High,,,0,no STRING match,no STRING match,2268,2647,1,1
4402,fig|6666666.1036479.peg.934,fig|6666666.1036479.peg.2185,0.8958530128002167,0.0032357535329033205,Low,Very Low,Very Low–Low,,,0,no STRING match,no STRING match,2385,2931,1,1
4403,fig|6666666.1036479.peg.411,fig|6666666.1036479.peg.1543,0.8958494007587433,0.0032364885973133395,Low,Medium,Low–Medium,Hypothetical protein.,,0,secondary STRING hit (STRING protein assigned to a better match),no STRING match,2150,2644,1,1
4404,fig|6666666.1036479.peg.856,fig|6666666.1036479.peg.1128,0.895835691690445,0.0032372236617233584,Low,Very Low,Very Low–Low,,,0,no STRING match,no STRING match,2340,2459,1,1
4405,fig|6666666.1036479.peg.1350,fig|6666666.1036479.peg.2071,0.8958315849304199,0.0032379587261333774,Medium,Medium,Medium–Medium,,,0,no STRING match,no STRING match,2560,2862,1,1
4406,fig|6666666.1036479.peg.2866,fig|6666666.1036479.peg.899,0.8958224534988404,0.0032386937905433963,Very Low,Very Low,Very Low–Very Low,,,0,no STRING match,no STRING match,1798,2369,1,1
4407,fig|6666666.1036479.peg.2988,fig|6666666.1036479.peg.1934,0.8958210110664367,0.0032394288549534153,Medium,Low,Low–Medium,Hypothetical protein.,,0,secondary STRING hit (STRING protein assigned to a better match),no STRING match,1859,2801,1,1
4408,fig|6666666.1036479.peg.1946,fig|6666666.1036479.peg.2455,0.89581778049469,0.0032401639193634342,Medium,Medium,Medium–Medium,,,0,no STRING match,no STRING match,2808,3032,1,1
4409,fig|6666666.1036479.peg.2541,fig|6666666.1036479.peg.1719,0.8958169996738434,0.003240898983773453,Very Low,Medium,Very Low–Medium,,,0,no STRING match,no STRING match,1634,2727,1,1
4410,fig|6666666.1036479.peg.2548,fig|6666666.1036479.peg.1217,0.8958097577095032,0.003241634048183472,High,Low,Low–High,,,0,no STRING match,no STRING match,1641,2503,1,1
4411,fig|6666666.1036479.peg.2929,fig|6666666.1036479.peg.1739,0.8958054602146148,0.003242369112593491,Very Low,Very Low,Very Low–Very Low,Hypothetical protein.,,0,secondary STRING hit (STRING protein assigned to a better match),no STRING match,1831,2731,1,1
4412,fig|6666666.1036479.peg.2948,fig|6666666.1036479.peg.1543,0.8957905471324921,0.00324310417700351,High,Medium,Medium–High,,,0,no STRING match,no STRING match,1843,2644,1,1
4413,fig|6666666.1036479.peg.2889,fig|6666666.1036479.peg.1719,0.8957903683185577,0.003243839241413529,Medium,Medium,Medium–Medium,,,0,no STRING match,no STRING match,1811,2727,1,1
4414,fig|6666666.1036479.peg.1739,fig|6666666.1036479.peg.2104,0.8957888722419739,0.003244574305823548,Very Low,High,Very Low–High,,,0,no STRING match,no STRING match,2731,2877,1,1
4415,fig|6666666.1036479.peg.3089,fig|6666666.1036479.peg.889,0.8957819938659668,0.0032453093702335665,High,Low,Low–High,,,0,no STRING match,no STRING match,1907,2364,1,1
4416,fig|6666666.1036479.peg.573,fig|6666666.1036479.peg.1554,0.8957675814628601,0.0032460444346435855,Very Low,Medium,Very Low–Medium,Hypothetical protein.,,0,secondary STRING hit (STRING protein assigned to a better match),no STRING match,2210,2649,1,1
4417,fig|6666666.1036479.peg.649,fig|6666666.1036479.peg.2185,0.895766431093216,0.0032467794990536044,Medium,Very Low,Very Low–Medium,,,0,no STRING match,no STRING match,2246,2931,1,1
4418,fig|6666666.1036479.peg.2571,fig|6666666.1036479.peg.36,0.8957538306713104,0.0032475145634636234,Medium,Medium,Medium–Medium,,,0,no STRING match,no STRING match,1659,2023,1,2
4419,fig|6666666.1036479.peg.2571,fig|6666666.1036479.peg.184,0.8957538306713104,0.0032482496278736423,Medium,Medium,Medium–Medium,,,0,no STRING match,no STRING match,1659,2023,1,2
4420,fig|6666666.1036479.peg.2523,fig|6666666.1036479.peg.2524,0.8957481503486633,0.0032489846922836613,Low,Low,Low–Low,,,0,no STRING match,no STRING match,1625,1626,1,1
4421,fig|6666666.1036479.peg.411,fig|6666666.1036479.peg.573,0.8957453072071075,0.0032497197566936802,Low,Very Low,Very Low–Low,Hypothetical protein.,Hypothetical protein.,0,secondary STRING hit (STRING protein assigned to a better match),secondary STRING hit (STRING protein assigned to a better match),2150,2210,1,1
4422,fig|6666666.1036479.peg.364,fig|6666666.1036479.peg.1195,0.8957391440868377,0.003250454821103699,Low,Medium,Low–Medium,,,0,no STRING match,no STRING match,2137,2492,1,1
4423,fig|6666666.1036479.peg.391,fig|6666666.1036479.peg.881,0.8957188427448273,0.003251189885513718,Medium,High,Medium–High,,,0,no STRING match,no STRING match,2142,2356,1,1
4424,fig|6666666.1036479.peg.2672,fig|6666666.1036479.peg.1543,0.8957081317901612,0.003251924949923737,Medium,Medium,Medium–Medium,,,0,no STRING match,no STRING match,1704,2644,1,1
4425,fig|6666666.1036479.peg.2506,fig|6666666.1036479.peg.62,0.8957075476646423,0.003252660014333756,Very Low,Low,Very Low–Low,,,0,no STRING match,no STRING match,1613,2040,6,1
4426,fig|6666666.1036479.peg.2516,fig|6666666.1036479.peg.62,0.8957075476646423,0.003253395078743775,Very Low,Low,Very Low–Low,,,0,no STRING match,no STRING match,1613,2040,6,1
4427,fig|6666666.1036479.peg.2522,fig|6666666.1036479.peg.62,0.8957075476646423,0.003254130143153794,Very Low,Low,Very Low–Low,,,0,no STRING match,no STRING match,1613,2040,6,1
4428,fig|6666666.1036479.peg.62,fig|6666666.1036479.peg.974,0.8957075476646423,0.003254865207563813,Low,Very Low,Very Low–Low,,,0,no STRING match,no STRING match,2040,1613,1,6
4429,fig|6666666.1036479.peg.62,fig|6666666.1036479.peg.979,0.8957075476646423,0.003255600271973832,Low,Very Low,Very Low–Low,,,0,no STRING match,no STRING match,2040,1613,1,6
4430,fig|6666666.1036479.peg.62,fig|6666666.1036479.peg.2491,0.8957075476646423,0.0032563353363838504,Low,Very Low,Very Low–Low,,,0,no STRING match,no STRING match,2040,1613,1,6
4431,fig|6666666.1036479.peg.1141,fig|6666666.1036479.peg.1149,0.8957005858421325,0.0032570704007938694,Very Low,Very Low,Very Low–Very Low,,,0,no STRING match,no STRING match,2467,2475,1,1
4432,fig|6666666.1036479.peg.244,fig|6666666.1036479.peg.370,0.8956958472728729,0.0032578054652038883,Very Low,High,Very Low–High,,,0,no STRING match,no STRING match,2092,2139,1,1
4433,fig|6666666.1036479.peg.2679,fig|6666666.1036479.peg.391,0.8956952333450318,0.0032585405296139073,Medium,Medium,Medium–Medium,,,0,no STRING match,no STRING match,1705,2142,1,1
4434,fig|6666666.1036479.peg.3168,fig|6666666.1036479.peg.1142,0.895691305398941,0.0032592755940239262,Very Low,Very Low,Very Low–Very Low,,,0,no STRING match,no STRING match,1937,2468,1,1
4435,fig|6666666.1036479.peg.2636,fig|6666666.1036479.peg.3131,0.8956808865070343,0.003260010658433945,Very Low,Low,Very Low–Low,,,0,no STRING match,no STRING match,1686,1923,1,1
4436,fig|6666666.1036479.peg.3213,fig|6666666.1036479.peg.867,0.8956744432449341,0.003260745722843964,Very Low,Low,Very Low–Low,,,0,no STRING match,no STRING match,1967,2346,1,1
4437,fig|6666666.1036479.peg.3128,fig|6666666.1036479.peg.866,0.8956704080104828,0.003261480787253983,Very Low,High,Very Low–High,,,0,no STRING match,no STRING match,1921,2345,1,1
4438,fig|6666666.1036479.peg.3010,fig|6666666.1036479.peg.475,0.8956701993942261,0.003262215851664002,Low,Low,Low–Low,,,0,no STRING match,no STRING match,1870,2175,1,1
4439,fig|6666666.1036479.peg.89,fig|6666666.1036479.peg.1901,0.8956611096858978,0.003262950916074021,Very Low,Very Low,Very Low–Very Low,,,0,no STRING match,no STRING match,2052,2787,1,1
4440,fig|6666666.1036479.peg.728,fig|6666666.1036479.peg.1080,0.8956564247608185,0.00326368598048404,Medium,High,Medium–High,,,0,no STRING match,no STRING match,2286,2424,1,1
4441,fig|6666666.1036479.peg.2754,fig|6666666.1036479.peg.2238,0.8956529259681701,0.003264421044894059,Very Low,Very Low,Very Low–Very Low,,,0,no STRING match,no STRING match,1735,2942,1,1
4442,fig|6666666.1036479.peg.3199,fig|6666666.1036479.peg.1739,0.895648044347763,0.003265156109304078,Very Low,Very Low,Very Low–Very Low,,,0,no STRING match,no STRING match,1961,2731,1,1
4443,fig|6666666.1036479.peg.867,fig|6666666.1036479.peg.1693,0.8956479787826538,0.003265891173714097,Low,Medium,Low–Medium,,,0,no STRING match,no STRING match,2346,2718,1,1
4444,fig|6666666.1036479.peg.2506,fig|6666666.1036479.peg.299,0.8956478595733642,0.003266626238124116,Very Low,Low,Very Low–Low,,,0,no STRING match,no STRING match,1613,2113,6,1
4445,fig|6666666.1036479.peg.2516,fig|6666666.1036479.peg.299,0.8956478595733642,0.0032673613025341343,Very Low,Low,Very Low–Low,,,0,no STRING match,no STRING match,1613,2113,6,1
4446,fig|6666666.1036479.peg.2522,fig|6666666.1036479.peg.299,0.8956478595733642,0.0032680963669441533,Very Low,Low,Very Low–Low,,,0,no STRING match,no STRING match,1613,2113,6,1
4447,fig|6666666.1036479.peg.299,fig|6666666.1036479.peg.974,0.8956478595733642,0.0032688314313541723,Low,Very Low,Very Low–Low,,,0,no STRING match,no STRING match,2113,1613,1,6
4448,fig|6666666.1036479.peg.299,fig|6666666.1036479.peg.979,0.8956478595733642,0.003269566495764191,Low,Very Low,Very Low–Low,,,0,no STRING match,no STRING match,2113,1613,1,6
4449,fig|6666666.1036479.peg.299,fig|6666666.1036479.peg.2491,0.8956478595733642,0.00327030156017421,Low,Very Low,Very Low–Low,,,0,no STRING match,no STRING match,2113,1613,1,6
4450,fig|6666666.1036479.peg.2948,fig|6666666.1036479.peg.2383,0.8956457495689392,0.003271036624584229,High,Very Low,Very Low–High,,Hypothetical protein.,0,no STRING match,secondary STRING hit (STRING protein assigned to a better match),1843,2997,1,1
4451,fig|6666666.1036479.peg.725,fig|6666666.1036479.peg.934,0.8956420183181762,0.003271771688994248,Very Low,Low,Very Low–Low,,,0,no STRING match,no STRING match,2283,2385,1,1
4452,fig|6666666.1036479.peg.1308,fig|6666666.1036479.peg.2455,0.8956227958202362,0.003272506753404267,Medium,Medium,Medium–Medium,,,0,no STRING match,no STRING match,2532,3032,1,1
4453,fig|6666666.1036479.peg.2571,fig|6666666.1036479.peg.2948,0.8956194281578064,0.003273241817814286,Medium,High,Medium–High,,,0,no STRING match,no STRING match,1659,1843,1,1
4454,fig|6666666.1036479.peg.3181,fig|6666666.1036479.peg.856,0.8956014156341553,0.003273976882224305,Very Low,Low,Very Low–Low,,,0,no STRING match,no STRING match,1944,2340,4,1
4455,fig|6666666.1036479.peg.856,fig|6666666.1036479.peg.878,0.8956014156341553,0.003274711946634324,Low,Very Low,Very Low–Low,,,0,no STRING match,no STRING match,2340,1944,1,4
4456,fig|6666666.1036479.peg.856,fig|6666666.1036479.peg.2100,0.8956014156341553,0.003275447011044343,Low,Very Low,Very Low–Low,,,0,no STRING match,no STRING match,2340,1944,1,4
4457,fig|6666666.1036479.peg.856,fig|6666666.1036479.peg.2381,0.8956014156341553,0.003276182075454362,Low,Very Low,Very Low–Low,,,0,no STRING match,no STRING match,2340,1944,1,4
4458,fig|6666666.1036479.peg.1419,fig|6666666.1036479.peg.1554,0.8955853521823883,0.0032769171398643808,High,Medium,Medium–High,,,0,no STRING match,no STRING match,2597,2649,1,1
4459,fig|6666666.1036479.peg.3222,fig|6666666.1036479.peg.1308,0.8955815374851227,0.0032776522042743997,Medium,Medium,Medium–Medium,,,0,no STRING match,no STRING match,1972,2532,2,1
4460,fig|6666666.1036479.peg.138,fig|6666666.1036479.peg.1308,0.8955815374851227,0.0032783872686844183,Medium,Medium,Medium–Medium,,,0,no STRING match,no STRING match,1972,2532,2,1
4461,fig|6666666.1036479.peg.1693,fig|6666666.1036479.peg.1764,0.8955754697322845,0.003279122333094437,Medium,Low,Low–Medium,,,0,no STRING match,no STRING match,2718,2739,1,1
4462,fig|6666666.1036479.peg.2548,fig|6666666.1036479.peg.1355,0.8955724716186524,0.003279857397504456,High,Medium,Medium–High,,,0,no STRING match,no STRING match,1641,2564,1,1
4463,fig|6666666.1036479.peg.2600,fig|6666666.1036479.peg.1080,0.8955569684505462,0.003280592461914475,Very Low,High,Very Low–High,,,0,no STRING match,no STRING match,1667,2424,1,1
4464,fig|6666666.1036479.peg.1160,fig|6666666.1036479.peg.2415,0.8955567479133606,0.003281327526324494,Very Low,Very Low,Very Low–Very Low,,,0,no STRING match,no STRING match,2481,3015,1,1
4465,fig|6666666.1036479.peg.1268,fig|6666666.1036479.peg.1419,0.8955470442771911,0.003282062590734513,Medium,High,Medium–High,,,0,no STRING match,no STRING match,2521,2597,1,1
4466,fig|6666666.1036479.peg.2436,fig|6666666.1036479.peg.2455,0.895544421672821,0.003282797655144532,Medium,Medium,Medium–Medium,,,0,no STRING match,no STRING match,3022,3032,1,1
4467,fig|6666666.1036479.peg.3184,fig|6666666.1036479.peg.2455,0.8955386221408844,0.003283532719554551,Very Low,Medium,Very Low–Medium,,,0,no STRING match,no STRING match,1947,3032,1,1
4468,fig|6666666.1036479.peg.36,fig|6666666.1036479.peg.702,0.8955337405204773,0.00328426778396457,Medium,Medium,Medium–Medium,,,0,no STRING match,no STRING match,2023,2266,2,1
4469,fig|6666666.1036479.peg.184,fig|6666666.1036479.peg.702,0.8955337405204773,0.003285002848374589,Medium,Medium,Medium–Medium,,,0,no STRING match,no STRING match,2023,2266,2,1
4470,fig|6666666.1036479.peg.3187,fig|6666666.1036479.peg.1947,0.8955272197723388,0.003285737912784608,Very Low,Medium,Very Low–Medium,Hypothetical protein.,,0,secondary STRING hit (STRING protein assigned to a better match),no STRING match,1950,2809,1,1
4471,fig|6666666.1036479.peg.31,fig|6666666.1036479.peg.475,0.895522940158844,0.003286472977194627,Very Low,Low,Very Low–Low,,,0,no STRING match,no STRING match,2018,2175,2,1
4472,fig|6666666.1036479.peg.179,fig|6666666.1036479.peg.475,0.895522940158844,0.0032872080416046457,Very Low,Low,Very Low–Low,,,0,no STRING match,no STRING match,2018,2175,2,1
4473,fig|6666666.1036479.peg.942,fig|6666666.1036479.peg.2478,0.8955211102962494,0.0032879431060146647,Very Low,Very Low,Very Low–Very Low,,,0,no STRING match,no STRING match,2389,3042,1,1
4474,fig|6666666.1036479.peg.2091,fig|6666666.1036479.peg.2436,0.895514327287674,0.0032886781704246837,Medium,Medium,Medium–Medium,,,0,no STRING match,no STRING match,2870,3022,1,1
4475,fig|6666666.1036479.peg.3076,fig|6666666.1036479.peg.721,0.8955112814903259,0.003289413234834702,High,High,High–High,,Yd repeat protein; COG3209 Rhs family protein.,0,no STRING match,secondary STRING hit (STRING protein assigned to a better match),1899,2279,1,1
4476,fig|6666666.1036479.peg.3113,fig|6666666.1036479.peg.3191,0.8955106675624848,0.003290148299244721,Very Low,Medium,Very Low–Medium,,,0,no STRING match,no STRING match,1915,1954,1,1
4477,fig|6666666.1036479.peg.2548,fig|6666666.1036479.peg.1835,0.8955035388469696,0.00329088336365474,High,Very Low,Very Low–High,,,0,no STRING match,no STRING match,1641,2767,1,1
4478,fig|6666666.1036479.peg.2071,fig|6666666.1036479.peg.2104,0.8954870104789734,0.003291618428064759,Medium,High,Medium–High,,,0,no STRING match,no STRING match,2862,2877,1,1
4479,fig|6666666.1036479.peg.2809,fig|6666666.1036479.peg.475,0.8954850494861603,0.003292353492474778,Very Low,Low,Very Low–Low,,,0,no STRING match,no STRING match,1760,2175,1,1
4480,fig|6666666.1036479.peg.2679,fig|6666666.1036479.peg.2199,0.8954721987247467,0.003293088556884797,Medium,Low,Low–Medium,,,0,no STRING match,no STRING match,1705,2936,1,1
4481,fig|6666666.1036479.peg.2988,fig|6666666.1036479.peg.1617,0.8954658687114716,0.003293823621294816,Medium,Low,Low–Medium,Hypothetical protein.,,0,secondary STRING hit (STRING protein assigned to a better match),no STRING match,1859,2688,1,2
4482,fig|6666666.1036479.peg.2988,fig|6666666.1036479.peg.1625,0.8954658687114716,0.003294558685704835,Medium,Low,Low–Medium,Hypothetical protein.,,0,secondary STRING hit (STRING protein assigned to a better match),no STRING match,1859,2688,1,2
4483,fig|6666666.1036479.peg.207,fig|6666666.1036479.peg.1519,0.8954600512981414,0.003295293750114854,Low,High,Low–High,,,0,no STRING match,no STRING match,2075,2632,1,1
4484,fig|6666666.1036479.peg.369,fig|6666666.1036479.peg.881,0.8954594016075135,0.003296028814524873,High,High,High–High,,,0,no STRING match,no STRING match,2138,2356,1,1
4485,fig|6666666.1036479.peg.3008,fig|6666666.1036479.peg.861,0.895458060503006,0.0032967638789348917,Medium,High,Medium–High,,,0,no STRING match,no STRING match,1868,2341,1,1
4486,fig|6666666.1036479.peg.2672,fig|6666666.1036479.peg.1661,0.8954316735267639,0.0032974989433449107,Medium,Low,Low–Medium,,,0,no STRING match,no STRING match,1704,2708,1,1
4487,fig|6666666.1036479.peg.2679,fig|6666666.1036479.peg.2238,0.8954233884811401,0.0032982340077549297,Medium,Very Low,Very Low–Medium,,,0,no STRING match,no STRING match,1705,2942,1,1
4488,fig|6666666.1036479.peg.573,fig|6666666.1036479.peg.1657,0.8954224169254303,0.0032989690721649486,Very Low,Medium,Very Low–Medium,Hypothetical protein.,,0,secondary STRING hit (STRING protein assigned to a better match),no STRING match,2210,2707,1,1
4489,fig|6666666.1036479.peg.1134,fig|6666666.1036479.peg.1538,0.8954221606254578,0.0032997041365749676,Very Low,Very Low,Very Low–Very Low,,,0,no STRING match,no STRING match,2461,2642,1,1
4490,fig|6666666.1036479.peg.3089,fig|6666666.1036479.peg.2383,0.8954206109046936,0.003300439200984986,High,Very Low,Very Low–High,,Hypothetical protein.,0,no STRING match,secondary STRING hit (STRING protein assigned to a better match),1907,2997,1,1
4491,fig|6666666.1036479.peg.3167,fig|6666666.1036479.peg.2307,0.8954148650169372,0.003301174265395005,Very Low,Very Low,Very Low–Very Low,,,0,no STRING match,no STRING match,1936,2969,1,1
4492,fig|6666666.1036479.peg.728,fig|6666666.1036479.peg.1331,0.8954082369804383,0.003301909329805024,Medium,Low,Low–Medium,,,0,no STRING match,no STRING match,2286,2548,1,1
4493,fig|6666666.1036479.peg.2988,fig|6666666.1036479.peg.725,0.8954071164131164,0.003302644394215043,Medium,Very Low,Very Low–Medium,Hypothetical protein.,,0,secondary STRING hit (STRING protein assigned to a better match),no STRING match,1859,2283,1,1
4494,fig|6666666.1036479.peg.1489,fig|6666666.1036479.peg.1693,0.8953990697860718,0.003303379458625062,Very Low,Medium,Very Low–Medium,,,0,no STRING match,no STRING match,2617,2718,1,1
4495,fig|6666666.1036479.peg.861,fig|6666666.1036479.peg.1410,0.8953931927680969,0.003304114523035081,High,Medium,Medium–High,,,0,no STRING match,no STRING match,2341,2589,1,1
4496,fig|6666666.1036479.peg.2548,fig|6666666.1036479.peg.1677,0.8953892409801483,0.0033048495874451,High,High,High–High,,,0,no STRING match,no STRING match,1641,2714,1,1
4497,fig|6666666.1036479.peg.1416,fig|6666666.1036479.peg.1519,0.8953680455684662,0.003305584651855119,Medium,High,Medium–High,,,0,no STRING match,no STRING match,2595,2632,1,1
4498,fig|6666666.1036479.peg.3199,fig|6666666.1036479.peg.1693,0.8953407406806946,0.0033063197162651378,Very Low,Medium,Very Low–Medium,,,0,no STRING match,no STRING match,1961,2718,1,1
4499,fig|6666666.1036479.peg.728,fig|6666666.1036479.peg.2383,0.8953218519687652,0.0033070547806751567,Medium,Very Low,Very Low–Medium,,Hypothetical protein.,0,no STRING match,secondary STRING hit (STRING protein assigned to a better match),2286,2997,1,1
4500,fig|6666666.1036479.peg.2848,fig|6666666.1036479.peg.1064,0.8953195869922638,0.0033077898450851757,Very Low,Medium,Very Low–Medium,,,0,no STRING match,no STRING match,1786,2414,1,1
4501,fig|6666666.1036479.peg.702,fig|6666666.1036479.peg.1673,0.8953128516674042,0.0033085249094951946,Medium,Very Low,Very Low–Medium,,,0,no STRING match,no STRING match,2266,2713,1,1
4502,fig|6666666.1036479.peg.2548,fig|6666666.1036479.peg.2042,0.8953076183795929,0.0033092599739052136,High,High,High–High,,,0,no STRING match,no STRING match,1641,2850,1,1
4503,fig|6666666.1036479.peg.2741,fig|6666666.1036479.peg.861,0.8953017175197602,0.0033099950383152325,High,High,High–High,,,0,no STRING match,no STRING match,1728,2341,1,1
4504,fig|6666666.1036479.peg.717,fig|6666666.1036479.peg.856,0.8952947199344635,0.0033107301027252515,Low,Low,Low–Low,,,0,no STRING match,no STRING match,2276,2340,1,1
4505,fig|6666666.1036479.peg.1138,fig|6666666.1036479.peg.1155,0.8952806234359741,0.00331146516713527,Very Low,Very Low,Very Low–Very Low,,,0,no STRING match,no STRING match,2464,2479,1,1
4506,fig|6666666.1036479.peg.704,fig|6666666.1036479.peg.1195,0.8952766358852386,0.003312200231545289,Low,Medium,Low–Medium,,,0,no STRING match,no STRING match,2268,2492,1,1
4507,fig|6666666.1036479.peg.866,fig|6666666.1036479.peg.1002,0.8952674686908721,0.003312935295955308,High,Medium,Medium–High,,,0,no STRING match,no STRING match,2345,2399,1,1
4508,fig|6666666.1036479.peg.3222,fig|6666666.1036479.peg.689,0.8952498018741608,0.003313670360365327,Medium,High,Medium–High,,,0,no STRING match,no STRING match,1972,2261,2,1
4509,fig|6666666.1036479.peg.138,fig|6666666.1036479.peg.689,0.8952498018741608,0.003314405424775346,Medium,High,Medium–High,,,0,no STRING match,no STRING match,1972,2261,2,1
4510,fig|6666666.1036479.peg.2703,fig|6666666.1036479.peg.856,0.8952480137348175,0.003315140489185365,Very Low,Low,Very Low–Low,,,0,no STRING match,no STRING match,1717,2340,1,1
4511,fig|6666666.1036479.peg.253,fig|6666666.1036479.peg.453,0.8952440559864044,0.0033158755535953838,Low,Very Low,Very Low–Low,Hypothetical protein.,,0,secondary STRING hit (STRING protein assigned to a better match),no STRING match,2096,2166,1,1
4512,fig|6666666.1036479.peg.36,fig|6666666.1036479.peg.2042,0.8952410042285919,0.0033166106180054027,Medium,High,Medium–High,,,0,no STRING match,no STRING match,2023,2850,2,1
4513,fig|6666666.1036479.peg.184,fig|6666666.1036479.peg.2042,0.8952410042285919,0.0033173456824154217,Medium,High,Medium–High,,,0,no STRING match,no STRING match,2023,2850,2,1
4514,fig|6666666.1036479.peg.1901,fig|6666666.1036479.peg.2199,0.895234102010727,0.0033180807468254406,Very Low,Low,Very Low–Low,,,0,no STRING match,no STRING match,2787,2936,1,1
4515,fig|6666666.1036479.peg.856,fig|6666666.1036479.peg.1807,0.8952330648899078,0.0033188158112354596,Low,Low,Low–Low,,,0,no STRING match,no STRING match,2340,2762,1,1
4516,fig|6666666.1036479.peg.649,fig|6666666.1036479.peg.1983,0.8952254116535187,0.0033195508756454785,Medium,Very Low,Very Low–Medium,,,0,no STRING match,no STRING match,2246,2834,1,1
4517,fig|6666666.1036479.peg.1946,fig|6666666.1036479.peg.2091,0.8952240824699402,0.0033202859400554975,Medium,Medium,Medium–Medium,,,0,no STRING match,no STRING match,2808,2870,1,1
4518,fig|6666666.1036479.peg.536,fig|6666666.1036479.peg.719,0.8952221870422363,0.0033210210044655165,Medium,Medium,Medium–Medium,,,0,no STRING match,no STRING match,2193,2277,1,1
4519,fig|6666666.1036479.peg.2532,fig|6666666.1036479.peg.3077,0.8952147185802459,0.0033217560688755354,Low,Medium,Low–Medium,,,0,no STRING match,no STRING match,1627,1900,4,1
4520,fig|6666666.1036479.peg.3077,fig|6666666.1036479.peg.3171,0.8952147185802459,0.003322491133285554,Medium,Low,Low–Medium,,,0,no STRING match,no STRING match,1900,1627,1,4
4521,fig|6666666.1036479.peg.3077,fig|6666666.1036479.peg.987,0.8952147185802459,0.003323226197695573,Medium,Low,Low–Medium,,,0,no STRING match,no STRING match,1900,1627,1,4
4522,fig|6666666.1036479.peg.3077,fig|6666666.1036479.peg.2492,0.8952147185802459,0.003323961262105592,Medium,Low,Low–Medium,,,0,no STRING match,no STRING match,1900,1627,1,4
4523,fig|6666666.1036479.peg.649,fig|6666666.1036479.peg.1344,0.8952112853527069,0.003324696326515611,Medium,Very Low,Very Low–Medium,,,0,no STRING match,no STRING match,2246,2554,1,1
4524,fig|6666666.1036479.peg.3076,fig|6666666.1036479.peg.3207,0.895206767320633,0.0033254313909256298,High,Medium,Medium–High,,,0,no STRING match,no STRING match,1899,1965,1,1
4525,fig|6666666.1036479.peg.2792,fig|6666666.1036479.peg.312,0.8952010333538055,0.0033261664553356487,High,Medium,Medium–High,,,0,no STRING match,no STRING match,1754,2123,1,1
4526,fig|6666666.1036479.peg.2690,fig|6666666.1036479.peg.1160,0.8951920330524444,0.0033269015197456677,Medium,Very Low,Very Low–Medium,,,0,no STRING match,no STRING match,1710,2481,1,1
4527,fig|6666666.1036479.peg.2042,fig|6666666.1036479.peg.2092,0.8951909661293029,0.0033276365841556866,High,Medium,Medium–High,,,0,no STRING match,no STRING match,2850,2871,1,1
4528,fig|6666666.1036479.peg.2679,fig|6666666.1036479.peg.244,0.8951881885528564,0.0033283716485657056,Medium,Very Low,Very Low–Medium,,,0,no STRING match,no STRING match,1705,2092,1,1
4529,fig|6666666.1036479.peg.2948,fig|6666666.1036479.peg.1657,0.8951593399047851,0.0033291067129757245,High,Medium,Medium–High,,,0,no STRING match,no STRING match,1843,2707,1,1
4530,fig|6666666.1036479.peg.652,fig|6666666.1036479.peg.1937,0.8951551973819732,0.0033298417773857435,Very Low,High,Very Low–High,,,0,no STRING match,no STRING match,2249,2802,1,1
4531,fig|6666666.1036479.peg.1566,fig|6666666.1036479.peg.1937,0.8951544404029846,0.0033305768417957625,High,High,High–High,,,0,no STRING match,no STRING match,2659,2802,1,1
4532,fig|6666666.1036479.peg.1693,fig|6666666.1036479.peg.2095,0.8951469540596009,0.0033313119062057814,Medium,Medium,Medium–Medium,,,0,no STRING match,no STRING match,2718,2873,1,1
4533,fig|6666666.1036479.peg.1946,fig|6666666.1036479.peg.1947,0.895142787694931,0.0033320469706158004,Medium,Medium,Medium–Medium,,,0,no STRING match,no STRING match,2808,2809,1,1
4534,fig|6666666.1036479.peg.942,fig|6666666.1036479.peg.1617,0.8951361417770386,0.0033327820350258193,Very Low,Low,Very Low–Low,,,0,no STRING match,no STRING match,2389,2688,1,2
4535,fig|6666666.1036479.peg.942,fig|6666666.1036479.peg.1625,0.8951361417770386,0.003333517099435838,Very Low,Low,Very Low–Low,,,0,no STRING match,no STRING match,2389,2688,1,2
4536,fig|6666666.1036479.peg.3113,fig|6666666.1036479.peg.2091,0.895129245519638,0.003334252163845857,Very Low,Medium,Very Low–Medium,,,0,no STRING match,no STRING match,1915,2870,1,1
4537,fig|6666666.1036479.peg.723,fig|6666666.1036479.peg.1080,0.8951269686222076,0.0033349872282558758,High,High,High–High,,,0,no STRING match,no STRING match,2281,2424,1,1
4538,fig|6666666.1036479.peg.3188,fig|6666666.1036479.peg.1195,0.8951178967952729,0.0033357222926658947,Medium,Medium,Medium–Medium,,,0,no STRING match,no STRING match,1951,2492,1,1
4539,fig|6666666.1036479.peg.1343,fig|6666666.1036479.peg.2071,0.8951142609119416,0.0033364573570759137,Very Low,Medium,Very Low–Medium,,,0,no STRING match,no STRING match,2553,2862,1,1
4540,fig|6666666.1036479.peg.1719,fig|6666666.1036479.peg.2404,0.8951127767562866,0.0033371924214859326,Medium,Medium,Medium–Medium,,Hypothetical protein; COG0605 Superoxide dismutase.,0,no STRING match,secondary STRING hit (STRING protein assigned to a better match),2727,3006,1,1
4541,fig|6666666.1036479.peg.726,fig|6666666.1036479.peg.867,0.8951021075248718,0.0033379274858959516,Very Low,Low,Very Low–Low,,,0,no STRING match,no STRING match,2284,2346,1,1
4542,fig|6666666.1036479.peg.2848,fig|6666666.1036479.peg.689,0.8950989007949829,0.0033386625503059706,Very Low,High,Very Low–High,,,0,no STRING match,no STRING match,1786,2261,1,1
4543,fig|6666666.1036479.peg.2545,fig|6666666.1036479.peg.391,0.8950873255729676,0.0033393976147159895,Very Low,Medium,Very Low–Medium,,,0,no STRING match,no STRING match,1638,2142,7,1
4544,fig|6666666.1036479.peg.2567,fig|6666666.1036479.peg.391,0.8950873255729676,0.0033401326791260085,Very Low,Medium,Very Low–Medium,,,0,no STRING match,no STRING match,1638,2142,7,1
4545,fig|6666666.1036479.peg.391,fig|6666666.1036479.peg.1573,0.8950873255729676,0.0033408677435360274,Medium,Very Low,Very Low–Medium,,,0,no STRING match,no STRING match,2142,1638,1,7
4546,fig|6666666.1036479.peg.391,fig|6666666.1036479.peg.1586,0.8950873255729676,0.0033416028079460464,Medium,Very Low,Very Low–Medium,,,0,no STRING match,no STRING match,2142,1638,1,7
4547,fig|6666666.1036479.peg.391,fig|6666666.1036479.peg.1597,0.8950873255729676,0.0033423378723560653,Medium,Very Low,Very Low–Medium,,,0,no STRING match,no STRING match,2142,1638,1,7
4548,fig|6666666.1036479.peg.391,fig|6666666.1036479.peg.1619,0.8950873255729676,0.0033430729367660843,Medium,Very Low,Very Low–Medium,,,0,no STRING match,no STRING match,2142,1638,1,7
4549,fig|6666666.1036479.peg.391,fig|6666666.1036479.peg.1643,0.8950873255729676,0.0033438080011761032,Medium,Very Low,Very Low–Medium,,,0,no STRING match,no STRING match,2142,1638,1,7
4550,fig|6666666.1036479.peg.866,fig|6666666.1036479.peg.1937,0.8950856804847718,0.0033445430655861218,High,High,High–High,,,0,no STRING match,no STRING match,2345,2802,1,1
4551,fig|6666666.1036479.peg.3199,fig|6666666.1036479.peg.649,0.8950783252716065,0.0033452781299961407,Very Low,Medium,Very Low–Medium,,,0,no STRING match,no STRING match,1961,2246,1,1
4552,fig|6666666.1036479.peg.2948,fig|6666666.1036479.peg.1519,0.8950772106647491,0.0033460131944061597,High,High,High–High,,,0,no STRING match,no STRING match,1843,2632,1,1
4553,fig|6666666.1036479.peg.726,fig|6666666.1036479.peg.889,0.8950696766376496,0.0033467482588161786,Very Low,Low,Very Low–Low,,,0,no STRING match,no STRING match,2284,2364,1,1
4554,fig|6666666.1036479.peg.3131,fig|6666666.1036479.peg.1344,0.8950620770454407,0.0033474833232261976,Low,Very Low,Very Low–Low,,,0,no STRING match,no STRING match,1923,2554,1,1
4555,fig|6666666.1036479.peg.89,fig|6666666.1036479.peg.2238,0.8950578272342682,0.0033482183876362166,Very Low,Very Low,Very Low–Very Low,,,0,no STRING match,no STRING match,2052,2942,1,1
4556,fig|6666666.1036479.peg.2506,fig|6666666.1036479.peg.1215,0.8950504660606384,0.0033489534520462355,Very Low,Low,Very Low–Low,,,0,no STRING match,no STRING match,1613,2502,6,1
4557,fig|6666666.1036479.peg.2516,fig|6666666.1036479.peg.1215,0.8950504660606384,0.0033496885164562545,Very Low,Low,Very Low–Low,,,0,no STRING match,no STRING match,1613,2502,6,1
4558,fig|6666666.1036479.peg.2522,fig|6666666.1036479.peg.1215,0.8950504660606384,0.0033504235808662734,Very Low,Low,Very Low–Low,,,0,no STRING match,no STRING match,1613,2502,6,1
4559,fig|6666666.1036479.peg.974,fig|6666666.1036479.peg.1215,0.8950504660606384,0.0033511586452762924,Very Low,Low,Very Low–Low,,,0,no STRING match,no STRING match,1613,2502,6,1
4560,fig|6666666.1036479.peg.979,fig|6666666.1036479.peg.1215,0.8950504660606384,0.0033518937096863113,Very Low,Low,Very Low–Low,,,0,no STRING match,no STRING match,1613,2502,6,1
4561,fig|6666666.1036479.peg.1215,fig|6666666.1036479.peg.2491,0.8950504660606384,0.0033526287740963303,Low,Very Low,Very Low–Low,,,0,no STRING match,no STRING match,2502,1613,1,6
4562,fig|6666666.1036479.peg.2646,fig|6666666.1036479.peg.704,0.8950498342514038,0.0033533638385063493,Low,Low,Low–Low,,,0,no STRING match,no STRING match,1694,2268,1,1
4563,fig|6666666.1036479.peg.887,fig|6666666.1036479.peg.889,0.8950497806072235,0.003354098902916368,Medium,Low,Low–Medium,,,0,no STRING match,no STRING match,2362,2364,1,1
4564,fig|6666666.1036479.peg.2788,fig|6666666.1036479.peg.2364,0.8950402915477753,0.003354833967326387,Medium,Medium,Medium–Medium,,,0,no STRING match,no STRING match,1752,2994,1,1
4565,fig|6666666.1036479.peg.3077,fig|6666666.1036479.peg.867,0.8950356841087341,0.0033555690317364057,Medium,Low,Low–Medium,,,0,no STRING match,no STRING match,1900,2346,1,1
4566,fig|6666666.1036479.peg.3010,fig|6666666.1036479.peg.1693,0.8950349032878876,0.0033563040961464246,Low,Medium,Low–Medium,,,0,no STRING match,no STRING match,1870,2718,1,1
4567,fig|6666666.1036479.peg.2536,fig|6666666.1036479.peg.391,0.8950201153755188,0.0033570391605564436,Very Low,Medium,Very Low–Medium,,,0,no STRING match,no STRING match,1629,2142,1,1
4568,fig|6666666.1036479.peg.32,fig|6666666.1036479.peg.856,0.8950126945972443,0.0033577742249664626,Low,Low,Low–Low,,,0,no STRING match,no STRING match,2019,2340,2,1
4569,fig|6666666.1036479.peg.180,fig|6666666.1036479.peg.856,0.8950126945972443,0.0033585092893764815,Low,Low,Low–Low,,,0,no STRING match,no STRING match,2019,2340,2,1
4570,fig|6666666.1036479.peg.2811,fig|6666666.1036479.peg.2843,0.8950055360794067,0.0033592443537865005,Medium,Very Low,Very Low–Medium,,,0,no STRING match,no STRING match,1762,1785,1,1
4571,fig|6666666.1036479.peg.2754,fig|6666666.1036479.peg.244,0.8950034260749817,0.0033599794181965194,Very Low,Very Low,Very Low–Very Low,,,0,no STRING match,no STRING match,1735,2092,1,1
4572,fig|6666666.1036479.peg.2545,fig|6666666.1036479.peg.2646,0.8950026750564575,0.0033607144826065384,Very Low,Low,Very Low–Low,,,0,no STRING match,no STRING match,1638,1694,7,1
4573,fig|6666666.1036479.peg.2567,fig|6666666.1036479.peg.2646,0.8950026750564575,0.0033614495470165573,Very Low,Low,Very Low–Low,,,0,no STRING match,no STRING match,1638,1694,7,1
4574,fig|6666666.1036479.peg.2646,fig|6666666.1036479.peg.1573,0.8950026750564575,0.0033621846114265763,Low,Very Low,Very Low–Low,,,0,no STRING match,no STRING match,1694,1638,1,7
4575,fig|6666666.1036479.peg.2646,fig|6666666.1036479.peg.1586,0.8950026750564575,0.0033629196758365953,Low,Very Low,Very Low–Low,,,0,no STRING match,no STRING match,1694,1638,1,7
4576,fig|6666666.1036479.peg.2646,fig|6666666.1036479.peg.1597,0.8950026750564575,0.003363654740246614,Low,Very Low,Very Low–Low,,,0,no STRING match,no STRING match,1694,1638,1,7
4577,fig|6666666.1036479.peg.2646,fig|6666666.1036479.peg.1619,0.8950026750564575,0.003364389804656633,Low,Very Low,Very Low–Low,,,0,no STRING match,no STRING match,1694,1638,1,7
4578,fig|6666666.1036479.peg.2646,fig|6666666.1036479.peg.1643,0.8950026750564575,0.003365124869066652,Low,Very Low,Very Low–Low,,,0,no STRING match,no STRING match,1694,1638,1,7
4579,fig|6666666.1036479.peg.867,fig|6666666.1036479.peg.889,0.8949949741363525,0.003365859933476671,Low,Low,Low–Low,,,0,no STRING match,no STRING match,2346,2364,1,1
4580,fig|6666666.1036479.peg.2672,fig|6666666.1036479.peg.727,0.8949832916259766,0.0033665949978866896,Medium,Very Low,Very Low–Medium,,,0,no STRING match,no STRING match,1704,2285,1,1
4581,fig|6666666.1036479.peg.1080,fig|6666666.1036479.peg.2199,0.894981050491333,0.0033673300622967086,High,Low,Low–High,,,0,no STRING match,no STRING match,2424,2936,1,1
4582,fig|6666666.1036479.peg.704,fig|6666666.1036479.peg.867,0.8949707984924317,0.0033680651267067275,Low,Low,Low–Low,,,0,no STRING match,no STRING match,2268,2346,1,1
4583,fig|6666666.1036479.peg.2814,fig|6666666.1036479.peg.1719,0.8949691116809845,0.0033688001911167465,Very Low,Medium,Very Low–Medium,,,0,no STRING match,no STRING match,1765,2727,1,1
4584,fig|6666666.1036479.peg.1002,fig|6666666.1036479.peg.1195,0.894965124130249,0.0033695352555267654,Medium,Medium,Medium–Medium,,,0,no STRING match,no STRING match,2399,2492,1,1
4585,fig|6666666.1036479.peg.2672,fig|6666666.1036479.peg.2327,0.894962203502655,0.0033702703199367844,Medium,Medium,Medium–Medium,,,0,no STRING match,no STRING match,1704,2982,1,1
4586,fig|6666666.1036479.peg.573,fig|6666666.1036479.peg.1913,0.8949592113494873,0.0033710053843468034,Very Low,Very Low,Very Low–Very Low,Hypothetical protein.,,0,secondary STRING hit (STRING protein assigned to a better match),no STRING match,2210,2793,1,1
4587,fig|6666666.1036479.peg.1519,fig|6666666.1036479.peg.1901,0.8949511885643006,0.0033717404487568223,High,Very Low,Very Low–High,,,0,no STRING match,no STRING match,2632,2787,1,1
4588,fig|6666666.1036479.peg.3000,fig|6666666.1036479.peg.1146,0.8949204623699188,0.0033724755131668413,Very Low,Very Low,Very Low–Very Low,,,0,no STRING match,no STRING match,1863,2472,1,1
4589,fig|6666666.1036479.peg.458,fig|6666666.1036479.peg.819,0.8949200749397278,0.0033732105775768602,Low,Very Low,Very Low–Low,,,0,no STRING match,no STRING match,2168,2330,1,1
4590,fig|6666666.1036479.peg.1947,fig|6666666.1036479.peg.2091,0.8949174284934998,0.003373945641986879,Medium,Medium,Medium–Medium,,,0,no STRING match,no STRING match,2809,2870,1,1
4591,fig|6666666.1036479.peg.2093,fig|6666666.1036479.peg.2114,0.8949153423309326,0.003374680706396898,Medium,Very Low,Very Low–Medium,,"COG1629 Outer membrane receptor proteins, mostly Fe transport.",0,no STRING match,secondary STRING hit (STRING protein assigned to a better match),2872,2884,1,1
4592,fig|6666666.1036479.peg.2501,fig|6666666.1036479.peg.1416,0.8949147403240204,0.003375415770806917,High,Medium,Medium–High,,,0,no STRING match,no STRING match,1608,2595,1,1
4593,fig|6666666.1036479.peg.36,fig|6666666.1036479.peg.1331,0.8948900997638702,0.003376150835216936,Medium,Low,Low–Medium,,,0,no STRING match,no STRING match,2023,2548,2,1
4594,fig|6666666.1036479.peg.184,fig|6666666.1036479.peg.1331,0.8948900997638702,0.003376885899626955,Medium,Low,Low–Medium,,,0,no STRING match,no STRING match,2023,2548,2,1
4595,fig|6666666.1036479.peg.649,fig|6666666.1036479.peg.2049,0.8948817610740661,0.0033776209640369735,Medium,Very Low,Very Low–Medium,,,0,no STRING match,no STRING match,2246,2851,1,1
4596,fig|6666666.1036479.peg.3184,fig|6666666.1036479.peg.536,0.8948610663414002,0.0033783560284469925,Very Low,Medium,Very Low–Medium,,,0,no STRING match,no STRING match,1947,2193,1,1
4597,fig|6666666.1036479.peg.1146,fig|6666666.1036479.peg.2414,0.8948514640331269,0.0033790910928570114,Very Low,Very Low,Very Low–Very Low,,,0,no STRING match,no STRING match,2472,3014,1,1
4598,fig|6666666.1036479.peg.253,fig|6666666.1036479.peg.728,0.8948459804058075,0.0033798261572670304,Low,Medium,Low–Medium,Hypothetical protein.,,0,secondary STRING hit (STRING protein assigned to a better match),no STRING match,2096,2286,1,1
4599,fig|6666666.1036479.peg.3089,fig|6666666.1036479.peg.719,0.8948442041873932,0.0033805612216770494,High,Medium,Medium–High,,,0,no STRING match,no STRING match,1907,2277,1,1
4600,fig|6666666.1036479.peg.3083,fig|6666666.1036479.peg.1419,0.8948399543762207,0.0033812962860870683,High,High,High–High,,,0,no STRING match,no STRING match,1905,2597,1,1
4601,fig|6666666.1036479.peg.903,fig|6666666.1036479.peg.923,0.8948313474655152,0.0033820313504970873,Medium,High,Medium–High,,,0,no STRING match,no STRING match,2371,2380,1,1
4602,fig|6666666.1036479.peg.874,fig|6666666.1036479.peg.875,0.894830709695816,0.0033827664149071062,Medium,Very Low,Very Low–Medium,,,0,no STRING match,no STRING match,2351,2352,1,3
4603,fig|6666666.1036479.peg.874,fig|6666666.1036479.peg.2097,0.894830709695816,0.003383501479317125,Medium,Very Low,Very Low–Medium,,,0,no STRING match,no STRING match,2351,2352,1,3
4604,fig|6666666.1036479.peg.874,fig|6666666.1036479.peg.2378,0.894830709695816,0.003384236543727144,Medium,Very Low,Very Low–Medium,,,0,no STRING match,no STRING match,2351,2352,1,3
4605,fig|6666666.1036479.peg.2848,fig|6666666.1036479.peg.3187,0.8948157489299774,0.003384971608137163,Very Low,Very Low,Very Low–Very Low,,Hypothetical protein.,0,no STRING match,secondary STRING hit (STRING protein assigned to a better match),1786,1950,1,1
4606,fig|6666666.1036479.peg.236,fig|6666666.1036479.peg.1195,0.8948053300380707,0.003385706672547182,Very Low,Medium,Very Low–Medium,,,0,no STRING match,no STRING match,2086,2492,1,1
4607,fig|6666666.1036479.peg.856,fig|6666666.1036479.peg.1612,0.8947965145111084,0.003386441736957201,Low,Low,Low–Low,,,0,no STRING match,no STRING match,2340,2686,1,1
4608,fig|6666666.1036479.peg.36,fig|6666666.1036479.peg.1519,0.8947917520999908,0.00338717680136722,Medium,High,Medium–High,,,0,no STRING match,no STRING match,2023,2632,2,1
4609,fig|6666666.1036479.peg.184,fig|6666666.1036479.peg.1519,0.8947917520999908,0.003387911865777239,Medium,High,Medium–High,,,0,no STRING match,no STRING match,2023,2632,2,1
4610,fig|6666666.1036479.peg.689,fig|6666666.1036479.peg.923,0.8947878777980804,0.0033886469301872574,High,High,High–High,,,0,no STRING match,no STRING match,2261,2380,1,1
4611,fig|6666666.1036479.peg.3008,fig|6666666.1036479.peg.649,0.8947863578796387,0.0033893819945972764,Medium,Medium,Medium–Medium,,,0,no STRING match,no STRING match,1868,2246,1,1
4612,fig|6666666.1036479.peg.2551,fig|6666666.1036479.peg.1739,0.8947544991970062,0.0033901170590072954,Very Low,Very Low,Very Low–Very Low,,,0,no STRING match,no STRING match,1644,2731,1,1
4613,fig|6666666.1036479.peg.536,fig|6666666.1036479.peg.2383,0.8947462260723114,0.0033908521234173143,Medium,Very Low,Very Low–Medium,,Hypothetical protein.,0,no STRING match,secondary STRING hit (STRING protein assigned to a better match),2193,2997,1,1
4614,fig|6666666.1036479.peg.1419,fig|6666666.1036479.peg.1913,0.894737058877945,0.0033915871878273333,High,Very Low,Very Low–High,,,0,no STRING match,no STRING match,2597,2793,1,1
4615,fig|6666666.1036479.peg.787,fig|6666666.1036479.peg.1739,0.8947307586669921,0.0033923222522373522,Very Low,Very Low,Very Low–Very Low,,,0,no STRING match,no STRING match,2318,2731,1,1
4616,fig|6666666.1036479.peg.2646,fig|6666666.1036479.peg.1673,0.8947260916233063,0.003393057316647371,Low,Very Low,Very Low–Low,,,0,no STRING match,no STRING match,1694,2713,1,1
4617,fig|6666666.1036479.peg.728,fig|6666666.1036479.peg.1519,0.8947256624698638,0.00339379238105739,Medium,High,Medium–High,,,0,no STRING match,no STRING match,2286,2632,1,1
4618,fig|6666666.1036479.peg.31,fig|6666666.1036479.peg.793,0.8947214663028717,0.003394527445467409,Very Low,Medium,Very Low–Medium,,,0,no STRING match,no STRING match,2018,2320,2,1
4619,fig|6666666.1036479.peg.179,fig|6666666.1036479.peg.793,0.8947214663028717,0.003395262509877428,Very Low,Medium,Very Low–Medium,,,0,no STRING match,no STRING match,2018,2320,2,1
4620,fig|6666666.1036479.peg.89,fig|6666666.1036479.peg.867,0.894712221622467,0.003395997574287447,Very Low,Low,Very Low–Low,,,0,no STRING match,no STRING match,2052,2346,1,1
4621,fig|6666666.1036479.peg.2648,fig|6666666.1036479.peg.370,0.8947116613388062,0.003396732638697466,Very Low,High,Very Low–High,,,0,no STRING match,no STRING match,1695,2139,1,1
4622,fig|6666666.1036479.peg.2924,fig|6666666.1036479.peg.1739,0.8947055578231812,0.003397467703107485,Very Low,Very Low,Very Low–Very Low,,,0,no STRING match,no STRING match,1827,2731,1,1
4623,fig|6666666.1036479.peg.3207,fig|6666666.1036479.peg.1064,0.8947041869163513,0.003398202767517504,Medium,Medium,Medium–Medium,,,0,no STRING match,no STRING match,1965,2414,1,1
4624,fig|6666666.1036479.peg.2536,fig|6666666.1036479.peg.2646,0.8947022020816803,0.003398937831927523,Very Low,Low,Very Low–Low,,,0,no STRING match,no STRING match,1629,1694,1,1
4625,fig|6666666.1036479.peg.1951,fig|6666666.1036479.peg.2071,0.8946806371212006,0.0033996728963375414,High,Medium,Medium–High,,,0,no STRING match,no STRING match,2813,2862,1,1
4626,fig|6666666.1036479.peg.2501,fig|6666666.1036479.peg.2540,0.8946795046329499,0.0034004079607475603,High,Medium,Medium–High,,,0,no STRING match,no STRING match,1608,1633,1,1
4627,fig|6666666.1036479.peg.3191,fig|6666666.1036479.peg.2114,0.8946793437004089,0.0034011430251575793,Medium,Very Low,Very Low–Medium,,"COG1629 Outer membrane receptor proteins, mostly Fe transport.",0,no STRING match,secondary STRING hit (STRING protein assigned to a better match),1954,2884,1,1
4628,fig|6666666.1036479.peg.1131,fig|6666666.1036479.peg.2414,0.8946747422218323,0.0034018780895675982,Very Low,Very Low,Very Low–Very Low,,,0,no STRING match,no STRING match,2460,3014,1,1
4629,fig|6666666.1036479.peg.3187,fig|6666666.1036479.peg.1394,0.8946658968925476,0.003402613153977617,Very Low,Medium,Very Low–Medium,Hypothetical protein.,,0,secondary STRING hit (STRING protein assigned to a better match),no STRING match,1950,2583,1,1
4630,fig|6666666.1036479.peg.1547,fig|6666666.1036479.peg.1946,0.8946619749069213,0.003403348218387636,High,Medium,Medium–High,,,0,no STRING match,no STRING match,2647,2808,1,1
4631,fig|6666666.1036479.peg.793,fig|6666666.1036479.peg.2384,0.894658899307251,0.003404083282797655,Medium,Medium,Medium–Medium,,,0,no STRING match,no STRING match,2320,2998,1,1
4632,fig|6666666.1036479.peg.391,fig|6666666.1036479.peg.867,0.8946532189846039,0.003404818347207674,Medium,Low,Low–Medium,,,0,no STRING match,no STRING match,2142,2346,1,1
4633,fig|6666666.1036479.peg.2761,fig|6666666.1036479.peg.475,0.8946528255939483,0.003405553411617693,Low,Low,Low–Low,,,0,no STRING match,no STRING match,1740,2175,1,1
4634,fig|6666666.1036479.peg.2547,fig|6666666.1036479.peg.2548,0.8946377396583557,0.003406288476027712,Medium,High,Medium–High,,,0,no STRING match,no STRING match,1640,1641,1,1
4635,fig|6666666.1036479.peg.3213,fig|6666666.1036479.peg.942,0.8946337342262268,0.003407023540437731,Very Low,Very Low,Very Low–Very Low,,,0,no STRING match,no STRING match,1967,2389,1,1
4636,fig|6666666.1036479.peg.687,fig|6666666.1036479.peg.1937,0.8946332514286042,0.00340775860484775,Very Low,High,Very Low–High,,,0,no STRING match,no STRING match,2260,2802,1,1
4637,fig|6666666.1036479.peg.719,fig|6666666.1036479.peg.934,0.8946261882781983,0.003408493669257769,Medium,Low,Low–Medium,,,0,no STRING match,no STRING match,2277,2385,1,1
4638,fig|6666666.1036479.peg.1673,fig|6666666.1036479.peg.2156,0.8945997059345245,0.003409228733667788,Very Low,Very Low,Very Low–Very Low,,,0,no STRING match,no STRING match,2713,2906,1,1
4639,fig|6666666.1036479.peg.861,fig|6666666.1036479.peg.1268,0.8945948123931885,0.0034099637980778068,High,Medium,Medium–High,,,0,no STRING match,no STRING match,2341,2521,1,1
4640,fig|6666666.1036479.peg.253,fig|6666666.1036479.peg.458,0.8945892870426178,0.0034106988624878253,Low,Low,Low–Low,Hypothetical protein.,,0,secondary STRING hit (STRING protein assigned to a better match),no STRING match,2096,2168,1,1
4641,fig|6666666.1036479.peg.1419,fig|6666666.1036479.peg.1657,0.8945662438869476,0.0034114339268978442,High,Medium,Medium–High,,,0,no STRING match,no STRING match,2597,2707,1,1
4642,fig|6666666.1036479.peg.1064,fig|6666666.1036479.peg.2156,0.8945559024810791,0.003412168991307863,Medium,Very Low,Very Low–Medium,,,0,no STRING match,no STRING match,2414,2906,1,1
4643,fig|6666666.1036479.peg.819,fig|6666666.1036479.peg.1419,0.8945524096488953,0.003412904055717882,Very Low,High,Very Low–High,,,0,no STRING match,no STRING match,2330,2597,1,1
4644,fig|6666666.1036479.peg.3187,fig|6666666.1036479.peg.3191,0.8945169389247895,0.003413639120127901,Very Low,Medium,Very Low–Medium,Hypothetical protein.,,0,secondary STRING hit (STRING protein assigned to a better match),no STRING match,1950,1954,1,1
4645,fig|6666666.1036479.peg.856,fig|6666666.1036479.peg.2434,0.8944946587085724,0.00341437418453792,Low,High,Low–High,,,0,no STRING match,no STRING match,2340,3021,1,1
4646,fig|6666666.1036479.peg.2988,fig|6666666.1036479.peg.1649,0.894478690624237,0.003415109248947939,Medium,Very Low,Very Low–Medium,Hypothetical protein.,YD repeat-containing protein; COG3209 Rhs family protein.,0,secondary STRING hit (STRING protein assigned to a better match),secondary STRING hit (STRING protein assigned to a better match),1859,2703,1,1
4647,fig|6666666.1036479.peg.3180,fig|6666666.1036479.peg.793,0.8944778323173523,0.003415844313357958,Very Low,Medium,Very Low–Medium,,,0,no STRING match,no STRING match,1943,2320,2,1
4648,fig|6666666.1036479.peg.793,fig|6666666.1036479.peg.2380,0.8944778323173523,0.003416579377767977,Medium,Very Low,Very Low–Medium,,,0,no STRING match,no STRING match,2320,1943,1,2
4649,fig|6666666.1036479.peg.253,fig|6666666.1036479.peg.793,0.8944751560688019,0.003417314442177996,Low,Medium,Low–Medium,Hypothetical protein.,,0,secondary STRING hit (STRING protein assigned to a better match),no STRING match,2096,2320,1,1
4650,fig|6666666.1036479.peg.726,fig|6666666.1036479.peg.728,0.8944745361804962,0.003418049506588015,Very Low,Medium,Very Low–Medium,,,0,no STRING match,no STRING match,2284,2286,1,1
4651,fig|6666666.1036479.peg.236,fig|6666666.1036479.peg.689,0.8944716334342957,0.003418784570998034,Very Low,High,Very Low–High,,,0,no STRING match,no STRING match,2086,2261,1,1
4652,fig|6666666.1036479.peg.1671,fig|6666666.1036479.peg.1991,0.8944613397121429,0.0034195196354080528,High,Very Low,Very Low–High,,,0,no STRING match,no STRING match,2712,2837,1,1
4653,fig|6666666.1036479.peg.934,fig|6666666.1036479.peg.1913,0.8944609940052033,0.0034202546998180717,Low,Very Low,Very Low–Low,,,0,no STRING match,no STRING match,2385,2793,1,1
4654,fig|6666666.1036479.peg.2972,fig|6666666.1036479.peg.1719,0.8944602191448212,0.0034209897642280907,Medium,Medium,Medium–Medium,,,0,no STRING match,no STRING match,1853,2727,1,1
4655,fig|6666666.1036479.peg.3089,fig|6666666.1036479.peg.887,0.8944495737552642,0.003421724828638109,High,Medium,Medium–High,,,0,no STRING match,no STRING match,1907,2362,1,1
4656,fig|6666666.1036479.peg.702,fig|6666666.1036479.peg.2092,0.8944493293762207,0.003422459893048128,Medium,Medium,Medium–Medium,,,0,no STRING match,no STRING match,2266,2871,1,1
4657,fig|6666666.1036479.peg.2545,fig|6666666.1036479.peg.1074,0.8944348096847534,0.003423194957458147,Very Low,High,Very Low–High,,,0,no STRING match,no STRING match,1638,2418,7,1
4658,fig|6666666.1036479.peg.2567,fig|6666666.1036479.peg.1074,0.8944348096847534,0.003423930021868166,Very Low,High,Very Low–High,,,0,no STRING match,no STRING match,1638,2418,7,1
4659,fig|6666666.1036479.peg.1074,fig|6666666.1036479.peg.1573,0.8944348096847534,0.003424665086278185,High,Very Low,Very Low–High,,,0,no STRING match,no STRING match,2418,1638,1,7
4660,fig|6666666.1036479.peg.1074,fig|6666666.1036479.peg.1586,0.8944348096847534,0.003425400150688204,High,Very Low,Very Low–High,,,0,no STRING match,no STRING match,2418,1638,1,7
4661,fig|6666666.1036479.peg.1074,fig|6666666.1036479.peg.1597,0.8944348096847534,0.003426135215098223,High,Very Low,Very Low–High,,,0,no STRING match,no STRING match,2418,1638,1,7
4662,fig|6666666.1036479.peg.1074,fig|6666666.1036479.peg.1619,0.8944348096847534,0.003426870279508242,High,Very Low,Very Low–High,,,0,no STRING match,no STRING match,2418,1638,1,7
4663,fig|6666666.1036479.peg.1074,fig|6666666.1036479.peg.1643,0.8944348096847534,0.003427605343918261,High,Very Low,Very Low–High,,,0,no STRING match,no STRING match,2418,1638,1,7
4664,fig|6666666.1036479.peg.2648,fig|6666666.1036479.peg.2679,0.8944332957267761,0.00342834040832828,Very Low,Medium,Very Low–Medium,,,0,no STRING match,no STRING match,1695,1705,1,1
4665,fig|6666666.1036479.peg.2536,fig|6666666.1036479.peg.1074,0.8944298684597015,0.0034290754727382988,Very Low,High,Very Low–High,,,0,no STRING match,no STRING match,1629,2418,1,1
4666,fig|6666666.1036479.peg.867,fig|6666666.1036479.peg.2238,0.8944228112697601,0.0034298105371483177,Low,Very Low,Very Low–Low,,,0,no STRING match,no STRING match,2346,2942,1,1
4667,fig|6666666.1036479.peg.3213,fig|6666666.1036479.peg.1719,0.8944180071353912,0.0034305456015583367,Very Low,Medium,Very Low–Medium,,,0,no STRING match,no STRING match,1967,2727,1,1
4668,fig|6666666.1036479.peg.2679,fig|6666666.1036479.peg.1416,0.8944007873535156,0.0034312806659683556,Medium,Medium,Medium–Medium,,,0,no STRING match,no STRING match,1705,2595,1,1
4669,fig|6666666.1036479.peg.2156,fig|6666666.1036479.peg.2455,0.8943969070911407,0.0034320157303783746,Very Low,Medium,Very Low–Medium,,,0,no STRING match,no STRING match,2906,3032,1,1
4670,fig|6666666.1036479.peg.899,fig|6666666.1036479.peg.950,0.8943947076797485,0.003432750794788393,Very Low,Very Low,Very Low–Very Low,,,0,no STRING match,no STRING match,2369,2392,1,1
4671,fig|6666666.1036479.peg.719,fig|6666666.1036479.peg.1419,0.8943902313709259,0.003433485859198412,Medium,High,Medium–High,,,0,no STRING match,no STRING match,2277,2597,1,1
4672,fig|6666666.1036479.peg.2792,fig|6666666.1036479.peg.3008,0.8943901598453522,0.003434220923608431,High,Medium,Medium–High,,,0,no STRING match,no STRING match,1754,1868,1,1
4673,fig|6666666.1036479.peg.722,fig|6666666.1036479.peg.2071,0.894378024339676,0.00343495598801845,Very Low,Medium,Very Low–Medium,,,0,no STRING match,no STRING match,2280,2862,1,1
4674,fig|6666666.1036479.peg.244,fig|6666666.1036479.peg.652,0.8943723559379577,0.003435691052428469,Very Low,Very Low,Very Low–Very Low,,,0,no STRING match,no STRING match,2092,2249,1,1
4675,fig|6666666.1036479.peg.2924,fig|6666666.1036479.peg.861,0.894371509552002,0.003436426116838488,Very Low,High,Very Low–High,,,0,no STRING match,no STRING match,1827,2341,1,1
4676,fig|6666666.1036479.peg.458,fig|6666666.1036479.peg.1543,0.8943689525127411,0.003437161181248507,Low,Medium,Low–Medium,,,0,no STRING match,no STRING match,2168,2644,1,1
4677,fig|6666666.1036479.peg.2648,fig|6666666.1036479.peg.866,0.8943627357482911,0.003437896245658526,Very Low,High,Very Low–High,,,0,no STRING match,no STRING match,1695,2345,1,1
4678,fig|6666666.1036479.peg.3213,fig|6666666.1036479.peg.1519,0.8943621695041657,0.0034386313100685448,Very Low,High,Very Low–High,,,0,no STRING match,no STRING match,1967,2632,1,1
4679,fig|6666666.1036479.peg.2988,fig|6666666.1036479.peg.726,0.8943617403507232,0.0034393663744785637,Medium,Very Low,Very Low–Medium,Hypothetical protein.,,0,secondary STRING hit (STRING protein assigned to a better match),no STRING match,1859,2284,1,1
4680,fig|6666666.1036479.peg.2792,fig|6666666.1036479.peg.3199,0.8943587303161621,0.0034401014388885827,High,Very Low,Very Low–High,,,0,no STRING match,no STRING match,1754,1961,1,1
4681,fig|6666666.1036479.peg.861,fig|6666666.1036479.peg.1814,0.8943574607372284,0.0034408365032986016,High,Very Low,Very Low–High,,,0,no STRING match,no STRING match,2341,2763,1,1
4682,fig|6666666.1036479.peg.1934,fig|6666666.1036479.peg.2364,0.8943502604961395,0.0034415715677086206,Low,Medium,Low–Medium,,,0,no STRING match,no STRING match,2801,2994,1,1
4683,fig|6666666.1036479.peg.856,fig|6666666.1036479.peg.1850,0.8943497478961945,0.0034423066321186396,Low,Very Low,Very Low–Low,,,0,no STRING match,no STRING match,2340,2771,1,1
4684,fig|6666666.1036479.peg.391,fig|6666666.1036479.peg.652,0.8943484723567963,0.0034430416965286585,Medium,Very Low,Very Low–Medium,,,0,no STRING match,no STRING match,2142,2249,1,1
4685,fig|6666666.1036479.peg.2548,fig|6666666.1036479.peg.281,0.8943368971347809,0.003443776760938677,High,Very Low,Very Low–High,,,0,no STRING match,no STRING match,1641,2108,1,1
4686,fig|6666666.1036479.peg.3184,fig|6666666.1036479.peg.1547,0.8943331897258758,0.003444511825348696,Very Low,High,Very Low–High,,,0,no STRING match,no STRING match,1947,2647,1,1
4687,fig|6666666.1036479.peg.3187,fig|6666666.1036479.peg.236,0.8943137168884278,0.003445246889758715,Very Low,Very Low,Very Low–Very Low,Hypothetical protein.,,0,secondary STRING hit (STRING protein assigned to a better match),no STRING match,1950,2086,1,1
4688,fig|6666666.1036479.peg.3025,fig|6666666.1036479.peg.856,0.8943035662174225,0.003445981954168734,Very Low,Low,Very Low–Low,,,0,no STRING match,no STRING match,1882,2340,1,1
4689,fig|6666666.1036479.peg.2754,fig|6666666.1036479.peg.391,0.8942992508411407,0.003446717018578753,Very Low,Medium,Very Low–Medium,,,0,no STRING match,no STRING match,1735,2142,1,1
4690,fig|6666666.1036479.peg.253,fig|6666666.1036479.peg.723,0.8942939162254333,0.003447452082988772,Low,High,Low–High,Hypothetical protein.,,0,secondary STRING hit (STRING protein assigned to a better match),no STRING match,2096,2281,1,1
4691,fig|6666666.1036479.peg.2092,fig|6666666.1036479.peg.2348,0.8942906737327576,0.0034481871473987908,Medium,High,Medium–High,,,0,no STRING match,no STRING match,2871,2991,1,1
4692,fig|6666666.1036479.peg.3166,fig|6666666.1036479.peg.2063,0.8942903220653534,0.0034489222118088097,Very Low,Very Low,Very Low–Very Low,,,0,no STRING match,no STRING match,1935,2860,1,1
4693,fig|6666666.1036479.peg.1582,fig|6666666.1036479.peg.1693,0.8942865490913391,0.0034496572762188287,Very Low,Medium,Very Low–Medium,YD repeat-containing protein; COG3209 Rhs family protein.,,0,secondary STRING hit (STRING protein assigned to a better match),no STRING match,2673,2718,1,1
4694,fig|6666666.1036479.peg.364,fig|6666666.1036479.peg.793,0.8942825019359588,0.0034503923406288477,Low,Medium,Low–Medium,,,0,no STRING match,no STRING match,2137,2320,1,1
4695,fig|6666666.1036479.peg.3213,fig|6666666.1036479.peg.2238,0.8942727088928223,0.0034511274050388666,Very Low,Very Low,Very Low–Very Low,,,0,no STRING match,no STRING match,1967,2942,1,1
4696,fig|6666666.1036479.peg.364,fig|6666666.1036479.peg.942,0.8942722797393798,0.0034518624694488856,Low,Very Low,Very Low–Low,,,0,no STRING match,no STRING match,2137,2389,1,1
4697,fig|6666666.1036479.peg.704,fig|6666666.1036479.peg.942,0.8942702174186706,0.0034525975338589045,Low,Very Low,Very Low–Low,,,0,no STRING match,no STRING match,2268,2389,1,1
4698,fig|6666666.1036479.peg.721,fig|6666666.1036479.peg.942,0.8942697525024415,0.0034533325982689235,High,Very Low,Very Low–High,Yd repeat protein; COG3209 Rhs family protein.,,0,secondary STRING hit (STRING protein assigned to a better match),no STRING match,2279,2389,1,1
4699,fig|6666666.1036479.peg.36,fig|6666666.1036479.peg.1543,0.8942615926265717,0.0034540676626789424,Medium,Medium,Medium–Medium,,,0,no STRING match,no STRING match,2023,2644,2,1
4700,fig|6666666.1036479.peg.184,fig|6666666.1036479.peg.1543,0.8942615926265717,0.003454802727088961,Medium,Medium,Medium–Medium,,,0,no STRING match,no STRING match,2023,2644,2,1
4701,fig|6666666.1036479.peg.1308,fig|6666666.1036479.peg.2091,0.8942507743835449,0.00345553779149898,Medium,Medium,Medium–Medium,,,0,no STRING match,no STRING match,2532,2870,1,1
4702,fig|6666666.1036479.peg.89,fig|6666666.1036479.peg.391,0.894238543510437,0.003456272855908999,Very Low,Medium,Very Low–Medium,,,0,no STRING match,no STRING match,2052,2142,1,1
4703,fig|6666666.1036479.peg.391,fig|6666666.1036479.peg.781,0.894227945804596,0.003457007920319018,Medium,Medium,Medium–Medium,,,0,no STRING match,no STRING match,2142,2315,1,1
4704,fig|6666666.1036479.peg.458,fig|6666666.1036479.peg.2185,0.8942159354686737,0.003457742984729037,Low,Very Low,Very Low–Low,,,0,no STRING match,no STRING match,2168,2931,1,1
4705,fig|6666666.1036479.peg.3178,fig|6666666.1036479.peg.874,0.8941917896270752,0.0034584780491390557,Very Low,Medium,Very Low–Medium,,,0,no STRING match,no STRING match,1941,2351,1,1
4706,fig|6666666.1036479.peg.2540,fig|6666666.1036479.peg.3077,0.8941781520843506,0.0034592131135490747,Medium,Medium,Medium–Medium,,,0,no STRING match,no STRING match,1633,1900,1,1
4707,fig|6666666.1036479.peg.370,fig|6666666.1036479.peg.652,0.8941665709018707,0.0034599481779590937,High,Very Low,Very Low–High,,,0,no STRING match,no STRING match,2139,2249,1,1
4708,fig|6666666.1036479.peg.2889,fig|6666666.1036479.peg.2071,0.8941556632518768,0.0034606832423691126,Medium,Medium,Medium–Medium,,,0,no STRING match,no STRING match,1811,2862,1,1
4709,fig|6666666.1036479.peg.3188,fig|6666666.1036479.peg.2092,0.89415363073349,0.0034614183067791316,Medium,Medium,Medium–Medium,,,0,no STRING match,no STRING match,1951,2871,1,1
4710,fig|6666666.1036479.peg.1719,fig|6666666.1036479.peg.2405,0.894148051738739,0.0034621533711891505,Medium,Medium,Medium–Medium,,Hypothetical protein; COG0605 Superoxide dismutase.,0,no STRING match,secondary STRING hit (STRING protein assigned to a better match),2727,3007,1,1
4711,fig|6666666.1036479.peg.2754,fig|6666666.1036479.peg.1901,0.8941386640071869,0.0034628884355991695,Very Low,Very Low,Very Low–Very Low,,,0,no STRING match,no STRING match,1735,2787,1,1
4712,fig|6666666.1036479.peg.942,fig|6666666.1036479.peg.1894,0.8941322147846222,0.0034636235000091884,Very Low,Medium,Very Low–Medium,,Hypothetical protein.,0,no STRING match,secondary STRING hit (STRING protein assigned to a better match),2389,2785,1,1
4713,fig|6666666.1036479.peg.1947,fig|6666666.1036479.peg.2455,0.8941286981105805,0.0034643585644192074,Medium,Medium,Medium–Medium,,,0,no STRING match,no STRING match,2809,3032,1,1
4714,fig|6666666.1036479.peg.923,fig|6666666.1036479.peg.2093,0.8941233396530152,0.0034650936288292264,High,Medium,Medium–High,,,0,no STRING match,no STRING match,2380,2872,1,1
4715,fig|6666666.1036479.peg.2988,fig|6666666.1036479.peg.1355,0.8941229939460754,0.003465828693239245,Medium,Medium,Medium–Medium,Hypothetical protein.,,0,secondary STRING hit (STRING protein assigned to a better match),no STRING match,1859,2564,1,1
4716,fig|6666666.1036479.peg.236,fig|6666666.1036479.peg.1064,0.8941214203834533,0.003466563757649264,Very Low,Medium,Very Low–Medium,,,0,no STRING match,no STRING match,2086,2414,1,1
4717,fig|6666666.1036479.peg.2924,fig|6666666.1036479.peg.793,0.8941172301769257,0.003467298822059283,Very Low,Medium,Very Low–Medium,,,0,no STRING match,no STRING match,1827,2320,1,1
4718,fig|6666666.1036479.peg.3207,fig|6666666.1036479.peg.1308,0.8941128671169281,0.0034680338864693017,Medium,Medium,Medium–Medium,,,0,no STRING match,no STRING match,1965,2532,1,1
4719,fig|6666666.1036479.peg.2049,fig|6666666.1036479.peg.2071,0.8941043496131897,0.0034687689508793207,Very Low,Medium,Very Low–Medium,,,0,no STRING match,no STRING match,2851,2862,1,1
4720,fig|6666666.1036479.peg.475,fig|6666666.1036479.peg.476,0.8940998017787933,0.0034695040152893397,Low,Very Low,Very Low–Low,,,0,no STRING match,no STRING match,2175,2176,1,1
4721,fig|6666666.1036479.peg.2988,fig|6666666.1036479.peg.1268,0.894096451997757,0.0034702390796993586,Medium,Medium,Medium–Medium,Hypothetical protein.,,0,secondary STRING hit (STRING protein assigned to a better match),no STRING match,1859,2521,1,1
4722,fig|6666666.1036479.peg.2848,fig|6666666.1036479.peg.1673,0.8940939724445343,0.0034709741441093776,Very Low,Very Low,Very Low–Very Low,,,0,no STRING match,no STRING match,1786,2713,1,1
4723,fig|6666666.1036479.peg.719,fig|6666666.1036479.peg.2364,0.8940879881381989,0.0034717092085193965,Medium,Medium,Medium–Medium,,,0,no STRING match,no STRING match,2277,2994,1,1
4724,fig|6666666.1036479.peg.861,fig|6666666.1036479.peg.1968,0.894079864025116,0.0034724442729294155,High,Very Low,Very Low–High,,,0,no STRING match,no STRING match,2341,2827,1,1
4725,fig|6666666.1036479.peg.866,fig|6666666.1036479.peg.2092,0.894074821472168,0.0034731793373394344,High,Medium,Medium–High,,,0,no STRING match,no STRING match,2345,2871,1,1
4726,fig|6666666.1036479.peg.2545,fig|6666666.1036479.peg.861,0.8940688371658325,0.0034739144017494534,Very Low,High,Very Low–High,,,0,no STRING match,no STRING match,1638,2341,7,1
4727,fig|6666666.1036479.peg.2567,fig|6666666.1036479.peg.861,0.8940688371658325,0.0034746494661594724,Very Low,High,Very Low–High,,,0,no STRING match,no STRING match,1638,2341,7,1
4728,fig|6666666.1036479.peg.861,fig|6666666.1036479.peg.1573,0.8940688371658325,0.0034753845305694913,High,Very Low,Very Low–High,,,0,no STRING match,no STRING match,2341,1638,1,7
4729,fig|6666666.1036479.peg.861,fig|6666666.1036479.peg.1586,0.8940688371658325,0.0034761195949795103,High,Very Low,Very Low–High,,,0,no STRING match,no STRING match,2341,1638,1,7
4730,fig|6666666.1036479.peg.861,fig|6666666.1036479.peg.1597,0.8940688371658325,0.003476854659389529,High,Very Low,Very Low–High,,,0,no STRING match,no STRING match,2341,1638,1,7
4731,fig|6666666.1036479.peg.861,fig|6666666.1036479.peg.1619,0.8940688371658325,0.0034775897237995478,High,Very Low,Very Low–High,,,0,no STRING match,no STRING match,2341,1638,1,7
4732,fig|6666666.1036479.peg.861,fig|6666666.1036479.peg.1643,0.8940688371658325,0.0034783247882095667,High,Very Low,Very Low–High,,,0,no STRING match,no STRING match,2341,1638,1,7
4733,fig|6666666.1036479.peg.934,fig|6666666.1036479.peg.1657,0.8940640211105346,0.0034790598526195857,Low,Medium,Low–Medium,,,0,no STRING match,no STRING match,2385,2707,1,1
4734,fig|6666666.1036479.peg.3020,fig|6666666.1036479.peg.1946,0.8940614223480224,0.0034797949170296046,Low,Medium,Low–Medium,,,0,no STRING match,no STRING match,1878,2808,1,1
4735,fig|6666666.1036479.peg.1331,fig|6666666.1036479.peg.1547,0.8940575599670411,0.0034805299814396236,Low,High,Low–High,,,0,no STRING match,no STRING match,2548,2647,1,1
4736,fig|6666666.1036479.peg.411,fig|6666666.1036479.peg.2467,0.8940566539764404,0.0034812650458496425,Low,Low,Low–Low,Hypothetical protein.,,0,secondary STRING hit (STRING protein assigned to a better match),no STRING match,2150,3038,1,1
4737,fig|6666666.1036479.peg.3131,fig|6666666.1036479.peg.1109,0.8940256237983704,0.0034820001102596615,Low,Very Low,Very Low–Low,,,0,no STRING match,no STRING match,1923,2441,1,1
4738,fig|6666666.1036479.peg.3167,fig|6666666.1036479.peg.1134,0.8940152227878571,0.0034827351746696805,Very Low,Very Low,Very Low–Very Low,,,0,no STRING match,no STRING match,1936,2461,1,1
4739,fig|6666666.1036479.peg.2848,fig|6666666.1036479.peg.1308,0.8940146625041961,0.0034834702390796994,Very Low,Medium,Very Low–Medium,,,0,no STRING match,no STRING match,1786,2532,1,1
4740,fig|6666666.1036479.peg.2681,fig|6666666.1036479.peg.3207,0.8940120756626129,0.0034842053034897184,Low,Medium,Low–Medium,,,0,no STRING match,no STRING match,1706,1965,1,1
4741,fig|6666666.1036479.peg.2988,fig|6666666.1036479.peg.1604,0.8940106093883514,0.0034849403678997373,Medium,Very Low,Very Low–Medium,Hypothetical protein.,YD repeat-containing protein; COG3209 Rhs family protein.,0,secondary STRING hit (STRING protein assigned to a better match),secondary STRING hit (STRING protein assigned to a better match),1859,2685,1,2
4742,fig|6666666.1036479.peg.2988,fig|6666666.1036479.peg.1611,0.8940106093883514,0.0034856754323097563,Medium,Very Low,Very Low–Medium,Hypothetical protein.,YD repeat-containing protein; COG3209 Rhs family protein.,0,secondary STRING hit (STRING protein assigned to a better match),secondary STRING hit (STRING protein assigned to a better match),1859,2685,1,2
4743,fig|6666666.1036479.peg.3131,fig|6666666.1036479.peg.1362,0.8939980387687683,0.0034864104967197752,Low,Medium,Low–Medium,,,0,no STRING match,no STRING match,1923,2570,1,1
4744,fig|6666666.1036479.peg.3184,fig|6666666.1036479.peg.253,0.8939866483211517,0.003487145561129794,Very Low,Low,Very Low–Low,,Hypothetical protein.,0,no STRING match,secondary STRING hit (STRING protein assigned to a better match),1947,2096,1,1
4745,fig|6666666.1036479.peg.1080,fig|6666666.1036479.peg.1566,0.8939794182777405,0.0034878806255398127,High,High,High–High,,,0,no STRING match,no STRING match,2424,2659,1,1
4746,fig|6666666.1036479.peg.903,fig|6666666.1036479.peg.2114,0.8939779222011566,0.0034886156899498317,Medium,Very Low,Very Low–Medium,,"COG1629 Outer membrane receptor proteins, mostly Fe transport.",0,no STRING match,secondary STRING hit (STRING protein assigned to a better match),2371,2884,1,1
4747,fig|6666666.1036479.peg.3188,fig|6666666.1036479.peg.36,0.893970113992691,0.0034893507543598506,Medium,Medium,Medium–Medium,,,0,no STRING match,no STRING match,1951,2023,1,2
4748,fig|6666666.1036479.peg.3188,fig|6666666.1036479.peg.184,0.893970113992691,0.0034900858187698696,Medium,Medium,Medium–Medium,,,0,no STRING match,no STRING match,1951,2023,1,2
4749,fig|6666666.1036479.peg.3089,fig|6666666.1036479.peg.1934,0.8939686179161072,0.0034908208831798885,High,Low,Low–High,,,0,no STRING match,no STRING match,1907,2801,1,1
4750,fig|6666666.1036479.peg.244,fig|6666666.1036479.peg.1416,0.8939676821231842,0.0034915559475899075,Very Low,Medium,Very Low–Medium,,,0,no STRING match,no STRING match,2092,2595,1,1
4751,fig|6666666.1036479.peg.364,fig|6666666.1036479.peg.1547,0.8939648330211639,0.0034922910119999265,Low,High,Low–High,,,0,no STRING match,no STRING match,2137,2647,1,1
4752,fig|6666666.1036479.peg.2672,fig|6666666.1036479.peg.2478,0.8939634621143341,0.0034930260764099454,Medium,Very Low,Very Low–Medium,,,0,no STRING match,no STRING match,1704,3042,1,1
4753,fig|6666666.1036479.peg.89,fig|6666666.1036479.peg.1519,0.8939611732959747,0.0034937611408199644,Very Low,High,Very Low–High,,,0,no STRING match,no STRING match,2052,2632,1,1
4754,fig|6666666.1036479.peg.3207,fig|6666666.1036479.peg.3222,0.8939597129821777,0.0034944962052299833,Medium,Medium,Medium–Medium,,,0,no STRING match,no STRING match,1965,1972,1,2
4755,fig|6666666.1036479.peg.3207,fig|6666666.1036479.peg.138,0.8939597129821777,0.0034952312696400023,Medium,Medium,Medium–Medium,,,0,no STRING match,no STRING match,1965,1972,1,2
4756,fig|6666666.1036479.peg.834,fig|6666666.1036479.peg.1719,0.8939150393009185,0.0034959663340500212,Very Low,Medium,Very Low–Medium,,,0,no STRING match,no STRING match,2335,2727,1,1
4757,fig|6666666.1036479.peg.3187,fig|6666666.1036479.peg.1946,0.8939148366451264,0.00349670139846004,Very Low,Medium,Very Low–Medium,Hypothetical protein.,,0,secondary STRING hit (STRING protein assigned to a better match),no STRING match,1950,2808,1,1
4758,fig|6666666.1036479.peg.3199,fig|6666666.1036479.peg.1671,0.8938971817493438,0.003497436462870059,Very Low,High,Very Low–High,,,0,no STRING match,no STRING match,1961,2712,1,1
4759,fig|6666666.1036479.peg.1719,fig|6666666.1036479.peg.2049,0.8938912987709046,0.003498171527280078,Medium,Very Low,Very Low–Medium,,,0,no STRING match,no STRING match,2727,2851,1,1
4760,fig|6666666.1036479.peg.1673,fig|6666666.1036479.peg.2348,0.8938883900642395,0.0034989065916900966,Very Low,High,Very Low–High,,,0,no STRING match,no STRING match,2713,2991,1,1
4761,fig|6666666.1036479.peg.2646,fig|6666666.1036479.peg.369,0.8938863277435303,0.0034996416561001156,Low,High,Low–High,,,0,no STRING match,no STRING match,1694,2138,1,1
4762,fig|6666666.1036479.peg.3191,fig|6666666.1036479.peg.942,0.8938835740089417,0.0035003767205101345,Medium,Very Low,Very Low–Medium,,,0,no STRING match,no STRING match,1954,2389,1,1
4763,fig|6666666.1036479.peg.3131,fig|6666666.1036479.peg.1402,0.893878847360611,0.0035011117849201535,Low,High,Low–High,,,0,no STRING match,no STRING match,1923,2585,1,1
4764,fig|6666666.1036479.peg.458,fig|6666666.1036479.peg.719,0.8938738107681274,0.0035018468493301725,Low,Medium,Low–Medium,,,0,no STRING match,no STRING match,2168,2277,1,1
4765,fig|6666666.1036479.peg.2788,fig|6666666.1036479.peg.689,0.8938530921936035,0.0035025819137401914,Medium,High,Medium–High,,,0,no STRING match,no STRING match,1752,2261,1,1
4766,fig|6666666.1036479.peg.3083,fig|6666666.1036479.peg.3089,0.8938524484634399,0.0035033169781502104,High,High,High–High,,,0,no STRING match,no STRING match,1905,1907,1,1
4767,fig|6666666.1036479.peg.2762,fig|6666666.1036479.peg.2042,0.8938489079475402,0.0035040520425602293,Medium,High,Medium–High,Hypothetical protein.,,0,secondary STRING hit (STRING protein assigned to a better match),no STRING match,1741,2850,1,1
4768,fig|6666666.1036479.peg.2604,fig|6666666.1036479.peg.1080,0.8938488066196442,0.0035047871069702483,Low,High,Low–High,,,0,no STRING match,no STRING match,1669,2424,1,1
4769,fig|6666666.1036479.peg.3187,fig|6666666.1036479.peg.3207,0.8938483953475952,0.0035055221713802672,Very Low,Medium,Very Low–Medium,Hypothetical protein.,,0,secondary STRING hit (STRING protein assigned to a better match),no STRING match,1950,1965,1,1
4770,fig|6666666.1036479.peg.3184,fig|6666666.1036479.peg.887,0.8938411593437194,0.003506257235790286,Very Low,Medium,Very Low–Medium,,,0,no STRING match,no STRING match,1947,2362,1,1
4771,fig|6666666.1036479.peg.866,fig|6666666.1036479.peg.2455,0.8938382923603058,0.003506992300200305,High,Medium,Medium–High,,,0,no STRING match,no STRING match,2345,3032,1,1
4772,fig|6666666.1036479.peg.2681,fig|6666666.1036479.peg.2973,0.8938363134860993,0.003507727364610324,Low,Low,Low–Low,,,0,no STRING match,no STRING match,1706,1854,1,1
4773,fig|6666666.1036479.peg.2545,fig|6666666.1036479.peg.244,0.8938351809978485,0.003508462429020343,Very Low,Very Low,Very Low–Very Low,,,0,no STRING match,no STRING match,1638,2092,7,1
4774,fig|6666666.1036479.peg.2567,fig|6666666.1036479.peg.244,0.8938351809978485,0.003509197493430362,Very Low,Very Low,Very Low–Very Low,,,0,no STRING match,no STRING match,1638,2092,7,1
4775,fig|6666666.1036479.peg.244,fig|6666666.1036479.peg.1573,0.8938351809978485,0.0035099325578403806,Very Low,Very Low,Very Low–Very Low,,,0,no STRING match,no STRING match,2092,1638,1,7
4776,fig|6666666.1036479.peg.244,fig|6666666.1036479.peg.1586,0.8938351809978485,0.0035106676222503995,Very Low,Very Low,Very Low–Very Low,,,0,no STRING match,no STRING match,2092,1638,1,7
4777,fig|6666666.1036479.peg.244,fig|6666666.1036479.peg.1597,0.8938351809978485,0.0035114026866604185,Very Low,Very Low,Very Low–Very Low,,,0,no STRING match,no STRING match,2092,1638,1,7
4778,fig|6666666.1036479.peg.244,fig|6666666.1036479.peg.1619,0.8938351809978485,0.0035121377510704374,Very Low,Very Low,Very Low–Very Low,,,0,no STRING match,no STRING match,2092,1638,1,7
4779,fig|6666666.1036479.peg.244,fig|6666666.1036479.peg.1643,0.8938351809978485,0.0035128728154804564,Very Low,Very Low,Very Low–Very Low,,,0,no STRING match,no STRING match,2092,1638,1,7
4780,fig|6666666.1036479.peg.2762,fig|6666666.1036479.peg.702,0.8938281297683716,0.0035136078798904753,Medium,Medium,Medium–Medium,Hypothetical protein.,,0,secondary STRING hit (STRING protein assigned to a better match),no STRING match,1741,2266,1,1
4781,fig|6666666.1036479.peg.3213,fig|6666666.1036479.peg.2071,0.8938256025314331,0.0035143429443004943,Very Low,Medium,Very Low–Medium,,,0,no STRING match,no STRING match,1967,2862,1,1
4782,fig|6666666.1036479.peg.3077,fig|6666666.1036479.peg.3213,0.893805307149887,0.0035150780087105133,Medium,Very Low,Very Low–Medium,,,0,no STRING match,no STRING match,1900,1967,1,1
4783,fig|6666666.1036479.peg.877,fig|6666666.1036479.peg.1739,0.8937968194484711,0.003515813073120532,Very Low,Very Low,Very Low–Very Low,,,0,no STRING match,no STRING match,2353,2731,1,1
4784,fig|6666666.1036479.peg.2648,fig|6666666.1036479.peg.1416,0.8937817215919495,0.003516548137530551,Very Low,Medium,Very Low–Medium,,,0,no STRING match,no STRING match,1695,2595,1,1
4785,fig|6666666.1036479.peg.2648,fig|6666666.1036479.peg.652,0.893781590461731,0.00351728320194057,Very Low,Very Low,Very Low–Very Low,,,0,no STRING match,no STRING match,1695,2249,1,1
4786,fig|6666666.1036479.peg.2646,fig|6666666.1036479.peg.881,0.8937688291072845,0.003518018266350589,Low,High,Low–High,,,0,no STRING match,no STRING match,1694,2356,1,1
4787,fig|6666666.1036479.peg.724,fig|6666666.1036479.peg.1719,0.8937655746936798,0.003518753330760608,Medium,Medium,Medium–Medium,,,0,no STRING match,no STRING match,2282,2727,1,1
4788,fig|6666666.1036479.peg.942,fig|6666666.1036479.peg.1657,0.8937648952007293,0.003519488395170627,Very Low,Medium,Very Low–Medium,,,0,no STRING match,no STRING match,2389,2707,1,1
4789,fig|6666666.1036479.peg.3077,fig|6666666.1036479.peg.207,0.8937620341777801,0.003520223459580646,Medium,Low,Low–Medium,,,0,no STRING match,no STRING match,1900,2075,1,1
4790,fig|6666666.1036479.peg.793,fig|6666666.1036479.peg.865,0.8937577784061432,0.0035209585239906645,Medium,Medium,Medium–Medium,,,0,no STRING match,no STRING match,2320,2344,1,1
4791,fig|6666666.1036479.peg.2536,fig|6666666.1036479.peg.881,0.8937377572059632,0.0035216935884006834,Very Low,High,Very Low–High,,,0,no STRING match,no STRING match,1629,2356,1,1
4792,fig|6666666.1036479.peg.2501,fig|6666666.1036479.peg.736,0.8937363684177398,0.0035224286528107024,High,Very Low,Very Low–High,,,0,no STRING match,no STRING match,1608,2294,1,1
4793,fig|6666666.1036479.peg.475,fig|6666666.1036479.peg.2454,0.8937283635139466,0.0035231637172207213,Low,Medium,Low–Medium,,,0,no STRING match,no STRING match,2175,3031,1,1
4794,fig|6666666.1036479.peg.2092,fig|6666666.1036479.peg.2383,0.8937258183956146,0.0035238987816307403,Medium,Very Low,Very Low–Medium,,Hypothetical protein.,0,no STRING match,secondary STRING hit (STRING protein assigned to a better match),2871,2997,1,1
4795,fig|6666666.1036479.peg.3076,fig|6666666.1036479.peg.903,0.8937214732170105,0.0035246338460407593,High,Medium,Medium–High,,,0,no STRING match,no STRING match,1899,2371,1,1
4796,fig|6666666.1036479.peg.200,fig|6666666.1036479.peg.411,0.8937207579612731,0.003525368910450778,High,Low,Low–High,,Hypothetical protein.,0,no STRING match,secondary STRING hit (STRING protein assigned to a better match),2072,2150,1,1
4797,fig|6666666.1036479.peg.793,fig|6666666.1036479.peg.1080,0.8937129497528076,0.003526103974860797,Medium,High,Medium–High,,,0,no STRING match,no STRING match,2320,2424,1,1
4798,fig|6666666.1036479.peg.885,fig|6666666.1036479.peg.1195,0.8937114953994751,0.003526839039270816,Medium,Medium,Medium–Medium,,,0,no STRING match,no STRING match,2360,2492,1,1
4799,fig|6666666.1036479.peg.2536,fig|6666666.1036479.peg.244,0.8936847090721131,0.003527574103680835,Very Low,Very Low,Very Low–Very Low,,,0,no STRING match,no STRING match,1629,2092,1,1
4800,fig|6666666.1036479.peg.2506,fig|6666666.1036479.peg.1835,0.8936743021011353,0.003528309168090854,Very Low,Very Low,Very Low–Very Low,,,0,no STRING match,no STRING match,1613,2767,6,1
4801,fig|6666666.1036479.peg.2516,fig|6666666.1036479.peg.1835,0.8936743021011353,0.003529044232500873,Very Low,Very Low,Very Low–Very Low,,,0,no STRING match,no STRING match,1613,2767,6,1
4802,fig|6666666.1036479.peg.2522,fig|6666666.1036479.peg.1835,0.8936743021011353,0.003529779296910892,Very Low,Very Low,Very Low–Very Low,,,0,no STRING match,no STRING match,1613,2767,6,1
4803,fig|6666666.1036479.peg.974,fig|6666666.1036479.peg.1835,0.8936743021011353,0.003530514361320911,Very Low,Very Low,Very Low–Very Low,,,0,no STRING match,no STRING match,1613,2767,6,1
4804,fig|6666666.1036479.peg.979,fig|6666666.1036479.peg.1835,0.8936743021011353,0.00353124942573093,Very Low,Very Low,Very Low–Very Low,,,0,no STRING match,no STRING match,1613,2767,6,1
4805,fig|6666666.1036479.peg.1835,fig|6666666.1036479.peg.2491,0.8936743021011353,0.0035319844901409484,Very Low,Very Low,Very Low–Very Low,,,0,no STRING match,no STRING match,2767,1613,1,6
4806,fig|6666666.1036479.peg.866,fig|6666666.1036479.peg.1308,0.8936708807945252,0.0035327195545509673,High,Medium,Medium–High,,,0,no STRING match,no STRING match,2345,2532,1,1
4807,fig|6666666.1036479.peg.89,fig|6666666.1036479.peg.1739,0.8936673879623414,0.0035334546189609863,Very Low,Very Low,Very Low–Very Low,,,0,no STRING match,no STRING match,2052,2731,1,1
4808,fig|6666666.1036479.peg.2988,fig|6666666.1036479.peg.3008,0.8936633408069611,0.0035341896833710053,Medium,Medium,Medium–Medium,Hypothetical protein.,,0,secondary STRING hit (STRING protein assigned to a better match),no STRING match,1859,1868,1,1
4809,fig|6666666.1036479.peg.2848,fig|6666666.1036479.peg.2436,0.8936582028865814,0.0035349247477810242,Very Low,Medium,Very Low–Medium,,,0,no STRING match,no STRING match,1786,3022,1,1
4810,fig|6666666.1036479.peg.253,fig|6666666.1036479.peg.2467,0.8936574757099152,0.003535659812191043,Low,Low,Low–Low,Hypothetical protein.,,0,secondary STRING hit (STRING protein assigned to a better match),no STRING match,2096,3038,1,1
4811,fig|6666666.1036479.peg.2545,fig|6666666.1036479.peg.881,0.8936477780342102,0.003536394876601062,Very Low,High,Very Low–High,,,0,no STRING match,no STRING match,1638,2356,7,1
4812,fig|6666666.1036479.peg.2567,fig|6666666.1036479.peg.881,0.8936477780342102,0.003537129941011081,Very Low,High,Very Low–High,,,0,no STRING match,no STRING match,1638,2356,7,1
4813,fig|6666666.1036479.peg.881,fig|6666666.1036479.peg.1573,0.8936477780342102,0.0035378650054211,High,Very Low,Very Low–High,,,0,no STRING match,no STRING match,2356,1638,1,7
4814,fig|6666666.1036479.peg.881,fig|6666666.1036479.peg.1586,0.8936477780342102,0.003538600069831119,High,Very Low,Very Low–High,,,0,no STRING match,no STRING match,2356,1638,1,7
4815,fig|6666666.1036479.peg.881,fig|6666666.1036479.peg.1597,0.8936477780342102,0.003539335134241138,High,Very Low,Very Low–High,,,0,no STRING match,no STRING match,2356,1638,1,7
4816,fig|6666666.1036479.peg.881,fig|6666666.1036479.peg.1619,0.8936477780342102,0.003540070198651157,High,Very Low,Very Low–High,,,0,no STRING match,no STRING match,2356,1638,1,7
4817,fig|6666666.1036479.peg.881,fig|6666666.1036479.peg.1643,0.8936477780342102,0.003540805263061176,High,Very Low,Very Low–High,,,0,no STRING match,no STRING match,2356,1638,1,7
4818,fig|6666666.1036479.peg.369,fig|6666666.1036479.peg.2071,0.893645977973938,0.003541540327471195,High,Medium,Medium–High,,,0,no STRING match,no STRING match,2138,2862,1,1
4819,fig|6666666.1036479.peg.3113,fig|6666666.1036479.peg.1308,0.8936400175094604,0.003542275391881214,Very Low,Medium,Very Low–Medium,,,0,no STRING match,no STRING match,1915,2532,1,1
4820,fig|6666666.1036479.peg.458,fig|6666666.1036479.peg.1394,0.8936372876167298,0.0035430104562912323,Low,Medium,Low–Medium,,,0,no STRING match,no STRING match,2168,2583,1,1
4821,fig|6666666.1036479.peg.889,fig|6666666.1036479.peg.1946,0.8936275184154511,0.0035437455207012513,Low,Medium,Low–Medium,,,0,no STRING match,no STRING match,2364,2808,1,1
4822,fig|6666666.1036479.peg.1519,fig|6666666.1036479.peg.1673,0.8936232447624206,0.0035444805851112702,High,Very Low,Very Low–High,,,0,no STRING match,no STRING match,2632,2713,1,1
4823,fig|6666666.1036479.peg.3077,fig|6666666.1036479.peg.875,0.8936225593090057,0.003545215649521289,Medium,Very Low,Very Low–Medium,,,0,no STRING match,no STRING match,1900,2352,1,3
4824,fig|6666666.1036479.peg.3077,fig|6666666.1036479.peg.2097,0.8936225593090057,0.003545950713931308,Medium,Very Low,Very Low–Medium,,,0,no STRING match,no STRING match,1900,2352,1,3
4825,fig|6666666.1036479.peg.3077,fig|6666666.1036479.peg.2378,0.8936225593090057,0.003546685778341327,Medium,Very Low,Very Low–Medium,,,0,no STRING match,no STRING match,1900,2352,1,3
4826,fig|6666666.1036479.peg.734,fig|6666666.1036479.peg.856,0.8936225473880768,0.003547420842751346,Very Low,Low,Very Low–Low,,,0,no STRING match,no STRING match,2292,2340,1,1
4827,fig|6666666.1036479.peg.1970,fig|6666666.1036479.peg.2071,0.8936219215393066,0.003548155907161365,Very Low,Medium,Very Low–Medium,,,0,no STRING match,no STRING match,2829,2862,1,1
4828,fig|6666666.1036479.peg.2973,fig|6666666.1036479.peg.1671,0.89361851811409,0.003548890971571384,Low,High,Low–High,,,0,no STRING match,no STRING match,1854,2712,1,1
4829,fig|6666666.1036479.peg.411,fig|6666666.1036479.peg.1986,0.8936082601547242,0.003549626035981403,Low,Medium,Low–Medium,Hypothetical protein.,,0,secondary STRING hit (STRING protein assigned to a better match),no STRING match,2150,2835,1,1
4830,fig|6666666.1036479.peg.2091,fig|6666666.1036479.peg.2156,0.8936038911342621,0.003550361100391422,Medium,Very Low,Very Low–Medium,,,0,no STRING match,no STRING match,2870,2906,1,1
4831,fig|6666666.1036479.peg.781,fig|6666666.1036479.peg.1074,0.8935859858989715,0.003551096164801441,Medium,High,Medium–High,,,0,no STRING match,no STRING match,2315,2418,1,1
4832,fig|6666666.1036479.peg.649,fig|6666666.1036479.peg.1362,0.8935854017734528,0.00355183122921146,Medium,Medium,Medium–Medium,,,0,no STRING match,no STRING match,2246,2570,1,1
4833,fig|6666666.1036479.peg.2506,fig|6666666.1036479.peg.2987,0.8935801088809967,0.0035525662936214788,Very Low,Very Low,Very Low–Very Low,,,0,no STRING match,no STRING match,1613,1858,6,1
4834,fig|6666666.1036479.peg.2516,fig|6666666.1036479.peg.2987,0.8935801088809967,0.0035533013580314977,Very Low,Very Low,Very Low–Very Low,,,0,no STRING match,no STRING match,1613,1858,6,1
4835,fig|6666666.1036479.peg.2522,fig|6666666.1036479.peg.2987,0.8935801088809967,0.0035540364224415162,Very Low,Very Low,Very Low–Very Low,,,0,no STRING match,no STRING match,1613,1858,6,1
4836,fig|6666666.1036479.peg.2987,fig|6666666.1036479.peg.974,0.8935801088809967,0.003554771486851535,Very Low,Very Low,Very Low–Very Low,,,0,no STRING match,no STRING match,1858,1613,1,6
4837,fig|6666666.1036479.peg.2987,fig|6666666.1036479.peg.979,0.8935801088809967,0.003555506551261554,Very Low,Very Low,Very Low–Very Low,,,0,no STRING match,no STRING match,1858,1613,1,6
4838,fig|6666666.1036479.peg.2987,fig|6666666.1036479.peg.2491,0.8935801088809967,0.003556241615671573,Very Low,Very Low,Very Low–Very Low,,,0,no STRING match,no STRING match,1858,1613,1,6
4839,fig|6666666.1036479.peg.2548,fig|6666666.1036479.peg.3209,0.8935726165771485,0.003556976680081592,High,Medium,Medium–High,,,0,no STRING match,no STRING match,1641,1966,1,1
4840,fig|6666666.1036479.peg.2693,fig|6666666.1036479.peg.1273,0.8935624718666076,0.003557711744491611,Very Low,Very Low,Very Low–Very Low,,,0,no STRING match,no STRING match,1712,2524,1,1
4841,fig|6666666.1036479.peg.475,fig|6666666.1036479.peg.2386,0.893559604883194,0.00355844680890163,Low,Medium,Low–Medium,,,0,no STRING match,no STRING match,2175,3000,1,1
4842,fig|6666666.1036479.peg.3191,fig|6666666.1036479.peg.728,0.8935537278652191,0.003559181873311649,Medium,Medium,Medium–Medium,,,0,no STRING match,no STRING match,1954,2286,1,1
4843,fig|6666666.1036479.peg.3184,fig|6666666.1036479.peg.3198,0.8935182332992554,0.003559916937721668,Very Low,Very Low,Very Low–Very Low,,,0,no STRING match,no STRING match,1947,1960,1,1
4844,fig|6666666.1036479.peg.1693,fig|6666666.1036479.peg.2384,0.8934963464736938,0.003560652002131687,Medium,Medium,Medium–Medium,,,0,no STRING match,no STRING match,2718,2998,1,1
4845,fig|6666666.1036479.peg.1655,fig|6666666.1036479.peg.1739,0.8934930503368378,0.003561387066541706,Medium,Very Low,Very Low–Medium,,,0,no STRING match,no STRING match,2706,2731,1,1
4846,fig|6666666.1036479.peg.867,fig|6666666.1036479.peg.1673,0.89349285364151,0.0035621221309517248,Low,Very Low,Very Low–Low,,,0,no STRING match,no STRING match,2346,2713,1,1
4847,fig|6666666.1036479.peg.219,fig|6666666.1036479.peg.2063,0.8934906840324401,0.0035628571953617437,Very Low,Very Low,Very Low–Very Low,,,0,no STRING match,no STRING match,2081,2860,1,1
4848,fig|6666666.1036479.peg.874,fig|6666666.1036479.peg.1986,0.8934813737869263,0.0035635922597717627,Medium,Medium,Medium–Medium,,,0,no STRING match,no STRING match,2351,2835,1,1
4849,fig|6666666.1036479.peg.1419,fig|6666666.1036479.peg.1519,0.8934805631637573,0.0035643273241817816,High,High,High–High,,,0,no STRING match,no STRING match,2597,2632,1,1
4850,fig|6666666.1036479.peg.411,fig|6666666.1036479.peg.2104,0.8934619963169098,0.0035650623885918,Low,High,Low–High,Hypothetical protein.,,0,secondary STRING hit (STRING protein assigned to a better match),no STRING match,2150,2877,1,1
4851,fig|6666666.1036479.peg.1719,fig|6666666.1036479.peg.2158,0.8934613525867462,0.003565797453001819,Medium,Very Low,Very Low–Medium,,,0,no STRING match,no STRING match,2727,2908,1,1
4852,fig|6666666.1036479.peg.3207,fig|6666666.1036479.peg.887,0.8934581696987152,0.003566532517411838,Medium,Medium,Medium–Medium,,,0,no STRING match,no STRING match,1965,2362,1,1
4853,fig|6666666.1036479.peg.364,fig|6666666.1036479.peg.704,0.8934540748596191,0.003567267581821857,Low,Low,Low–Low,,,0,no STRING match,no STRING match,2137,2268,1,1
4854,fig|6666666.1036479.peg.241,fig|6666666.1036479.peg.411,0.8934514820575714,0.003568002646231876,High,Low,Low–High,,Hypothetical protein.,0,no STRING match,secondary STRING hit (STRING protein assigned to a better match),2089,2150,1,1
4855,fig|6666666.1036479.peg.2948,fig|6666666.1036479.peg.2327,0.8934464156627655,0.003568737710641895,High,Medium,Medium–High,,,0,no STRING match,no STRING match,1843,2982,1,1
4856,fig|6666666.1036479.peg.3131,fig|6666666.1036479.peg.1327,0.8934396386146546,0.003569472775051914,Low,Medium,Low–Medium,,Hypothetical protein.,0,no STRING match,secondary STRING hit (STRING protein assigned to a better match),1923,2546,1,1
4857,fig|6666666.1036479.peg.316,fig|6666666.1036479.peg.1739,0.8934277713298797,0.003570207839461933,Very Low,Very Low,Very Low–Very Low,,,0,no STRING match,no STRING match,2127,2731,1,1
4858,fig|6666666.1036479.peg.1416,fig|6666666.1036479.peg.2199,0.8934271454811096,0.003570942903871952,Medium,Low,Low–Medium,,,0,no STRING match,no STRING match,2595,2936,1,1
4859,fig|6666666.1036479.peg.89,fig|6666666.1036479.peg.881,0.893415880203247,0.0035716779682819708,Very Low,High,Very Low–High,,,0,no STRING match,no STRING match,2052,2356,1,1
4860,fig|6666666.1036479.peg.726,fig|6666666.1036479.peg.1673,0.8934055984020233,0.0035724130326919897,Very Low,Very Low,Very Low–Very Low,,,0,no STRING match,no STRING match,2284,2713,1,1
4861,fig|6666666.1036479.peg.2071,fig|6666666.1036479.peg.2314,0.8934041917324066,0.0035731480971020087,Medium,Medium,Medium–Medium,,,0,no STRING match,no STRING match,2862,2973,1,1
4862,fig|6666666.1036479.peg.253,fig|6666666.1036479.peg.1419,0.8933952987194062,0.0035738831615120276,Low,High,Low–High,Hypothetical protein.,,0,secondary STRING hit (STRING protein assigned to a better match),no STRING match,2096,2597,1,1
4863,fig|6666666.1036479.peg.2788,fig|6666666.1036479.peg.1064,0.8933938264846801,0.0035746182259220466,Medium,Medium,Medium–Medium,,,0,no STRING match,no STRING match,1752,2414,1,1
4864,fig|6666666.1036479.peg.3207,fig|6666666.1036479.peg.923,0.8933894038200378,0.0035753532903320655,Medium,High,Medium–High,,,0,no STRING match,no STRING match,1965,2380,1,1
4865,fig|6666666.1036479.peg.726,fig|6666666.1036479.peg.1519,0.8933802425861359,0.003576088354742084,Very Low,High,Very Low–High,,,0,no STRING match,no STRING match,2284,2632,1,1
4866,fig|6666666.1036479.peg.2792,fig|6666666.1036479.peg.2924,0.8933714389801025,0.003576823419152103,High,Very Low,Very Low–High,,,0,no STRING match,no STRING match,1754,1827,1,1
4867,fig|6666666.1036479.peg.2792,fig|6666666.1036479.peg.1901,0.8933642208576202,0.003577558483562122,High,Very Low,Very Low–High,,,0,no STRING match,no STRING match,1754,2787,1,1
4868,fig|6666666.1036479.peg.721,fig|6666666.1036479.peg.934,0.8933620810508728,0.003578293547972141,High,Low,Low–High,Yd repeat protein; COG3209 Rhs family protein.,,0,secondary STRING hit (STRING protein assigned to a better match),no STRING match,2279,2385,1,1
4869,fig|6666666.1036479.peg.2536,fig|6666666.1036479.peg.874,0.893358314037323,0.00357902861238216,Very Low,Medium,Very Low–Medium,,,0,no STRING match,no STRING match,1629,2351,1,1
4870,fig|6666666.1036479.peg.411,fig|6666666.1036479.peg.2042,0.8933524250984192,0.003579763676792179,Low,High,Low–High,Hypothetical protein.,,0,secondary STRING hit (STRING protein assigned to a better match),no STRING match,2150,2850,1,1
4871,fig|6666666.1036479.peg.1195,fig|6666666.1036479.peg.2327,0.8933477282524109,0.003580498741202198,Medium,Medium,Medium–Medium,,,0,no STRING match,no STRING match,2492,2982,1,1
4872,fig|6666666.1036479.peg.866,fig|6666666.1036479.peg.885,0.8933424651622772,0.0035812338056122168,High,Medium,Medium–High,,,0,no STRING match,no STRING match,2345,2360,1,1
4873,fig|6666666.1036479.peg.1671,fig|6666666.1036479.peg.2095,0.8933421492576599,0.0035819688700222357,High,Medium,Medium–High,,,0,no STRING match,no STRING match,2712,2873,1,1
4874,fig|6666666.1036479.peg.304,fig|6666666.1036479.peg.2071,0.8933268189430237,0.0035827039344322547,Medium,Medium,Medium–Medium,,,0,no STRING match,no STRING match,2118,2862,1,1
4875,fig|6666666.1036479.peg.2545,fig|6666666.1036479.peg.475,0.8933263421058655,0.0035834389988422736,Very Low,Low,Very Low–Low,,,0,no STRING match,no STRING match,1638,2175,7,1
4876,fig|6666666.1036479.peg.2567,fig|6666666.1036479.peg.475,0.8933263421058655,0.0035841740632522926,Very Low,Low,Very Low–Low,,,0,no STRING match,no STRING match,1638,2175,7,1
4877,fig|6666666.1036479.peg.475,fig|6666666.1036479.peg.1573,0.8933263421058655,0.0035849091276623116,Low,Very Low,Very Low–Low,,,0,no STRING match,no STRING match,2175,1638,1,7
4878,fig|6666666.1036479.peg.475,fig|6666666.1036479.peg.1586,0.8933263421058655,0.0035856441920723305,Low,Very Low,Very Low–Low,,,0,no STRING match,no STRING match,2175,1638,1,7
4879,fig|6666666.1036479.peg.475,fig|6666666.1036479.peg.1597,0.8933263421058655,0.0035863792564823495,Low,Very Low,Very Low–Low,,,0,no STRING match,no STRING match,2175,1638,1,7
4880,fig|6666666.1036479.peg.475,fig|6666666.1036479.peg.1619,0.8933263421058655,0.003587114320892368,Low,Very Low,Very Low–Low,,,0,no STRING match,no STRING match,2175,1638,1,7
4881,fig|6666666.1036479.peg.475,fig|6666666.1036479.peg.1643,0.8933263421058655,0.003587849385302387,Low,Very Low,Very Low–Low,,,0,no STRING match,no STRING match,2175,1638,1,7
4882,fig|6666666.1036479.peg.704,fig|6666666.1036479.peg.1673,0.8933157920837402,0.003588584449712406,Low,Very Low,Very Low–Low,,,0,no STRING match,no STRING match,2268,2713,1,1
4883,fig|6666666.1036479.peg.3207,fig|6666666.1036479.peg.253,0.8933123767375946,0.003589319514122425,Medium,Low,Low–Medium,,Hypothetical protein.,0,no STRING match,secondary STRING hit (STRING protein assigned to a better match),1965,2096,1,1
4884,fig|6666666.1036479.peg.728,fig|6666666.1036479.peg.1002,0.8932987153530121,0.003590054578532444,Medium,Medium,Medium–Medium,,,0,no STRING match,no STRING match,2286,2399,1,1
4885,fig|6666666.1036479.peg.2988,fig|6666666.1036479.peg.3180,0.8932888686656952,0.0035907896429424628,Medium,Very Low,Very Low–Medium,Hypothetical protein.,,0,secondary STRING hit (STRING protein assigned to a better match),no STRING match,1859,1943,1,2
4886,fig|6666666.1036479.peg.2988,fig|6666666.1036479.peg.2380,0.8932888686656952,0.0035915247073524817,Medium,Very Low,Very Low–Medium,Hypothetical protein.,,0,secondary STRING hit (STRING protein assigned to a better match),no STRING match,1859,1943,1,2
4887,fig|6666666.1036479.peg.1416,fig|6666666.1036479.peg.1901,0.8932877063751221,0.0035922597717625007,Medium,Very Low,Very Low–Medium,,,0,no STRING match,no STRING match,2595,2787,1,1
4888,fig|6666666.1036479.peg.2536,fig|6666666.1036479.peg.861,0.8932840526103973,0.0035929948361725196,Very Low,High,Very Low–High,,,0,no STRING match,no STRING match,1629,2341,1,1
4889,fig|6666666.1036479.peg.2532,fig|6666666.1036479.peg.1937,0.8932836532592774,0.0035937299005825386,Low,High,Low–High,,,0,no STRING match,no STRING match,1627,2802,4,1
4890,fig|6666666.1036479.peg.3171,fig|6666666.1036479.peg.1937,0.8932836532592774,0.0035944649649925576,Low,High,Low–High,,,0,no STRING match,no STRING match,1627,2802,4,1
4891,fig|6666666.1036479.peg.987,fig|6666666.1036479.peg.1937,0.8932836532592774,0.0035952000294025765,Low,High,Low–High,,,0,no STRING match,no STRING match,1627,2802,4,1
4892,fig|6666666.1036479.peg.1937,fig|6666666.1036479.peg.2492,0.8932836532592774,0.0035959350938125955,High,Low,Low–High,,,0,no STRING match,no STRING match,2802,1627,1,4
4893,fig|6666666.1036479.peg.889,fig|6666666.1036479.peg.2092,0.8932759284973144,0.0035966701582226144,Low,Medium,Low–Medium,,,0,no STRING match,no STRING match,2364,2871,1,1
4894,fig|6666666.1036479.peg.2646,fig|6666666.1036479.peg.726,0.8932691276073456,0.0035974052226326334,Low,Very Low,Very Low–Low,,,0,no STRING match,no STRING match,1694,2284,1,1
4895,fig|6666666.1036479.peg.2545,fig|6666666.1036479.peg.652,0.8932658433914185,0.003598140287042652,Very Low,Very Low,Very Low–Very Low,,,0,no STRING match,no STRING match,1638,2249,7,1
4896,fig|6666666.1036479.peg.2567,fig|6666666.1036479.peg.652,0.8932658433914185,0.003598875351452671,Very Low,Very Low,Very Low–Very Low,,,0,no STRING match,no STRING match,1638,2249,7,1
4897,fig|6666666.1036479.peg.652,fig|6666666.1036479.peg.1573,0.8932658433914185,0.00359961041586269,Very Low,Very Low,Very Low–Very Low,,,0,no STRING match,no STRING match,2249,1638,1,7
4898,fig|6666666.1036479.peg.652,fig|6666666.1036479.peg.1586,0.8932658433914185,0.0036003454802727088,Very Low,Very Low,Very Low–Very Low,,,0,no STRING match,no STRING match,2249,1638,1,7
4899,fig|6666666.1036479.peg.652,fig|6666666.1036479.peg.1597,0.8932658433914185,0.0036010805446827277,Very Low,Very Low,Very Low–Very Low,,,0,no STRING match,no STRING match,2249,1638,1,7
4900,fig|6666666.1036479.peg.652,fig|6666666.1036479.peg.1619,0.8932658433914185,0.0036018156090927467,Very Low,Very Low,Very Low–Very Low,,,0,no STRING match,no STRING match,2249,1638,1,7
4901,fig|6666666.1036479.peg.652,fig|6666666.1036479.peg.1643,0.8932658433914185,0.0036025506735027656,Very Low,Very Low,Very Low–Very Low,,,0,no STRING match,no STRING match,2249,1638,1,7
4902,fig|6666666.1036479.peg.881,fig|6666666.1036479.peg.1901,0.8932605803012847,0.0036032857379127846,High,Very Low,Very Low–High,,,0,no STRING match,no STRING match,2356,2787,1,1
4903,fig|6666666.1036479.peg.3089,fig|6666666.1036479.peg.2185,0.8932519316673279,0.0036040208023228036,High,Very Low,Very Low–High,,,0,no STRING match,no STRING match,1907,2931,1,1
4904,fig|6666666.1036479.peg.2762,fig|6666666.1036479.peg.2383,0.893250435590744,0.0036047558667328225,Medium,Very Low,Very Low–Medium,Hypothetical protein.,Hypothetical protein.,0,secondary STRING hit (STRING protein assigned to a better match),secondary STRING hit (STRING protein assigned to a better match),1741,2997,1,1
4905,fig|6666666.1036479.peg.1947,fig|6666666.1036479.peg.2364,0.8932471573352814,0.0036054909311428415,Medium,Medium,Medium–Medium,,,0,no STRING match,no STRING match,2809,2994,1,1
4906,fig|6666666.1036479.peg.1673,fig|6666666.1036479.peg.2093,0.893240338563919,0.0036062259955528604,Very Low,Medium,Very Low–Medium,,,0,no STRING match,no STRING match,2713,2872,1,1
4907,fig|6666666.1036479.peg.2679,fig|6666666.1036479.peg.1901,0.8932377755641937,0.0036069610599628794,Medium,Very Low,Very Low–Medium,,,0,no STRING match,no STRING match,1705,2787,1,1
4908,fig|6666666.1036479.peg.1308,fig|6666666.1036479.peg.1547,0.8932353377342224,0.0036076961243728983,Medium,High,Medium–High,,,0,no STRING match,no STRING match,2532,2647,1,1
4909,fig|6666666.1036479.peg.3076,fig|6666666.1036479.peg.2042,0.8932311296463012,0.0036084311887829173,High,High,High–High,,,0,no STRING match,no STRING match,1899,2850,1,1
4910,fig|6666666.1036479.peg.3128,fig|6666666.1036479.peg.649,0.8932256162166595,0.003609166253192936,Very Low,Medium,Very Low–Medium,,,0,no STRING match,no STRING match,1921,2246,1,1
4911,fig|6666666.1036479.peg.728,fig|6666666.1036479.peg.885,0.8932184398174285,0.0036099013176029548,Medium,Medium,Medium–Medium,,,0,no STRING match,no STRING match,2286,2360,1,1
4912,fig|6666666.1036479.peg.2545,fig|6666666.1036479.peg.874,0.893199759721756,0.0036106363820129737,Very Low,Medium,Very Low–Medium,,,0,no STRING match,no STRING match,1638,2351,7,1
4913,fig|6666666.1036479.peg.2567,fig|6666666.1036479.peg.874,0.893199759721756,0.0036113714464229927,Very Low,Medium,Very Low–Medium,,,0,no STRING match,no STRING match,1638,2351,7,1
4914,fig|6666666.1036479.peg.874,fig|6666666.1036479.peg.1573,0.893199759721756,0.0036121065108330117,Medium,Very Low,Very Low–Medium,,,0,no STRING match,no STRING match,2351,1638,1,7
4915,fig|6666666.1036479.peg.874,fig|6666666.1036479.peg.1586,0.893199759721756,0.0036128415752430306,Medium,Very Low,Very Low–Medium,,,0,no STRING match,no STRING match,2351,1638,1,7
4916,fig|6666666.1036479.peg.874,fig|6666666.1036479.peg.1597,0.893199759721756,0.0036135766396530496,Medium,Very Low,Very Low–Medium,,,0,no STRING match,no STRING match,2351,1638,1,7
4917,fig|6666666.1036479.peg.874,fig|6666666.1036479.peg.1619,0.893199759721756,0.0036143117040630685,Medium,Very Low,Very Low–Medium,,,0,no STRING match,no STRING match,2351,1638,1,7
4918,fig|6666666.1036479.peg.874,fig|6666666.1036479.peg.1643,0.893199759721756,0.0036150467684730875,Medium,Very Low,Very Low–Medium,,,0,no STRING match,no STRING match,2351,1638,1,7
4919,fig|6666666.1036479.peg.2936,fig|6666666.1036479.peg.793,0.893198698759079,0.0036157818328831064,Very Low,Medium,Very Low–Medium,,,0,no STRING match,no STRING match,1836,2320,1,1
4920,fig|6666666.1036479.peg.3180,fig|6666666.1036479.peg.1195,0.8931902050971985,0.0036165168972931254,Very Low,Medium,Very Low–Medium,,,0,no STRING match,no STRING match,1943,2492,2,1
4921,fig|6666666.1036479.peg.1195,fig|6666666.1036479.peg.2380,0.8931902050971985,0.0036172519617031444,Medium,Very Low,Very Low–Medium,,,0,no STRING match,no STRING match,2492,1943,1,2
4922,fig|6666666.1036479.peg.458,fig|6666666.1036479.peg.704,0.8931884527206421,0.0036179870261131633,Low,Low,Low–Low,,,0,no STRING match,no STRING match,2168,2268,1,1
4923,fig|6666666.1036479.peg.3180,fig|6666666.1036479.peg.889,0.8931855142116547,0.0036187220905231823,Very Low,Low,Very Low–Low,,,0,no STRING match,no STRING match,1943,2364,2,1
4924,fig|6666666.1036479.peg.889,fig|6666666.1036479.peg.2380,0.8931855142116547,0.0036194571549332012,Low,Very Low,Very Low–Low,,,0,no STRING match,no STRING match,2364,1943,1,2
4925,fig|6666666.1036479.peg.2506,fig|6666666.1036479.peg.2049,0.8931850850582123,0.0036201922193432197,Very Low,Very Low,Very Low–Very Low,,,0,no STRING match,no STRING match,1613,2851,6,1
4926,fig|6666666.1036479.peg.2516,fig|6666666.1036479.peg.2049,0.8931850850582123,0.0036209272837532387,Very Low,Very Low,Very Low–Very Low,,,0,no STRING match,no STRING match,1613,2851,6,1
4927,fig|6666666.1036479.peg.2522,fig|6666666.1036479.peg.2049,0.8931850850582123,0.0036216623481632577,Very Low,Very Low,Very Low–Very Low,,,0,no STRING match,no STRING match,1613,2851,6,1
4928,fig|6666666.1036479.peg.974,fig|6666666.1036479.peg.2049,0.8931850850582123,0.0036223974125732766,Very Low,Very Low,Very Low–Very Low,,,0,no STRING match,no STRING match,1613,2851,6,1
4929,fig|6666666.1036479.peg.979,fig|6666666.1036479.peg.2049,0.8931850850582123,0.0036231324769832956,Very Low,Very Low,Very Low–Very Low,,,0,no STRING match,no STRING match,1613,2851,6,1
4930,fig|6666666.1036479.peg.2049,fig|6666666.1036479.peg.2491,0.8931850850582123,0.0036238675413933145,Very Low,Very Low,Very Low–Very Low,,,0,no STRING match,no STRING match,2851,1613,1,6
4931,fig|6666666.1036479.peg.649,fig|6666666.1036479.peg.1961,0.8931763708591461,0.0036246026058033335,Medium,Medium,Medium–Medium,,,0,no STRING match,no STRING match,2246,2822,1,1
4932,fig|6666666.1036479.peg.3222,fig|6666666.1036479.peg.2156,0.8931734323501587,0.0036253376702133524,Medium,Very Low,Very Low–Medium,,,0,no STRING match,no STRING match,1972,2906,2,1
4933,fig|6666666.1036479.peg.138,fig|6666666.1036479.peg.2156,0.8931734323501587,0.0036260727346233714,Medium,Very Low,Very Low–Medium,,,0,no STRING match,no STRING match,1972,2906,2,1
4934,fig|6666666.1036479.peg.1145,fig|6666666.1036479.peg.1150,0.8931625366210938,0.0036268077990333904,Very Low,Very Low,Very Low–Very Low,,,0,no STRING match,no STRING match,2471,2476,1,1
4935,fig|6666666.1036479.peg.1331,fig|6666666.1036479.peg.2092,0.8931617975234986,0.0036275428634434093,Low,Medium,Low–Medium,,,0,no STRING match,no STRING match,2548,2871,1,1
4936,fig|6666666.1036479.peg.236,fig|6666666.1036479.peg.1308,0.8931581377983093,0.0036282779278534283,Very Low,Medium,Very Low–Medium,,,0,no STRING match,no STRING match,2086,2532,1,1
4937,fig|6666666.1036479.peg.3079,fig|6666666.1036479.peg.1937,0.8931511878967285,0.0036290129922634472,Very Low,High,Very Low–High,,,0,no STRING match,no STRING match,1902,2802,1,1
4938,fig|6666666.1036479.peg.2754,fig|6666666.1036479.peg.856,0.8931288003921509,0.003629748056673466,Very Low,Low,Very Low–Low,,,0,no STRING match,no STRING match,1735,2340,1,1
4939,fig|6666666.1036479.peg.2506,fig|6666666.1036479.peg.2278,0.8931158781051636,0.003630483121083485,Very Low,Low,Very Low–Low,,,0,no STRING match,no STRING match,1613,2957,6,1
4940,fig|6666666.1036479.peg.2516,fig|6666666.1036479.peg.2278,0.8931158781051636,0.0036312181854935037,Very Low,Low,Very Low–Low,,,0,no STRING match,no STRING match,1613,2957,6,1
4941,fig|6666666.1036479.peg.2522,fig|6666666.1036479.peg.2278,0.8931158781051636,0.0036319532499035226,Very Low,Low,Very Low–Low,,,0,no STRING match,no STRING match,1613,2957,6,1
4942,fig|6666666.1036479.peg.974,fig|6666666.1036479.peg.2278,0.8931158781051636,0.0036326883143135416,Very Low,Low,Very Low–Low,,,0,no STRING match,no STRING match,1613,2957,6,1
4943,fig|6666666.1036479.peg.979,fig|6666666.1036479.peg.2278,0.8931158781051636,0.0036334233787235605,Very Low,Low,Very Low–Low,,,0,no STRING match,no STRING match,1613,2957,6,1
4944,fig|6666666.1036479.peg.2278,fig|6666666.1036479.peg.2491,0.8931158781051636,0.0036341584431335795,Low,Very Low,Very Low–Low,,,0,no STRING match,no STRING match,2957,1613,1,6
4945,fig|6666666.1036479.peg.3188,fig|6666666.1036479.peg.1419,0.8931096076965332,0.0036348935075435984,Medium,High,Medium–High,,,0,no STRING match,no STRING match,1951,2597,1,1
4946,fig|6666666.1036479.peg.934,fig|6666666.1036479.peg.2093,0.8931064426898956,0.0036356285719536174,Low,Medium,Low–Medium,,,0,no STRING match,no STRING match,2385,2872,1,1
4947,fig|6666666.1036479.peg.2681,fig|6666666.1036479.peg.2042,0.8930994153022767,0.0036363636363636364,Low,High,Low–High,,,0,no STRING match,no STRING match,1706,2850,1,1
4948,fig|6666666.1036479.peg.2646,fig|6666666.1036479.peg.458,0.8930952906608581,0.0036370987007736553,Low,Low,Low–Low,,,0,no STRING match,no STRING match,1694,2168,1,1
4949,fig|6666666.1036479.peg.2648,fig|6666666.1036479.peg.89,0.8930848777294159,0.0036378337651836743,Very Low,Very Low,Very Low–Very Low,,,0,no STRING match,no STRING match,1695,2052,1,1
4950,fig|6666666.1036479.peg.793,fig|6666666.1036479.peg.1489,0.8930813074111938,0.0036385688295936932,Medium,Very Low,Very Low–Medium,,,0,no STRING match,no STRING match,2320,2617,1,1
4951,fig|6666666.1036479.peg.3113,fig|6666666.1036479.peg.1268,0.8930761814117432,0.003639303894003712,Very Low,Medium,Very Low–Medium,,,0,no STRING match,no STRING match,1915,2521,1,1
4952,fig|6666666.1036479.peg.1901,fig|6666666.1036479.peg.2049,0.8930758357048034,0.003640038958413731,Very Low,Very Low,Very Low–Very Low,,,0,no STRING match,no STRING match,2787,2851,1,1
4953,fig|6666666.1036479.peg.2536,fig|6666666.1036479.peg.652,0.8930708110332489,0.00364077402282375,Very Low,Very Low,Very Low–Very Low,,,0,no STRING match,no STRING match,1629,2249,1,1
4954,fig|6666666.1036479.peg.2545,fig|6666666.1036479.peg.89,0.8930674254894256,0.003641509087233769,Very Low,Very Low,Very Low–Very Low,,,0,no STRING match,no STRING match,1638,2052,7,1
4955,fig|6666666.1036479.peg.2567,fig|6666666.1036479.peg.89,0.8930674254894256,0.0036422441516437876,Very Low,Very Low,Very Low–Very Low,,,0,no STRING match,no STRING match,1638,2052,7,1
4956,fig|6666666.1036479.peg.89,fig|6666666.1036479.peg.1573,0.8930674254894256,0.0036429792160538065,Very Low,Very Low,Very Low–Very Low,,,0,no STRING match,no STRING match,2052,1638,1,7
4957,fig|6666666.1036479.peg.89,fig|6666666.1036479.peg.1586,0.8930674254894256,0.0036437142804638255,Very Low,Very Low,Very Low–Very Low,,,0,no STRING match,no STRING match,2052,1638,1,7
4958,fig|6666666.1036479.peg.89,fig|6666666.1036479.peg.1597,0.8930674254894256,0.0036444493448738445,Very Low,Very Low,Very Low–Very Low,,,0,no STRING match,no STRING match,2052,1638,1,7
4959,fig|6666666.1036479.peg.89,fig|6666666.1036479.peg.1619,0.8930674254894256,0.0036451844092838634,Very Low,Very Low,Very Low–Very Low,,,0,no STRING match,no STRING match,2052,1638,1,7
4960,fig|6666666.1036479.peg.89,fig|6666666.1036479.peg.1643,0.8930674254894256,0.0036459194736938824,Very Low,Very Low,Very Low–Very Low,,,0,no STRING match,no STRING match,2052,1638,1,7
4961,fig|6666666.1036479.peg.207,fig|6666666.1036479.peg.867,0.8930639266967774,0.0036466545381039013,Low,Low,Low–Low,,,0,no STRING match,no STRING match,2075,2346,1,1
4962,fig|6666666.1036479.peg.2672,fig|6666666.1036479.peg.2929,0.8930610239505767,0.0036473896025139203,Medium,Very Low,Very Low–Medium,,Hypothetical protein.,0,no STRING match,secondary STRING hit (STRING protein assigned to a better match),1704,1831,1,1
4963,fig|6666666.1036479.peg.2536,fig|6666666.1036479.peg.89,0.8930401027202606,0.0036481246669239392,Very Low,Very Low,Very Low–Very Low,,,0,no STRING match,no STRING match,1629,2052,1,1
4964,fig|6666666.1036479.peg.649,fig|6666666.1036479.peg.1604,0.8930390119552613,0.003648859731333958,Medium,Very Low,Very Low–Medium,,YD repeat-containing protein; COG3209 Rhs family protein.,0,no STRING match,secondary STRING hit (STRING protein assigned to a better match),2246,2685,1,2
4965,fig|6666666.1036479.peg.649,fig|6666666.1036479.peg.1611,0.8930390119552613,0.003649594795743977,Medium,Very Low,Very Low–Medium,,YD repeat-containing protein; COG3209 Rhs family protein.,0,no STRING match,secondary STRING hit (STRING protein assigned to a better match),2246,2685,1,2
4966,fig|6666666.1036479.peg.2792,fig|6666666.1036479.peg.1961,0.8930248498916626,0.003650329860153996,High,Medium,Medium–High,,,0,no STRING match,no STRING match,1754,2822,1,1
4967,fig|6666666.1036479.peg.253,fig|6666666.1036479.peg.1331,0.893021696805954,0.003651064924564015,Low,Low,Low–Low,Hypothetical protein.,,0,secondary STRING hit (STRING protein assigned to a better match),no STRING match,2096,2548,1,1
4968,fig|6666666.1036479.peg.856,fig|6666666.1036479.peg.1197,0.8930055558681488,0.003651799988974034,Low,Medium,Low–Medium,,,0,no STRING match,no STRING match,2340,2493,1,1
4969,fig|6666666.1036479.peg.2679,fig|6666666.1036479.peg.2754,0.8930043458938599,0.003652535053384053,Medium,Very Low,Very Low–Medium,,,0,no STRING match,no STRING match,1705,1735,1,1
4970,fig|6666666.1036479.peg.3077,fig|6666666.1036479.peg.3178,0.8930032432079316,0.0036532701177940715,Medium,Very Low,Very Low–Medium,,,0,no STRING match,no STRING match,1900,1941,1,1
4971,fig|6666666.1036479.peg.2501,fig|6666666.1036479.peg.2648,0.8930026113986969,0.0036540051822040905,High,Very Low,Very Low–High,,,0,no STRING match,no STRING match,1608,1695,1,1
4972,fig|6666666.1036479.peg.2792,fig|6666666.1036479.peg.684,0.8929946660995484,0.0036547402466141094,High,High,High–High,,,0,no STRING match,no STRING match,1754,2258,1,1
4973,fig|6666666.1036479.peg.475,fig|6666666.1036479.peg.1991,0.8929848432540893,0.0036554753110241284,Low,Very Low,Very Low–Low,,,0,no STRING match,no STRING match,2175,2837,1,1
4974,fig|6666666.1036479.peg.1152,fig|6666666.1036479.peg.1161,0.892979496717453,0.0036562103754341473,Very Low,Very Low,Very Low–Very Low,,,0,no STRING match,no STRING match,2477,2482,1,1
4975,fig|6666666.1036479.peg.2792,fig|6666666.1036479.peg.2104,0.8929787635803222,0.0036569454398441663,High,High,High–High,,,0,no STRING match,no STRING match,1754,2877,1,1
4976,fig|6666666.1036479.peg.3076,fig|6666666.1036479.peg.1547,0.8929778754711151,0.0036576805042541852,High,High,High–High,,,0,no STRING match,no STRING match,1899,2647,1,1
4977,fig|6666666.1036479.peg.1140,fig|6666666.1036479.peg.1145,0.8929750204086304,0.003658415568664204,Very Low,Very Low,Very Low–Very Low,,,0,no STRING match,no STRING match,2466,2471,1,1
4978,fig|6666666.1036479.peg.299,fig|6666666.1036479.peg.411,0.8929735958576203,0.003659150633074223,Low,Low,Low–Low,,Hypothetical protein.,0,no STRING match,secondary STRING hit (STRING protein assigned to a better match),2113,2150,1,1
4979,fig|6666666.1036479.peg.207,fig|6666666.1036479.peg.881,0.8929335474967957,0.003659885697484242,Low,High,Low–High,,,0,no STRING match,no STRING match,2075,2356,1,1
4980,fig|6666666.1036479.peg.2502,fig|6666666.1036479.peg.856,0.8929238736629486,0.003660620761894261,High,Low,Low–High,,,0,no STRING match,no STRING match,1609,2340,1,1
4981,fig|6666666.1036479.peg.3207,fig|6666666.1036479.peg.2091,0.892919397354126,0.00366135582630428,Medium,Medium,Medium–Medium,,,0,no STRING match,no STRING match,1965,2870,1,1
4982,fig|6666666.1036479.peg.89,fig|6666666.1036479.peg.244,0.8929172098636627,0.003662090890714299,Very Low,Very Low,Very Low–Very Low,,,0,no STRING match,no STRING match,2052,2092,1,1
4983,fig|6666666.1036479.peg.3205,fig|6666666.1036479.peg.2071,0.892914217710495,0.003662825955124318,Low,Medium,Low–Medium,,,0,no STRING match,no STRING match,1964,2862,1,1
4984,fig|6666666.1036479.peg.2548,fig|6666666.1036479.peg.2327,0.8929091274738312,0.003663561019534337,High,Medium,Medium–High,,,0,no STRING match,no STRING match,1641,2982,1,1
4985,fig|6666666.1036479.peg.2548,fig|6666666.1036479.peg.471,0.8929057478904724,0.0036642960839443554,High,Low,Low–High,,,0,no STRING match,no STRING match,1641,2174,1,1
4986,fig|6666666.1036479.peg.903,fig|6666666.1036479.peg.2364,0.8928962051868439,0.0036650311483543744,Medium,Medium,Medium–Medium,,,0,no STRING match,no STRING match,2371,2994,1,1
4987,fig|6666666.1036479.peg.723,fig|6666666.1036479.peg.889,0.8928939819335937,0.0036657662127643933,High,Low,Low–High,,,0,no STRING match,no STRING match,2281,2364,1,1
4988,fig|6666666.1036479.peg.649,fig|6666666.1036479.peg.819,0.8928922355175019,0.0036665012771744123,Medium,Very Low,Very Low–Medium,,,0,no STRING match,no STRING match,2246,2330,1,1
4989,fig|6666666.1036479.peg.721,fig|6666666.1036479.peg.728,0.892884486913681,0.0036672363415844312,High,Medium,Medium–High,Yd repeat protein; COG3209 Rhs family protein.,,0,secondary STRING hit (STRING protein assigned to a better match),no STRING match,2279,2286,1,1
4990,fig|6666666.1036479.peg.2754,fig|6666666.1036479.peg.1080,0.8928789854049682,0.00366797140599445,Very Low,High,Very Low–High,,,0,no STRING match,no STRING match,1735,2424,1,1
4991,fig|6666666.1036479.peg.1145,fig|6666666.1036479.peg.1152,0.8928757905960083,0.003668706470404469,Very Low,Very Low,Very Low–Very Low,,,0,no STRING match,no STRING match,2471,2477,1,1
4992,fig|6666666.1036479.peg.2814,fig|6666666.1036479.peg.649,0.8928663611412049,0.003669441534814488,Very Low,Medium,Very Low–Medium,,,0,no STRING match,no STRING match,1765,2246,1,1
4993,fig|6666666.1036479.peg.719,fig|6666666.1036479.peg.923,0.8928531169891357,0.003670176599224507,Medium,High,Medium–High,,,0,no STRING match,no STRING match,2277,2380,1,1
4994,fig|6666666.1036479.peg.942,fig|6666666.1036479.peg.1554,0.8928527474403382,0.003670911663634526,Very Low,Medium,Very Low–Medium,,,0,no STRING match,no STRING match,2389,2649,1,1
4995,fig|6666666.1036479.peg.3167,fig|6666666.1036479.peg.1149,0.8928329288959503,0.003671646728044545,Very Low,Very Low,Very Low–Very Low,,,0,no STRING match,no STRING match,1936,2475,1,1
4996,fig|6666666.1036479.peg.458,fig|6666666.1036479.peg.1080,0.8928091287612915,0.003672381792454564,Low,High,Low–High,,,0,no STRING match,no STRING match,2168,2424,1,1
4997,fig|6666666.1036479.peg.2506,fig|6666666.1036479.peg.369,0.8928077995777131,0.003673116856864583,Very Low,High,Very Low–High,,,0,no STRING match,no STRING match,1613,2138,6,1
4998,fig|6666666.1036479.peg.2516,fig|6666666.1036479.peg.369,0.8928077995777131,0.003673851921274602,Very Low,High,Very Low–High,,,0,no STRING match,no STRING match,1613,2138,6,1
4999,fig|6666666.1036479.peg.2522,fig|6666666.1036479.peg.369,0.8928077995777131,0.003674586985684621,Very Low,High,Very Low–High,,,0,no STRING match,no STRING match,1613,2138,6,1
5000,fig|6666666.1036479.peg.369,fig|6666666.1036479.peg.974,0.8928077995777131,0.0036753220500946393,High,Very Low,Very Low–High,,,0,no STRING match,no STRING match,2138,1613,1,6
