rank	protein_a	protein_b	score	percentile_top	tier_a	tier_b	tier_pair	desc_a	desc_b	degree_b	isolated_reason_a	isolated_reason_b	seq_group_a	seq_group_b	n_identical_a	n_identical_b	protein_a_pfam_architecture	protein_a_pfam_descriptions	protein_a_go_terms	protein_b_pfam_architecture	protein_b_pfam_descriptions	protein_b_go_terms
1	fig|6666666.1036479.peg.3131	fig|6666666.1036479.peg.856	0.9875866115093233	7.350644100189279e-07	Low	Low	Low–Low			0	no STRING match	no STRING match	1923	2340	1	1	DUF4834	Domain of unknown function (DUF4834)				
2	fig|6666666.1036479.peg.856	fig|6666666.1036479.peg.1719	0.987515252828598	1.470128820037856e-06	Low	Medium	Low–Medium			0	no STRING match	no STRING match	2340	2727	1	1						
3	fig|6666666.1036479.peg.856	fig|6666666.1036479.peg.2071	0.9865292310714722	2.2051932300567837e-06	Low	Medium	Low–Medium			0	no STRING match	no STRING match	2340	2862	1	1				DUF8694;Por_Secre_tail	Domain of unknown function (DUF8694); Secretion system C-terminal sorting domain	
4	fig|6666666.1036479.peg.793	fig|6666666.1036479.peg.856	0.9835041701793672	2.9402576400757117e-06	Medium	Low	Low–Medium			0	no STRING match	no STRING match	2320	2340	1	1	DUF6452	Family of unknown function (DUF6452)				
5	fig|6666666.1036479.peg.856	fig|6666666.1036479.peg.1693	0.9832680761814118	3.6753220500946393e-06	Low	Medium	Low–Medium			0	no STRING match	no STRING match	2340	2718	1	1						
8	fig|6666666.1036479.peg.1138	fig|6666666.1036479.peg.2400	0.97930611371994	5.8805152801514235e-06	Very Low	Very Low	Very Low–Very Low			0	no STRING match	no STRING match	2464	3005	1	1	Ribosomal_uL15_N;Ribosomal_L27A	Ribosomal protein uL15, N-terminal region; Ribosomal proteins 50S-L15, 50S-L18e, 60S-L27A		RRF	Ribosome recycling factor	
15	fig|6666666.1036479.peg.3131	fig|6666666.1036479.peg.1719	0.9771692454814912	1.102596615028392e-05	Low	Medium	Low–Medium			0	no STRING match	no STRING match	1923	2727	1	1	DUF4834	Domain of unknown function (DUF4834)				
17	fig|6666666.1036479.peg.219	fig|6666666.1036479.peg.2400	0.9759909570217132	1.2496094970321777e-05	Very Low	Very Low	Very Low–Very Low			0	no STRING match	no STRING match	2081	3005	1	1	Ribosomal_L9_N;Ribosomal_L9_C	Ribosomal protein L9, N-terminal domain; Ribosomal protein L9, C-terminal domain		RRF	Ribosome recycling factor	
18	fig|6666666.1036479.peg.3131	fig|6666666.1036479.peg.2071	0.9749487102031708	1.3231159380340705e-05	Low	Medium	Low–Medium			0	no STRING match	no STRING match	1923	2862	1	1	DUF4834	Domain of unknown function (DUF4834)		DUF8694;Por_Secre_tail	Domain of unknown function (DUF8694); Secretion system C-terminal sorting domain	
26	fig|6666666.1036479.peg.3166	fig|6666666.1036479.peg.2400	0.9722956359386444	1.911167466049213e-05	Very Low	Very Low	Very Low–Very Low			0	no STRING match	no STRING match	1935	3005	1	1	Ribosomal_L20	Ribosomal protein L20	GO:0003735;GO:0005840;GO:0006412;GO:0019843	RRF	Ribosome recycling factor	
27	fig|6666666.1036479.peg.3131	fig|6666666.1036479.peg.1671	0.9720046401023864	1.9846739070511052e-05	Low	High	Low–High			0	no STRING match	no STRING match	1923	2712	1	1	DUF4834	Domain of unknown function (DUF4834)				
29	fig|6666666.1036479.peg.1719	fig|6666666.1036479.peg.2071	0.9717337965965273	2.1316867890548908e-05	Medium	Medium	Medium–Medium			0	no STRING match	no STRING match	2727	2862	1	1				DUF8694;Por_Secre_tail	Domain of unknown function (DUF8694); Secretion system C-terminal sorting domain	
31	fig|6666666.1036479.peg.3131	fig|6666666.1036479.peg.793	0.9716125309467316	2.2786996710586764e-05	Low	Medium	Low–Medium			0	no STRING match	no STRING match	1923	2320	1	1	DUF4834	Domain of unknown function (DUF4834)		DUF6452	Family of unknown function (DUF6452)	
37	fig|6666666.1036479.peg.1273	fig|6666666.1036479.peg.2400	0.9706154227256776	2.7197383170700332e-05	Very Low	Very Low	Very Low–Very Low			0	no STRING match	no STRING match	2524	3005	1	1	YqeY	Yqey-like protein		RRF	Ribosome recycling factor	
38	fig|6666666.1036479.peg.793	fig|6666666.1036479.peg.1719	0.9700986862182616	2.7932447580719265e-05	Medium	Medium	Medium–Medium			0	no STRING match	no STRING match	2320	2727	1	1	DUF6452	Family of unknown function (DUF6452)				
46	fig|6666666.1036479.peg.1693	fig|6666666.1036479.peg.1719	0.9684568524360656	3.3812962860870686e-05	Medium	Medium	Medium–Medium			0	no STRING match	no STRING match	2718	2727	1	1						
47	fig|6666666.1036479.peg.219	fig|6666666.1036479.peg.1138	0.9684090852737428	3.454802727088961e-05	Very Low	Very Low	Very Low–Very Low			0	no STRING match	no STRING match	2081	2464	1	1	Ribosomal_L9_N;Ribosomal_L9_C	Ribosomal protein L9, N-terminal domain; Ribosomal protein L9, C-terminal domain		Ribosomal_uL15_N;Ribosomal_L27A	Ribosomal protein uL15, N-terminal region; Ribosomal proteins 50S-L15, 50S-L18e, 60S-L27A	
50	fig|6666666.1036479.peg.1160	fig|6666666.1036479.peg.2400	0.9679955184459688	3.67532205009464e-05	Very Low	Very Low	Very Low–Very Low			0	no STRING match	no STRING match	2481	3005	1	1	Ribosomal_S7	Ribosomal protein S7p/S5e		RRF	Ribosome recycling factor	
79	fig|6666666.1036479.peg.1671	fig|6666666.1036479.peg.2071	0.9653025925159454	5.8070088391495307e-05	High	Medium	Medium–High			0	no STRING match	no STRING match	2712	2862	1	1				DUF8694;Por_Secre_tail	Domain of unknown function (DUF8694); Secretion system C-terminal sorting domain	
81	fig|6666666.1036479.peg.1693	fig|6666666.1036479.peg.2071	0.9650394737720488	5.954021721153316e-05	Medium	Medium	Medium–Medium			0	no STRING match	no STRING match	2718	2862	1	1				DUF8694;Por_Secre_tail	Domain of unknown function (DUF8694); Secretion system C-terminal sorting domain	
82	fig|6666666.1036479.peg.3166	fig|6666666.1036479.peg.1138	0.964915531873703	6.027528162155209e-05	Very Low	Very Low	Very Low–Very Low			0	no STRING match	no STRING match	1935	2464	1	1	Ribosomal_L20	Ribosomal protein L20	GO:0003735;GO:0005840;GO:0006412;GO:0019843	Ribosomal_uL15_N;Ribosomal_L27A	Ribosomal protein uL15, N-terminal region; Ribosomal proteins 50S-L15, 50S-L18e, 60S-L27A	
88	fig|6666666.1036479.peg.1138	fig|6666666.1036479.peg.1273	0.964126807451248	6.468566808166565e-05	Very Low	Very Low	Very Low–Very Low			0	no STRING match	no STRING match	2464	2524	1	1	Ribosomal_uL15_N;Ribosomal_L27A	Ribosomal protein uL15, N-terminal region; Ribosomal proteins 50S-L15, 50S-L18e, 60S-L27A		YqeY	Yqey-like protein	
112	fig|6666666.1036479.peg.793	fig|6666666.1036479.peg.1693	0.9608735263347624	8.232721392211993e-05	Medium	Medium	Medium–Medium			0	no STRING match	no STRING match	2320	2718	1	1	DUF6452	Family of unknown function (DUF6452)				
122	fig|6666666.1036479.peg.3166	fig|6666666.1036479.peg.219	0.9593023836612702	8.967785802230921e-05	Very Low	Very Low	Very Low–Very Low			0	no STRING match	no STRING match	1935	2081	1	1	Ribosomal_L20	Ribosomal protein L20	GO:0003735;GO:0005840;GO:0006412;GO:0019843	Ribosomal_L9_N;Ribosomal_L9_C	Ribosomal protein L9, N-terminal domain; Ribosomal protein L9, C-terminal domain	
131	fig|6666666.1036479.peg.1671	fig|6666666.1036479.peg.1693	0.958661526441574	9.629343771247956e-05	High	Medium	Medium–High			0	no STRING match	no STRING match	2712	2718	1	1						
132	fig|6666666.1036479.peg.793	fig|6666666.1036479.peg.1671	0.9585671246051788	9.702850212249848e-05	Medium	High	Medium–High			0	no STRING match	no STRING match	2320	2712	1	1	DUF6452	Family of unknown function (DUF6452)				
134	fig|6666666.1036479.peg.899	fig|6666666.1036479.peg.1138	0.958359444141388	9.849863094253634e-05	Very Low	Very Low	Very Low–Very Low			0	no STRING match	no STRING match	2369	2464	1	1	Ribosomal_S20p	Ribosomal protein S20	GO:0003723;GO:0003735;GO:0005840;GO:0006412	Ribosomal_uL15_N;Ribosomal_L27A	Ribosomal protein uL15, N-terminal region; Ribosomal proteins 50S-L15, 50S-L18e, 60S-L27A	
149	fig|6666666.1036479.peg.219	fig|6666666.1036479.peg.1273	0.9566825985908508	0.0001095245970928	Very Low	Very Low	Very Low–Very Low			0	no STRING match	no STRING match	2081	2524	1	1	Ribosomal_L9_N;Ribosomal_L9_C	Ribosomal protein L9, N-terminal domain; Ribosomal protein L9, C-terminal domain		YqeY	Yqey-like protein	
153	fig|6666666.1036479.peg.475	fig|6666666.1036479.peg.1671	0.9564401149749756	0.0001124648547328	Low	High	Low–High			0	no STRING match	no STRING match	2175	2712	1	1	2TM	2TM domain				
170	fig|6666666.1036479.peg.219	fig|6666666.1036479.peg.899	0.9543408930301668	0.0001249609497032	Very Low	Very Low	Very Low–Very Low			0	no STRING match	no STRING match	2081	2369	1	1	Ribosomal_L9_N;Ribosomal_L9_C	Ribosomal protein L9, N-terminal domain; Ribosomal protein L9, C-terminal domain		Ribosomal_S20p	Ribosomal protein S20	GO:0003723;GO:0003735;GO:0005840;GO:0006412
189	fig|6666666.1036479.peg.3166	fig|6666666.1036479.peg.1273	0.9522913873195648	0.0001389271734935	Very Low	Very Low	Very Low–Very Low			0	no STRING match	no STRING match	1935	2524	1	1	Ribosomal_L20	Ribosomal protein L20	GO:0003735;GO:0005840;GO:0006412;GO:0019843	YqeY	Yqey-like protein	
212	fig|6666666.1036479.peg.475	fig|6666666.1036479.peg.861	0.9510430693626404	0.000155833654924	Low	High	Low–High			0	no STRING match	no STRING match	2175	2341	1	1	2TM	2TM domain				
222	fig|6666666.1036479.peg.2792	fig|6666666.1036479.peg.475	0.9503488957881928	0.0001631842990242	High	Low	Low–High			0	no STRING match	no STRING match	1754	2175	1	1	DUF8785	Domain of unknown function (DUF8785)		2TM	2TM domain	
244	fig|6666666.1036479.peg.475	fig|6666666.1036479.peg.1739	0.9485040128231048	0.0001793557160446	Low	Very Low	Very Low–Low			0	no STRING match	no STRING match	2175	2731	1	1	2TM	2TM domain		DUF3575	Protein of unknown function (DUF3575)	
246	fig|6666666.1036479.peg.2672	fig|6666666.1036479.peg.475	0.9483164310455322	0.0001808258448646	Medium	Low	Low–Medium			0	no STRING match	no STRING match	1704	2175	1	1				2TM	2TM domain	
253	fig|6666666.1036479.peg.2792	fig|6666666.1036479.peg.1739	0.9478224337100982	0.0001859712957347	High	Very Low	Very Low–High			0	no STRING match	no STRING match	1754	2731	1	1	DUF8785	Domain of unknown function (DUF8785)		DUF3575	Protein of unknown function (DUF3575)	
262	fig|6666666.1036479.peg.2548	fig|6666666.1036479.peg.411	0.9474856674671172	0.0001925868754249	High	Low	Low–High		Hypothetical protein.	0	no STRING match	secondary STRING hit (STRING protein assigned to a better match)	1641	2150	1	1						
268	fig|6666666.1036479.peg.3166	fig|6666666.1036479.peg.899	0.9470800936222076	0.000196997261885	Very Low	Very Low	Very Low–Very Low			0	no STRING match	no STRING match	1935	2369	1	1	Ribosomal_L20	Ribosomal protein L20	GO:0003735;GO:0005840;GO:0006412;GO:0019843	Ribosomal_S20p	Ribosomal protein S20	GO:0003723;GO:0003735;GO:0005840;GO:0006412
272	fig|6666666.1036479.peg.2792	fig|6666666.1036479.peg.861	0.9470429837703704	0.0001999375195251	High	High	High–High			0	no STRING match	no STRING match	1754	2341	1	1	DUF8785	Domain of unknown function (DUF8785)				
294	fig|6666666.1036479.peg.2501	fig|6666666.1036479.peg.2506	0.9457481205463408	0.0002161089365455	High	Very Low	Very Low–High			0	no STRING match	no STRING match	1608	1613	1	6						
305	fig|6666666.1036479.peg.861	fig|6666666.1036479.peg.1739	0.9454169750213623	0.0002241946450557	High	Very Low	Very Low–High			0	no STRING match	no STRING match	2341	2731	1	1				DUF3575	Protein of unknown function (DUF3575)	
312	fig|6666666.1036479.peg.2778	fig|6666666.1036479.peg.1160	0.945271509885788	0.0002293400959259	Very Low	Very Low	Very Low–Very Low			0	no STRING match	no STRING match	1747	2481	1	1	Ribosomal_L34	Ribosomal protein L34	GO:0003735;GO:0005840;GO:0006412	Ribosomal_S7	Ribosomal protein S7p/S5e	
328	fig|6666666.1036479.peg.2792	fig|6666666.1036479.peg.649	0.9446838080883028	0.0002411011264862	High	Medium	Medium–High			0	no STRING match	no STRING match	1754	2246	1	1	DUF8785	Domain of unknown function (DUF8785)				
331	fig|6666666.1036479.peg.649	fig|6666666.1036479.peg.861	0.9444983959197998	0.0002433063197162	Medium	High	Medium–High			0	no STRING match	no STRING match	2246	2341	1	1						
336	fig|6666666.1036479.peg.649	fig|6666666.1036479.peg.1739	0.9443027019500732	0.0002469816417663	Medium	Very Low	Very Low–Medium			0	no STRING match	no STRING match	2246	2731	1	1				DUF3575	Protein of unknown function (DUF3575)	
343	fig|6666666.1036479.peg.899	fig|6666666.1036479.peg.1273	0.9440185606479644	0.0002521270926364	Very Low	Very Low	Very Low–Very Low			0	no STRING match	no STRING match	2369	2524	1	1	Ribosomal_S20p	Ribosomal protein S20	GO:0003723;GO:0003735;GO:0005840;GO:0006412	YqeY	Yqey-like protein	
368	fig|6666666.1036479.peg.2672	fig|6666666.1036479.peg.861	0.94290252327919	0.0002705037028869	Medium	High	Medium–High			0	no STRING match	no STRING match	1704	2341	1	1						
381	fig|6666666.1036479.peg.2672	fig|6666666.1036479.peg.2988	0.9424014389514924	0.0002800595402172	Medium	Medium	Medium–Medium		Hypothetical protein.	0	no STRING match	secondary STRING hit (STRING protein assigned to a better match)	1704	1859	1	1						
388	fig|6666666.1036479.peg.2988	fig|6666666.1036479.peg.649	0.9420500576496124	0.0002852049910873	Medium	Medium	Medium–Medium	Hypothetical protein.		0	secondary STRING hit (STRING protein assigned to a better match)	no STRING match	1859	2246	1	1						
389	fig|6666666.1036479.peg.2778	fig|6666666.1036479.peg.3168	0.9419937789440156	0.0002859400554973	Very Low	Very Low	Very Low–Very Low			0	no STRING match	no STRING match	1747	1937	1	1	Ribosomal_L34	Ribosomal protein L34	GO:0003735;GO:0005840;GO:0006412	IF3_N;IF3_C	Translation initiation factor IF-3, N-terminal domain; Translation initiation factor IF-3, C-terminal domain	GO:0003743;GO:0006413
397	fig|6666666.1036479.peg.2792	fig|6666666.1036479.peg.2988	0.9416546404361724	0.0002918205707775	High	Medium	Medium–High		Hypothetical protein.	0	no STRING match	secondary STRING hit (STRING protein assigned to a better match)	1754	1859	1	1	DUF8785	Domain of unknown function (DUF8785)				
406	fig|6666666.1036479.peg.2548	fig|6666666.1036479.peg.253	0.9413768231868744	0.0002984361504676	High	Low	Low–High		Hypothetical protein.	0	no STRING match	secondary STRING hit (STRING protein assigned to a better match)	1641	2096	1	1				YhhN	YhhN family	GO:0016020
411	fig|6666666.1036479.peg.253	fig|6666666.1036479.peg.411	0.9412751376628876	0.0003021114725177	Low	Low	Low–Low	Hypothetical protein.	Hypothetical protein.	0	secondary STRING hit (STRING protein assigned to a better match)	secondary STRING hit (STRING protein assigned to a better match)	2096	2150	1	1	YhhN	YhhN family	GO:0016020			
412	fig|6666666.1036479.peg.2506	fig|6666666.1036479.peg.2523	0.9412612557411194	0.0003028465369277	Very Low	Low	Very Low–Low			0	no STRING match	no STRING match	1613	1625	6	1						
420	fig|6666666.1036479.peg.2506	fig|6666666.1036479.peg.874	0.9410168290138244	0.0003087270522079	Very Low	Medium	Very Low–Medium			0	no STRING match	no STRING match	1613	2351	6	1						
432	fig|6666666.1036479.peg.2548	fig|6666666.1036479.peg.866	0.9406870067119598	0.0003175478251281	High	High	High–High			0	no STRING match	no STRING match	1641	2345	1	1						
463	fig|6666666.1036479.peg.2988	fig|6666666.1036479.peg.1739	0.9393696308135986	0.0003403348218387	Medium	Very Low	Very Low–Medium	Hypothetical protein.		0	secondary STRING hit (STRING protein assigned to a better match)	no STRING match	1859	2731	1	1				DUF3575	Protein of unknown function (DUF3575)	
475	fig|6666666.1036479.peg.2778	fig|6666666.1036479.peg.1131	0.9387230098247528	0.0003491555947589	Very Low	Very Low	Very Low–Very Low			0	no STRING match	no STRING match	1747	2460	1	1	Ribosomal_L34	Ribosomal protein L34	GO:0003735;GO:0005840;GO:0006412	Ribosomal_L17	Ribosomal protein L17	GO:0003735;GO:0005840;GO:0006412
478	fig|6666666.1036479.peg.411	fig|6666666.1036479.peg.866	0.9385800182819366	0.000351360787989	Low	High	Low–High	Hypothetical protein.		0	secondary STRING hit (STRING protein assigned to a better match)	no STRING match	2150	2345	1	1						
479	fig|6666666.1036479.peg.2506	fig|6666666.1036479.peg.3077	0.9385632693767548	0.000352095852399	Very Low	Medium	Very Low–Medium			0	no STRING match	no STRING match	1613	1900	6	1						
494	fig|6666666.1036479.peg.2672	fig|6666666.1036479.peg.3089	0.9381999611854552	0.0003631218185493	Medium	High	Medium–High			0	no STRING match	no STRING match	1704	1907	1	1				DUF4258	Domain of unknown function (DUF4258)	
505	fig|6666666.1036479.peg.649	fig|6666666.1036479.peg.942	0.9377760767936708	0.0003712075270595	Medium	Very Low	Very Low–Medium			0	no STRING match	no STRING match	2246	2389	1	1				PixA	Inclusion body protein	
512	fig|6666666.1036479.peg.411	fig|6666666.1036479.peg.1080	0.9375574707984924	0.0003763529779296	Low	High	Low–High	Hypothetical protein.		0	secondary STRING hit (STRING protein assigned to a better match)	no STRING match	2150	2424	1	1				EpsG	EpsG family	
515	fig|6666666.1036479.peg.2672	fig|6666666.1036479.peg.573	0.9375006675720214	0.0003785581711597	Medium	Very Low	Very Low–Medium		Hypothetical protein.	0	no STRING match	secondary STRING hit (STRING protein assigned to a better match)	1704	2210	1	1				OMP_b-brl	Outer membrane protein beta-barrel domain	
518	fig|6666666.1036479.peg.2548	fig|6666666.1036479.peg.1080	0.9373776257038116	0.0003807633643898	High	High	High–High			0	no STRING match	no STRING match	1641	2424	1	1				EpsG	EpsG family	
527	fig|6666666.1036479.peg.899	fig|6666666.1036479.peg.1160	0.9371049165725708	0.0003873789440799	Very Low	Very Low	Very Low–Very Low			0	no STRING match	no STRING match	2369	2481	1	1	Ribosomal_S20p	Ribosomal protein S20	GO:0003723;GO:0003735;GO:0005840;GO:0006412	Ribosomal_S7	Ribosomal protein S7p/S5e	
534	fig|6666666.1036479.peg.2506	fig|6666666.1036479.peg.1937	0.9369887471199037	0.0003925243949501	Very Low	High	Very Low–High			0	no STRING match	no STRING match	1613	2802	6	1						
577	fig|6666666.1036479.peg.3168	fig|6666666.1036479.peg.1160	0.9359254717826844	0.0004241321645809	Very Low	Very Low	Very Low–Very Low			0	no STRING match	no STRING match	1937	2481	1	1	IF3_N;IF3_C	Translation initiation factor IF-3, N-terminal domain; Translation initiation factor IF-3, C-terminal domain	GO:0003743;GO:0006413	Ribosomal_S7	Ribosomal protein S7p/S5e	
579	fig|6666666.1036479.peg.2988	fig|6666666.1036479.peg.3089	0.9358817279338836	0.0004256022934009	Medium	High	Medium–High	Hypothetical protein.		0	secondary STRING hit (STRING protein assigned to a better match)	no STRING match	1859	1907	1	1				DUF4258	Domain of unknown function (DUF4258)	
587	fig|6666666.1036479.peg.1131	fig|6666666.1036479.peg.1160	0.9357195377349854	0.0004314828086811	Very Low	Very Low	Very Low–Very Low			0	no STRING match	no STRING match	2460	2481	1	1	Ribosomal_L17	Ribosomal protein L17	GO:0003735;GO:0005840;GO:0006412	Ribosomal_S7	Ribosomal protein S7p/S5e	
606	fig|6666666.1036479.peg.2843	fig|6666666.1036479.peg.3113	0.9349490702152252	0.0004454490324714	Very Low	Very Low	Very Low–Very Low			0	no STRING match	no STRING match	1785	1915	1	1	OMP_b-brl_3	Outer membrane protein beta-barrel family		DUF8439;DUF8493	Domain of unknown function (DUF8439); Domain of unknown function (DUF8493)	
638	fig|6666666.1036479.peg.2548	fig|6666666.1036479.peg.370	0.9341284215450288	0.000468971093592	High	High	High–High			0	no STRING match	no STRING match	1641	2139	1	1						
706	fig|6666666.1036479.peg.253	fig|6666666.1036479.peg.866	0.9328865766525268	0.0005189554734733	Low	High	Low–High	Hypothetical protein.		0	secondary STRING hit (STRING protein assigned to a better match)	no STRING match	2096	2345	1	1	YhhN	YhhN family	GO:0016020			
732	fig|6666666.1036479.peg.253	fig|6666666.1036479.peg.1080	0.932459831237793	0.0005380671481338	Low	High	Low–High	Hypothetical protein.		0	secondary STRING hit (STRING protein assigned to a better match)	no STRING match	2096	2424	1	1	YhhN	YhhN family	GO:0016020	EpsG	EpsG family	
738	fig|6666666.1036479.peg.3089	fig|6666666.1036479.peg.1419	0.9322566747665404	0.0005424775345939	High	High	High–High			0	no STRING match	no STRING match	1907	2597	1	1	DUF4258	Domain of unknown function (DUF4258)				
739	fig|6666666.1036479.peg.2843	fig|6666666.1036479.peg.934	0.9321862578392028	0.0005432125990039	Very Low	Low	Very Low–Low			0	no STRING match	no STRING match	1785	2385	1	1	OMP_b-brl_3	Outer membrane protein beta-barrel family		DivIC	Septum formation initiator	
750	fig|6666666.1036479.peg.934	fig|6666666.1036479.peg.1419	0.9320130348205566	0.0005512983075141	Low	High	Low–High			0	no STRING match	no STRING match	2385	2597	1	1	DivIC	Septum formation initiator				
773	fig|6666666.1036479.peg.370	fig|6666666.1036479.peg.411	0.9315179467201232	0.0005682047889446	High	Low	Low–High		Hypothetical protein.	0	no STRING match	secondary STRING hit (STRING protein assigned to a better match)	2139	2150	1	1						
779	fig|6666666.1036479.peg.3089	fig|6666666.1036479.peg.934	0.9314282655715942	0.0005726151754047	High	Low	Low–High			0	no STRING match	no STRING match	1907	2385	1	1	DUF4258	Domain of unknown function (DUF4258)		DivIC	Septum formation initiator	
786	fig|6666666.1036479.peg.3089	fig|6666666.1036479.peg.458	0.9312415421009064	0.0005777606262748	High	Low	Low–High			0	no STRING match	no STRING match	1907	2168	1	1	DUF4258	Domain of unknown function (DUF4258)				
795	fig|6666666.1036479.peg.2843	fig|6666666.1036479.peg.2364	0.9308020234107972	0.000584376205965	Very Low	Medium	Very Low–Medium			0	no STRING match	no STRING match	1785	2994	1	1	OMP_b-brl_3	Outer membrane protein beta-barrel family		CarbopepD_reg_2;OMP_b-brl_3	CarboxypepD_reg-like domain; Outer membrane protein beta-barrel family	
806	fig|6666666.1036479.peg.2843	fig|6666666.1036479.peg.1394	0.9305405139923096	0.0005924619144752	Very Low	Medium	Very Low–Medium			0	no STRING match	no STRING match	1785	2583	1	1	OMP_b-brl_3	Outer membrane protein beta-barrel family				
812	fig|6666666.1036479.peg.458	fig|6666666.1036479.peg.934	0.9303443968296052	0.0005968723009353	Low	Low	Low–Low			0	no STRING match	no STRING match	2168	2385	1	1				DivIC	Septum formation initiator	
813	fig|6666666.1036479.peg.3113	fig|6666666.1036479.peg.934	0.93034228682518	0.0005976073653453	Very Low	Low	Very Low–Low			0	no STRING match	no STRING match	1915	2385	1	1	DUF8439;DUF8493	Domain of unknown function (DUF8439); Domain of unknown function (DUF8493)		DivIC	Septum formation initiator	
831	fig|6666666.1036479.peg.2778	fig|6666666.1036479.peg.1149	0.92996729016304	0.0006108385247257	Very Low	Very Low	Very Low–Very Low			0	no STRING match	no STRING match	1747	2475	1	1	Ribosomal_L34	Ribosomal protein L34	GO:0003735;GO:0005840;GO:0006412	Ribosomal_L29	Ribosomal L29 protein	GO:0003735;GO:0005840;GO:0006412
846	fig|6666666.1036479.peg.573	fig|6666666.1036479.peg.1419	0.9293760180473328	0.000621864490876	Very Low	High	Very Low–High	Hypothetical protein.		0	secondary STRING hit (STRING protein assigned to a better match)	no STRING match	2210	2597	1	1	OMP_b-brl	Outer membrane protein beta-barrel domain				
854	fig|6666666.1036479.peg.3113	fig|6666666.1036479.peg.1394	0.9291390299797058	0.0006277450061561	Very Low	Medium	Very Low–Medium			0	no STRING match	no STRING match	1915	2583	1	1	DUF8439;DUF8493	Domain of unknown function (DUF8439); Domain of unknown function (DUF8493)				
856	fig|6666666.1036479.peg.458	fig|6666666.1036479.peg.1419	0.9290164828300476	0.0006292151349762	Low	High	Low–High			0	no STRING match	no STRING match	2168	2597	1	1						
864	fig|6666666.1036479.peg.866	fig|6666666.1036479.peg.1080	0.9288538753986358	0.0006350956502563	High	High	High–High			0	no STRING match	no STRING match	2345	2424	1	1				EpsG	EpsG family	
869	fig|6666666.1036479.peg.3168	fig|6666666.1036479.peg.1131	0.9287618696689606	0.0006387709723064	Very Low	Very Low	Very Low–Very Low			0	no STRING match	no STRING match	1937	2460	1	1	IF3_N;IF3_C	Translation initiation factor IF-3, N-terminal domain; Translation initiation factor IF-3, C-terminal domain	GO:0003743;GO:0006413	Ribosomal_L17	Ribosomal protein L17	GO:0003735;GO:0005840;GO:0006412
902	fig|6666666.1036479.peg.2778	fig|6666666.1036479.peg.1152	0.9280940532684326	0.000663028097837	Very Low	Very Low	Very Low–Very Low			0	no STRING match	no STRING match	1747	2477	1	1	Ribosomal_L34	Ribosomal protein L34	GO:0003735;GO:0005840;GO:0006412	Ribosomal_L22	Ribosomal protein L22p/L17e	GO:0003735;GO:0005840;GO:0006412
925	fig|6666666.1036479.peg.2843	fig|6666666.1036479.peg.536	0.9274961411952972	0.0006799345792675	Very Low	Medium	Very Low–Medium			0	no STRING match	no STRING match	1785	2193	1	1	OMP_b-brl_3	Outer membrane protein beta-barrel family				
927	fig|6666666.1036479.peg.1419	fig|6666666.1036479.peg.2114	0.9274126410484314	0.0006814047080875	High	Very Low	Very Low–High		COG1629 Outer membrane receptor proteins, mostly Fe transport.	0	no STRING match	secondary STRING hit (STRING protein assigned to a better match)	2597	2884	1	1				TonB_dep_Rec_b-barrel	TonB dependent receptor-like, beta-barrel	
943	fig|6666666.1036479.peg.942	fig|6666666.1036479.peg.1195	0.9272149801254272	0.0006931657386478	Very Low	Medium	Very Low–Medium			0	no STRING match	no STRING match	2389	2492	1	1	PixA	Inclusion body protein				
953	fig|6666666.1036479.peg.866	fig|6666666.1036479.peg.1519	0.9270404696464538	0.000700516382748	High	High	High–High			0	no STRING match	no STRING match	2345	2632	1	1						
958	fig|6666666.1036479.peg.728	fig|6666666.1036479.peg.942	0.9270143210887908	0.0007041917047981	Medium	Very Low	Very Low–Medium			0	no STRING match	no STRING match	2286	2389	1	1				PixA	Inclusion body protein	
964	fig|6666666.1036479.peg.573	fig|6666666.1036479.peg.2114	0.9268604993820192	0.0007086020912582	Very Low	Very Low	Very Low–Very Low	Hypothetical protein.	COG1629 Outer membrane receptor proteins, mostly Fe transport.	0	secondary STRING hit (STRING protein assigned to a better match)	secondary STRING hit (STRING protein assigned to a better match)	2210	2884	1	1	OMP_b-brl	Outer membrane protein beta-barrel domain		TonB_dep_Rec_b-barrel	TonB dependent receptor-like, beta-barrel	
966	fig|6666666.1036479.peg.536	fig|6666666.1036479.peg.923	0.9268346965312958	0.0007100722200782	Medium	High	Medium–High			0	no STRING match	no STRING match	2193	2380	1	1						
968	fig|6666666.1036479.peg.3113	fig|6666666.1036479.peg.2364	0.9268136501312256	0.0007115423488983	Very Low	Medium	Very Low–Medium			0	no STRING match	no STRING match	1915	2994	1	1	DUF8439;DUF8493	Domain of unknown function (DUF8439); Domain of unknown function (DUF8493)		CarbopepD_reg_2;OMP_b-brl_3	CarboxypepD_reg-like domain; Outer membrane protein beta-barrel family	
975	fig|6666666.1036479.peg.458	fig|6666666.1036479.peg.573	0.9266530513763428	0.0007166877997684	Low	Very Low	Very Low–Low		Hypothetical protein.	0	no STRING match	secondary STRING hit (STRING protein assigned to a better match)	2168	2210	1	1				OMP_b-brl	Outer membrane protein beta-barrel domain	
987	fig|6666666.1036479.peg.253	fig|6666666.1036479.peg.370	0.9264174163341522	0.0007255085726886	Low	High	Low–High	Hypothetical protein.		0	secondary STRING hit (STRING protein assigned to a better match)	no STRING match	2096	2139	1	1	YhhN	YhhN family	GO:0016020			
1030	fig|6666666.1036479.peg.2948	fig|6666666.1036479.peg.573	0.9255253195762634	0.0007571163423194	High	Very Low	Very Low–High		Hypothetical protein.	0	no STRING match	secondary STRING hit (STRING protein assigned to a better match)	1843	2210	1	1				OMP_b-brl	Outer membrane protein beta-barrel domain	
1051	fig|6666666.1036479.peg.2948	fig|6666666.1036479.peg.458	0.9252149105072022	0.0007725526949298	High	Low	Low–High			0	no STRING match	no STRING match	1843	2168	1	1						
1077	fig|6666666.1036479.peg.536	fig|6666666.1036479.peg.2092	0.9246659517288208	0.0007916643695903	Medium	Medium	Medium–Medium			0	no STRING match	no STRING match	2193	2871	1	1						
1079	fig|6666666.1036479.peg.1131	fig|6666666.1036479.peg.1141	0.9246065974235534	0.0007931344984104	Very Low	Very Low	Very Low–Very Low			0	no STRING match	no STRING match	2460	2467	1	1	Ribosomal_L17	Ribosomal protein L17	GO:0003735;GO:0005840;GO:0006412	Ribosomal_L18p	Ribosomal L18 of archaea, bacteria, mitoch. and chloroplast	GO:0003735;GO:0005840;GO:0006412
1137	fig|6666666.1036479.peg.2948	fig|6666666.1036479.peg.942	0.9237896084785462	0.0008357682341915	High	Very Low	Very Low–High			0	no STRING match	no STRING match	1843	2389	1	1				PixA	Inclusion body protein	
1157	fig|6666666.1036479.peg.36	fig|6666666.1036479.peg.942	0.923554790019989	0.0008504695223918	Medium	Very Low	Very Low–Medium			0	no STRING match	no STRING match	2023	2389	2	1				PixA	Inclusion body protein	
1186	fig|6666666.1036479.peg.2948	fig|6666666.1036479.peg.728	0.9231521904468536	0.0008717863902824	High	Medium	Medium–High			0	no STRING match	no STRING match	1843	2286	1	1						
1211	fig|6666666.1036479.peg.370	fig|6666666.1036479.peg.1080	0.9228404521942138	0.0008901630005329	High	High	High–High			0	no STRING match	no STRING match	2139	2424	1	1				EpsG	EpsG family	
1214	fig|6666666.1036479.peg.1141	fig|6666666.1036479.peg.1146	0.922784686088562	0.0008923681937629	Very Low	Very Low	Very Low–Very Low			0	no STRING match	no STRING match	2467	2472	1	1	Ribosomal_L18p	Ribosomal L18 of archaea, bacteria, mitoch. and chloroplast	GO:0003735;GO:0005840;GO:0006412	KOW;ribosomal_L24	KOW motif; Large ribosomal subunit protein uL24, C-terminal domain	
1222	fig|6666666.1036479.peg.1131	fig|6666666.1036479.peg.1146	0.922519826889038	0.0008982487090431	Very Low	Very Low	Very Low–Very Low			0	no STRING match	no STRING match	2460	2472	1	1	Ribosomal_L17	Ribosomal protein L17	GO:0003735;GO:0005840;GO:0006412	KOW;ribosomal_L24	KOW motif; Large ribosomal subunit protein uL24, C-terminal domain	
1236	fig|6666666.1036479.peg.536	fig|6666666.1036479.peg.2364	0.9223342895507812	0.0009085396107833	Medium	Medium	Medium–Medium			0	no STRING match	no STRING match	2193	2994	1	1				CarbopepD_reg_2;OMP_b-brl_3	CarboxypepD_reg-like domain; Outer membrane protein beta-barrel family	
1264	fig|6666666.1036479.peg.1394	fig|6666666.1036479.peg.2364	0.9218080639839172	0.0009291214142639	Medium	Medium	Medium–Medium			0	no STRING match	no STRING match	2583	2994	1	1				CarbopepD_reg_2;OMP_b-brl_3	CarboxypepD_reg-like domain; Outer membrane protein beta-barrel family	
1267	fig|6666666.1036479.peg.728	fig|6666666.1036479.peg.1195	0.9217789590358734	0.0009313266074939	Medium	Medium	Medium–Medium			0	no STRING match	no STRING match	2286	2492	1	1						
1271	fig|6666666.1036479.peg.2762	fig|6666666.1036479.peg.536	0.9217641055583954	0.000934266865134	Medium	Medium	Medium–Medium	Hypothetical protein.		0	secondary STRING hit (STRING protein assigned to a better match)	no STRING match	1741	2193	1	1						
1298	fig|6666666.1036479.peg.923	fig|6666666.1036479.peg.2092	0.9214945077896118	0.0009541136042045	High	Medium	Medium–High			0	no STRING match	no STRING match	2380	2871	1	1						
1302	fig|6666666.1036479.peg.3077	fig|6666666.1036479.peg.874	0.9214201033115388	0.0009570538618446	Medium	Medium	Medium–Medium			0	no STRING match	no STRING match	1900	2351	1	1						
1310	fig|6666666.1036479.peg.3168	fig|6666666.1036479.peg.1135	0.9213593125343322	0.0009629343771247	Very Low	Very Low	Very Low–Very Low			0	no STRING match	no STRING match	1937	2462	1	1	IF3_N;IF3_C	Translation initiation factor IF-3, N-terminal domain; Translation initiation factor IF-3, C-terminal domain	GO:0003743;GO:0006413	Ribosomal_S13	Ribosomal protein S13/S18	GO:0003723;GO:0003735;GO:0005840;GO:0006412
1318	fig|6666666.1036479.peg.923	fig|6666666.1036479.peg.2364	0.9212384998798372	0.0009688148924049	High	Medium	Medium–High			0	no STRING match	no STRING match	2380	2994	1	1				CarbopepD_reg_2;OMP_b-brl_3	CarboxypepD_reg-like domain; Outer membrane protein beta-barrel family	
1324	fig|6666666.1036479.peg.2948	fig|6666666.1036479.peg.2114	0.921040165424347	0.000973225278865	High	Very Low	Very Low–High		COG1629 Outer membrane receptor proteins, mostly Fe transport.	0	no STRING match	secondary STRING hit (STRING protein assigned to a better match)	1843	2884	1	1				TonB_dep_Rec_b-barrel	TonB dependent receptor-like, beta-barrel	
1325	fig|6666666.1036479.peg.2762	fig|6666666.1036479.peg.2092	0.921017760038376	0.000973960343275	Medium	Medium	Medium–Medium	Hypothetical protein.		0	secondary STRING hit (STRING protein assigned to a better match)	no STRING match	1741	2871	1	1						
1329	fig|6666666.1036479.peg.3168	fig|6666666.1036479.peg.1141	0.920975148677826	0.0009769006009151	Very Low	Very Low	Very Low–Very Low			0	no STRING match	no STRING match	1937	2467	1	1	IF3_N;IF3_C	Translation initiation factor IF-3, N-terminal domain; Translation initiation factor IF-3, C-terminal domain	GO:0003743;GO:0006413	Ribosomal_L18p	Ribosomal L18 of archaea, bacteria, mitoch. and chloroplast	GO:0003735;GO:0005840;GO:0006412
1361	fig|6666666.1036479.peg.874	fig|6666666.1036479.peg.1937	0.920530652999878	0.0010004226620357	Medium	High	Medium–High			0	no STRING match	no STRING match	2351	2802	1	1						
1381	fig|6666666.1036479.peg.36	fig|6666666.1036479.peg.728	0.9202738523483276	0.0010151239502361	Medium	Medium	Medium–Medium			0	no STRING match	no STRING match	2023	2286	2	1						
1402	fig|6666666.1036479.peg.3113	fig|6666666.1036479.peg.923	0.9199698746204376	0.0010305603028465	Very Low	High	Very Low–High			0	no STRING match	no STRING match	1915	2380	1	1	DUF8439;DUF8493	Domain of unknown function (DUF8439); Domain of unknown function (DUF8493)				
1411	fig|6666666.1036479.peg.1141	fig|6666666.1036479.peg.1538	0.919834852218628	0.0010371758825367	Very Low	Very Low	Very Low–Very Low			0	no STRING match	no STRING match	2467	2642	1	1	Ribosomal_L18p	Ribosomal L18 of archaea, bacteria, mitoch. and chloroplast	GO:0003735;GO:0005840;GO:0006412	Ribosomal_S16	Ribosomal protein S16	GO:0003735;GO:0005840;GO:0006412
1438	fig|6666666.1036479.peg.36	fig|6666666.1036479.peg.1195	0.9195092260837556	0.0010570226216072	Medium	Medium	Medium–Medium			0	no STRING match	no STRING match	2023	2492	2	1						
1443	fig|6666666.1036479.peg.2762	fig|6666666.1036479.peg.923	0.9193993508815764	0.0010606979436573	Medium	High	Medium–High	Hypothetical protein.		0	secondary STRING hit (STRING protein assigned to a better match)	no STRING match	1741	2380	1	1						
1466	fig|6666666.1036479.peg.1135	fig|6666666.1036479.peg.1141	0.9189681649208068	0.0010776044250877	Very Low	Very Low	Very Low–Very Low			0	no STRING match	no STRING match	2462	2467	1	1	Ribosomal_S13	Ribosomal protein S13/S18	GO:0003723;GO:0003735;GO:0005840;GO:0006412	Ribosomal_L18p	Ribosomal L18 of archaea, bacteria, mitoch. and chloroplast	GO:0003735;GO:0005840;GO:0006412
1468	fig|6666666.1036479.peg.370	fig|6666666.1036479.peg.1519	0.9189493775367736	0.0010790745539077	High	High	High–High			0	no STRING match	no STRING match	2139	2632	1	1						
1528	fig|6666666.1036479.peg.3076	fig|6666666.1036479.peg.2092	0.9182547688484192	0.0011231784185089	High	Medium	Medium–High			0	no STRING match	no STRING match	1899	2871	1	1						
1538	fig|6666666.1036479.peg.2681	fig|6666666.1036479.peg.689	0.9180854618549348	0.0011305290626091	Low	High	Low–High			0	no STRING match	no STRING match	1706	2261	1	1						
1540	fig|6666666.1036479.peg.2762	fig|6666666.1036479.peg.2114	0.918043178319931	0.0011319991914291	Medium	Very Low	Very Low–Medium	Hypothetical protein.	COG1629 Outer membrane receptor proteins, mostly Fe transport.	0	secondary STRING hit (STRING protein assigned to a better match)	secondary STRING hit (STRING protein assigned to a better match)	1741	2884	1	1				TonB_dep_Rec_b-barrel	TonB dependent receptor-like, beta-barrel	
1568	fig|6666666.1036479.peg.3077	fig|6666666.1036479.peg.1937	0.9177350044250489	0.0011525809949096	Medium	High	Medium–High			0	no STRING match	no STRING match	1900	2802	1	1						
1588	fig|6666666.1036479.peg.2762	fig|6666666.1036479.peg.3076	0.9174805998802184	0.00116728228311	Medium	High	Medium–High	Hypothetical protein.		0	secondary STRING hit (STRING protein assigned to a better match)	no STRING match	1741	1899	1	1						
1624	fig|6666666.1036479.peg.728	fig|6666666.1036479.peg.2092	0.9172218203544616	0.0011937446018707	Medium	Medium	Medium–Medium			0	no STRING match	no STRING match	2286	2871	1	1						
1689	fig|6666666.1036479.peg.3076	fig|6666666.1036479.peg.2114	0.9163261950016022	0.0012415237885219	High	Very Low	Very Low–High		COG1629 Outer membrane receptor proteins, mostly Fe transport.	0	no STRING match	secondary STRING hit (STRING protein assigned to a better match)	1899	2884	1	1				TonB_dep_Rec_b-barrel	TonB dependent receptor-like, beta-barrel	
1722	fig|6666666.1036479.peg.2501	fig|6666666.1036479.peg.2523	0.9158230602741242	0.0012657809140525	High	Low	Low–High			0	no STRING match	no STRING match	1608	1625	1	1						
1778	fig|6666666.1036479.peg.1146	fig|6666666.1036479.peg.1538	0.9150742650032044	0.0013069445210136	Very Low	Very Low	Very Low–Very Low			0	no STRING match	no STRING match	2472	2642	1	1	KOW;ribosomal_L24	KOW motif; Large ribosomal subunit protein uL24, C-terminal domain		Ribosomal_S16	Ribosomal protein S16	GO:0003735;GO:0005840;GO:0006412
1809	fig|6666666.1036479.peg.689	fig|6666666.1036479.peg.1195	0.9148074507713316	0.0013297315177242	High	Medium	Medium–High			0	no STRING match	no STRING match	2261	2492	1	1						
1840	fig|6666666.1036479.peg.2501	fig|6666666.1036479.peg.874	0.9143491625785828	0.0013525185144348	High	Medium	Medium–High			0	no STRING match	no STRING match	1608	2351	1	1						
1862	fig|6666666.1036479.peg.1135	fig|6666666.1036479.peg.1146	0.9142032563686372	0.0013686899314552	Very Low	Very Low	Very Low–Very Low			0	no STRING match	no STRING match	2462	2472	1	1	Ribosomal_S13	Ribosomal protein S13/S18	GO:0003723;GO:0003735;GO:0005840;GO:0006412	KOW;ribosomal_L24	KOW motif; Large ribosomal subunit protein uL24, C-terminal domain	
1876	fig|6666666.1036479.peg.3020	fig|6666666.1036479.peg.3076	0.9140539944171906	0.0013789808331955	Low	High	Low–High			0	no STRING match	no STRING match	1878	1899	1	1						
1881	fig|6666666.1036479.peg.2501	fig|6666666.1036479.peg.3077	0.9140218913555144	0.0013826561552456	High	Medium	Medium–High			0	no STRING match	no STRING match	1608	1900	1	1						
1991	fig|6666666.1036479.peg.1074	fig|6666666.1036479.peg.1519	0.9127800643444062	0.0014635132403476	High	High	High–High			0	no STRING match	no STRING match	2418	2632	1	1						
2006	fig|6666666.1036479.peg.2681	fig|6666666.1036479.peg.1519	0.91256662607193	0.0014745392064979	Low	High	Low–High			0	no STRING match	no STRING match	1706	2632	1	1						
2041	fig|6666666.1036479.peg.1135	fig|6666666.1036479.peg.1538	0.9121630668640136	0.0015002664608486	Very Low	Very Low	Very Low–Very Low			0	no STRING match	no STRING match	2462	2642	1	1	Ribosomal_S13	Ribosomal protein S13/S18	GO:0003723;GO:0003735;GO:0005840;GO:0006412	Ribosomal_S16	Ribosomal protein S16	GO:0003735;GO:0005840;GO:0006412
2044	fig|6666666.1036479.peg.1135	fig|6666666.1036479.peg.1152	0.9121389210224152	0.0015024716540786	Very Low	Very Low	Very Low–Very Low			0	no STRING match	no STRING match	2462	2477	1	1	Ribosomal_S13	Ribosomal protein S13/S18	GO:0003723;GO:0003735;GO:0005840;GO:0006412	Ribosomal_L22	Ribosomal protein L22p/L17e	GO:0003735;GO:0005840;GO:0006412
2095	fig|6666666.1036479.peg.2501	fig|6666666.1036479.peg.1937	0.9115464866161348	0.0015399599389896	High	High	High–High			0	no STRING match	no STRING match	1608	2802	1	1						
2116	fig|6666666.1036479.peg.3207	fig|6666666.1036479.peg.1195	0.9113718807697296	0.0015553962916	Medium	Medium	Medium–Medium			0	no STRING match	no STRING match	1965	2492	1	1						
2137	fig|6666666.1036479.peg.1146	fig|6666666.1036479.peg.1152	0.9111312508583068	0.0015708326442104	Very Low	Very Low	Very Low–Very Low			0	no STRING match	no STRING match	2472	2477	1	1	KOW;ribosomal_L24	KOW motif; Large ribosomal subunit protein uL24, C-terminal domain		Ribosomal_L22	Ribosomal protein L22p/L17e	GO:0003735;GO:0005840;GO:0006412
2152	fig|6666666.1036479.peg.874	fig|6666666.1036479.peg.2199	0.910944765806198	0.0015818586103607	Medium	Low	Low–Medium			0	no STRING match	no STRING match	2351	2936	1	1						
2212	fig|6666666.1036479.peg.36	fig|6666666.1036479.peg.1673	0.910220843553543	0.0016259624749618	Medium	Very Low	Very Low–Medium			0	no STRING match	no STRING match	2023	2713	2	1						
2220	fig|6666666.1036479.peg.689	fig|6666666.1036479.peg.1547	0.9101529777050018	0.001631842990242	High	High	High–High			0	no STRING match	no STRING match	2261	2647	1	1						
2260	fig|6666666.1036479.peg.3020	fig|6666666.1036479.peg.1394	0.9098714590072632	0.0016612455666427	Low	Medium	Low–Medium			0	no STRING match	no STRING match	1878	2583	1	1						
2265	fig|6666666.1036479.peg.2681	fig|6666666.1036479.peg.1074	0.9098306238651276	0.0016649208886928	Low	High	Low–High			0	no STRING match	no STRING match	1706	2418	1	1						
2319	fig|6666666.1036479.peg.3076	fig|6666666.1036479.peg.2436	0.909746676683426	0.0017046143668338	High	Medium	Medium–High			0	no STRING match	no STRING match	1899	3022	1	1				BamP_C	BamP, C-terminal domain	
2380	fig|6666666.1036479.peg.3207	fig|6666666.1036479.peg.36	0.909253078699112	0.001749453295845	Medium	Medium	Medium–Medium			0	no STRING match	no STRING match	1965	2023	1	2						
2384	fig|6666666.1036479.peg.2681	fig|6666666.1036479.peg.1547	0.909239548444748	0.0017523935534851	Low	High	Low–High			0	no STRING match	no STRING match	1706	2647	1	1						
2399	fig|6666666.1036479.peg.867	fig|6666666.1036479.peg.1519	0.9091223061084748	0.0017634195196354	Low	High	Low–High			0	no STRING match	no STRING match	2346	2632	1	1						
2432	fig|6666666.1036479.peg.3077	fig|6666666.1036479.peg.2199	0.9088373601436616	0.001787676645166	Medium	Low	Low–Medium			0	no STRING match	no STRING match	1900	2936	1	1						
2454	fig|6666666.1036479.peg.2646	fig|6666666.1036479.peg.2681	0.9086907267570496	0.0018038480621864	Low	Low	Low–Low			0	no STRING match	no STRING match	1694	1706	1	1						
2468	fig|6666666.1036479.peg.1152	fig|6666666.1036479.peg.1538	0.9085930168628692	0.0018141389639267	Very Low	Very Low	Very Low–Very Low			0	no STRING match	no STRING match	2477	2642	1	1	Ribosomal_L22	Ribosomal protein L22p/L17e	GO:0003735;GO:0005840;GO:0006412	Ribosomal_S16	Ribosomal protein S16	GO:0003735;GO:0005840;GO:0006412
2552	fig|6666666.1036479.peg.3020	fig|6666666.1036479.peg.3187	0.9077963709831238	0.0018758843743683	Low	Very Low	Very Low–Low		Hypothetical protein.	0	no STRING match	secondary STRING hit (STRING protein assigned to a better match)	1878	1950	1	1						
2557	fig|6666666.1036479.peg.689	fig|6666666.1036479.peg.1673	0.9077651083469392	0.0018795596964183	High	Very Low	Very Low–High			0	no STRING match	no STRING match	2261	2713	1	1						
2583	fig|6666666.1036479.peg.2936	fig|6666666.1036479.peg.1394	0.907574725151062	0.0018986713710788	Very Low	Medium	Very Low–Medium			0	no STRING match	no STRING match	1836	2583	1	1	DUF2795	Protein of unknown function (DUF2795)				
2682	fig|6666666.1036479.peg.3184	fig|6666666.1036479.peg.1673	0.9066730558872222	0.0019714427476707	Very Low	Very Low	Very Low–Very Low			0	no STRING match	no STRING match	1947	2713	1	1						
2684	fig|6666666.1036479.peg.1937	fig|6666666.1036479.peg.2199	0.9066494762897492	0.0019729128764908	High	Low	Low–High			0	no STRING match	no STRING match	2802	2936	1	1						
2799	fig|6666666.1036479.peg.867	fig|6666666.1036479.peg.1074	0.9060310840606688	0.0020574452836429	Low	High	Low–High			0	no STRING match	no STRING match	2346	2418	1	1						
2800	fig|6666666.1036479.peg.1673	fig|6666666.1036479.peg.1946	0.9060261964797972	0.0020581803480529	Very Low	Medium	Very Low–Medium			0	no STRING match	no STRING match	2713	2808	1	1						
2805	fig|6666666.1036479.peg.1547	fig|6666666.1036479.peg.1673	0.90594961643219	0.002061855670103	High	Very Low	Very Low–High			0	no STRING match	no STRING match	2647	2713	1	1						
2825	fig|6666666.1036479.peg.3167	fig|6666666.1036479.peg.1152	0.9057869136333464	0.0020765569583034	Very Low	Very Low	Very Low–Very Low			0	no STRING match	no STRING match	1936	2477	1	1	Ribosomal_L35p	Ribosomal protein L35	GO:0003735;GO:0005840;GO:0006412	Ribosomal_L22	Ribosomal protein L22p/L17e	GO:0003735;GO:0005840;GO:0006412
2840	fig|6666666.1036479.peg.3167	fig|6666666.1036479.peg.1538	0.9056686401367188	0.0020875829244537	Very Low	Very Low	Very Low–Very Low			0	no STRING match	no STRING match	1936	2642	1	1	Ribosomal_L35p	Ribosomal protein L35	GO:0003735;GO:0005840;GO:0006412	Ribosomal_S16	Ribosomal protein S16	GO:0003735;GO:0005840;GO:0006412
2960	fig|6666666.1036479.peg.689	fig|6666666.1036479.peg.2042	0.9046248078346252	0.002175790653656	High	High	High–High			0	no STRING match	no STRING match	2261	2850	1	1				DUF6341	Family of unknown function (DUF6341)	
2973	fig|6666666.1036479.peg.3020	fig|6666666.1036479.peg.2436	0.9045526683330536	0.0021853464909862	Low	Medium	Low–Medium			0	no STRING match	no STRING match	1878	3022	1	1				BamP_C	BamP, C-terminal domain	
3046	fig|6666666.1036479.peg.2646	fig|6666666.1036479.peg.1074	0.9039315521717072	0.0022390061929176	Low	High	Low–High			0	no STRING match	no STRING match	1694	2418	1	1						
3236	fig|6666666.1036479.peg.2646	fig|6666666.1036479.peg.867	0.90238955616951	0.0023786684308212	Low	Low	Low–Low			0	no STRING match	no STRING match	1694	2346	1	1						
3312	fig|6666666.1036479.peg.881	fig|6666666.1036479.peg.1074	0.9020317673683168	0.0024345333259826	High	High	High–High			0	no STRING match	no STRING match	2356	2418	1	1						
3320	fig|6666666.1036479.peg.3187	fig|6666666.1036479.peg.2156	0.9019727051258088	0.0024404138412628	Very Low	Very Low	Very Low–Very Low	Hypothetical protein.		0	secondary STRING hit (STRING protein assigned to a better match)	no STRING match	1950	2906	1	1				EndoU_bacteria	Bacterial EndoU nuclease	GO:0004519
3347	fig|6666666.1036479.peg.2536	fig|6666666.1036479.peg.2545	0.90181804895401	0.0024602605803333	Very Low	Very Low	Very Low–Very Low			0	no STRING match	no STRING match	1629	1638	1	7						
3403	fig|6666666.1036479.peg.3020	fig|6666666.1036479.peg.2091	0.901344394683838	0.0025014241872944	Low	Medium	Low–Medium			0	no STRING match	no STRING match	1878	2870	1	1						
3413	fig|6666666.1036479.peg.3187	fig|6666666.1036479.peg.1064	0.9012513637542724	0.0025087748313946	Very Low	Medium	Very Low–Medium	Hypothetical protein.		0	secondary STRING hit (STRING protein assigned to a better match)	no STRING match	1950	2414	1	1				DUF2271	Predicted periplasmic protein (DUF2271)	
3416	fig|6666666.1036479.peg.1901	fig|6666666.1036479.peg.2238	0.901229190826416	0.0025109800246246	Very Low	Very Low	Very Low–Very Low			0	no STRING match	no STRING match	2787	2942	1	1						
3424	fig|6666666.1036479.peg.1064	fig|6666666.1036479.peg.2436	0.9011679351329804	0.0025168605399048	Medium	Medium	Medium–Medium			0	no STRING match	no STRING match	2414	3022	1	1	DUF2271	Predicted periplasmic protein (DUF2271)		BamP_C	BamP, C-terminal domain	
3459	fig|6666666.1036479.peg.867	fig|6666666.1036479.peg.881	0.9009743094444276	0.0025425877942554	Low	High	Low–High			0	no STRING match	no STRING match	2346	2356	1	1						
3483	fig|6666666.1036479.peg.2523	fig|6666666.1036479.peg.2532	0.9008216500282288	0.0025602293400959	Low	Low	Low–Low			0	no STRING match	no STRING match	1625	1627	1	4						
3529	fig|6666666.1036479.peg.2545	fig|6666666.1036479.peg.867	0.9006096661090851	0.0025940423029567	Very Low	Low	Very Low–Low			0	no STRING match	no STRING match	1638	2346	7	1						
3569	fig|6666666.1036479.peg.3187	fig|6666666.1036479.peg.2091	0.9004027247428894	0.0026234448793575	Very Low	Medium	Very Low–Medium	Hypothetical protein.		0	secondary STRING hit (STRING protein assigned to a better match)	no STRING match	1950	2870	1	1						
3571	fig|6666666.1036479.peg.1064	fig|6666666.1036479.peg.1308	0.9004017293453217	0.0026249150081775	Medium	Medium	Medium–Medium			0	no STRING match	no STRING match	2414	2532	1	1	DUF2271	Predicted periplasmic protein (DUF2271)		DUF2490	Protein of unknown function (DUF2490)	
3614	fig|6666666.1036479.peg.3187	fig|6666666.1036479.peg.2455	0.900020432472229	0.0026565227778084	Very Low	Medium	Very Low–Medium	Hypothetical protein.		0	secondary STRING hit (STRING protein assigned to a better match)	no STRING match	1950	3032	1	1				Lipocalin_4	Lipocalin-like domain	
3716	fig|6666666.1036479.peg.3184	fig|6666666.1036479.peg.3207	0.8993516743183136	0.0027314993476303	Very Low	Medium	Very Low–Medium			0	no STRING match	no STRING match	1947	1965	1	1						
3717	fig|6666666.1036479.peg.1308	fig|6666666.1036479.peg.2436	0.8993505954742431	0.0027322344120403	Medium	Medium	Medium–Medium			0	no STRING match	no STRING match	2532	3022	1	1	DUF2490	Protein of unknown function (DUF2490)		BamP_C	BamP, C-terminal domain	
3736	fig|6666666.1036479.peg.2648	fig|6666666.1036479.peg.2199	0.8992506504058838	0.0027462006358307	Very Low	Low	Very Low–Low			0	no STRING match	no STRING match	1695	2936	1	1						
3743	fig|6666666.1036479.peg.2648	fig|6666666.1036479.peg.2238	0.8992114841938019	0.0027513460867008	Very Low	Very Low	Very Low–Very Low			0	no STRING match	no STRING match	1695	2942	1	1						
3744	fig|6666666.1036479.peg.3207	fig|6666666.1036479.peg.2455	0.8992107450962067	0.0027520811511108	Medium	Medium	Medium–Medium			0	no STRING match	no STRING match	1965	3032	1	1				Lipocalin_4	Lipocalin-like domain	
3829	fig|6666666.1036479.peg.2545	fig|6666666.1036479.peg.1901	0.8987353503704071	0.0028145616259624	Very Low	Very Low	Very Low–Very Low			0	no STRING match	no STRING match	1638	2787	7	1						
3836	fig|6666666.1036479.peg.3184	fig|6666666.1036479.peg.889	0.8987160921096802	0.0028197070768326	Very Low	Low	Very Low–Low			0	no STRING match	no STRING match	1947	2364	1	1						
3947	fig|6666666.1036479.peg.2648	fig|6666666.1036479.peg.391	0.898577743768692	0.0029012992263447	Very Low	Medium	Very Low–Medium			0	no STRING match	no STRING match	1695	2142	1	1						
3948	fig|6666666.1036479.peg.244	fig|6666666.1036479.peg.2238	0.8985727846622467	0.0029020342907547	Very Low	Very Low	Very Low–Very Low			0	no STRING match	no STRING match	2092	2942	1	1						
3952	fig|6666666.1036479.peg.2536	fig|6666666.1036479.peg.1901	0.8985498666763305	0.0029049745483948	Very Low	Very Low	Very Low–Very Low			0	no STRING match	no STRING match	1629	2787	1	1						
3988	fig|6666666.1036479.peg.391	fig|6666666.1036479.peg.1901	0.8982899010181427	0.0029314368671554	Medium	Very Low	Very Low–Medium			0	no STRING match	no STRING match	2142	2787	1	1						
4012	fig|6666666.1036479.peg.244	fig|6666666.1036479.peg.1901	0.8981974065303803	0.0029490784129959	Very Low	Very Low	Very Low–Very Low			0	no STRING match	no STRING match	2092	2787	1	1						
4053	fig|6666666.1036479.peg.1064	fig|6666666.1036479.peg.2455	0.8979996323585511	0.0029792160538067	Medium	Medium	Medium–Medium			0	no STRING match	no STRING match	2414	3032	1	1	DUF2271	Predicted periplasmic protein (DUF2271)		Lipocalin_4	Lipocalin-like domain	
4056	fig|6666666.1036479.peg.2648	fig|6666666.1036479.peg.244	0.8979791700839996	0.0029814212470367	Very Low	Very Low	Very Low–Very Low			0	no STRING match	no STRING match	1695	2092	1	1						
4057	fig|6666666.1036479.peg.3222	fig|6666666.1036479.peg.1064	0.897966879606247	0.0029821563114467	Medium	Medium	Medium–Medium			0	no STRING match	no STRING match	1972	2414	2	1				DUF2271	Predicted periplasmic protein (DUF2271)	
4071	fig|6666666.1036479.peg.391	fig|6666666.1036479.peg.2238	0.897882342338562	0.002992447213187	Medium	Very Low	Very Low–Medium			0	no STRING match	no STRING match	2142	2942	1	1						
4106	fig|6666666.1036479.peg.3207	fig|6666666.1036479.peg.889	0.8976521193981171	0.0030181744675377	Medium	Low	Low–Medium			0	no STRING match	no STRING match	1965	2364	1	1						
4112	fig|6666666.1036479.peg.244	fig|6666666.1036479.peg.391	0.8976256728172303	0.0030225848539978	Very Low	Medium	Very Low–Medium			0	no STRING match	no STRING match	2092	2142	1	1						
4118	fig|6666666.1036479.peg.3222	fig|6666666.1036479.peg.2091	0.8975279152393341	0.0030269952404579	Medium	Medium	Medium–Medium			0	no STRING match	no STRING match	1972	2870	2	1						
4130	fig|6666666.1036479.peg.3222	fig|6666666.1036479.peg.2455	0.8974244058132171	0.0030358160133781	Medium	Medium	Medium–Medium			0	no STRING match	no STRING match	1972	3032	2	1				Lipocalin_4	Lipocalin-like domain	
4144	fig|6666666.1036479.peg.2199	fig|6666666.1036479.peg.2238	0.8973382234573364	0.0030461069151184	Low	Very Low	Very Low–Low			0	no STRING match	no STRING match	2936	2942	1	1						
4154	fig|6666666.1036479.peg.2646	fig|6666666.1036479.peg.364	0.8972875058650971	0.0030534575592186	Low	Low	Low–Low			0	no STRING match	no STRING match	1694	2137	1	1				DUF6787	Family of unknown function (DUF6787)	
4155	fig|6666666.1036479.peg.2646	fig|6666666.1036479.peg.1547	0.8972866356372833	0.0030541926236286	Low	High	Low–High			0	no STRING match	no STRING match	1694	2647	1	1						
4180	fig|6666666.1036479.peg.2091	fig|6666666.1036479.peg.2455	0.8971356987953186	0.0030725692338791	Medium	Medium	Medium–Medium			0	no STRING match	no STRING match	2870	3032	1	1				Lipocalin_4	Lipocalin-like domain	
4203	fig|6666666.1036479.peg.781	fig|6666666.1036479.peg.881	0.8970267832279205	0.0030894757153095	Medium	High	Medium–High			0	no STRING match	no STRING match	2315	2356	1	1	DUF2752	Protein of unknown function (DUF2752)				
4239	fig|6666666.1036479.peg.3184	fig|6666666.1036479.peg.1946	0.8968485355377197	0.0031159380340702	Very Low	Medium	Very Low–Medium			0	no STRING match	no STRING match	1947	2808	1	1						
4275	fig|6666666.1036479.peg.3222	fig|6666666.1036479.peg.2436	0.8965755343437195	0.0031424003528309	Medium	Medium	Medium–Medium			0	no STRING match	no STRING match	1972	3022	2	1				BamP_C	BamP, C-terminal domain	
4281	fig|6666666.1036479.peg.391	fig|6666666.1036479.peg.1416	0.8965556740760803	0.003146810739291	Medium	Medium	Medium–Medium			0	no STRING match	no STRING match	2142	2595	1	1						
4301	fig|6666666.1036479.peg.2648	fig|6666666.1036479.peg.2754	0.8964371383190155	0.0031615120274914	Very Low	Very Low	Very Low–Very Low			0	no STRING match	no STRING match	1695	1735	1	1						
4353	fig|6666666.1036479.peg.2545	fig|6666666.1036479.peg.3213	0.8961535453796386	0.0031997353768123	Very Low	Very Low	Very Low–Very Low			0	no STRING match	no STRING match	1638	1967	7	1						
4396	fig|6666666.1036479.peg.2536	fig|6666666.1036479.peg.3213	0.8959057033061981	0.0032313431464432	Very Low	Very Low	Very Low–Very Low			0	no STRING match	no STRING match	1629	1967	1	1						
4401	fig|6666666.1036479.peg.704	fig|6666666.1036479.peg.1547	0.8958757996559144	0.0032350184684933	Low	High	Low–High			0	no STRING match	no STRING match	2268	2647	1	1	DUF6095	Family of unknown function (DUF6095)				
4420	fig|6666666.1036479.peg.2523	fig|6666666.1036479.peg.2524	0.8957481503486633	0.0032489846922836	Low	Low	Low–Low			0	no STRING match	no STRING match	1625	1626	1	1						
4459	fig|6666666.1036479.peg.3222	fig|6666666.1036479.peg.1308	0.8955815374851227	0.0032776522042743	Medium	Medium	Medium–Medium			0	no STRING match	no STRING match	1972	2532	2	1				DUF2490	Protein of unknown function (DUF2490)	
4484	fig|6666666.1036479.peg.369	fig|6666666.1036479.peg.881	0.8954594016075135	0.0032960288145248	High	High	High–High			0	no STRING match	no STRING match	2138	2356	1	1						
4491	fig|6666666.1036479.peg.3167	fig|6666666.1036479.peg.2307	0.8954148650169372	0.003301174265395	Very Low	Very Low	Very Low–Very Low			0	no STRING match	no STRING match	1936	2969	1	1	Ribosomal_L35p	Ribosomal protein L35	GO:0003735;GO:0005840;GO:0006412	Ribosomal_L21p	Ribosomal prokaryotic L21 protein	GO:0005840
4517	fig|6666666.1036479.peg.1946	fig|6666666.1036479.peg.2091	0.8952240824699402	0.0033202859400554	Medium	Medium	Medium–Medium			0	no STRING match	no STRING match	2808	2870	1	1						
4528	fig|6666666.1036479.peg.2679	fig|6666666.1036479.peg.244	0.8951881885528564	0.0033283716485657	Medium	Very Low	Very Low–Medium			0	no STRING match	no STRING match	1705	2092	1	1						
4533	fig|6666666.1036479.peg.1946	fig|6666666.1036479.peg.1947	0.895142787694931	0.0033320469706158	Medium	Medium	Medium–Medium			0	no STRING match	no STRING match	2808	2809	1	1						
4553	fig|6666666.1036479.peg.726	fig|6666666.1036479.peg.889	0.8950696766376496	0.0033467482588161	Very Low	Low	Very Low–Low			0	no STRING match	no STRING match	2284	2364	1	1						
4563	fig|6666666.1036479.peg.887	fig|6666666.1036479.peg.889	0.8950497806072235	0.0033540989029163	Medium	Low	Low–Medium			0	no STRING match	no STRING match	2362	2364	1	1						
4668	fig|6666666.1036479.peg.2679	fig|6666666.1036479.peg.1416	0.8944007873535156	0.0034312806659683	Medium	Medium	Medium–Medium			0	no STRING match	no STRING match	1705	2595	1	1						
4738	fig|6666666.1036479.peg.3167	fig|6666666.1036479.peg.1134	0.8940152227878571	0.0034827351746696	Very Low	Very Low	Very Low–Very Low			0	no STRING match	no STRING match	1936	2461	1	1	Ribosomal_L35p	Ribosomal protein L35	GO:0003735;GO:0005840;GO:0006412	Ribosomal_S11	Ribosomal protein S11	GO:0003735;GO:0005840;GO:0006412
4739	fig|6666666.1036479.peg.2848	fig|6666666.1036479.peg.1308	0.8940146625041961	0.0034834702390796	Very Low	Medium	Very Low–Medium			0	no STRING match	no STRING match	1786	2532	1	1				DUF2490	Protein of unknown function (DUF2490)	
4770	fig|6666666.1036479.peg.3184	fig|6666666.1036479.peg.887	0.8938411593437194	0.0035062572357902	Very Low	Medium	Very Low–Medium			0	no STRING match	no STRING match	1947	2362	1	1						
4791	fig|6666666.1036479.peg.2536	fig|6666666.1036479.peg.881	0.8937377572059632	0.0035216935884006	Very Low	High	Very Low–High			0	no STRING match	no STRING match	1629	2356	1	1						
4821	fig|6666666.1036479.peg.889	fig|6666666.1036479.peg.1946	0.8936275184154511	0.0035437455207012	Low	Medium	Low–Medium			0	no STRING match	no STRING match	2364	2808	1	1						
4853	fig|6666666.1036479.peg.364	fig|6666666.1036479.peg.704	0.8934540748596191	0.0035672675818218	Low	Low	Low–Low			0	no STRING match	no STRING match	2137	2268	1	1	DUF6787	Family of unknown function (DUF6787)		DUF6095	Family of unknown function (DUF6095)	
4895	fig|6666666.1036479.peg.2545	fig|6666666.1036479.peg.652	0.8932658433914185	0.0035981402870426	Very Low	Very Low	Very Low–Very Low			0	no STRING match	no STRING match	1638	2249	7	1						
4934	fig|6666666.1036479.peg.1145	fig|6666666.1036479.peg.1150	0.8931625366210938	0.0036268077990333	Very Low	Very Low	Very Low–Very Low			0	no STRING match	no STRING match	2471	2476	1	1	Ribosomal_L5;Ribosomal_L5_C	Ribosomal protein L5; ribosomal L5P family C-terminus		Ribosomal_L16	Ribosomal protein L16p/L10e	
4936	fig|6666666.1036479.peg.236	fig|6666666.1036479.peg.1308	0.8931581377983093	0.0036282779278534	Very Low	Medium	Very Low–Medium			0	no STRING match	no STRING match	2086	2532	1	1				DUF2490	Protein of unknown function (DUF2490)	
4953	fig|6666666.1036479.peg.2536	fig|6666666.1036479.peg.652	0.8930708110332489	0.0036407740228237	Very Low	Very Low	Very Low–Very Low			0	no STRING match	no STRING match	1629	2249	1	1						
4969	fig|6666666.1036479.peg.2679	fig|6666666.1036479.peg.2754	0.8930043458938599	0.003652535053384	Medium	Very Low	Very Low–Medium			0	no STRING match	no STRING match	1705	1735	1	1						
4977	fig|6666666.1036479.peg.1140	fig|6666666.1036479.peg.1145	0.8929750204086304	0.0036584155686642	Very Low	Very Low	Very Low–Very Low			0	no STRING match	no STRING match	2466	2471	1	1	Ribosomal_S5;Ribosomal_S5_C	Ribosomal protein S5, N-terminal domain; Ribosomal protein S5, C-terminal domain	GO:0003723;GO:0003735;GO:0005840;GO:0006412	Ribosomal_L5;Ribosomal_L5_C	Ribosomal protein L5; ribosomal L5P family C-terminus	
4995	fig|6666666.1036479.peg.3167	fig|6666666.1036479.peg.1149	0.8928329288959503	0.0036716467280445	Very Low	Very Low	Very Low–Very Low			0	no STRING match	no STRING match	1936	2475	1	1	Ribosomal_L35p	Ribosomal protein L35	GO:0003735;GO:0005840;GO:0006412	Ribosomal_L29	Ribosomal L29 protein	GO:0003735;GO:0005840;GO:0006412
5137	fig|6666666.1036479.peg.3213	fig|6666666.1036479.peg.652	0.8920375764369964	0.0037760258742672	Very Low	Very Low	Very Low–Very Low			0	no STRING match	no STRING match	1967	2249	1	1						
5171	fig|6666666.1036479.peg.781	fig|6666666.1036479.peg.1416	0.8918573677539825	0.0038010180642078	Medium	Medium	Medium–Medium			0	no STRING match	no STRING match	2315	2595	1	1	DUF2752	Protein of unknown function (DUF2752)				
5200	fig|6666666.1036479.peg.1140	fig|6666666.1036479.peg.1150	0.8917175769805908	0.0038223349320984	Very Low	Very Low	Very Low–Very Low			0	no STRING match	no STRING match	2466	2476	1	1	Ribosomal_S5;Ribosomal_S5_C	Ribosomal protein S5, N-terminal domain; Ribosomal protein S5, C-terminal domain	GO:0003723;GO:0003735;GO:0005840;GO:0006412	Ribosomal_L16	Ribosomal protein L16p/L10e	
5377	fig|6666666.1036479.peg.2523	fig|6666666.1036479.peg.2679	0.8908860981464386	0.0039524413326717	Low	Medium	Low–Medium			0	no STRING match	no STRING match	1625	1705	1	1						
5423	fig|6666666.1036479.peg.2604	fig|6666666.1036479.peg.781	0.8906930387020111	0.0039862542955326	Low	Medium	Low–Medium			0	no STRING match	no STRING match	1669	2315	1	1				DUF2752	Protein of unknown function (DUF2752)	
5440	fig|6666666.1036479.peg.2754	fig|6666666.1036479.peg.1416	0.890640240907669	0.0039987503905029	Very Low	Medium	Very Low–Medium			0	no STRING match	no STRING match	1735	2595	1	1						
5464	fig|6666666.1036479.peg.2679	fig|6666666.1036479.peg.652	0.8905667662620544	0.0040163919363434	Medium	Very Low	Very Low–Medium			0	no STRING match	no STRING match	1705	2249	1	1						
5495	fig|6666666.1036479.peg.89	fig|6666666.1036479.peg.652	0.8904695034027099	0.004039178933054	Very Low	Very Low	Very Low–Very Low			0	no STRING match	no STRING match	2052	2249	1	1						
5557	fig|6666666.1036479.peg.89	fig|6666666.1036479.peg.1416	0.8902768194675446	0.0040847529264751	Very Low	Medium	Very Low–Medium			0	no STRING match	no STRING match	2052	2595	1	1						
5563	fig|6666666.1036479.peg.3213	fig|6666666.1036479.peg.2049	0.8902655482292176	0.0040891633129352	Very Low	Very Low	Very Low–Very Low			0	no STRING match	no STRING match	1967	2851	1	1						
5587	fig|6666666.1036479.peg.781	fig|6666666.1036479.peg.1339	0.8902039229869843	0.0041068048587757	Medium	Very Low	Very Low–Medium			0	no STRING match	no STRING match	2315	2550	1	1	DUF2752	Protein of unknown function (DUF2752)				
5588	fig|6666666.1036479.peg.364	fig|6666666.1036479.peg.369	0.8902004361152649	0.0041075399231857	Low	High	Low–High			0	no STRING match	no STRING match	2137	2138	1	1	DUF6787	Family of unknown function (DUF6787)				
5606	fig|6666666.1036479.peg.3213	fig|6666666.1036479.peg.89	0.8901018619537353	0.0041207710825661	Very Low	Very Low	Very Low–Very Low			0	no STRING match	no STRING match	1967	2052	1	1						
5632	fig|6666666.1036479.peg.781	fig|6666666.1036479.peg.1566	0.8899531245231629	0.0041398827572266	Medium	High	Medium–High			0	no STRING match	no STRING match	2315	2659	1	1	DUF2752	Protein of unknown function (DUF2752)				
5760	fig|6666666.1036479.peg.2920	fig|6666666.1036479.peg.2156	0.8892861843109131	0.004233971001709	Very Low	Very Low	Very Low–Very Low			0	no STRING match	no STRING match	1823	2906	1	1				EndoU_bacteria	Bacterial EndoU nuclease	GO:0004519
5864	fig|6666666.1036479.peg.2754	fig|6666666.1036479.peg.89	0.8887993097305298	0.0043104177003509	Very Low	Very Low	Very Low–Very Low			0	no STRING match	no STRING match	1735	2052	1	1						
5934	fig|6666666.1036479.peg.723	fig|6666666.1036479.peg.887	0.8886070013046264	0.0043618722090523	High	Medium	Medium–High			0	no STRING match	no STRING match	2281	2362	1	1						
5956	fig|6666666.1036479.peg.369	fig|6666666.1036479.peg.704	0.8884956359863281	0.0043780436260727	High	Low	Low–High			0	no STRING match	no STRING match	2138	2268	1	1				DUF6095	Family of unknown function (DUF6095)	
6018	fig|6666666.1036479.peg.1947	fig|6666666.1036479.peg.2156	0.8882157504558563	0.0044236176194939	Medium	Very Low	Very Low–Medium			0	no STRING match	no STRING match	2809	2906	1	1				EndoU_bacteria	Bacterial EndoU nuclease	GO:0004519
6044	fig|6666666.1036479.peg.2848	fig|6666666.1036479.peg.2156	0.8881065011024475	0.0044427292941544	Very Low	Very Low	Very Low–Very Low			0	no STRING match	no STRING match	1786	2906	1	1				EndoU_bacteria	Bacterial EndoU nuclease	GO:0004519
6107	fig|6666666.1036479.peg.236	fig|6666666.1036479.peg.2156	0.8877779185771942	0.0044890383519855	Very Low	Very Low	Very Low–Very Low			0	no STRING match	no STRING match	2086	2906	1	1				EndoU_bacteria	Bacterial EndoU nuclease	GO:0004519
6221	fig|6666666.1036479.peg.89	fig|6666666.1036479.peg.207	0.8872118711471557	0.0045728356947277	Very Low	Low	Very Low–Low			0	no STRING match	no STRING match	2052	2075	1	1				DUF8845	Domain of unknown function (DUF8845)	
6227	fig|6666666.1036479.peg.2920	fig|6666666.1036479.peg.236	0.8871881186962127	0.0045772460811878	Very Low	Very Low	Very Low–Very Low			0	no STRING match	no STRING match	1823	2086	1	1						
6235	fig|6666666.1036479.peg.1145	fig|6666666.1036479.peg.2307	0.8871397137641907	0.004583126596468	Very Low	Very Low	Very Low–Very Low			0	no STRING match	no STRING match	2471	2969	1	1	Ribosomal_L5;Ribosomal_L5_C	Ribosomal protein L5; ribosomal L5P family C-terminus		Ribosomal_L21p	Ribosomal prokaryotic L21 protein	GO:0005840
6270	fig|6666666.1036479.peg.2920	fig|6666666.1036479.peg.1947	0.8869664907455445	0.0046088538508186	Very Low	Medium	Very Low–Medium			0	no STRING match	no STRING match	1823	2809	1	1						
6279	fig|6666666.1036479.peg.236	fig|6666666.1036479.peg.1947	0.8869498312473297	0.0046154694305088	Very Low	Medium	Very Low–Medium			0	no STRING match	no STRING match	2086	2809	1	1						
6282	fig|6666666.1036479.peg.2754	fig|6666666.1036479.peg.1339	0.8869145333766937	0.0046176746237389	Very Low	Very Low	Very Low–Very Low			0	no STRING match	no STRING match	1735	2550	1	1						
6315	fig|6666666.1036479.peg.369	fig|6666666.1036479.peg.684	0.8867923438549041	0.0046419317492695	High	High	High–High			0	no STRING match	no STRING match	2138	2258	1	1						
6320	fig|6666666.1036479.peg.2848	fig|6666666.1036479.peg.236	0.8867649376392365	0.0046456070713196	Very Low	Very Low	Very Low–Very Low			0	no STRING match	no STRING match	1786	2086	1	1						
6334	fig|6666666.1036479.peg.3198	fig|6666666.1036479.peg.887	0.8866641223430634	0.0046558979730598	Very Low	Medium	Very Low–Medium			0	no STRING match	no STRING match	1960	2362	1	1						
6363	fig|6666666.1036479.peg.3180	fig|6666666.1036479.peg.726	0.8865521252155304	0.0046772148409504	Very Low	Very Low	Very Low–Very Low			0	no STRING match	no STRING match	1943	2284	2	1						
6371	fig|6666666.1036479.peg.1947	fig|6666666.1036479.peg.2093	0.8865116178989411	0.0046830953562305	Medium	Medium	Medium–Medium			0	no STRING match	no STRING match	2809	2872	1	1						
6443	fig|6666666.1036479.peg.2788	fig|6666666.1036479.peg.2848	0.886217576265335	0.0047360199937519	Medium	Very Low	Very Low–Medium			0	no STRING match	no STRING match	1752	1786	1	1						
6457	fig|6666666.1036479.peg.726	fig|6666666.1036479.peg.887	0.8861307859420776	0.0047463108954922	Very Low	Medium	Very Low–Medium			0	no STRING match	no STRING match	2284	2362	1	1						
6526	fig|6666666.1036479.peg.726	fig|6666666.1036479.peg.2049	0.8859145164489746	0.0047970303397835	Very Low	Very Low	Very Low–Very Low			0	no STRING match	no STRING match	2284	2851	1	1						
6575	fig|6666666.1036479.peg.207	fig|6666666.1036479.peg.369	0.885752409696579	0.0048330484958744	Low	High	Low–High			0	no STRING match	no STRING match	2075	2138	1	1	DUF8845	Domain of unknown function (DUF8845)				
6581	fig|6666666.1036479.peg.3198	fig|6666666.1036479.peg.723	0.8857257485389709	0.0048374588823345	Very Low	High	Very Low–High			0	no STRING match	no STRING match	1960	2281	1	1						
6662	fig|6666666.1036479.peg.3198	fig|6666666.1036479.peg.726	0.8853833615779877	0.004896999099546	Very Low	Very Low	Very Low–Very Low			0	no STRING match	no STRING match	1960	2284	1	1						
6752	fig|6666666.1036479.peg.2524	fig|6666666.1036479.peg.2532	0.8850257456302643	0.0049631548964478	Low	Low	Low–Low			0	no STRING match	no STRING match	1626	1627	1	4						
6788	fig|6666666.1036479.peg.1140	fig|6666666.1036479.peg.2307	0.8848927259445191	0.0049896172152084	Very Low	Very Low	Very Low–Very Low			0	no STRING match	no STRING match	2466	2969	1	1	Ribosomal_S5;Ribosomal_S5_C	Ribosomal protein S5, N-terminal domain; Ribosomal protein S5, C-terminal domain	GO:0003723;GO:0003735;GO:0005840;GO:0006412	Ribosomal_L21p	Ribosomal prokaryotic L21 protein	GO:0005840
6814	fig|6666666.1036479.peg.1134	fig|6666666.1036479.peg.2307	0.8848132729530335	0.0050087288898689	Very Low	Very Low	Very Low–Very Low			0	no STRING match	no STRING match	2461	2969	1	1	Ribosomal_S11	Ribosomal protein S11	GO:0003735;GO:0005840;GO:0006412	Ribosomal_L21p	Ribosomal prokaryotic L21 protein	GO:0005840
6825	fig|6666666.1036479.peg.1134	fig|6666666.1036479.peg.1149	0.8847647488117218	0.0050168145983791	Very Low	Very Low	Very Low–Very Low			0	no STRING match	no STRING match	2461	2475	1	1	Ribosomal_S11	Ribosomal protein S11	GO:0003735;GO:0005840;GO:0006412	Ribosomal_L29	Ribosomal L29 protein	GO:0003735;GO:0005840;GO:0006412
6968	fig|6666666.1036479.peg.2848	fig|6666666.1036479.peg.2920	0.8841831743717193	0.0051219288090118	Very Low	Very Low	Very Low–Very Low			0	no STRING match	no STRING match	1786	1823	1	1						
7036	fig|6666666.1036479.peg.704	fig|6666666.1036479.peg.1331	0.8840152680873871	0.0051719131888931	Low	Low	Low–Low			0	no STRING match	no STRING match	2268	2548	1	1	DUF6095	Family of unknown function (DUF6095)		2TM	2TM domain	
7102	fig|6666666.1036479.peg.3180	fig|6666666.1036479.peg.723	0.8837398052215576	0.0052204274399544	Very Low	High	Very Low–High			0	no STRING match	no STRING match	1943	2281	2	1						
7114	fig|6666666.1036479.peg.2920	fig|6666666.1036479.peg.3191	0.8836804747581481	0.0052292482128746	Very Low	Medium	Very Low–Medium			0	no STRING match	no STRING match	1823	1954	1	1						
7196	fig|6666666.1036479.peg.2042	fig|6666666.1036479.peg.2348	0.8833907425403595	0.0052895234944962	High	High	High–High			0	no STRING match	no STRING match	2850	2991	1	1	DUF6341	Family of unknown function (DUF6341)		DUF6660	Family of unknown function (DUF6660)	
7266	fig|6666666.1036479.peg.1161	fig|6666666.1036479.peg.2307	0.8831649661064148	0.0053409780031975	Very Low	Very Low	Very Low–Very Low			0	no STRING match	no STRING match	2482	2969	1	1	Ribosom_S12_S23	Ribosomal protein S12/S23	GO:0003735;GO:0005840;GO:0006412	Ribosomal_L21p	Ribosomal prokaryotic L21 protein	GO:0005840
7299	fig|6666666.1036479.peg.1145	fig|6666666.1036479.peg.2414	0.8830607533454895	0.0053652351287281	Very Low	Very Low	Very Low–Very Low			0	no STRING match	no STRING match	2471	3014	1	1	Ribosomal_L5;Ribosomal_L5_C	Ribosomal protein L5; ribosomal L5P family C-terminus		Ribosomal_S9	Ribosomal protein S9/S16	GO:0003735;GO:0005840;GO:0006412
7344	fig|6666666.1036479.peg.1150	fig|6666666.1036479.peg.2414	0.8828875243663787	0.005398313027179	Very Low	Very Low	Very Low–Very Low			0	no STRING match	no STRING match	2476	3014	1	1	Ribosomal_L16	Ribosomal protein L16p/L10e		Ribosomal_S9	Ribosomal protein S9/S16	GO:0003735;GO:0005840;GO:0006412
7347	fig|6666666.1036479.peg.3180	fig|6666666.1036479.peg.3198	0.8828803896903992	0.005400518220409	Very Low	Very Low	Very Low–Very Low			0	no STRING match	no STRING match	1943	1960	2	1						
7437	fig|6666666.1036479.peg.453	fig|6666666.1036479.peg.2049	0.8826403439044952	0.0054666740173107	Very Low	Very Low	Very Low–Very Low			0	no STRING match	no STRING match	2166	2851	1	1						
7495	fig|6666666.1036479.peg.2604	fig|6666666.1036479.peg.1339	0.8824904561042786	0.0055093077530918	Low	Very Low	Very Low–Low			0	no STRING match	no STRING match	1669	2550	1	1						
7580	fig|6666666.1036479.peg.364	fig|6666666.1036479.peg.684	0.8821392595767975	0.0055717882279434	Low	High	Low–High			0	no STRING match	no STRING match	2137	2258	1	1	DUF6787	Family of unknown function (DUF6787)				
7649	fig|6666666.1036479.peg.2571	fig|6666666.1036479.peg.723	0.8819266200065613	0.0056225076722347	Medium	High	Medium–High			0	no STRING match	no STRING match	1659	2281	1	1						
7718	fig|6666666.1036479.peg.2571	fig|6666666.1036479.peg.3198	0.8816916942596436	0.005673227116526	Medium	Very Low	Very Low–Medium			0	no STRING match	no STRING match	1659	1960	1	1						
7757	fig|6666666.1036479.peg.1140	fig|6666666.1036479.peg.2414	0.8815886795520782	0.0057018946285168	Very Low	Very Low	Very Low–Very Low			0	no STRING match	no STRING match	2466	3014	1	1	Ribosomal_S5;Ribosomal_S5_C	Ribosomal protein S5, N-terminal domain; Ribosomal protein S5, C-terminal domain	GO:0003723;GO:0003735;GO:0005840;GO:0006412	Ribosomal_S9	Ribosomal protein S9/S16	GO:0003735;GO:0005840;GO:0006412
7774	fig|6666666.1036479.peg.2973	fig|6666666.1036479.peg.364	0.881537264585495	0.0057143907234871	Low	Low	Low–Low			0	no STRING match	no STRING match	1854	2137	1	1	MamF_MmsF	Magnetosome magnetite crystal formation protein family		DUF6787	Family of unknown function (DUF6787)	
7841	fig|6666666.1036479.peg.2973	fig|6666666.1036479.peg.704	0.8812772154808044	0.0057636400389584	Low	Low	Low–Low			0	no STRING match	no STRING match	1854	2268	1	1	MamF_MmsF	Magnetosome magnetite crystal formation protein family		DUF6095	Family of unknown function (DUF6095)	
7899	fig|6666666.1036479.peg.3180	fig|6666666.1036479.peg.2049	0.8811185002326966	0.0058062737747395	Very Low	Very Low	Very Low–Very Low			0	no STRING match	no STRING match	1943	2851	2	1						
7918	fig|6666666.1036479.peg.1140	fig|6666666.1036479.peg.1161	0.8810668230056763	0.0058202399985298	Very Low	Very Low	Very Low–Very Low			0	no STRING match	no STRING match	2466	2482	1	1	Ribosomal_S5;Ribosomal_S5_C	Ribosomal protein S5, N-terminal domain; Ribosomal protein S5, C-terminal domain	GO:0003723;GO:0003735;GO:0005840;GO:0006412	Ribosom_S12_S23	Ribosomal protein S12/S23	GO:0003735;GO:0005840;GO:0006412
7922	fig|6666666.1036479.peg.1134	fig|6666666.1036479.peg.1145	0.8810575604438782	0.0058231802561699	Very Low	Very Low	Very Low–Very Low			0	no STRING match	no STRING match	2461	2471	1	1	Ribosomal_S11	Ribosomal protein S11	GO:0003735;GO:0005840;GO:0006412	Ribosomal_L5;Ribosomal_L5_C	Ribosomal protein L5; ribosomal L5P family C-terminus	
7926	fig|6666666.1036479.peg.1331	fig|6666666.1036479.peg.2042	0.8810454130172729	0.00582612051381	Low	High	Low–High			0	no STRING match	no STRING match	2548	2850	1	1	2TM	2TM domain		DUF6341	Family of unknown function (DUF6341)	
7945	fig|6666666.1036479.peg.2788	fig|6666666.1036479.peg.2042	0.8809937179088593	0.0058400867376003	Medium	High	Medium–High			0	no STRING match	no STRING match	1752	2850	1	1				DUF6341	Family of unknown function (DUF6341)	
7951	fig|6666666.1036479.peg.723	fig|6666666.1036479.peg.1331	0.8809665679931641	0.0058444971240604	High	Low	Low–High			0	no STRING match	no STRING match	2281	2548	1	1				2TM	2TM domain	
8051	fig|6666666.1036479.peg.2814	fig|6666666.1036479.peg.2049	0.8806729257106781	0.0059180035650623	Very Low	Very Low	Very Low–Very Low			0	no STRING match	no STRING match	1765	2851	1	1	ExsA_N	ExsA N-terminal regulatory domain				
8059	fig|6666666.1036479.peg.1147	fig|6666666.1036479.peg.1150	0.8806541502475739	0.0059238840803425	Very Low	Very Low	Very Low–Very Low			0	no STRING match	no STRING match	2473	2476	1	1	Ribosomal_L14	Ribosomal protein L14p/L23e	GO:0003735;GO:0005840;GO:0006412	Ribosomal_L16	Ribosomal protein L16p/L10e	
8069	fig|6666666.1036479.peg.2604	fig|6666666.1036479.peg.1566	0.8805945873260498	0.0059312347244427	Low	High	Low–High			0	no STRING match	no STRING match	1669	2659	1	1						
8100	fig|6666666.1036479.peg.1339	fig|6666666.1036479.peg.1566	0.8804747879505157	0.0059540217211533	Very Low	High	Very Low–High			0	no STRING match	no STRING match	2550	2659	1	1						
8162	fig|6666666.1036479.peg.207	fig|6666666.1036479.peg.684	0.880267208814621	0.0059995957145744	Low	High	Low–High			0	no STRING match	no STRING match	2075	2258	1	1	DUF8845	Domain of unknown function (DUF8845)				
8442	fig|6666666.1036479.peg.2969	fig|6666666.1036479.peg.453	0.8794010698795318	0.0062054137493797	Very Low	Very Low	Very Low–Very Low			0	no STRING match	no STRING match	1851	2166	1	1						
8444	fig|6666666.1036479.peg.207	fig|6666666.1036479.peg.1566	0.8793883621692657	0.0062068838781998	Low	High	Low–High			0	no STRING match	no STRING match	2075	2659	1	1	DUF8845	Domain of unknown function (DUF8845)				
8474	fig|6666666.1036479.peg.2604	fig|6666666.1036479.peg.207	0.8792662680149078	0.0062289358105003	Low	Low	Low–Low			0	no STRING match	no STRING match	1669	2075	1	1				DUF8845	Domain of unknown function (DUF8845)	
8475	fig|6666666.1036479.peg.1150	fig|6666666.1036479.peg.1161	0.8792630016803742	0.0062296708749104	Very Low	Very Low	Very Low–Very Low			0	no STRING match	no STRING match	2476	2482	1	1	Ribosomal_L16	Ribosomal protein L16p/L10e		Ribosom_S12_S23	Ribosomal protein S12/S23	GO:0003735;GO:0005840;GO:0006412
8481	fig|6666666.1036479.peg.3079	fig|6666666.1036479.peg.687	0.8792436957359314	0.0062340812613705	Very Low	Very Low	Very Low–Very Low			0	no STRING match	no STRING match	1902	2260	1	1						
8484	fig|6666666.1036479.peg.2788	fig|6666666.1036479.peg.721	0.8792226195335389	0.0062362864546005	Medium	High	Medium–High		Yd repeat protein; COG3209 Rhs family protein.	0	no STRING match	secondary STRING hit (STRING protein assigned to a better match)	1752	2279	1	1				Peptidase_M91	Effector protein	
8579	fig|6666666.1036479.peg.1331	fig|6666666.1036479.peg.2348	0.8789996802806854	0.0063061175735523	Low	High	Low–High			0	no STRING match	no STRING match	2548	2991	1	1	2TM	2TM domain		DUF6660	Family of unknown function (DUF6660)	
8703	fig|6666666.1036479.peg.2504	fig|6666666.1036479.peg.2532	0.8785457074642181	0.0063972655603947	Very Low	Low	Very Low–Low			0	no STRING match	no STRING match	1611	1627	1	4						
8714	fig|6666666.1036479.peg.702	fig|6666666.1036479.peg.2348	0.878500086069107	0.0064053512689049	Medium	High	Medium–High			0	no STRING match	no STRING match	2266	2991	1	1				DUF6660	Family of unknown function (DUF6660)	
8718	fig|6666666.1036479.peg.2571	fig|6666666.1036479.peg.3180	0.8784752130508423	0.006408291526545	Medium	Very Low	Very Low–Medium			0	no STRING match	no STRING match	1659	1943	1	2						
8721	fig|6666666.1036479.peg.3079	fig|6666666.1036479.peg.453	0.8784645617008209	0.006410496719775	Very Low	Very Low	Very Low–Very Low			0	no STRING match	no STRING match	1902	2166	1	1						
8787	fig|6666666.1036479.peg.1149	fig|6666666.1036479.peg.1161	0.8782556593418122	0.0064590109708363	Very Low	Very Low	Very Low–Very Low			0	no STRING match	no STRING match	2475	2482	1	1	Ribosomal_L29	Ribosomal L29 protein	GO:0003735;GO:0005840;GO:0006412	Ribosom_S12_S23	Ribosomal protein S12/S23	GO:0003735;GO:0005840;GO:0006412
8832	fig|6666666.1036479.peg.2093	fig|6666666.1036479.peg.2348	0.8780625700950623	0.0064920888692871	Medium	High	Medium–High			0	no STRING match	no STRING match	2872	2991	1	1				DUF6660	Family of unknown function (DUF6660)	
8845	fig|6666666.1036479.peg.1543	fig|6666666.1036479.peg.2348	0.8780292689800262	0.0065016447066174	Medium	High	Medium–High			0	no STRING match	no STRING match	2644	2991	1	1				DUF6660	Family of unknown function (DUF6660)	
8852	fig|6666666.1036479.peg.2540	fig|6666666.1036479.peg.1339	0.8779999494552613	0.0065067901574875	Medium	Very Low	Very Low–Medium			0	no STRING match	no STRING match	1633	2550	1	1						
8901	fig|6666666.1036479.peg.1134	fig|6666666.1036479.peg.1161	0.877834701538086	0.0065428083135784	Very Low	Very Low	Very Low–Very Low			0	no STRING match	no STRING match	2461	2482	1	1	Ribosomal_S11	Ribosomal protein S11	GO:0003735;GO:0005840;GO:0006412	Ribosom_S12_S23	Ribosomal protein S12/S23	GO:0003735;GO:0005840;GO:0006412
8937	fig|6666666.1036479.peg.2504	fig|6666666.1036479.peg.2524	0.8777358949184417	0.0065692706323391	Very Low	Low	Very Low–Low			0	no STRING match	no STRING match	1611	1626	1	1						
9117	fig|6666666.1036479.peg.2532	fig|6666666.1036479.peg.736	0.8773886561393738	0.0067015822261425	Low	Very Low	Very Low–Low			0	no STRING match	no STRING match	1627	2294	4	1						
9162	fig|6666666.1036479.peg.2969	fig|6666666.1036479.peg.3079	0.8772419035434723	0.0067346601245934	Very Low	Very Low	Very Low–Very Low			0	no STRING match	no STRING match	1851	1902	1	1						
9163	fig|6666666.1036479.peg.3178	fig|6666666.1036479.peg.875	0.8772404968738556	0.0067353951890034	Very Low	Very Low	Very Low–Very Low			0	no STRING match	no STRING match	1941	2352	1	3						
9214	fig|6666666.1036479.peg.3079	fig|6666666.1036479.peg.875	0.8770505547523498	0.0067728834739144	Very Low	Very Low	Very Low–Very Low			0	no STRING match	no STRING match	1902	2352	1	3						
9233	fig|6666666.1036479.peg.2604	fig|6666666.1036479.peg.687	0.8769931197166443	0.0067868496977047	Low	Very Low	Very Low–Low			0	no STRING match	no STRING match	1669	2260	1	1						
9248	fig|6666666.1036479.peg.3079	fig|6666666.1036479.peg.3178	0.8769372940063477	0.006797875663855	Very Low	Very Low	Very Low–Very Low			0	no STRING match	no STRING match	1902	1941	1	1						
9263	fig|6666666.1036479.peg.2788	fig|6666666.1036479.peg.2093	0.876903873682022	0.0068089016300053	Medium	Medium	Medium–Medium			0	no STRING match	no STRING match	1752	2872	1	1						
9278	fig|6666666.1036479.peg.453	fig|6666666.1036479.peg.687	0.8768697738647461	0.0068199275961556	Very Low	Very Low	Very Low–Very Low			0	no STRING match	no STRING match	2166	2260	1	1						
9364	fig|6666666.1036479.peg.2814	fig|6666666.1036479.peg.453	0.8765443384647369	0.0068831431354172	Very Low	Very Low	Very Low–Very Low			0	no STRING match	no STRING match	1765	2166	1	1	ExsA_N	ExsA N-terminal regulatory domain				
9390	fig|6666666.1036479.peg.702	fig|6666666.1036479.peg.2042	0.8764484703540802	0.0069022548100777	Medium	High	Medium–High			0	no STRING match	no STRING match	2266	2850	1	1				DUF6341	Family of unknown function (DUF6341)	
9427	fig|6666666.1036479.peg.2571	fig|6666666.1036479.peg.885	0.8763262629508972	0.0069294521932484	Medium	Medium	Medium–Medium			0	no STRING match	no STRING match	1659	2360	1	1						
9447	fig|6666666.1036479.peg.2788	fig|6666666.1036479.peg.702	0.8762386381626129	0.0069441534814488	Medium	Medium	Medium–Medium			0	no STRING match	no STRING match	1752	2266	1	1						
9494	fig|6666666.1036479.peg.2969	fig|6666666.1036479.peg.687	0.8760728657245636	0.0069787015087197	Very Low	Very Low	Very Low–Very Low			0	no STRING match	no STRING match	1851	2260	1	1						
9554	fig|6666666.1036479.peg.702	fig|6666666.1036479.peg.2093	0.8759069085121155	0.0070228053733208	Medium	Medium	Medium–Medium			0	no STRING match	no STRING match	2266	2872	1	1						
9563	fig|6666666.1036479.peg.3191	fig|6666666.1036479.peg.2093	0.8758806705474853	0.007029420953011	Medium	Medium	Medium–Medium			0	no STRING match	no STRING match	1954	2872	1	1						
9670	fig|6666666.1036479.peg.702	fig|6666666.1036479.peg.1331	0.8756039500236511	0.007108072844883	Medium	Low	Low–Medium			0	no STRING match	no STRING match	2266	2548	1	1				2TM	2TM domain	
9747	fig|6666666.1036479.peg.2571	fig|6666666.1036479.peg.1002	0.8754124641418457	0.0071646728044544	Medium	Medium	Medium–Medium			0	no STRING match	no STRING match	1659	2399	1	1						
9914	fig|6666666.1036479.peg.3191	fig|6666666.1036479.peg.721	0.8749794960021973	0.0072874285609276	Medium	High	Medium–High		Yd repeat protein; COG3209 Rhs family protein.	0	no STRING match	secondary STRING hit (STRING protein assigned to a better match)	1954	2279	1	1				Peptidase_M91	Effector protein	
9981	fig|6666666.1036479.peg.2866	fig|6666666.1036479.peg.1149	0.874802190065384	0.0073366778763989	Very Low	Very Low	Very Low–Very Low			0	no STRING match	no STRING match	1798	2475	1	1	Ribosomal_L19	Ribosomal protein L19	GO:0003735;GO:0005840;GO:0006412	Ribosomal_L29	Ribosomal L29 protein	GO:0003735;GO:0005840;GO:0006412
9994	fig|6666666.1036479.peg.687	fig|6666666.1036479.peg.875	0.8747898459434509	0.0073462337137291	Very Low	Very Low	Very Low–Very Low			0	no STRING match	no STRING match	2260	2352	1	3						
9997	fig|6666666.1036479.peg.2814	fig|6666666.1036479.peg.2969	0.8747898221015931	0.0073484389069592	Very Low	Very Low	Very Low–Very Low			0	no STRING match	no STRING match	1765	1851	1	1	ExsA_N	ExsA N-terminal regulatory domain				
10007	fig|6666666.1036479.peg.3191	fig|6666666.1036479.peg.903	0.8747442543506623	0.0073557895510594	Medium	Medium	Medium–Medium			0	no STRING match	no STRING match	1954	2371	1	1						
10528	fig|6666666.1036479.peg.2532	fig|6666666.1036479.peg.875	0.8731818795204163	0.0077387581086792	Low	Very Low	Very Low–Low			0	no STRING match	no STRING match	1627	2352	4	3						
10555	fig|6666666.1036479.peg.3191	fig|6666666.1036479.peg.2383	0.8731309115886688	0.0077586048477497	Medium	Very Low	Very Low–Medium		Hypothetical protein.	0	no STRING match	secondary STRING hit (STRING protein assigned to a better match)	1954	2997	1	1						
10680	fig|6666666.1036479.peg.885	fig|6666666.1036479.peg.1002	0.872781103849411	0.0078504878990021	Medium	Medium	Medium–Medium			0	no STRING match	no STRING match	2360	2399	1	1						
10849	fig|6666666.1036479.peg.471	fig|6666666.1036479.peg.1566	0.872298640012741	0.0079747137842953	Low	High	Low–High			0	no STRING match	no STRING match	2174	2659	1	1						
10964	fig|6666666.1036479.peg.2600	fig|6666666.1036479.peg.2814	0.8719796657562255	0.0080592461914475	Very Low	Very Low	Very Low–Very Low			0	no STRING match	no STRING match	1667	1765	1	1				ExsA_N	ExsA N-terminal regulatory domain	
10987	fig|6666666.1036479.peg.885	fig|6666666.1036479.peg.1617	0.8719224274158478	0.0080761526728779	Medium	Low	Low–Medium			0	no STRING match	no STRING match	2360	2688	1	2						
11264	fig|6666666.1036479.peg.2600	fig|6666666.1036479.peg.2969	0.8712170600891114	0.0082797655144532	Very Low	Very Low	Very Low–Very Low			0	no STRING match	no STRING match	1667	1851	1	1						
11533	fig|6666666.1036479.peg.1002	fig|6666666.1036479.peg.1617	0.8705489754676818	0.0084774978407482	Medium	Low	Low–Medium			0	no STRING match	no STRING match	2399	2688	1	2						
11577	fig|6666666.1036479.peg.2600	fig|6666666.1036479.peg.684	0.8704370796680451	0.0085098406747891	Very Low	High	Very Low–High			0	no STRING match	no STRING match	1667	2258	1	1						
11667	fig|6666666.1036479.peg.885	fig|6666666.1036479.peg.1355	0.870180881023407	0.0085759964716908	Medium	Medium	Medium–Medium			0	no STRING match	no STRING match	2360	2564	1	1						
11759	fig|6666666.1036479.peg.3000	fig|6666666.1036479.peg.1142	0.8699610888957977	0.0086436223974125	Very Low	Very Low	Very Low–Very Low			0	no STRING match	no STRING match	1863	2468	1	1	EFP_N;EFP;Elong-fact-P_C	Elongation factor P (EF-P) KOW-like domain; Elongation factor P (EF-P) OB domain; Elongation factor P, C-terminal	GO:0003746;GO:0005737;GO:0006414;GO:0043043	Ribosomal_L6;Ribosomal_L6	Ribosomal protein L6	GO:0003735;GO:0005840;GO:0006412;GO:0019843
11855	fig|6666666.1036479.peg.2814	fig|6666666.1036479.peg.684	0.8697032451629638	0.0087141885807743	Very Low	High	Very Low–High			0	no STRING match	no STRING match	1765	2258	1	1	ExsA_N	ExsA N-terminal regulatory domain				
11900	fig|6666666.1036479.peg.721	fig|6666666.1036479.peg.903	0.8696058809757232	0.0087472664792252	High	Medium	Medium–High	Yd repeat protein; COG3209 Rhs family protein.		0	secondary STRING hit (STRING protein assigned to a better match)	no STRING match	2279	2371	1	1	Peptidase_M91	Effector protein				
12107	fig|6666666.1036479.peg.2540	fig|6666666.1036479.peg.736	0.8690945982933045	0.0088994248120991	Medium	Very Low	Very Low–Medium			0	no STRING match	no STRING match	1633	2294	1	1						
12225	fig|6666666.1036479.peg.885	fig|6666666.1036479.peg.2327	0.8688449442386628	0.0089861624124813	Medium	Medium	Medium–Medium			0	no STRING match	no STRING match	2360	2982	1	1						
12249	fig|6666666.1036479.peg.2414	fig|6666666.1036479.peg.2415	0.868779969215393	0.0090038039583218	Very Low	Very Low	Very Low–Very Low			0	no STRING match	no STRING match	3014	3015	1	1	Ribosomal_S9	Ribosomal protein S9/S16	GO:0003735;GO:0005840;GO:0006412	Ribosomal_L13	Ribosomal protein L13	GO:0003735;GO:0005840;GO:0006412
12262	fig|6666666.1036479.peg.1002	fig|6666666.1036479.peg.1355	0.8687549471855164	0.009013359795652	Medium	Medium	Medium–Medium			0	no STRING match	no STRING match	2399	2564	1	1						
12385	fig|6666666.1036479.peg.1142	fig|6666666.1036479.peg.2414	0.8684859931468963	0.0091037727180844	Very Low	Very Low	Very Low–Very Low			0	no STRING match	no STRING match	2468	3014	1	1	Ribosomal_L6;Ribosomal_L6	Ribosomal protein L6	GO:0003735;GO:0005840;GO:0006412;GO:0019843	Ribosomal_S9	Ribosomal protein S9/S16	GO:0003735;GO:0005840;GO:0006412
12428	fig|6666666.1036479.peg.2703	fig|6666666.1036479.peg.875	0.8683887422084808	0.0091353804877152	Very Low	Very Low	Very Low–Very Low			0	no STRING match	no STRING match	1717	2352	1	3						
12432	fig|6666666.1036479.peg.3188	fig|6666666.1036479.peg.2383	0.8683860063552856	0.0091383207453553	Medium	Very Low	Very Low–Medium		Hypothetical protein.	0	no STRING match	secondary STRING hit (STRING protein assigned to a better match)	1951	2997	1	1						
12458	fig|6666666.1036479.peg.2524	fig|6666666.1036479.peg.736	0.8683158397674561	0.0091574324200158	Low	Very Low	Very Low–Low			0	no STRING match	no STRING match	1626	2294	1	1						
12459	fig|6666666.1036479.peg.2703	fig|6666666.1036479.peg.3178	0.8683092713356018	0.0091581674844258	Very Low	Very Low	Very Low–Very Low			0	no STRING match	no STRING match	1717	1941	1	1						
12506	fig|6666666.1036479.peg.2660	fig|6666666.1036479.peg.3178	0.8681767463684082	0.0091927155116967	Very Low	Very Low	Very Low–Very Low			0	no STRING match	no STRING match	1700	1941	1	1						
12619	fig|6666666.1036479.peg.1355	fig|6666666.1036479.peg.1617	0.8679259955883026	0.0092757777900288	Medium	Low	Low–Medium			0	no STRING match	no STRING match	2564	2688	1	2						
12627	fig|6666666.1036479.peg.2936	fig|6666666.1036479.peg.725	0.8679040908813477	0.009281658305309	Very Low	Very Low	Very Low–Very Low			0	no STRING match	no STRING match	1836	2283	1	1	DUF2795	Protein of unknown function (DUF2795)				
12638	fig|6666666.1036479.peg.1002	fig|6666666.1036479.peg.2327	0.8678812742233276	0.0092897440138192	Medium	Medium	Medium–Medium			0	no STRING match	no STRING match	2399	2982	1	1						
12699	fig|6666666.1036479.peg.2600	fig|6666666.1036479.peg.2768	0.8677197813987731	0.0093345829428303	Very Low	Very Low	Very Low–Very Low			0	no STRING match	no STRING match	1667	1744	1	1						
12739	fig|6666666.1036479.peg.721	fig|6666666.1036479.peg.2383	0.8676288187503814	0.0093639855192311	High	Very Low	Very Low–High	Yd repeat protein; COG3209 Rhs family protein.	Hypothetical protein.	0	secondary STRING hit (STRING protein assigned to a better match)	secondary STRING hit (STRING protein assigned to a better match)	2279	2997	1	1	Peptidase_M91	Effector protein				
12791	fig|6666666.1036479.peg.3188	fig|6666666.1036479.peg.903	0.8675131559371948	0.0094022088685521	Medium	Medium	Medium–Medium			0	no STRING match	no STRING match	1951	2371	1	1						
12812	fig|6666666.1036479.peg.3188	fig|6666666.1036479.peg.2327	0.8674731969833374	0.0094176452211625	Medium	Medium	Medium–Medium			0	no STRING match	no STRING match	1951	2982	1	1						
12834	fig|6666666.1036479.peg.903	fig|6666666.1036479.peg.2383	0.8673994719982148	0.0094338166381829	Medium	Very Low	Very Low–Medium		Hypothetical protein.	0	no STRING match	secondary STRING hit (STRING protein assigned to a better match)	2371	2997	1	1						
12961	fig|6666666.1036479.peg.903	fig|6666666.1036479.peg.1657	0.8671498000621796	0.0095271698182553	Medium	Medium	Medium–Medium			0	no STRING match	no STRING match	2371	2707	1	1						
13025	fig|6666666.1036479.peg.2600	fig|6666666.1036479.peg.2278	0.8669806003570557	0.0095742139404965	Very Low	Low	Very Low–Low			0	no STRING match	no STRING match	1667	2957	1	1						
13165	fig|6666666.1036479.peg.3188	fig|6666666.1036479.peg.1657	0.8667355716228485	0.0096771229578991	Medium	Medium	Medium–Medium			0	no STRING match	no STRING match	1951	2707	1	1						
13209	fig|6666666.1036479.peg.1617	fig|6666666.1036479.peg.2327	0.8666337907314301	0.00970946579194	Low	Medium	Low–Medium			0	no STRING match	no STRING match	2688	2982	2	1						
13259	fig|6666666.1036479.peg.3188	fig|6666666.1036479.peg.1543	0.8665560901165008	0.0097462190124409	Medium	Medium	Medium–Medium			0	no STRING match	no STRING match	1951	2644	1	1						
13292	fig|6666666.1036479.peg.877	fig|6666666.1036479.peg.2099	0.8664649546146392	0.0097704761379715	Very Low	Low	Very Low–Low			0	no STRING match	no STRING match	2353	2876	1	1						
13374	fig|6666666.1036479.peg.1142	fig|6666666.1036479.peg.2415	0.866309767961502	0.0098307514195931	Very Low	Very Low	Very Low–Very Low			0	no STRING match	no STRING match	2468	3015	1	1	Ribosomal_L6;Ribosomal_L6	Ribosomal protein L6	GO:0003735;GO:0005840;GO:0006412;GO:0019843	Ribosomal_L13	Ribosomal protein L13	GO:0003735;GO:0005840;GO:0006412
13460	fig|6666666.1036479.peg.3178	fig|6666666.1036479.peg.1986	0.866104257106781	0.0098939669588547	Very Low	Medium	Very Low–Medium			0	no STRING match	no STRING match	1941	2835	1	1						
13703	fig|6666666.1036479.peg.2768	fig|6666666.1036479.peg.2278	0.8655980288982391	0.0100725876104893	Very Low	Low	Very Low–Low			0	no STRING match	no STRING match	1744	2957	1	1						
13775	fig|6666666.1036479.peg.719	fig|6666666.1036479.peg.721	0.8654437899589539	0.0101255122480107	Medium	High	Medium–High		Yd repeat protein; COG3209 Rhs family protein.	0	no STRING match	secondary STRING hit (STRING protein assigned to a better match)	2277	2279	1	1				Peptidase_M91	Effector protein	
13814	fig|6666666.1036479.peg.1543	fig|6666666.1036479.peg.2327	0.8653457701206207	0.0101541797600014	Medium	Medium	Medium–Medium			0	no STRING match	no STRING match	2644	2982	1	1						
14045	fig|6666666.1036479.peg.1657	fig|6666666.1036479.peg.2383	0.864827823638916	0.0103239796387158	Medium	Very Low	Very Low–Medium		Hypothetical protein.	0	no STRING match	secondary STRING hit (STRING protein assigned to a better match)	2707	2997	1	1						
14574	fig|6666666.1036479.peg.3000	fig|6666666.1036479.peg.2415	0.8638630211353302	0.0107128287116158	Very Low	Very Low	Very Low–Very Low			0	no STRING match	no STRING match	1863	3015	1	1	EFP_N;EFP;Elong-fact-P_C	Elongation factor P (EF-P) KOW-like domain; Elongation factor P (EF-P) OB domain; Elongation factor P, C-terminal	GO:0003746;GO:0005737;GO:0006414;GO:0043043	Ribosomal_L13	Ribosomal protein L13	GO:0003735;GO:0005840;GO:0006412
14650	fig|6666666.1036479.peg.2768	fig|6666666.1036479.peg.3078	0.8637085497379303	0.0107686936067772	Very Low	Medium	Very Low–Medium			0	no STRING match	no STRING match	1744	1901	1	1						
14665	fig|6666666.1036479.peg.2768	fig|6666666.1036479.peg.2987	0.8636526644229889	0.0107797195729275	Very Low	Very Low	Very Low–Very Low			0	no STRING match	no STRING match	1744	1858	1	1						
14805	fig|6666666.1036479.peg.2703	fig|6666666.1036479.peg.2768	0.863400012254715	0.0108826285903302	Very Low	Very Low	Very Low–Very Low			0	no STRING match	no STRING match	1717	1744	1	1						
14832	fig|6666666.1036479.peg.2660	fig|6666666.1036479.peg.2703	0.8633278906345367	0.0109024753294007	Very Low	Very Low	Very Low–Very Low			0	no STRING match	no STRING match	1700	1717	1	1						
14866	fig|6666666.1036479.peg.2540	fig|6666666.1036479.peg.471	0.863239324092865	0.0109274675193413	Medium	Low	Low–Medium			0	no STRING match	no STRING match	1633	2174	1	1						
14962	fig|6666666.1036479.peg.2504	fig|6666666.1036479.peg.736	0.8629928469657898	0.0109980337027031	Very Low	Very Low	Very Low–Very Low			0	no STRING match	no STRING match	1611	2294	1	1						
15060	fig|6666666.1036479.peg.2517	fig|6666666.1036479.peg.2524	0.8628046154975891	0.011070070014885	Medium	Low	Low–Medium			0	no STRING match	no STRING match	1622	1626	1	1						
15106	fig|6666666.1036479.peg.2517	fig|6666666.1036479.peg.1986	0.8627368152141571	0.0111038829777459	Medium	Medium	Medium–Medium			0	no STRING match	no STRING match	1622	2835	1	1						
15138	fig|6666666.1036479.peg.725	fig|6666666.1036479.peg.1934	0.8626528799533844	0.0111274050388665	Very Low	Low	Very Low–Low			0	no STRING match	no STRING match	2283	2801	1	1						
15144	fig|6666666.1036479.peg.1657	fig|6666666.1036479.peg.1913	0.8626457929611206	0.0111318154253266	Medium	Very Low	Very Low–Medium			0	no STRING match	no STRING match	2707	2793	1	1						
15167	fig|6666666.1036479.peg.1543	fig|6666666.1036479.peg.1617	0.8625674545764923	0.011148721906757	Medium	Low	Low–Medium			0	no STRING match	no STRING match	2644	2688	1	2						
15261	fig|6666666.1036479.peg.316	fig|6666666.1036479.peg.2099	0.8624037265777588	0.0112178179612988	Very Low	Low	Very Low–Low			0	no STRING match	no STRING match	2127	2876	1	1						
15307	fig|6666666.1036479.peg.2987	fig|6666666.1036479.peg.2278	0.8623390853404999	0.0112516309241597	Very Low	Low	Very Low–Low			0	no STRING match	no STRING match	1858	2957	1	1						
15340	fig|6666666.1036479.peg.316	fig|6666666.1036479.peg.877	0.8622747659683228	0.0112758880496903	Very Low	Very Low	Very Low–Very Low			0	no STRING match	no STRING match	2127	2353	1	1						
15353	fig|6666666.1036479.peg.2973	fig|6666666.1036479.peg.3128	0.8622594475746155	0.0112854438870206	Low	Very Low	Very Low–Low			0	no STRING match	no STRING match	1854	1921	1	1	MamF_MmsF	Magnetosome magnetite crystal formation protein family				
15524	fig|6666666.1036479.peg.1355	fig|6666666.1036479.peg.1543	0.861932772397995	0.0114111399011338	Medium	Medium	Medium–Medium			0	no STRING match	no STRING match	2564	2644	1	1						
15596	fig|6666666.1036479.peg.2703	fig|6666666.1036479.peg.1986	0.8618062257766723	0.0114640645386552	Very Low	Medium	Very Low–Medium			0	no STRING match	no STRING match	1717	2835	1	1						
15602	fig|6666666.1036479.peg.299	fig|6666666.1036479.peg.2278	0.861797833442688	0.0114684749251153	Low	Low	Low–Low			0	no STRING match	no STRING match	2113	2957	1	1						
15675	fig|6666666.1036479.peg.3078	fig|6666666.1036479.peg.2278	0.8616573452949524	0.0115221346270466	Medium	Low	Low–Medium			0	no STRING match	no STRING match	1901	2957	1	1						
15734	fig|6666666.1036479.peg.1147	fig|6666666.1036479.peg.2415	0.8615327119827271	0.0115655034272378	Very Low	Very Low	Very Low–Very Low			0	no STRING match	no STRING match	2473	3015	1	1	Ribosomal_L14	Ribosomal protein L14p/L23e	GO:0003735;GO:0005840;GO:0006412	Ribosomal_L13	Ribosomal protein L13	GO:0003735;GO:0005840;GO:0006412
15838	fig|6666666.1036479.peg.2660	fig|6666666.1036479.peg.1986	0.8613255560398102	0.0116419501258797	Very Low	Medium	Very Low–Medium			0	no STRING match	no STRING match	1700	2835	1	1						
16179	fig|6666666.1036479.peg.1554	fig|6666666.1036479.peg.1657	0.8606937289237976	0.0118926070896962	Medium	Medium	Medium–Medium			0	no STRING match	no STRING match	2649	2707	1	1						
16252	fig|6666666.1036479.peg.3128	fig|6666666.1036479.peg.787	0.8605708241462707	0.0119462667916276	Very Low	Very Low	Very Low–Very Low			0	no STRING match	no STRING match	1921	2318	1	1						
16312	fig|6666666.1036479.peg.2517	fig|6666666.1036479.peg.736	0.8604999423027039	0.0119903706562287	Medium	Very Low	Very Low–Medium			0	no STRING match	no STRING match	1622	2294	1	1						
16347	fig|6666666.1036479.peg.1677	fig|6666666.1036479.peg.2467	0.8604432225227356	0.0120160979105794	High	Low	Low–High			0	no STRING match	no STRING match	2714	3038	1	1				DMT_6	Putative member of DMT superfamily (DUF486)	
16658	fig|6666666.1036479.peg.2660	fig|6666666.1036479.peg.3078	0.8598683714866638	0.0122447029420953	Very Low	Medium	Very Low–Medium			0	no STRING match	no STRING match	1700	1901	1	1						
16743	fig|6666666.1036479.peg.312	fig|6666666.1036479.peg.1355	0.8596891820430755	0.0123071834169469	Medium	Medium	Medium–Medium			0	no STRING match	no STRING match	2123	2564	1	1						
16747	fig|6666666.1036479.peg.1554	fig|6666666.1036479.peg.1913	0.8596829354763031	0.0123101236745869	Medium	Very Low	Very Low–Medium			0	no STRING match	no STRING match	2649	2793	1	1						
16801	fig|6666666.1036479.peg.3078	fig|6666666.1036479.peg.1986	0.8595925092697143	0.012349817152728	Medium	Medium	Medium–Medium			0	no STRING match	no STRING match	1901	2835	1	1						
16900	fig|6666666.1036479.peg.2551	fig|6666666.1036479.peg.877	0.8594155967235565	0.0124225885293198	Very Low	Very Low	Very Low–Very Low			0	no STRING match	no STRING match	1644	2353	1	1						
17083	fig|6666666.1036479.peg.2660	fig|6666666.1036479.peg.2987	0.8590839922428131	0.0125571053163533	Very Low	Very Low	Very Low–Very Low			0	no STRING match	no STRING match	1700	1858	1	1						
17281	fig|6666666.1036479.peg.2551	fig|6666666.1036479.peg.2099	0.8587659358978271	0.012702648069537	Very Low	Low	Very Low–Low			0	no STRING match	no STRING match	1644	2876	1	1						
17283	fig|6666666.1036479.peg.2936	fig|6666666.1036479.peg.1934	0.8587639629840851	0.0127041181983571	Very Low	Low	Very Low–Low			0	no STRING match	no STRING match	1836	2801	1	1	DUF2795	Protein of unknown function (DUF2795)				
17319	fig|6666666.1036479.peg.2987	fig|6666666.1036479.peg.3078	0.858711051940918	0.0127305805171178	Very Low	Medium	Very Low–Medium			0	no STRING match	no STRING match	1858	1901	1	1						
17383	fig|6666666.1036479.peg.299	fig|6666666.1036479.peg.2099	0.8585919857025146	0.012777624639359	Low	Low	Low–Low			0	no STRING match	no STRING match	2113	2876	1	1						
17467	fig|6666666.1036479.peg.471	fig|6666666.1036479.peg.1677	0.8584382116794587	0.0128393700498006	Low	High	Low–High			0	no STRING match	no STRING match	2174	2714	1	1						
17557	fig|6666666.1036479.peg.2866	fig|6666666.1036479.peg.1142	0.8582783639431	0.0129055258467023	Very Low	Very Low	Very Low–Very Low			0	no STRING match	no STRING match	1798	2468	1	1	Ribosomal_L19	Ribosomal protein L19	GO:0003735;GO:0005840;GO:0006412	Ribosomal_L6;Ribosomal_L6	Ribosomal protein L6	GO:0003735;GO:0005840;GO:0006412;GO:0019843
17836	fig|6666666.1036479.peg.1142	fig|6666666.1036479.peg.1147	0.8577949464321136	0.0131106088170975	Very Low	Very Low	Very Low–Very Low			0	no STRING match	no STRING match	2468	2473	1	1	Ribosomal_L6;Ribosomal_L6	Ribosomal protein L6	GO:0003735;GO:0005840;GO:0006412;GO:0019843	Ribosomal_L14	Ribosomal protein L14p/L23e	GO:0003735;GO:0005840;GO:0006412
17842	fig|6666666.1036479.peg.2987	fig|6666666.1036479.peg.299	0.8577778220176697	0.0131150192035577	Very Low	Low	Very Low–Low			0	no STRING match	no STRING match	1858	2113	1	1						
17856	fig|6666666.1036479.peg.2504	fig|6666666.1036479.peg.2517	0.8577390193939209	0.0131253101052979	Very Low	Medium	Very Low–Medium			0	no STRING match	no STRING match	1611	1622	1	1						
17860	fig|6666666.1036479.peg.2866	fig|6666666.1036479.peg.3000	0.8577271342277527	0.013128250362938	Very Low	Very Low	Very Low–Very Low			0	no STRING match	no STRING match	1798	1863	1	1	Ribosomal_L19	Ribosomal protein L19	GO:0003735;GO:0005840;GO:0006412	EFP_N;EFP;Elong-fact-P_C	Elongation factor P (EF-P) KOW-like domain; Elongation factor P (EF-P) OB domain; Elongation factor P, C-terminal	GO:0003746;GO:0005737;GO:0006414;GO:0043043
17867	fig|6666666.1036479.peg.299	fig|6666666.1036479.peg.877	0.8577179670333862	0.0131333958138081	Low	Very Low	Very Low–Low			0	no STRING match	no STRING match	2113	2353	1	1						
17904	fig|6666666.1036479.peg.299	fig|6666666.1036479.peg.316	0.8576390862464904	0.0131605931969788	Low	Very Low	Very Low–Low			0	no STRING match	no STRING match	2113	2127	1	1						
17918	fig|6666666.1036479.peg.2551	fig|6666666.1036479.peg.316	0.8576219856739045	0.0131708840987191	Very Low	Very Low	Very Low–Very Low			0	no STRING match	no STRING match	1644	2127	1	1						
17959	fig|6666666.1036479.peg.200	fig|6666666.1036479.peg.2467	0.8575381636619568	0.0132010217395299	High	Low	Low–High			0	no STRING match	no STRING match	2072	3038	1	1	DUF2834	Protein of unknown function DUF2834		DMT_6	Putative member of DMT superfamily (DUF486)	
18026	fig|6666666.1036479.peg.819	fig|6666666.1036479.peg.1934	0.8574396133422851	0.0132502710550011	Very Low	Low	Very Low–Low			0	no STRING match	no STRING match	2330	2801	1	1						
18053	fig|6666666.1036479.peg.551	fig|6666666.1036479.peg.877	0.8573901534080506	0.0132701177940717	Very Low	Very Low	Very Low–Very Low			0	no STRING match	no STRING match	2199	2353	1	1						
18065	fig|6666666.1036479.peg.2517	fig|6666666.1036479.peg.2540	0.8573702573776245	0.0132789385669919	Medium	Medium	Medium–Medium			0	no STRING match	no STRING match	1622	1633	1	1						
18091	fig|6666666.1036479.peg.719	fig|6666666.1036479.peg.725	0.8573343098163605	0.0132980502416524	Medium	Very Low	Very Low–Medium			0	no STRING match	no STRING match	2277	2283	1	1						
18299	fig|6666666.1036479.peg.551	fig|6666666.1036479.peg.2099	0.8571213543415069	0.0134509436389363	Very Low	Low	Very Low–Low			0	no STRING match	no STRING match	2199	2876	1	1						
18312	fig|6666666.1036479.peg.2551	fig|6666666.1036479.peg.1726	0.8570937156677246	0.0134604994762666	Very Low	Very Low	Very Low–Very Low			0	no STRING match	no STRING match	1644	2729	1	1						
18416	fig|6666666.1036479.peg.719	fig|6666666.1036479.peg.1934	0.8569347500801087	0.0135369461749085	Medium	Low	Low–Medium			0	no STRING match	no STRING match	2277	2801	1	1						
18457	fig|6666666.1036479.peg.2973	fig|6666666.1036479.peg.3205	0.8568120896816254	0.0135670838157193	Low	Low	Low–Low			0	no STRING match	no STRING match	1854	1964	1	1	MamF_MmsF	Magnetosome magnetite crystal formation protein family				
18485	fig|6666666.1036479.peg.3083	fig|6666666.1036479.peg.1554	0.8567683458328247	0.0135876656191998	High	Medium	Medium–High			0	no STRING match	no STRING match	1905	2649	1	1						
18679	fig|6666666.1036479.peg.471	fig|6666666.1036479.peg.2347	0.8564433276653289	0.0137302681147435	Low	Low	Low–Low			0	no STRING match	no STRING match	2174	2990	1	1						
18833	fig|6666666.1036479.peg.1554	fig|6666666.1036479.peg.1894	0.8561601221561432	0.0138434680338864	Medium	Medium	Medium–Medium		Hypothetical protein.	0	no STRING match	secondary STRING hit (STRING protein assigned to a better match)	2649	2785	1	1				Por_Secre_tail	Secretion system C-terminal sorting domain	
18881	fig|6666666.1036479.peg.2551	fig|6666666.1036479.peg.2559	0.8560700237751007	0.0138787511255673	Very Low	Very Low	Very Low–Very Low			0	no STRING match	no STRING match	1644	1651	1	1						
18882	fig|6666666.1036479.peg.819	fig|6666666.1036479.peg.1913	0.8560694634914399	0.0138794861899773	Very Low	Very Low	Very Low–Very Low			0	no STRING match	no STRING match	2330	2793	1	1						
18988	fig|6666666.1036479.peg.719	fig|6666666.1036479.peg.819	0.8559961795806885	0.0139574030174394	Medium	Very Low	Very Low–Medium			0	no STRING match	no STRING match	2277	2330	1	1						
19005	fig|6666666.1036479.peg.1894	fig|6666666.1036479.peg.2478	0.8559791266918182	0.0139698991124097	Medium	Very Low	Very Low–Medium	Hypothetical protein.		0	secondary STRING hit (STRING protein assigned to a better match)	no STRING match	2785	3042	1	1	Por_Secre_tail	Secretion system C-terminal sorting domain		Laminin_G_3;Laminin_G_3;Por_Secre_tail	Concanavalin A-like lectin/glucanases superfamily; Secretion system C-terminal sorting domain	
19029	fig|6666666.1036479.peg.725	fig|6666666.1036479.peg.819	0.8559236228466034	0.0139875406582501	Very Low	Very Low	Very Low–Very Low			0	no STRING match	no STRING match	2283	2330	1	1						
19040	fig|6666666.1036479.peg.3083	fig|6666666.1036479.peg.1913	0.8559108555316925	0.0139956263667603	High	Very Low	Very Low–High			0	no STRING match	no STRING match	1905	2793	1	1						
19137	fig|6666666.1036479.peg.1913	fig|6666666.1036479.peg.2185	0.8557567536830902	0.0140669276145322	Very Low	Very Low	Very Low–Very Low			0	no STRING match	no STRING match	2793	2931	1	1						
19171	fig|6666666.1036479.peg.2796	fig|6666666.1036479.peg.3000	0.8556860029697418	0.0140919198044728	Very Low	Very Low	Very Low–Very Low			0	no STRING match	no STRING match	1755	1863	1	1	PseudoU_synth_2	RNA pseudouridylate synthase	GO:0001522;GO:0003723;GO:0009451;GO:0009982	EFP_N;EFP;Elong-fact-P_C	Elongation factor P (EF-P) KOW-like domain; Elongation factor P (EF-P) OB domain; Elongation factor P, C-terminal	GO:0003746;GO:0005737;GO:0006414;GO:0043043
19243	fig|6666666.1036479.peg.719	fig|6666666.1036479.peg.1268	0.8555362164974213	0.0141448444419942	Medium	Medium	Medium–Medium			0	no STRING match	no STRING match	2277	2521	1	1				LptE	Lipopolysaccharide-assembly	GO:0019867;GO:0043165
19333	fig|6666666.1036479.peg.2504	fig|6666666.1036479.peg.2540	0.8553679943084717	0.0142110002388959	Very Low	Medium	Very Low–Medium			0	no STRING match	no STRING match	1611	1633	1	1						
19405	fig|6666666.1036479.peg.2661	fig|6666666.1036479.peg.3083	0.855239087343216	0.0142639248764172	High	High	High–High			0	no STRING match	no STRING match	1701	1905	1	1						
19468	fig|6666666.1036479.peg.471	fig|6666666.1036479.peg.2467	0.8551328957080842	0.0143102339342484	Low	Low	Low–Low			0	no STRING match	no STRING match	2174	3038	1	1				DMT_6	Putative member of DMT superfamily (DUF486)	
19631	fig|6666666.1036479.peg.1268	fig|6666666.1036479.peg.1934	0.8549431622028351	0.0144300494330815	Medium	Low	Low–Medium			0	no STRING match	no STRING match	2521	2801	1	1	LptE	Lipopolysaccharide-assembly	GO:0019867;GO:0043165			
19738	fig|6666666.1036479.peg.281	fig|6666666.1036479.peg.316	0.8547844588756561	0.0145087013249536	Very Low	Very Low	Very Low–Very Low			0	no STRING match	no STRING match	2108	2127	1	1						
19855	fig|6666666.1036479.peg.277	fig|6666666.1036479.peg.1071	0.8545875370502471	0.0145947038609258	Low	Very Low	Very Low–Low			0	no STRING match	no STRING match	2104	2415	1	1	Fer4_11;Fer4_10;Fer4_7;Fer4_9;LdpA_Fe-S-bd;Fer4;Fer4_6	4Fe-4S dicluster domain; LdpA Fe-S cluster-binding domain; 4Fe-4S binding domain		PglD_N;Hexapep	PglD N-terminal domain; Bacterial transferase hexapeptide (six repeats)	
20134	fig|6666666.1036479.peg.714	fig|6666666.1036479.peg.1494	0.8542267322540283	0.014799786831321	Low	Very Low	Very Low–Low			0	no STRING match	no STRING match	2273	2620	1	1						
20225	fig|6666666.1036479.peg.2659	fig|6666666.1036479.peg.2467	0.8540682256221771	0.0148666776926328	High	Low	Low–High			0	no STRING match	no STRING match	1699	3038	1	1				DMT_6	Putative member of DMT superfamily (DUF486)	
20260	fig|6666666.1036479.peg.2691	fig|6666666.1036479.peg.1147	0.8540103971958161	0.0148924049469834	Very Low	Very Low	Very Low–Very Low			0	no STRING match	no STRING match	1711	2473	1	1	Ribosomal_L11_N;Ribosomal_L11	Ribosomal protein L11, N-terminal domain; Ribosomal protein L11, RNA binding domain	GO:0003735;GO:0005840;GO:0006412	Ribosomal_L14	Ribosomal protein L14p/L23e	GO:0003735;GO:0005840;GO:0006412
20273	fig|6666666.1036479.peg.3000	fig|6666666.1036479.peg.1147	0.8539841771125793	0.0149019607843137	Very Low	Very Low	Very Low–Very Low			0	no STRING match	no STRING match	1863	2473	1	1	EFP_N;EFP;Elong-fact-P_C	Elongation factor P (EF-P) KOW-like domain; Elongation factor P (EF-P) OB domain; Elongation factor P, C-terminal	GO:0003746;GO:0005737;GO:0006414;GO:0043043	Ribosomal_L14	Ribosomal protein L14p/L23e	GO:0003735;GO:0005840;GO:0006412
20363	fig|6666666.1036479.peg.819	fig|6666666.1036479.peg.2185	0.8538057863712311	0.0149681165812154	Very Low	Very Low	Very Low–Very Low			0	no STRING match	no STRING match	2330	2931	1	1						
20364	fig|6666666.1036479.peg.1554	fig|6666666.1036479.peg.2478	0.8537999510765075	0.0149688516456254	Medium	Very Low	Very Low–Medium			0	no STRING match	no STRING match	2649	3042	1	1				Laminin_G_3;Laminin_G_3;Por_Secre_tail	Concanavalin A-like lectin/glucanases superfamily; Secretion system C-terminal sorting domain	
20371	fig|6666666.1036479.peg.2691	fig|6666666.1036479.peg.2415	0.8537731826305389	0.0149739970964955	Very Low	Very Low	Very Low–Very Low			0	no STRING match	no STRING match	1711	3015	1	1	Ribosomal_L11_N;Ribosomal_L11	Ribosomal protein L11, N-terminal domain; Ribosomal protein L11, RNA binding domain	GO:0003735;GO:0005840;GO:0006412	Ribosomal_L13	Ribosomal protein L13	GO:0003735;GO:0005840;GO:0006412
20419	fig|6666666.1036479.peg.2973	fig|6666666.1036479.peg.787	0.8537114977836608	0.0150092801881764	Low	Very Low	Very Low–Low			0	no STRING match	no STRING match	1854	2318	1	1	MamF_MmsF	Magnetosome magnetite crystal formation protein family				
20506	fig|6666666.1036479.peg.2936	fig|6666666.1036479.peg.1602	0.8534988164901733	0.0150732307918481	Very Low	Very Low	Very Low–Very Low			0	no STRING match	no STRING match	1836	2683	1	2	DUF2795	Protein of unknown function (DUF2795)				
20580	fig|6666666.1036479.peg.3017	fig|6666666.1036479.peg.62	0.8533702075481415	0.0151276255581895	Medium	Low	Low–Medium			0	no STRING match	no STRING match	1875	2040	1	1						
20581	fig|6666666.1036479.peg.3083	fig|6666666.1036479.peg.1894	0.853365170955658	0.0151283606225995	High	Medium	Medium–High		Hypothetical protein.	0	no STRING match	secondary STRING hit (STRING protein assigned to a better match)	1905	2785	1	1				Por_Secre_tail	Secretion system C-terminal sorting domain	
21040	fig|6666666.1036479.peg.3234	fig|6666666.1036479.peg.277	0.8526136219501496	0.0154657551867982	Very Low	Low	Very Low–Low			0	no STRING match	no STRING match	1984	2104	3	1				Fer4_11;Fer4_10;Fer4_7;Fer4_9;LdpA_Fe-S-bd;Fer4;Fer4_6	4Fe-4S dicluster domain; LdpA Fe-S cluster-binding domain; 4Fe-4S binding domain	
21191	fig|6666666.1036479.peg.200	fig|6666666.1036479.peg.1677	0.8524098694324493	0.0155767499127111	High	High	High–High			0	no STRING match	no STRING match	2072	2714	1	1	DUF2834	Protein of unknown function DUF2834				
21273	fig|6666666.1036479.peg.727	fig|6666666.1036479.peg.2478	0.852276885509491	0.0156370251943326	Very Low	Very Low	Very Low–Very Low			0	no STRING match	no STRING match	2285	3042	1	1				Laminin_G_3;Laminin_G_3;Por_Secre_tail	Concanavalin A-like lectin/glucanases superfamily; Secretion system C-terminal sorting domain	
21322	fig|6666666.1036479.peg.2866	fig|6666666.1036479.peg.950	0.8521718561649323	0.0156730433504235	Very Low	Very Low	Very Low–Very Low			0	no STRING match	no STRING match	1798	2392	1	1	Ribosomal_L19	Ribosomal protein L19	GO:0003735;GO:0005840;GO:0006412	SmpB	SmpB protein	GO:0003723
21447	fig|6666666.1036479.peg.2929	fig|6666666.1036479.peg.727	0.8520290732383728	0.0157649264016759	Very Low	Very Low	Very Low–Very Low	Hypothetical protein.		0	secondary STRING hit (STRING protein assigned to a better match)	no STRING match	1831	2285	1	1						
21670	fig|6666666.1036479.peg.62	fig|6666666.1036479.peg.2467	0.8517218828201294	0.0159288457651101	Low	Low	Low–Low			0	no STRING match	no STRING match	2040	3038	1	1				DMT_6	Putative member of DMT superfamily (DUF486)	
21676	fig|6666666.1036479.peg.2547	fig|6666666.1036479.peg.314	0.8517106950283051	0.0159332561515702	Medium	Very Low	Very Low–Medium			0	no STRING match	no STRING match	1640	2125	1	1						
21773	fig|6666666.1036479.peg.3128	fig|6666666.1036479.peg.3205	0.8515866756439209	0.0160045573993421	Very Low	Low	Very Low–Low			0	no STRING match	no STRING match	1921	1964	1	1						
21781	fig|6666666.1036479.peg.725	fig|6666666.1036479.peg.1268	0.8515700578689576	0.0160104379146222	Very Low	Medium	Very Low–Medium			0	no STRING match	no STRING match	2283	2521	1	1				LptE	Lipopolysaccharide-assembly	GO:0019867;GO:0043165
21802	fig|6666666.1036479.peg.62	fig|6666666.1036479.peg.787	0.8515236556529999	0.0160258742672326	Low	Very Low	Very Low–Low			0	no STRING match	no STRING match	2040	2318	1	1						
21843	fig|6666666.1036479.peg.312	fig|6666666.1036479.peg.314	0.8514865458011627	0.0160560119080434	Medium	Very Low	Very Low–Medium			0	no STRING match	no STRING match	2123	2125	1	1						
21905	fig|6666666.1036479.peg.62	fig|6666666.1036479.peg.241	0.8513578712940216	0.0161015859014646	Low	High	Low–High			0	no STRING match	no STRING match	2040	2089	1	1						
21967	fig|6666666.1036479.peg.2960	fig|6666666.1036479.peg.62	0.8512551426887512	0.0161471598948857	Low	Low	Low–Low			0	no STRING match	no STRING match	1849	2040	1	1						
22114	fig|6666666.1036479.peg.727	fig|6666666.1036479.peg.1894	0.8510351121425629	0.0162552143631585	Very Low	Medium	Very Low–Medium		Hypothetical protein.	0	no STRING match	secondary STRING hit (STRING protein assigned to a better match)	2285	2785	1	1				Por_Secre_tail	Secretion system C-terminal sorting domain	
22319	fig|6666666.1036479.peg.2559	fig|6666666.1036479.peg.1726	0.850703114271164	0.0164059025672124	Very Low	Very Low	Very Low–Very Low			0	no STRING match	no STRING match	1651	2729	1	1						
22345	fig|6666666.1036479.peg.1409	fig|6666666.1036479.peg.1894	0.8506922662258148	0.0164250142418729	Medium	Medium	Medium–Medium		Hypothetical protein.	0	no STRING match	secondary STRING hit (STRING protein assigned to a better match)	2588	2785	1	1				Por_Secre_tail	Secretion system C-terminal sorting domain	
22576	fig|6666666.1036479.peg.551	fig|6666666.1036479.peg.894	0.8502663969993591	0.0165948141205873	Very Low	Very Low	Very Low–Very Low			0	no STRING match	no STRING match	2199	2368	1	1						
22586	fig|6666666.1036479.peg.2547	fig|6666666.1036479.peg.312	0.8502531051635742	0.0166021647646875	Medium	Medium	Medium–Medium			0	no STRING match	no STRING match	1640	2123	1	1						
22620	fig|6666666.1036479.peg.727	fig|6666666.1036479.peg.1410	0.8502050817012787	0.0166271569546281	Very Low	Medium	Very Low–Medium			0	no STRING match	no STRING match	2285	2589	1	1						
22661	fig|6666666.1036479.peg.2924	fig|6666666.1036479.peg.727	0.8501517951488495	0.0166572945954389	Very Low	Very Low	Very Low–Very Low			0	no STRING match	no STRING match	1827	2285	1	1						
22677	fig|6666666.1036479.peg.2685	fig|6666666.1036479.peg.2866	0.8501174569129943	0.0166690556259992	Very Low	Very Low	Very Low–Very Low			0	no STRING match	no STRING match	1707	1798	1	1	Ribosomal_S21	Ribosomal protein S21	GO:0003735;GO:0005840;GO:0006412	Ribosomal_L19	Ribosomal protein L19	GO:0003735;GO:0005840;GO:0006412
22743	fig|6666666.1036479.peg.1677	fig|6666666.1036479.peg.2347	0.8500145018100739	0.0167175698770604	High	Low	Low–High			0	no STRING match	no STRING match	2714	2990	1	1						
22849	fig|6666666.1036479.peg.2784	fig|6666666.1036479.peg.1494	0.8498245596885681	0.0167954867045224	Very Low	Very Low	Very Low–Very Low			0	no STRING match	no STRING match	1750	2620	1	1						
22921	fig|6666666.1036479.peg.2811	fig|6666666.1036479.peg.1268	0.8497257471084595	0.0168484113420438	Medium	Medium	Medium–Medium			0	no STRING match	no STRING match	1762	2521	1	1	DUF4252	Domain of unknown function (DUF4252)		LptE	Lipopolysaccharide-assembly	GO:0019867;GO:0043165
22991	fig|6666666.1036479.peg.3107	fig|6666666.1036479.peg.1704	0.849595057964325	0.0168998658507451	Very Low	Very Low	Very Low–Very Low			0	no STRING match	no STRING match	1913	2722	1	1						
23030	fig|6666666.1036479.peg.1268	fig|6666666.1036479.peg.1661	0.8495280921459198	0.0169285333627359	Medium	Low	Low–Medium			0	no STRING match	no STRING match	2521	2708	1	1	LptE	Lipopolysaccharide-assembly	GO:0019867;GO:0043165	OmpH	Outer membrane protein (OmpH-like)	
23073	fig|6666666.1036479.peg.1409	fig|6666666.1036479.peg.2478	0.8494628846645356	0.0169601411323667	Medium	Very Low	Very Low–Medium			0	no STRING match	no STRING match	2588	3042	1	1				Laminin_G_3;Laminin_G_3;Por_Secre_tail	Concanavalin A-like lectin/glucanases superfamily; Secretion system C-terminal sorting domain	
23379	fig|6666666.1036479.peg.551	fig|6666666.1036479.peg.1726	0.8490117609500885	0.0171850708418325	Very Low	Very Low	Very Low–Very Low			0	no STRING match	no STRING match	2199	2729	1	1						
23395	fig|6666666.1036479.peg.2741	fig|6666666.1036479.peg.3083	0.8489837765693664	0.0171968318723928	High	High	High–High			0	no STRING match	no STRING match	1728	1905	1	1	OMP_b-brl;OMP_b-brl_2	Outer membrane protein beta-barrel domain				
23481	fig|6666666.1036479.peg.281	fig|6666666.1036479.peg.1835	0.8488524854183197	0.0172600474116544	Very Low	Very Low	Very Low–Very Low			0	no STRING match	no STRING match	2108	2767	1	1						
23564	fig|6666666.1036479.peg.1215	fig|6666666.1036479.peg.1677	0.8487442314624787	0.017321057757686	Low	High	Low–High			0	no STRING match	no STRING match	2502	2714	1	1						
23573	fig|6666666.1036479.peg.314	fig|6666666.1036479.peg.787	0.8487354934215545	0.0173276733373761	Very Low	Very Low	Very Low–Very Low			0	no STRING match	no STRING match	2125	2318	1	1						
23630	fig|6666666.1036479.peg.2735	fig|6666666.1036479.peg.277	0.848648601770401	0.0173695720087472	Low	Low	Low–Low			0	no STRING match	no STRING match	1727	2104	1	1	Acetyltransf_3;Acetyltransf_1;Acetyltransf_10;Acetyltransf_7	Acetyltransferase (GNAT) domain; Acetyltransferase (GNAT) family	GO:0016747	Fer4_11;Fer4_10;Fer4_7;Fer4_9;LdpA_Fe-S-bd;Fer4;Fer4_6	4Fe-4S dicluster domain; LdpA Fe-S cluster-binding domain; 4Fe-4S binding domain	
23700	fig|6666666.1036479.peg.312	fig|6666666.1036479.peg.1771	0.8485909879207612	0.0174210265174485	Medium	Medium	Medium–Medium			0	no STRING match	no STRING match	2123	2743	1	1						
23847	fig|6666666.1036479.peg.3017	fig|6666666.1036479.peg.241	0.8483751595020295	0.0175290809857213	Medium	High	Medium–High			0	no STRING match	no STRING match	1875	2089	1	1						
23851	fig|6666666.1036479.peg.2715	fig|6666666.1036479.peg.281	0.8483698964118958	0.0175320212433614	Very Low	Very Low	Very Low–Very Low			0	no STRING match	no STRING match	1721	2108	1	1						
23881	fig|6666666.1036479.peg.281	fig|6666666.1036479.peg.1704	0.8483323752880096	0.017554073175662	Very Low	Very Low	Very Low–Very Low			0	no STRING match	no STRING match	2108	2722	1	1						
23906	fig|6666666.1036479.peg.1410	fig|6666666.1036479.peg.2478	0.8482750296592713	0.0175724497859124	Medium	Very Low	Very Low–Medium			0	no STRING match	no STRING match	2589	3042	1	1				Laminin_G_3;Laminin_G_3;Por_Secre_tail	Concanavalin A-like lectin/glucanases superfamily; Secretion system C-terminal sorting domain	
23932	fig|6666666.1036479.peg.1207	fig|6666666.1036479.peg.1494	0.8482491791248321	0.0175915614605729	Low	Very Low	Very Low–Low			0	no STRING match	no STRING match	2498	2620	1	1						
23968	fig|6666666.1036479.peg.2936	fig|6666666.1036479.peg.1886	0.8482193887233734	0.0176180237793336	Very Low	Very Low	Very Low–Very Low			0	no STRING match	no STRING match	1836	2782	1	1	DUF2795	Protein of unknown function (DUF2795)		OmpH	Outer membrane protein (OmpH-like)	
24130	fig|6666666.1036479.peg.2929	fig|6666666.1036479.peg.2185	0.8479857325553894	0.0177371042137567	Very Low	Very Low	Very Low–Very Low	Hypothetical protein.		0	secondary STRING hit (STRING protein assigned to a better match)	no STRING match	1831	2931	1	1						
24131	fig|6666666.1036479.peg.2559	fig|6666666.1036479.peg.551	0.8479819118976593	0.0177378392781667	Very Low	Very Low	Very Low–Very Low			0	no STRING match	no STRING match	1651	2199	1	1						
24174	fig|6666666.1036479.peg.2928	fig|6666666.1036479.peg.1494	0.8479156494140625	0.0177694470477975	Very Low	Very Low	Very Low–Very Low			0	no STRING match	no STRING match	1830	2620	1	1						
24188	fig|6666666.1036479.peg.281	fig|6666666.1036479.peg.1494	0.8478953301906585	0.0177797379495378	Very Low	Very Low	Very Low–Very Low			0	no STRING match	no STRING match	2108	2620	1	1						
24205	fig|6666666.1036479.peg.3205	fig|6666666.1036479.peg.787	0.8478743851184845	0.0177922340445081	Low	Very Low	Very Low–Low			0	no STRING match	no STRING match	1964	2318	1	1						
24300	fig|6666666.1036479.peg.3017	fig|6666666.1036479.peg.1215	0.8477459788322449	0.0178620651634599	Medium	Low	Low–Medium			0	no STRING match	no STRING match	1875	2502	1	1						
24392	fig|6666666.1036479.peg.2715	fig|6666666.1036479.peg.395	0.8475832760334014	0.0179296910891816	Very Low	Very Low	Very Low–Very Low			0	no STRING match	no STRING match	1721	2144	1	1						
24404	fig|6666666.1036479.peg.314	fig|6666666.1036479.peg.1655	0.8475658535957337	0.0179385118621019	Very Low	Medium	Very Low–Medium			0	no STRING match	no STRING match	2125	2706	1	1						
24405	fig|6666666.1036479.peg.2661	fig|6666666.1036479.peg.2741	0.8475642740726471	0.0179392469265119	High	High	High–High			0	no STRING match	no STRING match	1701	1728	1	1				OMP_b-brl;OMP_b-brl_2	Outer membrane protein beta-barrel domain	
24474	fig|6666666.1036479.peg.894	fig|6666666.1036479.peg.1726	0.847484803199768	0.0179899663708032	Very Low	Very Low	Very Low–Very Low			0	no STRING match	no STRING match	2368	2729	1	1						
24581	fig|6666666.1036479.peg.3128	fig|6666666.1036479.peg.2104	0.8473175287246704	0.0180686182626752	Very Low	High	Very Low–High			0	no STRING match	no STRING match	1921	2877	1	1						
24596	fig|6666666.1036479.peg.1704	fig|6666666.1036479.peg.2025	0.8472898900508881	0.0180796442288255	Very Low	Very Low	Very Low–Very Low			0	no STRING match	no STRING match	2722	2847	1	1						
24642	fig|6666666.1036479.peg.3017	fig|6666666.1036479.peg.1704	0.8472051799297333	0.0181134571916864	Medium	Very Low	Very Low–Medium			0	no STRING match	no STRING match	1875	2722	1	1						
24654	fig|6666666.1036479.peg.2924	fig|6666666.1036479.peg.1410	0.847176855802536	0.0181222779646066	Very Low	Medium	Very Low–Medium			0	no STRING match	no STRING match	1827	2589	1	1						
24883	fig|6666666.1036479.peg.312	fig|6666666.1036479.peg.1655	0.8469060063362122	0.0182906077145009	Medium	Medium	Medium–Medium			0	no STRING match	no STRING match	2123	2706	1	1						
25028	fig|6666666.1036479.peg.3202	fig|6666666.1036479.peg.1726	0.8467261612415313	0.0183971920539537	Very Low	Very Low	Very Low–Very Low			0	no STRING match	no STRING match	1962	2729	1	1						
25053	fig|6666666.1036479.peg.1704	fig|6666666.1036479.peg.1835	0.8466764330863953	0.0184155686642042	Very Low	Very Low	Very Low–Very Low			0	no STRING match	no STRING match	2722	2767	1	1						
25330	fig|6666666.1036479.peg.2547	fig|6666666.1036479.peg.1655	0.8462684571743011	0.0186191815057794	Medium	Medium	Medium–Medium			0	no STRING match	no STRING match	1640	2706	1	1						
25404	fig|6666666.1036479.peg.3017	fig|6666666.1036479.peg.2025	0.8461280107498169	0.0186735762721208	Medium	Very Low	Very Low–Medium			0	no STRING match	no STRING match	1875	2847	1	1						
25419	fig|6666666.1036479.peg.2960	fig|6666666.1036479.peg.241	0.846086072921753	0.0186846022382711	Low	High	Low–High			0	no STRING match	no STRING match	1849	2089	1	1						
25444	fig|6666666.1036479.peg.2715	fig|6666666.1036479.peg.314	0.8460492312908172	0.0187029788485216	Very Low	Very Low	Very Low–Very Low			0	no STRING match	no STRING match	1721	2125	1	1						
25631	fig|6666666.1036479.peg.2559	fig|6666666.1036479.peg.3202	0.8459376037120819	0.0188404358931951	Very Low	Very Low	Very Low–Very Low			0	no STRING match	no STRING match	1651	1962	1	1						
25661	fig|6666666.1036479.peg.200	fig|6666666.1036479.peg.1217	0.8459015429019928	0.0188624878254957	High	Low	Low–High			0	no STRING match	no STRING match	2072	2503	1	1	DUF2834	Protein of unknown function DUF2834				
25730	fig|6666666.1036479.peg.2928	fig|6666666.1036479.peg.1835	0.845786166191101	0.018913207269787	Very Low	Very Low	Very Low–Very Low			0	no STRING match	no STRING match	1830	2767	1	1						
25856	fig|6666666.1036479.peg.1410	fig|6666666.1036479.peg.1771	0.8456337213516235	0.0190058253854494	Medium	Medium	Medium–Medium			0	no STRING match	no STRING match	2589	2743	1	1						
25887	fig|6666666.1036479.peg.2547	fig|6666666.1036479.peg.1771	0.8456079363822937	0.0190286123821599	Medium	Medium	Medium–Medium			0	no STRING match	no STRING match	1640	2743	1	1						
25974	fig|6666666.1036479.peg.2924	fig|6666666.1036479.peg.1968	0.8454638063907624	0.0190925629858316	Very Low	Very Low	Very Low–Very Low			0	no STRING match	no STRING match	1827	2827	1	1						
25999	fig|6666666.1036479.peg.2924	fig|6666666.1036479.peg.2929	0.8454312086105347	0.0191109395960821	Very Low	Very Low	Very Low–Very Low		Hypothetical protein.	0	no STRING match	secondary STRING hit (STRING protein assigned to a better match)	1827	1831	1	1						
26026	fig|6666666.1036479.peg.1410	fig|6666666.1036479.peg.1968	0.845392233133316	0.0191307863351526	Medium	Very Low	Very Low–Medium			0	no STRING match	no STRING match	2589	2827	1	1						
26099	fig|6666666.1036479.peg.2559	fig|6666666.1036479.peg.894	0.8452721178531647	0.019184446037084	Very Low	Very Low	Very Low–Very Low			0	no STRING match	no STRING match	1651	2368	1	1						
26101	fig|6666666.1036479.peg.3107	fig|6666666.1036479.peg.1835	0.8452690839767456	0.019185916165904	Very Low	Very Low	Very Low–Very Low			0	no STRING match	no STRING match	1913	2767	1	1						
26107	fig|6666666.1036479.peg.395	fig|6666666.1036479.peg.1835	0.8452587306499482	0.0191903265523641	Very Low	Very Low	Very Low–Very Low			0	no STRING match	no STRING match	2144	2767	1	1						
26188	fig|6666666.1036479.peg.3202	fig|6666666.1036479.peg.395	0.8451582193374634	0.0192498667695756	Very Low	Very Low	Very Low–Very Low			0	no STRING match	no STRING match	1962	2144	1	1						
26302	fig|6666666.1036479.peg.2924	fig|6666666.1036479.peg.1771	0.8450273871421814	0.0193336641123178	Very Low	Medium	Very Low–Medium			0	no STRING match	no STRING match	1827	2743	1	1						
26303	fig|6666666.1036479.peg.1771	fig|6666666.1036479.peg.1968	0.8450271666049958	0.0193343991767278	Medium	Very Low	Very Low–Medium			0	no STRING match	no STRING match	2743	2827	1	1						
26414	fig|6666666.1036479.peg.2960	fig|6666666.1036479.peg.3223	0.8449067831039428	0.0194159913262399	Low	High	Low–High			0	no STRING match	no STRING match	1849	1973	1	2						
26504	fig|6666666.1036479.peg.200	fig|6666666.1036479.peg.241	0.8447938680648803	0.0194821471231416	High	High	High–High			0	no STRING match	no STRING match	2072	2089	1	1	DUF2834	Protein of unknown function DUF2834				
26557	fig|6666666.1036479.peg.2784	fig|6666666.1036479.peg.714	0.8447000026702881	0.0195211055368726	Very Low	Low	Very Low–Low			0	no STRING match	no STRING match	1750	2273	1	1						
27188	fig|6666666.1036479.peg.2715	fig|6666666.1036479.peg.1092	0.8439216792583466	0.0199849311795946	Very Low	Very Low	Very Low–Very Low			0	no STRING match	no STRING match	1721	2428	1	1						
27252	fig|6666666.1036479.peg.3128	fig|6666666.1036479.peg.3223	0.843805593252182	0.0200319753018358	Very Low	High	Very Low–High			0	no STRING match	no STRING match	1921	1973	1	2						
27279	fig|6666666.1036479.peg.2796	fig|6666666.1036479.peg.950	0.8437362134456634	0.0200518220409063	Very Low	Very Low	Very Low–Very Low			0	no STRING match	no STRING match	1755	2392	1	1	PseudoU_synth_2	RNA pseudouridylate synthase	GO:0001522;GO:0003723;GO:0009451;GO:0009982	SmpB	SmpB protein	GO:0003723
27293	fig|6666666.1036479.peg.2929	fig|6666666.1036479.peg.320	0.8437136471271515	0.0200621129426466	Very Low	Very Low	Very Low–Very Low	Hypothetical protein.		0	secondary STRING hit (STRING protein assigned to a better match)	no STRING match	1831	2130	1	1						
27331	fig|6666666.1036479.peg.2929	fig|6666666.1036479.peg.1968	0.8436700642108917	0.0200900453902273	Very Low	Very Low	Very Low–Very Low	Hypothetical protein.		0	secondary STRING hit (STRING protein assigned to a better match)	no STRING match	1831	2827	1	1						
27376	fig|6666666.1036479.peg.1344	fig|6666666.1036479.peg.1968	0.8436113834381104	0.0201231232886781	Very Low	Very Low	Very Low–Very Low			0	no STRING match	no STRING match	2554	2827	1	1						
27564	fig|6666666.1036479.peg.2547	fig|6666666.1036479.peg.1344	0.8433805882930756	0.0202613153977617	Medium	Very Low	Very Low–Medium			0	no STRING match	no STRING match	1640	2554	1	1						
27588	fig|6666666.1036479.peg.2690	fig|6666666.1036479.peg.950	0.8433459460735321	0.0202789569436021	Medium	Very Low	Very Low–Medium			0	no STRING match	no STRING match	1710	2392	1	1	NusG;KOW	Transcription termination factor nusG; KOW motif	GO:0006354	SmpB	SmpB protein	GO:0003723
27624	fig|6666666.1036479.peg.241	fig|6666666.1036479.peg.1215	0.8433030009269714	0.0203054192623628	High	Low	Low–High			0	no STRING match	no STRING match	2089	2502	1	1						
27634	fig|6666666.1036479.peg.714	fig|6666666.1036479.peg.1207	0.8432875454425812	0.020312769906463	Low	Low	Low–Low			0	no STRING match	no STRING match	2273	2498	1	1						
27700	fig|6666666.1036479.peg.2811	fig|6666666.1036479.peg.1661	0.8432115375995636	0.0203612841575243	Medium	Low	Low–Medium			0	no STRING match	no STRING match	1762	2708	1	1	DUF4252	Domain of unknown function (DUF4252)		OmpH	Outer membrane protein (OmpH-like)	
27797	fig|6666666.1036479.peg.2715	fig|6666666.1036479.peg.3202	0.8430716514587402	0.0204325854052961	Very Low	Very Low	Very Low–Very Low			0	no STRING match	no STRING match	1721	1962	1	1						
27910	fig|6666666.1036479.peg.200	fig|6666666.1036479.peg.1215	0.8429264068603516	0.0205156476836282	High	Low	Low–High			0	no STRING match	no STRING match	2072	2502	1	1	DUF2834	Protein of unknown function DUF2834				
27914	fig|6666666.1036479.peg.3202	fig|6666666.1036479.peg.1092	0.8429187059402465	0.0205185879412683	Very Low	Very Low	Very Low–Very Low			0	no STRING match	no STRING match	1962	2428	1	1						
28000	fig|6666666.1036479.peg.320	fig|6666666.1036479.peg.2185	0.8427789449691773	0.0205818034805299	Very Low	Very Low	Very Low–Very Low			0	no STRING match	no STRING match	2130	2931	1	1						
28032	fig|6666666.1036479.peg.395	fig|6666666.1036479.peg.1092	0.8427271723747254	0.0206053255416505	Very Low	Very Low	Very Low–Very Low			0	no STRING match	no STRING match	2144	2428	1	1						
28183	fig|6666666.1036479.peg.1420	fig|6666666.1036479.peg.2185	0.8425366938114166	0.0207163202675634	Very Low	Very Low	Very Low–Very Low			0	no STRING match	no STRING match	2598	2931	1	1	LptC	Lipopolysaccharide-assembly, LptC-related				
28239	fig|6666666.1036479.peg.2759	fig|6666666.1036479.peg.395	0.842449563741684	0.0207574838745245	Very Low	Very Low	Very Low–Very Low			0	no STRING match	no STRING match	1738	2144	1	1						
28391	fig|6666666.1036479.peg.3107	fig|6666666.1036479.peg.1207	0.84225634932518	0.0208692136648473	Very Low	Low	Very Low–Low			0	no STRING match	no STRING match	1913	2498	1	1						
28394	fig|6666666.1036479.peg.2928	fig|6666666.1036479.peg.3107	0.8422514617443084	0.0208714188580774	Very Low	Very Low	Very Low–Very Low			0	no STRING match	no STRING match	1830	1913	1	1						
28411	fig|6666666.1036479.peg.2928	fig|6666666.1036479.peg.1207	0.8422264277935028	0.0208839149530477	Very Low	Low	Very Low–Low			0	no STRING match	no STRING match	1830	2498	1	1						
28443	fig|6666666.1036479.peg.1215	fig|6666666.1036479.peg.2025	0.842184454202652	0.0209074370141683	Low	Very Low	Very Low–Low			0	no STRING match	no STRING match	2502	2847	1	1						
28867	fig|6666666.1036479.peg.1409	fig|6666666.1036479.peg.1814	0.8416327774524689	0.0212191043240163	Medium	Very Low	Very Low–Medium			0	no STRING match	no STRING match	2588	2763	1	1						
28995	fig|6666666.1036479.peg.3223	fig|6666666.1036479.peg.2104	0.8415080606937408	0.0213131925684988	High	High	High–High			0	no STRING match	no STRING match	1973	2877	2	1						
29182	fig|6666666.1036479.peg.2661	fig|6666666.1036479.peg.865	0.8412677884101868	0.0214506496131723	High	Medium	Medium–High			0	no STRING match	no STRING match	1701	2344	1	1				DUF8199	Family of unknown function (DUF8199)	
29282	fig|6666666.1036479.peg.1344	fig|6666666.1036479.peg.1655	0.8410989761352539	0.0215241560541742	Very Low	Medium	Very Low–Medium			0	no STRING match	no STRING match	2554	2706	1	1						
29296	fig|6666666.1036479.peg.1655	fig|6666666.1036479.peg.2104	0.8410677552223206	0.0215344469559145	Medium	High	Medium–High			0	no STRING match	no STRING match	2706	2877	1	1						
29325	fig|6666666.1036479.peg.3205	fig|6666666.1036479.peg.3223	0.8410280764102935	0.021555763823805	Low	High	Low–High			0	no STRING match	no STRING match	1964	1973	1	2						
29339	fig|6666666.1036479.peg.2928	fig|6666666.1036479.peg.714	0.8410071313381196	0.0215660547255453	Very Low	Low	Very Low–Low			0	no STRING match	no STRING match	1830	2273	1	1						
29361	fig|6666666.1036479.peg.2784	fig|6666666.1036479.peg.1207	0.8409715473651886	0.0215822261425657	Very Low	Low	Very Low–Low			0	no STRING match	no STRING match	1750	2498	1	1						
29461	fig|6666666.1036479.peg.3107	fig|6666666.1036479.peg.2025	0.8408637523651123	0.0216557325835676	Very Low	Very Low	Very Low–Very Low			0	no STRING match	no STRING match	1913	2847	1	1						
29603	fig|6666666.1036479.peg.2759	fig|6666666.1036479.peg.1092	0.8406869888305664	0.0217601117297903	Very Low	Very Low	Very Low–Very Low			0	no STRING match	no STRING match	1738	2428	1	1						
29659	fig|6666666.1036479.peg.2685	fig|6666666.1036479.peg.2690	0.8406023859977723	0.0218012753367513	Very Low	Medium	Very Low–Medium			0	no STRING match	no STRING match	1707	1710	1	1	Ribosomal_S21	Ribosomal protein S21	GO:0003735;GO:0005840;GO:0006412	NusG;KOW	Transcription termination factor nusG; KOW motif	GO:0006354
29678	fig|6666666.1036479.peg.2661	fig|6666666.1036479.peg.1409	0.8405728459358215	0.0218152415605417	High	Medium	Medium–High			0	no STRING match	no STRING match	1701	2588	1	1						
29770	fig|6666666.1036479.peg.2685	fig|6666666.1036479.peg.950	0.8404355585575104	0.0218828674862634	Very Low	Very Low	Very Low–Very Low			0	no STRING match	no STRING match	1707	2392	1	1	Ribosomal_S21	Ribosomal protein S21	GO:0003735;GO:0005840;GO:0006412	SmpB	SmpB protein	GO:0003723
29799	fig|6666666.1036479.peg.1604	fig|6666666.1036479.peg.1814	0.8404043674468994	0.021904184354154	Very Low	Very Low	Very Low–Very Low	YD repeat-containing protein; COG3209 Rhs family protein.		0	secondary STRING hit (STRING protein assigned to a better match)	no STRING match	2685	2763	2	1						
29842	fig|6666666.1036479.peg.3199	fig|6666666.1036479.peg.1344	0.840333616733551	0.0219357921237848	Very Low	Very Low	Very Low–Very Low			0	no STRING match	no STRING match	1961	2554	1	1						
30035	fig|6666666.1036479.peg.3008	fig|6666666.1036479.peg.1409	0.8401733338832855	0.0220776595549185	Medium	Medium	Medium–Medium			0	no STRING match	no STRING match	1868	2588	1	1						
30257	fig|6666666.1036479.peg.1344	fig|6666666.1036479.peg.1362	0.8399242758750916	0.0222408438539427	Very Low	Medium	Very Low–Medium			0	no STRING match	no STRING match	2554	2570	1	1						
30259	fig|6666666.1036479.peg.3199	fig|6666666.1036479.peg.1983	0.8399230301380157	0.0222423139827627	Very Low	Very Low	Very Low–Very Low			0	no STRING match	no STRING match	1961	2834	1	1						
30298	fig|6666666.1036479.peg.1265	fig|6666666.1036479.peg.2104	0.8398416340351105	0.0222709814947534	Low	High	Low–High			0	no STRING match	no STRING match	2519	2877	1	1						
30406	fig|6666666.1036479.peg.2588	fig|6666666.1036479.peg.320	0.8396768033504486	0.0223503684510355	Very Low	Very Low	Very Low–Very Low			0	no STRING match	no STRING match	1664	2130	1	1						
30503	fig|6666666.1036479.peg.894	fig|6666666.1036479.peg.1092	0.8395860970020295	0.0224216696988073	Very Low	Very Low	Very Low–Very Low			0	no STRING match	no STRING match	2368	2428	1	1						
30618	fig|6666666.1036479.peg.1649	fig|6666666.1036479.peg.1814	0.83948894739151	0.0225062021059595	Very Low	Very Low	Very Low–Very Low	YD repeat-containing protein; COG3209 Rhs family protein.		0	secondary STRING hit (STRING protein assigned to a better match)	no STRING match	2703	2763	1	1						
30674	fig|6666666.1036479.peg.2693	fig|6666666.1036479.peg.2796	0.8394183576107025	0.0225473657129205	Very Low	Very Low	Very Low–Very Low			0	no STRING match	no STRING match	1712	1755	1	1	Ribosomal_L10	Ribosomal protein L10		PseudoU_synth_2	RNA pseudouridylate synthase	GO:0001522;GO:0003723;GO:0009451;GO:0009982
30837	fig|6666666.1036479.peg.2761	fig|6666666.1036479.peg.2811	0.839205127954483	0.0226671812117536	Low	Medium	Low–Medium			0	no STRING match	no STRING match	1740	1762	1	1	CarbopepD_reg_2;Plug	CarboxypepD_reg-like domain; TonB-dependent Receptor Plug Domain		DUF4252	Domain of unknown function (DUF4252)	
30879	fig|6666666.1036479.peg.2960	fig|6666666.1036479.peg.1217	0.8391386806964874	0.0226980539169744	Low	Low	Low–Low			0	no STRING match	no STRING match	1849	2503	1	1						
30896	fig|6666666.1036479.peg.2960	fig|6666666.1036479.peg.3205	0.8391188979148865	0.0227105500119447	Low	Low	Low–Low			0	no STRING match	no STRING match	1849	1964	1	1						
31103	fig|6666666.1036479.peg.894	fig|6666666.1036479.peg.2469	0.8388682544231415	0.0228627083448187	Very Low	Very Low	Very Low–Very Low			0	no STRING match	no STRING match	2368	3040	1	1						
31330	fig|6666666.1036479.peg.2509	fig|6666666.1036479.peg.714	0.8386415064334869	0.023029567965893	Very Low	Low	Very Low–Low			0	no STRING match	no STRING match	1616	2273	15	1						
31473	fig|6666666.1036479.peg.2568	fig|6666666.1036479.peg.320	0.8385132670402526	0.0231346821765257	Very Low	Very Low	Very Low–Very Low			0	no STRING match	no STRING match	1656	2130	1	1						
31762	fig|6666666.1036479.peg.2691	fig|6666666.1036479.peg.2796	0.8381833493709564	0.0233471157910211	Very Low	Very Low	Very Low–Very Low			0	no STRING match	no STRING match	1711	1755	1	1	Ribosomal_L11_N;Ribosomal_L11	Ribosomal protein L11, N-terminal domain; Ribosomal protein L11, RNA binding domain	GO:0003735;GO:0005840;GO:0006412	PseudoU_synth_2	RNA pseudouridylate synthase	GO:0001522;GO:0003723;GO:0009451;GO:0009982
31944	fig|6666666.1036479.peg.1604	fig|6666666.1036479.peg.1649	0.8379522144794465	0.0234808975136446	Very Low	Very Low	Very Low–Very Low	YD repeat-containing protein; COG3209 Rhs family protein.	YD repeat-containing protein; COG3209 Rhs family protein.	0	secondary STRING hit (STRING protein assigned to a better match)	secondary STRING hit (STRING protein assigned to a better match)	2685	2703	2	1						
32063	fig|6666666.1036479.peg.1420	fig|6666666.1036479.peg.1661	0.8378274083137512	0.0235683701784368	Very Low	Low	Very Low–Low			0	no STRING match	no STRING match	2598	2708	1	1	LptC	Lipopolysaccharide-assembly, LptC-related		OmpH	Outer membrane protein (OmpH-like)	
32208	fig|6666666.1036479.peg.1814	fig|6666666.1036479.peg.2454	0.8376376569271088	0.0236749545178896	Very Low	Medium	Very Low–Medium			0	no STRING match	no STRING match	2763	3031	1	1						
32440	fig|6666666.1036479.peg.3008	fig|6666666.1036479.peg.1814	0.8373075127601624	0.023845489461014	Medium	Very Low	Very Low–Medium			0	no STRING match	no STRING match	1868	2763	1	1						
32763	fig|6666666.1036479.peg.3199	fig|6666666.1036479.peg.1265	0.836953979730606	0.0240829152654501	Very Low	Low	Very Low–Low			0	no STRING match	no STRING match	1961	2519	1	1						
32863	fig|6666666.1036479.peg.3199	fig|6666666.1036479.peg.1362	0.8368466973304749	0.024156421706452	Very Low	Medium	Very Low–Medium			0	no STRING match	no STRING match	1961	2570	1	1						
32918	fig|6666666.1036479.peg.2507	fig|6666666.1036479.peg.2511	0.8367876887321473	0.024196850249003	Low	Medium	Low–Medium			0	no STRING match	no STRING match	1614	1618	1	8						
32957	fig|6666666.1036479.peg.1082	fig|6666666.1036479.peg.2347	0.836745309829712	0.0242255177609938	Medium	Low	Low–Medium			0	no STRING match	no STRING match	2426	2990	1	1	Polysacc_synt	Polysaccharide biosynthesis protein	GO:0016020			
32961	fig|6666666.1036479.peg.3008	fig|6666666.1036479.peg.1983	0.8367384612560272	0.0242284580186338	Medium	Very Low	Very Low–Medium			0	no STRING match	no STRING match	1868	2834	1	1						
33091	fig|6666666.1036479.peg.2691	fig|6666666.1036479.peg.1271	0.8365944266319275	0.0243240163919363	Very Low	Very Low	Very Low–Very Low			0	no STRING match	no STRING match	1711	2523	1	1	Ribosomal_L11_N;Ribosomal_L11	Ribosomal protein L11, N-terminal domain; Ribosomal protein L11, RNA binding domain	GO:0003735;GO:0005840;GO:0006412	Cpn10	Chaperonin 10 Kd subunit	GO:0005524;GO:0006457;GO:0044183
33105	fig|6666666.1036479.peg.3199	fig|6666666.1036479.peg.2104	0.8365696728229522	0.0243343072936766	Very Low	High	Very Low–High			0	no STRING match	no STRING match	1961	2877	1	1						
33411	fig|6666666.1036479.peg.3008	fig|6666666.1036479.peg.320	0.8361552119255066	0.0245592370031424	Medium	Very Low	Very Low–Medium			0	no STRING match	no STRING match	1868	2130	1	1						
33419	fig|6666666.1036479.peg.1265	fig|6666666.1036479.peg.1983	0.8361351311206817	0.0245651175184225	Low	Very Low	Very Low–Low			0	no STRING match	no STRING match	2519	2834	1	1						
33634	fig|6666666.1036479.peg.2809	fig|6666666.1036479.peg.2811	0.8358774006366729	0.0247231563665766	Very Low	Medium	Very Low–Medium			0	no STRING match	no STRING match	1760	1762	1	1	Pept_S41_N;Peptidase_S41	Peptidase S41 N-terminal domain; Peptidase family S41	GO:0006508;GO:0008236	DUF4252	Domain of unknown function (DUF4252)	
33872	fig|6666666.1036479.peg.2741	fig|6666666.1036479.peg.1218	0.8355742633342743	0.0248981016961611	High	High	High–High			0	no STRING match	no STRING match	1728	2504	1	1	OMP_b-brl;OMP_b-brl_2	Outer membrane protein beta-barrel domain				
33875	fig|6666666.1036479.peg.2661	fig|6666666.1036479.peg.1218	0.8355695366859436	0.0249003068893911	High	High	High–High			0	no STRING match	no STRING match	1701	2504	1	1						
33916	fig|6666666.1036479.peg.2761	fig|6666666.1036479.peg.1661	0.835517406463623	0.0249304445302019	Low	Low	Low–Low			0	no STRING match	no STRING match	1740	2708	1	1	CarbopepD_reg_2;Plug	CarboxypepD_reg-like domain; TonB-dependent Receptor Plug Domain		OmpH	Outer membrane protein (OmpH-like)	
34125	fig|6666666.1036479.peg.2654	fig|6666666.1036479.peg.3223	0.8353235185146332	0.0250840729918959	High	High	High–High			0	no STRING match	no STRING match	1697	1973	1	2						
34146	fig|6666666.1036479.peg.3008	fig|6666666.1036479.peg.1961	0.8353086113929749	0.0250995093445063	Medium	Medium	Medium–Medium			0	no STRING match	no STRING match	1868	2822	1	1						
34180	fig|6666666.1036479.peg.2025	fig|6666666.1036479.peg.2347	0.8352657437324524	0.0251245015344469	Very Low	Low	Very Low–Low			0	no STRING match	no STRING match	2847	2990	1	1						
34295	fig|6666666.1036479.peg.2889	fig|6666666.1036479.peg.1362	0.8351412057876587	0.0252090339415991	Medium	Medium	Medium–Medium			0	no STRING match	no STRING match	1811	2570	1	1						
34308	fig|6666666.1036479.peg.1362	fig|6666666.1036479.peg.1983	0.8351162552833558	0.0252185897789293	Medium	Very Low	Very Low–Medium			0	no STRING match	no STRING match	2570	2834	1	1						
34328	fig|6666666.1036479.peg.2659	fig|6666666.1036479.peg.2347	0.8350950062274933	0.0252332910671297	High	Low	Low–High			0	no STRING match	no STRING match	1699	2990	1	1						
34351	fig|6666666.1036479.peg.1350	fig|6666666.1036479.peg.1362	0.8350703597068787	0.0252501975485601	Medium	Medium	Medium–Medium			0	no STRING match	no STRING match	2560	2570	1	1						
34424	fig|6666666.1036479.peg.2691	fig|6666666.1036479.peg.2693	0.834975266456604	0.0253038572504915	Very Low	Very Low	Very Low–Very Low			0	no STRING match	no STRING match	1711	1712	1	1	Ribosomal_L11_N;Ribosomal_L11	Ribosomal protein L11, N-terminal domain; Ribosomal protein L11, RNA binding domain	GO:0003735;GO:0005840;GO:0006412	Ribosomal_L10	Ribosomal protein L10	
34466	fig|6666666.1036479.peg.2811	fig|6666666.1036479.peg.1420	0.8349070012569427	0.0253347299557123	Medium	Very Low	Very Low–Medium			0	no STRING match	no STRING match	1762	2598	1	1	DUF4252	Domain of unknown function (DUF4252)		LptC	Lipopolysaccharide-assembly, LptC-related	
34566	fig|6666666.1036479.peg.2741	fig|6666666.1036479.peg.865	0.8348128020763397	0.0254082363967142	High	Medium	Medium–High			0	no STRING match	no STRING match	1728	2344	1	1	OMP_b-brl;OMP_b-brl_2	Outer membrane protein beta-barrel domain		DUF8199	Family of unknown function (DUF8199)	
34800	fig|6666666.1036479.peg.2809	fig|6666666.1036479.peg.1661	0.834525215625763	0.0255802414686586	Very Low	Low	Very Low–Low			0	no STRING match	no STRING match	1760	2708	1	1	Pept_S41_N;Peptidase_S41	Peptidase S41 N-terminal domain; Peptidase family S41	GO:0006508;GO:0008236	OmpH	Outer membrane protein (OmpH-like)	
34983	fig|6666666.1036479.peg.2889	fig|6666666.1036479.peg.308	0.8342600286006927	0.0257147582556921	Medium	Medium	Medium–Medium			0	no STRING match	no STRING match	1811	2121	1	1						
35053	fig|6666666.1036479.peg.2607	fig|6666666.1036479.peg.1902	0.8341717839241027	0.0257662127643934	Very Low	Low	Very Low–Low			0	no STRING match	no STRING match	1672	2788	1	1	ILVD_EDD_N;ILV_EDD_C	Dihydroxy-acid/6-phosphogluconate dehydratase N-terminal; Dihydroxy-acid/6-phosphogluconate dehydratase C-terminal		LacAB_rpiB	Ribose/Galactose Isomerase	GO:0005975;GO:0016853
35297	fig|6666666.1036479.peg.1961	fig|6666666.1036479.peg.1983	0.8339374542236329	0.025945568480438	Medium	Very Low	Very Low–Medium			0	no STRING match	no STRING match	2822	2834	1	1						
35350	fig|6666666.1036479.peg.2889	fig|6666666.1036479.peg.1348	0.8338671684265136	0.0259845268941691	Medium	Medium	Medium–Medium			0	no STRING match	no STRING match	1811	2558	1	1						
35401	fig|6666666.1036479.peg.2690	fig|6666666.1036479.peg.2796	0.8337932348251342	0.02602201517908	Medium	Very Low	Very Low–Medium			0	no STRING match	no STRING match	1710	1755	1	1	NusG;KOW	Transcription termination factor nusG; KOW motif	GO:0006354	PseudoU_synth_2	RNA pseudouridylate synthase	GO:0001522;GO:0003723;GO:0009451;GO:0009982
35486	fig|6666666.1036479.peg.2741	fig|6666666.1036479.peg.2095	0.8336848676204681	0.0260844956539316	High	Medium	Medium–High			0	no STRING match	no STRING match	1728	2873	1	1	OMP_b-brl;OMP_b-brl_2	Outer membrane protein beta-barrel domain		DUF6646	Family of unknown function (DUF6646)	
35790	fig|6666666.1036479.peg.2511	fig|6666666.1036479.peg.2784	0.8333564400672913	0.0263079552345774	Medium	Very Low	Very Low–Medium			0	no STRING match	no STRING match	1618	1750	8	1						
36032	fig|6666666.1036479.peg.2889	fig|6666666.1036479.peg.1350	0.8330639421939849	0.026485840821802	Medium	Medium	Medium–Medium			0	no STRING match	no STRING match	1811	2560	1	1						
36065	fig|6666666.1036479.peg.2605	fig|6666666.1036479.peg.2759	0.8330283105373383	0.0265100979473326	Very Low	Very Low	Very Low–Very Low			0	no STRING match	no STRING match	1670	1738	1	1						
36081	fig|6666666.1036479.peg.2761	fig|6666666.1036479.peg.2809	0.8330142617225647	0.0265218589778929	Low	Very Low	Very Low–Low			0	no STRING match	no STRING match	1740	1760	1	1	CarbopepD_reg_2;Plug	CarboxypepD_reg-like domain; TonB-dependent Receptor Plug Domain		Pept_S41_N;Peptidase_S41	Peptidase S41 N-terminal domain; Peptidase family S41	GO:0006508;GO:0008236
36198	fig|6666666.1036479.peg.2509	fig|6666666.1036479.peg.2511	0.8328473627567291	0.0266078615138651	Very Low	Medium	Very Low–Medium			0	no STRING match	no STRING match	1616	1618	15	8						
36379	fig|6666666.1036479.peg.1604	fig|6666666.1036479.peg.2454	0.8327726662158966	0.0267409081720785	Very Low	Medium	Very Low–Medium	YD repeat-containing protein; COG3209 Rhs family protein.		0	secondary STRING hit (STRING protein assigned to a better match)	no STRING match	2685	3031	2	1						
36514	fig|6666666.1036479.peg.2889	fig|6666666.1036479.peg.304	0.8326000213623047	0.0268401418674311	Medium	Medium	Medium–Medium			0	no STRING match	no STRING match	1811	2118	1	1						
36539	fig|6666666.1036479.peg.2654	fig|6666666.1036479.peg.1217	0.832577896118164	0.0268585184776816	High	Low	Low–High			0	no STRING match	no STRING match	1697	2503	1	1						
36763	fig|6666666.1036479.peg.308	fig|6666666.1036479.peg.1350	0.832314532995224	0.0270231729055258	Medium	Medium	Medium–Medium			0	no STRING match	no STRING match	2121	2560	1	1						
36822	fig|6666666.1036479.peg.1649	fig|6666666.1036479.peg.2454	0.8322380423545838	0.0270665417057169	Very Low	Medium	Very Low–Medium	YD repeat-containing protein; COG3209 Rhs family protein.		0	secondary STRING hit (STRING protein assigned to a better match)	no STRING match	2703	3031	1	1						
37073	fig|6666666.1036479.peg.2809	fig|6666666.1036479.peg.1649	0.8319217205047608	0.0272510428726317	Very Low	Very Low	Very Low–Very Low		YD repeat-containing protein; COG3209 Rhs family protein.	0	no STRING match	secondary STRING hit (STRING protein assigned to a better match)	1760	2703	1	1	Pept_S41_N;Peptidase_S41	Peptidase S41 N-terminal domain; Peptidase family S41	GO:0006508;GO:0008236			
37098	fig|6666666.1036479.peg.308	fig|6666666.1036479.peg.1348	0.8318921327590942	0.0272694194828821	Medium	Medium	Medium–Medium			0	no STRING match	no STRING match	2121	2558	1	1						
37110	fig|6666666.1036479.peg.1348	fig|6666666.1036479.peg.1950	0.8318825781345367	0.0272782402558024	Medium	Very Low	Very Low–Medium			0	no STRING match	no STRING match	2558	2812	1	1						
37130	fig|6666666.1036479.peg.304	fig|6666666.1036479.peg.308	0.8318705379962921	0.0272929415440027	Medium	Medium	Medium–Medium			0	no STRING match	no STRING match	2118	2121	1	1						
37160	fig|6666666.1036479.peg.217	fig|6666666.1036479.peg.950	0.8318372964859009	0.0273149934763033	Very Low	Very Low	Very Low–Very Low			0	no STRING match	no STRING match	2079	2392	1	1	Ribosomal_S6	Ribosomal protein S6	GO:0003735;GO:0005840;GO:0006412;GO:0019843	SmpB	SmpB protein	GO:0003723
37417	fig|6666666.1036479.peg.2761	fig|6666666.1036479.peg.1420	0.8315769851207733	0.0275039050296782	Low	Very Low	Very Low–Low			0	no STRING match	no STRING match	1740	2598	1	1	CarbopepD_reg_2;Plug	CarboxypepD_reg-like domain; TonB-dependent Receptor Plug Domain		LptC	Lipopolysaccharide-assembly, LptC-related	
37497	fig|6666666.1036479.peg.1265	fig|6666666.1036479.peg.1950	0.8314808249473572	0.0275627101824797	Low	Very Low	Very Low–Low			0	no STRING match	no STRING match	2519	2812	1	1						
37640	fig|6666666.1036479.peg.304	fig|6666666.1036479.peg.1348	0.8313109636306762	0.0276678243931124	Medium	Medium	Medium–Medium			0	no STRING match	no STRING match	2118	2558	1	1						
37732	fig|6666666.1036479.peg.1348	fig|6666666.1036479.peg.1350	0.8311929643154145	0.0277354503188341	Medium	Medium	Medium–Medium			0	no STRING match	no STRING match	2558	2560	1	1						
37773	fig|6666666.1036479.peg.2605	fig|6666666.1036479.peg.2618	0.8311568915843963	0.0277655879596449	Very Low	Very Low	Very Low–Very Low			0	no STRING match	no STRING match	1670	1677	1	1						
38088	fig|6666666.1036479.peg.308	fig|6666666.1036479.peg.1265	0.8307906210422515	0.0279971332488009	Medium	Low	Low–Medium			0	no STRING match	no STRING match	2121	2519	1	1						
38159	fig|6666666.1036479.peg.304	fig|6666666.1036479.peg.1350	0.8307168424129486	0.0280493228219122	Medium	Medium	Medium–Medium			0	no STRING match	no STRING match	2118	2560	1	1						
38358	fig|6666666.1036479.peg.2759	fig|6666666.1036479.peg.2469	0.8305458545684814	0.028195600639506	Very Low	Very Low	Very Low–Very Low			0	no STRING match	no STRING match	1738	3040	1	1						
38359	fig|6666666.1036479.peg.1461	fig|6666666.1036479.peg.1886	0.830542939901352	0.028196335703916	Medium	Very Low	Very Low–Medium			0	no STRING match	no STRING match	2608	2782	1	1	OmpH	Outer membrane protein (OmpH-like)		OmpH	Outer membrane protein (OmpH-like)	
38369	fig|6666666.1036479.peg.2509	fig|6666666.1036479.peg.2784	0.8305378198623657	0.0282036863480162	Very Low	Very Low	Very Low–Very Low			0	no STRING match	no STRING match	1616	1750	15	1						
38736	fig|6666666.1036479.peg.2759	fig|6666666.1036479.peg.1950	0.830176728963852	0.0284734549864931	Very Low	Very Low	Very Low–Very Low			0	no STRING match	no STRING match	1738	2812	1	1						
38892	fig|6666666.1036479.peg.1217	fig|6666666.1036479.peg.1406	0.8299658298492432	0.0285881250344561	Low	Low	Low–Low			0	no STRING match	no STRING match	2503	2587	1	1						
38893	fig|6666666.1036479.peg.3197	fig|6666666.1036479.peg.2469	0.8299645602703094	0.0285888600988661	Very Low	Very Low	Very Low–Very Low			0	no STRING match	no STRING match	1959	3040	1	1						
38940	fig|6666666.1036479.peg.2607	fig|6666666.1036479.peg.492	0.829911345243454	0.028623408126137	Very Low	Very Low	Very Low–Very Low			0	no STRING match	no STRING match	1672	2179	1	1	ILVD_EDD_N;ILV_EDD_C	Dihydroxy-acid/6-phosphogluconate dehydratase N-terminal; Dihydroxy-acid/6-phosphogluconate dehydratase C-terminal		TAL_FSA	Transaldolase/Fructose-6-phosphate aldolase	GO:0005975
38941	fig|6666666.1036479.peg.1420	fig|6666666.1036479.peg.1649	0.8299107849597931	0.028624143190547	Very Low	Very Low	Very Low–Very Low		YD repeat-containing protein; COG3209 Rhs family protein.	0	no STRING match	secondary STRING hit (STRING protein assigned to a better match)	2598	2703	1	1	LptC	Lipopolysaccharide-assembly, LptC-related				
38966	fig|6666666.1036479.peg.2659	fig|6666666.1036479.peg.1217	0.8298690140247345	0.0286425198007975	High	Low	Low–High			0	no STRING match	no STRING match	1699	2503	1	1						
38988	fig|6666666.1036479.peg.2605	fig|6666666.1036479.peg.2434	0.8298535525798798	0.0286586912178179	Very Low	High	Very Low–High			0	no STRING match	no STRING match	1670	3021	1	1						
39280	fig|6666666.1036479.peg.2690	fig|6666666.1036479.peg.217	0.8295645773410797	0.0288733300255434	Medium	Very Low	Very Low–Medium			0	no STRING match	no STRING match	1710	2079	1	1	NusG;KOW	Transcription termination factor nusG; KOW motif	GO:0006354	Ribosomal_S6	Ribosomal protein S6	GO:0003735;GO:0005840;GO:0006412;GO:0019843
39357	fig|6666666.1036479.peg.2520	fig|6666666.1036479.peg.2854	0.829486745595932	0.0289299299851149	Very Low	Low	Very Low–Low			0	no STRING match	no STRING match	1623	1789	1	1						
39426	fig|6666666.1036479.peg.2618	fig|6666666.1036479.peg.2434	0.8294176936149598	0.0289806494294062	Very Low	High	Very Low–High			0	no STRING match	no STRING match	1677	3021	1	1						
39616	fig|6666666.1036479.peg.1289	fig|6666666.1036479.peg.1950	0.8292147219181061	0.0291203116673098	Very Low	Very Low	Very Low–Very Low			0	no STRING match	no STRING match	2528	2812	1	1						
39662	fig|6666666.1036479.peg.2618	fig|6666666.1036479.peg.1234	0.8291579246520996	0.0291541246301707	Very Low	Very Low	Very Low–Very Low			0	no STRING match	no STRING match	1677	2509	1	1						
39775	fig|6666666.1036479.peg.2507	fig|6666666.1036479.peg.2509	0.8290167033672333	0.0292371869085028	Low	Very Low	Very Low–Low			0	no STRING match	no STRING match	1614	1616	1	15						
39977	fig|6666666.1036479.peg.1604	fig|6666666.1036479.peg.2386	0.8287911355495453	0.0293856699193266	Very Low	Medium	Very Low–Medium	YD repeat-containing protein; COG3209 Rhs family protein.		0	secondary STRING hit (STRING protein assigned to a better match)	no STRING match	2685	3000	2	1						
40042	fig|6666666.1036479.peg.1180	fig|6666666.1036479.peg.1950	0.8287326335906983	0.0294334491059779	Low	Very Low	Very Low–Low			0	no STRING match	no STRING match	2488	2812	1	1	DUF6686	Family of unknown function (DUF6686)				
40210	fig|6666666.1036479.peg.2605	fig|6666666.1036479.peg.1234	0.8285341858863831	0.029556939926861	Very Low	Very Low	Very Low–Very Low			0	no STRING match	no STRING match	1670	2509	1	1						
40250	fig|6666666.1036479.peg.2542	fig|6666666.1036479.peg.2469	0.8284688830375672	0.0295863425032618	Very Low	Very Low	Very Low–Very Low			0	no STRING match	no STRING match	1635	3040	1	1						
40537	fig|6666666.1036479.peg.2568	fig|6666666.1036479.peg.1604	0.8281722724437713	0.0297973059889372	Very Low	Very Low	Very Low–Very Low		YD repeat-containing protein; COG3209 Rhs family protein.	0	no STRING match	secondary STRING hit (STRING protein assigned to a better match)	1656	2685	1	2						
40618	fig|6666666.1036479.peg.1289	fig|6666666.1036479.peg.2469	0.8280953824520111	0.0298568462061488	Very Low	Very Low	Very Low–Very Low			0	no STRING match	no STRING match	2528	3040	1	1						
40683	fig|6666666.1036479.peg.1234	fig|6666666.1036479.peg.2434	0.8280115306377411	0.0299046253928	Very Low	High	Very Low–High			0	no STRING match	no STRING match	2509	3021	1	1						
40858	fig|6666666.1036479.peg.2502	fig|6666666.1036479.peg.2509	0.8278149843215943	0.0300332616645533	High	Very Low	Very Low–High			0	no STRING match	no STRING match	1609	1616	1	15						
40893	fig|6666666.1036479.peg.3209	fig|6666666.1036479.peg.2434	0.8277697026729584	0.030058988918904	Medium	High	Medium–High			0	no STRING match	no STRING match	1966	3021	1	1						
40955	fig|6666666.1036479.peg.3197	fig|6666666.1036479.peg.1289	0.8276863098144531	0.0301045629123251	Very Low	Very Low	Very Low–Very Low			0	no STRING match	no STRING match	1959	2528	1	1						
41175	fig|6666666.1036479.peg.2685	fig|6666666.1036479.peg.3104	0.8274143040180206	0.0302662770825293	Very Low	Very Low	Very Low–Very Low			0	no STRING match	no STRING match	1707	1912	1	1	Ribosomal_S21	Ribosomal protein S21	GO:0003735;GO:0005840;GO:0006412			
41225	fig|6666666.1036479.peg.2605	fig|6666666.1036479.peg.1183	0.8273577988147736	0.0303030303030303	Very Low	Very Low	Very Low–Very Low			0	no STRING match	no STRING match	1670	2491	1	1						
41430	fig|6666666.1036479.peg.2520	fig|6666666.1036479.peg.3197	0.8271405577659607	0.0304537185070841	Very Low	Very Low	Very Low–Very Low			0	no STRING match	no STRING match	1623	1959	1	1						
41452	fig|6666666.1036479.peg.304	fig|6666666.1036479.peg.1412	0.8271087229251861	0.0304698899241046	Medium	Medium	Medium–Medium			0	no STRING match	no STRING match	2118	2591	1	1						
41486	fig|6666666.1036479.peg.2659	fig|6666666.1036479.peg.1406	0.8270743668079377	0.0304948821140452	High	Low	Low–High			0	no STRING match	no STRING match	1699	2587	1	1						
41559	fig|6666666.1036479.peg.2659	fig|6666666.1036479.peg.1732	0.8269780695438385	0.0305485418159766	High	High	High–High			0	no STRING match	no STRING match	1699	2730	1	1				UPF0093	Protoporphyrinogen oxidase HemJ	
41686	fig|6666666.1036479.peg.2693	fig|6666666.1036479.peg.1271	0.82684525847435	0.030641894996049	Very Low	Very Low	Very Low–Very Low			0	no STRING match	no STRING match	1712	2523	1	1	Ribosomal_L10	Ribosomal protein L10		Cpn10	Chaperonin 10 Kd subunit	GO:0005524;GO:0006457;GO:0044183
41718	fig|6666666.1036479.peg.1945	fig|6666666.1036479.peg.1961	0.8268057107925415	0.0306654170571696	Very Low	Medium	Very Low–Medium			0	no STRING match	no STRING match	2807	2822	1	1						
41935	fig|6666666.1036479.peg.1764	fig|6666666.1036479.peg.1961	0.8266001224517823	0.0308249260341437	Low	Medium	Low–Medium			0	no STRING match	no STRING match	2739	2822	1	1	PKD;PKD_4	PKD domain				
42130	fig|6666666.1036479.peg.1489	fig|6666666.1036479.peg.1961	0.8264034152030945	0.0309682635940974	Very Low	Medium	Very Low–Medium			0	no STRING match	no STRING match	2617	2822	1	1						
42329	fig|6666666.1036479.peg.2386	fig|6666666.1036479.peg.2454	0.8262139618396759	0.0311145414116912	Medium	Medium	Medium–Medium			0	no STRING match	no STRING match	3000	3031	1	1						
42567	fig|6666666.1036479.peg.1183	fig|6666666.1036479.peg.2434	0.8259551405906678	0.0312894867412757	Very Low	High	Very Low–High			0	no STRING match	no STRING match	2491	3021	1	1						
42643	fig|6666666.1036479.peg.2502	fig|6666666.1036479.peg.3209	0.8258736431598663	0.0313453516364371	High	Medium	Medium–High			0	no STRING match	no STRING match	1609	1966	1	1						
42744	fig|6666666.1036479.peg.2618	fig|6666666.1036479.peg.1183	0.8257733643054962	0.031419593141849	Very Low	Very Low	Very Low–Very Low			0	no STRING match	no STRING match	1677	2491	1	1						
42826	fig|6666666.1036479.peg.2685	fig|6666666.1036479.peg.3244	0.8256890654563904	0.0314798684234706	Very Low	Very Low	Very Low–Very Low			0	no STRING match	no STRING match	1707	1994	1	3	Ribosomal_S21	Ribosomal protein S21	GO:0003735;GO:0005840;GO:0006412			
42861	fig|6666666.1036479.peg.2854	fig|6666666.1036479.peg.3197	0.8256579399108886	0.0315055956778212	Low	Very Low	Very Low–Low			0	no STRING match	no STRING match	1789	1959	1	1						
42969	fig|6666666.1036479.peg.3149	fig|6666666.1036479.peg.1886	0.8255588173866272	0.0315849826341033	Very Low	Very Low	Very Low–Very Low			0	no STRING match	no STRING match	1930	2782	1	1	DUF3276	Protein of unknown function (DUF3276)	GO:0000977;GO:0032422	OmpH	Outer membrane protein (OmpH-like)	
43079	fig|6666666.1036479.peg.3209	fig|6666666.1036479.peg.1567	0.825435584783554	0.0316658397192054	Medium	Low	Low–Medium			0	no STRING match	no STRING match	1966	2660	1	1						
43225	fig|6666666.1036479.peg.2618	fig|6666666.1036479.peg.3209	0.8253199815750122	0.0317731591230681	Very Low	Medium	Very Low–Medium			0	no STRING match	no STRING match	1677	1966	1	1						
43229	fig|6666666.1036479.peg.2556	fig|6666666.1036479.peg.3209	0.8253159880638122	0.0317760993807082	High	Medium	Medium–High			0	no STRING match	no STRING match	1649	1966	2	1						
43296	fig|6666666.1036479.peg.2520	fig|6666666.1036479.peg.1289	0.8252469003200531	0.0318253486961795	Very Low	Very Low	Very Low–Very Low			0	no STRING match	no STRING match	1623	2528	1	1						
43477	fig|6666666.1036479.peg.2568	fig|6666666.1036479.peg.2588	0.8250270068645478	0.0319583953543929	Very Low	Very Low	Very Low–Very Low			0	no STRING match	no STRING match	1656	1664	1	1						
43618	fig|6666666.1036479.peg.865	fig|6666666.1036479.peg.1218	0.8248950958251953	0.0320620394362056	Medium	High	Medium–High			0	no STRING match	no STRING match	2344	2504	1	1	DUF8199	Family of unknown function (DUF8199)				
43635	fig|6666666.1036479.peg.2809	fig|6666666.1036479.peg.2454	0.8248789787292481	0.0320745355311759	Very Low	Medium	Very Low–Medium			0	no STRING match	no STRING match	1760	3031	1	1	Pept_S41_N;Peptidase_S41	Peptidase S41 N-terminal domain; Peptidase family S41	GO:0006508;GO:0008236			
43830	fig|6666666.1036479.peg.2588	fig|6666666.1036479.peg.1602	0.8246788561344147	0.0322178730911296	Very Low	Very Low	Very Low–Very Low			0	no STRING match	no STRING match	1664	2683	1	2						
43939	fig|6666666.1036479.peg.2588	fig|6666666.1036479.peg.882	0.8245734810829163	0.0322979951118216	Very Low	Very Low	Very Low–Very Low			0	no STRING match	no STRING match	1664	2357	1	1						
44171	fig|6666666.1036479.peg.2542	fig|6666666.1036479.peg.2854	0.8243372797966003	0.032468530054946	Very Low	Low	Very Low–Low			0	no STRING match	no STRING match	1635	1789	1	1						
44238	fig|6666666.1036479.peg.2854	fig|6666666.1036479.peg.1289	0.8242655992507935	0.0325177793704173	Low	Very Low	Very Low–Low			0	no STRING match	no STRING match	1789	2528	1	1						
44323	fig|6666666.1036479.peg.1489	fig|6666666.1036479.peg.1764	0.8241797864437104	0.0325802598452689	Very Low	Low	Very Low–Low			0	no STRING match	no STRING match	2617	2739	1	1				PKD;PKD_4	PKD domain	
44793	fig|6666666.1036479.peg.865	fig|6666666.1036479.peg.1764	0.8236707746982574	0.0329257401179778	Medium	Low	Low–Medium			0	no STRING match	no STRING match	2344	2739	1	1	DUF8199	Family of unknown function (DUF8199)		PKD;PKD_4	PKD domain	
44805	fig|6666666.1036479.peg.2607	fig|6666666.1036479.peg.2619	0.8236553728580475	0.032934560890898	Very Low	Very Low	Very Low–Very Low			0	no STRING match	no STRING match	1672	1678	1	1	ILVD_EDD_N;ILV_EDD_C	Dihydroxy-acid/6-phosphogluconate dehydratase N-terminal; Dihydroxy-acid/6-phosphogluconate dehydratase C-terminal		Iso_dh	Isocitrate/isopropylmalate dehydrogenase	
44815	fig|6666666.1036479.peg.2542	fig|6666666.1036479.peg.3197	0.8236471176147461	0.0329419115349982	Very Low	Very Low	Very Low–Very Low			0	no STRING match	no STRING match	1635	1959	1	1						
44956	fig|6666666.1036479.peg.2761	fig|6666666.1036479.peg.2095	0.8234868764877319	0.0330455556168109	Low	Medium	Low–Medium			0	no STRING match	no STRING match	1740	2873	1	1	CarbopepD_reg_2;Plug	CarboxypepD_reg-like domain; TonB-dependent Receptor Plug Domain		DUF6646	Family of unknown function (DUF6646)	
44971	fig|6666666.1036479.peg.1352	fig|6666666.1036479.peg.1368	0.8234682977199554	0.0330565815829612	Medium	Medium	Medium–Medium			0	no STRING match	no STRING match	2561	2576	1	1						
45156	fig|6666666.1036479.peg.1945	fig|6666666.1036479.peg.1953	0.8233009338378906	0.0331925684988147	Very Low	Low	Very Low–Low			0	no STRING match	no STRING match	2807	2814	1	1						
45160	fig|6666666.1036479.peg.2568	fig|6666666.1036479.peg.882	0.8232973754405976	0.0331955087564547	Very Low	Very Low	Very Low–Very Low			0	no STRING match	no STRING match	1656	2357	1	1						
45173	fig|6666666.1036479.peg.2654	fig|6666666.1036479.peg.1218	0.8232846558094025	0.033205064593785	High	High	High–High			0	no STRING match	no STRING match	1697	2504	1	1						
45247	fig|6666666.1036479.peg.2520	fig|6666666.1036479.peg.2542	0.8232554018497467	0.0332594593601264	Very Low	Very Low	Very Low–Very Low			0	no STRING match	no STRING match	1623	1635	1	1						
45553	fig|6666666.1036479.peg.1183	fig|6666666.1036479.peg.1234	0.822950130701065	0.0334843890695922	Very Low	Very Low	Very Low–Very Low			0	no STRING match	no STRING match	2491	2509	1	1						
45635	fig|6666666.1036479.peg.2556	fig|6666666.1036479.peg.1368	0.8228538334369659	0.0335446643512137	High	Medium	Medium–High			0	no STRING match	no STRING match	1649	2576	2	1						
45708	fig|6666666.1036479.peg.1602	fig|6666666.1036479.peg.1966	0.8227767467498779	0.0335983240531451	Very Low	Very Low	Very Low–Very Low			0	no STRING match	no STRING match	2683	2826	2	1						
45791	fig|6666666.1036479.peg.1128	fig|6666666.1036479.peg.1602	0.8226994276046753	0.0336593343991767	Very Low	Very Low	Very Low–Very Low			0	no STRING match	no STRING match	2459	2683	1	2						
45839	fig|6666666.1036479.peg.2735	fig|6666666.1036479.peg.1071	0.8226456880569458	0.0336946174908576	Low	Very Low	Very Low–Low			0	no STRING match	no STRING match	1727	2415	1	1	Acetyltransf_3;Acetyltransf_1;Acetyltransf_10;Acetyltransf_7	Acetyltransferase (GNAT) domain; Acetyltransferase (GNAT) family	GO:0016747	PglD_N;Hexapep	PglD N-terminal domain; Bacterial transferase hexapeptide (six repeats)	
45854	fig|6666666.1036479.peg.865	fig|6666666.1036479.peg.1489	0.8226274013519287	0.0337056434570079	Medium	Very Low	Very Low–Medium			0	no STRING match	no STRING match	2344	2617	1	1	DUF8199	Family of unknown function (DUF8199)				
46005	fig|6666666.1036479.peg.2511	fig|6666666.1036479.peg.2918	0.8224439442157745	0.0338166381829207	Medium	Very Low	Very Low–Medium			0	no STRING match	no STRING match	1618	1822	8	1						
46548	fig|6666666.1036479.peg.2502	fig|6666666.1036479.peg.1567	0.8219375610351562	0.034215778157561	High	Low	Low–High			0	no STRING match	no STRING match	1609	2660	1	1						
46594	fig|6666666.1036479.peg.3010	fig|6666666.1036479.peg.1764	0.8218964159488678	0.0342495911204219	Low	Low	Low–Low			0	no STRING match	no STRING match	1870	2739	1	1				PKD;PKD_4	PKD domain	
46623	fig|6666666.1036479.peg.1368	fig|6666666.1036479.peg.1412	0.8218694984912872	0.0342709079883124	Medium	Medium	Medium–Medium			0	no STRING match	no STRING match	2576	2591	1	1						
46661	fig|6666666.1036479.peg.1234	fig|6666666.1036479.peg.1612	0.8218408942222595	0.0342988404358931	Very Low	Low	Very Low–Low			0	no STRING match	no STRING match	2509	2686	1	1						
47012	fig|6666666.1036479.peg.2588	fig|6666666.1036479.peg.1966	0.8215126514434814	0.0345568480438098	Very Low	Very Low	Very Low–Very Low			0	no STRING match	no STRING match	1664	2826	1	1						
47254	fig|6666666.1036479.peg.2654	fig|6666666.1036479.peg.1406	0.8212084352970124	0.0347347336310344	High	Low	Low–High			0	no STRING match	no STRING match	1697	2587	1	1						
47257	fig|6666666.1036479.peg.306	fig|6666666.1036479.peg.1412	0.8212049961090088	0.0347369388242644	Medium	Medium	Medium–Medium			0	no STRING match	no STRING match	2119	2591	2	1						
47321	fig|6666666.1036479.peg.1764	fig|6666666.1036479.peg.1945	0.821152663230896	0.0347839829465056	Low	Very Low	Very Low–Low			0	no STRING match	no STRING match	2739	2807	1	1	PKD;PKD_4	PKD domain				
47449	fig|6666666.1036479.peg.31	fig|6666666.1036479.peg.1489	0.8210642516613007	0.0348780711909881	Very Low	Very Low	Very Low–Very Low			0	no STRING match	no STRING match	2018	2617	2	1						
47498	fig|6666666.1036479.peg.2507	fig|6666666.1036479.peg.2918	0.821000725030899	0.034914089347079	Low	Very Low	Very Low–Low			0	no STRING match	no STRING match	1614	1822	1	1						
47775	fig|6666666.1036479.peg.1567	fig|6666666.1036479.peg.1612	0.8207451224327087	0.0351177021886542	Low	Low	Low–Low			0	no STRING match	no STRING match	2660	2686	1	1						
47825	fig|6666666.1036479.peg.729	fig|6666666.1036479.peg.1368	0.8206976354122162	0.0351544554091552	Medium	Medium	Medium–Medium			0	no STRING match	no STRING match	2287	2576	1	1						
48012	fig|6666666.1036479.peg.3010	fig|6666666.1036479.peg.2386	0.8204881012439728	0.0352919124538287	Low	Medium	Low–Medium			0	no STRING match	no STRING match	1870	3000	1	1						
48014	fig|6666666.1036479.peg.3028	fig|6666666.1036479.peg.1082	0.820485097169876	0.0352933825826488	High	Medium	Medium–High	Hypothetical protein; COG0697 Permeases of the drug/metabolite transporter (DMT) superfamily.		0	secondary STRING hit (STRING protein assigned to a better match)	no STRING match	1884	2426	1	1	EamA;EamA	EamA-like transporter family	GO:0016020	Polysacc_synt	Polysaccharide biosynthesis protein	GO:0016020
48026	fig|6666666.1036479.peg.1412	fig|6666666.1036479.peg.1945	0.8204727590084075	0.035302203355569	Medium	Very Low	Very Low–Medium			0	no STRING match	no STRING match	2591	2807	1	1						
48071	fig|6666666.1036479.peg.2556	fig|6666666.1036479.peg.1352	0.8204291880130767	0.0353352812540198	High	Medium	Medium–High			0	no STRING match	no STRING match	1649	2561	2	1						
48106	fig|6666666.1036479.peg.492	fig|6666666.1036479.peg.1902	0.8203920006752015	0.0353610085083705	Very Low	Low	Very Low–Low			0	no STRING match	no STRING match	2179	2788	1	1	TAL_FSA	Transaldolase/Fructose-6-phosphate aldolase	GO:0005975	LacAB_rpiB	Ribose/Galactose Isomerase	GO:0005975;GO:0016853
48231	fig|6666666.1036479.peg.277	fig|6666666.1036479.peg.2142	0.820251590013504	0.0354528915596229	Low	Very Low	Very Low–Low			0	no STRING match	no STRING match	2104	2900	1	1	Fer4_11;Fer4_10;Fer4_7;Fer4_9;LdpA_Fe-S-bd;Fer4;Fer4_6	4Fe-4S dicluster domain; LdpA Fe-S cluster-binding domain; 4Fe-4S binding domain		ADP_ribosyl_GH	ADP-ribosylglycohydrolase	
48293	fig|6666666.1036479.peg.1183	fig|6666666.1036479.peg.1431	0.820190167427063	0.035498465553044	Very Low	Very Low	Very Low–Very Low			0	no STRING match	no STRING match	2491	2600	1	1						
48357	fig|6666666.1036479.peg.2542	fig|6666666.1036479.peg.1180	0.8201102912425995	0.0355455096752852	Very Low	Low	Very Low–Low			0	no STRING match	no STRING match	1635	2488	1	1				DUF6686	Family of unknown function (DUF6686)	
48360	fig|6666666.1036479.peg.1489	fig|6666666.1036479.peg.1945	0.8201079666614532	0.0355477148685153	Very Low	Very Low	Very Low–Very Low			0	no STRING match	no STRING match	2617	2807	1	1						
48510	fig|6666666.1036479.peg.2568	fig|6666666.1036479.peg.3010	0.8199694871902465	0.0356579745300181	Very Low	Low	Very Low–Low			0	no STRING match	no STRING match	1656	1870	1	1						
48525	fig|6666666.1036479.peg.55	fig|6666666.1036479.peg.1218	0.8199557363986969	0.0356690004961684	Low	High	Low–High			0	no STRING match	no STRING match	2037	2504	1	1						
48739	fig|6666666.1036479.peg.1352	fig|6666666.1036479.peg.1412	0.8197589814662933	0.0358263042799125	Medium	Medium	Medium–Medium			0	no STRING match	no STRING match	2561	2591	1	1						
48777	fig|6666666.1036479.peg.2145	fig|6666666.1036479.peg.2289	0.8197233974933624	0.0358542367274932	Very Low	Very Low	Very Low–Very Low			0	no STRING match	no STRING match	2902	2959	1	1						
48795	fig|6666666.1036479.peg.2502	fig|6666666.1036479.peg.2511	0.8196978986263275	0.0358674678868735	High	Medium	Medium–High			0	no STRING match	no STRING match	1609	1618	1	8						
48961	fig|6666666.1036479.peg.1180	fig|6666666.1036479.peg.1368	0.819559383392334	0.0359894885789367	Low	Medium	Low–Medium			0	no STRING match	no STRING match	2488	2576	1	1	DUF6686	Family of unknown function (DUF6686)				
49132	fig|6666666.1036479.peg.2690	fig|6666666.1036479.peg.1155	0.8194137930870056	0.0361151845930499	Medium	Very Low	Very Low–Medium			0	no STRING match	no STRING match	1710	2479	1	1	NusG;KOW	Transcription termination factor nusG; KOW motif	GO:0006354	Ribosomal_L23	Ribosomal protein L23	GO:0003735;GO:0005840;GO:0006412
49383	fig|6666666.1036479.peg.2654	fig|6666666.1036479.peg.1732	0.8191770255565644	0.0362996857599647	High	High	High–High			0	no STRING match	no STRING match	1697	2730	1	1				UPF0093	Protoporphyrinogen oxidase HemJ	
49493	fig|6666666.1036479.peg.3204	fig|6666666.1036479.peg.1099	0.8190649211406708	0.0363805428450667	Low	Low	Low–Low			0	no STRING match	no STRING match	1963	2431	1	1						
50229	fig|6666666.1036479.peg.2384	fig|6666666.1036479.peg.2386	0.8183953285217285	0.0369215502508407	Medium	Medium	Medium–Medium			0	no STRING match	no STRING match	2998	3000	1	1						
50381	fig|6666666.1036479.peg.3010	fig|6666666.1036479.peg.1582	0.8182505249977112	0.0370332800411636	Low	Very Low	Very Low–Low		YD repeat-containing protein; COG3209 Rhs family protein.	0	no STRING match	secondary STRING hit (STRING protein assigned to a better match)	1870	2673	1	1				Ntox43	Bacterial toxin 43	
50505	fig|6666666.1036479.peg.3010	fig|6666666.1036479.peg.476	0.818122285604477	0.0371244280280059	Low	Very Low	Very Low–Low			0	no STRING match	no STRING match	1870	2176	1	1				2TM	2TM domain	
50522	fig|6666666.1036479.peg.729	fig|6666666.1036479.peg.1352	0.8181090116500854	0.0371369241229762	Medium	Medium	Medium–Medium			0	no STRING match	no STRING match	2287	2561	1	1						
50551	fig|6666666.1036479.peg.2556	fig|6666666.1036479.peg.729	0.818081545829773	0.0371582409908668	High	Medium	Medium–High			0	no STRING match	no STRING match	1649	2287	2	1						
50557	fig|6666666.1036479.peg.1953	fig|6666666.1036479.peg.2386	0.8180739104747772	0.0371626513773269	Low	Medium	Low–Medium			0	no STRING match	no STRING match	2814	3000	1	1						
50719	fig|6666666.1036479.peg.2502	fig|6666666.1036479.peg.1612	0.8178890168666839	0.03728173181175	High	Low	Low–High			0	no STRING match	no STRING match	1609	2686	1	1						
50738	fig|6666666.1036479.peg.1180	fig|6666666.1036479.peg.1352	0.8178754925727845	0.0372956980355403	Low	Medium	Low–Medium			0	no STRING match	no STRING match	2488	2561	1	1	DUF6686	Family of unknown function (DUF6686)				
50863	fig|6666666.1036479.peg.31	fig|6666666.1036479.peg.1953	0.8177534282207489	0.0373875810867927	Very Low	Low	Very Low–Low			0	no STRING match	no STRING match	2018	2814	2	1						
51255	fig|6666666.1036479.peg.2693	fig|6666666.1036479.peg.2063	0.8173922955989837	0.0376757263355201	Very Low	Very Low	Very Low–Very Low			0	no STRING match	no STRING match	1712	2860	1	1	Ribosomal_L10	Ribosomal protein L10		Ribosomal_L32p	Ribosomal L32p protein family	GO:0003735;GO:0006412;GO:0015934
51402	fig|6666666.1036479.peg.1099	fig|6666666.1036479.peg.1612	0.8172640979290009	0.0377837808037929	Low	Low	Low–Low			0	no STRING match	no STRING match	2431	2686	1	1						
51440	fig|6666666.1036479.peg.2556	fig|6666666.1036479.peg.1180	0.8172352194786072	0.0378117132513736	High	Low	Low–High			0	no STRING match	no STRING match	1649	2488	2	1				DUF6686	Family of unknown function (DUF6686)	
51582	fig|6666666.1036479.peg.306	fig|6666666.1036479.peg.1953	0.817084401845932	0.0379160923975963	Medium	Low	Low–Medium			0	no STRING match	no STRING match	2119	2814	2	1						
51592	fig|6666666.1036479.peg.519	fig|6666666.1036479.peg.1953	0.8170780837535858	0.0379234430416965	Medium	Low	Low–Medium			0	no STRING match	no STRING match	2187	2814	1	1						
51685	fig|6666666.1036479.peg.1431	fig|6666666.1036479.peg.1567	0.8170155107975006	0.0379918040318282	Very Low	Low	Very Low–Low			0	no STRING match	no STRING match	2600	2660	1	1						
51710	fig|6666666.1036479.peg.3204	fig|6666666.1036479.peg.1612	0.8169815897941589	0.0380101806420787	Low	Low	Low–Low			0	no STRING match	no STRING match	1963	2686	1	1						
51725	fig|6666666.1036479.peg.3204	fig|6666666.1036479.peg.1082	0.8169638574123382	0.038021206608229	Low	Medium	Low–Medium			0	no STRING match	no STRING match	1963	2426	1	1				Polysacc_synt	Polysaccharide biosynthesis protein	GO:0016020
51765	fig|6666666.1036479.peg.306	fig|6666666.1036479.peg.1951	0.8169146358966828	0.0380506091846298	Medium	High	Medium–High			0	no STRING match	no STRING match	2119	2813	2	1						
51858	fig|6666666.1036479.peg.1473	fig|6666666.1036479.peg.1732	0.8168393492698669	0.0381189701747615	Low	High	Low–High			0	no STRING match	no STRING match	2612	2730	1	1	DUF420	Protein of unknown function (DUF420)		UPF0093	Protoporphyrinogen oxidase HemJ	
51925	fig|6666666.1036479.peg.306	fig|6666666.1036479.peg.1346	0.8167777061462402	0.0381682194902328	Medium	Medium	Medium–Medium			0	no STRING match	no STRING match	2119	2556	2	1						
52005	fig|6666666.1036479.peg.1567	fig|6666666.1036479.peg.2289	0.8166943430900574	0.0382270246430343	Low	Very Low	Very Low–Low			0	no STRING match	no STRING match	2660	2959	1	1						
52060	fig|6666666.1036479.peg.2607	fig|6666666.1036479.peg.2644	0.8166566133499146	0.0382674531855853	Very Low	Very Low	Very Low–Very Low			0	no STRING match	no STRING match	1672	1692	1	1	ILVD_EDD_N;ILV_EDD_C	Dihydroxy-acid/6-phosphogluconate dehydratase N-terminal; Dihydroxy-acid/6-phosphogluconate dehydratase C-terminal		Urocanase_N;Urocanase;Urocanase_C	Urocanase N-terminal domain; Urocanase Rossmann-like domain; Urocanase C-terminal domain	
52435	fig|6666666.1036479.peg.724	fig|6666666.1036479.peg.1951	0.8163545787334442	0.0385431023393424	Medium	High	Medium–High			0	no STRING match	no STRING match	2282	2813	1	1						
52606	fig|6666666.1036479.peg.1271	fig|6666666.1036479.peg.2063	0.8161678433418273	0.0386687983534557	Very Low	Very Low	Very Low–Very Low			0	no STRING match	no STRING match	2523	2860	1	1	Cpn10	Chaperonin 10 Kd subunit	GO:0005524;GO:0006457;GO:0044183	Ribosomal_L32p	Ribosomal L32p protein family	GO:0003735;GO:0006412;GO:0015934
52733	fig|6666666.1036479.peg.306	fig|6666666.1036479.peg.724	0.8160772621631622	0.0387621515335281	Medium	Medium	Medium–Medium			0	no STRING match	no STRING match	2119	2282	2	1						
53018	fig|6666666.1036479.peg.2514	fig|6666666.1036479.peg.2520	0.8158091723918914	0.0389716448903835	Very Low	Very Low	Very Low–Very Low			0	no STRING match	no STRING match	1620	1623	1	1						
53774	fig|6666666.1036479.peg.2626	fig|6666666.1036479.peg.1951	0.815167498588562	0.0395273535843578	High	High	High–High			0	no STRING match	no STRING match	1683	2813	1	1						
54204	fig|6666666.1036479.peg.917	fig|6666666.1036479.peg.2289	0.8146976411342621	0.0398434312806659	Very Low	Very Low	Very Low–Very Low			0	no STRING match	no STRING match	2376	2959	1	1						
54375	fig|6666666.1036479.peg.1346	fig|6666666.1036479.peg.1357	0.8145603775978089	0.0399691272947792	Medium	Medium	Medium–Medium			0	no STRING match	no STRING match	2556	2565	1	1						
54381	fig|6666666.1036479.peg.1991	fig|6666666.1036479.peg.2095	0.8145554423332214	0.0399735376812393	Very Low	Medium	Very Low–Medium			0	no STRING match	no STRING match	2837	2873	1	1	GldH_lipo	GldH lipoprotein		DUF6646	Family of unknown function (DUF6646)	
54409	fig|6666666.1036479.peg.31	fig|6666666.1036479.peg.34	0.8145277678966523	0.0399941194847198	Very Low	Very Low	Very Low–Very Low			0	no STRING match	no STRING match	2018	2021	2	2						
54449	fig|6666666.1036479.peg.277	fig|6666666.1036479.peg.1323	0.8144995391368866	0.0400235220611206	Low	Low	Low–Low			0	no STRING match	no STRING match	2104	2543	1	1	Fer4_11;Fer4_10;Fer4_7;Fer4_9;LdpA_Fe-S-bd;Fer4;Fer4_6	4Fe-4S dicluster domain; LdpA Fe-S cluster-binding domain; 4Fe-4S binding domain		Cys_Met_Meta_PP	Cys/Met metabolism PLP-dependent enzyme	GO:0019346;GO:0030170
54714	fig|6666666.1036479.peg.3149	fig|6666666.1036479.peg.410	0.8142802596092225	0.0402183141297756	Very Low	Very Low	Very Low–Very Low			0	no STRING match	no STRING match	1930	2149	1	1	DUF3276	Protein of unknown function (DUF3276)	GO:0000977;GO:0032422			
54874	fig|6666666.1036479.peg.1406	fig|6666666.1036479.peg.1732	0.8141636312007904	0.0403359244353786	Low	High	Low–High			0	no STRING match	no STRING match	2587	2730	1	1				UPF0093	Protoporphyrinogen oxidase HemJ	
54945	fig|6666666.1036479.peg.1431	fig|6666666.1036479.peg.2289	0.8140968561172486	0.0403881140084899	Very Low	Very Low	Very Low–Very Low			0	no STRING match	no STRING match	2600	2959	1	1						
55081	fig|6666666.1036479.peg.1155	fig|6666666.1036479.peg.1271	0.8139844834804535	0.0404880827682525	Very Low	Very Low	Very Low–Very Low			0	no STRING match	no STRING match	2479	2523	1	1	Ribosomal_L23	Ribosomal protein L23	GO:0003735;GO:0005840;GO:0006412	Cpn10	Chaperonin 10 Kd subunit	GO:0005524;GO:0006457;GO:0044183
55087	fig|6666666.1036479.peg.729	fig|6666666.1036479.peg.1346	0.8139708578586579	0.0404924931547126	Medium	Medium	Medium–Medium			0	no STRING match	no STRING match	2287	2556	1	1						
55094	fig|6666666.1036479.peg.519	fig|6666666.1036479.peg.1951	0.8139652490615845	0.0404976386055828	Medium	High	Medium–High			0	no STRING match	no STRING match	2187	2813	1	1						
55516	fig|6666666.1036479.peg.1346	fig|6666666.1036479.peg.1951	0.8136389136314393	0.0408078357866108	Medium	High	Medium–High			0	no STRING match	no STRING match	2556	2813	1	1						
55990	fig|6666666.1036479.peg.476	fig|6666666.1036479.peg.1991	0.8132540106773376	0.0411562563169597	Very Low	Very Low	Very Low–Very Low			0	no STRING match	no STRING match	2176	2837	1	1	2TM	2TM domain		GldH_lipo	GldH lipoprotein	
56024	fig|6666666.1036479.peg.3005	fig|6666666.1036479.peg.2289	0.8132315337657928	0.0411812485069004	Medium	Very Low	Very Low–Medium			0	no STRING match	no STRING match	1865	2959	1	1						
56032	fig|6666666.1036479.peg.31	fig|6666666.1036479.peg.1970	0.8132237493991852	0.0411871290221805	Very Low	Very Low	Very Low–Very Low			0	no STRING match	no STRING match	2018	2829	2	1						
56134	fig|6666666.1036479.peg.2693	fig|6666666.1036479.peg.1155	0.8131363034248352	0.0412621055920024	Very Low	Very Low	Very Low–Very Low			0	no STRING match	no STRING match	1712	2479	1	1	Ribosomal_L10	Ribosomal protein L10		Ribosomal_L23	Ribosomal protein L23	GO:0003735;GO:0005840;GO:0006412
56168	fig|6666666.1036479.peg.31	fig|6666666.1036479.peg.476	0.8131011247634887	0.0412870977819431	Very Low	Very Low	Very Low–Very Low			0	no STRING match	no STRING match	2018	2176	2	1				2TM	2TM domain	
56233	fig|6666666.1036479.peg.1082	fig|6666666.1036479.peg.1504	0.8130649507045746	0.0413348769685943	Medium	Low	Low–Medium			0	no STRING match	no STRING match	2426	2626	1	1	Polysacc_synt	Polysaccharide biosynthesis protein	GO:0016020	VanZ-LLP1	VanZ/LLP1	
56488	fig|6666666.1036479.peg.519	fig|6666666.1036479.peg.724	0.812868082523346	0.0415223183931491	Medium	Medium	Medium–Medium			0	no STRING match	no STRING match	2187	2282	1	1						
56529	fig|6666666.1036479.peg.2626	fig|6666666.1036479.peg.724	0.8128344893455506	0.0415524560339599	High	Medium	Medium–High			0	no STRING match	no STRING match	1683	2282	1	1						
56537	fig|6666666.1036479.peg.58	fig|6666666.1036479.peg.476	0.812829053401947	0.0415583365492401	Low	Very Low	Very Low–Low			0	no STRING match	no STRING match	2038	2176	1	1	FixH	FixH		2TM	2TM domain	
56538	fig|6666666.1036479.peg.2507	fig|6666666.1036479.peg.1497	0.8128280282020569	0.0415590716136501	Low	Low	Low–Low			0	no STRING match	no STRING match	1614	2623	1	1						
56559	fig|6666666.1036479.peg.724	fig|6666666.1036479.peg.1346	0.8128041625022888	0.0415745079662605	Medium	Medium	Medium–Medium			0	no STRING match	no STRING match	2282	2556	1	1						
56635	fig|6666666.1036479.peg.1343	fig|6666666.1036479.peg.1582	0.8127591371536255	0.0416303728614219	Very Low	Very Low	Very Low–Very Low		YD repeat-containing protein; COG3209 Rhs family protein.	0	no STRING match	secondary STRING hit (STRING protein assigned to a better match)	2553	2673	1	1				Ntox43	Bacterial toxin 43	
56679	fig|6666666.1036479.peg.729	fig|6666666.1036479.peg.1357	0.8127174794673919	0.0416627156954628	Medium	Medium	Medium–Medium			0	no STRING match	no STRING match	2287	2565	1	1						
56792	fig|6666666.1036479.peg.3104	fig|6666666.1036479.peg.3149	0.8126212358474731	0.0417457779737949	Very Low	Very Low	Very Low–Very Low			0	no STRING match	no STRING match	1912	1930	1	1				DUF3276	Protein of unknown function (DUF3276)	GO:0000977;GO:0032422
56836	fig|6666666.1036479.peg.1099	fig|6666666.1036479.peg.1406	0.8125873029232025	0.0417781208078357	Low	Low	Low–Low			0	no STRING match	no STRING match	2431	2587	1	1						
57075	fig|6666666.1036479.peg.519	fig|6666666.1036479.peg.2405	0.8123847126960755	0.0419538012018303	Medium	Medium	Medium–Medium		Hypothetical protein; COG0605 Superoxide dismutase.	0	no STRING match	secondary STRING hit (STRING protein assigned to a better match)	2187	3007	1	1						
57106	fig|6666666.1036479.peg.2514	fig|6666666.1036479.peg.2854	0.8123518288135528	0.0419765881985408	Very Low	Low	Very Low–Low			0	no STRING match	no STRING match	1620	1789	1	1						
57535	fig|6666666.1036479.peg.1991	fig|6666666.1036479.peg.2384	0.8119338989257813	0.042291930830439	Very Low	Medium	Very Low–Medium			0	no STRING match	no STRING match	2837	2998	1	1	GldH_lipo	GldH lipoprotein				
57564	fig|6666666.1036479.peg.917	fig|6666666.1036479.peg.2145	0.8119097769260406	0.0423132476983295	Very Low	Very Low	Very Low–Very Low			0	no STRING match	no STRING match	2376	2902	1	1						
57634	fig|6666666.1036479.peg.410	fig|6666666.1036479.peg.1602	0.8118500113487244	0.0423647022070308	Very Low	Very Low	Very Low–Very Low			0	no STRING match	no STRING match	2149	2683	1	2						
58457	fig|6666666.1036479.peg.63	fig|6666666.1036479.peg.1081	0.8111549437046051	0.0429696602164764	Very Low	High	Very Low–High			0	no STRING match	no STRING match	2041	2425	1	1	Glycos_transf_2	Glycosyl transferase family 2		Glycos_transf_2	Glycosyl transferase family 2	
58498	fig|6666666.1036479.peg.917	fig|6666666.1036479.peg.1431	0.8111186623573303	0.0429997978572872	Very Low	Very Low	Very Low–Very Low			0	no STRING match	no STRING match	2376	2600	1	1						
58538	fig|6666666.1036479.peg.2626	fig|6666666.1036479.peg.519	0.8110727965831757	0.043029200433688	High	Medium	Medium–High			0	no STRING match	no STRING match	1683	2187	1	1						
58608	fig|6666666.1036479.peg.3005	fig|6666666.1036479.peg.1431	0.8110252439975738	0.0430806549423893	Medium	Very Low	Very Low–Medium			0	no STRING match	no STRING match	1865	2600	1	1						
59022	fig|6666666.1036479.peg.3204	fig|6666666.1036479.peg.1235	0.8106764733791352	0.0433849716081371	Low	Medium	Low–Medium			0	no STRING match	no STRING match	1963	2510	1	1						
59062	fig|6666666.1036479.peg.2666	fig|6666666.1036479.peg.2095	0.8106499791145325	0.0434143741845379	High	Medium	Medium–High			0	no STRING match	no STRING match	1702	2873	1	1				DUF6646	Family of unknown function (DUF6646)	
59108	fig|6666666.1036479.peg.1582	fig|6666666.1036479.peg.1991	0.8105951845645905	0.0434481871473987	Very Low	Very Low	Very Low–Very Low	YD repeat-containing protein; COG3209 Rhs family protein.		0	secondary STRING hit (STRING protein assigned to a better match)	no STRING match	2673	2837	1	1	Ntox43	Bacterial toxin 43		GldH_lipo	GldH lipoprotein	
59508	fig|6666666.1036479.peg.58	fig|6666666.1036479.peg.1991	0.8102603793144226	0.0437422129114063	Low	Very Low	Very Low–Low			0	no STRING match	no STRING match	2038	2837	1	1	FixH	FixH		GldH_lipo	GldH lipoprotein	
59513	fig|6666666.1036479.peg.2626	fig|6666666.1036479.peg.2666	0.8102535486221314	0.0437458882334564	High	High	High–High			0	no STRING match	no STRING match	1683	1702	1	1						
59566	fig|6666666.1036479.peg.3204	fig|6666666.1036479.peg.1081	0.8102026760578156	0.0437848466471874	Low	High	Low–High			0	no STRING match	no STRING match	1963	2425	1	1				Glycos_transf_2	Glycosyl transferase family 2	
59749	fig|6666666.1036479.peg.2095	fig|6666666.1036479.peg.2384	0.810085552930832	0.0439193634342209	Medium	Medium	Medium–Medium			0	no STRING match	no STRING match	2873	2998	1	1	DUF6646	Family of unknown function (DUF6646)				
59757	fig|6666666.1036479.peg.2619	fig|6666666.1036479.peg.1902	0.8100757777690888	0.043925243949501	Very Low	Low	Very Low–Low			0	no STRING match	no STRING match	1678	2788	1	1	Iso_dh	Isocitrate/isopropylmalate dehydrogenase		LacAB_rpiB	Ribose/Galactose Isomerase	GO:0005975;GO:0016853
59789	fig|6666666.1036479.peg.3005	fig|6666666.1036479.peg.2145	0.8100347816944122	0.0439487660106216	Medium	Very Low	Very Low–Medium			0	no STRING match	no STRING match	1865	2902	1	1						
59838	fig|6666666.1036479.peg.1582	fig|6666666.1036479.peg.2384	0.8099969625473022	0.0439847841667126	Very Low	Medium	Very Low–Medium	YD repeat-containing protein; COG3209 Rhs family protein.		0	secondary STRING hit (STRING protein assigned to a better match)	no STRING match	2673	2998	1	1	Ntox43	Bacterial toxin 43				
59954	fig|6666666.1036479.peg.1433	fig|6666666.1036479.peg.1886	0.8098900496959687	0.0440700516382748	Very Low	Very Low	Very Low–Very Low			0	no STRING match	no STRING match	2601	2782	1	1	PBCV_basic_adap	PBCV-specific basic adaptor domain		OmpH	Outer membrane protein (OmpH-like)	
60146	fig|6666666.1036479.peg.2626	fig|6666666.1036479.peg.476	0.8097568094730377	0.0442111840049984	High	Very Low	Very Low–High			0	no STRING match	no STRING match	1683	2176	1	1				2TM	2TM domain	
60283	fig|6666666.1036479.peg.1099	fig|6666666.1036479.peg.2145	0.8096050024032593	0.044311887829171	Low	Very Low	Very Low–Low			0	no STRING match	no STRING match	2431	2902	1	1						
60293	fig|6666666.1036479.peg.1343	fig|6666666.1036479.peg.2384	0.8095956444740295	0.0443192384732712	Very Low	Medium	Very Low–Medium			0	no STRING match	no STRING match	2553	2998	1	1						
60560	fig|6666666.1036479.peg.48	fig|6666666.1036479.peg.1357	0.8093890249729156	0.0445155006707462	Medium	Medium	Medium–Medium			0	no STRING match	no STRING match	2035	2565	1	1						
60989	fig|6666666.1036479.peg.882	fig|6666666.1036479.peg.1343	0.8090499579906464	0.0448308433026443	Very Low	Very Low	Very Low–Very Low			0	no STRING match	no STRING match	2357	2553	1	1						
61102	fig|6666666.1036479.peg.1497	fig|6666666.1036479.peg.2145	0.8089520275592804	0.0449139055809765	Low	Very Low	Very Low–Low			0	no STRING match	no STRING match	2623	2902	1	1						
61193	fig|6666666.1036479.peg.1582	fig|6666666.1036479.peg.1782	0.8088712334632874	0.0449807964422882	Very Low	Very Low	Very Low–Very Low	YD repeat-containing protein; COG3209 Rhs family protein.	Rhs family protein.	0	secondary STRING hit (STRING protein assigned to a better match)	secondary STRING hit (STRING protein assigned to a better match)	2673	2747	1	1	Ntox43	Bacterial toxin 43		Tox-SHH	HNH/Endo VII superfamily toxin with a SHH signature	
61315	fig|6666666.1036479.peg.2667	fig|6666666.1036479.peg.3156	0.8087643802165985	0.0450704743003105	Very Low	Very Low	Very Low–Very Low			0	no STRING match	no STRING match	1703	1933	1	1						
61430	fig|6666666.1036479.peg.2507	fig|6666666.1036479.peg.1099	0.8086954653263092	0.0451550067074627	Low	Low	Low–Low			0	no STRING match	no STRING match	1614	2431	1	1						
61526	fig|6666666.1036479.peg.1357	fig|6666666.1036479.peg.1359	0.8086218118667603	0.0452255728908245	Medium	Medium	Medium–Medium			0	no STRING match	no STRING match	2565	2567	1	1						
61843	fig|6666666.1036479.peg.440	fig|6666666.1036479.peg.1082	0.808336365222931	0.0454585883088005	High	Medium	Medium–High			0	no STRING match	no STRING match	2162	2426	1	1	COX4_pro	Prokaryotic Cytochrome C oxidase subunit IV	GO:0016020	Polysacc_synt	Polysaccharide biosynthesis protein	GO:0016020
62019	fig|6666666.1036479.peg.1357	fig|6666666.1036479.peg.1949	0.8081753730773926	0.0455879596449638	Medium	Medium	Medium–Medium			0	no STRING match	no STRING match	2565	2811	1	1						
62055	fig|6666666.1036479.peg.1949	fig|6666666.1036479.peg.2405	0.8081472337245941	0.0456144219637245	Medium	Medium	Medium–Medium		Hypothetical protein; COG0605 Superoxide dismutase.	0	no STRING match	secondary STRING hit (STRING protein assigned to a better match)	2811	3007	1	1						
62086	fig|6666666.1036479.peg.217	fig|6666666.1036479.peg.1155	0.8081240594387055	0.0456372089604351	Very Low	Very Low	Very Low–Very Low			0	no STRING match	no STRING match	2079	2479	1	1	Ribosomal_S6	Ribosomal protein S6	GO:0003735;GO:0005840;GO:0006412;GO:0019843	Ribosomal_L23	Ribosomal protein L23	GO:0003735;GO:0005840;GO:0006412
62474	fig|6666666.1036479.peg.3005	fig|6666666.1036479.peg.917	0.8078121602535248	0.0459224139515225	Medium	Very Low	Very Low–Medium			0	no STRING match	no STRING match	1865	2376	1	1						
62543	fig|6666666.1036479.peg.1127	fig|6666666.1036479.peg.1782	0.8077592134475708	0.0459731333958138	Low	Very Low	Very Low–Low	Hypothetical protein.	Rhs family protein.	0	secondary STRING hit (STRING protein assigned to a better match)	secondary STRING hit (STRING protein assigned to a better match)	2458	2747	1	1				Tox-SHH	HNH/Endo VII superfamily toxin with a SHH signature	
62844	fig|6666666.1036479.peg.48	fig|6666666.1036479.peg.1949	0.8075153350830078	0.0461943877832295	Medium	Medium	Medium–Medium			0	no STRING match	no STRING match	2035	2811	1	1						
63005	fig|6666666.1036479.peg.1343	fig|6666666.1036479.peg.2158	0.8073952078819275	0.0463127331532425	Very Low	Very Low	Very Low–Very Low			0	no STRING match	no STRING match	2553	2908	1	1				AHH	A nuclease family of the HNH/ENDO VII superfamily with conserved AHH	
63232	fig|6666666.1036479.peg.3028	fig|6666666.1036479.peg.440	0.8072376787662506	0.0464795927743168	High	High	High–High	Hypothetical protein; COG0697 Permeases of the drug/metabolite transporter (DMT) superfamily.		0	secondary STRING hit (STRING protein assigned to a better match)	no STRING match	1884	2162	1	1	EamA;EamA	EamA-like transporter family	GO:0016020	COX4_pro	Prokaryotic Cytochrome C oxidase subunit IV	GO:0016020
63248	fig|6666666.1036479.peg.48	fig|6666666.1036479.peg.2405	0.807225501537323	0.0464913538048771	Medium	Medium	Medium–Medium		Hypothetical protein; COG0605 Superoxide dismutase.	0	no STRING match	secondary STRING hit (STRING protein assigned to a better match)	2035	3007	1	1						
63500	fig|6666666.1036479.peg.3104	fig|6666666.1036479.peg.410	0.8070062518119812	0.0466765900362019	Very Low	Very Low	Very Low–Very Low			0	no STRING match	no STRING match	1912	2149	1	1						
63666	fig|6666666.1036479.peg.217	fig|6666666.1036479.peg.1271	0.80682874917984	0.046798610728265	Very Low	Very Low	Very Low–Very Low			0	no STRING match	no STRING match	2079	2523	1	1	Ribosomal_S6	Ribosomal protein S6	GO:0003735;GO:0005840;GO:0006412;GO:0019843	Cpn10	Chaperonin 10 Kd subunit	GO:0005524;GO:0006457;GO:0044183
64083	fig|6666666.1036479.peg.2918	fig|6666666.1036479.peg.1497	0.8065051794052124	0.0471051325872429	Very Low	Low	Very Low–Low			0	no STRING match	no STRING match	1822	2623	1	1						
64146	fig|6666666.1036479.peg.1343	fig|6666666.1036479.peg.1959	0.8064721524715424	0.0471514416450741	Very Low	Low	Very Low–Low			0	no STRING match	no STRING match	2553	2820	1	1				DUF4280	Domain of unknown function (DUF4280)	
64344	fig|6666666.1036479.peg.2619	fig|6666666.1036479.peg.492	0.8062927186489105	0.0472969843982579	Very Low	Very Low	Very Low–Very Low			0	no STRING match	no STRING match	1678	2179	1	1	Iso_dh	Isocitrate/isopropylmalate dehydrogenase		TAL_FSA	Transaldolase/Fructose-6-phosphate aldolase	GO:0005975
64463	fig|6666666.1036479.peg.86	fig|6666666.1036479.peg.1071	0.8061924815177918	0.0473844570630501	Very Low	Very Low	Very Low–Very Low			0	no STRING match	no STRING match	2050	2415	1	1	Peptidase_S66	LD-carboxypeptidase N-terminal domain		PglD_N;Hexapep	PglD N-terminal domain; Bacterial transferase hexapeptide (six repeats)	
64564	fig|6666666.1036479.peg.1155	fig|6666666.1036479.peg.2063	0.806092643737793	0.047458698568462	Very Low	Very Low	Very Low–Very Low			0	no STRING match	no STRING match	2479	2860	1	1	Ribosomal_L23	Ribosomal protein L23	GO:0003735;GO:0005840;GO:0006412	Ribosomal_L32p	Ribosomal L32p protein family	GO:0003735;GO:0006412;GO:0015934
64583	fig|6666666.1036479.peg.2596	fig|6666666.1036479.peg.917	0.8060718297958374	0.0474726647922524	Very Low	Very Low	Very Low–Very Low			0	no STRING match	no STRING match	1665	2376	1	1						
65064	fig|6666666.1036479.peg.882	fig|6666666.1036479.peg.1959	0.8057038366794587	0.0478262307734715	Very Low	Low	Very Low–Low			0	no STRING match	no STRING match	2357	2820	1	1				DUF4280	Domain of unknown function (DUF4280)	
65329	fig|6666666.1036479.peg.1447	fig|6666666.1036479.peg.1497	0.8054787993431092	0.0480210228421265	Low	Low	Low–Low			0	no STRING match	no STRING match	2605	2623	1	1						
65765	fig|6666666.1036479.peg.309	fig|6666666.1036479.peg.882	0.8051019370555877	0.0483415109248948	Very Low	Very Low	Very Low–Very Low			0	no STRING match	no STRING match	2122	2357	1	1						
66020	fig|6666666.1036479.peg.3028	fig|6666666.1036479.peg.907	0.8048746705055236	0.0485289523494496	High	High	High–High	Hypothetical protein; COG0697 Permeases of the drug/metabolite transporter (DMT) superfamily.		0	secondary STRING hit (STRING protein assigned to a better match)	no STRING match	1884	2373	1	1	EamA;EamA	EamA-like transporter family	GO:0016020			
66092	fig|6666666.1036479.peg.3028	fig|6666666.1036479.peg.1473	0.8048066258430481	0.0485818769869709	High	Low	Low–High	Hypothetical protein; COG0697 Permeases of the drug/metabolite transporter (DMT) superfamily.		0	secondary STRING hit (STRING protein assigned to a better match)	no STRING match	1884	2612	1	1	EamA;EamA	EamA-like transporter family	GO:0016020	DUF420	Protein of unknown function (DUF420)	
66107	fig|6666666.1036479.peg.2607	fig|6666666.1036479.peg.1312	0.8047957956790924	0.0485929029531212	Very Low	Low	Very Low–Low		Cystathionine beta-synthase; COG0031 Cysteine synthase.	0	no STRING match	secondary STRING hit (STRING protein assigned to a better match)	1672	2536	1	1	ILVD_EDD_N;ILV_EDD_C	Dihydroxy-acid/6-phosphogluconate dehydratase N-terminal; Dihydroxy-acid/6-phosphogluconate dehydratase C-terminal		PALP	Pyridoxal-phosphate dependent enzyme	
66378	fig|6666666.1036479.peg.1128	fig|6666666.1036479.peg.1966	0.8045822501182556	0.0487921054082364	Very Low	Very Low	Very Low–Very Low			0	no STRING match	no STRING match	2459	2826	1	1						
66543	fig|6666666.1036479.peg.2596	fig|6666666.1036479.peg.3005	0.8044892370700836	0.0489133910358895	Very Low	Medium	Very Low–Medium			0	no STRING match	no STRING match	1665	1865	1	1						
66552	fig|6666666.1036479.peg.2596	fig|6666666.1036479.peg.2667	0.8044791877269745	0.0489200066155796	Very Low	Very Low	Very Low–Very Low			0	no STRING match	no STRING match	1665	1703	1	1						
66761	fig|6666666.1036479.peg.3104	fig|6666666.1036479.peg.3244	0.8042915523052215	0.0490736350772736	Very Low	Very Low	Very Low–Very Low			0	no STRING match	no STRING match	1912	1994	1	3						
66932	fig|6666666.1036479.peg.1848	fig|6666666.1036479.peg.1886	0.8041718602180481	0.0491993310913868	Very Low	Very Low	Very Low–Very Low			0	no STRING match	no STRING match	2770	2782	1	1	DUF3127	Domain of unknown function (DUF3127)		OmpH	Outer membrane protein (OmpH-like)	
66942	fig|6666666.1036479.peg.201	fig|6666666.1036479.peg.1732	0.8041643798351288	0.049206681735487	High	High	High–High			0	no STRING match	no STRING match	2073	2730	1	1	DUF8561	Domain of unknown function (DUF8561)		UPF0093	Protoporphyrinogen oxidase HemJ	
66974	fig|6666666.1036479.peg.2666	fig|6666666.1036479.peg.58	0.8041336715221405	0.0492302037966076	High	Low	Low–High			0	no STRING match	no STRING match	1702	2038	1	1				FixH	FixH	
67064	fig|6666666.1036479.peg.2667	fig|6666666.1036479.peg.1115	0.8040517747402192	0.0492963595935093	Very Low	Very Low	Very Low–Very Low			0	no STRING match	no STRING match	1703	2446	1	1						
67105	fig|6666666.1036479.peg.63	fig|6666666.1036479.peg.1497	0.8040176570415497	0.0493264972343201	Very Low	Low	Very Low–Low			0	no STRING match	no STRING match	2041	2623	1	1	Glycos_transf_2	Glycosyl transferase family 2				
67863	fig|6666666.1036479.peg.48	fig|6666666.1036479.peg.1962	0.8034133791923523	0.0498836760571145	Medium	Medium	Medium–Medium			0	no STRING match	no STRING match	2035	2823	1	1						
67906	fig|6666666.1036479.peg.3028	fig|6666666.1036479.peg.3064	0.8033942759037018	0.0499152838267453	High	Low	Low–High	Hypothetical protein; COG0697 Permeases of the drug/metabolite transporter (DMT) superfamily.		0	secondary STRING hit (STRING protein assigned to a better match)	no STRING match	1884	1895	1	1	EamA;EamA	EamA-like transporter family	GO:0016020	DoxX	DoxX	
68266	fig|6666666.1036479.peg.58	fig|6666666.1036479.peg.2314	0.8030819058418274	0.0501799070143521	Low	Medium	Low–Medium			0	no STRING match	no STRING match	2038	2973	1	1	FixH	FixH		GldD_lipo	Gliding motility lipoprotein GldD	
68375	fig|6666666.1036479.peg.55	fig|6666666.1036479.peg.1015	0.8029928505420685	0.0502600290350441	Low	Low	Low–Low			0	no STRING match	no STRING match	2037	2402	1	1						
68396	fig|6666666.1036479.peg.722	fig|6666666.1036479.peg.1970	0.8029787838459015	0.0502754653876545	Very Low	Very Low	Very Low–Very Low			0	no STRING match	no STRING match	2280	2829	1	1						
68825	fig|6666666.1036479.peg.1970	fig|6666666.1036479.peg.2405	0.8025991976261139	0.0505908080195527	Very Low	Medium	Very Low–Medium		Hypothetical protein; COG0605 Superoxide dismutase.	0	no STRING match	secondary STRING hit (STRING protein assigned to a better match)	2829	3007	1	1						
69251	fig|6666666.1036479.peg.3035	fig|6666666.1036479.peg.217	0.8022756516933441	0.0509039454582207	Very Low	Very Low	Very Low–Very Low			0	no STRING match	no STRING match	1888	2079	1	1	CSD	'Cold-shock' DNA-binding domain	GO:0003676	Ribosomal_S6	Ribosomal protein S6	GO:0003735;GO:0005840;GO:0006412;GO:0019843
69330	fig|6666666.1036479.peg.722	fig|6666666.1036479.peg.2405	0.8022150099277496	0.0509620155466122	Very Low	Medium	Very Low–Medium		Hypothetical protein; COG0605 Superoxide dismutase.	0	no STRING match	secondary STRING hit (STRING protein assigned to a better match)	2280	3007	1	1						
69344	fig|6666666.1036479.peg.1127	fig|6666666.1036479.peg.1433	0.80220667719841	0.0509723064483525	Low	Very Low	Very Low–Low	Hypothetical protein.		0	secondary STRING hit (STRING protein assigned to a better match)	no STRING match	2458	2601	1	1				PBCV_basic_adap	PBCV-specific basic adaptor domain	
69432	fig|6666666.1036479.peg.48	fig|6666666.1036479.peg.1359	0.8021329939365387	0.0510369921164342	Medium	Medium	Medium–Medium			0	no STRING match	no STRING match	2035	2567	1	1						
69483	fig|6666666.1036479.peg.2596	fig|6666666.1036479.peg.63	0.8020940065383911	0.0510744804013451	Very Low	Very Low	Very Low–Very Low			0	no STRING match	no STRING match	1665	2041	1	1				Glycos_transf_2	Glycosyl transferase family 2	
69808	fig|6666666.1036479.peg.1949	fig|6666666.1036479.peg.1970	0.8018138945102692	0.0513133763346013	Medium	Very Low	Very Low–Medium			0	no STRING match	no STRING match	2811	2829	1	1						
69872	fig|6666666.1036479.peg.1949	fig|6666666.1036479.peg.1959	0.8017611682415009	0.0513604204568425	Medium	Low	Low–Medium			0	no STRING match	no STRING match	2811	2820	1	1				DUF4280	Domain of unknown function (DUF4280)	
70047	fig|6666666.1036479.peg.34	fig|6666666.1036479.peg.1970	0.8016015112400054	0.0514890567285958	Very Low	Very Low	Very Low–Very Low			0	no STRING match	no STRING match	2021	2829	2	1						
70439	fig|6666666.1036479.peg.34	fig|6666666.1036479.peg.1784	0.801282811164856	0.0517772019773232	Very Low	Very Low	Very Low–Very Low			0	no STRING match	no STRING match	2021	2749	2	1				AHH	A nuclease family of the HNH/ENDO VII superfamily with conserved AHH	
70691	fig|6666666.1036479.peg.2667	fig|6666666.1036479.peg.1568	0.801077002286911	0.051962438208648	Very Low	Low	Very Low–Low			0	no STRING match	no STRING match	1703	2661	1	1						
71011	fig|6666666.1036479.peg.2546	fig|6666666.1036479.peg.1782	0.8007716298103332	0.052197658819854	Very Low	Very Low	Very Low–Very Low	Yd repeat protein; COG3209 Rhs family protein.	Rhs family protein.	0	secondary STRING hit (STRING protein assigned to a better match)	secondary STRING hit (STRING protein assigned to a better match)	1639	2747	1	1				Tox-SHH	HNH/Endo VII superfamily toxin with a SHH signature	
71374	fig|6666666.1036479.peg.58	fig|6666666.1036479.peg.1284	0.8005116999149322	0.0524644872006909	Low	High	Low–High			0	no STRING match	no STRING match	2038	2525	1	1	FixH	FixH		FtsL_2	Bacteriodetes cell division protein (FtsL-like)	
71501	fig|6666666.1036479.peg.2541	fig|6666666.1036479.peg.1782	0.8004026353359223	0.0525578403807633	Very Low	Very Low	Very Low–Very Low		Rhs family protein.	0	no STRING match	secondary STRING hit (STRING protein assigned to a better match)	1634	2747	1	1				Tox-SHH	HNH/Endo VII superfamily toxin with a SHH signature	
71657	fig|6666666.1036479.peg.2667	fig|6666666.1036479.peg.38	0.8002626419067382	0.0526725104287263	Very Low	Low	Very Low–Low			0	no STRING match	no STRING match	1703	2025	1	2						
72096	fig|6666666.1036479.peg.2666	fig|6666666.1036479.peg.55	0.7999350309371949	0.0529952037047246	High	Low	Low–High			0	no STRING match	no STRING match	1702	2037	1	1						
72375	fig|6666666.1036479.peg.2572	fig|6666666.1036479.peg.2158	0.7996981024742127	0.0532002866751199	Very Low	Very Low	Very Low–Very Low	Yd repeat protein; COG3209 Rhs family protein.		0	secondary STRING hit (STRING protein assigned to a better match)	no STRING match	1660	2908	1	1				AHH	A nuclease family of the HNH/ENDO VII superfamily with conserved AHH	
72405	fig|6666666.1036479.peg.2857	fig|6666666.1036479.peg.1447	0.7996859669685363	0.0532223386074204	Very Low	Low	Very Low–Low			0	no STRING match	no STRING match	1792	2605	1	1						
72514	fig|6666666.1036479.peg.2546	fig|6666666.1036479.peg.1127	0.79959676861763	0.0533024606281125	Very Low	Low	Very Low–Low	Yd repeat protein; COG3209 Rhs family protein.	Hypothetical protein.	0	secondary STRING hit (STRING protein assigned to a better match)	secondary STRING hit (STRING protein assigned to a better match)	1639	2458	1	1						
72788	fig|6666666.1036479.peg.1433	fig|6666666.1036479.peg.1782	0.7994232773780823	0.0535038682764577	Very Low	Very Low	Very Low–Very Low		Rhs family protein.	0	no STRING match	secondary STRING hit (STRING protein assigned to a better match)	2601	2747	1	1	PBCV_basic_adap	PBCV-specific basic adaptor domain		Tox-SHH	HNH/Endo VII superfamily toxin with a SHH signature	
72804	fig|6666666.1036479.peg.55	fig|6666666.1036479.peg.709	0.7994085311889648	0.053515629307018	Low	Low	Low–Low			0	no STRING match	no STRING match	2037	2269	1	1						
72856	fig|6666666.1036479.peg.208	fig|6666666.1036479.peg.1568	0.7993624687194825	0.053553852656339	Low	Low	Low–Low			0	no STRING match	no STRING match	2076	2661	1	1	DUF8845	Domain of unknown function (DUF8845)				
72950	fig|6666666.1036479.peg.2666	fig|6666666.1036479.peg.2314	0.799287211894989	0.0536229487108807	High	Medium	Medium–High			0	no STRING match	no STRING match	1702	2973	1	1				GldD_lipo	Gliding motility lipoprotein GldD	
73189	fig|6666666.1036479.peg.3149	fig|6666666.1036479.peg.1848	0.7991177618503571	0.0537986291048753	Very Low	Very Low	Very Low–Very Low			0	no STRING match	no STRING match	1930	2770	1	1	DUF3276	Protein of unknown function (DUF3276)	GO:0000977;GO:0032422	DUF3127	Domain of unknown function (DUF3127)	
73295	fig|6666666.1036479.peg.722	fig|6666666.1036479.peg.1532	0.7990278363227844	0.0538765459323373	Very Low	Very Low	Very Low–Very Low			0	no STRING match	no STRING match	2280	2640	1	1						
73531	fig|6666666.1036479.peg.1071	fig|6666666.1036479.peg.2451	0.7988411366939545	0.0540500211331017	Very Low	Very Low	Very Low–Very Low			0	no STRING match	no STRING match	2415	3028	1	1	PglD_N;Hexapep	PglD N-terminal domain; Bacterial transferase hexapeptide (six repeats)		EPSP_synthase	EPSP synthase (3-phosphoshikimate 1-carboxyvinyltransferase)	GO:0016765
73633	fig|6666666.1036479.peg.63	fig|6666666.1036479.peg.1568	0.7987755596637726	0.0541249977029237	Very Low	Low	Very Low–Low			0	no STRING match	no STRING match	2041	2661	1	1	Glycos_transf_2	Glycosyl transferase family 2				
73641	fig|6666666.1036479.peg.1532	fig|6666666.1036479.peg.1959	0.7987693428993226	0.0541308782182038	Very Low	Low	Very Low–Low			0	no STRING match	no STRING match	2640	2820	1	1				DUF4280	Domain of unknown function (DUF4280)	
73703	fig|6666666.1036479.peg.3234	fig|6666666.1036479.peg.1071	0.7987239837646485	0.054176452211625	Very Low	Very Low	Very Low–Very Low			0	no STRING match	no STRING match	1984	2415	3	1				PglD_N;Hexapep	PglD N-terminal domain; Bacterial transferase hexapeptide (six repeats)	
73858	fig|6666666.1036479.peg.709	fig|6666666.1036479.peg.1015	0.7985909581184387	0.0542903871951779	Low	Low	Low–Low			0	no STRING match	no STRING match	2269	2402	1	1						
73899	fig|6666666.1036479.peg.2541	fig|6666666.1036479.peg.2572	0.7985568463802337	0.0543205248359887	Very Low	Very Low	Very Low–Very Low		Yd repeat protein; COG3209 Rhs family protein.	0	no STRING match	secondary STRING hit (STRING protein assigned to a better match)	1634	1660	1	1						
73986	fig|6666666.1036479.peg.2572	fig|6666666.1036479.peg.1784	0.798519617319107	0.0543844754396604	Very Low	Very Low	Very Low–Very Low	Yd repeat protein; COG3209 Rhs family protein.		0	secondary STRING hit (STRING protein assigned to a better match)	no STRING match	1660	2749	1	1				AHH	A nuclease family of the HNH/ENDO VII superfamily with conserved AHH	
74023	fig|6666666.1036479.peg.2572	fig|6666666.1036479.peg.34	0.7984847605228425	0.0544116728228311	Very Low	Very Low	Very Low–Very Low	Yd repeat protein; COG3209 Rhs family protein.		0	secondary STRING hit (STRING protein assigned to a better match)	no STRING match	1660	2021	1	2						
74173	fig|6666666.1036479.peg.722	fig|6666666.1036479.peg.1959	0.7983677804470062	0.0545219324843339	Very Low	Low	Very Low–Low			0	no STRING match	no STRING match	2280	2820	1	1				DUF4280	Domain of unknown function (DUF4280)	
74174	fig|6666666.1036479.peg.884	fig|6666666.1036479.peg.2158	0.7983672618865967	0.0545226675487439	Very Low	Very Low	Very Low–Very Low			0	no STRING match	no STRING match	2359	2908	1	1				AHH	A nuclease family of the HNH/ENDO VII superfamily with conserved AHH	
74304	fig|6666666.1036479.peg.201	fig|6666666.1036479.peg.1473	0.7982622385025024	0.0546182259220464	High	Low	Low–High			0	no STRING match	no STRING match	2073	2612	1	1	DUF8561	Domain of unknown function (DUF8561)		DUF420	Protein of unknown function (DUF420)	
74319	fig|6666666.1036479.peg.1115	fig|6666666.1036479.peg.1178	0.7982482194900513	0.0546292518881967	Very Low	Very Low	Very Low–Very Low			0	no STRING match	no STRING match	2446	2486	1	1						
74324	fig|6666666.1036479.peg.1127	fig|6666666.1036479.peg.2172	0.7982415795326233	0.0546329272102468	Low	Very Low	Very Low–Low	Hypothetical protein.		0	secondary STRING hit (STRING protein assigned to a better match)	no STRING match	2458	2921	1	1						
74332	fig|6666666.1036479.peg.34	fig|6666666.1036479.peg.2158	0.798233151435852	0.0546388077255269	Very Low	Very Low	Very Low–Very Low			0	no STRING match	no STRING match	2021	2908	2	1				AHH	A nuclease family of the HNH/ENDO VII superfamily with conserved AHH	
74382	fig|6666666.1036479.peg.2596	fig|6666666.1036479.peg.1568	0.798189890384674	0.0546755609460278	Very Low	Low	Very Low–Low			0	no STRING match	no STRING match	1665	2661	1	1						
74398	fig|6666666.1036479.peg.3234	fig|6666666.1036479.peg.42	0.7981784582138062	0.0546873219765881	Very Low	Very Low	Very Low–Very Low			0	no STRING match	no STRING match	1984	2029	3	2						
74407	fig|6666666.1036479.peg.2541	fig|6666666.1036479.peg.1127	0.798177057504654	0.0546939375562783	Very Low	Low	Very Low–Low		Hypothetical protein.	0	no STRING match	secondary STRING hit (STRING protein assigned to a better match)	1634	2458	1	1						
74424	fig|6666666.1036479.peg.1359	fig|6666666.1036479.peg.1962	0.7981629610061646	0.0547064336512486	Medium	Medium	Medium–Medium			0	no STRING match	no STRING match	2567	2823	1	1						
74482	fig|6666666.1036479.peg.1081	fig|6666666.1036479.peg.1235	0.7981165587902069	0.0547490673870297	High	Medium	Medium–High			0	no STRING match	no STRING match	2425	2510	1	1	Glycos_transf_2	Glycosyl transferase family 2				
74554	fig|6666666.1036479.peg.3156	fig|6666666.1036479.peg.1115	0.798058670759201	0.0548019920245511	Very Low	Very Low	Very Low–Very Low			0	no STRING match	no STRING match	1933	2446	1	1						
74727	fig|6666666.1036479.peg.709	fig|6666666.1036479.peg.1568	0.7979280352592468	0.0549291581674844	Low	Low	Low–Low			0	no STRING match	no STRING match	2269	2661	1	1						
74842	fig|6666666.1036479.peg.722	fig|6666666.1036479.peg.1784	0.7978344142436982	0.0550136905746366	Very Low	Very Low	Very Low–Very Low			0	no STRING match	no STRING match	2280	2749	1	1				AHH	A nuclease family of the HNH/ENDO VII superfamily with conserved AHH	
75024	fig|6666666.1036479.peg.1235	fig|6666666.1036479.peg.2053	0.7976708233356475	0.05514747229726	Medium	Low	Low–Medium			0	no STRING match	no STRING match	2510	2854	1	1						
75038	fig|6666666.1036479.peg.1532	fig|6666666.1036479.peg.2158	0.7976626098155976	0.0551577631990003	Very Low	Very Low	Very Low–Very Low			0	no STRING match	no STRING match	2640	2908	1	1				AHH	A nuclease family of the HNH/ENDO VII superfamily with conserved AHH	
75102	fig|6666666.1036479.peg.3064	fig|6666666.1036479.peg.1473	0.797616571187973	0.0552048073212415	Low	Low	Low–Low			0	no STRING match	no STRING match	1895	2612	1	1	DoxX	DoxX		DUF420	Protein of unknown function (DUF420)	
75730	fig|6666666.1036479.peg.2572	fig|6666666.1036479.peg.884	0.7971861004829407	0.0556664277707334	Very Low	Very Low	Very Low–Very Low	Yd repeat protein; COG3209 Rhs family protein.		0	secondary STRING hit (STRING protein assigned to a better match)	no STRING match	1660	2359	1	1						
75865	fig|6666666.1036479.peg.38	fig|6666666.1036479.peg.1359	0.7971108734607697	0.0557656614660859	Low	Medium	Low–Medium			0	no STRING match	no STRING match	2025	2567	2	1						
75965	fig|6666666.1036479.peg.2766	fig|6666666.1036479.peg.55	0.7970166265964508	0.0558391679070878	Low	Low	Low–Low			0	no STRING match	no STRING match	1742	2037	1	1	DUF4199	Protein of unknown function (DUF4199)				
76159	fig|6666666.1036479.peg.2857	fig|6666666.1036479.peg.946	0.7968750953674316	0.0559817704026315	Very Low	Low	Very Low–Low			0	no STRING match	no STRING match	1792	2390	1	1						
76575	fig|6666666.1036479.peg.1532	fig|6666666.1036479.peg.2404	0.7966588199138641	0.0562875571971994	Very Low	Medium	Very Low–Medium		Hypothetical protein; COG0605 Superoxide dismutase.	0	no STRING match	secondary STRING hit (STRING protein assigned to a better match)	2640	3006	1	1						
76700	fig|6666666.1036479.peg.3156	fig|6666666.1036479.peg.38	0.7965570449829101	0.0563794402484517	Very Low	Low	Very Low–Low			0	no STRING match	no STRING match	1933	2025	1	2						
76765	fig|6666666.1036479.peg.2918	fig|6666666.1036479.peg.1447	0.7965214550495148	0.056427219435103	Very Low	Low	Very Low–Low			0	no STRING match	no STRING match	1822	2605	1	1						
76797	fig|6666666.1036479.peg.2857	fig|6666666.1036479.peg.2961	0.7964893817901612	0.0564507414962236	Very Low	Very Low	Very Low–Very Low			0	no STRING match	no STRING match	1792	1850	1	1						
76883	fig|6666666.1036479.peg.2279	fig|6666666.1036479.peg.2314	0.7964237987995147	0.0565139570354852	Medium	Medium	Medium–Medium			0	no STRING match	no STRING match	2958	2973	1	1	DUF4296	Domain of unknown function (DUF4296)		GldD_lipo	Gliding motility lipoprotein GldD	
76899	fig|6666666.1036479.peg.1115	fig|6666666.1036479.peg.1359	0.7964138448238373	0.0565257180660455	Very Low	Medium	Very Low–Medium			0	no STRING match	no STRING match	2446	2567	1	1						
77120	fig|6666666.1036479.peg.309	fig|6666666.1036479.peg.1966	0.796289038658142	0.0566881673006597	Very Low	Very Low	Very Low–Very Low			0	no STRING match	no STRING match	2122	2826	1	1						
77362	fig|6666666.1036479.peg.3183	fig|6666666.1036479.peg.884	0.7961274564266205	0.0568660528878843	Very Low	Very Low	Very Low–Very Low			0	no STRING match	no STRING match	1946	2359	1	1						
78177	fig|6666666.1036479.peg.946	fig|6666666.1036479.peg.1447	0.7955897510051727	0.0574651303820497	Low	Low	Low–Low			0	no STRING match	no STRING match	2390	2605	1	1						
78304	fig|6666666.1036479.peg.1079	fig|6666666.1036479.peg.1081	0.7954979658126831	0.0575584835621221	Low	High	Low–High			0	no STRING match	no STRING match	2423	2425	1	1	Glycos_transf_1;Glyco_trans_1_4;Glyco_trans_1_2	Glycosyl transferases group 1; Glycosyl transferase-like	GO:0016757	Glycos_transf_2	Glycosyl transferase family 2	
78320	fig|6666666.1036479.peg.884	fig|6666666.1036479.peg.1532	0.7954826414585113	0.0575702445926824	Very Low	Very Low	Very Low–Very Low			0	no STRING match	no STRING match	2359	2640	1	1						
78960	fig|6666666.1036479.peg.38	fig|6666666.1036479.peg.598	0.7950130760669708	0.0580406858150945	Low	Very Low	Very Low–Low			0	no STRING match	no STRING match	2025	2220	2	1						
79016	fig|6666666.1036479.peg.3183	fig|6666666.1036479.peg.1784	0.794970589876175	0.0580818494220556	Very Low	Very Low	Very Low–Very Low			0	no STRING match	no STRING match	1946	2749	1	1				AHH	A nuclease family of the HNH/ENDO VII superfamily with conserved AHH	
79039	fig|6666666.1036479.peg.2918	fig|6666666.1036479.peg.1181	0.7949545443058014	0.058098755903486	Very Low	Very Low	Very Low–Very Low			0	no STRING match	no STRING match	1822	2489	1	1						
79371	fig|6666666.1036479.peg.63	fig|6666666.1036479.peg.1235	0.7946893632411957	0.0583427972876123	Very Low	Medium	Very Low–Medium			0	no STRING match	no STRING match	2041	2510	1	1	Glycos_transf_2	Glycosyl transferase family 2				
79484	fig|6666666.1036479.peg.3156	fig|6666666.1036479.peg.1178	0.7946091055870056	0.0584258595659444	Very Low	Very Low	Very Low–Very Low			0	no STRING match	no STRING match	1933	2486	1	1						
79535	fig|6666666.1036479.peg.1632	fig|6666666.1036479.peg.1781	0.7945592403411865	0.0584633478508554	Very Low	Very Low	Very Low–Very Low			0	no STRING match	no STRING match	2694	2746	2	1	SUKH_5;SMI1_KNR4;SUKH_6	SMI1-KNR4 cell-wall; SMI1 / KNR4 family (SUKH-1)		SMI1_KNR4	SMI1 / KNR4 family (SUKH-1)	
79793	fig|6666666.1036479.peg.884	fig|6666666.1036479.peg.1784	0.7943738758563995	0.0586529944686403	Very Low	Very Low	Very Low–Very Low			0	no STRING match	no STRING match	2359	2749	1	1				AHH	A nuclease family of the HNH/ENDO VII superfamily with conserved AHH	
79973	fig|6666666.1036479.peg.2514	fig|6666666.1036479.peg.1178	0.7942579984664917	0.0587853060624437	Very Low	Very Low	Very Low–Very Low			0	no STRING match	no STRING match	1620	2486	1	1						
80002	fig|6666666.1036479.peg.208	fig|6666666.1036479.peg.1962	0.7942389249801636	0.0588066229303342	Low	Medium	Low–Medium			0	no STRING match	no STRING match	2076	2823	1	1	DUF8845	Domain of unknown function (DUF8845)				
80109	fig|6666666.1036479.peg.208	fig|6666666.1036479.peg.709	0.7941452741622925	0.0588852748222063	Low	Low	Low–Low			0	no STRING match	no STRING match	2076	2269	1	1	DUF8845	Domain of unknown function (DUF8845)				
80486	fig|6666666.1036479.peg.38	fig|6666666.1036479.peg.1115	0.7938464879989624	0.0591623941047834	Low	Very Low	Very Low–Low			0	no STRING match	no STRING match	2025	2446	2	1						
80584	fig|6666666.1036479.peg.2961	fig|6666666.1036479.peg.1447	0.7937717735767365	0.0592344304169652	Very Low	Low	Very Low–Low			0	no STRING match	no STRING match	1850	2605	1	1						
80967	fig|6666666.1036479.peg.2352	fig|6666666.1036479.peg.2404	0.7935351431369781	0.0595159600860025	Medium	Medium	Medium–Medium		Hypothetical protein; COG0605 Superoxide dismutase.	0	no STRING match	secondary STRING hit (STRING protein assigned to a better match)	2992	3006	1	1						
81245	fig|6666666.1036479.peg.1081	fig|6666666.1036479.peg.1504	0.7933509409427643	0.0597203079919878	High	Low	Low–High			0	no STRING match	no STRING match	2425	2626	1	1	Glycos_transf_2	Glycosyl transferase family 2		VanZ-LLP1	VanZ/LLP1	
81274	fig|6666666.1036479.peg.309	fig|6666666.1036479.peg.1128	0.7933351218700408	0.0597416248598783	Very Low	Very Low	Very Low–Very Low			0	no STRING match	no STRING match	2122	2459	1	1						
81314	fig|6666666.1036479.peg.1312	fig|6666666.1036479.peg.1902	0.7933038413524628	0.0597710274362791	Low	Low	Low–Low	Cystathionine beta-synthase; COG0031 Cysteine synthase.		0	secondary STRING hit (STRING protein assigned to a better match)	no STRING match	2536	2788	1	1	PALP	Pyridoxal-phosphate dependent enzyme		LacAB_rpiB	Ribose/Galactose Isomerase	GO:0005975;GO:0016853
81435	fig|6666666.1036479.peg.1015	fig|6666666.1036479.peg.1235	0.793206125497818	0.0598599702298913	Low	Medium	Low–Medium			0	no STRING match	no STRING match	2402	2510	1	1						
81614	fig|6666666.1036479.peg.3064	fig|6666666.1036479.peg.440	0.7930707633495331	0.0599915467592847	Low	High	Low–High			0	no STRING match	no STRING match	1895	2162	1	1	DoxX	DoxX		COX4_pro	Prokaryotic Cytochrome C oxidase subunit IV	GO:0016020
81677	fig|6666666.1036479.peg.1962	fig|6666666.1036479.peg.1964	0.7930406033992767	0.0600378558171159	Medium	Very Low	Very Low–Medium			0	no STRING match	no STRING match	2823	2824	1	1						
81765	fig|6666666.1036479.peg.3149	fig|6666666.1036479.peg.3244	0.7929780125617981	0.0601025414851976	Very Low	Very Low	Very Low–Very Low			0	no STRING match	no STRING match	1930	1994	1	3	DUF3276	Protein of unknown function (DUF3276)	GO:0000977;GO:0032422			
82429	fig|6666666.1036479.peg.3156	fig|6666666.1036479.peg.1377	0.7925411462783813	0.0605906242534502	Very Low	Very Low	Very Low–Very Low			0	no STRING match	no STRING match	1933	2581	1	1						
82571	fig|6666666.1036479.peg.208	fig|6666666.1036479.peg.1781	0.7924362361431122	0.0606950033996728	Low	Very Low	Very Low–Low			0	no STRING match	no STRING match	2076	2746	1	1	DUF8845	Domain of unknown function (DUF8845)		SMI1_KNR4	SMI1 / KNR4 family (SUKH-1)	
82621	fig|6666666.1036479.peg.2735	fig|6666666.1036479.peg.3234	0.7923929870128632	0.0607317566201738	Low	Very Low	Very Low–Low			0	no STRING match	no STRING match	1727	1984	1	3	Acetyltransf_3;Acetyltransf_1;Acetyltransf_10;Acetyltransf_7	Acetyltransferase (GNAT) domain; Acetyltransferase (GNAT) family	GO:0016747			
82657	fig|6666666.1036479.peg.440	fig|6666666.1036479.peg.1473	0.7923719406127929	0.0607582189389345	High	Low	Low–High			0	no STRING match	no STRING match	2162	2612	1	1	COX4_pro	Prokaryotic Cytochrome C oxidase subunit IV	GO:0016020	DUF420	Protein of unknown function (DUF420)	
82868	fig|6666666.1036479.peg.3011	fig|6666666.1036479.peg.208	0.7922041594982148	0.0609133175294485	High	Low	Low–High			0	no STRING match	no STRING match	1871	2076	1	1				DUF8845	Domain of unknown function (DUF8845)	
82914	fig|6666666.1036479.peg.492	fig|6666666.1036479.peg.1312	0.7921682298183441	0.0609471304923093	Very Low	Low	Very Low–Low		Cystathionine beta-synthase; COG0031 Cysteine synthase.	0	no STRING match	secondary STRING hit (STRING protein assigned to a better match)	2179	2536	1	1	TAL_FSA	Transaldolase/Fructose-6-phosphate aldolase	GO:0005975	PALP	Pyridoxal-phosphate dependent enzyme	
82952	fig|6666666.1036479.peg.1433	fig|6666666.1036479.peg.2279	0.792147958278656	0.0609750629398901	Very Low	Medium	Very Low–Medium			0	no STRING match	no STRING match	2601	2958	1	1	PBCV_basic_adap	PBCV-specific basic adaptor domain		DUF4296	Domain of unknown function (DUF4296)	
83379	fig|6666666.1036479.peg.2541	fig|6666666.1036479.peg.1109	0.791855639219284	0.0612889354429681	Very Low	Very Low	Very Low–Very Low			0	no STRING match	no STRING match	1634	2441	1	1						
83434	fig|6666666.1036479.peg.2541	fig|6666666.1036479.peg.2546	0.7918076694011689	0.0613293639855192	Very Low	Very Low	Very Low–Very Low		Yd repeat protein; COG3209 Rhs family protein.	0	no STRING match	secondary STRING hit (STRING protein assigned to a better match)	1634	1639	1	1						
83606	fig|6666666.1036479.peg.1632	fig|6666666.1036479.peg.1962	0.791705060005188	0.0614557950640424	Very Low	Medium	Very Low–Medium			0	no STRING match	no STRING match	2694	2823	2	1	SUKH_5;SMI1_KNR4;SUKH_6	SMI1-KNR4 cell-wall; SMI1 / KNR4 family (SUKH-1)				
83862	fig|6666666.1036479.peg.3037	fig|6666666.1036479.peg.2352	0.7915322422981262	0.0616439715530073	Medium	Medium	Medium–Medium			0	no STRING match	no STRING match	1889	2992	1	1						
84106	fig|6666666.1036479.peg.598	fig|6666666.1036479.peg.1178	0.7913500726222992	0.0618233272690519	Very Low	Very Low	Very Low–Very Low			0	no STRING match	no STRING match	2220	2486	1	1						
84187	fig|6666666.1036479.peg.2076	fig|6666666.1036479.peg.2314	0.7912946820259095	0.0618828674862634	Medium	Medium	Medium–Medium			0	no STRING match	no STRING match	2863	2973	1	1				GldD_lipo	Gliding motility lipoprotein GldD	
84450	fig|6666666.1036479.peg.1109	fig|6666666.1036479.peg.2404	0.7910964071750641	0.0620761894260984	Very Low	Medium	Very Low–Medium		Hypothetical protein; COG0605 Superoxide dismutase.	0	no STRING match	secondary STRING hit (STRING protein assigned to a better match)	2441	3006	1	1						
84967	fig|6666666.1036479.peg.3183	fig|6666666.1036479.peg.2404	0.7907346248626709	0.0624562177260782	Very Low	Medium	Very Low–Medium		Hypothetical protein; COG0605 Superoxide dismutase.	0	no STRING match	secondary STRING hit (STRING protein assigned to a better match)	1946	3006	1	1						
84972	fig|6666666.1036479.peg.3037	fig|6666666.1036479.peg.2076	0.7907314598560333	0.0624598930481283	Medium	Medium	Medium–Medium			0	no STRING match	no STRING match	1889	2863	1	1						
85110	fig|6666666.1036479.peg.1015	fig|6666666.1036479.peg.2053	0.790634137392044	0.0625613319367109	Low	Low	Low–Low			0	no STRING match	no STRING match	2402	2854	1	1						
85136	fig|6666666.1036479.peg.3011	fig|6666666.1036479.peg.709	0.7906158328056335	0.0625804436113714	High	Low	Low–High			0	no STRING match	no STRING match	1871	2269	1	1						
85258	fig|6666666.1036479.peg.3035	fig|6666666.1036479.peg.2063	0.7905330240726471	0.0626701214693937	Very Low	Very Low	Very Low–Very Low			0	no STRING match	no STRING match	1888	2860	1	1	CSD	'Cold-shock' DNA-binding domain	GO:0003676	Ribosomal_L32p	Ribosomal L32p protein family	GO:0003735;GO:0006412;GO:0015934
85259	fig|6666666.1036479.peg.2857	fig|6666666.1036479.peg.695	0.7905326843261719	0.0626708565338037	Very Low	Low	Very Low–Low			0	no STRING match	no STRING match	1792	2264	1	1						
85372	fig|6666666.1036479.peg.2076	fig|6666666.1036479.peg.2279	0.7905176281929016	0.0627539188121359	Medium	Medium	Medium–Medium			0	no STRING match	no STRING match	2863	2958	1	1				DUF4296	Domain of unknown function (DUF4296)	
85425	fig|6666666.1036479.peg.3064	fig|6666666.1036479.peg.201	0.7904814720153809	0.0627928772258669	Low	High	Low–High			0	no STRING match	no STRING match	1895	2073	1	1	DoxX	DoxX		DUF8561	Domain of unknown function (DUF8561)	
85677	fig|6666666.1036479.peg.2279	fig|6666666.1036479.peg.2337	0.7903746485710144	0.0629781134571916	Medium	Very Low	Very Low–Medium			0	no STRING match	no STRING match	2958	2987	1	1	DUF4296	Domain of unknown function (DUF4296)		SPOR	SPOR domain	GO:0042834
85812	fig|6666666.1036479.peg.2314	fig|6666666.1036479.peg.2352	0.7903124034404755	0.0630773471525442	Medium	Medium	Medium–Medium			0	no STRING match	no STRING match	2973	2992	1	1	GldD_lipo	Gliding motility lipoprotein GldD				
85889	fig|6666666.1036479.peg.1632	fig|6666666.1036479.peg.2179	0.7902642786502838	0.0631339471121157	Very Low	Very Low	Very Low–Very Low			0	no STRING match	no STRING match	2694	2928	2	1	SUKH_5;SMI1_KNR4;SUKH_6	SMI1-KNR4 cell-wall; SMI1 / KNR4 family (SUKH-1)				
86153	fig|6666666.1036479.peg.3183	fig|6666666.1036479.peg.1109	0.7900926470756531	0.0633280041163606	Very Low	Very Low	Very Low–Very Low			0	no STRING match	no STRING match	1946	2441	1	1						
86673	fig|6666666.1036479.peg.201	fig|6666666.1036479.peg.440	0.7897304117679596	0.0637102376095705	High	High	High–High			0	no STRING match	no STRING match	2073	2162	1	1	DUF8561	Domain of unknown function (DUF8561)		COX4_pro	Prokaryotic Cytochrome C oxidase subunit IV	GO:0016020
86674	fig|6666666.1036479.peg.1433	fig|6666666.1036479.peg.2337	0.7897286772727966	0.0637109726739805	Very Low	Very Low	Very Low–Very Low			0	no STRING match	no STRING match	2601	2987	1	1	PBCV_basic_adap	PBCV-specific basic adaptor domain		SPOR	SPOR domain	GO:0042834
86776	fig|6666666.1036479.peg.2546	fig|6666666.1036479.peg.2172	0.7896586000919342	0.0637859492438024	Very Low	Very Low	Very Low–Very Low	Yd repeat protein; COG3209 Rhs family protein.		0	secondary STRING hit (STRING protein assigned to a better match)	no STRING match	1639	2921	1	1						
86852	fig|6666666.1036479.peg.2766	fig|6666666.1036479.peg.1015	0.7896030962467193	0.0638418141389639	Low	Low	Low–Low			0	no STRING match	no STRING match	1742	2402	1	1	DUF4199	Protein of unknown function (DUF4199)				
86973	fig|6666666.1036479.peg.3064	fig|6666666.1036479.peg.1504	0.7895436108112335	0.0639307569325762	Low	Low	Low–Low			0	no STRING match	no STRING match	1895	2626	1	1	DoxX	DoxX		VanZ-LLP1	VanZ/LLP1	
87157	fig|6666666.1036479.peg.1754	fig|6666666.1036479.peg.1755	0.7894127070903778	0.0640660087840197	Medium	Medium	Medium–Medium	Hypothetical protein.	Hypothetical protein.	0	secondary STRING hit (STRING protein assigned to a better match)	secondary STRING hit (STRING protein assigned to a better match)	2736	2737	1	1	DUF2931	Protein of unknown function (DUF2931)		DUF2931	Protein of unknown function (DUF2931)	
87344	fig|6666666.1036479.peg.3183	fig|6666666.1036479.peg.888	0.7893292367458343	0.0642034658286932	Very Low	Very Low	Very Low–Very Low			0	no STRING match	no STRING match	1946	2363	1	1						
87353	fig|6666666.1036479.peg.2876	fig|6666666.1036479.peg.2404	0.789324426651001	0.0642100814083834	Medium	Medium	Medium–Medium		Hypothetical protein; COG0605 Superoxide dismutase.	0	no STRING match	secondary STRING hit (STRING protein assigned to a better match)	1802	3006	1	1						
87356	fig|6666666.1036479.peg.869	fig|6666666.1036479.peg.2053	0.7893231034278869	0.0642122866016134	Low	Low	Low–Low			0	no STRING match	no STRING match	2348	2854	1	1						
87405	fig|6666666.1036479.peg.392	fig|6666666.1036479.peg.1178	0.7892925977706909	0.0642483047577043	Very Low	Very Low	Very Low–Very Low			0	no STRING match	no STRING match	2143	2486	1	1						
87756	fig|6666666.1036479.peg.2076	fig|6666666.1036479.peg.2352	0.7890559375286103	0.064506312365621	Medium	Medium	Medium–Medium			0	no STRING match	no STRING match	2863	2992	1	1						
87945	fig|6666666.1036479.peg.2514	fig|6666666.1036479.peg.392	0.7889370679855346	0.0646452395391146	Very Low	Very Low	Very Low–Very Low			0	no STRING match	no STRING match	1620	2143	1	1						
88339	fig|6666666.1036479.peg.254	fig|6666666.1036479.peg.1197	0.7886704921722412	0.064934854916662	High	Medium	Medium–High			0	no STRING match	no STRING match	2097	2493	1	1	YidD	Putative membrane protein insertion efficiency factor				
88463	fig|6666666.1036479.peg.2972	fig|6666666.1036479.peg.1632	0.7886052370071411	0.0650260029035044	Medium	Very Low	Very Low–Medium			0	no STRING match	no STRING match	1853	2694	1	2	DUF4440	Domain of unknown function (DUF4440)		SUKH_5;SMI1_KNR4;SUKH_6	SMI1-KNR4 cell-wall; SMI1 / KNR4 family (SUKH-1)	
88498	fig|6666666.1036479.peg.2972	fig|6666666.1036479.peg.1781	0.7885881423950195	0.065051730157855	Medium	Very Low	Very Low–Medium			0	no STRING match	no STRING match	1853	2746	1	1	DUF4440	Domain of unknown function (DUF4440)		SMI1_KNR4	SMI1 / KNR4 family (SUKH-1)	
88634	fig|6666666.1036479.peg.3035	fig|6666666.1036479.peg.871	0.7884957790374756	0.0651516989176176	Very Low	Very Low	Very Low–Very Low			0	no STRING match	no STRING match	1888	2350	1	1	CSD	'Cold-shock' DNA-binding domain	GO:0003676	Ribosomal_S15	Ribosomal protein S15	GO:0003735;GO:0005840;GO:0006412
89016	fig|6666666.1036479.peg.1284	fig|6666666.1036479.peg.2279	0.7882445275783538	0.0654324935222448	High	Medium	Medium–High			0	no STRING match	no STRING match	2525	2958	1	1	FtsL_2	Bacteriodetes cell division protein (FtsL-like)		DUF4296	Domain of unknown function (DUF4296)	
89247	fig|6666666.1036479.peg.2644	fig|6666666.1036479.peg.1902	0.7881082355976105	0.0656022934009592	Very Low	Low	Very Low–Low			0	no STRING match	no STRING match	1692	2788	1	1	Urocanase_N;Urocanase;Urocanase_C	Urocanase N-terminal domain; Urocanase Rossmann-like domain; Urocanase C-terminal domain		LacAB_rpiB	Ribose/Galactose Isomerase	GO:0005975;GO:0016853
89444	fig|6666666.1036479.peg.2972	fig|6666666.1036479.peg.1755	0.7879790842533112	0.0657471010897329	Medium	Medium	Medium–Medium		Hypothetical protein.	0	no STRING match	secondary STRING hit (STRING protein assigned to a better match)	1853	2737	1	1	DUF4440	Domain of unknown function (DUF4440)		DUF2931	Protein of unknown function (DUF2931)	
89580	fig|6666666.1036479.peg.598	fig|6666666.1036479.peg.1197	0.7878763854503632	0.0658470698494955	Very Low	Medium	Very Low–Medium			0	no STRING match	no STRING match	2220	2493	1	1						
89661	fig|6666666.1036479.peg.1632	fig|6666666.1036479.peg.1964	0.7878178179264068	0.065906610066707	Very Low	Very Low	Very Low–Very Low			0	no STRING match	no STRING match	2694	2824	2	1	SUKH_5;SMI1_KNR4;SUKH_6	SMI1-KNR4 cell-wall; SMI1 / KNR4 family (SUKH-1)				
89878	fig|6666666.1036479.peg.1109	fig|6666666.1036479.peg.2352	0.7876931011676789	0.0660661190436812	Very Low	Medium	Very Low–Medium			0	no STRING match	no STRING match	2441	2992	1	1						
90068	fig|6666666.1036479.peg.2857	fig|6666666.1036479.peg.892	0.78759286403656	0.0662057812815848	Very Low	Low	Very Low–Low			0	no STRING match	no STRING match	1792	2367	1	1						
90508	fig|6666666.1036479.peg.1504	fig|6666666.1036479.peg.2053	0.7872965633869171	0.0665292096219931	Low	Low	Low–Low			0	no STRING match	no STRING match	2626	2854	1	1	VanZ-LLP1	VanZ/LLP1				
90538	fig|6666666.1036479.peg.2961	fig|6666666.1036479.peg.946	0.7872652053833008	0.0665512615542937	Very Low	Low	Very Low–Low			0	no STRING match	no STRING match	1850	2390	1	1						
90586	fig|6666666.1036479.peg.695	fig|6666666.1036479.peg.946	0.7872241020202637	0.0665865446459746	Low	Low	Low–Low			0	no STRING match	no STRING match	2264	2390	1	1						
90841	fig|6666666.1036479.peg.946	fig|6666666.1036479.peg.1181	0.7870526611804962	0.0667739860705294	Low	Very Low	Very Low–Low			0	no STRING match	no STRING match	2390	2489	1	1						
90912	fig|6666666.1036479.peg.599	fig|6666666.1036479.peg.1197	0.7869984447956085	0.0668261756436407	High	Medium	Medium–High			0	no STRING match	no STRING match	2221	2493	1	1	PepS8_pro_Ba	Peptidase S8 propeptide domain, Bacteroidota				
91534	fig|6666666.1036479.peg.834	fig|6666666.1036479.peg.2150	0.7866035342216492	0.0672833857066725	Very Low	Very Low	Very Low–Very Low			0	no STRING match	no STRING match	2335	2903	1	1						
91620	fig|6666666.1036479.peg.3011	fig|6666666.1036479.peg.1781	0.7865317821502685	0.0673466012459341	High	Very Low	Very Low–High			0	no STRING match	no STRING match	1871	2746	1	1				SMI1_KNR4	SMI1 / KNR4 family (SUKH-1)	
91723	fig|6666666.1036479.peg.598	fig|6666666.1036479.peg.888	0.7864839792251587	0.0674223128801661	Very Low	Very Low	Very Low–Very Low			0	no STRING match	no STRING match	2220	2363	1	1						
91878	fig|6666666.1036479.peg.201	fig|6666666.1036479.peg.1504	0.7863847255706787	0.067536247863719	High	Low	Low–High			0	no STRING match	no STRING match	2073	2626	1	1	DUF8561	Domain of unknown function (DUF8561)		VanZ-LLP1	VanZ/LLP1	
92226	fig|6666666.1036479.peg.2972	fig|6666666.1036479.peg.1754	0.7861925542354584	0.0677920502784056	Medium	Medium	Medium–Medium		Hypothetical protein.	0	no STRING match	secondary STRING hit (STRING protein assigned to a better match)	1853	2736	1	1	DUF4440	Domain of unknown function (DUF4440)		DUF2931	Protein of unknown function (DUF2931)	
92457	fig|6666666.1036479.peg.1377	fig|6666666.1036479.peg.1551	0.7860149323940278	0.06796185015712	Very Low	Low	Very Low–Low			0	no STRING match	no STRING match	2581	2648	1	1						
92549	fig|6666666.1036479.peg.2608	fig|6666666.1036479.peg.492	0.7859504759311676	0.0680294760828417	Very Low	Very Low	Very Low–Very Low			0	no STRING match	no STRING match	1673	2179	1	1	TPP_enzyme_N;TPP_enzyme_M;TPP_enzyme_C	Thiamine pyrophosphate enzyme, N-terminal TPP binding domain; Thiamine pyrophosphate enzyme, central domain; Thiamine pyrophosphate enzyme, C-terminal TPP binding domain	GO:0000287;GO:0003824;GO:0030976	TAL_FSA	Transaldolase/Fructose-6-phosphate aldolase	GO:0005975
92786	fig|6666666.1036479.peg.2876	fig|6666666.1036479.peg.2972	0.7857981741428375	0.0682036863480162	Medium	Medium	Medium–Medium			0	no STRING match	no STRING match	1802	1853	1	1				DUF4440	Domain of unknown function (DUF4440)	
93042	fig|6666666.1036479.peg.2766	fig|6666666.1036479.peg.2188	0.7856490433216095	0.0683918628369811	Low	High	Low–High			0	no STRING match	no STRING match	1742	2933	1	1	DUF4199	Protein of unknown function (DUF4199)		Colicin_V	Colicin V production protein	GO:0009403;GO:0016020
93051	fig|6666666.1036479.peg.2876	fig|6666666.1036479.peg.1964	0.7856370031833648	0.0683984784166712	Medium	Very Low	Very Low–Medium			0	no STRING match	no STRING match	1802	2824	1	1						
93160	fig|6666666.1036479.peg.3100	fig|6666666.1036479.peg.2076	0.7855677366256714	0.0684786004373633	Medium	Medium	Medium–Medium			0	no STRING match	no STRING match	1909	2863	1	1	DUF7619;Por_Secre_tail	Domain of unknown function (DUF7619); Secretion system C-terminal sorting domain				
93225	fig|6666666.1036479.peg.2876	fig|6666666.1036479.peg.1109	0.7855219423770905	0.0685263796240145	Medium	Very Low	Very Low–Medium			0	no STRING match	no STRING match	1802	2441	1	1						
93520	fig|6666666.1036479.peg.1753	fig|6666666.1036479.peg.1755	0.7853358685970306	0.0687432236249701	Medium	Medium	Medium–Medium	Hypothetical protein.	Hypothetical protein.	0	secondary STRING hit (STRING protein assigned to a better match)	secondary STRING hit (STRING protein assigned to a better match)	2735	2737	1	1	DUF2931	Protein of unknown function (DUF2931)		DUF2931	Protein of unknown function (DUF2931)	
93522	fig|6666666.1036479.peg.2876	fig|6666666.1036479.peg.1755	0.7853340566158294	0.0687446937537901	Medium	Medium	Medium–Medium		Hypothetical protein.	0	no STRING match	secondary STRING hit (STRING protein assigned to a better match)	1802	2737	1	1				DUF2931	Protein of unknown function (DUF2931)	
93607	fig|6666666.1036479.peg.3011	fig|6666666.1036479.peg.888	0.7852867722511292	0.0688071742286417	High	Very Low	Very Low–High			0	no STRING match	no STRING match	1871	2363	1	1						
93632	fig|6666666.1036479.peg.888	fig|6666666.1036479.peg.1781	0.7852789342403412	0.0688255508388922	Very Low	Very Low	Very Low–Very Low			0	no STRING match	no STRING match	2363	2746	1	1				SMI1_KNR4	SMI1 / KNR4 family (SUKH-1)	
93861	fig|6666666.1036479.peg.3037	fig|6666666.1036479.peg.1755	0.7851478099822998	0.0689938805887866	Medium	Medium	Medium–Medium		Hypothetical protein.	0	no STRING match	secondary STRING hit (STRING protein assigned to a better match)	1889	2737	1	1				DUF2931	Protein of unknown function (DUF2931)	
94247	fig|6666666.1036479.peg.2514	fig|6666666.1036479.peg.1377	0.7848923206329346	0.0692776154510539	Very Low	Very Low	Very Low–Very Low			0	no STRING match	no STRING match	1620	2581	1	1						
94315	fig|6666666.1036479.peg.834	fig|6666666.1036479.peg.2337	0.7848519742488861	0.0693275998309351	Very Low	Very Low	Very Low–Very Low			0	no STRING match	no STRING match	2335	2987	1	1				SPOR	SPOR domain	GO:0042834
94560	fig|6666666.1036479.peg.2735	fig|6666666.1036479.peg.2451	0.7846854090690613	0.0695076906113898	Low	Very Low	Very Low–Low			0	no STRING match	no STRING match	1727	3028	1	1	Acetyltransf_3;Acetyltransf_1;Acetyltransf_10;Acetyltransf_7	Acetyltransferase (GNAT) domain; Acetyltransferase (GNAT) family	GO:0016747	EPSP_synthase	EPSP synthase (3-phosphoshikimate 1-carboxyvinyltransferase)	GO:0016765
94794	fig|6666666.1036479.peg.2546	fig|6666666.1036479.peg.1327	0.7845576107501984	0.0696796956833342	Very Low	Medium	Very Low–Medium	Yd repeat protein; COG3209 Rhs family protein.	Hypothetical protein.	0	secondary STRING hit (STRING protein assigned to a better match)	secondary STRING hit (STRING protein assigned to a better match)	1639	2546	1	1						
94839	fig|6666666.1036479.peg.888	fig|6666666.1036479.peg.1964	0.7845366537570954	0.0697127735817851	Very Low	Very Low	Very Low–Very Low			0	no STRING match	no STRING match	2363	2824	1	1						
95137	fig|6666666.1036479.peg.3037	fig|6666666.1036479.peg.1754	0.7843510746955872	0.0699318227759707	Medium	Medium	Medium–Medium		Hypothetical protein.	0	no STRING match	secondary STRING hit (STRING protein assigned to a better match)	1889	2736	1	1				DUF2931	Protein of unknown function (DUF2931)	
95320	fig|6666666.1036479.peg.2735	fig|6666666.1036479.peg.2142	0.7842353522777558	0.0700663395630042	Low	Very Low	Very Low–Low			0	no STRING match	no STRING match	1727	2900	1	1	Acetyltransf_3;Acetyltransf_1;Acetyltransf_10;Acetyltransf_7	Acetyltransferase (GNAT) domain; Acetyltransferase (GNAT) family	GO:0016747	ADP_ribosyl_GH	ADP-ribosylglycohydrolase	
95358	fig|6666666.1036479.peg.1753	fig|6666666.1036479.peg.1754	0.7842094004154205	0.0700942720105849	Medium	Medium	Medium–Medium	Hypothetical protein.	Hypothetical protein.	0	secondary STRING hit (STRING protein assigned to a better match)	secondary STRING hit (STRING protein assigned to a better match)	2735	2736	1	1	DUF2931	Protein of unknown function (DUF2931)		DUF2931	Protein of unknown function (DUF2931)	
95542	fig|6666666.1036479.peg.3037	fig|6666666.1036479.peg.1327	0.7840919733047486	0.0702295238620284	Medium	Medium	Medium–Medium		Hypothetical protein.	0	no STRING match	secondary STRING hit (STRING protein assigned to a better match)	1889	2546	1	1						
95781	fig|6666666.1036479.peg.279	fig|6666666.1036479.peg.2053	0.7839475572109222	0.0704052042560229	Low	Low	Low–Low			0	no STRING match	no STRING match	2106	2854	1	1	DUF6755	Family of unknown function (DUF6755)				
95852	fig|6666666.1036479.peg.598	fig|6666666.1036479.peg.1377	0.7838955044746398	0.0704573938291342	Very Low	Very Low	Very Low–Very Low			0	no STRING match	no STRING match	2220	2581	1	1						
95882	fig|6666666.1036479.peg.871	fig|6666666.1036479.peg.2063	0.7838711857795715	0.0704794457614348	Very Low	Very Low	Very Low–Very Low			0	no STRING match	no STRING match	2350	2860	1	1	Ribosomal_S15	Ribosomal protein S15	GO:0003735;GO:0005840;GO:0006412	Ribosomal_L32p	Ribosomal L32p protein family	GO:0003735;GO:0006412;GO:0015934
95988	fig|6666666.1036479.peg.2150	fig|6666666.1036479.peg.2337	0.7838106274604797	0.0705573625888968	Very Low	Very Low	Very Low–Very Low			0	no STRING match	no STRING match	2903	2987	1	1				SPOR	SPOR domain	GO:0042834
96322	fig|6666666.1036479.peg.1284	fig|6666666.1036479.peg.2188	0.7835876226425171	0.0708028741018431	High	High	High–High			0	no STRING match	no STRING match	2525	2933	1	1	FtsL_2	Bacteriodetes cell division protein (FtsL-like)		Colicin_V	Colicin V production protein	GO:0009403;GO:0016020
97448	fig|6666666.1036479.peg.35	fig|6666666.1036479.peg.2150	0.7828792214393616	0.0716305566275244	Very Low	Very Low	Very Low–Very Low			0	no STRING match	no STRING match	2022	2903	2	1						
97655	fig|6666666.1036479.peg.254	fig|6666666.1036479.peg.599	0.782763671875	0.0717827149603984	High	High	High–High			0	no STRING match	no STRING match	2097	2221	1	1	YidD	Putative membrane protein insertion efficiency factor		PepS8_pro_Ba	Peptidase S8 propeptide domain, Bacteroidota	
97749	fig|6666666.1036479.peg.1327	fig|6666666.1036479.peg.2172	0.7827116787433624	0.0718518110149401	Medium	Very Low	Very Low–Medium	Hypothetical protein.		0	secondary STRING hit (STRING protein assigned to a better match)	no STRING match	2546	2921	1	1						
97796	fig|6666666.1036479.peg.659	fig|6666666.1036479.peg.1377	0.7826779544353485	0.071886359042211	Very Low	Very Low	Very Low–Very Low			0	no STRING match	no STRING match	2253	2581	1	1						
97814	fig|6666666.1036479.peg.2891	fig|6666666.1036479.peg.2150	0.7826584160327912	0.0718995902015914	Medium	Very Low	Very Low–Medium			0	no STRING match	no STRING match	1813	2903	1	1						
97890	fig|6666666.1036479.peg.2912	fig|6666666.1036479.peg.1481	0.7826202929019928	0.0719554550967528	High	Medium	Medium–High		Hypothetical protein.	0	no STRING match	secondary STRING hit (STRING protein assigned to a better match)	1821	1041	1	3	DUF5683	Family of unknown function (DUF5683)		PorP_SprF	Type IX secretion system membrane protein PorP/SprF	
98002	fig|6666666.1036479.peg.2500	fig|6666666.1036479.peg.3042	0.7825507283210754	0.0720377823106749	Very Low	Low	Very Low–Low			0	no STRING match	no STRING match	1607	1890	1	1						
98364	fig|6666666.1036479.peg.2912	fig|6666666.1036479.peg.1284	0.7823238253593445	0.0723038756271018	High	High	High–High			0	no STRING match	no STRING match	1821	2525	1	1	DUF5683	Family of unknown function (DUF5683)		FtsL_2	Bacteriodetes cell division protein (FtsL-like)	
98580	fig|6666666.1036479.peg.2619	fig|6666666.1036479.peg.1312	0.7822016596794128	0.0724626495396659	Very Low	Low	Very Low–Low		Cystathionine beta-synthase; COG0031 Cysteine synthase.	0	no STRING match	secondary STRING hit (STRING protein assigned to a better match)	1678	2536	1	1	Iso_dh	Isocitrate/isopropylmalate dehydrogenase		PALP	Pyridoxal-phosphate dependent enzyme	
98857	fig|6666666.1036479.peg.1785	fig|6666666.1036479.peg.1964	0.7820123612880707	0.0726662623812411	Very Low	Very Low	Very Low–Very Low			0	no STRING match	no STRING match	2750	2824	1	1						
98898	fig|6666666.1036479.peg.1284	fig|6666666.1036479.peg.2337	0.7819847524166107	0.0726964000220519	High	Very Low	Very Low–High			0	no STRING match	no STRING match	2525	2987	1	1	FtsL_2	Bacteriodetes cell division protein (FtsL-like)		SPOR	SPOR domain	GO:0042834
99303	fig|6666666.1036479.peg.2944	fig|6666666.1036479.peg.3042	0.7817323684692383	0.0729941011081096	Low	Low	Low–Low			0	no STRING match	no STRING match	1840	1890	1	1						
99528	fig|6666666.1036479.peg.2944	fig|6666666.1036479.peg.869	0.7816016137599945	0.0731594906003638	Low	Low	Low–Low			0	no STRING match	no STRING match	1840	2348	1	1						
99979	fig|6666666.1036479.peg.3244	fig|6666666.1036479.peg.410	0.7813364624977112	0.0734910046492823	Very Low	Very Low	Very Low–Very Low			0	no STRING match	no STRING match	1994	2149	3	1						
100605	fig|6666666.1036479.peg.35	fig|6666666.1036479.peg.834	0.7809714376926422	0.0739511549699542	Very Low	Very Low	Very Low–Very Low			0	no STRING match	no STRING match	2022	2335	2	1						
100713	fig|6666666.1036479.peg.1327	fig|6666666.1036479.peg.2150	0.7808997988700866	0.0740305419262362	Medium	Very Low	Very Low–Medium	Hypothetical protein.		0	secondary STRING hit (STRING protein assigned to a better match)	no STRING match	2546	2903	1	1						
100718	fig|6666666.1036479.peg.2766	fig|6666666.1036479.peg.817	0.7808948457241058	0.0740342172482863	Low	Low	Low–Low		Phospholipid/glycerol acyltransferase; COG4258 Predicted exporter.	0	no STRING match	secondary STRING hit (STRING protein assigned to a better match)	1742	2329	1	1	DUF4199	Protein of unknown function (DUF4199)		MMPL	MMPL family	GO:0016020
100788	fig|6666666.1036479.peg.3100	fig|6666666.1036479.peg.1327	0.7808347165584564	0.0740856717569877	Medium	Medium	Medium–Medium		Hypothetical protein.	0	no STRING match	secondary STRING hit (STRING protein assigned to a better match)	1909	2546	1	1	DUF7619;Por_Secre_tail	Domain of unknown function (DUF7619); Secretion system C-terminal sorting domain				
101412	fig|6666666.1036479.peg.2961	fig|6666666.1036479.peg.695	0.7804588317871094	0.0745443519488395	Very Low	Low	Very Low–Low			0	no STRING match	no STRING match	1850	2264	1	1						
102038	fig|6666666.1036479.peg.2162	fig|6666666.1036479.peg.2172	0.7800799667835235	0.0750045022695113	Very Low	Very Low	Very Low–Very Low			0	no STRING match	no STRING match	2912	2921	1	1	EndoU_bacteria	Bacterial EndoU nuclease	GO:0004519			
102135	fig|6666666.1036479.peg.2944	fig|6666666.1036479.peg.1079	0.7800267815589905	0.0750758035172832	Low	Low	Low–Low			0	no STRING match	no STRING match	1840	2423	1	1				Glycos_transf_1;Glyco_trans_1_4;Glyco_trans_1_2	Glycosyl transferases group 1; Glycosyl transferase-like	GO:0016757
102259	fig|6666666.1036479.peg.2961	fig|6666666.1036479.peg.892	0.7799573838710785	0.0751669515041255	Very Low	Low	Very Low–Low			0	no STRING match	no STRING match	1850	2367	1	1						
102976	fig|6666666.1036479.peg.599	fig|6666666.1036479.peg.1077	0.7795052409172059	0.0756939926861091	High	Low	Low–High			0	no STRING match	no STRING match	2221	2421	1	1	PepS8_pro_Ba	Peptidase S8 propeptide domain, Bacteroidota				
103194	fig|6666666.1036479.peg.1785	fig|6666666.1036479.peg.2179	0.779362964630127	0.0758542367274932	Very Low	Very Low	Very Low–Very Low			0	no STRING match	no STRING match	2750	2928	1	1						
103431	fig|6666666.1036479.peg.834	fig|6666666.1036479.peg.2172	0.7792270481586456	0.0760284469926677	Very Low	Very Low	Very Low–Very Low			0	no STRING match	no STRING match	2335	2921	1	1						
103543	fig|6666666.1036479.peg.279	fig|6666666.1036479.peg.869	0.7791671633720398	0.0761107742065898	Low	Low	Low–Low			0	no STRING match	no STRING match	2106	2348	1	1	DUF6755	Family of unknown function (DUF6755)				
103592	fig|6666666.1036479.peg.2912	fig|6666666.1036479.peg.3100	0.77914999127388	0.0761467923626807	High	Medium	Medium–High			0	no STRING match	no STRING match	1821	1909	1	1	DUF5683	Family of unknown function (DUF5683)		DUF7619;Por_Secre_tail	Domain of unknown function (DUF7619); Secretion system C-terminal sorting domain	
104035	fig|6666666.1036479.peg.3011	fig|6666666.1036479.peg.1371	0.7788891077041626	0.0764724258963191	High	Medium	Medium–High			0	no STRING match	no STRING match	1871	2578	1	1						
104104	fig|6666666.1036479.peg.2891	fig|6666666.1036479.peg.834	0.7788472175598145	0.0765231453406104	Medium	Very Low	Very Low–Medium			0	no STRING match	no STRING match	1813	2335	1	1						
104404	fig|6666666.1036479.peg.1197	fig|6666666.1036479.peg.1371	0.7786143720149994	0.0767436646636161	Medium	Medium	Medium–Medium			0	no STRING match	no STRING match	2493	2578	1	1						
104812	fig|6666666.1036479.peg.3100	fig|6666666.1036479.peg.1481	0.7783755421638489	0.0770435709429038	Medium	Medium	Medium–Medium		Hypothetical protein.	0	no STRING match	secondary STRING hit (STRING protein assigned to a better match)	1909	1041	1	3	DUF7619;Por_Secre_tail	Domain of unknown function (DUF7619); Secretion system C-terminal sorting domain		PorP_SprF	Type IX secretion system membrane protein PorP/SprF	
105062	fig|6666666.1036479.peg.410	fig|6666666.1036479.peg.1128	0.7782605051994324	0.0772273370454086	Very Low	Very Low	Very Low–Very Low			0	no STRING match	no STRING match	2149	2459	1	1						
105247	fig|6666666.1036479.peg.2550	fig|6666666.1036479.peg.1966	0.7781477689743042	0.0773633239612621	Very Low	Very Low	Very Low–Very Low			0	no STRING match	no STRING match	1643	2826	2	1						
105278	fig|6666666.1036479.peg.2687	fig|6666666.1036479.peg.871	0.7781318366527558	0.0773861109579727	Very Low	Very Low	Very Low–Very Low			0	no STRING match	no STRING match	1708	2350	1	1	Ribosomal_S30AE	Sigma 54 modulation protein / S30EA ribosomal protein	GO:0044238	Ribosomal_S15	Ribosomal protein S15	GO:0003735;GO:0005840;GO:0006412
105445	fig|6666666.1036479.peg.1077	fig|6666666.1036479.peg.1197	0.7780223846435547	0.0775088667144458	Low	Medium	Low–Medium			0	no STRING match	no STRING match	2421	2493	1	1						
105559	fig|6666666.1036479.peg.2619	fig|6666666.1036479.peg.2644	0.7779628455638885	0.077592664057188	Very Low	Very Low	Very Low–Very Low			0	no STRING match	no STRING match	1678	1692	1	1	Iso_dh	Isocitrate/isopropylmalate dehydrogenase		Urocanase_N;Urocanase;Urocanase_C	Urocanase N-terminal domain; Urocanase Rossmann-like domain; Urocanase C-terminal domain	
105938	fig|6666666.1036479.peg.3042	fig|6666666.1036479.peg.1042	0.7777248442173004	0.0778712534685851	Low	Low	Low–Low			0	no STRING match	no STRING match	1890	2410	1	1				Acyl_transf_3	Acyltransferase domain	GO:0016747
106053	fig|6666666.1036479.peg.2930	fig|6666666.1036479.peg.1181	0.7776499927043915	0.0779557858757373	Very Low	Very Low	Very Low–Very Low			0	no STRING match	no STRING match	1832	2489	1	1						
106716	fig|6666666.1036479.peg.2687	fig|6666666.1036479.peg.3035	0.7772486746311188	0.0784431335795799	Very Low	Very Low	Very Low–Very Low			0	no STRING match	no STRING match	1708	1888	1	1	Ribosomal_S30AE	Sigma 54 modulation protein / S30EA ribosomal protein	GO:0044238	CSD	'Cold-shock' DNA-binding domain	GO:0003676
106920	fig|6666666.1036479.peg.3042	fig|6666666.1036479.peg.869	0.7771411776542664	0.0785930867192237	Low	Low	Low–Low			0	no STRING match	no STRING match	1890	2348	1	1						
107175	fig|6666666.1036479.peg.2944	fig|6666666.1036479.peg.1181	0.7769804239273072	0.0787805281437786	Low	Very Low	Very Low–Low			0	no STRING match	no STRING match	1840	2489	1	1						
107257	fig|6666666.1036479.peg.817	fig|6666666.1036479.peg.2188	0.7769256889820099	0.0788408034254001	Low	High	Low–High	Phospholipid/glycerol acyltransferase; COG4258 Predicted exporter.		0	secondary STRING hit (STRING protein assigned to a better match)	no STRING match	2329	2933	1	1	MMPL	MMPL family	GO:0016020	Colicin_V	Colicin V production protein	GO:0009403;GO:0016020
107270	fig|6666666.1036479.peg.3234	fig|6666666.1036479.peg.2142	0.7769140422344207	0.0788503592627304	Very Low	Very Low	Very Low–Very Low			0	no STRING match	no STRING match	1984	2900	3	1				ADP_ribosyl_GH	ADP-ribosylglycohydrolase	
107336	fig|6666666.1036479.peg.35	fig|6666666.1036479.peg.2179	0.7768839240074158	0.0788988735137916	Very Low	Very Low	Very Low–Very Low			0	no STRING match	no STRING match	2022	2928	2	1						
107636	fig|6666666.1036479.peg.2944	fig|6666666.1036479.peg.892	0.7766977369785308	0.0791193928367973	Low	Low	Low–Low			0	no STRING match	no STRING match	1840	2367	1	1						
107716	fig|6666666.1036479.peg.254	fig|6666666.1036479.peg.1077	0.776654040813446	0.0791781979895988	High	Low	Low–High			0	no STRING match	no STRING match	2097	2421	1	1	YidD	Putative membrane protein insertion efficiency factor				
107718	fig|6666666.1036479.peg.869	fig|6666666.1036479.peg.1077	0.7766521215438843	0.0791796681184188	Low	Low	Low–Low			0	no STRING match	no STRING match	2348	2421	1	1						
107781	fig|6666666.1036479.peg.2891	fig|6666666.1036479.peg.35	0.7766071319580078	0.07922597717625	Medium	Very Low	Very Low–Medium			0	no STRING match	no STRING match	1813	2022	1	2						
107924	fig|6666666.1036479.peg.106	fig|6666666.1036479.peg.1754	0.7765266478061676	0.0793310913868827	Medium	Medium	Medium–Medium		Hypothetical protein.	0	no STRING match	secondary STRING hit (STRING protein assigned to a better match)	2058	2736	1	1	Lumazine_bd_2	Putative lumazine-binding		DUF2931	Protein of unknown function (DUF2931)	
108202	fig|6666666.1036479.peg.2550	fig|6666666.1036479.peg.309	0.7763982772827148	0.079535439292868	Very Low	Very Low	Very Low–Very Low			0	no STRING match	no STRING match	1643	2122	2	1						
108246	fig|6666666.1036479.peg.1363	fig|6666666.1036479.peg.1371	0.7763539731502533	0.0795677821269088	Low	Medium	Low–Medium			0	no STRING match	no STRING match	2571	2578	1	1						
109030	fig|6666666.1036479.peg.300	fig|6666666.1036479.peg.309	0.7759021818637848	0.0801440726243637	Very Low	Very Low	Very Low–Very Low			0	no STRING match	no STRING match	2114	2122	1	1						
109056	fig|6666666.1036479.peg.1043	fig|6666666.1036479.peg.1079	0.7758746206760406	0.0801631842990242	Low	Low	Low–Low			0	no STRING match	no STRING match	2411	2423	1	1	Methyltransf_21	Methyltransferase FkbM domain		Glycos_transf_1;Glyco_trans_1_4;Glyco_trans_1_2	Glycosyl transferases group 1; Glycosyl transferase-like	GO:0016757
109096	fig|6666666.1036479.peg.892	fig|6666666.1036479.peg.1077	0.775847327709198	0.0801925868754249	Low	Low	Low–Low			0	no STRING match	no STRING match	2367	2421	1	1						
109677	fig|6666666.1036479.peg.695	fig|6666666.1036479.peg.892	0.7754953742027283	0.0806196592976459	Low	Low	Low–Low			0	no STRING match	no STRING match	2264	2367	1	1						
110134	fig|6666666.1036479.peg.1118	fig|6666666.1036479.peg.2179	0.7752210319042205	0.0809555837330246	Very Low	Very Low	Very Low–Very Low			0	no STRING match	no STRING match	2449	2928	1	1						
110284	fig|6666666.1036479.peg.1785	fig|6666666.1036479.peg.1850	0.7751390755176544	0.0810658433945274	Very Low	Very Low	Very Low–Very Low			0	no STRING match	no STRING match	2750	2771	1	1						
110581	fig|6666666.1036479.peg.1042	fig|6666666.1036479.peg.1079	0.7749529480934143	0.081284157524303	Low	Low	Low–Low			0	no STRING match	no STRING match	2410	2423	1	1	Acyl_transf_3	Acyltransferase domain	GO:0016747	Glycos_transf_1;Glyco_trans_1_4;Glyco_trans_1_2	Glycosyl transferases group 1; Glycosyl transferase-like	GO:0016757
111402	fig|6666666.1036479.peg.3231	fig|6666666.1036479.peg.599	0.7744720220565796	0.0818876454049286	Very Low	High	Very Low–High			0	no STRING match	no STRING match	1981	2221	2	1				PepS8_pro_Ba	Peptidase S8 propeptide domain, Bacteroidota	
111431	fig|6666666.1036479.peg.3042	fig|6666666.1036479.peg.1079	0.7744530737400055	0.0819089622728191	Low	Low	Low–Low			0	no STRING match	no STRING match	1890	2423	1	1				Glycos_transf_1;Glyco_trans_1_4;Glyco_trans_1_2	Glycosyl transferases group 1; Glycosyl transferase-like	GO:0016757
111668	fig|6666666.1036479.peg.2958	fig|6666666.1036479.peg.1128	0.7743188858032226	0.0820831725379936	Very Low	Very Low	Very Low–Very Low			0	no STRING match	no STRING match	1848	2459	1	1	DUF4295	Domain of unknown function (DUF4295)				
111753	fig|6666666.1036479.peg.2704	fig|6666666.1036479.peg.254	0.7742579579353333	0.0821456530128452	Medium	High	Medium–High			0	no STRING match	no STRING match	1718	2097	1	1				YidD	Putative membrane protein insertion efficiency factor	
111826	fig|6666666.1036479.peg.2891	fig|6666666.1036479.peg.1957	0.7742139041423798	0.0821993127147766	Medium	Medium	Medium–Medium			0	no STRING match	no STRING match	1813	2818	1	1						
111839	fig|6666666.1036479.peg.2878	fig|6666666.1036479.peg.907	0.7742059528827667	0.0822088685521068	High	High	High–High			0	no STRING match	no STRING match	1804	2373	1	1	DUF6691;Sulf_transp	Family of unknown function (DUF6691); Sulphur transport				
112309	fig|6666666.1036479.peg.695	fig|6666666.1036479.peg.1181	0.7739373743534088	0.0825543488248157	Low	Very Low	Very Low–Low			0	no STRING match	no STRING match	2264	2489	1	1						
112342	fig|6666666.1036479.peg.599	fig|6666666.1036479.peg.1371	0.7739190816879272	0.0825786059503464	High	Medium	Medium–High			0	no STRING match	no STRING match	2221	2578	1	1	PepS8_pro_Ba	Peptidase S8 propeptide domain, Bacteroidota				
112396	fig|6666666.1036479.peg.3055	fig|6666666.1036479.peg.3104	0.7738907516002655	0.0826182994284874	Very Low	Very Low	Very Low–Very Low			0	no STRING match	no STRING match	1894	1912	1	1	DUF5606;DUF6852	Domain of unknown function (DUF5606); Domain of unknown function (DUF6852)				
112620	fig|6666666.1036479.peg.1957	fig|6666666.1036479.peg.2179	0.773745983839035	0.0827829538563316	Medium	Very Low	Very Low–Medium			0	no STRING match	no STRING match	2818	2928	1	1						
113001	fig|6666666.1036479.peg.1118	fig|6666666.1036479.peg.1785	0.773530000448227	0.0830630133965488	Very Low	Very Low	Very Low–Very Low			0	no STRING match	no STRING match	2449	2750	1	1						
113165	fig|6666666.1036479.peg.3142	fig|6666666.1036479.peg.1551	0.7734270572662354	0.0831835639597919	Low	Low	Low–Low			0	no STRING match	no STRING match	1928	2648	1	1						
113797	fig|6666666.1036479.peg.2912	fig|6666666.1036479.peg.2188	0.7730782270431519	0.0836481246669239	High	High	High–High			0	no STRING match	no STRING match	1821	2933	1	1	DUF5683	Family of unknown function (DUF5683)		Colicin_V	Colicin V production protein	GO:0009403;GO:0016020
113892	fig|6666666.1036479.peg.1229	fig|6666666.1036479.peg.1551	0.7730140268802643	0.0837179557858757	Very Low	Low	Very Low–Low			0	no STRING match	no STRING match	2507	2648	1	1						
114264	fig|6666666.1036479.peg.1363	fig|6666666.1036479.peg.1785	0.7728135824203491	0.0839913997464027	Low	Very Low	Very Low–Low			0	no STRING match	no STRING match	2571	2750	1	1						
114265	fig|6666666.1036479.peg.886	fig|6666666.1036479.peg.1123	0.7728135228157044	0.0839921348108128	Very Low	Very Low	Very Low–Very Low			0	no STRING match	no STRING match	2361	2454	1	1				IQM_M	IQ motif-containing protein middle domain	
114427	fig|6666666.1036479.peg.106	fig|6666666.1036479.peg.720	0.7727294504642487	0.0841112152452358	Medium	High	Medium–High			0	no STRING match	no STRING match	2058	2278	1	1	Lumazine_bd_2	Putative lumazine-binding				
114470	fig|6666666.1036479.peg.1363	fig|6666666.1036479.peg.1850	0.7726991593837738	0.0841428230148666	Low	Very Low	Very Low–Low			0	no STRING match	no STRING match	2571	2771	1	1						
114623	fig|6666666.1036479.peg.2836	fig|6666666.1036479.peg.1551	0.7726283013820648	0.0842552878695995	Very Low	Low	Very Low–Low			0	no STRING match	no STRING match	1779	2648	3	1						
114629	fig|6666666.1036479.peg.1371	fig|6666666.1036479.peg.1551	0.7726277947425843	0.0842596982560596	Medium	Low	Low–Medium			0	no STRING match	no STRING match	2578	2648	1	1						
115382	fig|6666666.1036479.peg.106	fig|6666666.1036479.peg.1753	0.7721896231174469	0.0848132017568039	Medium	Medium	Medium–Medium		Hypothetical protein.	0	no STRING match	secondary STRING hit (STRING protein assigned to a better match)	2058	2735	1	1	Lumazine_bd_2	Putative lumazine-binding		DUF2931	Protein of unknown function (DUF2931)	
115895	fig|6666666.1036479.peg.2891	fig|6666666.1036479.peg.2105	0.7719974279403686	0.0851902897991436	Medium	Very Low	Very Low–Medium			0	no STRING match	no STRING match	1813	2878	1	1						
116401	fig|6666666.1036479.peg.2766	fig|6666666.1036479.peg.720	0.7717146337032318	0.0855622323906132	Low	High	Low–High			0	no STRING match	no STRING match	1742	2278	1	1	DUF4199	Protein of unknown function (DUF4199)				
116509	fig|6666666.1036479.peg.2922	fig|6666666.1036479.peg.1753	0.7716339290142059	0.0856416193468952	Very Low	Medium	Very Low–Medium		Hypothetical protein.	0	no STRING match	secondary STRING hit (STRING protein assigned to a better match)	1825	2735	1	1				DUF2931	Protein of unknown function (DUF2931)	
117017	fig|6666666.1036479.peg.1461	fig|6666666.1036479.peg.1848	0.7713799834251404	0.0860150320671848	Medium	Very Low	Very Low–Medium			0	no STRING match	no STRING match	2608	2770	1	1	OmpH	Outer membrane protein (OmpH-like)		DUF3127	Domain of unknown function (DUF3127)	
117291	fig|6666666.1036479.peg.35	fig|6666666.1036479.peg.1123	0.771210765838623	0.08621643971553	Very Low	Very Low	Very Low–Very Low			0	no STRING match	no STRING match	2022	2454	2	1				IQM_M	IQ motif-containing protein middle domain	
117398	fig|6666666.1036479.peg.2930	fig|6666666.1036479.peg.3142	0.7711553931236267	0.0862950916074021	Very Low	Low	Very Low–Low			0	no STRING match	no STRING match	1832	1928	1	1						
117574	fig|6666666.1036479.peg.2922	fig|6666666.1036479.peg.2105	0.771053010225296	0.0864244629435654	Very Low	Very Low	Very Low–Very Low			0	no STRING match	no STRING match	1825	2878	1	1						
117618	fig|6666666.1036479.peg.1753	fig|6666666.1036479.peg.2105	0.7710209310054779	0.0864568057776062	Medium	Very Low	Very Low–Medium	Hypothetical protein.		0	secondary STRING hit (STRING protein assigned to a better match)	no STRING match	2735	2878	1	1	DUF2931	Protein of unknown function (DUF2931)				
117689	fig|6666666.1036479.peg.3100	fig|6666666.1036479.peg.720	0.7709617853164673	0.0865089953507176	Medium	High	Medium–High			0	no STRING match	no STRING match	1909	2278	1	1	DUF7619;Por_Secre_tail	Domain of unknown function (DUF7619); Secretion system C-terminal sorting domain				
117806	fig|6666666.1036479.peg.1118	fig|6666666.1036479.peg.1363	0.770900422334671	0.0865949978866898	Very Low	Low	Very Low–Low			0	no STRING match	no STRING match	2449	2571	1	1						
117988	fig|6666666.1036479.peg.392	fig|6666666.1036479.peg.1363	0.7707916557788849	0.0867287796093132	Very Low	Low	Very Low–Low			0	no STRING match	no STRING match	2143	2571	1	1						
118284	fig|6666666.1036479.peg.254	fig|6666666.1036479.peg.279	0.7706132650375366	0.0869463586746788	High	Low	Low–High			0	no STRING match	no STRING match	2097	2106	1	1	YidD	Putative membrane protein insertion efficiency factor		DUF6755	Family of unknown function (DUF6755)	
118320	fig|6666666.1036479.peg.2505	fig|6666666.1036479.peg.392	0.7705942094326019	0.0869728209934395	Very Low	Very Low	Very Low–Very Low			0	no STRING match	no STRING match	1612	2143	1	1						
118621	fig|6666666.1036479.peg.918	fig|6666666.1036479.peg.2105	0.7704070568084717	0.0871940753808552	Very Low	Very Low	Very Low–Very Low			0	no STRING match	no STRING match	2377	2878	1	1						
118695	fig|6666666.1036479.peg.1123	fig|6666666.1036479.peg.2105	0.7703552365303039	0.0872484701471966	Very Low	Very Low	Very Low–Very Low			0	no STRING match	no STRING match	2454	2878	1	1	IQM_M	IQ motif-containing protein middle domain				
118988	fig|6666666.1036479.peg.918	fig|6666666.1036479.peg.1123	0.7702018916606903	0.0874638440193321	Very Low	Very Low	Very Low–Very Low			0	no STRING match	no STRING match	2377	2454	1	1				IQM_M	IQ motif-containing protein middle domain	
119636	fig|6666666.1036479.peg.3142	fig|6666666.1036479.peg.3231	0.7698469996452332	0.0879401657570244	Low	Very Low	Very Low–Low			0	no STRING match	no STRING match	1928	1981	1	2						
119884	fig|6666666.1036479.peg.1118	fig|6666666.1036479.peg.1850	0.7697012424468994	0.0881224617307091	Very Low	Very Low	Very Low–Very Low			0	no STRING match	no STRING match	2449	2771	1	1						
120087	fig|6666666.1036479.peg.2922	fig|6666666.1036479.peg.1118	0.7695830702781677	0.088271679805943	Very Low	Very Low	Very Low–Very Low			0	no STRING match	no STRING match	1825	2449	1	1						
120158	fig|6666666.1036479.peg.1481	fig|6666666.1036479.peg.2188	0.7695427536964417	0.0883238693790543	Medium	High	Medium–High	Hypothetical protein.		0	secondary STRING hit (STRING protein assigned to a better match)	no STRING match	1041	2933	3	1	PorP_SprF	Type IX secretion system membrane protein PorP/SprF		Colicin_V	Colicin V production protein	GO:0009403;GO:0016020
121132	fig|6666666.1036479.peg.2922	fig|6666666.1036479.peg.918	0.769005024433136	0.0890398221144127	Very Low	Very Low	Very Low–Very Low			0	no STRING match	no STRING match	1825	2377	1	1						
121273	fig|6666666.1036479.peg.2912	fig|6666666.1036479.peg.2437	0.7689207255840301	0.0891434661962254	High	High	High–High			0	no STRING match	no STRING match	1821	3023	1	1	DUF5683	Family of unknown function (DUF5683)		DUF6702	Domain of unknown function (DUF6702)	
121823	fig|6666666.1036479.peg.2836	fig|6666666.1036479.peg.659	0.7686401605606079	0.0895477516217358	Very Low	Very Low	Very Low–Very Low			0	no STRING match	no STRING match	1779	2253	3	1						
122386	fig|6666666.1036479.peg.907	fig|6666666.1036479.peg.1250	0.7683446764945984	0.0899615928845765	High	Medium	Medium–High			0	no STRING match	no STRING match	2373	2516	1	1				DUF983	Protein of unknown function (DUF983)	
123067	fig|6666666.1036479.peg.907	fig|6666666.1036479.peg.1042	0.7679761350154877	0.0904621717477994	High	Low	Low–High			0	no STRING match	no STRING match	2373	2410	1	1				Acyl_transf_3	Acyltransferase domain	GO:0016747
123122	fig|6666666.1036479.peg.106	fig|6666666.1036479.peg.1800	0.7679359078407287	0.0905026002903504	Medium	Medium	Medium–Medium			0	no STRING match	no STRING match	2058	2756	1	1	Lumazine_bd_2	Putative lumazine-binding				
123505	fig|6666666.1036479.peg.2610	fig|6666666.1036479.peg.2644	0.7677119016647339	0.0907841299593876	Very Low	Very Low	Very Low–Very Low			0	no STRING match	no STRING match	1675	1692	1	1	2-Hacid_dh_C;KARI_N;KARI_C;KARI_C	D-isomer specific 2-hydroxyacid dehydrogenase, NAD binding domain; Acetohydroxy acid isomeroreductase, NADPH-binding domain; Ketol-acid reductoisomerase, C-terminal domain	GO:0004455;GO:0009082;GO:0051287	Urocanase_N;Urocanase;Urocanase_C	Urocanase N-terminal domain; Urocanase Rossmann-like domain; Urocanase C-terminal domain	
123563	fig|6666666.1036479.peg.2922	fig|6666666.1036479.peg.1123	0.7676726400852203	0.0908267636951687	Very Low	Very Low	Very Low–Very Low			0	no STRING match	no STRING match	1825	2454	1	1				IQM_M	IQ motif-containing protein middle domain	
124613	fig|6666666.1036479.peg.2704	fig|6666666.1036479.peg.279	0.7670996308326721	0.0915985813256886	Medium	Low	Low–Medium			0	no STRING match	no STRING match	1718	2106	1	1				DUF6755	Family of unknown function (DUF6755)	
124892	fig|6666666.1036479.peg.918	fig|6666666.1036479.peg.1957	0.7669513285160064	0.0918036642960839	Very Low	Medium	Very Low–Medium			0	no STRING match	no STRING match	2377	2818	1	1						
125258	fig|6666666.1036479.peg.2608	fig|6666666.1036479.peg.2779	0.7667647540569306	0.0920726978701508	Very Low	Very Low	Very Low–Very Low		COG0458 Carbamoylphosphate synthase large subunit (split gene in MJ).	0	no STRING match	secondary STRING hit (STRING protein assigned to a better match)	1673	1748	1	1	TPP_enzyme_N;TPP_enzyme_M;TPP_enzyme_C	Thiamine pyrophosphate enzyme, N-terminal TPP binding domain; Thiamine pyrophosphate enzyme, central domain; Thiamine pyrophosphate enzyme, C-terminal TPP binding domain	GO:0000287;GO:0003824;GO:0030976	CPSase_L_D1;CPSase_L_D2	Carbamoyl phosphate synthase preATP-grasp domain; Carbamoyl-phosphate synthase L chain, ATP binding domain	GO:0005524
125401	fig|6666666.1036479.peg.2550	fig|6666666.1036479.peg.1850	0.7666991889476776	0.0921778120807835	Very Low	Very Low	Very Low–Very Low			0	no STRING match	no STRING match	1643	2771	2	1						
125419	fig|6666666.1036479.peg.720	fig|6666666.1036479.peg.817	0.7666875422000885	0.0921910432401639	High	Low	Low–High		Phospholipid/glycerol acyltransferase; COG4258 Predicted exporter.	0	no STRING match	secondary STRING hit (STRING protein assigned to a better match)	2278	2329	1	1				MMPL	MMPL family	GO:0016020
125506	fig|6666666.1036479.peg.392	fig|6666666.1036479.peg.1850	0.7666381895542145	0.0922549938438355	Very Low	Very Low	Very Low–Very Low			0	no STRING match	no STRING match	2143	2771	1	1						
126092	fig|6666666.1036479.peg.3142	fig|6666666.1036479.peg.1229	0.7662784278392791	0.0926857415881066	Low	Very Low	Very Low–Low			0	no STRING match	no STRING match	1928	2507	1	1						
126198	fig|6666666.1036479.peg.2608	fig|6666666.1036479.peg.1325	0.7662232220172882	0.0927636584155686	Very Low	Low	Very Low–Low		Cys/Met metabolism PLP-dependent enzyme; COG0626 Cystathionine beta-lyases/cystathionine gamma-synthases.	0	no STRING match	secondary STRING hit (STRING protein assigned to a better match)	1673	2545	1	1	TPP_enzyme_N;TPP_enzyme_M;TPP_enzyme_C	Thiamine pyrophosphate enzyme, N-terminal TPP binding domain; Thiamine pyrophosphate enzyme, central domain; Thiamine pyrophosphate enzyme, C-terminal TPP binding domain	GO:0000287;GO:0003824;GO:0030976	Cys_Met_Meta_PP;GDC-P	Cys/Met metabolism PLP-dependent enzyme; Glycine cleavage system P-protein	GO:0019346;GO:0030170
126367	fig|6666666.1036479.peg.3035	fig|6666666.1036479.peg.1148	0.7661252975463867	0.0928878843008618	Very Low	Low	Very Low–Low			0	no STRING match	no STRING match	1888	2474	1	1	CSD	'Cold-shock' DNA-binding domain	GO:0003676	Ribosomal_S17	Ribosomal protein S17	GO:0003735;GO:0005840;GO:0006412
126714	fig|6666666.1036479.peg.106	fig|6666666.1036479.peg.757	0.7659636020660401	0.0931429516511384	Medium	Very Low	Very Low–Medium			0	no STRING match	no STRING match	2058	2306	1	1	Lumazine_bd_2	Putative lumazine-binding		DUF6913	Family of unknown function (DUF6913)	
127277	fig|6666666.1036479.peg.3254	fig|6666666.1036479.peg.720	0.7656947314739228	0.093556792913979	High	High	High–High			0	no STRING match	no STRING match	2004	2278	3	1						
128615	fig|6666666.1036479.peg.2958	fig|6666666.1036479.peg.1461	0.7649749994277955	0.0945403090945844	Very Low	Medium	Very Low–Medium			0	no STRING match	no STRING match	1848	2608	1	1	DUF4295	Domain of unknown function (DUF4295)		OmpH	Outer membrane protein (OmpH-like)	
128790	fig|6666666.1036479.peg.3142	fig|6666666.1036479.peg.2079	0.7648601353168487	0.0946689453663377	Low	Very Low	Very Low–Low			0	no STRING match	no STRING match	1928	2864	1	1						
129142	fig|6666666.1036479.peg.3055	fig|6666666.1036479.peg.3244	0.7646909534931183	0.0949276880386643	Very Low	Very Low	Very Low–Very Low			0	no STRING match	no STRING match	1894	1994	1	3	DUF5606;DUF6852	Domain of unknown function (DUF5606); Domain of unknown function (DUF6852)				
129232	fig|6666666.1036479.peg.3231	fig|6666666.1036479.peg.1229	0.7646437406539917	0.0949938438355661	Very Low	Very Low	Very Low–Very Low			0	no STRING match	no STRING match	1981	2507	2	1						
129289	fig|6666666.1036479.peg.886	fig|6666666.1036479.peg.918	0.7646142303943634	0.0950357425069371	Very Low	Very Low	Very Low–Very Low			0	no STRING match	no STRING match	2361	2377	1	1						
129992	fig|6666666.1036479.peg.2500	fig|6666666.1036479.peg.279	0.7642788827419281	0.0955524927871804	Very Low	Low	Very Low–Low			0	no STRING match	no STRING match	1607	2106	1	1				DUF6755	Family of unknown function (DUF6755)	
130023	fig|6666666.1036479.peg.1481	fig|6666666.1036479.peg.1572	0.7642622411251068	0.095575279783891	Medium	Very Low	Very Low–Medium	Hypothetical protein.	YD repeat-containing protein; COG3209 Rhs family protein.	0	secondary STRING hit (STRING protein assigned to a better match)	secondary STRING hit (STRING protein assigned to a better match)	1041	2665	3	1	PorP_SprF	Type IX secretion system membrane protein PorP/SprF		AHH	A nuclease family of the HNH/ENDO VII superfamily with conserved AHH	
130251	fig|6666666.1036479.peg.2500	fig|6666666.1036479.peg.2930	0.7641504049301148	0.0957428744693753	Very Low	Very Low	Very Low–Very Low			0	no STRING match	no STRING match	1607	1832	1	1						
131108	fig|6666666.1036479.peg.1481	fig|6666666.1036479.peg.2437	0.7636921763420105	0.0963728246687616	Medium	High	Medium–High	Hypothetical protein.		0	secondary STRING hit (STRING protein assigned to a better match)	no STRING match	1041	3023	3	1	PorP_SprF	Type IX secretion system membrane protein PorP/SprF		DUF6702	Domain of unknown function (DUF6702)	
131309	fig|6666666.1036479.peg.2644	fig|6666666.1036479.peg.2779	0.7635867238044739	0.0965205726151754	Very Low	Very Low	Very Low–Very Low		COG0458 Carbamoylphosphate synthase large subunit (split gene in MJ).	0	no STRING match	secondary STRING hit (STRING protein assigned to a better match)	1692	1748	1	1	Urocanase_N;Urocanase;Urocanase_C	Urocanase N-terminal domain; Urocanase Rossmann-like domain; Urocanase C-terminal domain		CPSase_L_D1;CPSase_L_D2	Carbamoyl phosphate synthase preATP-grasp domain; Carbamoyl-phosphate synthase L chain, ATP binding domain	GO:0005524
131765	fig|6666666.1036479.peg.659	fig|6666666.1036479.peg.1229	0.763311368227005	0.096855761986144	Very Low	Very Low	Very Low–Very Low			0	no STRING match	no STRING match	2253	2507	1	1						
131869	fig|6666666.1036479.peg.3231	fig|6666666.1036479.peg.3237	0.7632556259632111	0.096932208684786	Very Low	Low	Very Low–Low			0	no STRING match	no STRING match	1981	1987	2	2						
132084	fig|6666666.1036479.peg.2608	fig|6666666.1036479.peg.2139	0.76313157081604	0.09709024753294	Very Low	Low	Very Low–Low			0	no STRING match	no STRING match	1673	2897	1	1	TPP_enzyme_N;TPP_enzyme_M;TPP_enzyme_C	Thiamine pyrophosphate enzyme, N-terminal TPP binding domain; Thiamine pyrophosphate enzyme, central domain; Thiamine pyrophosphate enzyme, C-terminal TPP binding domain	GO:0000287;GO:0003824;GO:0030976	Macro	Macro domain	
133043	fig|6666666.1036479.peg.41	fig|6666666.1036479.peg.300	0.7626311302185058	0.0977951743021482	Very Low	Very Low	Very Low–Very Low			0	no STRING match	no STRING match	2028	2114	2	1						
133159	fig|6666666.1036479.peg.2836	fig|6666666.1036479.peg.2881	0.7625630557537079	0.0978804417737104	Very Low	Very Low	Very Low–Very Low			0	no STRING match	no STRING match	1779	1805	3	1						
133219	fig|6666666.1036479.peg.3231	fig|6666666.1036479.peg.1495	0.7625321567058563	0.0979245456383115	Very Low	Low	Very Low–Low			0	no STRING match	no STRING match	1981	2621	2	1						
133287	fig|6666666.1036479.peg.2930	fig|6666666.1036479.peg.1266	0.7624910056591034	0.0979745300181928	Very Low	Very Low	Very Low–Very Low			0	no STRING match	no STRING match	1832	2520	1	1						
133335	fig|6666666.1036479.peg.2608	fig|6666666.1036479.peg.1312	0.7624707162380219	0.0980098131098737	Very Low	Low	Very Low–Low		Cystathionine beta-synthase; COG0031 Cysteine synthase.	0	no STRING match	secondary STRING hit (STRING protein assigned to a better match)	1673	2536	1	1	TPP_enzyme_N;TPP_enzyme_M;TPP_enzyme_C	Thiamine pyrophosphate enzyme, N-terminal TPP binding domain; Thiamine pyrophosphate enzyme, central domain; Thiamine pyrophosphate enzyme, C-terminal TPP binding domain	GO:0000287;GO:0003824;GO:0030976	PALP	Pyridoxal-phosphate dependent enzyme	
134644	fig|6666666.1036479.peg.3254	fig|6666666.1036479.peg.1800	0.7618751108646393	0.0989720124225885	High	Medium	Medium–High			0	no STRING match	no STRING match	2004	2756	3	1						
134817	fig|6666666.1036479.peg.871	fig|6666666.1036479.peg.1148	0.7617668688297272	0.0990991785655218	Very Low	Low	Very Low–Low			0	no STRING match	no STRING match	2350	2474	1	1	Ribosomal_S15	Ribosomal protein S15	GO:0003735;GO:0005840;GO:0006412	Ribosomal_S17	Ribosomal protein S17	GO:0003735;GO:0005840;GO:0006412
134882	fig|6666666.1036479.peg.2550	fig|6666666.1036479.peg.1496	0.761735200881958	0.099146957752173	Very Low	Very Low	Very Low–Very Low			0	no STRING match	no STRING match	1643	2622	2	1						
135080	fig|6666666.1036479.peg.1800	fig|6666666.1036479.peg.1957	0.761639553308487	0.0992925005053567	Medium	Medium	Medium–Medium			0	no STRING match	no STRING match	2756	2818	1	1						
135145	fig|6666666.1036479.peg.2930	fig|6666666.1036479.peg.2160	0.7616176128387451	0.099340279692008	Very Low	Very Low	Very Low–Very Low			0	no STRING match	no STRING match	1832	2910	1	1						
135394	fig|6666666.1036479.peg.2500	fig|6666666.1036479.peg.2704	0.7614721655845642	0.0995233107301027	Very Low	Medium	Very Low–Medium			0	no STRING match	no STRING match	1607	1718	1	1						
135395	fig|6666666.1036479.peg.817	fig|6666666.1036479.peg.1390	0.7614713251590729	0.0995240457945127	Low	High	Low–High	Phospholipid/glycerol acyltransferase; COG4258 Predicted exporter.		0	secondary STRING hit (STRING protein assigned to a better match)	no STRING match	2329	2582	1	1	MMPL	MMPL family	GO:0016020			
135428	fig|6666666.1036479.peg.2500	fig|6666666.1036479.peg.3196	0.7614491283893585	0.0995483029200433	Very Low	Very Low	Very Low–Very Low			0	no STRING match	no STRING match	1607	1958	1	1						
135589	fig|6666666.1036479.peg.1229	fig|6666666.1036479.peg.2160	0.7613562941551208	0.0996666482900564	Very Low	Very Low	Very Low–Very Low			0	no STRING match	no STRING match	2507	2910	1	1						
135935	fig|6666666.1036479.peg.1323	fig|6666666.1036479.peg.2142	0.7611572206020355	0.0999209805759229	Low	Very Low	Very Low–Low			0	no STRING match	no STRING match	2543	2900	1	1	Cys_Met_Meta_PP	Cys/Met metabolism PLP-dependent enzyme	GO:0019346;GO:0030170	ADP_ribosyl_GH	ADP-ribosylglycohydrolase	
135961	fig|6666666.1036479.peg.2550	fig|6666666.1036479.peg.2836	0.7611417055130005	0.0999400922505834	Very Low	Very Low	Very Low–Very Low			0	no STRING match	no STRING match	1643	1779	2	3						
135989	fig|6666666.1036479.peg.1042	fig|6666666.1036479.peg.1043	0.7611337006092072	0.0999606740540639	Low	Low	Low–Low			0	no STRING match	no STRING match	2410	2411	1	1	Acyl_transf_3	Acyltransferase domain	GO:0016747	Methyltransf_21	Methyltransferase FkbM domain	
136553	fig|6666666.1036479.peg.3044	fig|6666666.1036479.peg.1043	0.7608781099319458	0.1003752503813146	Very Low	Low	Very Low–Low			0	no STRING match	no STRING match	1891	2411	1	1				Methyltransf_21	Methyltransferase FkbM domain	
136700	fig|6666666.1036479.peg.3071	fig|6666666.1036479.peg.300	0.7608176290988922	0.1004833048495874	Very Low	Very Low	Very Low–Very Low			0	no STRING match	no STRING match	1896	2114	1	1	DUF1456	Protein of unknown function (DUF1456)				
137654	fig|6666666.1036479.peg.776	fig|6666666.1036479.peg.1800	0.7604070782661438	0.1011845562967455	Low	Medium	Low–Medium			0	no STRING match	no STRING match	2313	2756	1	1						
137659	fig|6666666.1036479.peg.757	fig|6666666.1036479.peg.817	0.7604039311408997	0.1011882316187956	Very Low	Low	Very Low–Low		Phospholipid/glycerol acyltransferase; COG4258 Predicted exporter.	0	no STRING match	secondary STRING hit (STRING protein assigned to a better match)	2306	2329	1	1	DUF6913	Family of unknown function (DUF6913)		MMPL	MMPL family	GO:0016020
137863	fig|6666666.1036479.peg.3254	fig|6666666.1036479.peg.2456	0.7602902889251709	0.1013381847584394	High	High	High–High			0	no STRING match	no STRING match	2004	3033	3	1				Chlam_PMP;Chlam_PMP	Chlamydia polymorphic membrane protein (Chlamydia_PMP) repeat	
138102	fig|6666666.1036479.peg.289	fig|6666666.1036479.peg.1800	0.7601753056049347	0.1015138651524339	High	Medium	Medium–High	Hypothetical protein.		0	secondary STRING hit (STRING protein assigned to a better match)	no STRING match	2111	2756	1	1						
138675	fig|6666666.1036479.peg.886	fig|6666666.1036479.peg.1957	0.7598833620548249	0.1019350570593748	Very Low	Medium	Very Low–Medium			0	no STRING match	no STRING match	2361	2818	1	1						
138679	fig|6666666.1036479.peg.3044	fig|6666666.1036479.peg.428	0.7598819077014923	0.1019379973170149	Very Low	Very Low	Very Low–Very Low			0	no STRING match	no STRING match	1891	2158	1	1				MethyltransfD12	D12 class N6 adenine-specific DNA methyltransferase	GO:0009007;GO:0009307
138937	fig|6666666.1036479.peg.2779	fig|6666666.1036479.peg.1325	0.7597334861755372	0.1021276439347997	Very Low	Low	Very Low–Low	COG0458 Carbamoylphosphate synthase large subunit (split gene in MJ).	Cys/Met metabolism PLP-dependent enzyme; COG0626 Cystathionine beta-lyases/cystathionine gamma-synthases.	0	secondary STRING hit (STRING protein assigned to a better match)	secondary STRING hit (STRING protein assigned to a better match)	1748	2545	1	1	CPSase_L_D1;CPSase_L_D2	Carbamoyl phosphate synthase preATP-grasp domain; Carbamoyl-phosphate synthase L chain, ATP binding domain	GO:0005524	Cys_Met_Meta_PP;GDC-P	Cys/Met metabolism PLP-dependent enzyme; Glycine cleavage system P-protein	GO:0019346;GO:0030170
139980	fig|6666666.1036479.peg.2881	fig|6666666.1036479.peg.659	0.7591634571552277	0.1028943161144495	Very Low	Very Low	Very Low–Very Low			0	no STRING match	no STRING match	1805	2253	1	1						
140777	fig|6666666.1036479.peg.659	fig|6666666.1036479.peg.2079	0.7587575435638427	0.1034801624492346	Very Low	Very Low	Very Low–Very Low			0	no STRING match	no STRING match	2253	2864	1	1						
141046	fig|6666666.1036479.peg.2505	fig|6666666.1036479.peg.2510	0.7586099803447723	0.1036778947755297	Very Low	Very Low	Very Low–Very Low			0	no STRING match	no STRING match	1612	1617	1	12						
141401	fig|6666666.1036479.peg.428	fig|6666666.1036479.peg.1043	0.7584207952022552	0.1039388426410864	Very Low	Low	Very Low–Low			0	no STRING match	no STRING match	2158	2411	1	1	MethyltransfD12	D12 class N6 adenine-specific DNA methyltransferase	GO:0009007;GO:0009307	Methyltransf_21	Methyltransferase FkbM domain	
142023	fig|6666666.1036479.peg.2505	fig|6666666.1036479.peg.2535	0.7580971419811249	0.1043960527041182	Very Low	Very Low	Very Low–Very Low			0	no STRING match	no STRING match	1612	1628	1	1						
142273	fig|6666666.1036479.peg.1325	fig|6666666.1036479.peg.2139	0.7579646825790405	0.1045798188066229	Low	Low	Low–Low	Cys/Met metabolism PLP-dependent enzyme; COG0626 Cystathionine beta-lyases/cystathionine gamma-synthases.		0	secondary STRING hit (STRING protein assigned to a better match)	no STRING match	2545	2897	1	1	Cys_Met_Meta_PP;GDC-P	Cys/Met metabolism PLP-dependent enzyme; Glycine cleavage system P-protein	GO:0019346;GO:0030170	Macro	Macro domain	
142309	fig|6666666.1036479.peg.2836	fig|6666666.1036479.peg.2839	0.7579446911811829	0.1046062811253836	Very Low	Very Low	Very Low–Very Low			0	no STRING match	no STRING match	1779	1782	3	1						
142710	fig|6666666.1036479.peg.757	fig|6666666.1036479.peg.2159	0.7577612519264221	0.1049010419538012	Very Low	Very Low	Very Low–Very Low			0	no STRING match	no STRING match	2306	2909	1	1	DUF6913	Family of unknown function (DUF6913)				
142728	fig|6666666.1036479.peg.3254	fig|6666666.1036479.peg.776	0.75775266289711	0.1049142731131815	High	Low	Low–High			0	no STRING match	no STRING match	2004	2313	3	1						
142751	fig|6666666.1036479.peg.757	fig|6666666.1036479.peg.1773	0.7577438116073608	0.1049311795946119	Very Low	Very Low	Very Low–Very Low			0	no STRING match	no STRING match	2306	2744	1	1	DUF6913	Family of unknown function (DUF6913)		GPW_gp25	Baseplate wedge protein gp25	
143900	fig|6666666.1036479.peg.300	fig|6666666.1036479.peg.313	0.7571283340454101	0.1057757686017237	Very Low	Very Low	Very Low–Very Low			0	no STRING match	no STRING match	2114	2124	1	1				Ntox23	Bacterial toxin 23	
143909	fig|6666666.1036479.peg.1572	fig|6666666.1036479.peg.2162	0.7571185052394866	0.1057823841814138	Very Low	Very Low	Very Low–Very Low	YD repeat-containing protein; COG3209 Rhs family protein.		0	secondary STRING hit (STRING protein assigned to a better match)	no STRING match	2665	2912	1	1	AHH	A nuclease family of the HNH/ENDO VII superfamily with conserved AHH		EndoU_bacteria	Bacterial EndoU nuclease	GO:0004519
143966	fig|6666666.1036479.peg.3237	fig|6666666.1036479.peg.1495	0.7570903241634369	0.1058242828527849	Low	Low	Low–Low			0	no STRING match	no STRING match	1987	2621	2	1						
144015	fig|6666666.1036479.peg.2878	fig|6666666.1036479.peg.1250	0.7570557355880737	0.1058603010088759	High	Medium	Medium–High			0	no STRING match	no STRING match	1804	2516	1	1	DUF6691;Sulf_transp	Family of unknown function (DUF6691); Sulphur transport		DUF983	Protein of unknown function (DUF983)	
144037	fig|6666666.1036479.peg.3237	fig|6666666.1036479.peg.5	0.7570468664169312	0.1058764724258963	Low	Low	Low–Low			0	no STRING match	no STRING match	1987	2009	2	1						
144395	fig|6666666.1036479.peg.2142	fig|6666666.1036479.peg.2451	0.7568509042263031	0.1061396254846831	Very Low	Very Low	Very Low–Very Low			0	no STRING match	no STRING match	2900	3028	1	1	ADP_ribosyl_GH	ADP-ribosylglycohydrolase		EPSP_synthase	EPSP synthase (3-phosphoshikimate 1-carboxyvinyltransferase)	GO:0016765
144507	fig|6666666.1036479.peg.776	fig|6666666.1036479.peg.886	0.7567844808101654	0.1062219526986052	Low	Very Low	Very Low–Low			0	no STRING match	no STRING match	2313	2361	1	1						
145092	fig|6666666.1036479.peg.776	fig|6666666.1036479.peg.2456	0.756528127193451	0.1066519653784662	Low	High	Low–High			0	no STRING match	no STRING match	2313	3033	1	1				Chlam_PMP;Chlam_PMP	Chlamydia polymorphic membrane protein (Chlamydia_PMP) repeat	
145154	fig|6666666.1036479.peg.1323	fig|6666666.1036479.peg.2451	0.7564935743808746	0.1066975393718874	Low	Very Low	Very Low–Low			0	no STRING match	no STRING match	2543	3028	1	1	Cys_Met_Meta_PP	Cys/Met metabolism PLP-dependent enzyme	GO:0019346;GO:0030170	EPSP_synthase	EPSP synthase (3-phosphoshikimate 1-carboxyvinyltransferase)	GO:0016765
145292	fig|6666666.1036479.peg.3254	fig|6666666.1036479.peg.1572	0.7564243018627167	0.10679897826047	High	Very Low	Very Low–High		YD repeat-containing protein; COG3209 Rhs family protein.	0	no STRING match	secondary STRING hit (STRING protein assigned to a better match)	2004	2665	3	1				AHH	A nuclease family of the HNH/ENDO VII superfamily with conserved AHH	
145756	fig|6666666.1036479.peg.1402	fig|6666666.1036479.peg.2437	0.7562139809131623	0.1071400481467188	High	High	High–High			0	no STRING match	no STRING match	2585	3023	1	1	Thioredox_DsbH;Thioredoxin_2	Protein of unknown function, DUF255; Thioredoxin-like domain		DUF6702	Domain of unknown function (DUF6702)	
145773	fig|6666666.1036479.peg.1042	fig|6666666.1036479.peg.2440	0.7562061309814453	0.1071525442416891	Low	Low	Low–Low			0	no STRING match	no STRING match	2410	3025	1	1	Acyl_transf_3	Acyltransferase domain	GO:0016747	PAP2	PAP2 superfamily	
146382	fig|6666666.1036479.peg.300	fig|6666666.1036479.peg.2457	0.755894809961319	0.1076001984673907	Very Low	Very Low	Very Low–Very Low			0	no STRING match	no STRING match	2114	3034	1	1				Por_Secre_tail	Secretion system C-terminal sorting domain	
146585	fig|6666666.1036479.peg.2565	fig|6666666.1036479.peg.2162	0.7557663083076477	0.1077494165426245	Very Low	Very Low	Very Low–Very Low	Yd repeat protein; COG3209 Rhs family protein.		0	secondary STRING hit (STRING protein assigned to a better match)	no STRING match	1655	2912	1	1				EndoU_bacteria	Bacterial EndoU nuclease	GO:0004519
147144	fig|6666666.1036479.peg.757	fig|6666666.1036479.peg.1317	0.7554543554782868	0.1081603175478251	Very Low	Medium	Very Low–Medium			0	no STRING match	no STRING match	2306	2541	1	1	DUF6913	Family of unknown function (DUF6913)		DUF1573	Protein of unknown function (DUF1573)	
147325	fig|6666666.1036479.peg.1571	fig|6666666.1036479.peg.2159	0.7553662776947021	0.1082933642060385	Very Low	Very Low	Very Low–Very Low			0	no STRING match	no STRING match	2664	2909	1	1						
147879	fig|6666666.1036479.peg.907	fig|6666666.1036479.peg.1885	0.7550777494907379	0.108700589889189	High	High	High–High			0	no STRING match	no STRING match	2373	2781	1	1						
148372	fig|6666666.1036479.peg.3237	fig|6666666.1036479.peg.428	0.7548206865787506	0.1090629766433283	Low	Very Low	Very Low–Low			0	no STRING match	no STRING match	1987	2158	2	1				MethyltransfD12	D12 class N6 adenine-specific DNA methyltransferase	GO:0009007;GO:0009307
148498	fig|6666666.1036479.peg.289	fig|6666666.1036479.peg.2456	0.7547574579715729	0.1091555947589907	High	High	High–High	Hypothetical protein.		0	secondary STRING hit (STRING protein assigned to a better match)	no STRING match	2111	3033	1	1				Chlam_PMP;Chlam_PMP	Chlamydia polymorphic membrane protein (Chlamydia_PMP) repeat	
148746	fig|6666666.1036479.peg.354	fig|6666666.1036479.peg.871	0.7546403765678406	0.1093378907326754	Very Low	Very Low	Very Low–Very Low			0	no STRING match	no STRING match	2135	2350	1	1	SUI1	Translation initiation factor SUI1	GO:0003743;GO:0006413	Ribosomal_S15	Ribosomal protein S15	GO:0003735;GO:0005840;GO:0006412
148767	fig|6666666.1036479.peg.452	fig|6666666.1036479.peg.2456	0.7546243488788604	0.1093533270852858	High	High	High–High	Hypothetical protein.		0	secondary STRING hit (STRING protein assigned to a better match)	no STRING match	2165	3033	1	1	Por_Secre_tail	Secretion system C-terminal sorting domain		Chlam_PMP;Chlam_PMP	Chlamydia polymorphic membrane protein (Chlamydia_PMP) repeat	
148808	fig|6666666.1036479.peg.3196	fig|6666666.1036479.peg.1495	0.7546099722385406	0.1093834647260966	Very Low	Low	Very Low–Low			0	no STRING match	no STRING match	1958	2621	1	1						
148944	fig|6666666.1036479.peg.1678	fig|6666666.1036479.peg.2456	0.7545478165149688	0.1094834334858592	Low	High	Low–High			0	no STRING match	no STRING match	2715	3033	1	1				Chlam_PMP;Chlam_PMP	Chlamydia polymorphic membrane protein (Chlamydia_PMP) repeat	
150197	fig|6666666.1036479.peg.1572	fig|6666666.1036479.peg.2437	0.7539939403533935	0.1104044691916129	Very Low	High	Very Low–High	YD repeat-containing protein; COG3209 Rhs family protein.		0	secondary STRING hit (STRING protein assigned to a better match)	no STRING match	2665	3023	1	1	AHH	A nuclease family of the HNH/ENDO VII superfamily with conserved AHH		DUF6702	Domain of unknown function (DUF6702)	
150283	fig|6666666.1036479.peg.2704	fig|6666666.1036479.peg.3196	0.753951621055603	0.1104676847308745	Medium	Very Low	Very Low–Medium			0	no STRING match	no STRING match	1718	1958	1	1						
150388	fig|6666666.1036479.peg.2636	fig|6666666.1036479.peg.1678	0.7538904428482056	0.1105448664939265	Very Low	Low	Very Low–Low			0	no STRING match	no STRING match	1686	2715	1	1	DUF4230	Protein of unknown function (DUF4230)				
150481	fig|6666666.1036479.peg.2510	fig|6666666.1036479.peg.2535	0.7538379728794098	0.1106132274840582	Very Low	Very Low	Very Low–Very Low			0	no STRING match	no STRING match	1617	1628	12	1						
150632	fig|6666666.1036479.peg.2779	fig|6666666.1036479.peg.2139	0.7537651896476746	0.1107242222099711	Very Low	Low	Very Low–Low	COG0458 Carbamoylphosphate synthase large subunit (split gene in MJ).		0	secondary STRING hit (STRING protein assigned to a better match)	no STRING match	1748	2897	1	1	CPSase_L_D1;CPSase_L_D2	Carbamoyl phosphate synthase preATP-grasp domain; Carbamoyl-phosphate synthase L chain, ATP binding domain	GO:0005524	Macro	Macro domain	
150860	fig|6666666.1036479.peg.2958	fig|6666666.1036479.peg.3071	0.7536480665206909	0.1108918168954554	Very Low	Very Low	Very Low–Very Low			0	no STRING match	no STRING match	1848	1896	1	1	DUF4295	Domain of unknown function (DUF4295)		DUF1456	Protein of unknown function (DUF1456)	
150914	fig|6666666.1036479.peg.886	fig|6666666.1036479.peg.2108	0.7536222457885742	0.1109315103735964	Very Low	Very Low	Very Low–Very Low			0	no STRING match	no STRING match	2361	2880	1	1						
151052	fig|6666666.1036479.peg.2110	fig|6666666.1036479.peg.2160	0.7535601019859314	0.1110329492621791	Very Low	Very Low	Very Low–Very Low			0	no STRING match	no STRING match	2882	2910	1	1						
151064	fig|6666666.1036479.peg.3196	fig|6666666.1036479.peg.1365	0.7535548329353332	0.1110417700350993	Very Low	High	Very Low–High			0	no STRING match	no STRING match	1958	2573	1	1						
151378	fig|6666666.1036479.peg.2636	fig|6666666.1036479.peg.1572	0.7533866047859192	0.1112725802598452	Very Low	Very Low	Very Low–Very Low		YD repeat-containing protein; COG3209 Rhs family protein.	0	no STRING match	secondary STRING hit (STRING protein assigned to a better match)	1686	2665	1	1	DUF4230	Protein of unknown function (DUF4230)		AHH	A nuclease family of the HNH/ENDO VII superfamily with conserved AHH	
151734	fig|6666666.1036479.peg.2687	fig|6666666.1036479.peg.1148	0.7532063543796539	0.111534263189812	Very Low	Low	Very Low–Low			0	no STRING match	no STRING match	1708	2474	1	1	Ribosomal_S30AE	Sigma 54 modulation protein / S30EA ribosomal protein	GO:0044238	Ribosomal_S17	Ribosomal protein S17	GO:0003735;GO:0005840;GO:0006412
151836	fig|6666666.1036479.peg.5	fig|6666666.1036479.peg.1495	0.7531635463237762	0.1116092397596339	Low	Low	Low–Low			0	no STRING match	no STRING match	2009	2621	1	1						
151887	fig|6666666.1036479.peg.1366	fig|6666666.1036479.peg.1495	0.7531419217586517	0.1116467280445449	Very Low	Low	Very Low–Low			0	no STRING match	no STRING match	2574	2621	1	1						
152105	fig|6666666.1036479.peg.2704	fig|6666666.1036479.peg.2160	0.7530835211277008	0.111806972085929	Medium	Very Low	Very Low–Medium			0	no STRING match	no STRING match	1718	2910	1	1						
152304	fig|6666666.1036479.peg.1043	fig|6666666.1036479.peg.1266	0.7529792129993439	0.1119532499035228	Low	Very Low	Very Low–Low			0	no STRING match	no STRING match	2411	2520	1	1	Methyltransf_21	Methyltransferase FkbM domain				
152523	fig|6666666.1036479.peg.3237	fig|6666666.1036479.peg.2079	0.7528989493846894	0.1121142290093169	Low	Very Low	Very Low–Low			0	no STRING match	no STRING match	1987	2864	2	1						
152736	fig|6666666.1036479.peg.2503	fig|6666666.1036479.peg.2497	0.7528054177761078	0.1122707977286509	Very Low	Very Low	Very Low–Very Low			0	no STRING match	no STRING match	1610	3047	1	1						
152837	fig|6666666.1036479.peg.776	fig|6666666.1036479.peg.1317	0.752753210067749	0.1123450392340628	Low	Medium	Low–Medium			0	no STRING match	no STRING match	2313	2541	1	1				DUF1573	Protein of unknown function (DUF1573)	
152843	fig|6666666.1036479.peg.2505	fig|6666666.1036479.peg.1496	0.7527490139007569	0.112349449620523	Very Low	Very Low	Very Low–Very Low			0	no STRING match	no STRING match	1612	2622	1	1						
152974	fig|6666666.1036479.peg.289	fig|6666666.1036479.peg.1317	0.7526851058006286	0.1124457430582354	High	Medium	Medium–High	Hypothetical protein.		0	secondary STRING hit (STRING protein assigned to a better match)	no STRING match	2111	2541	1	1				DUF1573	Protein of unknown function (DUF1573)	
152989	fig|6666666.1036479.peg.2636	fig|6666666.1036479.peg.2437	0.7526756882667541	0.1124567690243857	Very Low	High	Very Low–High			0	no STRING match	no STRING match	1686	3023	1	1	DUF4230	Protein of unknown function (DUF4230)		DUF6702	Domain of unknown function (DUF6702)	
153000	fig|6666666.1036479.peg.2806	fig|6666666.1036479.peg.2451	0.7526692450046539	0.1124648547328959	Low	Very Low	Very Low–Low			0	no STRING match	no STRING match	1758	3028	1	1	His_Phos_1	Histidine phosphatase superfamily (branch 1)		EPSP_synthase	EPSP synthase (3-phosphoshikimate 1-carboxyvinyltransferase)	GO:0016765
153149	fig|6666666.1036479.peg.3196	fig|6666666.1036479.peg.2160	0.7525969862937927	0.1125743793299887	Very Low	Very Low	Very Low–Very Low			0	no STRING match	no STRING match	1958	2910	1	1						
153623	fig|6666666.1036479.peg.2839	fig|6666666.1036479.peg.2881	0.7523861706256867	0.1129227998603377	Very Low	Very Low	Very Low–Very Low			0	no STRING match	no STRING match	1782	1805	1	1						
154841	fig|6666666.1036479.peg.3071	fig|6666666.1036479.peg.1461	0.7517917513847351	0.1138181083117408	Very Low	Medium	Very Low–Medium			0	no STRING match	no STRING match	1896	2608	1	1	DUF1456	Protein of unknown function (DUF1456)		OmpH	Outer membrane protein (OmpH-like)	
154907	fig|6666666.1036479.peg.5	fig|6666666.1036479.peg.428	0.7517586469650268	0.113866622562802	Low	Very Low	Very Low–Low			0	no STRING match	no STRING match	2009	2158	1	1				MethyltransfD12	D12 class N6 adenine-specific DNA methyltransferase	GO:0009007;GO:0009307
154959	fig|6666666.1036479.peg.1317	fig|6666666.1036479.peg.2159	0.7517307698726654	0.113904845912123	Medium	Very Low	Very Low–Medium			0	no STRING match	no STRING match	2541	2909	1	1	DUF1573	Protein of unknown function (DUF1573)				
155078	fig|6666666.1036479.peg.1319	fig|6666666.1036479.peg.1365	0.7516552686691285	0.1139923185769153	High	High	High–High			0	no STRING match	no STRING match	2542	2573	1	1						
155778	fig|6666666.1036479.peg.1323	fig|6666666.1036479.peg.2139	0.7513195633888244	0.1145068636639285	Low	Low	Low–Low			0	no STRING match	no STRING match	2543	2897	1	1	Cys_Met_Meta_PP	Cys/Met metabolism PLP-dependent enzyme	GO:0019346;GO:0030170	Macro	Macro domain	
155864	fig|6666666.1036479.peg.564	fig|6666666.1036479.peg.2079	0.7512829661369324	0.1145700792031901	Very Low	Very Low	Very Low–Very Low			0	no STRING match	no STRING match	2207	2864	1	1						
156208	fig|6666666.1036479.peg.2878	fig|6666666.1036479.peg.1476	0.7511041343212128	0.1148229413602366	High	Low	Low–High			0	no STRING match	no STRING match	1804	2613	1	1	DUF6691;Sulf_transp	Family of unknown function (DUF6691); Sulphur transport		COX4_pro	Prokaryotic Cytochrome C oxidase subunit IV	GO:0016020
156248	fig|6666666.1036479.peg.313	fig|6666666.1036479.peg.2162	0.7510801374912262	0.1148523439366374	Very Low	Very Low	Very Low–Very Low			0	no STRING match	no STRING match	2124	2912	1	1	Ntox23	Bacterial toxin 23		EndoU_bacteria	Bacterial EndoU nuclease	GO:0004519
156697	fig|6666666.1036479.peg.2878	fig|6666666.1036479.peg.1885	0.750870817899704	0.1151823878567359	High	High	High–High			0	no STRING match	no STRING match	1804	2781	1	1	DUF6691;Sulf_transp	Family of unknown function (DUF6691); Sulphur transport				
156698	fig|6666666.1036479.peg.740	fig|6666666.1036479.peg.2159	0.7508708000183105	0.1151831229211459	Very Low	Very Low	Very Low–Very Low			0	no STRING match	no STRING match	2298	2909	1	1						
156711	fig|6666666.1036479.peg.2110	fig|6666666.1036479.peg.2165	0.7508625447750091	0.1151926787584762	Very Low	Very Low	Very Low–Very Low			0	no STRING match	no STRING match	2882	2915	1	1						
157242	fig|6666666.1036479.peg.41	fig|6666666.1036479.peg.303	0.7506043016910553	0.1155829979601962	Very Low	Very Low	Very Low–Very Low			0	no STRING match	no STRING match	2028	2117	2	3						
157350	fig|6666666.1036479.peg.1390	fig|6666666.1036479.peg.1472	0.7505391418933869	0.1156623849164783	High	Medium	Medium–High			0	no STRING match	no STRING match	2582	2611	1	1						
157434	fig|6666666.1036479.peg.107	fig|6666666.1036479.peg.2079	0.7504889965057373	0.1157241303269199	Very Low	Very Low	Very Low–Very Low			0	no STRING match	no STRING match	2059	2864	1	1						
158176	fig|6666666.1036479.peg.289	fig|6666666.1036479.peg.1678	0.7501382946968078	0.1162695481191539	High	Low	Low–High	Hypothetical protein.		0	secondary STRING hit (STRING protein assigned to a better match)	no STRING match	2111	2715	1	1						
158279	fig|6666666.1036479.peg.2636	fig|6666666.1036479.peg.1402	0.7500981986522675	0.1163452597533858	Very Low	High	Very Low–High			0	no STRING match	no STRING match	1686	2585	1	1	DUF4230	Protein of unknown function (DUF4230)		Thioredox_DsbH;Thioredoxin_2	Protein of unknown function, DUF255; Thioredoxin-like domain	
158425	fig|6666666.1036479.peg.3189	fig|6666666.1036479.peg.1300	0.7500283539295196	0.1164525791572486	Very Low	Low	Very Low–Low			0	no STRING match	no STRING match	1952	2531	1	1						
159877	fig|6666666.1036479.peg.107	fig|6666666.1036479.peg.2165	0.7493844866752625	0.1175198926805961	Very Low	Very Low	Very Low–Very Low			0	no STRING match	no STRING match	2059	2915	1	1						
160130	fig|6666666.1036479.peg.1266	fig|6666666.1036479.peg.1300	0.7492548108100892	0.1177058639763309	Very Low	Low	Very Low–Low			0	no STRING match	no STRING match	2520	2531	1	1						
160152	fig|6666666.1036479.peg.1786	fig|6666666.1036479.peg.2162	0.7492518067359925	0.1177220353933513	Very Low	Very Low	Very Low–Very Low			0	no STRING match	no STRING match	2751	2912	1	1	AHH	A nuclease family of the HNH/ENDO VII superfamily with conserved AHH		EndoU_bacteria	Bacterial EndoU nuclease	GO:0004519
160597	fig|6666666.1036479.peg.1958	fig|6666666.1036479.peg.2457	0.7490315735340118	0.1180491390558097	Medium	Very Low	Very Low–Medium			0	no STRING match	no STRING match	2819	3034	1	1	YARHG	YARHG domain		Por_Secre_tail	Secretion system C-terminal sorting domain	
161036	fig|6666666.1036479.peg.2505	fig|6666666.1036479.peg.1706	0.7487924993038177	0.118371832331808	Very Low	Very Low	Very Low–Very Low			0	no STRING match	no STRING match	1612	2723	1	1						
161130	fig|6666666.1036479.peg.1250	fig|6666666.1036479.peg.1885	0.7487465262413024	0.1184409283863498	Medium	High	Medium–High			0	no STRING match	no STRING match	2516	2781	1	1	DUF983	Protein of unknown function (DUF983)				
161195	fig|6666666.1036479.peg.2510	fig|6666666.1036479.peg.1496	0.7487156987190247	0.118488707573001	Very Low	Very Low	Very Low–Very Low			0	no STRING match	no STRING match	1617	2622	12	1						
161364	fig|6666666.1036479.peg.2636	fig|6666666.1036479.peg.1958	0.7486440241336823	0.1186129334582942	Very Low	Medium	Very Low–Medium			0	no STRING match	no STRING match	1686	2819	1	1	DUF4230	Protein of unknown function (DUF4230)		YARHG	YARHG domain	
161479	fig|6666666.1036479.peg.3025	fig|6666666.1036479.peg.1366	0.748596578836441	0.1186974658654464	Very Low	Very Low	Very Low–Very Low			0	no STRING match	no STRING match	1882	2574	1	1						
161630	fig|6666666.1036479.peg.2611	fig|6666666.1036479.peg.528	0.7485230386257171	0.1188084605913593	Very Low	Low	Very Low–Low			0	no STRING match	no STRING match	1676	2189	1	1	PALP;Thr_dehydrat_C	Pyridoxal-phosphate dependent enzyme; C-terminal regulatory domain of Threonine dehydratase		SpoU_methylase	SpoU rRNA Methylase family	GO:0003723;GO:0006396;GO:0008173
161944	fig|6666666.1036479.peg.1317	fig|6666666.1036479.peg.1678	0.7483584463596344	0.1190392708161052	Medium	Low	Low–Medium			0	no STRING match	no STRING match	2541	2715	1	1	DUF1573	Protein of unknown function (DUF1573)				
162184	fig|6666666.1036479.peg.528	fig|6666666.1036479.peg.2139	0.7482457101345062	0.1192156862745098	Low	Low	Low–Low			0	no STRING match	no STRING match	2189	2897	1	1	SpoU_methylase	SpoU rRNA Methylase family	GO:0003723;GO:0006396;GO:0008173	Macro	Macro domain	
162720	fig|6666666.1036479.peg.1366	fig|6666666.1036479.peg.2165	0.7480097770690918	0.1196096807982799	Very Low	Very Low	Very Low–Very Low			0	no STRING match	no STRING match	2574	2915	1	1						
162784	fig|6666666.1036479.peg.1117	fig|6666666.1036479.peg.2159	0.7479799628257752	0.1196567249205211	Very Low	Very Low	Very Low–Very Low			0	no STRING match	no STRING match	2448	2909	1	1						
162956	fig|6666666.1036479.peg.2535	fig|6666666.1036479.peg.1496	0.7478959381580352	0.1197831559990444	Very Low	Very Low	Very Low–Very Low			0	no STRING match	no STRING match	1628	2622	1	1						
163025	fig|6666666.1036479.peg.2806	fig|6666666.1036479.peg.528	0.7478525996208191	0.1198338754433357	Low	Low	Low–Low			0	no STRING match	no STRING match	1758	2189	1	1	His_Phos_1	Histidine phosphatase superfamily (branch 1)		SpoU_methylase	SpoU rRNA Methylase family	GO:0003723;GO:0006396;GO:0008173
163507	fig|6666666.1036479.peg.1402	fig|6666666.1036479.peg.1461	0.7476190030574799	0.1201881764889648	High	Medium	Medium–High			0	no STRING match	no STRING match	2585	2608	1	1	Thioredox_DsbH;Thioredoxin_2	Protein of unknown function, DUF255; Thioredoxin-like domain		OmpH	Outer membrane protein (OmpH-like)	
163597	fig|6666666.1036479.peg.740	fig|6666666.1036479.peg.1773	0.7475683391094208	0.1202543322858665	Very Low	Very Low	Very Low–Very Low			0	no STRING match	no STRING match	2298	2744	1	1				GPW_gp25	Baseplate wedge protein gp25	
163658	fig|6666666.1036479.peg.1323	fig|6666666.1036479.peg.1325	0.7475289165973663	0.1202991712148777	Low	Low	Low–Low		Cys/Met metabolism PLP-dependent enzyme; COG0626 Cystathionine beta-lyases/cystathionine gamma-synthases.	0	no STRING match	secondary STRING hit (STRING protein assigned to a better match)	2543	2545	1	1	Cys_Met_Meta_PP	Cys/Met metabolism PLP-dependent enzyme	GO:0019346;GO:0030170	Cys_Met_Meta_PP;GDC-P	Cys/Met metabolism PLP-dependent enzyme; Glycine cleavage system P-protein	GO:0019346;GO:0030170
163953	fig|6666666.1036479.peg.740	fig|6666666.1036479.peg.1571	0.7473736464977264	0.1205160152158332	Very Low	Very Low	Very Low–Very Low			0	no STRING match	no STRING match	2298	2664	1	1						
164412	fig|6666666.1036479.peg.2503	fig|6666666.1036479.peg.2110	0.747165048122406	0.1208534097800319	Very Low	Very Low	Very Low–Very Low			0	no STRING match	no STRING match	1610	2882	1	1						
164470	fig|6666666.1036479.peg.1112	fig|6666666.1036479.peg.1366	0.7471433162689209	0.120896043515813	Very Low	Very Low	Very Low–Very Low			0	no STRING match	no STRING match	2443	2574	1	1						
164747	fig|6666666.1036479.peg.107	fig|6666666.1036479.peg.1366	0.7470063924789428	0.1210996563573883	Very Low	Very Low	Very Low–Very Low			0	no STRING match	no STRING match	2059	2574	1	1						
164798	fig|6666666.1036479.peg.289	fig|6666666.1036479.peg.2108	0.7469853520393371	0.1211371446422992	High	Very Low	Very Low–High	Hypothetical protein.		0	secondary STRING hit (STRING protein assigned to a better match)	no STRING match	2111	2880	1	1						
164806	fig|6666666.1036479.peg.3044	fig|6666666.1036479.peg.5	0.7469838082790374	0.1211430251575794	Very Low	Low	Very Low–Low			0	no STRING match	no STRING match	1891	2009	1	1						
165321	fig|6666666.1036479.peg.2503	fig|6666666.1036479.peg.1300	0.7467757761478424	0.1215215833287391	Very Low	Low	Very Low–Low			0	no STRING match	no STRING match	1610	2531	1	1						
165324	fig|6666666.1036479.peg.326	fig|6666666.1036479.peg.1300	0.7467738032341004	0.1215237885219692	Very Low	Low	Very Low–Low			0	no STRING match	no STRING match	2131	2531	1	1						
165361	fig|6666666.1036479.peg.107	fig|6666666.1036479.peg.2110	0.7467517852783203	0.1215509859051399	Very Low	Very Low	Very Low–Very Low			0	no STRING match	no STRING match	2059	2882	1	1						
165362	fig|6666666.1036479.peg.107	fig|6666666.1036479.peg.564	0.7467517495155335	0.1215517209695499	Very Low	Very Low	Very Low–Very Low			0	no STRING match	no STRING match	2059	2207	1	1						
165539	fig|6666666.1036479.peg.116	fig|6666666.1036479.peg.868	0.7466664850711823	0.1216818273701233	Medium	High	Medium–High			0	no STRING match	no STRING match	2062	2347	1	1						
165599	fig|6666666.1036479.peg.428	fig|6666666.1036479.peg.1365	0.746624356508255	0.1217259312347244	Very Low	High	Very Low–High			0	no STRING match	no STRING match	2158	2573	1	1	MethyltransfD12	D12 class N6 adenine-specific DNA methyltransferase	GO:0009007;GO:0009307			
166027	fig|6666666.1036479.peg.3025	fig|6666666.1036479.peg.1496	0.746400797367096	0.1220405388022125	Very Low	Very Low	Very Low–Very Low			0	no STRING match	no STRING match	1882	2622	1	1						
166028	fig|6666666.1036479.peg.1402	fig|6666666.1036479.peg.1958	0.7464000165462494	0.1220412738666225	High	Medium	Medium–High			0	no STRING match	no STRING match	2585	2819	1	1	Thioredox_DsbH;Thioredoxin_2	Protein of unknown function, DUF255; Thioredoxin-like domain		YARHG	YARHG domain	
166242	fig|6666666.1036479.peg.2878	fig|6666666.1036479.peg.1179	0.7462957978248597	0.1221985776503666	High	Very Low	Very Low–High			0	no STRING match	no STRING match	1804	2487	1	1	DUF6691;Sulf_transp	Family of unknown function (DUF6691); Sulphur transport		PepSY_TM	PepSY-associated TM region	
166519	fig|6666666.1036479.peg.740	fig|6666666.1036479.peg.1112	0.7461443245410919	0.1224021904919418	Very Low	Very Low	Very Low–Very Low			0	no STRING match	no STRING match	2298	2443	1	1						
166893	fig|6666666.1036479.peg.2565	fig|6666666.1036479.peg.313	0.7459709286689759	0.1226771045812889	Very Low	Very Low	Very Low–Very Low	Yd repeat protein; COG3209 Rhs family protein.		0	secondary STRING hit (STRING protein assigned to a better match)	no STRING match	1655	2124	1	1				Ntox23	Bacterial toxin 23	
167844	fig|6666666.1036479.peg.2758	fig|6666666.1036479.peg.3071	0.7455404222011566	0.1233761508352169	Very Low	Very Low	Very Low–Very Low			0	no STRING match	no STRING match	1737	1896	1	1				DUF1456	Protein of unknown function (DUF1456)	
168032	fig|6666666.1036479.peg.1402	fig|6666666.1036479.peg.1678	0.7454561650753021	0.1235143429443005	High	Low	Low–High			0	no STRING match	no STRING match	2585	2715	1	1	Thioredox_DsbH;Thioredoxin_2	Protein of unknown function, DUF255; Thioredoxin-like domain				
168497	fig|6666666.1036479.peg.2958	fig|6666666.1036479.peg.1848	0.7452305972576141	0.1238561478949593	Very Low	Very Low	Very Low–Very Low			0	no STRING match	no STRING match	1848	2770	1	1	DUF4295	Domain of unknown function (DUF4295)		DUF3127	Domain of unknown function (DUF3127)	
169181	fig|6666666.1036479.peg.641	fig|6666666.1036479.peg.1250	0.7449362337589264	0.1243589319514122	Very Low	Medium	Very Low–Medium			0	no STRING match	no STRING match	2242	2516	1	1				DUF983	Protein of unknown function (DUF983)	
169223	fig|6666666.1036479.peg.5	fig|6666666.1036479.peg.1365	0.7449235141277313	0.124389804656633	Low	High	Low–High			0	no STRING match	no STRING match	2009	2573	1	1						
169420	fig|6666666.1036479.peg.1851	fig|6666666.1036479.peg.2165	0.7448158681392669	0.1245346123454067	Very Low	Very Low	Very Low–Very Low			0	no STRING match	no STRING match	2772	2915	1	1						
169677	fig|6666666.1036479.peg.3025	fig|6666666.1036479.peg.740	0.7446920275688171	0.1247235238987816	Very Low	Very Low	Very Low–Very Low			0	no STRING match	no STRING match	1882	2298	1	1						
169698	fig|6666666.1036479.peg.270	fig|6666666.1036479.peg.1325	0.7446773886680603	0.124738960251392	Very Low	Low	Very Low–Low		Cys/Met metabolism PLP-dependent enzyme; COG0626 Cystathionine beta-lyases/cystathionine gamma-synthases.	0	no STRING match	secondary STRING hit (STRING protein assigned to a better match)	2103	2545	1	1	MoaE	MoaE protein	GO:0006777	Cys_Met_Meta_PP;GDC-P	Cys/Met metabolism PLP-dependent enzyme; Glycine cleavage system P-protein	GO:0019346;GO:0030170
169998	fig|6666666.1036479.peg.1571	fig|6666666.1036479.peg.1773	0.7445307374000549	0.1249594795743977	Very Low	Very Low	Very Low–Very Low			0	no STRING match	no STRING match	2664	2744	1	1				GPW_gp25	Baseplate wedge protein gp25	
170106	fig|6666666.1036479.peg.3044	fig|6666666.1036479.peg.1365	0.7444745063781738	0.1250388665306797	Very Low	High	Very Low–High			0	no STRING match	no STRING match	1891	2573	1	1						
170202	fig|6666666.1036479.peg.3004	fig|6666666.1036479.peg.326	0.7444312810897827	0.1251094327140415	Very Low	Very Low	Very Low–Very Low			0	no STRING match	no STRING match	1864	2131	1	1						
170212	fig|6666666.1036479.peg.41	fig|6666666.1036479.peg.313	0.7444242894649505	0.1251167833581417	Very Low	Very Low	Very Low–Very Low			0	no STRING match	no STRING match	2028	2124	2	1				Ntox23	Bacterial toxin 23	
170257	fig|6666666.1036479.peg.3190	fig|6666666.1036479.peg.2110	0.7443970084190369	0.1251498612565926	Very Low	Very Low	Very Low–Very Low			0	no STRING match	no STRING match	1953	2882	1	1						
170337	fig|6666666.1036479.peg.3004	fig|6666666.1036479.peg.78	0.7443557262420655	0.1252086664093941	Very Low	Very Low	Very Low–Very Low			0	no STRING match	no STRING match	1864	2046	1	1						
170340	fig|6666666.1036479.peg.2503	fig|6666666.1036479.peg.2165	0.744354659318924	0.1252108716026241	Very Low	Very Low	Very Low–Very Low			0	no STRING match	no STRING match	1610	2915	1	1						
170493	fig|6666666.1036479.peg.41	fig|6666666.1036479.peg.2457	0.7442916512489319	0.125323336457357	Very Low	Very Low	Very Low–Very Low			0	no STRING match	no STRING match	2028	3034	2	1				Por_Secre_tail	Secretion system C-terminal sorting domain	
170590	fig|6666666.1036479.peg.86	fig|6666666.1036479.peg.616	0.7442500174045563	0.1253946377051289	Very Low	Low	Very Low–Low			0	no STRING match	no STRING match	2050	2230	1	1	Peptidase_S66	LD-carboxypeptidase N-terminal domain				
170639	fig|6666666.1036479.peg.2801	fig|6666666.1036479.peg.1390	0.7442316830158233	0.1254306558612198	High	High	High–High			0	no STRING match	no STRING match	1756	2582	1	1	MS_channel_2nd	Mechanosensitive ion channel, beta-domain	GO:0016020;GO:0055085			
170828	fig|6666666.1036479.peg.3044	fig|6666666.1036479.peg.1076	0.7441495478153228	0.1255695830347134	Very Low	Very Low	Very Low–Very Low			0	no STRING match	no STRING match	1891	2420	1	1						
170969	fig|6666666.1036479.peg.3025	fig|6666666.1036479.peg.2108	0.7440863132476807	0.1256732271165261	Very Low	Very Low	Very Low–Very Low			0	no STRING match	no STRING match	1882	2880	1	1						
171200	fig|6666666.1036479.peg.2623	fig|6666666.1036479.peg.2457	0.7439974784851074	0.1258430269952404	Very Low	Very Low	Very Low–Very Low			0	no STRING match	no STRING match	1682	3034	1	1				Por_Secre_tail	Secretion system C-terminal sorting domain	
171450	fig|6666666.1036479.peg.326	fig|6666666.1036479.peg.1266	0.7438838720321655	0.1260267930977452	Very Low	Very Low	Very Low–Very Low			0	no STRING match	no STRING match	2131	2520	1	1						
171664	fig|6666666.1036479.peg.868	fig|6666666.1036479.peg.1390	0.7437697589397431	0.1261840968814892	High	High	High–High			0	no STRING match	no STRING match	2347	2582	1	1						
172031	fig|6666666.1036479.peg.3025	fig|6666666.1036479.peg.1117	0.7435841262340546	0.1264538655199661	Very Low	Very Low	Very Low–Very Low			0	no STRING match	no STRING match	1882	2448	1	1						
172130	fig|6666666.1036479.peg.1117	fig|6666666.1036479.peg.1571	0.7435364067554474	0.126526636896558	Very Low	Very Low	Very Low–Very Low			0	no STRING match	no STRING match	2448	2664	1	1						
172201	fig|6666666.1036479.peg.2510	fig|6666666.1036479.peg.1706	0.7435079216957092	0.1265788264696694	Very Low	Very Low	Very Low–Very Low			0	no STRING match	no STRING match	1617	2723	12	1						
172358	fig|6666666.1036479.peg.2565	fig|6666666.1036479.peg.1786	0.7434519231319427	0.1266942315820423	Very Low	Very Low	Very Low–Very Low	Yd repeat protein; COG3209 Rhs family protein.		0	secondary STRING hit (STRING protein assigned to a better match)	no STRING match	1655	2751	1	1				AHH	A nuclease family of the HNH/ENDO VII superfamily with conserved AHH	
172485	fig|6666666.1036479.peg.879	fig|6666666.1036479.peg.2382	0.743376350402832	0.1267875847621147	Very Low	Very Low	Very Low–Very Low	Rhs element Vgr protein; COG3501 Uncharacterized protein conserved in bacteria.	Rhs element Vgr protein; COG3501 Uncharacterized protein conserved in bacteria.	0	secondary STRING hit (STRING protein assigned to a better match)	secondary STRING hit (STRING protein assigned to a better match)	2354	2996	1	1	Phage_GPD;Phage_base_V	Phage tail baseplate hub (GPD); Type VI secretion system/phage-baseplate injector OB domain		Phage_GPD;Phage_base_V	Phage tail baseplate hub (GPD); Type VI secretion system/phage-baseplate injector OB domain	
172696	fig|6666666.1036479.peg.1571	fig|6666666.1036479.peg.2181	0.7432874083518982	0.1269426833526288	Very Low	Very Low	Very Low–Very Low			0	no STRING match	no STRING match	2664	2930	1	1				SUKH_5;SMI1_KNR4;SUKH_6	SMI1-KNR4 cell-wall; SMI1 / KNR4 family (SUKH-1)	
173308	fig|6666666.1036479.peg.805	fig|6666666.1036479.peg.1505	0.7430111646652222	0.1273925427715603	Very Low	Very Low	Very Low–Very Low			0	no STRING match	no STRING match	2325	2627	1	1	NDK	Nucleoside diphosphate kinase		GCV_H	Glycine cleavage H-protein	
173325	fig|6666666.1036479.peg.2535	fig|6666666.1036479.peg.1706	0.7429945528507232	0.1274050388665306	Very Low	Very Low	Very Low–Very Low			0	no STRING match	no STRING match	1628	2723	1	1						
173807	fig|6666666.1036479.peg.734	fig|6666666.1036479.peg.2108	0.7427574396133423	0.1277593399121598	Very Low	Very Low	Very Low–Very Low			0	no STRING match	no STRING match	2292	2880	1	1						
173895	fig|6666666.1036479.peg.2503	fig|6666666.1036479.peg.3189	0.7427202582359314	0.1278240255802414	Very Low	Very Low	Very Low–Very Low			0	no STRING match	no STRING match	1610	1952	1	1						
174421	fig|6666666.1036479.peg.540	fig|6666666.1036479.peg.1958	0.7424463033676147	0.1282106694599114	Very Low	Medium	Very Low–Medium			0	no STRING match	no STRING match	2195	2819	1	1	QSregVF_b	Putative quorum-sensing-regulated virulence factor		YARHG	YARHG domain	
174429	fig|6666666.1036479.peg.452	fig|6666666.1036479.peg.1773	0.7424416661262512	0.1282165499751915	High	Very Low	Very Low–High	Hypothetical protein.		0	secondary STRING hit (STRING protein assigned to a better match)	no STRING match	2165	2744	1	1	Por_Secre_tail	Secretion system C-terminal sorting domain		GPW_gp25	Baseplate wedge protein gp25	
174439	fig|6666666.1036479.peg.2510	fig|6666666.1036479.peg.2881	0.7424368858337402	0.1282239006192917	Very Low	Very Low	Very Low–Very Low			0	no STRING match	no STRING match	1617	1805	12	1						
174994	fig|6666666.1036479.peg.3071	fig|6666666.1036479.peg.1958	0.7421944856643676	0.1286318613668522	Very Low	Medium	Very Low–Medium			0	no STRING match	no STRING match	1896	2819	1	1	DUF1456	Protein of unknown function (DUF1456)		YARHG	YARHG domain	
175013	fig|6666666.1036479.peg.1112	fig|6666666.1036479.peg.2181	0.742179560661316	0.1286458275906426	Very Low	Very Low	Very Low–Very Low			0	no STRING match	no STRING match	2443	2930	1	1				SUKH_5;SMI1_KNR4;SUKH_6	SMI1-KNR4 cell-wall; SMI1 / KNR4 family (SUKH-1)	
175123	fig|6666666.1036479.peg.2806	fig|6666666.1036479.peg.86	0.7421235322952271	0.1287266846757447	Low	Very Low	Very Low–Low			0	no STRING match	no STRING match	1758	2050	1	1	His_Phos_1	Histidine phosphatase superfamily (branch 1)		Peptidase_S66	LD-carboxypeptidase N-terminal domain	
175254	fig|6666666.1036479.peg.2881	fig|6666666.1036479.peg.1706	0.7420577943325043	0.1288229781134572	Very Low	Very Low	Very Low–Very Low			0	no STRING match	no STRING match	1805	2723	1	1						
175481	fig|6666666.1036479.peg.868	fig|6666666.1036479.peg.2440	0.7419546008110046	0.1289898377345315	High	Low	Low–High			0	no STRING match	no STRING match	2347	3025	1	1				PAP2	PAP2 superfamily	
175744	fig|6666666.1036479.peg.3181	fig|6666666.1036479.peg.2457	0.7418305993080139	0.1291831596743664	Very Low	Very Low	Very Low–Very Low			0	no STRING match	no STRING match	1944	3034	4	1	TssD	Hemolysin coregulated protein Hcp (TssD)	GO:0033104	Por_Secre_tail	Secretion system C-terminal sorting domain	
175800	fig|6666666.1036479.peg.2610	fig|6666666.1036479.peg.2779	0.7418113112449646	0.1292243232813275	Very Low	Very Low	Very Low–Very Low		COG0458 Carbamoylphosphate synthase large subunit (split gene in MJ).	0	no STRING match	secondary STRING hit (STRING protein assigned to a better match)	1675	1748	1	1	2-Hacid_dh_C;KARI_N;KARI_C;KARI_C	D-isomer specific 2-hydroxyacid dehydrogenase, NAD binding domain; Acetohydroxy acid isomeroreductase, NADPH-binding domain; Ketol-acid reductoisomerase, C-terminal domain	GO:0004455;GO:0009082;GO:0051287	CPSase_L_D1;CPSase_L_D2	Carbamoyl phosphate synthase preATP-grasp domain; Carbamoyl-phosphate synthase L chain, ATP binding domain	GO:0005524
175818	fig|6666666.1036479.peg.1250	fig|6666666.1036479.peg.2440	0.7418022215366363	0.1292375544407078	Medium	Low	Low–Medium			0	no STRING match	no STRING match	2516	3025	1	1	DUF983	Protein of unknown function (DUF983)		PAP2	PAP2 superfamily	
176085	fig|6666666.1036479.peg.564	fig|6666666.1036479.peg.1319	0.7416948556900025	0.1294338166381829	Very Low	High	Very Low–High			0	no STRING match	no STRING match	2207	2542	1	1						
176253	fig|6666666.1036479.peg.1112	fig|6666666.1036479.peg.1117	0.7416197061538696	0.1295573074590661	Very Low	Very Low	Very Low–Very Low			0	no STRING match	no STRING match	2443	2448	1	1						
176373	fig|6666666.1036479.peg.641	fig|6666666.1036479.peg.1300	0.7415514945983886	0.1296455151882683	Very Low	Low	Very Low–Low			0	no STRING match	no STRING match	2242	2531	1	1						
176562	fig|6666666.1036479.peg.2958	fig|6666666.1036479.peg.313	0.7414709806442261	0.1297844423617619	Very Low	Very Low	Very Low–Very Low			0	no STRING match	no STRING match	1848	2124	1	1	DUF4295	Domain of unknown function (DUF4295)		Ntox23	Bacterial toxin 23	
176921	fig|6666666.1036479.peg.868	fig|6666666.1036479.peg.1885	0.741305947303772	0.1300483304849587	High	High	High–High			0	no STRING match	no STRING match	2347	2781	1	1						
177283	fig|6666666.1036479.peg.1112	fig|6666666.1036479.peg.1773	0.7411287486553192	0.1303144238013856	Very Low	Very Low	Very Low–Very Low			0	no STRING match	no STRING match	2443	2744	1	1				GPW_gp25	Baseplate wedge protein gp25	
177530	fig|6666666.1036479.peg.2108	fig|6666666.1036479.peg.2109	0.7410020351409912	0.1304959847106602	Very Low	Very Low	Very Low–Very Low			0	no STRING match	no STRING match	2880	2881	1	1						
178269	fig|6666666.1036479.peg.1319	fig|6666666.1036479.peg.2385	0.7406621038913727	0.1310391973096642	High	Medium	Medium–High			0	no STRING match	no STRING match	2542	2999	1	1						
178756	fig|6666666.1036479.peg.868	fig|6666666.1036479.peg.1472	0.7404401779174805	0.1313971736773434	High	Medium	Medium–High			0	no STRING match	no STRING match	2347	2611	1	1						
179120	fig|6666666.1036479.peg.1117	fig|6666666.1036479.peg.2181	0.7402880012989044	0.1316647371225903	Very Low	Very Low	Very Low–Very Low			0	no STRING match	no STRING match	2448	2930	1	1				SUKH_5;SMI1_KNR4;SUKH_6	SMI1-KNR4 cell-wall; SMI1 / KNR4 family (SUKH-1)	
179593	fig|6666666.1036479.peg.564	fig|6666666.1036479.peg.1266	0.7400932550430298	0.1320124225885293	Very Low	Very Low	Very Low–Very Low			0	no STRING match	no STRING match	2207	2520	1	1						
179662	fig|6666666.1036479.peg.116	fig|6666666.1036479.peg.1472	0.7400684356689453	0.1320631420328206	Medium	Medium	Medium–Medium			0	no STRING match	no STRING match	2062	2611	1	1						
179832	fig|6666666.1036479.peg.1848	fig|6666666.1036479.peg.2062	0.7399903774261475	0.1321881029825238	Very Low	Very Low	Very Low–Very Low			0	no STRING match	no STRING match	2770	2859	1	1	DUF3127	Domain of unknown function (DUF3127)		YceD	Large ribosomal RNA subunit accumulation protein YceD	
180052	fig|6666666.1036479.peg.41	fig|6666666.1036479.peg.540	0.7398807644844055	0.132349817152728	Very Low	Very Low	Very Low–Very Low			0	no STRING match	no STRING match	2028	2195	2	1				QSregVF_b	Putative quorum-sensing-regulated virulence factor	
181488	fig|6666666.1036479.peg.2512	fig|6666666.1036479.peg.2497	0.7392610371112823	0.1334053696455152	Very Low	Very Low	Very Low–Very Low			0	no STRING match	no STRING match	1619	3047	13	1						
181661	fig|6666666.1036479.peg.2565	fig|6666666.1036479.peg.537	0.7391922414302826	0.1335325357884484	Very Low	Medium	Very Low–Medium	Yd repeat protein; COG3209 Rhs family protein.		0	secondary STRING hit (STRING protein assigned to a better match)	no STRING match	1655	2194	1	1						
181837	fig|6666666.1036479.peg.564	fig|6666666.1036479.peg.1851	0.7391070663928986	0.1336619071246118	Very Low	Very Low	Very Low–Very Low			0	no STRING match	no STRING match	2207	2772	1	1						
181936	fig|6666666.1036479.peg.2535	fig|6666666.1036479.peg.2839	0.7390604615211487	0.1337346785012036	Very Low	Very Low	Very Low–Very Low			0	no STRING match	no STRING match	1628	1782	1	1						
182001	fig|6666666.1036479.peg.2839	fig|6666666.1036479.peg.1706	0.7390292286872864	0.1337824576878549	Very Low	Very Low	Very Low–Very Low			0	no STRING match	no STRING match	1782	2723	1	1						
182089	fig|6666666.1036479.peg.303	fig|6666666.1036479.peg.307	0.7389912486076355	0.1338471433559365	Very Low	Very Low	Very Low–Very Low			0	no STRING match	no STRING match	2117	2120	3	1						
182142	fig|6666666.1036479.peg.78	fig|6666666.1036479.peg.326	0.738969874382019	0.1338861017696675	Very Low	Very Low	Very Low–Very Low			0	no STRING match	no STRING match	2046	2131	1	1						
182201	fig|6666666.1036479.peg.3181	fig|6666666.1036479.peg.1792	0.7389389097690582	0.1339294705698586	Very Low	Very Low	Very Low–Very Low			0	no STRING match	no STRING match	1944	2754	4	1	TssD	Hemolysin coregulated protein Hcp (TssD)	GO:0033104	TssD	Hemolysin coregulated protein Hcp (TssD)	GO:0033104
182601	fig|6666666.1036479.peg.2923	fig|6666666.1036479.peg.2181	0.7387467622756958	0.1342234963338662	Medium	Very Low	Very Low–Medium			0	no STRING match	no STRING match	1826	2930	1	1				SUKH_5;SMI1_KNR4;SUKH_6	SMI1-KNR4 cell-wall; SMI1 / KNR4 family (SUKH-1)	
183240	fig|6666666.1036479.peg.116	fig|6666666.1036479.peg.1390	0.7384430587291717	0.1346932024918683	Medium	High	Medium–High			0	no STRING match	no STRING match	2062	2582	1	1						
183608	fig|6666666.1036479.peg.3190	fig|6666666.1036479.peg.2497	0.7382981956005097	0.1349637061947553	Very Low	Very Low	Very Low–Very Low			0	no STRING match	no STRING match	1953	3047	1	1						
184604	fig|6666666.1036479.peg.2611	fig|6666666.1036479.peg.2806	0.7378823935985566	0.1356958303471341	Very Low	Low	Very Low–Low			0	no STRING match	no STRING match	1676	1758	1	1	PALP;Thr_dehydrat_C	Pyridoxal-phosphate dependent enzyme; C-terminal regulatory domain of Threonine dehydratase		His_Phos_1	Histidine phosphatase superfamily (branch 1)	
185111	fig|6666666.1036479.peg.1177	fig|6666666.1036479.peg.2440	0.7376773834228516	0.1360685080030137	Low	Low	Low–Low			0	no STRING match	no STRING match	2485	3025	1	1	PepSY_TM	PepSY-associated TM region		PAP2	PAP2 superfamily	
186236	fig|6666666.1036479.peg.2923	fig|6666666.1036479.peg.452	0.7371720016002655	0.136895455464285	Medium	High	Medium–High		Hypothetical protein.	0	no STRING match	secondary STRING hit (STRING protein assigned to a better match)	1826	2165	1	1				Por_Secre_tail	Secretion system C-terminal sorting domain	
186523	fig|6666666.1036479.peg.2565	fig|6666666.1036479.peg.2240	0.7370269656181335	0.1371064189499604	Very Low	Medium	Very Low–Medium	Yd repeat protein; COG3209 Rhs family protein.		0	secondary STRING hit (STRING protein assigned to a better match)	no STRING match	1655	2943	1	1						
186571	fig|6666666.1036479.peg.3052	fig|6666666.1036479.peg.1491	0.7370009183883667	0.1371417020416414	Very Low	Very Low	Very Low–Very Low			0	no STRING match	no STRING match	1892	2619	1	1	RuvX	Holliday junction resolvase	GO:0006364	Pept_tRNA_hydro	Peptidyl-tRNA hydrolase	GO:0004045
188259	fig|6666666.1036479.peg.1885	fig|6666666.1036479.peg.2440	0.7362512648105621	0.1383824907657533	High	Low	Low–High			0	no STRING match	no STRING match	2781	3025	1	1				PAP2	PAP2 superfamily	
188738	fig|6666666.1036479.peg.2758	fig|6666666.1036479.peg.1919	0.7360316812992096	0.1387345866181524	Very Low	Very Low	Very Low–Very Low			0	no STRING match	no STRING match	1737	2796	1	1				DUF2326	Uncharacterised protein conserved in bacteria (DUF2326)	
188858	fig|6666666.1036479.peg.1319	fig|6666666.1036479.peg.2497	0.7359640836715698	0.1388227943473547	High	Very Low	Very Low–High			0	no STRING match	no STRING match	2542	3047	1	1						
188917	fig|6666666.1036479.peg.303	fig|6666666.1036479.peg.540	0.7359440207481385	0.1388661631475458	Very Low	Very Low	Very Low–Very Low			0	no STRING match	no STRING match	2117	2195	3	1				QSregVF_b	Putative quorum-sensing-regulated virulence factor	
189055	fig|6666666.1036479.peg.3189	fig|6666666.1036479.peg.2497	0.7358630776405335	0.1389676020361284	Very Low	Very Low	Very Low–Very Low			0	no STRING match	no STRING match	1952	3047	1	1						
189181	fig|6666666.1036479.peg.2687	fig|6666666.1036479.peg.1018	0.7358075261116028	0.1390602201517908	Very Low	Very Low	Very Low–Very Low			0	no STRING match	no STRING match	1708	2403	1	1	Ribosomal_S30AE	Sigma 54 modulation protein / S30EA ribosomal protein	GO:0044238	S4;HSP15_C	S4 domain; Heat shock protein 15, C-terminal region	GO:0003723
189321	fig|6666666.1036479.peg.3190	fig|6666666.1036479.peg.2131	0.735758113861084	0.1391631291691934	Very Low	Very Low	Very Low–Very Low			0	no STRING match	no STRING match	1953	2893	1	1						
189434	fig|6666666.1036479.peg.3189	fig|6666666.1036479.peg.78	0.7357032239437103	0.1392461914475256	Very Low	Very Low	Very Low–Very Low			0	no STRING match	no STRING match	1952	2046	1	1						
189447	fig|6666666.1036479.peg.1164	fig|6666666.1036479.peg.1786	0.735699462890625	0.1392557472848558	Very Low	Very Low	Very Low–Very Low			0	no STRING match	no STRING match	2483	2751	1	1	SusD-like_2;SusD-like;SusD-like	Starch-binding associating with outer membrane; Susd and RagB outer membrane lipoprotein		AHH	A nuclease family of the HNH/ENDO VII superfamily with conserved AHH	
190035	fig|6666666.1036479.peg.2923	fig|6666666.1036479.peg.1965	0.7354435622692108	0.1396879651579469	Medium	Medium	Medium–Medium		Hypothetical protein.	0	no STRING match	secondary STRING hit (STRING protein assigned to a better match)	1826	2825	1	1				SH3_3	Bacterial SH3 domain	
190088	fig|6666666.1036479.peg.2109	fig|6666666.1036479.peg.2181	0.7354160845279694	0.1397269235716779	Very Low	Very Low	Very Low–Very Low			0	no STRING match	no STRING match	2881	2930	1	1				SUKH_5;SMI1_KNR4;SUKH_6	SMI1-KNR4 cell-wall; SMI1 / KNR4 family (SUKH-1)	
190438	fig|6666666.1036479.peg.2923	fig|6666666.1036479.peg.2109	0.735245281457901	0.1399841961151846	Medium	Very Low	Very Low–Medium			0	no STRING match	no STRING match	1826	2881	1	1						
191381	fig|6666666.1036479.peg.2623	fig|6666666.1036479.peg.732	0.7348252058029174	0.1406773618538324	Very Low	Medium	Very Low–Medium			0	no STRING match	no STRING match	1682	2290	1	1						
191389	fig|6666666.1036479.peg.1851	fig|6666666.1036479.peg.2131	0.7348186552524567	0.1406832423691126	Very Low	Very Low	Very Low–Very Low			0	no STRING match	no STRING match	2772	2893	1	1						
191466	fig|6666666.1036479.peg.732	fig|6666666.1036479.peg.1965	0.7347850143909455	0.140739842328684	Medium	Medium	Medium–Medium		Hypothetical protein.	0	no STRING match	secondary STRING hit (STRING protein assigned to a better match)	2290	2825	1	1				SH3_3	Bacterial SH3 domain	
191692	fig|6666666.1036479.peg.537	fig|6666666.1036479.peg.2240	0.7346798062324524	0.1409059668853483	Medium	Medium	Medium–Medium			0	no STRING match	no STRING match	2194	2943	1	1						
191829	fig|6666666.1036479.peg.2753	fig|6666666.1036479.peg.2758	0.7346169948577881	0.1410066707095209	Very Low	Very Low	Very Low–Very Low			0	no STRING match	no STRING match	1734	1737	1	1	START_2	START-like superfamily domain				
192319	fig|6666666.1036479.peg.2623	fig|6666666.1036479.peg.540	0.7344102084636688	0.1413668522704302	Very Low	Very Low	Very Low–Very Low			0	no STRING match	no STRING match	1682	2195	1	1				QSregVF_b	Putative quorum-sensing-regulated virulence factor	
192340	fig|6666666.1036479.peg.3189	fig|6666666.1036479.peg.326	0.7343987345695495	0.1413822886230406	Very Low	Very Low	Very Low–Very Low			0	no STRING match	no STRING match	1952	2131	1	1						
192404	fig|6666666.1036479.peg.1472	fig|6666666.1036479.peg.1858	0.734371030330658	0.1414293327452818	Medium	Low	Low–Medium			0	no STRING match	no STRING match	2611	2775	1	1				DUF3098	Protein of unknown function (DUF3098)	
192696	fig|6666666.1036479.peg.3190	fig|6666666.1036479.peg.1851	0.7342517495155334	0.1416439715530073	Very Low	Very Low	Very Low–Very Low			0	no STRING match	no STRING match	1953	2772	1	1						
192975	fig|6666666.1036479.peg.734	fig|6666666.1036479.peg.2109	0.7341328203678131	0.1418490545234026	Very Low	Very Low	Very Low–Very Low			0	no STRING match	no STRING match	2292	2881	1	1						
193178	fig|6666666.1036479.peg.3181	fig|6666666.1036479.peg.540	0.7340185284614563	0.1419982725986364	Very Low	Very Low	Very Low–Very Low			0	no STRING match	no STRING match	1944	2195	4	1	TssD	Hemolysin coregulated protein Hcp (TssD)	GO:0033104	QSregVF_b	Putative quorum-sensing-regulated virulence factor	
193308	fig|6666666.1036479.peg.452	fig|6666666.1036479.peg.1164	0.7339565455913544	0.1420938309719389	High	Very Low	Very Low–High	Hypothetical protein.		0	secondary STRING hit (STRING protein assigned to a better match)	no STRING match	2165	2483	1	1	Por_Secre_tail	Secretion system C-terminal sorting domain		SusD-like_2;SusD-like;SusD-like	Starch-binding associating with outer membrane; Susd and RagB outer membrane lipoprotein	
193484	fig|6666666.1036479.peg.2109	fig|6666666.1036479.peg.2385	0.733882462978363	0.1422232023081022	Very Low	Medium	Very Low–Medium			0	no STRING match	no STRING match	2881	2999	1	1						
194159	fig|6666666.1036479.peg.2753	fig|6666666.1036479.peg.3181	0.7335912942886352	0.142719370784865	Very Low	Very Low	Very Low–Very Low			0	no STRING match	no STRING match	1734	1944	1	4	START_2	START-like superfamily domain		TssD	Hemolysin coregulated protein Hcp (TssD)	GO:0033104
194981	fig|6666666.1036479.peg.270	fig|6666666.1036479.peg.528	0.7332303941249847	0.1433235937299005	Very Low	Low	Very Low–Low			0	no STRING match	no STRING match	2103	2189	1	1	MoaE	MoaE protein	GO:0006777	SpoU_methylase	SpoU rRNA Methylase family	GO:0003723;GO:0006396;GO:0008173
195615	fig|6666666.1036479.peg.499	fig|6666666.1036479.peg.1965	0.7329324722290039	0.1437896245658526	Medium	Medium	Medium–Medium		Hypothetical protein.	0	no STRING match	secondary STRING hit (STRING protein assigned to a better match)	2180	2825	1	1	DUF4268	Domain of unknown function (DUF4268)		SH3_3	Bacterial SH3 domain	
195623	fig|6666666.1036479.peg.2623	fig|6666666.1036479.peg.3181	0.7329315483570099	0.1437955050811327	Very Low	Very Low	Very Low–Very Low			0	no STRING match	no STRING match	1682	1944	1	4				TssD	Hemolysin coregulated protein Hcp (TssD)	GO:0033104
195942	fig|6666666.1036479.peg.2623	fig|6666666.1036479.peg.2753	0.7328095078468323	0.1440299906279287	Very Low	Very Low	Very Low–Very Low			0	no STRING match	no STRING match	1682	1734	1	1				START_2	START-like superfamily domain	
196044	fig|6666666.1036479.peg.2923	fig|6666666.1036479.peg.499	0.7327571928501129	0.1441049671977507	Medium	Medium	Medium–Medium			0	no STRING match	no STRING match	1826	2180	1	1				DUF4268	Domain of unknown function (DUF4268)	
196775	fig|6666666.1036479.peg.2638	fig|6666666.1036479.peg.1472	0.7324395298957824	0.1446422992814745	High	Medium	Medium–High			0	no STRING match	no STRING match	1687	2611	1	1	DUF4293	Domain of unknown function (DUF4293)				
196840	fig|6666666.1036479.peg.1105	fig|6666666.1036479.peg.1319	0.7324131786823272	0.1446900784681257	Very Low	High	Very Low–High			0	no STRING match	no STRING match	2437	2542	1	1						
197109	fig|6666666.1036479.peg.303	fig|6666666.1036479.peg.1367	0.7323084652423859	0.1448878107944208	Very Low	Very Low	Very Low–Very Low			0	no STRING match	no STRING match	2117	2575	3	1						
197291	fig|6666666.1036479.peg.2687	fig|6666666.1036479.peg.354	0.7322483599185944	0.1450215925170443	Very Low	Very Low	Very Low–Very Low			0	no STRING match	no STRING match	1708	2135	1	1	Ribosomal_S30AE	Sigma 54 modulation protein / S30EA ribosomal protein	GO:0044238	SUI1	Translation initiation factor SUI1	GO:0003743;GO:0006413
197481	fig|6666666.1036479.peg.1105	fig|6666666.1036479.peg.1851	0.7321486949920655	0.1451612547549479	Very Low	Very Low	Very Low–Very Low			0	no STRING match	no STRING match	2437	2772	1	1						
197686	fig|6666666.1036479.peg.1786	fig|6666666.1036479.peg.2382	0.7320696890354157	0.1453119429590018	Very Low	Very Low	Very Low–Very Low		Rhs element Vgr protein; COG3501 Uncharacterized protein conserved in bacteria.	0	no STRING match	secondary STRING hit (STRING protein assigned to a better match)	2751	2996	1	1	AHH	A nuclease family of the HNH/ENDO VII superfamily with conserved AHH		Phage_GPD;Phage_base_V	Phage tail baseplate hub (GPD); Type VI secretion system/phage-baseplate injector OB domain	
197823	fig|6666666.1036479.peg.3195	fig|6666666.1036479.peg.452	0.7320149958133697	0.1454126467831743	Medium	High	Medium–High		Hypothetical protein.	0	no STRING match	secondary STRING hit (STRING protein assigned to a better match)	1957	2165	1	1				Por_Secre_tail	Secretion system C-terminal sorting domain	
198019	fig|6666666.1036479.peg.86	fig|6666666.1036479.peg.835	0.7319308698177338	0.1455567194075381	Very Low	Low	Very Low–Low			0	no STRING match	no STRING match	2050	2336	1	1	Peptidase_S66	LD-carboxypeptidase N-terminal domain		ApeP-like	ApeP dehydratase	
199016	fig|6666666.1036479.peg.1164	fig|6666666.1036479.peg.2382	0.7314732313156128	0.1462895786243269	Very Low	Very Low	Very Low–Very Low		Rhs element Vgr protein; COG3501 Uncharacterized protein conserved in bacteria.	0	no STRING match	secondary STRING hit (STRING protein assigned to a better match)	2483	2996	1	1	SusD-like_2;SusD-like;SusD-like	Starch-binding associating with outer membrane; Susd and RagB outer membrane lipoprotein		Phage_GPD;Phage_base_V	Phage tail baseplate hub (GPD); Type VI secretion system/phage-baseplate injector OB domain	
199837	fig|6666666.1036479.peg.2808	fig|6666666.1036479.peg.1164	0.7311144232749939	0.1468930665049524	Low	Very Low	Very Low–Low	COG1629 Outer membrane receptor proteins, mostly Fe transport.		0	secondary STRING hit (STRING protein assigned to a better match)	no STRING match	1759	2483	1	1	Plug	TonB-dependent Receptor Plug Domain		SusD-like_2;SusD-like;SusD-like	Starch-binding associating with outer membrane; Susd and RagB outer membrane lipoprotein	
199846	fig|6666666.1036479.peg.2806	fig|6666666.1036479.peg.616	0.731109368801117	0.1468996820846426	Low	Low	Low–Low			0	no STRING match	no STRING match	1758	2230	1	1	His_Phos_1	Histidine phosphatase superfamily (branch 1)				
200347	fig|6666666.1036479.peg.1361	fig|6666666.1036479.peg.1367	0.7309113800525665	0.1472679493540621	Very Low	Very Low	Very Low–Very Low			0	no STRING match	no STRING match	2569	2575	1	1						
200965	fig|6666666.1036479.peg.499	fig|6666666.1036479.peg.1665	0.7306563258171082	0.1477222191594538	Medium	High	Medium–High			0	no STRING match	no STRING match	2180	2710	1	1	DUF4268	Domain of unknown function (DUF4268)				
200966	fig|6666666.1036479.peg.2698	fig|6666666.1036479.peg.537	0.7306541085243226	0.1477229542238638	Low	Medium	Low–Medium			0	no STRING match	no STRING match	1715	2194	1	1						
201238	fig|6666666.1036479.peg.2895	fig|6666666.1036479.peg.303	0.7305194497108459	0.147922891743389	Very Low	Very Low	Very Low–Very Low			0	no STRING match	no STRING match	1817	2117	1	3						
201306	fig|6666666.1036479.peg.1100	fig|6666666.1036479.peg.1471	0.7304918587207794	0.1479728761232703	Very Low	Very Low	Very Low–Very Low			0	no STRING match	no STRING match	2432	2610	1	1						
201452	fig|6666666.1036479.peg.537	fig|6666666.1036479.peg.1965	0.7304366111755372	0.148080195527133	Medium	Medium	Medium–Medium		Hypothetical protein.	0	no STRING match	secondary STRING hit (STRING protein assigned to a better match)	2194	2825	1	1				SH3_3	Bacterial SH3 domain	
201764	fig|6666666.1036479.peg.2610	fig|6666666.1036479.peg.2904	0.7302936017513275	0.1483095356230589	Very Low	Low	Very Low–Low			0	no STRING match	no STRING match	1675	1820	1	1	2-Hacid_dh_C;KARI_N;KARI_C;KARI_C	D-isomer specific 2-hydroxyacid dehydrogenase, NAD binding domain; Acetohydroxy acid isomeroreductase, NADPH-binding domain; Ketol-acid reductoisomerase, C-terminal domain	GO:0004455;GO:0009082;GO:0051287	DMRL_synthase	6,7-dimethyl-8-ribityllumazine synthase	GO:0009231;GO:0009349
202149	fig|6666666.1036479.peg.2698	fig|6666666.1036479.peg.1665	0.7301252841949463	0.1485925354209162	Low	High	Low–High			0	no STRING match	no STRING match	1715	2710	1	1						
202657	fig|6666666.1036479.peg.1665	fig|6666666.1036479.peg.1965	0.729899525642395	0.1489659481412058	High	Medium	Medium–High		Hypothetical protein.	0	no STRING match	secondary STRING hit (STRING protein assigned to a better match)	2710	2825	1	1				SH3_3	Bacterial SH3 domain	
203108	fig|6666666.1036479.peg.1665	fig|6666666.1036479.peg.1770	0.7297014534473419	0.1492974621901244	High	Low	Low–High			0	no STRING match	no STRING match	2710	2742	1	1				TssO	Type VI secretion system, TssO	
203256	fig|6666666.1036479.peg.3170	fig|6666666.1036479.peg.3190	0.7296617269515991	0.1494062517228072	Very Low	Very Low	Very Low–Very Low			0	no STRING match	no STRING match	1938	1953	2	1						
203440	fig|6666666.1036479.peg.2610	fig|6666666.1036479.peg.2621	0.7295978128910064	0.1495415035742507	Very Low	Low	Very Low–Low			0	no STRING match	no STRING match	1675	1680	1	1	2-Hacid_dh_C;KARI_N;KARI_C;KARI_C	D-isomer specific 2-hydroxyacid dehydrogenase, NAD binding domain; Acetohydroxy acid isomeroreductase, NADPH-binding domain; Ketol-acid reductoisomerase, C-terminal domain	GO:0004455;GO:0009082;GO:0051287	Aconitase	Aconitase family (aconitate hydratase)	
203598	fig|6666666.1036479.peg.879	fig|6666666.1036479.peg.1786	0.7295391798019409	0.1496576437510337	Very Low	Very Low	Very Low–Very Low	Rhs element Vgr protein; COG3501 Uncharacterized protein conserved in bacteria.		0	secondary STRING hit (STRING protein assigned to a better match)	no STRING match	2354	2751	1	1	Phage_GPD;Phage_base_V	Phage tail baseplate hub (GPD); Type VI secretion system/phage-baseplate injector OB domain		AHH	A nuclease family of the HNH/ENDO VII superfamily with conserved AHH	
203732	fig|6666666.1036479.peg.86	fig|6666666.1036479.peg.1463	0.7294754326343537	0.1497561423819762	Very Low	Low	Very Low–Low			0	no STRING match	no STRING match	2050	2609	1	1	Peptidase_S66	LD-carboxypeptidase N-terminal domain		Hexapep_2;Hexapep;Hexapep_2	Hexapeptide repeat of succinyl-transferase; Bacterial transferase hexapeptide (six repeats)	
203849	fig|6666666.1036479.peg.641	fig|6666666.1036479.peg.1471	0.729416024684906	0.1498421449179484	Very Low	Very Low	Very Low–Very Low			0	no STRING match	no STRING match	2242	2610	1	1						
204024	fig|6666666.1036479.peg.1179	fig|6666666.1036479.peg.1910	0.7293405294418335	0.1499707811897017	Very Low	High	Very Low–High			0	no STRING match	no STRING match	2487	2792	1	1	PepSY_TM	PepSY-associated TM region		DUF1294	Protein of unknown function (DUF1294)	
204202	fig|6666666.1036479.peg.805	fig|6666666.1036479.peg.1529	0.7292549967765808	0.1501016226546851	Very Low	Very Low	Very Low–Very Low			0	no STRING match	no STRING match	2325	2637	1	1	NDK	Nucleoside diphosphate kinase		CSD	'Cold-shock' DNA-binding domain	GO:0003676
204205	fig|6666666.1036479.peg.2698	fig|6666666.1036479.peg.1770	0.7292535483837128	0.1501038278479151	Low	Low	Low–Low			0	no STRING match	no STRING match	1715	2742	1	1				TssO	Type VI secretion system, TssO	
204677	fig|6666666.1036479.peg.2801	fig|6666666.1036479.peg.116	0.7290544867515564	0.1504507782494441	High	Medium	Medium–High			0	no STRING match	no STRING match	1756	2062	1	1	MS_channel_2nd	Mechanosensitive ion channel, beta-domain	GO:0016020;GO:0055085			
205090	fig|6666666.1036479.peg.499	fig|6666666.1036479.peg.732	0.7288908958435059	0.1507543598507819	Medium	Medium	Medium–Medium			0	no STRING match	no STRING match	2180	2290	1	1	DUF4268	Domain of unknown function (DUF4268)				
205178	fig|6666666.1036479.peg.2638	fig|6666666.1036479.peg.116	0.7288463830947876	0.1508190455188636	High	Medium	Medium–High			0	no STRING match	no STRING match	1687	2062	1	1	DUF4293	Domain of unknown function (DUF4293)				
205595	fig|6666666.1036479.peg.732	fig|6666666.1036479.peg.1770	0.7286578476428985	0.1511255673778415	Medium	Low	Low–Medium			0	no STRING match	no STRING match	2290	2742	1	1				TssO	Type VI secretion system, TssO	
205729	fig|6666666.1036479.peg.78	fig|6666666.1036479.peg.1338	0.7285894453525543	0.151224066008784	Very Low	Very Low	Very Low–Very Low			0	no STRING match	no STRING match	2046	2549	1	1						
206839	fig|6666666.1036479.peg.1618	fig|6666666.1036479.peg.2240	0.7281276881694794	0.152039987503905	Very Low	Medium	Very Low–Medium	YD repeat-containing protein; COG3209 Rhs family protein.		0	secondary STRING hit (STRING protein assigned to a better match)	no STRING match	2689	2943	2	1						
207046	fig|6666666.1036479.peg.3004	fig|6666666.1036479.peg.1338	0.728038227558136	0.1521921458367789	Very Low	Very Low	Very Low–Very Low			0	no STRING match	no STRING match	1864	2549	1	1						
207315	fig|6666666.1036479.peg.537	fig|6666666.1036479.peg.1367	0.7279407620429993	0.152389878163074	Medium	Very Low	Very Low–Medium			0	no STRING match	no STRING match	2194	2575	1	1						
207618	fig|6666666.1036479.peg.3182	fig|6666666.1036479.peg.2382	0.7278555512428284	0.1526126026793097	Very Low	Very Low	Very Low–Very Low	Rhs element Vgr protein; COG3501 Uncharacterized protein conserved in bacteria.	Rhs element Vgr protein; COG3501 Uncharacterized protein conserved in bacteria.	0	secondary STRING hit (STRING protein assigned to a better match)	secondary STRING hit (STRING protein assigned to a better match)	1945	2996	1	1	Phage_GPD;Phage_base_V;DUF2345	Phage tail baseplate hub (GPD); Type VI secretion system/phage-baseplate injector OB domain; Uncharacterized protein conserved in bacteria (DUF2345)		Phage_GPD;Phage_base_V	Phage tail baseplate hub (GPD); Type VI secretion system/phage-baseplate injector OB domain	
207678	fig|6666666.1036479.peg.1124	fig|6666666.1036479.peg.2385	0.7278290629386902	0.1526567065439109	Very Low	Medium	Very Low–Medium			0	no STRING match	no STRING match	2455	2999	1	1						
207854	fig|6666666.1036479.peg.734	fig|6666666.1036479.peg.2294	0.7277640223503112	0.1527860778800742	Very Low	Very Low	Very Low–Very Low			0	no STRING match	no STRING match	2292	2961	1	1						
207971	fig|6666666.1036479.peg.1105	fig|6666666.1036479.peg.1124	0.7277084231376648	0.1528720804160464	Very Low	Very Low	Very Low–Very Low			0	no STRING match	no STRING match	2437	2455	1	1						
208100	fig|6666666.1036479.peg.641	fig|6666666.1036479.peg.1100	0.7276546955108643	0.1529669037249389	Very Low	Very Low	Very Low–Very Low			0	no STRING match	no STRING match	2242	2432	1	1						
208134	fig|6666666.1036479.peg.1012	fig|6666666.1036479.peg.1177	0.7276409089565277	0.1529918959148795	Low	Low	Low–Low			0	no STRING match	no STRING match	2401	2485	1	1	DUF4442	Domain of unknown function (DUF4442)		PepSY_TM	PepSY-associated TM region	
208256	fig|6666666.1036479.peg.2698	fig|6666666.1036479.peg.2052	0.7275858879089355	0.1530815737729018	Low	Low	Low–Low			0	no STRING match	no STRING match	1715	2853	1	1				ATPase_gene1	Putative F0F1-ATPase subunit Ca2+/Mg2+ transporter	
208271	fig|6666666.1036479.peg.879	fig|6666666.1036479.peg.1164	0.7275777697563172	0.1530925997390521	Very Low	Very Low	Very Low–Very Low	Rhs element Vgr protein; COG3501 Uncharacterized protein conserved in bacteria.		0	secondary STRING hit (STRING protein assigned to a better match)	no STRING match	2354	2483	1	1	Phage_GPD;Phage_base_V	Phage tail baseplate hub (GPD); Type VI secretion system/phage-baseplate injector OB domain		SusD-like_2;SusD-like;SusD-like	Starch-binding associating with outer membrane; Susd and RagB outer membrane lipoprotein	
208478	fig|6666666.1036479.peg.499	fig|6666666.1036479.peg.734	0.7274812877178192	0.153244758071926	Medium	Very Low	Very Low–Medium			0	no STRING match	no STRING match	2180	2292	1	1	DUF4268	Domain of unknown function (DUF4268)				
208673	fig|6666666.1036479.peg.732	fig|6666666.1036479.peg.1665	0.7274088799953461	0.1533880956318797	Medium	High	Medium–High			0	no STRING match	no STRING match	2290	2710	1	1						
208970	fig|6666666.1036479.peg.641	fig|6666666.1036479.peg.2180	0.7272693395614624	0.1536064097616553	Very Low	Low	Very Low–Low			0	no STRING match	no STRING match	2242	2929	1	1				Toxin-deaminase	The  BURPS668_1122 family of deaminases	
209041	fig|6666666.1036479.peg.2839	fig|6666666.1036479.peg.2131	0.7272347986698151	0.1536585993347667	Very Low	Very Low	Very Low–Very Low			0	no STRING match	no STRING match	1782	2893	1	1						
210019	fig|6666666.1036479.peg.528	fig|6666666.1036479.peg.922	0.7268018126487732	0.1543774923277652	Low	Very Low	Very Low–Low			0	no STRING match	no STRING match	2189	2379	1	1	SpoU_methylase	SpoU rRNA Methylase family	GO:0003723;GO:0006396;GO:0008173	Maf	Maf-like protein	GO:0047429
210267	fig|6666666.1036479.peg.2753	fig|6666666.1036479.peg.1919	0.7267079710960388	0.1545597883014499	Very Low	Very Low	Very Low–Very Low			0	no STRING match	no STRING match	1734	2796	1	1	START_2	START-like superfamily domain		DUF2326	Uncharacterised protein conserved in bacteria (DUF2326)	
210292	fig|6666666.1036479.peg.1910	fig|6666666.1036479.peg.2085	0.7266917586326599	0.1545781649117004	High	Low	Low–High		Hypothetical protein; COG0697 Permeases of the drug/metabolite transporter (DMT) superfamily.	0	no STRING match	secondary STRING hit (STRING protein assigned to a better match)	2792	2867	1	1	DUF1294	Protein of unknown function (DUF1294)		EamA;EamA	EamA-like transporter family	GO:0016020
210349	fig|6666666.1036479.peg.1603	fig|6666666.1036479.peg.2382	0.7266584932804108	0.1546200635830714	Very Low	Very Low	Very Low–Very Low		Rhs element Vgr protein; COG3501 Uncharacterized protein conserved in bacteria.	0	no STRING match	secondary STRING hit (STRING protein assigned to a better match)	2684	2996	2	1				Phage_GPD;Phage_base_V	Phage tail baseplate hub (GPD); Type VI secretion system/phage-baseplate injector OB domain	
211079	fig|6666666.1036479.peg.1338	fig|6666666.1036479.peg.2131	0.7263513147830963	0.1551566606023852	Very Low	Very Low	Very Low–Very Low			0	no STRING match	no STRING match	2549	2893	1	1						
211293	fig|6666666.1036479.peg.2801	fig|6666666.1036479.peg.1177	0.7262821018695831	0.1553139643861293	High	Low	Low–High			0	no STRING match	no STRING match	1756	2485	1	1	MS_channel_2nd	Mechanosensitive ion channel, beta-domain	GO:0016020;GO:0055085	PepSY_TM	PepSY-associated TM region	
211559	fig|6666666.1036479.peg.2753	fig|6666666.1036479.peg.1792	0.7261806011199952	0.1555094915191943	Very Low	Very Low	Very Low–Very Low			0	no STRING match	no STRING match	1734	2754	1	1	START_2	START-like superfamily domain		TssD	Hemolysin coregulated protein Hcp (TssD)	GO:0033104
212268	fig|6666666.1036479.peg.2698	fig|6666666.1036479.peg.3015	0.7258686184883117	0.1560306521858978	Low	Low	Low–Low			0	no STRING match	no STRING match	1715	1873	1	1						
212860	fig|6666666.1036479.peg.1124	fig|6666666.1036479.peg.2176	0.7256406307220459	0.1564658103166289	Very Low	Very Low	Very Low–Very Low			0	no STRING match	no STRING match	2455	2925	1	1						
212861	fig|6666666.1036479.peg.3170	fig|6666666.1036479.peg.2131	0.7256406068801879	0.156466545381039	Very Low	Very Low	Very Low–Very Low			0	no STRING match	no STRING match	1938	2893	2	1						
212978	fig|6666666.1036479.peg.2610	fig|6666666.1036479.peg.1211	0.7255990386009217	0.1565525479170112	Very Low	Very Low	Very Low–Very Low			0	no STRING match	no STRING match	1675	2500	1	1	2-Hacid_dh_C;KARI_N;KARI_C;KARI_C	D-isomer specific 2-hydroxyacid dehydrogenase, NAD binding domain; Acetohydroxy acid isomeroreductase, NADPH-binding domain; Ketol-acid reductoisomerase, C-terminal domain	GO:0004455;GO:0009082;GO:0051287	AIRC	AIR carboxylase	GO:0006189
212994	fig|6666666.1036479.peg.616	fig|6666666.1036479.peg.835	0.7255920886993408	0.1565643089475715	Low	Low	Low–Low			0	no STRING match	no STRING match	2230	2336	1	1				ApeP-like	ApeP dehydratase	
213019	fig|6666666.1036479.peg.432	fig|6666666.1036479.peg.1476	0.7255825936794281	0.156582685557822	High	Low	Low–High			0	no STRING match	no STRING match	2160	2613	1	1	COX1	Cytochrome C and Quinol oxidase polypeptide I	GO:0004129;GO:0009060;GO:0016020;GO:0020037	COX4_pro	Prokaryotic Cytochrome C oxidase subunit IV	GO:0016020
213235	fig|6666666.1036479.peg.616	fig|6666666.1036479.peg.1019	0.7254879176616669	0.1567414594703861	Low	Very Low	Very Low–Low			0	no STRING match	no STRING match	2230	2404	1	1				TPMT	Thiopurine S-methyltransferase (TPMT)	GO:0008757
213306	fig|6666666.1036479.peg.1105	fig|6666666.1036479.peg.2385	0.7254427015781403	0.1567936490434974	Very Low	Medium	Very Low–Medium			0	no STRING match	no STRING match	2437	2999	1	1						
213324	fig|6666666.1036479.peg.3015	fig|6666666.1036479.peg.1603	0.7254373013973237	0.1568068802028777	Low	Very Low	Very Low–Low			0	no STRING match	no STRING match	1873	2684	1	2						
213418	fig|6666666.1036479.peg.2611	fig|6666666.1036479.peg.270	0.72539501786232	0.1568759762574195	Very Low	Very Low	Very Low–Very Low			0	no STRING match	no STRING match	1676	2103	1	1	PALP;Thr_dehydrat_C	Pyridoxal-phosphate dependent enzyme; C-terminal regulatory domain of Threonine dehydratase		MoaE	MoaE protein	GO:0006777
213551	fig|6666666.1036479.peg.1364	fig|6666666.1036479.peg.1367	0.7253446161746979	0.156973739823952	Very Low	Very Low	Very Low–Very Low			0	no STRING match	no STRING match	2572	2575	1	1						
214185	fig|6666666.1036479.peg.1354	fig|6666666.1036479.peg.1367	0.7250748932361603	0.157439770659904	Very Low	Very Low	Very Low–Very Low			0	no STRING match	no STRING match	2563	2575	1	1						
214329	fig|6666666.1036479.peg.3015	fig|6666666.1036479.peg.1770	0.7250245213508606	0.1575456199349468	Low	Low	Low–Low			0	no STRING match	no STRING match	1873	2742	1	1				TssO	Type VI secretion system, TssO	
214425	fig|6666666.1036479.peg.3182	fig|6666666.1036479.peg.879	0.7249886512756347	0.1576161861183086	Very Low	Very Low	Very Low–Very Low	Rhs element Vgr protein; COG3501 Uncharacterized protein conserved in bacteria.	Rhs element Vgr protein; COG3501 Uncharacterized protein conserved in bacteria.	0	secondary STRING hit (STRING protein assigned to a better match)	secondary STRING hit (STRING protein assigned to a better match)	1945	2354	1	1	Phage_GPD;Phage_base_V;DUF2345	Phage tail baseplate hub (GPD); Type VI secretion system/phage-baseplate injector OB domain; Uncharacterized protein conserved in bacteria (DUF2345)		Phage_GPD;Phage_base_V	Phage tail baseplate hub (GPD); Type VI secretion system/phage-baseplate injector OB domain	
215260	fig|6666666.1036479.peg.2904	fig|6666666.1036479.peg.1211	0.7247140288352967	0.1582299649006744	Low	Very Low	Very Low–Low			0	no STRING match	no STRING match	1820	2500	1	1	DMRL_synthase	6,7-dimethyl-8-ribityllumazine synthase	GO:0009231;GO:0009349	AIRC	AIR carboxylase	GO:0006189
215415	fig|6666666.1036479.peg.3055	fig|6666666.1036479.peg.354	0.7246705949306488	0.1583438998842273	Very Low	Very Low	Very Low–Very Low			0	no STRING match	no STRING match	1894	2135	1	1	DUF5606;DUF6852	Domain of unknown function (DUF5606); Domain of unknown function (DUF6852)		SUI1	Translation initiation factor SUI1	GO:0003743;GO:0006413
216040	fig|6666666.1036479.peg.2758	fig|6666666.1036479.peg.2062	0.724414610862732	0.1588033151404891	Very Low	Very Low	Very Low–Very Low			0	no STRING match	no STRING match	1737	2859	1	1				YceD	Large ribosomal RNA subunit accumulation protein YceD	
216090	fig|6666666.1036479.peg.1105	fig|6666666.1036479.peg.1338	0.7243940353393554	0.1588400683609901	Very Low	Very Low	Very Low–Very Low			0	no STRING match	no STRING match	2437	2549	1	1						
216152	fig|6666666.1036479.peg.2694	fig|6666666.1036479.peg.805	0.7243680655956268	0.1588856423544113	Low	Very Low	Very Low–Low			0	no STRING match	no STRING match	1713	2325	1	1	Ribosomal_L12_N;Ribosomal_L12	Ribosomal protein L7/L12 dimerisation domain; Ribosomal protein L7/L12 C-terminal domain	GO:0003735;GO:0005840;GO:0006412	NDK	Nucleoside diphosphate kinase	
216283	fig|6666666.1036479.peg.2927	fig|6666666.1036479.peg.1759	0.7243206858634949	0.1589819357921237	Low	Low	Low–Low			0	no STRING match	no STRING match	1829	2738	1	1	DUF4280	Domain of unknown function (DUF4280)		DUF4280	Domain of unknown function (DUF4280)	
216399	fig|6666666.1036479.peg.270	fig|6666666.1036479.peg.922	0.7242808103561401	0.1590672032636859	Very Low	Very Low	Very Low–Very Low			0	no STRING match	no STRING match	2103	2379	1	1	MoaE	MoaE protein	GO:0006777	Maf	Maf-like protein	GO:0047429
217422	fig|6666666.1036479.peg.2621	fig|6666666.1036479.peg.632	0.7238564312458038	0.1598191741551353	Low	Low	Low–Low			0	no STRING match	no STRING match	1680	2237	1	1	Aconitase	Aconitase family (aconitate hydratase)		Redoxin;AhpC-TSA	Redoxin; AhpC/TSA family	GO:0016209;GO:0016491
218170	fig|6666666.1036479.peg.2758	fig|6666666.1036479.peg.2240	0.7235679447650909	0.1603690023338295	Very Low	Medium	Very Low–Medium			0	no STRING match	no STRING match	1737	2943	1	1						
218182	fig|6666666.1036479.peg.3015	fig|6666666.1036479.peg.879	0.7235625445842743	0.1603778231067497	Low	Very Low	Very Low–Low		Rhs element Vgr protein; COG3501 Uncharacterized protein conserved in bacteria.	0	no STRING match	secondary STRING hit (STRING protein assigned to a better match)	1873	2354	1	1				Phage_GPD;Phage_base_V	Phage tail baseplate hub (GPD); Type VI secretion system/phage-baseplate injector OB domain	
218246	fig|6666666.1036479.peg.3004	fig|6666666.1036479.peg.1689	0.7235388696193695	0.1604248672289909	Very Low	Very Low	Very Low–Very Low			0	no STRING match	no STRING match	1864	2716	1	1						
218384	fig|6666666.1036479.peg.2539	fig|6666666.1036479.peg.1177	0.7234726488590241	0.1605263061175735	Low	Low	Low–Low			0	no STRING match	no STRING match	1632	2485	1	1				PepSY_TM	PepSY-associated TM region	
219007	fig|6666666.1036479.peg.3195	fig|6666666.1036479.peg.2385	0.7231779098510742	0.1609842512450153	Medium	Medium	Medium–Medium			0	no STRING match	no STRING match	1957	2999	1	1						
219291	fig|6666666.1036479.peg.1177	fig|6666666.1036479.peg.1594	0.7230769455432892	0.1611930095374607	Low	High	Low–High			0	no STRING match	no STRING match	2485	2677	1	1	PepSY_TM	PepSY-associated TM region				
219840	fig|6666666.1036479.peg.734	fig|6666666.1036479.peg.2166	0.7228402197360992	0.1615965598985611	Very Low	Very Low	Very Low–Very Low			0	no STRING match	no STRING match	2292	2916	1	1						
219982	fig|6666666.1036479.peg.32	fig|6666666.1036479.peg.2240	0.7227698981761932	0.1617009390447838	Low	Medium	Low–Medium			0	no STRING match	no STRING match	2019	2943	2	1						
220191	fig|6666666.1036479.peg.2611	fig|6666666.1036479.peg.1311	0.7226848721504211	0.1618545675064777	Very Low	Very Low	Very Low–Very Low		uroporphyrin-III C-methyltransferase; COG0007 Uroporphyrinogen-III methylase.	0	no STRING match	secondary STRING hit (STRING protein assigned to a better match)	1676	2535	1	1	PALP;Thr_dehydrat_C	Pyridoxal-phosphate dependent enzyme; C-terminal regulatory domain of Threonine dehydratase		TP_methylase	Tetrapyrrole (Corrin/Porphyrin) Methylases	GO:0008168
220297	fig|6666666.1036479.peg.2821	fig|6666666.1036479.peg.270	0.722641670703888	0.1619324843339397	Very Low	Very Low	Very Low–Very Low			0	no STRING match	no STRING match	1768	2103	1	1	NUDIX	NUDIX domain		MoaE	MoaE protein	GO:0006777
220332	fig|6666666.1036479.peg.1148	fig|6666666.1036479.peg.1529	0.7226224064826965	0.1619582115882904	Low	Very Low	Very Low–Low			0	no STRING match	no STRING match	2474	2637	1	1	Ribosomal_S17	Ribosomal protein S17	GO:0003735;GO:0005840;GO:0006412	CSD	'Cold-shock' DNA-binding domain	GO:0003676
220363	fig|6666666.1036479.peg.1124	fig|6666666.1036479.peg.2155	0.7226123094558716	0.161980998585001	Very Low	Very Low	Very Low–Very Low			0	no STRING match	no STRING match	2455	2905	1	1						
220820	fig|6666666.1036479.peg.1361	fig|6666666.1036479.peg.1364	0.7224507451057434	0.1623169230203796	Very Low	Very Low	Very Low–Very Low			0	no STRING match	no STRING match	2569	2572	1	1						
221062	fig|6666666.1036479.peg.2694	fig|6666666.1036479.peg.2750	0.7223543345928192	0.1624948086076042	Low	High	Low–High			0	no STRING match	no STRING match	1713	1732	1	1	Ribosomal_L12_N;Ribosomal_L12	Ribosomal protein L7/L12 dimerisation domain; Ribosomal protein L7/L12 C-terminal domain	GO:0003735;GO:0005840;GO:0006412	Bac_DNA_binding;HU-HIG	Bacterial DNA-binding protein; HU domain fused to wHTH, Ig, or Glycine-rich motif	GO:0003677;GO:0030527
221927	fig|6666666.1036479.peg.1944	fig|6666666.1036479.peg.1956	0.721979421377182	0.1631306393222706	Very Low	Very Low	Very Low–Very Low	Peptidase M23; COG4678 Muramidase (phage lambda lysozyme).	Hypothetical protein; COG3772 Phage-related lysozyme (muraminidase).	0	secondary STRING hit (STRING protein assigned to a better match)	secondary STRING hit (STRING protein assigned to a better match)	2806	2817	1	1						
222592	fig|6666666.1036479.peg.1770	fig|6666666.1036479.peg.1807	0.7216959595680237	0.1636194571549332	Low	Low	Low–Low			0	no STRING match	no STRING match	2742	2762	1	1	TssO	Type VI secretion system, TssO				
222815	fig|6666666.1036479.peg.1354	fig|6666666.1036479.peg.1361	0.7215981543064117	0.1637833765183674	Very Low	Very Low	Very Low–Very Low			0	no STRING match	no STRING match	2563	2569	1	1						
223027	fig|6666666.1036479.peg.1338	fig|6666666.1036479.peg.1689	0.7215246438980103	0.1639392101732914	Very Low	Very Low	Very Low–Very Low			0	no STRING match	no STRING match	2549	2716	1	1						
223203	fig|6666666.1036479.peg.2166	fig|6666666.1036479.peg.2294	0.7214533865451813	0.1640685815094547	Very Low	Very Low	Very Low–Very Low			0	no STRING match	no STRING match	2916	2961	1	1						
223306	fig|6666666.1036479.peg.1018	fig|6666666.1036479.peg.1148	0.7214219987392425	0.1641442931436867	Very Low	Low	Very Low–Low			0	no STRING match	no STRING match	2403	2474	1	1	S4;HSP15_C	S4 domain; Heat shock protein 15, C-terminal region	GO:0003723	Ribosomal_S17	Ribosomal protein S17	GO:0003735;GO:0005840;GO:0006412
223596	fig|6666666.1036479.peg.3195	fig|6666666.1036479.peg.937	0.721301406621933	0.1643574618225922	Medium	Medium	Medium–Medium			0	no STRING match	no STRING match	1957	2386	1	1						
223745	fig|6666666.1036479.peg.2801	fig|6666666.1036479.peg.3033	0.7212366580963134	0.164466986419685	High	Low	Low–High			0	no STRING match	no STRING match	1756	1886	1	1	MS_channel_2nd	Mechanosensitive ion channel, beta-domain	GO:0016020;GO:0055085	DUF2721	Protein of unknown function (DUF2721)	
224015	fig|6666666.1036479.peg.1887	fig|6666666.1036479.peg.1910	0.7211313307285309	0.1646654538103901	Low	High	Low–High			0	no STRING match	no STRING match	2783	2792	1	1				DUF1294	Protein of unknown function (DUF1294)	
224609	fig|6666666.1036479.peg.824	fig|6666666.1036479.peg.1076	0.7209016978740692	0.1651020820699413	Very Low	Very Low	Very Low–Very Low			0	no STRING match	no STRING match	2332	2420	1	1	Polysacc_deac_1	Polysaccharide deacetylase	GO:0005975;GO:0016810			
224612	fig|6666666.1036479.peg.1179	fig|6666666.1036479.peg.2085	0.7209004402160645	0.1651042872631714	Very Low	Low	Very Low–Low		Hypothetical protein; COG0697 Permeases of the drug/metabolite transporter (DMT) superfamily.	0	no STRING match	secondary STRING hit (STRING protein assigned to a better match)	2487	2867	1	1	PepSY_TM	PepSY-associated TM region		EamA;EamA	EamA-like transporter family	GO:0016020
224961	fig|6666666.1036479.peg.2611	fig|6666666.1036479.peg.1545	0.7207572102546692	0.165360824742268	Very Low	Low	Very Low–Low			0	no STRING match	no STRING match	1676	2646	1	1	PALP;Thr_dehydrat_C	Pyridoxal-phosphate dependent enzyme; C-terminal regulatory domain of Threonine dehydratase		DcpS_C;HIT	Scavenger mRNA decapping enzyme C-term binding; HIT domain	GO:0003824
225798	fig|6666666.1036479.peg.555	fig|6666666.1036479.peg.616	0.7204238057136536	0.1659760736534538	Very Low	Low	Very Low–Low			0	no STRING match	no STRING match	2200	2230	1	1	Glyoxalase;Glyoxalase_2;Glyoxalase_4	Glyoxalase/Bleomycin resistance protein/Dioxygenase superfamily; Glyoxalase-like domain				
225944	fig|6666666.1036479.peg.1505	fig|6666666.1036479.peg.1529	0.7203674733638763	0.1660833930573166	Very Low	Very Low	Very Low–Very Low			0	no STRING match	no STRING match	2627	2637	1	1	GCV_H	Glycine cleavage H-protein		CSD	'Cold-shock' DNA-binding domain	GO:0003676
226057	fig|6666666.1036479.peg.2622	fig|6666666.1036479.peg.2904	0.7203264474868775	0.1661664553356487	Very Low	Low	Very Low–Low			0	no STRING match	no STRING match	1681	1820	1	1	HMGL-like;HCS_D2	HMGL-like; Homocitrate synthase post-HMGL domain-like	GO:0003824	DMRL_synthase	6,7-dimethyl-8-ribityllumazine synthase	GO:0009231;GO:0009349
226480	fig|6666666.1036479.peg.3195	fig|6666666.1036479.peg.1805	0.7201192498207092	0.1664773875810868	Medium	Very Low	Very Low–Medium			0	no STRING match	no STRING match	1957	2760	1	1						
226550	fig|6666666.1036479.peg.3195	fig|6666666.1036479.peg.730	0.7200901925563812	0.1665288420897881	Medium	Medium	Medium–Medium			0	no STRING match	no STRING match	1957	2288	1	1				DUF2846	Protein of unknown function (DUF2846)	
227121	fig|6666666.1036479.peg.1807	fig|6666666.1036479.peg.1944	0.7198840916156769	0.1669485638679089	Low	Very Low	Very Low–Low		Peptidase M23; COG4678 Muramidase (phage lambda lysozyme).	0	no STRING match	secondary STRING hit (STRING protein assigned to a better match)	2762	2806	1	1						
227166	fig|6666666.1036479.peg.2877	fig|6666666.1036479.peg.1476	0.7198637962341309	0.1669816417663597	Low	Low	Low–Low			0	no STRING match	no STRING match	1803	2613	1	1	Sulf_transp	Sulphur transport		COX4_pro	Prokaryotic Cytochrome C oxidase subunit IV	GO:0016020
227318	fig|6666666.1036479.peg.78	fig|6666666.1036479.peg.1689	0.7198114573955536	0.1670933715566826	Very Low	Very Low	Very Low–Very Low			0	no STRING match	no STRING match	2046	2716	1	1						
227426	fig|6666666.1036479.peg.2628	fig|6666666.1036479.peg.2052	0.7197647154331207	0.1671727585129647	Low	Low	Low–Low			0	no STRING match	no STRING match	1684	2853	1	1				ATPase_gene1	Putative F0F1-ATPase subunit Ca2+/Mg2+ transporter	
227772	fig|6666666.1036479.peg.2155	fig|6666666.1036479.peg.2176	0.7196338474750519	0.1674270907988312	Very Low	Very Low	Very Low–Very Low			0	no STRING match	no STRING match	2905	2925	1	1						
227862	fig|6666666.1036479.peg.680	fig|6666666.1036479.peg.1124	0.719593757390976	0.1674932465957329	Low	Very Low	Very Low–Low			0	no STRING match	no STRING match	2257	2455	1	1	DUF1684	Protein of unknown function (DUF1684)				
228126	fig|6666666.1036479.peg.2539	fig|6666666.1036479.peg.1857	0.7194870054721832	0.1676873035999779	Low	Medium	Low–Medium			0	no STRING match	no STRING match	1632	2774	1	1						
228720	fig|6666666.1036479.peg.3015	fig|6666666.1036479.peg.1792	0.719221693277359	0.1681239318595292	Low	Very Low	Very Low–Low			0	no STRING match	no STRING match	1873	2754	1	1				TssD	Hemolysin coregulated protein Hcp (TssD)	GO:0033104
228742	fig|6666666.1036479.peg.2539	fig|6666666.1036479.peg.1594	0.7192104756832123	0.1681401032765496	Low	High	Low–High			0	no STRING match	no STRING match	1632	2677	1	1						
229200	fig|6666666.1036479.peg.1076	fig|6666666.1036479.peg.1313	0.7190117120742798	0.1684767627763382	Very Low	Low	Very Low–Low			0	no STRING match	no STRING match	2420	2537	1	1						
229259	fig|6666666.1036479.peg.1012	fig|6666666.1036479.peg.1076	0.7189853370189667	0.1685201315765294	Low	Very Low	Very Low–Low			0	no STRING match	no STRING match	2401	2420	1	1	DUF4442	Domain of unknown function (DUF4442)				
230444	fig|6666666.1036479.peg.32	fig|6666666.1036479.peg.1792	0.7185690045356751	0.1693911829024018	Low	Very Low	Very Low–Low			0	no STRING match	no STRING match	2019	2754	2	1				TssD	Hemolysin coregulated protein Hcp (TssD)	GO:0033104
230704	fig|6666666.1036479.peg.2808	fig|6666666.1036479.peg.717	0.7184630155563354	0.1695822996490067	Low	Low	Low–Low	COG1629 Outer membrane receptor proteins, mostly Fe transport.		0	secondary STRING hit (STRING protein assigned to a better match)	no STRING match	1759	2276	1	1	Plug	TonB-dependent Receptor Plug Domain		DUF4377	Domain of unknown function (DUF4377)	
230827	fig|6666666.1036479.peg.730	fig|6666666.1036479.peg.937	0.7184181392192841	0.169672712571439	Medium	Medium	Medium–Medium			0	no STRING match	no STRING match	2288	2386	1	1	DUF2846	Protein of unknown function (DUF2846)				
230870	fig|6666666.1036479.peg.1805	fig|6666666.1036479.peg.2292	0.7183965921401978	0.1697043203410699	Very Low	Low	Very Low–Low			0	no STRING match	no STRING match	2760	2960	1	1						
230989	fig|6666666.1036479.peg.1345	fig|6666666.1036479.peg.1361	0.7183528780937195	0.1697917930058621	Very Low	Very Low	Very Low–Very Low			0	no STRING match	no STRING match	2555	2569	1	1						
231298	fig|6666666.1036479.peg.1792	fig|6666666.1036479.peg.1919	0.7182279884815216	0.170018927908558	Very Low	Very Low	Very Low–Very Low			0	no STRING match	no STRING match	2754	2796	1	1	TssD	Hemolysin coregulated protein Hcp (TssD)	GO:0033104	DUF2326	Uncharacterised protein conserved in bacteria (DUF2326)	
231454	fig|6666666.1036479.peg.2895	fig|6666666.1036479.peg.307	0.7181610226631164	0.1701335979565209	Very Low	Very Low	Very Low–Very Low			0	no STRING match	no STRING match	1817	2120	1	1						
231558	fig|6666666.1036479.peg.2539	fig|6666666.1036479.peg.1471	0.7181159138679505	0.1702100446551629	Low	Very Low	Very Low–Low			0	no STRING match	no STRING match	1632	2610	1	1						
231598	fig|6666666.1036479.peg.2808	fig|6666666.1036479.peg.1807	0.7180956363677978	0.1702394472315636	Low	Low	Low–Low	COG1629 Outer membrane receptor proteins, mostly Fe transport.		0	secondary STRING hit (STRING protein assigned to a better match)	no STRING match	1759	2762	1	1	Plug	TonB-dependent Receptor Plug Domain				
231988	fig|6666666.1036479.peg.1349	fig|6666666.1036479.peg.1361	0.7179377257823945	0.170526122351471	Very Low	Very Low	Very Low–Very Low			0	no STRING match	no STRING match	2559	2569	1	1						
232005	fig|6666666.1036479.peg.1110	fig|6666666.1036479.peg.1471	0.7179283022880554	0.1705386184464413	Very Low	Very Low	Very Low–Very Low			0	no STRING match	no STRING match	2442	2610	1	1						
232648	fig|6666666.1036479.peg.680	fig|6666666.1036479.peg.2176	0.7176498591899871	0.1710112648620835	Low	Very Low	Very Low–Low			0	no STRING match	no STRING match	2257	2925	1	1	DUF1684	Protein of unknown function (DUF1684)				
232671	fig|6666666.1036479.peg.2621	fig|6666666.1036479.peg.1545	0.7176415324211121	0.1710281713435139	Low	Low	Low–Low			0	no STRING match	no STRING match	1680	2646	1	1	Aconitase	Aconitase family (aconitate hydratase)		DcpS_C;HIT	Scavenger mRNA decapping enzyme C-term binding; HIT domain	GO:0003824
232715	fig|6666666.1036479.peg.101	fig|6666666.1036479.peg.2062	0.7176230370998382	0.1710605141775548	Very Low	Very Low	Very Low–Very Low			0	no STRING match	no STRING match	2056	2859	1	1	DUF4494	Domain of unknown function (DUF4494)		YceD	Large ribosomal RNA subunit accumulation protein YceD	
232723	fig|6666666.1036479.peg.1100	fig|6666666.1036479.peg.1110	0.7176173686981201	0.1710663946928349	Very Low	Very Low	Very Low–Very Low			0	no STRING match	no STRING match	2432	2442	1	1						
233078	fig|6666666.1036479.peg.961	fig|6666666.1036479.peg.1471	0.7174723327159882	0.1713273425583917	Very Low	Very Low	Very Low–Very Low			0	no STRING match	no STRING match	2393	2610	1	1	Hexapep;Hexapep_2	Bacterial transferase hexapeptide (six repeats); Hexapeptide repeat of succinyl-transferase				
233325	fig|6666666.1036479.peg.937	fig|6666666.1036479.peg.1807	0.7173744440078735	0.1715089034676663	Medium	Low	Low–Medium			0	no STRING match	no STRING match	2386	2762	1	1						
233443	fig|6666666.1036479.peg.3170	fig|6666666.1036479.peg.2292	0.717323613166809	0.1715956410680486	Very Low	Low	Very Low–Low			0	no STRING match	no STRING match	1938	2960	2	1						
233780	fig|6666666.1036479.peg.3004	fig|6666666.1036479.peg.1076	0.717179822921753	0.1718433577742249	Very Low	Very Low	Very Low–Very Low			0	no STRING match	no STRING match	1864	2420	1	1						
233802	fig|6666666.1036479.peg.1603	fig|6666666.1036479.peg.1944	0.7171697616577148	0.1718595291912454	Very Low	Very Low	Very Low–Very Low		Peptidase M23; COG4678 Muramidase (phage lambda lysozyme).	0	no STRING match	secondary STRING hit (STRING protein assigned to a better match)	2684	2806	2	1						
233810	fig|6666666.1036479.peg.1125	fig|6666666.1036479.peg.1807	0.717166268825531	0.1718654097065255	Very Low	Low	Very Low–Low			0	no STRING match	no STRING match	2456	2762	1	1						
233970	fig|6666666.1036479.peg.1858	fig|6666666.1036479.peg.2052	0.717103111743927	0.1719830200121285	Low	Low	Low–Low			0	no STRING match	no STRING match	2775	2853	1	1	DUF3098	Protein of unknown function (DUF3098)		ATPase_gene1	Putative F0F1-ATPase subunit Ca2+/Mg2+ transporter	
234262	fig|6666666.1036479.peg.632	fig|6666666.1036479.peg.1545	0.7169853687286377	0.172197658819854	Low	Low	Low–Low			0	no STRING match	no STRING match	2237	2646	1	1	Redoxin;AhpC-TSA	Redoxin; AhpC/TSA family	GO:0016209;GO:0016491	DcpS_C;HIT	Scavenger mRNA decapping enzyme C-term binding; HIT domain	GO:0003824
234363	fig|6666666.1036479.peg.291	fig|6666666.1036479.peg.2294	0.7169469058513641	0.172271900325266	Low	Very Low	Very Low–Low			0	no STRING match	no STRING match	2112	2961	1	1						
234511	fig|6666666.1036479.peg.2904	fig|6666666.1036479.peg.1545	0.7168863236904144	0.1723806898579488	Low	Low	Low–Low			0	no STRING match	no STRING match	1820	2646	1	1	DMRL_synthase	6,7-dimethyl-8-ribityllumazine synthase	GO:0009231;GO:0009349	DcpS_C;HIT	Scavenger mRNA decapping enzyme C-term binding; HIT domain	GO:0003824
234611	fig|6666666.1036479.peg.2808	fig|6666666.1036479.peg.2052	0.7168392837047577	0.1724541962989507	Low	Low	Low–Low	COG1629 Outer membrane receptor proteins, mostly Fe transport.		0	secondary STRING hit (STRING protein assigned to a better match)	no STRING match	1759	2853	1	1	Plug	TonB-dependent Receptor Plug Domain		ATPase_gene1	Putative F0F1-ATPase subunit Ca2+/Mg2+ transporter	
235008	fig|6666666.1036479.peg.1725	fig|6666666.1036479.peg.1805	0.7166685223579407	0.1727460168697282	Very Low	Very Low	Very Low–Very Low	1-phosphatidylinositol phosphodiesterase.		0	secondary STRING hit (STRING protein assigned to a better match)	no STRING match	2728	2760	1	1	PI-PLC-X;PI-PLC_X	Phosphatidylinositol-specific phospholipase C, X domain; PI-PLC X 1				
235218	fig|6666666.1036479.peg.824	fig|6666666.1036479.peg.1313	0.7165885627269745	0.1729003803958322	Very Low	Low	Very Low–Low			0	no STRING match	no STRING match	2332	2537	1	1	Polysacc_deac_1	Polysaccharide deacetylase	GO:0005975;GO:0016810			
235260	fig|6666666.1036479.peg.717	fig|6666666.1036479.peg.937	0.7165634512901307	0.1729312531010529	Low	Medium	Low–Medium			0	no STRING match	no STRING match	2276	2386	1	1	DUF4377	Domain of unknown function (DUF4377)				
235523	fig|6666666.1036479.peg.2694	fig|6666666.1036479.peg.3055	0.7164599001407623	0.1731245750408879	Low	Very Low	Very Low–Low			0	no STRING match	no STRING match	1713	1894	1	1	Ribosomal_L12_N;Ribosomal_L12	Ribosomal protein L7/L12 dimerisation domain; Ribosomal protein L7/L12 C-terminal domain	GO:0003735;GO:0005840;GO:0006412	DUF5606;DUF6852	Domain of unknown function (DUF5606); Domain of unknown function (DUF6852)	
235826	fig|6666666.1036479.peg.1354	fig|6666666.1036479.peg.1364	0.7163338243961335	0.1733472995571237	Very Low	Very Low	Very Low–Very Low			0	no STRING match	no STRING match	2563	2572	1	1						
236057	fig|6666666.1036479.peg.1060	fig|6666666.1036479.peg.1463	0.7162373721599579	0.173517099435838	Low	Low	Low–Low			0	no STRING match	no STRING match	2413	2609	1	1	CMD	Carboxymuconolactone decarboxylase family		Hexapep_2;Hexapep;Hexapep_2	Hexapeptide repeat of succinyl-transferase; Bacterial transferase hexapeptide (six repeats)	
236063	fig|6666666.1036479.peg.2155	fig|6666666.1036479.peg.2294	0.7162329435348511	0.1735215098222982	Very Low	Very Low	Very Low–Very Low			0	no STRING match	no STRING match	2905	2961	1	1						
236196	fig|6666666.1036479.peg.32	fig|6666666.1036479.peg.1618	0.7161807417869568	0.1736192733888307	Low	Very Low	Very Low–Low		YD repeat-containing protein; COG3209 Rhs family protein.	0	no STRING match	secondary STRING hit (STRING protein assigned to a better match)	2019	2689	2	2						
236361	fig|6666666.1036479.peg.717	fig|6666666.1036479.peg.1603	0.7161212086677551	0.1737405590164838	Low	Very Low	Very Low–Low			0	no STRING match	no STRING match	2276	2684	1	2	DUF4377	Domain of unknown function (DUF4377)				
236413	fig|6666666.1036479.peg.258	fig|6666666.1036479.peg.2243	0.7161001563072205	0.1737787823658048	Low	Low	Low–Low			0	no STRING match	no STRING match	2098	2946	1	1	DUF6642	Family of unknown function (DUF6642)		DUF2480	Protein of unknown function (DUF2480)	
236462	fig|6666666.1036479.peg.1125	fig|6666666.1036479.peg.1944	0.7160790443420411	0.1738148005218957	Very Low	Very Low	Very Low–Very Low		Peptidase M23; COG4678 Muramidase (phage lambda lysozyme).	0	no STRING match	secondary STRING hit (STRING protein assigned to a better match)	2456	2806	1	1						
236518	fig|6666666.1036479.peg.1603	fig|6666666.1036479.peg.2294	0.716057014465332	0.1738559641288568	Very Low	Very Low	Very Low–Very Low			0	no STRING match	no STRING match	2684	2961	2	1						
236532	fig|6666666.1036479.peg.680	fig|6666666.1036479.peg.1110	0.7160535454750061	0.173866255030597	Low	Very Low	Very Low–Low			0	no STRING match	no STRING match	2257	2442	1	1	DUF1684	Protein of unknown function (DUF1684)				
237159	fig|6666666.1036479.peg.1618	fig|6666666.1036479.peg.1944	0.7157831609249115	0.1743271404156789	Very Low	Very Low	Very Low–Very Low	YD repeat-containing protein; COG3209 Rhs family protein.	Peptidase M23; COG4678 Muramidase (phage lambda lysozyme).	0	secondary STRING hit (STRING protein assigned to a better match)	secondary STRING hit (STRING protein assigned to a better match)	2689	2806	2	1						
237240	fig|6666666.1036479.peg.3170	fig|6666666.1036479.peg.1805	0.7157570958137512	0.1743866806328904	Very Low	Very Low	Very Low–Very Low			0	no STRING match	no STRING match	1938	2760	2	1						
237258	fig|6666666.1036479.peg.824	fig|6666666.1036479.peg.1012	0.7157501816749573	0.1743999117922708	Very Low	Low	Very Low–Low			0	no STRING match	no STRING match	2332	2401	1	1	Polysacc_deac_1	Polysaccharide deacetylase	GO:0005975;GO:0016810	DUF4442	Domain of unknown function (DUF4442)	
237318	fig|6666666.1036479.peg.1594	fig|6666666.1036479.peg.1857	0.7157296657562255	0.1744440156568719	High	Medium	Medium–High			0	no STRING match	no STRING match	2677	2774	1	1						
237434	fig|6666666.1036479.peg.2808	fig|6666666.1036479.peg.2269	0.7156794905662537	0.1745292831284341	Low	Very Low	Very Low–Low	COG1629 Outer membrane receptor proteins, mostly Fe transport.	Peptidase S9 prolyl oligopeptidase; COG1506 Dipeptidyl aminopeptidases/acylaminoacyl-peptidases.	0	secondary STRING hit (STRING protein assigned to a better match)	secondary STRING hit (STRING protein assigned to a better match)	1759	2953	1	1	Plug	TonB-dependent Receptor Plug Domain				
237807	fig|6666666.1036479.peg.2638	fig|6666666.1036479.peg.2801	0.7155280470848083	0.1748034621533712	High	High	High–High			0	no STRING match	no STRING match	1687	1756	1	1	DUF4293	Domain of unknown function (DUF4293)		MS_channel_2nd	Mechanosensitive ion channel, beta-domain	GO:0016020;GO:0055085
237885	fig|6666666.1036479.peg.3034	fig|6666666.1036479.peg.2062	0.7155004560947418	0.1748607971773526	Very Low	Very Low	Very Low–Very Low			0	no STRING match	no STRING match	1887	2859	1	1	CSD	'Cold-shock' DNA-binding domain	GO:0003676	YceD	Large ribosomal RNA subunit accumulation protein YceD	
238111	fig|6666666.1036479.peg.1239	fig|6666666.1036479.peg.1545	0.7154134333133697	0.1750269217340169	Very Low	Low	Very Low–Low			0	no STRING match	no STRING match	2512	2646	1	1	Pyridoxal_deC;Aminotran_1_2	Pyridoxal-dependent decarboxylase conserved domain; Aminotransferase class I and II	GO:0009058;GO:0016830;GO:0019752;GO:0030170	DcpS_C;HIT	Scavenger mRNA decapping enzyme C-term binding; HIT domain	GO:0003824
238376	fig|6666666.1036479.peg.2885	fig|6666666.1036479.peg.1463	0.7153159499168396	0.1752217138026719	Low	Low	Low–Low			0	no STRING match	no STRING match	1809	2609	1	1	Ribonuc_L-PSP	Endoribonuclease L-PSP		Hexapep_2;Hexapep;Hexapep_2	Hexapeptide repeat of succinyl-transferase; Bacterial transferase hexapeptide (six repeats)	
238388	fig|6666666.1036479.peg.1598	fig|6666666.1036479.peg.1635	0.7153109252452851	0.1752305345755921	Very Low	Very Low	Very Low–Very Low	Integrase family protein; COG4973 Site-specific recombinase XerC; Belongs to the 'phage' integrase family.	Integrase family protein; COG4973 Site-specific recombinase XerC; Belongs to the 'phage' integrase family.	0	secondary STRING hit (STRING protein assigned to a better match)	secondary STRING hit (STRING protein assigned to a better match)	2679	2696	2	1	Phage_integrase	Phage integrase family	GO:0003677;GO:0006310;GO:0015074	Phage_integrase	Phage integrase family	GO:0003677;GO:0006310;GO:0015074
238489	fig|6666666.1036479.peg.824	fig|6666666.1036479.peg.1910	0.7152670562267304	0.1753047760810041	Very Low	High	Very Low–High			0	no STRING match	no STRING match	2332	2792	1	1	Polysacc_deac_1	Polysaccharide deacetylase	GO:0005975;GO:0016810	DUF1294	Protein of unknown function (DUF1294)	
239005	fig|6666666.1036479.peg.1887	fig|6666666.1036479.peg.2085	0.715064549446106	0.1756840693165738	Low	Low	Low–Low		Hypothetical protein; COG0697 Permeases of the drug/metabolite transporter (DMT) superfamily.	0	no STRING match	secondary STRING hit (STRING protein assigned to a better match)	2783	2867	1	1				EamA;EamA	EamA-like transporter family	GO:0016020
239154	fig|6666666.1036479.peg.1598	fig|6666666.1036479.peg.1644	0.7150006413459777	0.1757935939136667	Very Low	Very Low	Very Low–Very Low	Integrase family protein; COG4973 Site-specific recombinase XerC; Belongs to the 'phage' integrase family.	Integrase family protein; COG4973 Site-specific recombinase XerC; Belongs to the 'phage' integrase family.	0	secondary STRING hit (STRING protein assigned to a better match)	secondary STRING hit (STRING protein assigned to a better match)	2679	2698	2	2	Phage_integrase	Phage integrase family	GO:0003677;GO:0006310;GO:0015074	Phage_integrase	Phage integrase family	GO:0003677;GO:0006310;GO:0015074
239398	fig|6666666.1036479.peg.3170	fig|6666666.1036479.peg.1664	0.7149115860462188	0.1759729496297113	Very Low	Very Low	Very Low–Very Low			0	no STRING match	no STRING match	1938	2709	2	1						
239791	fig|6666666.1036479.peg.1110	fig|6666666.1036479.peg.2176	0.7147494733333588	0.1762618299428487	Very Low	Very Low	Very Low–Very Low			0	no STRING match	no STRING match	2442	2925	1	1						
240302	fig|6666666.1036479.peg.680	fig|6666666.1036479.peg.1689	0.7145586848258972	0.1766374478563684	Low	Very Low	Very Low–Low			0	no STRING match	no STRING match	2257	2716	1	1	DUF1684	Protein of unknown function (DUF1684)				
241024	fig|6666666.1036479.peg.1125	fig|6666666.1036479.peg.1618	0.7142799317836761	0.1771681643604021	Very Low	Very Low	Very Low–Very Low		YD repeat-containing protein; COG3209 Rhs family protein.	0	no STRING match	secondary STRING hit (STRING protein assigned to a better match)	2456	2689	1	2						
241029	fig|6666666.1036479.peg.354	fig|6666666.1036479.peg.1018	0.7142790913581848	0.1771718396824521	Very Low	Very Low	Very Low–Very Low			0	no STRING match	no STRING match	2135	2403	1	1	SUI1	Translation initiation factor SUI1	GO:0003743;GO:0006413	S4;HSP15_C	S4 domain; Heat shock protein 15, C-terminal region	GO:0003723
241178	fig|6666666.1036479.peg.1598	fig|6666666.1036479.peg.1628	0.7142296850681304	0.177281364279545	Very Low	Very Low	Very Low–Very Low	Integrase family protein; COG4973 Site-specific recombinase XerC; Belongs to the 'phage' integrase family.	Integrase family protein; COG4973 Site-specific recombinase XerC; Belongs to the 'phage' integrase family.	0	secondary STRING hit (STRING protein assigned to a better match)	secondary STRING hit (STRING protein assigned to a better match)	2679	2690	2	1	Phage_integrase	Phage integrase family	GO:0003677;GO:0006310;GO:0015074	Phage_integrase	Phage integrase family	GO:0003677;GO:0006310;GO:0015074
241261	fig|6666666.1036479.peg.961	fig|6666666.1036479.peg.1313	0.714194267988205	0.1773423746255765	Very Low	Low	Very Low–Low			0	no STRING match	no STRING match	2393	2537	1	1	Hexapep;Hexapep_2	Bacterial transferase hexapeptide (six repeats); Hexapeptide repeat of succinyl-transferase				
241728	fig|6666666.1036479.peg.1618	fig|6666666.1036479.peg.1956	0.7139867901802063	0.1776856497050554	Very Low	Very Low	Very Low–Very Low	YD repeat-containing protein; COG3209 Rhs family protein.	Hypothetical protein; COG3772 Phage-related lysozyme (muraminidase).	0	secondary STRING hit (STRING protein assigned to a better match)	secondary STRING hit (STRING protein assigned to a better match)	2689	2817	2	1						
242095	fig|6666666.1036479.peg.1598	fig|6666666.1036479.peg.2292	0.7138185560703277	0.1779554183435323	Very Low	Low	Very Low–Low	Integrase family protein; COG4973 Site-specific recombinase XerC; Belongs to the 'phage' integrase family.		0	secondary STRING hit (STRING protein assigned to a better match)	no STRING match	2679	2960	2	1	Phage_integrase	Phage integrase family	GO:0003677;GO:0006310;GO:0015074			
242256	fig|6666666.1036479.peg.2927	fig|6666666.1036479.peg.1805	0.7137637794017792	0.1780737637135454	Low	Very Low	Very Low–Low			0	no STRING match	no STRING match	1829	2760	1	1	DUF4280	Domain of unknown function (DUF4280)				
242405	fig|6666666.1036479.peg.426	fig|6666666.1036479.peg.2155	0.7137052595615387	0.1781832883106382	Very Low	Very Low	Very Low–Very Low			0	no STRING match	no STRING match	2156	2905	1	1						
242696	fig|6666666.1036479.peg.680	fig|6666666.1036479.peg.1100	0.7135767936706543	0.1783971920539537	Low	Very Low	Very Low–Low			0	no STRING match	no STRING match	2257	2432	1	1	DUF1684	Protein of unknown function (DUF1684)				
242902	fig|6666666.1036479.peg.961	fig|6666666.1036479.peg.1100	0.7134842097759246	0.1785486153224176	Very Low	Very Low	Very Low–Very Low			0	no STRING match	no STRING match	2393	2432	1	1	Hexapep;Hexapep_2	Bacterial transferase hexapeptide (six repeats); Hexapeptide repeat of succinyl-transferase				
243049	fig|6666666.1036479.peg.2694	fig|6666666.1036479.peg.1529	0.713430005311966	0.1786566697906904	Low	Very Low	Very Low–Low			0	no STRING match	no STRING match	1713	2637	1	1	Ribosomal_L12_N;Ribosomal_L12	Ribosomal protein L7/L12 dimerisation domain; Ribosomal protein L7/L12 C-terminal domain	GO:0003735;GO:0005840;GO:0006412	CSD	'Cold-shock' DNA-binding domain	GO:0003676
243366	fig|6666666.1036479.peg.717	fig|6666666.1036479.peg.2269	0.7133286476135254	0.1788896852086664	Low	Very Low	Very Low–Low		Peptidase S9 prolyl oligopeptidase; COG1506 Dipeptidyl aminopeptidases/acylaminoacyl-peptidases.	0	no STRING match	secondary STRING hit (STRING protein assigned to a better match)	2276	2953	1	1	DUF4377	Domain of unknown function (DUF4377)				
243497	fig|6666666.1036479.peg.555	fig|6666666.1036479.peg.1019	0.7132803976535798	0.1789859786463788	Very Low	Very Low	Very Low–Very Low			0	no STRING match	no STRING match	2200	2404	1	1	Glyoxalase;Glyoxalase_2;Glyoxalase_4	Glyoxalase/Bleomycin resistance protein/Dioxygenase superfamily; Glyoxalase-like domain		TPMT	Thiopurine S-methyltransferase (TPMT)	GO:0008757
243566	fig|6666666.1036479.peg.2539	fig|6666666.1036479.peg.1689	0.7132500052452088	0.1790366980906702	Low	Very Low	Very Low–Low			0	no STRING match	no STRING match	1632	2716	1	1						
243662	fig|6666666.1036479.peg.1664	fig|6666666.1036479.peg.2292	0.7132084906101227	0.179107264274032	Very Low	Low	Very Low–Low			0	no STRING match	no STRING match	2709	2960	1	1						
243734	fig|6666666.1036479.peg.2622	fig|6666666.1036479.peg.1211	0.7131741464138031	0.1791601889115534	Very Low	Very Low	Very Low–Very Low			0	no STRING match	no STRING match	1681	2500	1	1	HMGL-like;HCS_D2	HMGL-like; Homocitrate synthase post-HMGL domain-like	GO:0003824	AIRC	AIR carboxylase	GO:0006189
243736	fig|6666666.1036479.peg.1581	fig|6666666.1036479.peg.2176	0.7131736814975739	0.1791616590403734	Very Low	Very Low	Very Low–Very Low			0	no STRING match	no STRING match	2672	2925	1	1						
243925	fig|6666666.1036479.peg.1205	fig|6666666.1036479.peg.1491	0.7131000578403472	0.179300586213867	Very Low	Very Low	Very Low–Very Low			0	no STRING match	no STRING match	2496	2619	1	1	AAA_18;ADK;AAA_17	AAA domain; Adenylate kinase		Pept_tRNA_hydro	Peptidyl-tRNA hydrolase	GO:0004045
243958	fig|6666666.1036479.peg.439	fig|6666666.1036479.peg.1910	0.7130884468555451	0.1793248433393976	Low	High	Low–High			0	no STRING match	no STRING match	2161	2792	1	1	COX3	Cytochrome c oxidase subunit III	GO:0004129;GO:0016020	DUF1294	Protein of unknown function (DUF1294)	
244097	fig|6666666.1036479.peg.3034	fig|6666666.1036479.peg.3230	0.7130353212356567	0.1794270172923902	Very Low	Very Low	Very Low–Very Low			0	no STRING match	no STRING match	1887	1980	1	2	CSD	'Cold-shock' DNA-binding domain	GO:0003676	DUF3164	Protein of unknown function (DUF3164)	
244481	fig|6666666.1036479.peg.1345	fig|6666666.1036479.peg.1364	0.7129008710384369	0.1797092820258375	Very Low	Very Low	Very Low–Very Low			0	no STRING match	no STRING match	2555	2572	1	1						
244903	fig|6666666.1036479.peg.2694	fig|6666666.1036479.peg.1505	0.7127503097057343	0.1800194792068655	Low	Very Low	Very Low–Low			0	no STRING match	no STRING match	1713	2627	1	1	Ribosomal_L12_N;Ribosomal_L12	Ribosomal protein L7/L12 dimerisation domain; Ribosomal protein L7/L12 C-terminal domain	GO:0003735;GO:0005840;GO:0006412	GCV_H	Glycine cleavage H-protein	
245307	fig|6666666.1036479.peg.3186	fig|6666666.1036479.peg.307	0.7125945925712586	0.1803164452285131	Very Low	Very Low	Very Low–Very Low			0	no STRING match	no STRING match	1949	2120	1	1						
245417	fig|6666666.1036479.peg.2927	fig|6666666.1036479.peg.3192	0.7125410974025727	0.1803973023136152	Low	Low	Low–Low			0	no STRING match	no STRING match	1829	1955	1	1	DUF4280	Domain of unknown function (DUF4280)		DUF4280	Domain of unknown function (DUF4280)	
245631	fig|6666666.1036479.peg.439	fig|6666666.1036479.peg.2085	0.7124713838100434	0.1805546060973593	Low	Low	Low–Low		Hypothetical protein; COG0697 Permeases of the drug/metabolite transporter (DMT) superfamily.	0	no STRING match	secondary STRING hit (STRING protein assigned to a better match)	2161	2867	1	1	COX3	Cytochrome c oxidase subunit III	GO:0004129;GO:0016020	EamA;EamA	EamA-like transporter family	GO:0016020
245807	fig|6666666.1036479.peg.3012	fig|6666666.1036479.peg.2292	0.7123996496200562	0.1806839774335226	Low	Low	Low–Low			0	no STRING match	no STRING match	1872	2960	1	1						
245863	fig|6666666.1036479.peg.1349	fig|6666666.1036479.peg.1364	0.7123812198638916	0.1807251410404836	Very Low	Very Low	Very Low–Very Low			0	no STRING match	no STRING match	2559	2572	1	1						
245874	fig|6666666.1036479.peg.577	fig|6666666.1036479.peg.805	0.712375158071518	0.1807332267489939	Very Low	Very Low	Very Low–Very Low			0	no STRING match	no STRING match	2214	2325	1	1	tRNA_bind	Putative tRNA binding domain	GO:0000049	NDK	Nucleoside diphosphate kinase	
245952	fig|6666666.1036479.peg.3224	fig|6666666.1036479.peg.307	0.7123494625091553	0.1807905617729753	Very Low	Very Low	Very Low–Very Low			0	no STRING match	no STRING match	1974	2120	2	1						
246004	fig|6666666.1036479.peg.1125	fig|6666666.1036479.peg.1956	0.712320739030838	0.1808287851222963	Very Low	Very Low	Very Low–Very Low		Hypothetical protein; COG3772 Phage-related lysozyme (muraminidase).	0	no STRING match	secondary STRING hit (STRING protein assigned to a better match)	2456	2817	1	1						
246054	fig|6666666.1036479.peg.1349	fig|6666666.1036479.peg.1354	0.7123077869415283	0.1808655383427972	Very Low	Very Low	Very Low–Very Low			0	no STRING match	no STRING match	2559	2563	1	1						
246291	fig|6666666.1036479.peg.1179	fig|6666666.1036479.peg.1887	0.7122022032737731	0.1810397486079717	Very Low	Low	Very Low–Low			0	no STRING match	no STRING match	2487	2783	1	1	PepSY_TM	PepSY-associated TM region				
246676	fig|6666666.1036479.peg.1345	fig|6666666.1036479.peg.1354	0.7120324552059174	0.181322748405829	Very Low	Very Low	Very Low–Very Low			0	no STRING match	no STRING match	2555	2563	1	1						
246880	fig|6666666.1036479.peg.1635	fig|6666666.1036479.peg.1644	0.7119564771652221	0.1814727015454729	Very Low	Very Low	Very Low–Very Low	Integrase family protein; COG4973 Site-specific recombinase XerC; Belongs to the 'phage' integrase family.	Integrase family protein; COG4973 Site-specific recombinase XerC; Belongs to the 'phage' integrase family.	0	secondary STRING hit (STRING protein assigned to a better match)	secondary STRING hit (STRING protein assigned to a better match)	2696	2698	1	2	Phage_integrase	Phage integrase family	GO:0003677;GO:0006310;GO:0015074	Phage_integrase	Phage integrase family	GO:0003677;GO:0006310;GO:0015074
247028	fig|6666666.1036479.peg.1110	fig|6666666.1036479.peg.2155	0.711898398399353	0.1815814910781557	Very Low	Very Low	Very Low–Very Low			0	no STRING match	no STRING match	2442	2905	1	1						
247065	fig|6666666.1036479.peg.1239	fig|6666666.1036479.peg.1311	0.7118832767009735	0.1816086884613264	Very Low	Very Low	Very Low–Very Low		uroporphyrin-III C-methyltransferase; COG0007 Uroporphyrinogen-III methylase.	0	no STRING match	secondary STRING hit (STRING protein assigned to a better match)	2512	2535	1	1	Pyridoxal_deC;Aminotran_1_2	Pyridoxal-dependent decarboxylase conserved domain; Aminotransferase class I and II	GO:0009058;GO:0016830;GO:0019752;GO:0030170	TP_methylase	Tetrapyrrole (Corrin/Porphyrin) Methylases	GO:0008168
247353	fig|6666666.1036479.peg.824	fig|6666666.1036479.peg.1031	0.7117722690105438	0.1818203870114118	Very Low	Very Low	Very Low–Very Low			0	no STRING match	no STRING match	2332	2407	1	1	Polysacc_deac_1	Polysaccharide deacetylase	GO:0005975;GO:0016810			
247558	fig|6666666.1036479.peg.717	fig|6666666.1036479.peg.730	0.7116917669773102	0.1819710752154657	Low	Medium	Low–Medium			0	no STRING match	no STRING match	2276	2288	1	1	DUF4377	Domain of unknown function (DUF4377)		DUF2846	Protein of unknown function (DUF2846)	
247700	fig|6666666.1036479.peg.1012	fig|6666666.1036479.peg.1313	0.7116329610347748	0.1820754543616884	Low	Low	Low–Low			0	no STRING match	no STRING match	2401	2537	1	1	DUF4442	Domain of unknown function (DUF4442)				
247723	fig|6666666.1036479.peg.1628	fig|6666666.1036479.peg.1635	0.7116236329078675	0.1820923608431189	Very Low	Very Low	Very Low–Very Low	Integrase family protein; COG4973 Site-specific recombinase XerC; Belongs to the 'phage' integrase family.	Integrase family protein; COG4973 Site-specific recombinase XerC; Belongs to the 'phage' integrase family.	0	secondary STRING hit (STRING protein assigned to a better match)	secondary STRING hit (STRING protein assigned to a better match)	2690	2696	1	1	Phage_integrase	Phage integrase family	GO:0003677;GO:0006310;GO:0015074	Phage_integrase	Phage integrase family	GO:0003677;GO:0006310;GO:0015074
247856	fig|6666666.1036479.peg.1598	fig|6666666.1036479.peg.1621	0.7115824460983277	0.1821901244096514	Very Low	Very Low	Very Low–Very Low	Integrase family protein; COG4973 Site-specific recombinase XerC; Belongs to the 'phage' integrase family.	Integrase family protein; COG4973 Site-specific recombinase XerC; Belongs to the 'phage' integrase family.	0	secondary STRING hit (STRING protein assigned to a better match)	secondary STRING hit (STRING protein assigned to a better match)	2679	1367	2	2	Phage_integrase	Phage integrase family	GO:0003677;GO:0006310;GO:0015074	Phage_integrase	Phage integrase family	GO:0003677;GO:0006310;GO:0015074
247916	fig|6666666.1036479.peg.1476	fig|6666666.1036479.peg.1887	0.7115539133548736	0.1822342282742525	Low	Low	Low–Low			0	no STRING match	no STRING match	2613	2783	1	1	COX4_pro	Prokaryotic Cytochrome C oxidase subunit IV	GO:0016020			
247920	fig|6666666.1036479.peg.2885	fig|6666666.1036479.peg.1556	0.7115522027015686	0.1822371685318926	Low	Low	Low–Low			0	no STRING match	no STRING match	1809	2650	1	1	Ribonuc_L-PSP	Endoribonuclease L-PSP		RNase_T	Exonuclease	
248012	fig|6666666.1036479.peg.2927	fig|6666666.1036479.peg.1776	0.7115118384361268	0.1823047944576143	Low	Low	Low–Low			0	no STRING match	no STRING match	1829	2745	1	1	DUF4280	Domain of unknown function (DUF4280)		DUF4280	Domain of unknown function (DUF4280)	
248449	fig|6666666.1036479.peg.2927	fig|6666666.1036479.peg.2243	0.71133371591568	0.1826260176047926	Low	Low	Low–Low			0	no STRING match	no STRING match	1829	2946	1	1	DUF4280	Domain of unknown function (DUF4280)		DUF2480	Protein of unknown function (DUF2480)	
249137	fig|6666666.1036479.peg.2549	fig|6666666.1036479.peg.937	0.7110528469085693	0.1831317419188856	Very Low	Medium	Very Low–Medium			0	no STRING match	no STRING match	1642	2386	1	1						
249468	fig|6666666.1036479.peg.1628	fig|6666666.1036479.peg.1644	0.7109169125556946	0.1833750482386019	Very Low	Very Low	Very Low–Very Low	Integrase family protein; COG4973 Site-specific recombinase XerC; Belongs to the 'phage' integrase family.	Integrase family protein; COG4973 Site-specific recombinase XerC; Belongs to the 'phage' integrase family.	0	secondary STRING hit (STRING protein assigned to a better match)	secondary STRING hit (STRING protein assigned to a better match)	2690	2698	1	2	Phage_integrase	Phage integrase family	GO:0003677;GO:0006310;GO:0015074	Phage_integrase	Phage integrase family	GO:0003677;GO:0006310;GO:0015074
249482	fig|6666666.1036479.peg.203	fig|6666666.1036479.peg.1179	0.7109128654003143	0.1833853391403421	Low	Very Low	Very Low–Low			0	no STRING match	no STRING match	2074	2487	1	1				PepSY_TM	PepSY-associated TM region	
249634	fig|6666666.1036479.peg.905	fig|6666666.1036479.peg.1012	0.7108484864234924	0.183497068930665	Very Low	Low	Very Low–Low			0	no STRING match	no STRING match	2372	2401	1	1				DUF4442	Domain of unknown function (DUF4442)	
249656	fig|6666666.1036479.peg.2885	fig|6666666.1036479.peg.1060	0.7108376145362854	0.1835132403476854	Low	Low	Low–Low			0	no STRING match	no STRING match	1809	2413	1	1	Ribonuc_L-PSP	Endoribonuclease L-PSP		CMD	Carboxymuconolactone decarboxylase family	
250258	fig|6666666.1036479.peg.2628	fig|6666666.1036479.peg.1858	0.7106043815612793	0.1839557491225168	Low	Low	Low–Low			0	no STRING match	no STRING match	1684	2775	1	1				DUF3098	Protein of unknown function (DUF3098)	
250457	fig|6666666.1036479.peg.32	fig|6666666.1036479.peg.2269	0.7105309426784515	0.1841020269401106	Low	Very Low	Very Low–Low		Peptidase S9 prolyl oligopeptidase; COG1506 Dipeptidyl aminopeptidases/acylaminoacyl-peptidases.	0	no STRING match	secondary STRING hit (STRING protein assigned to a better match)	2019	2953	2	1						
250480	fig|6666666.1036479.peg.961	fig|6666666.1036479.peg.1036	0.7105209469795227	0.184118933421541	Very Low	Very Low	Very Low–Very Low			0	no STRING match	no STRING match	2393	2408	1	1	Hexapep;Hexapep_2	Bacterial transferase hexapeptide (six repeats); Hexapeptide repeat of succinyl-transferase				
250605	fig|6666666.1036479.peg.42	fig|6666666.1036479.peg.1654	0.7104734957218171	0.1842108164727934	Very Low	Low	Very Low–Low			0	no STRING match	no STRING match	2029	2705	2	1						
250824	fig|6666666.1036479.peg.2621	fig|6666666.1036479.peg.2904	0.71039320230484	0.1843717955785875	Low	Low	Low–Low			0	no STRING match	no STRING match	1680	1820	1	1	Aconitase	Aconitase family (aconitate hydratase)		DMRL_synthase	6,7-dimethyl-8-ribityllumazine synthase	GO:0009231;GO:0009349
250928	fig|6666666.1036479.peg.632	fig|6666666.1036479.peg.1060	0.7103655874729157	0.1844482422772295	Low	Low	Low–Low			0	no STRING match	no STRING match	2237	2413	1	1	Redoxin;AhpC-TSA	Redoxin; AhpC/TSA family	GO:0016209;GO:0016491	CMD	Carboxymuconolactone decarboxylase family	
251462	fig|6666666.1036479.peg.426	fig|6666666.1036479.peg.2166	0.7101691424846649	0.1848407666721796	Very Low	Very Low	Very Low–Very Low			0	no STRING match	no STRING match	2156	2916	1	1						
251850	fig|6666666.1036479.peg.2821	fig|6666666.1036479.peg.1239	0.7100121676921844	0.185125971663267	Very Low	Very Low	Very Low–Very Low			0	no STRING match	no STRING match	1768	2512	1	1	NUDIX	NUDIX domain		Pyridoxal_deC;Aminotran_1_2	Pyridoxal-dependent decarboxylase conserved domain; Aminotransferase class I and II	GO:0009058;GO:0016830;GO:0019752;GO:0030170
251855	fig|6666666.1036479.peg.2638	fig|6666666.1036479.peg.1594	0.7100105583667755	0.1851296469853171	High	High	High–High			0	no STRING match	no STRING match	1687	2677	1	1	DUF4293	Domain of unknown function (DUF4293)				
252068	fig|6666666.1036479.peg.2621	fig|6666666.1036479.peg.1239	0.7099243581295014	0.1852862157046511	Low	Very Low	Very Low–Low			0	no STRING match	no STRING match	1680	2512	1	1	Aconitase	Aconitase family (aconitate hydratase)		Pyridoxal_deC;Aminotran_1_2	Pyridoxal-dependent decarboxylase conserved domain; Aminotransferase class I and II	GO:0009058;GO:0016830;GO:0019752;GO:0030170
252093	fig|6666666.1036479.peg.404	fig|6666666.1036479.peg.2062	0.7099108874797821	0.1853045923149016	Low	Very Low	Very Low–Low			0	no STRING match	no STRING match	2146	2859	1	1	PRiA4_ORF3	Plasmid pRiA4b ORF-3-like protein		YceD	Large ribosomal RNA subunit accumulation protein YceD	
252113	fig|6666666.1036479.peg.3012	fig|6666666.1036479.peg.426	0.7098957240581513	0.1853192936031019	Low	Very Low	Very Low–Low			0	no STRING match	no STRING match	1872	2156	1	1						
252322	fig|6666666.1036479.peg.632	fig|6666666.1036479.peg.1239	0.709808623790741	0.1854729220647959	Low	Very Low	Very Low–Low			0	no STRING match	no STRING match	2237	2512	1	1	Redoxin;AhpC-TSA	Redoxin; AhpC/TSA family	GO:0016209;GO:0016491	Pyridoxal_deC;Aminotran_1_2	Pyridoxal-dependent decarboxylase conserved domain; Aminotransferase class I and II	GO:0009058;GO:0016830;GO:0019752;GO:0030170
252369	fig|6666666.1036479.peg.2549	fig|6666666.1036479.peg.2269	0.7097842395305634	0.1855074700920668	Very Low	Very Low	Very Low–Very Low		Peptidase S9 prolyl oligopeptidase; COG1506 Dipeptidyl aminopeptidases/acylaminoacyl-peptidases.	0	no STRING match	secondary STRING hit (STRING protein assigned to a better match)	1642	2953	1	1						
252597	fig|6666666.1036479.peg.258	fig|6666666.1036479.peg.1664	0.7096941769123077	0.1856750647775511	Low	Very Low	Very Low–Low			0	no STRING match	no STRING match	2098	2709	1	1	DUF6642	Family of unknown function (DUF6642)				
252721	fig|6666666.1036479.peg.307	fig|6666666.1036479.peg.2166	0.709632134437561	0.1857662127643934	Very Low	Very Low	Very Low–Very Low			0	no STRING match	no STRING match	2120	2916	1	1						
253650	fig|6666666.1036479.peg.805	fig|6666666.1036479.peg.1205	0.7092626512050628	0.186449087601301	Very Low	Very Low	Very Low–Very Low			0	no STRING match	no STRING match	2325	2496	1	1	NDK	Nucleoside diphosphate kinase		AAA_18;ADK;AAA_17	AAA domain; Adenylate kinase	
253651	fig|6666666.1036479.peg.3034	fig|6666666.1036479.peg.1919	0.7092622637748718	0.186449822665711	Very Low	Very Low	Very Low–Very Low			0	no STRING match	no STRING match	1887	2796	1	1	CSD	'Cold-shock' DNA-binding domain	GO:0003676	DUF2326	Uncharacterised protein conserved in bacteria (DUF2326)	
253715	fig|6666666.1036479.peg.3033	fig|6666666.1036479.peg.1857	0.7092400670051575	0.1864968667879523	Low	Medium	Low–Medium			0	no STRING match	no STRING match	1886	2774	1	1	DUF2721	Protein of unknown function (DUF2721)				
254002	fig|6666666.1036479.peg.3033	fig|6666666.1036479.peg.1594	0.7091163635253906	0.1867078302736277	Low	High	Low–High			0	no STRING match	no STRING match	1886	2677	1	1	DUF2721	Protein of unknown function (DUF2721)				
254234	fig|6666666.1036479.peg.3012	fig|6666666.1036479.peg.1664	0.709009873867035	0.1868783652167521	Low	Very Low	Very Low–Low			0	no STRING match	no STRING match	1872	2709	1	1						
254329	fig|6666666.1036479.peg.2821	fig|6666666.1036479.peg.1311	0.7089710056781768	0.1869481963357039	Very Low	Very Low	Very Low–Very Low		uroporphyrin-III C-methyltransferase; COG0007 Uroporphyrinogen-III methylase.	0	no STRING match	secondary STRING hit (STRING protein assigned to a better match)	1768	2535	1	1	NUDIX	NUDIX domain		TP_methylase	Tetrapyrrole (Corrin/Porphyrin) Methylases	GO:0008168
254542	fig|6666666.1036479.peg.1516	fig|6666666.1036479.peg.2085	0.7089013814926147	0.1871047650550379	Low	Low	Low–Low	Hypothetical protein.	Hypothetical protein; COG0697 Permeases of the drug/metabolite transporter (DMT) superfamily.	0	secondary STRING hit (STRING protein assigned to a better match)	secondary STRING hit (STRING protein assigned to a better match)	2630	2867	1	1	HupE_UreJ_2	HupE / UreJ protein		EamA;EamA	EamA-like transporter family	GO:0016020
254667	fig|6666666.1036479.peg.426	fig|6666666.1036479.peg.1664	0.7088557779788971	0.1871966481062903	Very Low	Very Low	Very Low–Very Low			0	no STRING match	no STRING match	2156	2709	1	1						
254723	fig|6666666.1036479.peg.2895	fig|6666666.1036479.peg.2166	0.7088337481021881	0.1872378117132513	Very Low	Very Low	Very Low–Very Low			0	no STRING match	no STRING match	1817	2916	1	1						
254886	fig|6666666.1036479.peg.1621	fig|6666666.1036479.peg.1635	0.7087753534317016	0.1873576272120844	Very Low	Very Low	Very Low–Very Low	Integrase family protein; COG4973 Site-specific recombinase XerC; Belongs to the 'phage' integrase family.	Integrase family protein; COG4973 Site-specific recombinase XerC; Belongs to the 'phage' integrase family.	0	secondary STRING hit (STRING protein assigned to a better match)	secondary STRING hit (STRING protein assigned to a better match)	1367	2696	2	1	Phage_integrase	Phage integrase family	GO:0003677;GO:0006310;GO:0015074	Phage_integrase	Phage integrase family	GO:0003677;GO:0006310;GO:0015074
254952	fig|6666666.1036479.peg.1345	fig|6666666.1036479.peg.1349	0.708744466304779	0.1874061414631457	Very Low	Very Low	Very Low–Very Low			0	no STRING match	no STRING match	2555	2559	1	1						
254976	fig|6666666.1036479.peg.1463	fig|6666666.1036479.peg.1556	0.7087332606315613	0.1874237830089861	Low	Low	Low–Low			0	no STRING match	no STRING match	2609	2650	1	1	Hexapep_2;Hexapep;Hexapep_2	Hexapeptide repeat of succinyl-transferase; Bacterial transferase hexapeptide (six repeats)		RNase_T	Exonuclease	
255495	fig|6666666.1036479.peg.730	fig|6666666.1036479.peg.1725	0.7085517525672913	0.187805281437786	Medium	Very Low	Very Low–Medium		1-phosphatidylinositol phosphodiesterase.	0	no STRING match	secondary STRING hit (STRING protein assigned to a better match)	2288	2728	1	1	DUF2846	Protein of unknown function (DUF2846)		PI-PLC-X;PI-PLC_X	Phosphatidylinositol-specific phospholipase C, X domain; PI-PLC X 1	
255562	fig|6666666.1036479.peg.1476	fig|6666666.1036479.peg.1478	0.7085234701633454	0.1878545307532572	Low	Low	Low–Low			0	no STRING match	no STRING match	2613	2614	1	1	COX4_pro	Prokaryotic Cytochrome C oxidase subunit IV	GO:0016020	COX3	Cytochrome c oxidase subunit III	GO:0004129;GO:0016020
255622	fig|6666666.1036479.peg.1621	fig|6666666.1036479.peg.1644	0.7084979712963104	0.1878986346178583	Very Low	Very Low	Very Low–Very Low	Integrase family protein; COG4973 Site-specific recombinase XerC; Belongs to the 'phage' integrase family.	Integrase family protein; COG4973 Site-specific recombinase XerC; Belongs to the 'phage' integrase family.	0	secondary STRING hit (STRING protein assigned to a better match)	secondary STRING hit (STRING protein assigned to a better match)	1367	2698	2	2	Phage_integrase	Phage integrase family	GO:0003677;GO:0006310;GO:0015074	Phage_integrase	Phage integrase family	GO:0003677;GO:0006310;GO:0015074
255625	fig|6666666.1036479.peg.2557	fig|6666666.1036479.peg.1125	0.7084976136684418	0.1879008398110884	Very Low	Very Low	Very Low–Very Low	Yd repeat protein; COG3209 Rhs family protein.		0	secondary STRING hit (STRING protein assigned to a better match)	no STRING match	1650	2456	1	1						
256064	fig|6666666.1036479.peg.1641	fig|6666666.1036479.peg.1654	0.7083151698112488	0.1882235330870867	Low	Low	Low–Low			0	no STRING match	no STRING match	2697	2705	1	1						
256078	fig|6666666.1036479.peg.2895	fig|6666666.1036479.peg.3186	0.70830597281456	0.188233823988827	Very Low	Very Low	Very Low–Very Low			0	no STRING match	no STRING match	1817	1949	1	1						
256092	fig|6666666.1036479.peg.3055	fig|6666666.1036479.peg.1018	0.7083012282848358	0.1882441148905672	Very Low	Very Low	Very Low–Very Low			0	no STRING match	no STRING match	1894	2403	1	1	DUF5606;DUF6852	Domain of unknown function (DUF5606); Domain of unknown function (DUF6852)		S4;HSP15_C	S4 domain; Heat shock protein 15, C-terminal region	GO:0003723
256466	fig|6666666.1036479.peg.835	fig|6666666.1036479.peg.1019	0.7081542134284973	0.1885190289799143	Low	Very Low	Very Low–Low			0	no STRING match	no STRING match	2336	2404	1	1	ApeP-like	ApeP dehydratase		TPMT	Thiopurine S-methyltransferase (TPMT)	GO:0008757
257221	fig|6666666.1036479.peg.862	fig|6666666.1036479.peg.1725	0.7078544616699218	0.1890740026094786	Very Low	Very Low	Very Low–Very Low		1-phosphatidylinositol phosphodiesterase.	0	no STRING match	secondary STRING hit (STRING protein assigned to a better match)	2342	2728	1	1	Carb_anhydrase	Eukaryotic-type carbonic anhydrase		PI-PLC-X;PI-PLC_X	Phosphatidylinositol-specific phospholipase C, X domain; PI-PLC X 1	
257347	fig|6666666.1036479.peg.2638	fig|6666666.1036479.peg.1857	0.7078018248081207	0.189166620725141	High	Medium	Medium–High			0	no STRING match	no STRING match	1687	2774	1	1	DUF4293	Domain of unknown function (DUF4293)				
257458	fig|6666666.1036479.peg.961	fig|6666666.1036479.peg.1654	0.7077607989311219	0.1892482128746531	Very Low	Low	Very Low–Low			0	no STRING match	no STRING match	2393	2705	1	1	Hexapep;Hexapep_2	Bacterial transferase hexapeptide (six repeats); Hexapeptide repeat of succinyl-transferase				
257545	fig|6666666.1036479.peg.1621	fig|6666666.1036479.peg.1628	0.7077215731143951	0.1893121634783248	Very Low	Very Low	Very Low–Very Low	Integrase family protein; COG4973 Site-specific recombinase XerC; Belongs to the 'phage' integrase family.	Integrase family protein; COG4973 Site-specific recombinase XerC; Belongs to the 'phage' integrase family.	0	secondary STRING hit (STRING protein assigned to a better match)	secondary STRING hit (STRING protein assigned to a better match)	1367	2690	2	1	Phage_integrase	Phage integrase family	GO:0003677;GO:0006310;GO:0015074	Phage_integrase	Phage integrase family	GO:0003677;GO:0006310;GO:0015074
257574	fig|6666666.1036479.peg.32	fig|6666666.1036479.peg.1919	0.7077080309391022	0.1893334803462153	Low	Very Low	Very Low–Low			0	no STRING match	no STRING match	2019	2796	2	1				DUF2326	Uncharacterised protein conserved in bacteria (DUF2326)	
257817	fig|6666666.1036479.peg.1347	fig|6666666.1036479.peg.1349	0.7075950920581817	0.1895121009978499	Very Low	Very Low	Very Low–Very Low			0	no STRING match	no STRING match	2557	2559	3	1						
258070	fig|6666666.1036479.peg.3230	fig|6666666.1036479.peg.101	0.7074834644794464	0.1896980722935847	Very Low	Very Low	Very Low–Very Low			0	no STRING match	no STRING match	1980	2056	2	1	DUF3164	Protein of unknown function (DUF3164)		DUF4494	Domain of unknown function (DUF4494)	
258328	fig|6666666.1036479.peg.2821	fig|6666666.1036479.peg.922	0.707369065284729	0.1898877189113696	Very Low	Very Low	Very Low–Very Low			0	no STRING match	no STRING match	1768	2379	1	1	NUDIX	NUDIX domain		Maf	Maf-like protein	GO:0047429
258345	fig|6666666.1036479.peg.439	fig|6666666.1036479.peg.1887	0.7073645055294037	0.1899002150063399	Low	Low	Low–Low			0	no STRING match	no STRING match	2161	2783	1	1	COX3	Cytochrome c oxidase subunit III	GO:0004129;GO:0016020			
258704	fig|6666666.1036479.peg.42	fig|6666666.1036479.peg.1641	0.7072065114974976	0.1901641031295367	Very Low	Low	Very Low–Low			0	no STRING match	no STRING match	2029	2697	2	1						
258858	fig|6666666.1036479.peg.1345	fig|6666666.1036479.peg.1347	0.7071600198745728	0.1902773030486796	Very Low	Very Low	Very Low–Very Low			0	no STRING match	no STRING match	2555	2557	1	3						
259505	fig|6666666.1036479.peg.3033	fig|6666666.1036479.peg.1516	0.7069198250770569	0.1907528897219619	Low	Low	Low–Low		Hypothetical protein.	0	no STRING match	secondary STRING hit (STRING protein assigned to a better match)	1886	2630	1	1	DUF2721	Protein of unknown function (DUF2721)		HupE_UreJ_2	HupE / UreJ protein	
259537	fig|6666666.1036479.peg.2895	fig|6666666.1036479.peg.3224	0.7069077670574189	0.1907764117830825	Very Low	Very Low	Very Low–Very Low			0	no STRING match	no STRING match	1817	1974	1	2						
259961	fig|6666666.1036479.peg.2008	fig|6666666.1036479.peg.2052	0.706761634349823	0.1910880790929305	Very Low	Low	Very Low–Low			0	no STRING match	no STRING match	2840	2853	1	1	Hpt	Hpt domain	GO:0000160	ATPase_gene1	Putative F0F1-ATPase subunit Ca2+/Mg2+ transporter	
260044	fig|6666666.1036479.peg.555	fig|6666666.1036479.peg.835	0.7067301630973816	0.191149089438962	Very Low	Low	Very Low–Low			0	no STRING match	no STRING match	2200	2336	1	1	Glyoxalase;Glyoxalase_2;Glyoxalase_4	Glyoxalase/Bleomycin resistance protein/Dioxygenase superfamily; Glyoxalase-like domain		ApeP-like	ApeP dehydratase	
260564	fig|6666666.1036479.peg.730	fig|6666666.1036479.peg.2458	0.7065165102481842	0.1915313229321719	Medium	Medium	Medium–Medium			0	no STRING match	no STRING match	2288	3035	1	1	DUF2846	Protein of unknown function (DUF2846)		TonB_C	Gram-negative bacterial TonB protein C-terminal	GO:0055085
260871	fig|6666666.1036479.peg.3012	fig|6666666.1036479.peg.258	0.7064063429832459	0.1917569877060477	Low	Low	Low–Low			0	no STRING match	no STRING match	1872	2098	1	1				DUF6642	Family of unknown function (DUF6642)	
261569	fig|6666666.1036479.peg.1036	fig|6666666.1036479.peg.1641	0.7061400890350342	0.1922700626642409	Very Low	Low	Very Low–Low			0	no STRING match	no STRING match	2408	2697	1	1						
261744	fig|6666666.1036479.peg.2512	fig|6666666.1036479.peg.258	0.7060699343681336	0.1923986989359942	Very Low	Low	Very Low–Low			0	no STRING match	no STRING match	1619	2098	13	1				DUF6642	Family of unknown function (DUF6642)	
261838	fig|6666666.1036479.peg.3033	fig|6666666.1036479.peg.439	0.7060434699058533	0.192467794990536	Low	Low	Low–Low			0	no STRING match	no STRING match	1886	2161	1	1	DUF2721	Protein of unknown function (DUF2721)		COX3	Cytochrome c oxidase subunit III	GO:0004129;GO:0016020
261873	fig|6666666.1036479.peg.1587	fig|6666666.1036479.peg.1644	0.7060314893722535	0.1924935222448867	Very Low	Very Low	Very Low–Very Low	Integrase family protein; COG4973 Site-specific recombinase XerC; Belongs to the 'phage' integrase family.	Integrase family protein; COG4973 Site-specific recombinase XerC; Belongs to the 'phage' integrase family.	0	secondary STRING hit (STRING protein assigned to a better match)	secondary STRING hit (STRING protein assigned to a better match)	2676	2698	1	2	Phage_integrase	Phage integrase family	GO:0003677;GO:0006310;GO:0015074	Phage_integrase	Phage integrase family	GO:0003677;GO:0006310;GO:0015074
262080	fig|6666666.1036479.peg.2549	fig|6666666.1036479.peg.2557	0.7059645414352417	0.1926456805777606	Very Low	Very Low	Very Low–Very Low		Yd repeat protein; COG3209 Rhs family protein.	0	no STRING match	secondary STRING hit (STRING protein assigned to a better match)	1642	1650	1	1						
262127	fig|6666666.1036479.peg.1414	fig|6666666.1036479.peg.1956	0.7059493660926819	0.1926802286050315	Very Low	Very Low	Very Low–Very Low	Peptidase M23; COG4678 Muramidase (phage lambda lysozyme).	Hypothetical protein; COG3772 Phage-related lysozyme (muraminidase).	0	secondary STRING hit (STRING protein assigned to a better match)	secondary STRING hit (STRING protein assigned to a better match)	2593	2817	1	1	Endolysin	Endolysin				
262216	fig|6666666.1036479.peg.1587	fig|6666666.1036479.peg.1635	0.7059109330177307	0.1927456493375232	Very Low	Very Low	Very Low–Very Low	Integrase family protein; COG4973 Site-specific recombinase XerC; Belongs to the 'phage' integrase family.	Integrase family protein; COG4973 Site-specific recombinase XerC; Belongs to the 'phage' integrase family.	0	secondary STRING hit (STRING protein assigned to a better match)	secondary STRING hit (STRING protein assigned to a better match)	2676	2696	1	1	Phage_integrase	Phage integrase family	GO:0003677;GO:0006310;GO:0015074	Phage_integrase	Phage integrase family	GO:0003677;GO:0006310;GO:0015074
263384	fig|6666666.1036479.peg.1817	fig|6666666.1036479.peg.2458	0.7054785490036011	0.1936042045684253	Very Low	Medium	Very Low–Medium			0	no STRING match	no STRING match	2764	3035	1	1	Thioredoxin_7;Thioredoxin_2	Thioredoxin-like; Thioredoxin-like domain		TonB_C	Gram-negative bacterial TonB protein C-terminal	GO:0055085
264003	fig|6666666.1036479.peg.835	fig|6666666.1036479.peg.1969	0.7052515923976899	0.194059209438227	Low	Low	Low–Low		Hypothetical protein.	0	no STRING match	secondary STRING hit (STRING protein assigned to a better match)	2336	2828	1	1	ApeP-like	ApeP dehydratase		DDE_Tnp_1_3;DDE_Tnp_1	Transposase DDE domain	GO:0003677;GO:0004803;GO:0006313
264181	fig|6666666.1036479.peg.2557	fig|6666666.1036479.peg.1956	0.7051792979240418	0.1941900509032104	Very Low	Very Low	Very Low–Very Low	Yd repeat protein; COG3209 Rhs family protein.	Hypothetical protein; COG3772 Phage-related lysozyme (muraminidase).	0	secondary STRING hit (STRING protein assigned to a better match)	secondary STRING hit (STRING protein assigned to a better match)	1650	2817	1	1						
264271	fig|6666666.1036479.peg.42	fig|6666666.1036479.peg.1498	0.7051488399505615	0.1942562067001121	Very Low	Very Low	Very Low–Very Low			0	no STRING match	no STRING match	2029	2624	2	1						
264444	fig|6666666.1036479.peg.1743	fig|6666666.1036479.peg.1817	0.7050714373588562	0.1943833728430453	Medium	Very Low	Very Low–Medium			0	no STRING match	no STRING match	2732	2764	1	1	Cytochrom_C	Cytochrome c	GO:0009055;GO:0020037	Thioredoxin_7;Thioredoxin_2	Thioredoxin-like; Thioredoxin-like domain	
264517	fig|6666666.1036479.peg.3186	fig|6666666.1036479.peg.1415	0.7050437927246094	0.1944370325449767	Very Low	Low	Very Low–Low			0	no STRING match	no STRING match	1949	2594	1	1				DUF4280	Domain of unknown function (DUF4280)	
264621	fig|6666666.1036479.peg.3185	fig|6666666.1036479.peg.3186	0.7050074875354767	0.1945134792436187	Very Low	Very Low	Very Low–Very Low			0	no STRING match	no STRING match	1948	1949	1	1						
264678	fig|6666666.1036479.peg.2622	fig|6666666.1036479.peg.2821	0.7049880921840668	0.1945553779149898	Very Low	Very Low	Very Low–Very Low			0	no STRING match	no STRING match	1681	1768	1	1	HMGL-like;HCS_D2	HMGL-like; Homocitrate synthase post-HMGL domain-like	GO:0003824	NUDIX	NUDIX domain	
264739	fig|6666666.1036479.peg.1587	fig|6666666.1036479.peg.1628	0.7049642980098725	0.1946002168440009	Very Low	Very Low	Very Low–Very Low	Integrase family protein; COG4973 Site-specific recombinase XerC; Belongs to the 'phage' integrase family.	Integrase family protein; COG4973 Site-specific recombinase XerC; Belongs to the 'phage' integrase family.	0	secondary STRING hit (STRING protein assigned to a better match)	secondary STRING hit (STRING protein assigned to a better match)	2676	2690	1	1	Phage_integrase	Phage integrase family	GO:0003677;GO:0006310;GO:0015074	Phage_integrase	Phage integrase family	GO:0003677;GO:0006310;GO:0015074
264768	fig|6666666.1036479.peg.2512	fig|6666666.1036479.peg.1120	0.7049538910388946	0.1946215337118915	Very Low	Low	Very Low–Low			0	no STRING match	no STRING match	1619	2451	13	1						
265132	fig|6666666.1036479.peg.426	fig|6666666.1036479.peg.1120	0.7048162817955017	0.1948890971571384	Very Low	Low	Very Low–Low			0	no STRING match	no STRING match	2156	2451	1	1						
265309	fig|6666666.1036479.peg.3080	fig|6666666.1036479.peg.922	0.7047469675540924	0.1950192035577117	Very Low	Very Low	Very Low–Very Low			0	no STRING match	no STRING match	1903	2379	1	1	Ham1p_like	Ham1 family	GO:0009143;GO:0047429	Maf	Maf-like protein	GO:0047429
265412	fig|6666666.1036479.peg.42	fig|6666666.1036479.peg.252	0.7047116994857788	0.1950949151919437	Very Low	Low	Very Low–Low			0	no STRING match	no STRING match	2029	2095	2	1				Fer4	4Fe-4S binding domain	
265443	fig|6666666.1036479.peg.2512	fig|6666666.1036479.peg.2243	0.7046944081783295	0.1951177021886543	Very Low	Low	Very Low–Low			0	no STRING match	no STRING match	1619	2946	13	1				DUF2480	Protein of unknown function (DUF2480)	
265560	fig|6666666.1036479.peg.3034	fig|6666666.1036479.peg.1414	0.7046572089195251	0.1952037047246265	Very Low	Very Low	Very Low–Very Low		Peptidase M23; COG4678 Muramidase (phage lambda lysozyme).	0	no STRING match	secondary STRING hit (STRING protein assigned to a better match)	1887	2593	1	1	CSD	'Cold-shock' DNA-binding domain	GO:0003676	Endolysin	Endolysin	
265645	fig|6666666.1036479.peg.2885	fig|6666666.1036479.peg.632	0.7046315670013428	0.1952661851994781	Low	Low	Low–Low			0	no STRING match	no STRING match	1809	2237	1	1	Ribonuc_L-PSP	Endoribonuclease L-PSP		Redoxin;AhpC-TSA	Redoxin; AhpC/TSA family	GO:0016209;GO:0016491
265821	fig|6666666.1036479.peg.1556	fig|6666666.1036479.peg.1865	0.7045729756355286	0.1953955565356414	Low	Very Low	Very Low–Low			0	no STRING match	no STRING match	2650	2778	1	1	RNase_T	Exonuclease		TMP-TENI	Thiamine monophosphate synthase	
266593	fig|6666666.1036479.peg.3012	fig|6666666.1036479.peg.1787	0.7042809903621674	0.195963026260176	Low	Very Low	Very Low–Low			0	no STRING match	no STRING match	1872	2752	1	1				Imm11	Immunity protein family (Imm11)	
267236	fig|6666666.1036479.peg.258	fig|6666666.1036479.peg.1725	0.7040630638599396	0.1964356726758182	Low	Very Low	Very Low–Low		1-phosphatidylinositol phosphodiesterase.	0	no STRING match	secondary STRING hit (STRING protein assigned to a better match)	2098	2728	1	1	DUF6642	Family of unknown function (DUF6642)		PI-PLC-X;PI-PLC_X	Phosphatidylinositol-specific phospholipase C, X domain; PI-PLC X 1	
267363	fig|6666666.1036479.peg.2557	fig|6666666.1036479.peg.2269	0.7040052115917206	0.1965290258558906	Very Low	Very Low	Very Low–Very Low	Yd repeat protein; COG3209 Rhs family protein.	Peptidase S9 prolyl oligopeptidase; COG1506 Dipeptidyl aminopeptidases/acylaminoacyl-peptidases.	0	secondary STRING hit (STRING protein assigned to a better match)	secondary STRING hit (STRING protein assigned to a better match)	1650	2953	1	1						
267463	fig|6666666.1036479.peg.2512	fig|6666666.1036479.peg.2175	0.7039587497711182	0.1966025322968925	Very Low	Very Low	Very Low–Very Low			0	no STRING match	no STRING match	1619	2924	13	1						
267598	fig|6666666.1036479.peg.1725	fig|6666666.1036479.peg.2458	0.7039152801036834	0.196701765992245	Very Low	Medium	Very Low–Medium	1-phosphatidylinositol phosphodiesterase.		0	secondary STRING hit (STRING protein assigned to a better match)	no STRING match	2728	3035	1	1	PI-PLC-X;PI-PLC_X	Phosphatidylinositol-specific phospholipase C, X domain; PI-PLC X 1		TonB_C	Gram-negative bacterial TonB protein C-terminal	GO:0055085
267872	fig|6666666.1036479.peg.3034	fig|6666666.1036479.peg.101	0.7037995874881744	0.1969031736405902	Very Low	Very Low	Very Low–Very Low			0	no STRING match	no STRING match	1887	2056	1	1	CSD	'Cold-shock' DNA-binding domain	GO:0003676	DUF4494	Domain of unknown function (DUF4494)	
268198	fig|6666666.1036479.peg.2750	fig|6666666.1036479.peg.1529	0.7036906480789185	0.1971428046382564	High	Very Low	Very Low–High			0	no STRING match	no STRING match	1732	2637	1	1	Bac_DNA_binding;HU-HIG	Bacterial DNA-binding protein; HU domain fused to wHTH, Ig, or Glycine-rich motif	GO:0003677;GO:0030527	CSD	'Cold-shock' DNA-binding domain	GO:0003676
268457	fig|6666666.1036479.peg.3054	fig|6666666.1036479.peg.1491	0.7035783946514129	0.1973331863204513	Very Low	Very Low	Very Low–Very Low			0	no STRING match	no STRING match	1893	2619	1	1	Pep_deformylase	Polypeptide deformylase	GO:0042586	Pept_tRNA_hydro	Peptidyl-tRNA hydrolase	GO:0004045
268486	fig|6666666.1036479.peg.1060	fig|6666666.1036479.peg.1556	0.7035651445388794	0.1973545031883418	Low	Low	Low–Low			0	no STRING match	no STRING match	2413	2650	1	1	CMD	Carboxymuconolactone decarboxylase family		RNase_T	Exonuclease	
268768	fig|6666666.1036479.peg.439	fig|6666666.1036479.peg.1516	0.7034554421901703	0.1975617913519672	Low	Low	Low–Low		Hypothetical protein.	0	no STRING match	secondary STRING hit (STRING protein assigned to a better match)	2161	2630	1	1	COX3	Cytochrome c oxidase subunit III	GO:0004129;GO:0016020	HupE_UreJ_2	HupE / UreJ protein	
269275	fig|6666666.1036479.peg.1031	fig|6666666.1036479.peg.1044	0.7032855391502381	0.1979344690078468	Very Low	Very Low	Very Low–Very Low			0	no STRING match	no STRING match	2407	2412	1	1				Glycos_transf_2	Glycosyl transferase family 2	
269576	fig|6666666.1036479.peg.3185	fig|6666666.1036479.peg.1415	0.7031676173210144	0.1981557233952625	Very Low	Low	Very Low–Low			0	no STRING match	no STRING match	1948	2594	1	1				DUF4280	Domain of unknown function (DUF4280)	
270015	fig|6666666.1036479.peg.1031	fig|6666666.1036479.peg.1078	0.702996039390564	0.1984784166712608	Very Low	Very Low	Very Low–Very Low		Glycosyl transferase, group 2 family protein; COG0463 Glycosyltransferases involved in cell wall biogenesis.	0	no STRING match	secondary STRING hit (STRING protein assigned to a better match)	2407	2422	1	1				Glyco_tranf_2_3;Glycos_transf_2;Glyco_tranf_2_2	Glycosyltransferase like family 2; Glycosyl transferase family 2	
270043	fig|6666666.1036479.peg.1172	fig|6666666.1036479.peg.1743	0.7029869735240937	0.1984989984747413	Medium	Medium	Medium–Medium			0	no STRING match	no STRING match	2484	2732	1	1				Cytochrom_C	Cytochrome c	GO:0009055;GO:0020037
270768	fig|6666666.1036479.peg.1587	fig|6666666.1036479.peg.1621	0.7026691496372223	0.199031920172005	Very Low	Very Low	Very Low–Very Low	Integrase family protein; COG4973 Site-specific recombinase XerC; Belongs to the 'phage' integrase family.	Integrase family protein; COG4973 Site-specific recombinase XerC; Belongs to the 'phage' integrase family.	0	secondary STRING hit (STRING protein assigned to a better match)	secondary STRING hit (STRING protein assigned to a better match)	2676	1367	1	2	Phage_integrase	Phage integrase family	GO:0003677;GO:0006310;GO:0015074	Phage_integrase	Phage integrase family	GO:0003677;GO:0006310;GO:0015074
270867	fig|6666666.1036479.peg.1313	fig|6666666.1036479.peg.2243	0.7026325345039368	0.1991046915485969	Low	Low	Low–Low			0	no STRING match	no STRING match	2537	2946	1	1				DUF2480	Protein of unknown function (DUF2480)	
272065	fig|6666666.1036479.peg.2606	fig|6666666.1036479.peg.1311	0.7022029042243958	0.1999852987117996	Low	Very Low	Very Low–Low		uroporphyrin-III C-methyltransferase; COG0007 Uroporphyrinogen-III methylase.	0	no STRING match	secondary STRING hit (STRING protein assigned to a better match)	1671	2535	1	1	Aminotran_4	Amino-transferase class IV	GO:0003824	TP_methylase	Tetrapyrrole (Corrin/Porphyrin) Methylases	GO:0008168
272397	fig|6666666.1036479.peg.941	fig|6666666.1036479.peg.1415	0.7020631194114685	0.2002293400959259	Very Low	Low	Very Low–Low			0	no STRING match	no STRING match	2388	2594	1	1	MvaI_BcnI	MvaI/BcnI restriction endonuclease family		DUF4280	Domain of unknown function (DUF4280)	
272724	fig|6666666.1036479.peg.1102	fig|6666666.1036479.peg.1120	0.7019371688365936	0.200469706158002	Low	Low	Low–Low			0	no STRING match	no STRING match	2434	2451	1	1						
273123	fig|6666666.1036479.peg.3186	fig|6666666.1036479.peg.3224	0.7017958760261536	0.2007629968575996	Very Low	Very Low	Very Low–Very Low			0	no STRING match	no STRING match	1949	1974	1	2						
273180	fig|6666666.1036479.peg.1743	fig|6666666.1036479.peg.2458	0.7017819106578826	0.2008048955289707	Medium	Medium	Medium–Medium			0	no STRING match	no STRING match	2732	3035	1	1	Cytochrom_C	Cytochrome c	GO:0009055;GO:0020037	TonB_C	Gram-negative bacterial TonB protein C-terminal	GO:0055085
273539	fig|6666666.1036479.peg.1044	fig|6666666.1036479.peg.1078	0.7016606867313385	0.2010687836521675	Very Low	Very Low	Very Low–Very Low		Glycosyl transferase, group 2 family protein; COG0463 Glycosyltransferases involved in cell wall biogenesis.	0	no STRING match	secondary STRING hit (STRING protein assigned to a better match)	2412	2422	1	1	Glycos_transf_2	Glycosyl transferase family 2		Glyco_tranf_2_3;Glycos_transf_2;Glyco_tranf_2_2	Glycosyltransferase like family 2; Glycosyl transferase family 2	
273592	fig|6666666.1036479.peg.2622	fig|6666666.1036479.peg.1311	0.7016391277313232	0.2011077420658985	Very Low	Very Low	Very Low–Very Low		uroporphyrin-III C-methyltransferase; COG0007 Uroporphyrinogen-III methylase.	0	no STRING match	secondary STRING hit (STRING protein assigned to a better match)	1681	2535	1	1	HMGL-like;HCS_D2	HMGL-like; Homocitrate synthase post-HMGL domain-like	GO:0003824	TP_methylase	Tetrapyrrole (Corrin/Porphyrin) Methylases	GO:0008168
274158	fig|6666666.1036479.peg.430	fig|6666666.1036479.peg.1857	0.7014321267604828	0.2015237885219692	Low	Medium	Low–Medium			0	no STRING match	no STRING match	2159	2774	1	1	Cytochrom_C	Cytochrome c	GO:0009055;GO:0020037			
274199	fig|6666666.1036479.peg.2708	fig|6666666.1036479.peg.1501	0.7014105021953583	0.20155392616278	Very Low	Very Low	Very Low–Very Low	OmpA family outer membrane protein; COG0297 Glycogen synthase.	OmpA family outer membrane protein; COG0297 Glycogen synthase.	0	secondary STRING hit (STRING protein assigned to a better match)	secondary STRING hit (STRING protein assigned to a better match)	1720	2625	1	1	SpaA;CarboxypepD_reg;OmpA	Prealbumin-like fold domain; Carboxypeptidase regulatory-like domain; OmpA family		SpaA;CarboxypepD_reg;OmpA	Prealbumin-like fold domain; Carboxypeptidase regulatory-like domain; OmpA family	
274215	fig|6666666.1036479.peg.267	fig|6666666.1036479.peg.1019	0.7014009058475494	0.2015656871933403	Very Low	Very Low	Very Low–Very Low			0	no STRING match	no STRING match	2101	2404	1	1	NTP_transf_3	MobA-like NTP transferase domain		TPMT	Thiopurine S-methyltransferase (TPMT)	GO:0008757
274264	fig|6666666.1036479.peg.101	fig|6666666.1036479.peg.404	0.7013858675956726	0.2016017053494312	Very Low	Low	Very Low–Low			0	no STRING match	no STRING match	2056	2146	1	1	DUF4494	Domain of unknown function (DUF4494)		PRiA4_ORF3	Plasmid pRiA4b ORF-3-like protein	
275135	fig|6666666.1036479.peg.291	fig|6666666.1036479.peg.1787	0.7010724127292634	0.2022419464505577	Low	Very Low	Very Low–Low			0	no STRING match	no STRING match	2112	2752	1	1				Imm11	Immunity protein family (Imm11)	
275439	fig|6666666.1036479.peg.3192	fig|6666666.1036479.peg.1759	0.7009638965129852	0.2024654060312034	Low	Low	Low–Low			0	no STRING match	no STRING match	1955	2738	1	1	DUF4280	Domain of unknown function (DUF4280)		DUF4280	Domain of unknown function (DUF4280)	
275555	fig|6666666.1036479.peg.1172	fig|6666666.1036479.peg.1817	0.7009115874767303	0.2025506735027656	Medium	Very Low	Very Low–Medium			0	no STRING match	no STRING match	2484	2764	1	1				Thioredoxin_7;Thioredoxin_2	Thioredoxin-like; Thioredoxin-like domain	
275782	fig|6666666.1036479.peg.1102	fig|6666666.1036479.peg.2243	0.7008171319961548	0.2027175331238399	Low	Low	Low–Low			0	no STRING match	no STRING match	2434	2946	1	1				DUF2480	Protein of unknown function (DUF2480)	
275876	fig|6666666.1036479.peg.29	fig|6666666.1036479.peg.1415	0.7007802128791809	0.2027866291783817	Very Low	Low	Very Low–Low			0	no STRING match	no STRING match	2016	2594	2	1				DUF4280	Domain of unknown function (DUF4280)	
276308	fig|6666666.1036479.peg.291	fig|6666666.1036479.peg.941	0.7006108522415161	0.2031041770035099	Low	Very Low	Very Low–Low			0	no STRING match	no STRING match	2112	2388	1	1				MvaI_BcnI	MvaI/BcnI restriction endonuclease family	
277290	fig|6666666.1036479.peg.362	fig|6666666.1036479.peg.1530	0.7002353847026825	0.2038260102541485	Very Low	Very Low	Very Low–Very Low			0	no STRING match	no STRING match	2136	2638	1	1	RNase_T	Exonuclease		DinB_2	DinB superfamily	
277645	fig|6666666.1036479.peg.2628	fig|6666666.1036479.peg.2458	0.7000997602939606	0.2040869581197052	Low	Medium	Low–Medium			0	no STRING match	no STRING match	1684	3035	1	1				TonB_C	Gram-negative bacterial TonB protein C-terminal	GO:0055085
277703	fig|6666666.1036479.peg.3052	fig|6666666.1036479.peg.1205	0.7000780820846557	0.2041295918554863	Very Low	Very Low	Very Low–Very Low			0	no STRING match	no STRING match	1892	2496	1	1	RuvX	Holliday junction resolvase	GO:0006364	AAA_18;ADK;AAA_17	AAA domain; Adenylate kinase	
278237	fig|6666666.1036479.peg.1019	fig|6666666.1036479.peg.1078	0.699861341714859	0.2045221162504364	Very Low	Very Low	Very Low–Very Low		Glycosyl transferase, group 2 family protein; COG0463 Glycosyltransferases involved in cell wall biogenesis.	0	no STRING match	secondary STRING hit (STRING protein assigned to a better match)	2404	2422	1	1	TPMT	Thiopurine S-methyltransferase (TPMT)	GO:0008757	Glyco_tranf_2_3;Glycos_transf_2;Glyco_tranf_2_2	Glycosyltransferase like family 2; Glycosyl transferase family 2	
278345	fig|6666666.1036479.peg.3182	fig|6666666.1036479.peg.29	0.699817669391632	0.2046015032067185	Very Low	Very Low	Very Low–Very Low	Rhs element Vgr protein; COG3501 Uncharacterized protein conserved in bacteria.		0	secondary STRING hit (STRING protein assigned to a better match)	no STRING match	1945	2016	1	2	Phage_GPD;Phage_base_V;DUF2345	Phage tail baseplate hub (GPD); Type VI secretion system/phage-baseplate injector OB domain; Uncharacterized protein conserved in bacteria (DUF2345)				
278687	fig|6666666.1036479.peg.430	fig|6666666.1036479.peg.1172	0.69969362616539	0.2048528952349449	Low	Medium	Low–Medium			0	no STRING match	no STRING match	2159	2484	1	1	Cytochrom_C	Cytochrome c	GO:0009055;GO:0020037			
279040	fig|6666666.1036479.peg.318	fig|6666666.1036479.peg.1347	0.6995548903942108	0.2051123729716816	Low	Very Low	Very Low–Low			0	no STRING match	no STRING match	2129	2557	1	3						
279194	fig|6666666.1036479.peg.2606	fig|6666666.1036479.peg.1463	0.6994916081428528	0.2052255728908245	Low	Low	Low–Low			0	no STRING match	no STRING match	1671	2609	1	1	Aminotran_4	Amino-transferase class IV	GO:0003824	Hexapep_2;Hexapep;Hexapep_2	Hexapeptide repeat of succinyl-transferase; Bacterial transferase hexapeptide (six repeats)	
279361	fig|6666666.1036479.peg.1031	fig|6666666.1036479.peg.1562	0.6994291782379151	0.2053483286472977	Very Low	Very Low	Very Low–Very Low			0	no STRING match	no STRING match	2407	2655	1	1						
279449	fig|6666666.1036479.peg.203	fig|6666666.1036479.peg.1516	0.6993939518928528	0.2054130143153794	Low	Low	Low–Low		Hypothetical protein.	0	no STRING match	secondary STRING hit (STRING protein assigned to a better match)	2074	2630	1	1				HupE_UreJ_2	HupE / UreJ protein	
279963	fig|6666666.1036479.peg.2549	fig|6666666.1036479.peg.1633	0.6991813004016876	0.2057908374221291	Very Low	Very Low	Very Low–Very Low			0	no STRING match	no STRING match	1642	2695	1	2				Toxin-deaminase	The  BURPS668_1122 family of deaminases	
280103	fig|6666666.1036479.peg.2628	fig|6666666.1036479.peg.2008	0.6991369903087616	0.2058937464395317	Low	Very Low	Very Low–Low			0	no STRING match	no STRING match	1684	2840	1	1				Hpt	Hpt domain	GO:0000160
280156	fig|6666666.1036479.peg.2877	fig|6666666.1036479.peg.432	0.6991219520568848	0.2059327048532627	Low	High	Low–High			0	no STRING match	no STRING match	1803	2160	1	1	Sulf_transp	Sulphur transport		COX1	Cytochrome C and Quinol oxidase polypeptide I	GO:0004129;GO:0009060;GO:0016020;GO:0020037
280653	fig|6666666.1036479.peg.3185	fig|6666666.1036479.peg.29	0.698924058675766	0.2062980318650421	Very Low	Very Low	Very Low–Very Low			0	no STRING match	no STRING match	1948	2016	1	2						
280656	fig|6666666.1036479.peg.2549	fig|6666666.1036479.peg.862	0.6989226341247559	0.2063002370582722	Very Low	Very Low	Very Low–Very Low			0	no STRING match	no STRING match	1642	2342	1	1				Carb_anhydrase	Eukaryotic-type carbonic anhydrase	
280996	fig|6666666.1036479.peg.3080	fig|6666666.1036479.peg.194	0.6988136649131775	0.2065501589576786	Very Low	Very Low	Very Low–Very Low			0	no STRING match	no STRING match	1903	2071	1	1	Ham1p_like	Ham1 family	GO:0009143;GO:0047429	Sua5_yciO_yrdC	Telomere recombination	GO:0003725
281442	fig|6666666.1036479.peg.3140	fig|6666666.1036479.peg.1102	0.6986527919769288	0.2068779976845471	Low	Low	Low–Low			0	no STRING match	no STRING match	1926	2434	1	1						
281532	fig|6666666.1036479.peg.922	fig|6666666.1036479.peg.1442	0.69863201379776	0.2069441534814488	Very Low	Very Low	Very Low–Very Low			0	no STRING match	no STRING match	2379	2604	1	1	Maf	Maf-like protein	GO:0047429	SpoU_methylase	SpoU rRNA Methylase family	GO:0003723;GO:0006396;GO:0008173
281910	fig|6666666.1036479.peg.1415	fig|6666666.1036479.peg.1783	0.6984938740730285	0.2072220078284359	Low	Very Low	Very Low–Low			0	no STRING match	no STRING match	2594	2748	1	1	DUF4280	Domain of unknown function (DUF4280)				
282146	fig|6666666.1036479.peg.3230	fig|6666666.1036479.peg.1414	0.6983828842639923	0.2073954830292004	Very Low	Very Low	Very Low–Very Low		Peptidase M23; COG4678 Muramidase (phage lambda lysozyme).	0	no STRING match	secondary STRING hit (STRING protein assigned to a better match)	1980	2593	2	1	DUF3164	Protein of unknown function (DUF3164)		Endolysin	Endolysin	
282161	fig|6666666.1036479.peg.3182	fig|6666666.1036479.peg.3185	0.6983793914318085	0.2074065089953507	Very Low	Very Low	Very Low–Very Low	Rhs element Vgr protein; COG3501 Uncharacterized protein conserved in bacteria.		0	secondary STRING hit (STRING protein assigned to a better match)	no STRING match	1945	1948	1	1	Phage_GPD;Phage_base_V;DUF2345	Phage tail baseplate hub (GPD); Type VI secretion system/phage-baseplate injector OB domain; Uncharacterized protein conserved in bacteria (DUF2345)				
282598	fig|6666666.1036479.peg.1491	fig|6666666.1036479.peg.2127	0.6982165694236755	0.207727732142529	Very Low	Very Low	Very Low–Very Low			0	no STRING match	no STRING match	2619	2890	1	1	Pept_tRNA_hydro	Peptidyl-tRNA hydrolase	GO:0004045	Guanylate_kin	Guanylate kinase	
282770	fig|6666666.1036479.peg.1817	fig|6666666.1036479.peg.1858	0.698141747713089	0.2078541632210522	Very Low	Low	Very Low–Low			0	no STRING match	no STRING match	2764	2775	1	1	Thioredoxin_7;Thioredoxin_2	Thioredoxin-like; Thioredoxin-like domain		DUF3098	Protein of unknown function (DUF3098)	
282793	fig|6666666.1036479.peg.2622	fig|6666666.1036479.peg.3080	0.6981277227401733	0.2078710697024826	Very Low	Very Low	Very Low–Very Low			0	no STRING match	no STRING match	1681	1903	1	1	HMGL-like;HCS_D2	HMGL-like; Homocitrate synthase post-HMGL domain-like	GO:0003824	Ham1p_like	Ham1 family	GO:0009143;GO:0047429
283156	fig|6666666.1036479.peg.2897	fig|6666666.1036479.peg.209	0.6979908645153046	0.2081378980833195	Low	Low	Low–Low			0	no STRING match	no STRING match	1819	2077	1	1	Sigma70_r2;Sigma70_r4_2;Sigma70_r4	Sigma-70 region 2; Sigma-70, region 4	GO:0003677;GO:0003700;GO:0006352;GO:0006355;GO:0016987	Sigma70_r2;Sigma70_r4_2	Sigma-70 region 2; Sigma-70, region 4	GO:0003677;GO:0003700;GO:0006352;GO:0006355;GO:0016987
283418	fig|6666666.1036479.peg.3140	fig|6666666.1036479.peg.1120	0.6978994846343994	0.2083304849587445	Low	Low	Low–Low			0	no STRING match	no STRING match	1926	2451	1	1						
283833	fig|6666666.1036479.peg.2885	fig|6666666.1036479.peg.87	0.6977426707744598	0.2086355366889023	Low	Low	Low–Low			0	no STRING match	no STRING match	1809	2051	1	1	Ribonuc_L-PSP	Endoribonuclease L-PSP		Peptidase_S66C	LD-carboxypeptidase C-terminal domain	
284135	fig|6666666.1036479.peg.267	fig|6666666.1036479.peg.1969	0.6976473033428192	0.208857526140728	Very Low	Low	Very Low–Low		Hypothetical protein.	0	no STRING match	secondary STRING hit (STRING protein assigned to a better match)	2101	2828	1	1	NTP_transf_3	MobA-like NTP transferase domain		DDE_Tnp_1_3;DDE_Tnp_1	Transposase DDE domain	GO:0003677;GO:0004803;GO:0006313
285257	fig|6666666.1036479.peg.3080	fig|6666666.1036479.peg.1211	0.6972233831882477	0.2096822684087693	Very Low	Very Low	Very Low–Very Low			0	no STRING match	no STRING match	1903	2500	1	1	Ham1p_like	Ham1 family	GO:0009143;GO:0047429	AIRC	AIR carboxylase	GO:0006189
285460	fig|6666666.1036479.peg.905	fig|6666666.1036479.peg.1530	0.6971445560455323	0.2098314864840031	Very Low	Very Low	Very Low–Very Low			0	no STRING match	no STRING match	2372	2638	1	1				DinB_2	DinB superfamily	
285519	fig|6666666.1036479.peg.2699	fig|6666666.1036479.peg.101	0.6971258819103241	0.2098748552841942	Very Low	Very Low	Very Low–Very Low			0	no STRING match	no STRING match	1716	2056	1	1	DUF3467	Protein of unknown function (DUF3467)		DUF4494	Domain of unknown function (DUF4494)	
285589	fig|6666666.1036479.peg.2750	fig|6666666.1036479.peg.1505	0.6971056878566741	0.2099263097928956	High	Very Low	Very Low–High			0	no STRING match	no STRING match	1732	2627	1	1	Bac_DNA_binding;HU-HIG	Bacterial DNA-binding protein; HU domain fused to wHTH, Ig, or Glycine-rich motif	GO:0003677;GO:0030527	GCV_H	Glycine cleavage H-protein	
285628	fig|6666666.1036479.peg.3224	fig|6666666.1036479.peg.1783	0.6970842123031616	0.2099549773048863	Very Low	Very Low	Very Low–Very Low			0	no STRING match	no STRING match	1974	2748	2	1						
285748	fig|6666666.1036479.peg.430	fig|6666666.1036479.peg.1743	0.69703049659729	0.2100431850340886	Low	Medium	Low–Medium			0	no STRING match	no STRING match	2159	2732	1	1	Cytochrom_C	Cytochrome c	GO:0009055;GO:0020037	Cytochrom_C	Cytochrome c	GO:0009055;GO:0020037
285860	fig|6666666.1036479.peg.27	fig|6666666.1036479.peg.29	0.6969862043857574	0.2101255122480107	Very Low	Very Low	Very Low–Very Low			0	no STRING match	no STRING match	2014	2016	2	2	DUF6046	Domain of unknown function (DUF6046)				
285895	fig|6666666.1036479.peg.29	fig|6666666.1036479.peg.941	0.6969691991806031	0.2101512395023614	Very Low	Very Low	Very Low–Very Low			0	no STRING match	no STRING match	2016	2388	2	1				MvaI_BcnI	MvaI/BcnI restriction endonuclease family	
286386	fig|6666666.1036479.peg.2628	fig|6666666.1036479.peg.1817	0.6968120694160461	0.2105121561276806	Low	Very Low	Very Low–Low			0	no STRING match	no STRING match	1684	2764	1	1				Thioredoxin_7;Thioredoxin_2	Thioredoxin-like; Thioredoxin-like domain	
286484	fig|6666666.1036479.peg.1587	fig|6666666.1036479.peg.2008	0.6967858374118805	0.2105841924398625	Very Low	Very Low	Very Low–Very Low	Integrase family protein; COG4973 Site-specific recombinase XerC; Belongs to the 'phage' integrase family.		0	secondary STRING hit (STRING protein assigned to a better match)	no STRING match	2676	2840	1	1	Phage_integrase	Phage integrase family	GO:0003677;GO:0006310;GO:0015074	Hpt	Hpt domain	GO:0000160
286635	fig|6666666.1036479.peg.3230	fig|6666666.1036479.peg.2484	0.6967409014701843	0.2106951871657754	Very Low	Very Low	Very Low–Very Low			0	no STRING match	no STRING match	1980	3046	2	1	DUF3164	Protein of unknown function (DUF3164)				
286977	fig|6666666.1036479.peg.87	fig|6666666.1036479.peg.1556	0.6965993642807007	0.2109465791940018	Low	Low	Low–Low			0	no STRING match	no STRING match	2051	2650	1	1	Peptidase_S66C	LD-carboxypeptidase C-terminal domain		RNase_T	Exonuclease	
287021	fig|6666666.1036479.peg.2557	fig|6666666.1036479.peg.318	0.6965870916843414	0.2109789220280427	Very Low	Low	Very Low–Low	Yd repeat protein; COG3209 Rhs family protein.		0	secondary STRING hit (STRING protein assigned to a better match)	no STRING match	1650	2129	1	1						
287644	fig|6666666.1036479.peg.905	fig|6666666.1036479.peg.1222	0.6963664174079895	0.2114368671554845	Very Low	Very Low	Very Low–Very Low			0	no STRING match	no STRING match	2372	2506	1	1						
287792	fig|6666666.1036479.peg.380	fig|6666666.1036479.peg.1865	0.6963078141212463	0.2115456566881673	Very Low	Very Low	Very Low–Very Low			0	no STRING match	no STRING match	2141	2778	1	1	TP_methylase	Tetrapyrrole (Corrin/Porphyrin) Methylases	GO:0008168	TMP-TENI	Thiamine monophosphate synthase	
288439	fig|6666666.1036479.peg.555	fig|6666666.1036479.peg.1969	0.6960686981678009	0.2120212433614495	Very Low	Low	Very Low–Low		Hypothetical protein.	0	no STRING match	secondary STRING hit (STRING protein assigned to a better match)	2200	2828	1	1	Glyoxalase;Glyoxalase_2;Glyoxalase_4	Glyoxalase/Bleomycin resistance protein/Dioxygenase superfamily; Glyoxalase-like domain		DDE_Tnp_1_3;DDE_Tnp_1	Transposase DDE domain	GO:0003677;GO:0004803;GO:0006313
288706	fig|6666666.1036479.peg.1759	fig|6666666.1036479.peg.1776	0.6959636211395264	0.2122175055589246	Low	Low	Low–Low			0	no STRING match	no STRING match	2738	2745	1	1	DUF4280	Domain of unknown function (DUF4280)		DUF4280	Domain of unknown function (DUF4280)	
288932	fig|6666666.1036479.peg.745	fig|6666666.1036479.peg.2008	0.695883572101593	0.2123836301155889	Very Low	Very Low	Very Low–Very Low			0	no STRING match	no STRING match	2303	2840	1	1	DUF1493	Protein of unknown function (DUF1493)		Hpt	Hpt domain	GO:0000160
289556	fig|6666666.1036479.peg.745	fig|6666666.1036479.peg.1787	0.6956393003463746	0.2128423103074407	Very Low	Very Low	Very Low–Very Low			0	no STRING match	no STRING match	2303	2752	1	1	DUF1493	Protein of unknown function (DUF1493)		Imm11	Immunity protein family (Imm11)	
289569	fig|6666666.1036479.peg.1106	fig|6666666.1036479.peg.1120	0.6956366956233978	0.2128518661447709	Very Low	Low	Very Low–Low			0	no STRING match	no STRING match	2438	2451	2	1						
290068	fig|6666666.1036479.peg.941	fig|6666666.1036479.peg.1783	0.6954053163528442	0.2132186632853703	Very Low	Very Low	Very Low–Very Low			0	no STRING match	no STRING match	2388	2748	1	1	MvaI_BcnI	MvaI/BcnI restriction endonuclease family				
290511	fig|6666666.1036479.peg.1031	fig|6666666.1036479.peg.1222	0.695238345861435	0.2135442968190087	Very Low	Very Low	Very Low–Very Low			0	no STRING match	no STRING match	2407	2506	1	1						
290653	fig|6666666.1036479.peg.1530	fig|6666666.1036479.peg.2008	0.6951872766017914	0.2136486759652314	Very Low	Very Low	Very Low–Very Low			0	no STRING match	no STRING match	2638	2840	1	1	DinB_2	DinB superfamily		Hpt	Hpt domain	GO:0000160
291283	fig|6666666.1036479.peg.1858	fig|6666666.1036479.peg.2252	0.6949476182460785	0.2141117665435433	Low	Low	Low–Low			0	no STRING match	no STRING match	2775	2950	1	1	DUF3098	Protein of unknown function (DUF3098)				
291385	fig|6666666.1036479.peg.87	fig|6666666.1036479.peg.1060	0.694908344745636	0.2141867431133653	Low	Low	Low–Low			0	no STRING match	no STRING match	2051	2413	1	1	Peptidase_S66C	LD-carboxypeptidase C-terminal domain		CMD	Carboxymuconolactone decarboxylase family	
291483	fig|6666666.1036479.peg.1478	fig|6666666.1036479.peg.2252	0.6948642015457154	0.2142587794255471	Low	Low	Low–Low			0	no STRING match	no STRING match	2614	2950	1	1	COX3	Cytochrome c oxidase subunit III	GO:0004129;GO:0016020			
291624	fig|6666666.1036479.peg.678	fig|6666666.1036479.peg.1516	0.6948080837726593	0.2143624235073598	Low	Low	Low–Low		Hypothetical protein.	0	no STRING match	secondary STRING hit (STRING protein assigned to a better match)	2256	2630	1	1	MFS_1	Major Facilitator Superfamily	GO:0022857;GO:0055085	HupE_UreJ_2	HupE / UreJ protein	
291814	fig|6666666.1036479.peg.1073	fig|6666666.1036479.peg.1078	0.6947377800941468	0.2145020857452634	Very Low	Very Low	Very Low–Very Low		Glycosyl transferase, group 2 family protein; COG0463 Glycosyltransferases involved in cell wall biogenesis.	0	no STRING match	secondary STRING hit (STRING protein assigned to a better match)	2417	2422	1	1	Glyco_trans_4_2;Glyco_transf_4;GT4-conflict;Glycos_transf_1;Glyco_trans_1_4	Glycosyl transferase 4-like; Glycosyltransferase Family 4; Family 4 Glycosyltransferase in conflict systems; Glycosyl transferases group 1	GO:0016757	Glyco_tranf_2_3;Glycos_transf_2;Glyco_tranf_2_2	Glycosyltransferase like family 2; Glycosyl transferase family 2	
291887	fig|6666666.1036479.peg.941	fig|6666666.1036479.peg.1917	0.6947004616260528	0.2145557454471948	Very Low	Very Low	Very Low–Very Low			0	no STRING match	no STRING match	2388	2794	1	1	MvaI_BcnI	MvaI/BcnI restriction endonuclease family		CTD12	C-terminal domain 12 of the ABC-three component (ABC-3C) systems	
292313	fig|6666666.1036479.peg.1036	fig|6666666.1036479.peg.1654	0.6945361733436585	0.2148688828858628	Very Low	Low	Very Low–Low			0	no STRING match	no STRING match	2408	2705	1	1						
292400	fig|6666666.1036479.peg.3121	fig|6666666.1036479.peg.1102	0.6945012748241425	0.2149328334895345	Very Low	Low	Very Low–Low			0	no STRING match	no STRING match	1918	2434	1	1						
292421	fig|6666666.1036479.peg.3080	fig|6666666.1036479.peg.1442	0.694490659236908	0.2149482698421449	Very Low	Very Low	Very Low–Very Low			0	no STRING match	no STRING match	1903	2604	1	1	Ham1p_like	Ham1 family	GO:0009143;GO:0047429	SpoU_methylase	SpoU rRNA Methylase family	GO:0003723;GO:0006396;GO:0008173
292616	fig|6666666.1036479.peg.1787	fig|6666666.1036479.peg.2157	0.6944214344024658	0.2150916074020986	Very Low	Very Low	Very Low–Very Low			0	no STRING match	no STRING match	2752	2907	1	1	Imm11	Immunity protein family (Imm11)				
292634	fig|6666666.1036479.peg.3230	fig|6666666.1036479.peg.404	0.6944151043891906	0.2151048385614789	Very Low	Low	Very Low–Low			0	no STRING match	no STRING match	1980	2146	2	1	DUF3164	Protein of unknown function (DUF3164)		PRiA4_ORF3	Plasmid pRiA4b ORF-3-like protein	
293076	fig|6666666.1036479.peg.291	fig|6666666.1036479.peg.1917	0.69423348903656	0.2154297370307073	Low	Very Low	Very Low–Low			0	no STRING match	no STRING match	2112	2794	1	1				CTD12	C-terminal domain 12 of the ABC-three component (ABC-3C) systems	
293335	fig|6666666.1036479.peg.1126	fig|6666666.1036479.peg.1581	0.6941373407840729	0.2156201187129022	Very Low	Very Low	Very Low–Very Low			0	no STRING match	no STRING match	2457	2672	1	1						
293461	fig|6666666.1036479.peg.2827	fig|6666666.1036479.peg.609	0.6940886855125428	0.2157127368285646	Very Low	Very Low	Very Low–Very Low			0	no STRING match	no STRING match	1773	2225	1	1						
293496	fig|6666666.1036479.peg.1491	fig|6666666.1036479.peg.1505	0.6940821886062623	0.2157384640829152	Very Low	Very Low	Very Low–Very Low			0	no STRING match	no STRING match	2619	2627	1	1	Pept_tRNA_hydro	Peptidyl-tRNA hydrolase	GO:0004045	GCV_H	Glycine cleavage H-protein	
293605	fig|6666666.1036479.peg.862	fig|6666666.1036479.peg.995	0.6940467476844787	0.2158185861036073	Very Low	Medium	Very Low–Medium		Hypothetical protein.	0	no STRING match	secondary STRING hit (STRING protein assigned to a better match)	2342	2396	1	1	Carb_anhydrase	Eukaryotic-type carbonic anhydrase		Reprolysin_3;Peptidase_M43;DUF8694;Por_Secre_tail	Metallo-peptidase family M12B Reprolysin-like; Pregnancy-associated plasma protein-A; Domain of unknown function (DUF8694); Secretion system C-terminal sorting domain	
293845	fig|6666666.1036479.peg.3185	fig|6666666.1036479.peg.318	0.693972247838974	0.2159950015620118	Very Low	Low	Very Low–Low			0	no STRING match	no STRING match	1948	2129	1	1						
294214	fig|6666666.1036479.peg.1414	fig|6666666.1036479.peg.1960	0.6938351929187775	0.2162662403293088	Very Low	Very Low	Very Low–Very Low	Peptidase M23; COG4678 Muramidase (phage lambda lysozyme).	Hypothetical protein; COG3772 Phage-related lysozyme (muraminidase).	0	secondary STRING hit (STRING protein assigned to a better match)	secondary STRING hit (STRING protein assigned to a better match)	2593	2821	1	1	Endolysin	Endolysin		DUF5675	Family of unknown function (DUF5675)	
294654	fig|6666666.1036479.peg.1102	fig|6666666.1036479.peg.1581	0.6936785578727722	0.2165896686697171	Low	Very Low	Very Low–Low			0	no STRING match	no STRING match	2434	2672	1	1						
294752	fig|6666666.1036479.peg.291	fig|6666666.1036479.peg.1783	0.6936421632766724	0.216661704981899	Low	Very Low	Very Low–Low			0	no STRING match	no STRING match	2112	2748	1	1						
295018	fig|6666666.1036479.peg.1581	fig|6666666.1036479.peg.1787	0.6935340881347656	0.216857232114964	Very Low	Very Low	Very Low–Very Low			0	no STRING match	no STRING match	2672	2752	1	1				Imm11	Immunity protein family (Imm11)	
295569	fig|6666666.1036479.peg.3140	fig|6666666.1036479.peg.1654	0.6933216989040375	0.2172622526048845	Low	Low	Low–Low			0	no STRING match	no STRING match	1926	2705	1	1						
295683	fig|6666666.1036479.peg.3140	fig|6666666.1036479.peg.2180	0.6932744085788727	0.2173460499476266	Low	Low	Low–Low			0	no STRING match	no STRING match	1926	2929	1	1				Toxin-deaminase	The  BURPS668_1122 family of deaminases	
295948	fig|6666666.1036479.peg.1036	fig|6666666.1036479.peg.1044	0.6931725144386292	0.2175408420162816	Very Low	Very Low	Very Low–Very Low			0	no STRING match	no STRING match	2408	2412	1	1				Glycos_transf_2	Glycosyl transferase family 2	
295969	fig|6666666.1036479.peg.267	fig|6666666.1036479.peg.555	0.6931647300720215	0.217556278368892	Very Low	Very Low	Very Low–Very Low			0	no STRING match	no STRING match	2101	2200	1	1	NTP_transf_3	MobA-like NTP transferase domain		Glyoxalase;Glyoxalase_2;Glyoxalase_4	Glyoxalase/Bleomycin resistance protein/Dioxygenase superfamily; Glyoxalase-like domain	
296059	fig|6666666.1036479.peg.862	fig|6666666.1036479.peg.1633	0.6931305050849914	0.2176224341657937	Very Low	Very Low	Very Low–Very Low			0	no STRING match	no STRING match	2342	2695	1	2	Carb_anhydrase	Eukaryotic-type carbonic anhydrase		Toxin-deaminase	The  BURPS668_1122 family of deaminases	
296189	fig|6666666.1036479.peg.2977	fig|6666666.1036479.peg.354	0.6930867075920105	0.2177179925390962	Very Low	Very Low	Very Low–Very Low			0	no STRING match	no STRING match	1856	2135	1	1	GrpE	GrpE	GO:0000774;GO:0006457;GO:0042803;GO:0051087	SUI1	Translation initiation factor SUI1	GO:0003743;GO:0006413
296752	fig|6666666.1036479.peg.27	fig|6666666.1036479.peg.318	0.692903071641922	0.2181318338019369	Very Low	Low	Very Low–Low			0	no STRING match	no STRING match	2014	2129	2	1	DUF6046	Domain of unknown function (DUF6046)				
296934	fig|6666666.1036479.peg.3182	fig|6666666.1036479.peg.862	0.6928332030773163	0.2182656155245603	Very Low	Very Low	Very Low–Very Low	Rhs element Vgr protein; COG3501 Uncharacterized protein conserved in bacteria.		0	secondary STRING hit (STRING protein assigned to a better match)	no STRING match	1945	2342	1	1	Phage_GPD;Phage_base_V;DUF2345	Phage tail baseplate hub (GPD); Type VI secretion system/phage-baseplate injector OB domain; Uncharacterized protein conserved in bacteria (DUF2345)		Carb_anhydrase	Eukaryotic-type carbonic anhydrase	
296944	fig|6666666.1036479.peg.2606	fig|6666666.1036479.peg.380	0.6928301751613617	0.2182729661686605	Low	Very Low	Very Low–Low			0	no STRING match	no STRING match	1671	2141	1	1	Aminotran_4	Amino-transferase class IV	GO:0003824	TP_methylase	Tetrapyrrole (Corrin/Porphyrin) Methylases	GO:0008168
296956	fig|6666666.1036479.peg.1091	fig|6666666.1036479.peg.1172	0.6928270339965821	0.2182817869415807	High	Medium	Medium–High			0	no STRING match	no STRING match	2427	2484	1	1						
296962	fig|6666666.1036479.peg.3052	fig|6666666.1036479.peg.3054	0.6928245186805725	0.2182861973280408	Very Low	Very Low	Very Low–Very Low			0	no STRING match	no STRING match	1892	1893	1	1	RuvX	Holliday junction resolvase	GO:0006364	Pep_deformylase	Polypeptide deformylase	GO:0042586
297407	fig|6666666.1036479.peg.2708	fig|6666666.1036479.peg.459	0.6926592111587524	0.2186133009904993	Very Low	Medium	Very Low–Medium	OmpA family outer membrane protein; COG0297 Glycogen synthase.		0	secondary STRING hit (STRING protein assigned to a better match)	no STRING match	1720	2169	1	1	SpaA;CarboxypepD_reg;OmpA	Prealbumin-like fold domain; Carboxypeptidase regulatory-like domain; OmpA family				
297585	fig|6666666.1036479.peg.1783	fig|6666666.1036479.peg.1917	0.6925830483436585	0.2187441424554826	Very Low	Very Low	Very Low–Very Low			0	no STRING match	no STRING match	2748	2794	1	1				CTD12	C-terminal domain 12 of the ABC-three component (ABC-3C) systems	
297893	fig|6666666.1036479.peg.3082	fig|6666666.1036479.peg.459	0.6924514293670654	0.2189705422937685	High	Medium	Medium–High			0	no STRING match	no STRING match	1904	2169	1	1	DUF7935	Family of unknown function (DUF7935)				
298134	fig|6666666.1036479.peg.459	fig|6666666.1036479.peg.1501	0.6923743784427643	0.219147692816583	Medium	Very Low	Very Low–Medium		OmpA family outer membrane protein; COG0297 Glycogen synthase.	0	no STRING match	secondary STRING hit (STRING protein assigned to a better match)	2169	2625	1	1				SpaA;CarboxypepD_reg;OmpA	Prealbumin-like fold domain; Carboxypeptidase regulatory-like domain; OmpA family	
298339	fig|6666666.1036479.peg.744	fig|6666666.1036479.peg.1091	0.6923078775405884	0.2192983810206369	Low	High	Low–High			0	no STRING match	no STRING match	2302	2427	1	1	DUF8209	Family of unknown function (DUF8209)				
299028	fig|6666666.1036479.peg.3224	fig|6666666.1036479.peg.3229	0.692049241065979	0.2198048403991399	Very Low	Very Low	Very Low–Very Low			0	no STRING match	no STRING match	1974	1979	2	2						
299123	fig|6666666.1036479.peg.362	fig|6666666.1036479.peg.905	0.6920121192932129	0.2198746715180917	Very Low	Very Low	Very Low–Very Low			0	no STRING match	no STRING match	2136	2372	1	1	RNase_T	Exonuclease				
299970	fig|6666666.1036479.peg.87	fig|6666666.1036479.peg.1969	0.6917344510555268	0.2204972710733778	Low	Low	Low–Low		Hypothetical protein.	0	no STRING match	secondary STRING hit (STRING protein assigned to a better match)	2051	2828	1	1	Peptidase_S66C	LD-carboxypeptidase C-terminal domain		DDE_Tnp_1_3;DDE_Tnp_1	Transposase DDE domain	GO:0003677;GO:0004803;GO:0006313
300117	fig|6666666.1036479.peg.3140	fig|6666666.1036479.peg.2175	0.6916710197925567	0.2206053255416505	Low	Very Low	Very Low–Low			0	no STRING match	no STRING match	1926	2924	1	1						
300142	fig|6666666.1036479.peg.1172	fig|6666666.1036479.peg.1530	0.6916580379009247	0.220623702151901	Medium	Very Low	Very Low–Medium			0	no STRING match	no STRING match	2484	2638	1	1				DinB_2	DinB superfamily	
300204	fig|6666666.1036479.peg.2606	fig|6666666.1036479.peg.1865	0.6916346848011017	0.2206692761453222	Low	Very Low	Very Low–Low			0	no STRING match	no STRING match	1671	2778	1	1	Aminotran_4	Amino-transferase class IV	GO:0003824	TMP-TENI	Thiamine monophosphate synthase	
301109	fig|6666666.1036479.peg.2992	fig|6666666.1036479.peg.1641	0.6912991464138031	0.2213345094363893	Very Low	Low	Very Low–Low			0	no STRING match	no STRING match	1862	2697	1	1						
301793	fig|6666666.1036479.peg.1414	fig|6666666.1036479.peg.1948	0.6910288691520691	0.2218372934928423	Very Low	Very Low	Very Low–Very Low	Peptidase M23; COG4678 Muramidase (phage lambda lysozyme).	Hypothetical protein.	0	secondary STRING hit (STRING protein assigned to a better match)	secondary STRING hit (STRING protein assigned to a better match)	2593	2810	1	1	Endolysin	Endolysin				
301980	fig|6666666.1036479.peg.463	fig|6666666.1036479.peg.1530	0.6909561574459075	0.2219747505375158	Low	Very Low	Very Low–Low			0	no STRING match	no STRING match	2170	2638	1	1	Glucosaminidase	Mannosyl-glycoprotein endo-beta-N-acetylglucosaminidase	GO:0004040	DinB_2	DinB superfamily	
302081	fig|6666666.1036479.peg.1743	fig|6666666.1036479.peg.2024	0.6909081220626831	0.2220489920429277	Medium	Medium	Medium–Medium			0	no STRING match	no STRING match	2732	2846	1	1	Cytochrom_C	Cytochrome c	GO:0009055;GO:0020037	SnoaL_3	SnoaL-like domain	
302139	fig|6666666.1036479.peg.737	fig|6666666.1036479.peg.1036	0.6908812284469604	0.2220916257787088	Very Low	Very Low	Very Low–Very Low			0	no STRING match	no STRING match	2295	2408	1	1						
302442	fig|6666666.1036479.peg.267	fig|6666666.1036479.peg.1073	0.6907835960388183	0.2223143502949446	Very Low	Very Low	Very Low–Very Low			0	no STRING match	no STRING match	2101	2417	1	1	NTP_transf_3	MobA-like NTP transferase domain		Glyco_trans_4_2;Glyco_transf_4;GT4-conflict;Glycos_transf_1;Glyco_trans_1_4	Glycosyl transferase 4-like; Glycosyltransferase Family 4; Family 4 Glycosyltransferase in conflict systems; Glycosyl transferases group 1	GO:0016757
302678	fig|6666666.1036479.peg.1581	fig|6666666.1036479.peg.2175	0.6906998217105865	0.222487825495709	Very Low	Very Low	Very Low–Very Low			0	no STRING match	no STRING match	2672	2924	1	1						
303139	fig|6666666.1036479.peg.459	fig|6666666.1036479.peg.902	0.6905197501182556	0.2228266901887277	Medium	Very Low	Very Low–Medium			0	no STRING match	no STRING match	2169	2370	1	1				DciA	Dna[CI] antecedent, DciA	
303257	fig|6666666.1036479.peg.1324	fig|6666666.1036479.peg.2175	0.690474396944046	0.22291342778911	Very Low	Very Low	Very Low–Very Low			0	no STRING match	no STRING match	2544	2924	1	1						
303353	fig|6666666.1036479.peg.109	fig|6666666.1036479.peg.203	0.690438860654831	0.2229839939724718	Low	Low	Low–Low			0	no STRING match	no STRING match	2060	2074	1	1	DUF3817	Domain of unknown function (DUF3817)				
303593	fig|6666666.1036479.peg.209	fig|6666666.1036479.peg.459	0.6903526782989502	0.2231604094308764	Low	Medium	Low–Medium			0	no STRING match	no STRING match	2077	2169	1	1	Sigma70_r2;Sigma70_r4_2	Sigma-70 region 2; Sigma-70, region 4	GO:0003677;GO:0003700;GO:0006352;GO:0006355;GO:0016987			
304055	fig|6666666.1036479.peg.1562	fig|6666666.1036479.peg.1641	0.6901653468608856	0.2235000091883051	Very Low	Low	Very Low–Low			0	no STRING match	no STRING match	2655	2697	1	1						
304350	fig|6666666.1036479.peg.3121	fig|6666666.1036479.peg.1113	0.6900629878044129	0.2237168531892607	Very Low	Very Low	Very Low–Very Low			0	no STRING match	no STRING match	1918	2444	1	1						
304402	fig|6666666.1036479.peg.1917	fig|6666666.1036479.peg.2173	0.6900417685508728	0.2237550765385817	Very Low	Very Low	Very Low–Very Low			0	no STRING match	no STRING match	2794	2922	1	1	CTD12	C-terminal domain 12 of the ABC-three component (ABC-3C) systems				
304584	fig|6666666.1036479.peg.2877	fig|6666666.1036479.peg.1490	0.689975905418396	0.2238888582612051	Low	High	Low–High			0	no STRING match	no STRING match	1803	2618	1	1	Sulf_transp	Sulphur transport		DUF456	Protein of unknown function (DUF456)	
304759	fig|6666666.1036479.peg.203	fig|6666666.1036479.peg.1478	0.6899109959602356	0.2240174945329584	Low	Low	Low–Low			0	no STRING match	no STRING match	2074	2614	1	1				COX3	Cytochrome c oxidase subunit III	GO:0004129;GO:0016020
305234	fig|6666666.1036479.peg.2977	fig|6666666.1036479.peg.1018	0.689747941493988	0.2243666501277174	Very Low	Very Low	Very Low–Very Low			0	no STRING match	no STRING match	1856	2403	1	1	GrpE	GrpE	GO:0000774;GO:0006457;GO:0042803;GO:0051087	S4;HSP15_C	S4 domain; Heat shock protein 15, C-terminal region	GO:0003723
305425	fig|6666666.1036479.peg.3240	fig|6666666.1036479.peg.744	0.6896630167961121	0.224507047430031	High	Low	Low–High			0	no STRING match	no STRING match	1990	2302	3	1				DUF8209	Family of unknown function (DUF8209)	
305557	fig|6666666.1036479.peg.3240	fig|6666666.1036479.peg.1091	0.6896110773086548	0.2246040759321535	High	High	High–High			0	no STRING match	no STRING match	1990	2427	3	1						
306185	fig|6666666.1036479.peg.203	fig|6666666.1036479.peg.678	0.6893651247024536	0.2250656963816454	Low	Low	Low–Low			0	no STRING match	no STRING match	2074	2256	1	1				MFS_1	Major Facilitator Superfamily	GO:0022857;GO:0055085
306481	fig|6666666.1036479.peg.2877	fig|6666666.1036479.peg.109	0.6892591416835785	0.225283275447011	Low	Low	Low–Low			0	no STRING match	no STRING match	1803	2060	1	1	Sulf_transp	Sulphur transport		DUF3817	Domain of unknown function (DUF3817)	
307150	fig|6666666.1036479.peg.745	fig|6666666.1036479.peg.1917	0.6889940023422241	0.2257750335373137	Very Low	Very Low	Very Low–Very Low			0	no STRING match	no STRING match	2303	2794	1	1	DUF1493	Protein of unknown function (DUF1493)		CTD12	C-terminal domain 12 of the ABC-three component (ABC-3C) systems	
307174	fig|6666666.1036479.peg.468	fig|6666666.1036479.peg.1478	0.6889843106269836	0.2257926750831541	Low	Low	Low–Low			0	no STRING match	no STRING match	2172	2614	1	1	SpoVAC_SpoVAEB;CAL67264-like	SpoVAC/SpoVAEB sporulation membrane protein; CAL67264-like protein		COX3	Cytochrome c oxidase subunit III	GO:0004129;GO:0016020
307188	fig|6666666.1036479.peg.1222	fig|6666666.1036479.peg.1562	0.6889766931533814	0.2258029659848944	Very Low	Very Low	Very Low–Very Low			0	no STRING match	no STRING match	2506	2655	1	1						
307642	fig|6666666.1036479.peg.520	fig|6666666.1036479.peg.1211	0.6888113200664521	0.226136685227043	Very Low	Very Low	Very Low–Very Low			0	no STRING match	no STRING match	2188	2500	1	1	MGS	MGS-like domain		AIRC	AIR carboxylase	GO:0006189
307677	fig|6666666.1036479.peg.1865	fig|6666666.1036479.peg.1969	0.6888019263744354	0.2261624124813936	Very Low	Low	Very Low–Low		Hypothetical protein.	0	no STRING match	secondary STRING hit (STRING protein assigned to a better match)	2778	2828	1	1	TMP-TENI	Thiamine monophosphate synthase		DDE_Tnp_1_3;DDE_Tnp_1	Transposase DDE domain	GO:0003677;GO:0004803;GO:0006313
307755	fig|6666666.1036479.peg.995	fig|6666666.1036479.peg.1633	0.688767385482788	0.2262197475053751	Medium	Very Low	Very Low–Medium	Hypothetical protein.		0	secondary STRING hit (STRING protein assigned to a better match)	no STRING match	2396	2695	1	2	Reprolysin_3;Peptidase_M43;DUF8694;Por_Secre_tail	Metallo-peptidase family M12B Reprolysin-like; Pregnancy-associated plasma protein-A; Domain of unknown function (DUF8694); Secretion system C-terminal sorting domain		Toxin-deaminase	The  BURPS668_1122 family of deaminases	
308018	fig|6666666.1036479.peg.3009	fig|6666666.1036479.peg.362	0.688678640127182	0.2264130694452101	Very Low	Very Low	Very Low–Very Low			0	no STRING match	no STRING match	1869	2136	1	1				RNase_T	Exonuclease	
308037	fig|6666666.1036479.peg.1044	fig|6666666.1036479.peg.1562	0.6886719286441803	0.2264270356690005	Very Low	Very Low	Very Low–Very Low			0	no STRING match	no STRING match	2412	2655	1	1	Glycos_transf_2	Glycosyl transferase family 2				
308809	fig|6666666.1036479.peg.109	fig|6666666.1036479.peg.1490	0.6883983612060547	0.2269945053935351	Low	High	Low–High			0	no STRING match	no STRING match	2060	2618	1	1	DUF3817	Domain of unknown function (DUF3817)		DUF456	Protein of unknown function (DUF456)	
309043	fig|6666666.1036479.peg.1091	fig|6666666.1036479.peg.2118	0.6882904052734375	0.2271665104654795	High	High	High–High			0	no STRING match	no STRING match	2427	2886	1	1						
309139	fig|6666666.1036479.peg.430	fig|6666666.1036479.peg.1478	0.6882590353488922	0.2272370766488413	Low	Low	Low–Low			0	no STRING match	no STRING match	2159	2614	1	1	Cytochrom_C	Cytochrome c	GO:0009055;GO:0020037	COX3	Cytochrome c oxidase subunit III	GO:0004129;GO:0016020
309465	fig|6666666.1036479.peg.2810	fig|6666666.1036479.peg.744	0.6881523191928863	0.2274767076465075	Low	Low	Low–Low			0	no STRING match	no STRING match	1761	2302	1	1				DUF8209	Family of unknown function (DUF8209)	
309810	fig|6666666.1036479.peg.267	fig|6666666.1036479.peg.1078	0.6880317330360413	0.227730304867964	Very Low	Very Low	Very Low–Very Low		Glycosyl transferase, group 2 family protein; COG0463 Glycosyltransferases involved in cell wall biogenesis.	0	no STRING match	secondary STRING hit (STRING protein assigned to a better match)	2101	2422	1	1	NTP_transf_3	MobA-like NTP transferase domain		Glyco_tranf_2_3;Glycos_transf_2;Glyco_tranf_2_2	Glycosyltransferase like family 2; Glycosyl transferase family 2	
310504	fig|6666666.1036479.peg.362	fig|6666666.1036479.peg.1222	0.6877733469009399	0.2282404395685172	Very Low	Very Low	Very Low–Very Low			0	no STRING match	no STRING match	2136	2506	1	1	RNase_T	Exonuclease				
310658	fig|6666666.1036479.peg.1562	fig|6666666.1036479.peg.2175	0.6877210259437561	0.2283536394876601	Very Low	Very Low	Very Low–Very Low			0	no STRING match	no STRING match	2655	2924	1	1						
310966	fig|6666666.1036479.peg.2810	fig|6666666.1036479.peg.1091	0.6876053631305694	0.2285800393259459	Low	High	Low–High			0	no STRING match	no STRING match	1761	2427	1	1						
311128	fig|6666666.1036479.peg.995	fig|6666666.1036479.peg.2453	0.6875484049320221	0.228699119760369	Medium	Medium	Medium–Medium	Hypothetical protein.		0	secondary STRING hit (STRING protein assigned to a better match)	no STRING match	2396	3030	1	1	Reprolysin_3;Peptidase_M43;DUF8694;Por_Secre_tail	Metallo-peptidase family M12B Reprolysin-like; Pregnancy-associated plasma protein-A; Domain of unknown function (DUF8694); Secretion system C-terminal sorting domain		Reg_prop;His_kinase	Two component regulator propeller; Histidine kinase	GO:0000155;GO:0000160;GO:0016020
312237	fig|6666666.1036479.peg.30	fig|6666666.1036479.peg.2484	0.6871604025363922	0.22951430619108	Very Low	Very Low	Very Low–Very Low			0	no STRING match	no STRING match	2017	3046	2	1						
312514	fig|6666666.1036479.peg.2855	fig|6666666.1036479.peg.3121	0.6870539784431458	0.2297179190326552	Very Low	Very Low	Very Low–Very Low			0	no STRING match	no STRING match	1790	1918	1	1						
313300	fig|6666666.1036479.peg.1347	fig|6666666.1036479.peg.1358	0.6867686331272125	0.2302956796589301	Very Low	Very Low	Very Low–Very Low			0	no STRING match	no STRING match	2557	2566	3	1						
313602	fig|6666666.1036479.peg.2521	fig|6666666.1036479.peg.1347	0.6866456031799316	0.2305176691107558	Very Low	Very Low	Very Low–Very Low			0	no STRING match	no STRING match	1624	2557	1	3						
313708	fig|6666666.1036479.peg.87	fig|6666666.1036479.peg.2136	0.6866041600704194	0.2305955859382178	Low	Low	Low–Low			0	no STRING match	no STRING match	2051	2896	1	1	Peptidase_S66C	LD-carboxypeptidase C-terminal domain		Macro	Macro domain	
314127	fig|6666666.1036479.peg.3052	fig|6666666.1036479.peg.2127	0.6864570379257202	0.2309035779260157	Very Low	Very Low	Very Low–Very Low			0	no STRING match	no STRING match	1892	2890	1	1	RuvX	Holliday junction resolvase	GO:0006364	Guanylate_kin	Guanylate kinase	
314305	fig|6666666.1036479.peg.3054	fig|6666666.1036479.peg.1205	0.6864006042480468	0.2310344193909991	Very Low	Very Low	Very Low–Very Low			0	no STRING match	no STRING match	1893	2496	1	1	Pep_deformylase	Polypeptide deformylase	GO:0042586	AAA_18;ADK;AAA_17	AAA domain; Adenylate kinase	
314444	fig|6666666.1036479.peg.745	fig|6666666.1036479.peg.2173	0.6863564610481262	0.2311365933439917	Very Low	Very Low	Very Low–Very Low			0	no STRING match	no STRING match	2303	2922	1	1	DUF1493	Protein of unknown function (DUF1493)				
314757	fig|6666666.1036479.peg.1490	fig|6666666.1036479.peg.1839	0.6862383663654328	0.2313666685043277	High	High	High–High			0	no STRING match	no STRING match	2618	2768	1	1	DUF456	Protein of unknown function (DUF456)		DUF423	Protein of unknown function (DUF423)	
315351	fig|6666666.1036479.peg.17	fig|6666666.1036479.peg.27	0.6860449612140656	0.2318032967638789	Very Low	Very Low	Very Low–Very Low			0	no STRING match	no STRING match	2010	2014	2	2				DUF6046	Domain of unknown function (DUF6046)	
315450	fig|6666666.1036479.peg.2974	fig|6666666.1036479.peg.905	0.6860105693340302	0.2318760681404708	Low	Very Low	Very Low–Low			0	no STRING match	no STRING match	1855	2372	1	1	DUF4442	Domain of unknown function (DUF4442)				
315699	fig|6666666.1036479.peg.1044	fig|6666666.1036479.peg.1222	0.6859042465686798	0.2320590991785655	Very Low	Very Low	Very Low–Very Low			0	no STRING match	no STRING match	2412	2506	1	1	Glycos_transf_2	Glycosyl transferase family 2				
315788	fig|6666666.1036479.peg.3121	fig|6666666.1036479.peg.1126	0.6858776330947876	0.2321245199110572	Very Low	Very Low	Very Low–Very Low			0	no STRING match	no STRING match	1918	2457	1	1						
316780	fig|6666666.1036479.peg.109	fig|6666666.1036479.peg.1839	0.6855550169944763	0.2328537038057959	Low	High	Low–High			0	no STRING match	no STRING match	2060	2768	1	1	DUF3817	Domain of unknown function (DUF3817)		DUF423	Protein of unknown function (DUF423)	
316913	fig|6666666.1036479.peg.3192	fig|6666666.1036479.peg.1776	0.6855136036872864	0.2329514673723285	Low	Low	Low–Low			0	no STRING match	no STRING match	1955	2745	1	1	DUF4280	Domain of unknown function (DUF4280)		DUF4280	Domain of unknown function (DUF4280)	
317082	fig|6666666.1036479.peg.2606	fig|6666666.1036479.peg.920	0.685454684495926	0.2330756932576217	Low	Very Low	Very Low–Low			0	no STRING match	no STRING match	1671	2378	1	1	Aminotran_4	Amino-transferase class IV	GO:0003824	Hydrolase_3	haloacid dehalogenase-like hydrolase	
317091	fig|6666666.1036479.peg.362	fig|6666666.1036479.peg.1252	0.685452687740326	0.2330823088373118	Very Low	Very Low	Very Low–Very Low		COG4878 Uncharacterized protein conserved in bacteria.	0	no STRING match	secondary STRING hit (STRING protein assigned to a better match)	2136	2517	1	1	RNase_T	Exonuclease		DUF2194	Uncharacterised protein conserved in bacteria (DUF2194)	
317624	fig|6666666.1036479.peg.2817	fig|6666666.1036479.peg.2484	0.6852740108966827	0.2334740981678519	Very Low	Very Low	Very Low–Very Low			0	no STRING match	no STRING match	1766	3046	1	1	DUF2805	Protein of unknown function (DUF2805)				
317835	fig|6666666.1036479.peg.745	fig|6666666.1036479.peg.2157	0.6852025389671326	0.2336291967583659	Very Low	Very Low	Very Low–Very Low			0	no STRING match	no STRING match	2303	2907	1	1	DUF1493	Protein of unknown function (DUF1493)				
318036	fig|6666666.1036479.peg.2873	fig|6666666.1036479.peg.1865	0.6851184129714966	0.2337769447047797	Very Low	Very Low	Very Low–Very Low			0	no STRING match	no STRING match	1800	2778	1	1	Acetyltransf_1;Acetyltransf_10;Acetyltransf_7	Acetyltransferase (GNAT) family; Acetyltransferase (GNAT) domain	GO:0016747	TMP-TENI	Thiamine monophosphate synthase	
318224	fig|6666666.1036479.peg.1113	fig|6666666.1036479.peg.1119	0.6850471198558807	0.2339151368138633	Very Low	Very Low	Very Low–Very Low			0	no STRING match	no STRING match	2444	2450	1	1						
318441	fig|6666666.1036479.peg.3249	fig|6666666.1036479.peg.17	0.6849667310714722	0.2340746457908374	Very Low	Very Low	Very Low–Very Low			0	no STRING match	no STRING match	1999	2010	1	2						
318452	fig|6666666.1036479.peg.430	fig|6666666.1036479.peg.612	0.6849640488624573	0.2340827314993476	Low	Medium	Low–Medium			0	no STRING match	no STRING match	2159	2227	1	1	Cytochrom_C	Cytochrome c	GO:0009055;GO:0020037	Redoxin;AhpC-TSA	Redoxin; AhpC/TSA family	GO:0016209;GO:0016491
318466	fig|6666666.1036479.peg.2521	fig|6666666.1036479.peg.318	0.6849583506584167	0.2340930224010879	Very Low	Low	Very Low–Low			0	no STRING match	no STRING match	1624	2129	1	1						
318528	fig|6666666.1036479.peg.3240	fig|6666666.1036479.peg.2453	0.6849351406097413	0.234138596394509	High	Medium	Medium–High			0	no STRING match	no STRING match	1990	3030	3	1				Reg_prop;His_kinase	Two component regulator propeller; Histidine kinase	GO:0000155;GO:0000160;GO:0016020
319107	fig|6666666.1036479.peg.157	fig|6666666.1036479.peg.2484	0.6847442150115967	0.23456419868791	Very Low	Very Low	Very Low–Very Low			0	no STRING match	no STRING match	2068	3046	1	1						
319555	fig|6666666.1036479.peg.3007	fig|6666666.1036479.peg.3121	0.6845800697803497	0.2348935075435985	Very Low	Very Low	Very Low–Very Low			0	no STRING match	no STRING match	1867	1918	1	1						
320067	fig|6666666.1036479.peg.109	fig|6666666.1036479.peg.432	0.6843991219997406	0.2352698605215282	Low	High	Low–High			0	no STRING match	no STRING match	2060	2160	1	1	DUF3817	Domain of unknown function (DUF3817)		COX1	Cytochrome C and Quinol oxidase polypeptide I	GO:0004129;GO:0009060;GO:0016020;GO:0020037
320165	fig|6666666.1036479.peg.744	fig|6666666.1036479.peg.1633	0.6843666732311249	0.23534189683371	Low	Very Low	Very Low–Low			0	no STRING match	no STRING match	2302	2695	1	2	DUF8209	Family of unknown function (DUF8209)		Toxin-deaminase	The  BURPS668_1122 family of deaminases	
320253	fig|6666666.1036479.peg.744	fig|6666666.1036479.peg.2453	0.6843335449695587	0.2354065825017917	Low	Medium	Low–Medium			0	no STRING match	no STRING match	2302	3030	1	1	DUF8209	Family of unknown function (DUF8209)		Reg_prop;His_kinase	Two component regulator propeller; Histidine kinase	GO:0000155;GO:0000160;GO:0016020
320431	fig|6666666.1036479.peg.194	fig|6666666.1036479.peg.1442	0.6842626929283142	0.2355374239667751	Very Low	Very Low	Very Low–Very Low			0	no STRING match	no STRING match	2071	2604	1	1	Sua5_yciO_yrdC	Telomere recombination	GO:0003725	SpoU_methylase	SpoU rRNA Methylase family	GO:0003723;GO:0006396;GO:0008173
320983	fig|6666666.1036479.peg.463	fig|6666666.1036479.peg.2453	0.6840680003166199	0.2359431795211055	Low	Medium	Low–Medium			0	no STRING match	no STRING match	2170	3030	1	1	Glucosaminidase	Mannosyl-glycoprotein endo-beta-N-acetylglucosaminidase	GO:0004040	Reg_prop;His_kinase	Two component regulator propeller; Histidine kinase	GO:0000155;GO:0000160;GO:0016020
321104	fig|6666666.1036479.peg.1806	fig|6666666.1036479.peg.2173	0.684033191204071	0.2360321223147178	Very Low	Very Low	Very Low–Very Low			0	no STRING match	no STRING match	2761	2922	1	1						
322147	fig|6666666.1036479.peg.3240	fig|6666666.1036479.peg.1883	0.6836537897586823	0.2367987944943675	High	High	High–High			0	no STRING match	no STRING match	1990	2780	3	1						
322231	fig|6666666.1036479.peg.3240	fig|6666666.1036479.peg.2118	0.6836194694042206	0.2368605399048091	High	High	High–High			0	no STRING match	no STRING match	1990	2886	3	1						
322681	fig|6666666.1036479.peg.2699	fig|6666666.1036479.peg.404	0.6834725916385651	0.2371913188893177	Very Low	Low	Very Low–Low			0	no STRING match	no STRING match	1716	2146	1	1	DUF3467	Protein of unknown function (DUF3467)		PRiA4_ORF3	Plasmid pRiA4b ORF-3-like protein	
322726	fig|6666666.1036479.peg.3007	fig|6666666.1036479.peg.1126	0.6834532439708709	0.2372243967877685	Very Low	Very Low	Very Low–Very Low			0	no STRING match	no STRING match	1867	2457	1	1						
322833	fig|6666666.1036479.peg.1122	fig|6666666.1036479.peg.1126	0.6834084153175354	0.2373030486796405	Very Low	Very Low	Very Low–Very Low			0	no STRING match	no STRING match	2453	2457	1	1						
322957	fig|6666666.1036479.peg.2118	fig|6666666.1036479.peg.2453	0.6833631575107575	0.2373941966664829	High	Medium	Medium–High			0	no STRING match	no STRING match	2886	3030	1	1				Reg_prop;His_kinase	Two component regulator propeller; Histidine kinase	GO:0000155;GO:0000160;GO:0016020
323057	fig|6666666.1036479.peg.1122	fig|6666666.1036479.peg.2157	0.6833281457424164	0.2374677031074848	Very Low	Very Low	Very Low–Very Low			0	no STRING match	no STRING match	2453	2907	1	1						
323140	fig|6666666.1036479.peg.2699	fig|6666666.1036479.peg.2484	0.6832927882671356	0.2375287134535163	Very Low	Very Low	Very Low–Very Low			0	no STRING match	no STRING match	1716	3046	1	1	DUF3467	Protein of unknown function (DUF3467)				
323453	fig|6666666.1036479.peg.2750	fig|6666666.1036479.peg.1139	0.6831816613674164	0.2377587886138523	High	Very Low	Very Low–High			0	no STRING match	no STRING match	1732	2465	1	1	Bac_DNA_binding;HU-HIG	Bacterial DNA-binding protein; HU domain fused to wHTH, Ig, or Glycine-rich motif	GO:0003677;GO:0030527	Ribosomal_L30	Ribosomal protein L30p/L7e	
325361	fig|6666666.1036479.peg.3246	fig|6666666.1036479.peg.27	0.6825196266174316	0.2391612915081684	Very Low	Very Low	Very Low–Very Low			0	no STRING match	no STRING match	1996	2014	3	2				DUF6046	Domain of unknown function (DUF6046)	
326076	fig|6666666.1036479.peg.246	fig|6666666.1036479.peg.1210	0.6822621464729309	0.2396868625613319	Very Low	Very Low	Very Low–Very Low			0	no STRING match	no STRING match	2094	2499	1	1				HNH_4	HNH endonuclease	
326095	fig|6666666.1036479.peg.380	fig|6666666.1036479.peg.920	0.6822521150112152	0.2397008287851223	Very Low	Very Low	Very Low–Very Low			0	no STRING match	no STRING match	2141	2378	1	1	TP_methylase	Tetrapyrrole (Corrin/Porphyrin) Methylases	GO:0008168	Hydrolase_3	haloacid dehalogenase-like hydrolase	
326514	fig|6666666.1036479.peg.1205	fig|6666666.1036479.peg.2127	0.6821038782596588	0.2400088207729202	Very Low	Very Low	Very Low–Very Low			0	no STRING match	no STRING match	2496	2890	1	1	AAA_18;ADK;AAA_17	AAA domain; Adenylate kinase		Guanylate_kin	Guanylate kinase	
326562	fig|6666666.1036479.peg.1106	fig|6666666.1036479.peg.1126	0.6820883512496948	0.2400441038646011	Very Low	Very Low	Very Low–Very Low			0	no STRING match	no STRING match	2438	2457	2	1						
326592	fig|6666666.1036479.peg.2787	fig|6666666.1036479.peg.2024	0.6820787370204926	0.2400661557969017	Medium	Medium	Medium–Medium			0	no STRING match	no STRING match	1751	2846	1	1	YceI	YceI-like domain		SnoaL_3	SnoaL-like domain	
326654	fig|6666666.1036479.peg.995	fig|6666666.1036479.peg.2118	0.6820601344108581	0.2401117297903229	Medium	High	Medium–High	Hypothetical protein.		0	secondary STRING hit (STRING protein assigned to a better match)	no STRING match	2396	2886	1	1	Reprolysin_3;Peptidase_M43;DUF8694;Por_Secre_tail	Metallo-peptidase family M12B Reprolysin-like; Pregnancy-associated plasma protein-A; Domain of unknown function (DUF8694); Secretion system C-terminal sorting domain				
326906	fig|6666666.1036479.peg.2855	fig|6666666.1036479.peg.1324	0.6819757163524628	0.2402969660216476	Very Low	Very Low	Very Low–Very Low			0	no STRING match	no STRING match	1790	2544	1	1						
327039	fig|6666666.1036479.peg.463	fig|6666666.1036479.peg.1252	0.6819331228733063	0.2403947295881801	Low	Very Low	Very Low–Low		COG4878 Uncharacterized protein conserved in bacteria.	0	no STRING match	secondary STRING hit (STRING protein assigned to a better match)	2170	2517	1	1	Glucosaminidase	Mannosyl-glycoprotein endo-beta-N-acetylglucosaminidase	GO:0004040	DUF2194	Uncharacterised protein conserved in bacteria (DUF2194)	
327160	fig|6666666.1036479.peg.463	fig|6666666.1036479.peg.2118	0.6818855702877045	0.2404836723817924	Low	High	Low–High			0	no STRING match	no STRING match	2170	2886	1	1	Glucosaminidase	Mannosyl-glycoprotein endo-beta-N-acetylglucosaminidase	GO:0004040			
328185	fig|6666666.1036479.peg.2852	fig|6666666.1036479.peg.995	0.6815217137336731	0.2412371134020618	Very Low	Medium	Very Low–Medium		Hypothetical protein.	0	no STRING match	secondary STRING hit (STRING protein assigned to a better match)	1788	2396	1	1	EcoRI_methylase	Adenine-specific methyltransferase EcoRI		Reprolysin_3;Peptidase_M43;DUF8694;Por_Secre_tail	Metallo-peptidase family M12B Reprolysin-like; Pregnancy-associated plasma protein-A; Domain of unknown function (DUF8694); Secretion system C-terminal sorting domain	
328407	fig|6666666.1036479.peg.2873	fig|6666666.1036479.peg.380	0.6814520955085754	0.241400297701086	Very Low	Very Low	Very Low–Very Low			0	no STRING match	no STRING match	1800	2141	1	1	Acetyltransf_1;Acetyltransf_10;Acetyltransf_7	Acetyltransferase (GNAT) family; Acetyltransferase (GNAT) domain	GO:0016747	TP_methylase	Tetrapyrrole (Corrin/Porphyrin) Methylases	GO:0008168
328459	fig|6666666.1036479.peg.3249	fig|6666666.1036479.peg.27	0.6814350485801697	0.241438521050407	Very Low	Very Low	Very Low–Very Low			0	no STRING match	no STRING match	1999	2014	1	2				DUF6046	Domain of unknown function (DUF6046)	
328647	fig|6666666.1036479.peg.30	fig|6666666.1036479.peg.2273	0.6813720524311065	0.2415767131594906	Very Low	Very Low	Very Low–Very Low			0	no STRING match	no STRING match	2017	2954	2	1				ParD_antitoxin	Bacterial antitoxin of ParD toxin-antitoxin type II system and RHH	
330180	fig|6666666.1036479.peg.2810	fig|6666666.1036479.peg.1106	0.6808004438877105	0.2427035669000496	Low	Very Low	Very Low–Low			0	no STRING match	no STRING match	1761	2438	1	2						
330268	fig|6666666.1036479.peg.2992	fig|6666666.1036479.peg.1324	0.6807659089565277	0.2427682525681312	Very Low	Very Low	Very Low–Very Low			0	no STRING match	no STRING match	1862	2544	1	1						
330288	fig|6666666.1036479.peg.407	fig|6666666.1036479.peg.1633	0.6807611584663391	0.2427829538563316	Very Low	Very Low	Very Low–Very Low			0	no STRING match	no STRING match	2147	2695	1	2				Toxin-deaminase	The  BURPS668_1122 family of deaminases	
330524	fig|6666666.1036479.peg.3129	fig|6666666.1036479.peg.1490	0.6806724190711975	0.2429564290570961	Medium	High	Medium–High			0	no STRING match	no STRING match	1922	2618	1	1	CRCB	CrcB-like protein, Camphor Resistance (CrcB)	GO:0016020	DUF456	Protein of unknown function (DUF456)	
330838	fig|6666666.1036479.peg.1106	fig|6666666.1036479.peg.2157	0.6805586636066436	0.243187239281842	Very Low	Very Low	Very Low–Very Low			0	no STRING match	no STRING match	2438	2907	2	1						
331215	fig|6666666.1036479.peg.2855	fig|6666666.1036479.peg.3007	0.6804168999195099	0.2434643585644192	Very Low	Very Low	Very Low–Very Low			0	no STRING match	no STRING match	1790	1867	1	1						
331708	fig|6666666.1036479.peg.2817	fig|6666666.1036479.peg.157	0.6802364647388458	0.2438267453185585	Very Low	Very Low	Very Low–Very Low			0	no STRING match	no STRING match	1766	2068	1	1	DUF2805	Protein of unknown function (DUF2805)				
331910	fig|6666666.1036479.peg.1490	fig|6666666.1036479.peg.1520	0.680158919095993	0.2439752283293823	High	Low	Low–High			0	no STRING match	no STRING match	2618	2633	1	1	DUF456	Protein of unknown function (DUF456)		MarC	MarC family integral membrane protein	GO:0016020
331913	fig|6666666.1036479.peg.37	fig|6666666.1036479.peg.468	0.6801574289798736	0.2439774335226124	Very Low	Low	Very Low–Low			0	no STRING match	no STRING match	2024	2172	2	1				SpoVAC_SpoVAEB;CAL67264-like	SpoVAC/SpoVAEB sporulation membrane protein; CAL67264-like protein	
333143	fig|6666666.1036479.peg.656	fig|6666666.1036479.peg.1106	0.6797264873981476	0.2448815627469357	Very Low	Very Low	Very Low–Very Low			0	no STRING match	no STRING match	2250	2438	1	2						
333335	fig|6666666.1036479.peg.2775	fig|6666666.1036479.peg.1520	0.6796560108661651	0.2450226951136593	High	Low	Low–High			0	no STRING match	no STRING match	1745	2633	1	1	TauE	Sulfite exporter TauE/SafE	GO:0016020	MarC	MarC family integral membrane protein	GO:0016020
333541	fig|6666666.1036479.peg.3007	fig|6666666.1036479.peg.1324	0.6795784413814545	0.2451741183821232	Very Low	Very Low	Very Low–Very Low			0	no STRING match	no STRING match	1867	2544	1	1						
333587	fig|6666666.1036479.peg.3229	fig|6666666.1036479.peg.246	0.6795646011829376	0.2452079313449841	Very Low	Very Low	Very Low–Very Low			0	no STRING match	no STRING match	1979	2094	2	1						
333601	fig|6666666.1036479.peg.1210	fig|6666666.1036479.peg.2173	0.6795583069324493	0.2452182222467243	Very Low	Very Low	Very Low–Very Low			0	no STRING match	no STRING match	2499	2922	1	1	HNH_4	HNH endonuclease				
333748	fig|6666666.1036479.peg.30	fig|6666666.1036479.peg.157	0.6795032680034637	0.2453262767149971	Very Low	Very Low	Very Low–Very Low			0	no STRING match	no STRING match	2017	2068	2	1						
333941	fig|6666666.1036479.peg.2817	fig|6666666.1036479.peg.30	0.6794421255588532	0.2454681441461308	Very Low	Very Low	Very Low–Very Low			0	no STRING match	no STRING match	1766	2017	1	2	DUF2805	Protein of unknown function (DUF2805)				
333950	fig|6666666.1036479.peg.2157	fig|6666666.1036479.peg.2173	0.67943634390831	0.2454747597258209	Very Low	Very Low	Very Low–Very Low			0	no STRING match	no STRING match	2907	2922	1	1						
334054	fig|6666666.1036479.peg.1199	fig|6666666.1036479.peg.2180	0.6793972730636597	0.2455512064244629	Medium	Low	Low–Medium			0	no STRING match	no STRING match	2495	2929	1	1	PMT_C3	Pasteurella multocida toxin, C3 domain		Toxin-deaminase	The  BURPS668_1122 family of deaminases	
334074	fig|6666666.1036479.peg.2852	fig|6666666.1036479.peg.1252	0.6793897569179534	0.2455659077126633	Very Low	Very Low	Very Low–Very Low		COG4878 Uncharacterized protein conserved in bacteria.	0	no STRING match	secondary STRING hit (STRING protein assigned to a better match)	1788	2517	1	1	EcoRI_methylase	Adenine-specific methyltransferase EcoRI		DUF2194	Uncharacterised protein conserved in bacteria (DUF2194)	
334118	fig|6666666.1036479.peg.1942	fig|6666666.1036479.peg.2177	0.6793760061264038	0.2455982505467041	Very Low	Very Low	Very Low–Very Low			0	no STRING match	no STRING match	2805	2926	1	1						
335247	fig|6666666.1036479.peg.2777	fig|6666666.1036479.peg.209	0.678978681564331	0.2464281382656155	High	Low	Low–High			0	no STRING match	no STRING match	1746	2077	1	1				Sigma70_r2;Sigma70_r4_2	Sigma-70 region 2; Sigma-70, region 4	GO:0003677;GO:0003700;GO:0006352;GO:0006355;GO:0016987
335610	fig|6666666.1036479.peg.3229	fig|6666666.1036479.peg.30	0.6788575172424316	0.2466949666464524	Very Low	Very Low	Very Low–Very Low			0	no STRING match	no STRING match	1979	2017	2	2						
335917	fig|6666666.1036479.peg.2775	fig|6666666.1036479.peg.1839	0.6787551760673523	0.2469206314203282	High	High	High–High			0	no STRING match	no STRING match	1745	2768	1	1	TauE	Sulfite exporter TauE/SafE	GO:0016020	DUF423	Protein of unknown function (DUF423)	
335960	fig|6666666.1036479.peg.3241	fig|6666666.1036479.peg.157	0.6787364482879639	0.246952239189959	Very Low	Very Low	Very Low–Very Low			0	no STRING match	no STRING match	1991	2068	2	1						
336052	fig|6666666.1036479.peg.3009	fig|6666666.1036479.peg.1252	0.6787042677402496	0.2470198651156807	Very Low	Very Low	Very Low–Very Low		COG4878 Uncharacterized protein conserved in bacteria.	0	no STRING match	secondary STRING hit (STRING protein assigned to a better match)	1869	2517	1	1				DUF2194	Uncharacterised protein conserved in bacteria (DUF2194)	
336318	fig|6666666.1036479.peg.2855	fig|6666666.1036479.peg.2932	0.6786171019077301	0.2472153922487458	Very Low	Very Low	Very Low–Very Low			0	no STRING match	no STRING match	1790	1834	1	1						
336530	fig|6666666.1036479.peg.2643	fig|6666666.1036479.peg.2787	0.678538703918457	0.2473712259036698	High	Medium	Medium–High			0	no STRING match	no STRING match	1691	1751	1	1	DUF4136	Domain of unknown function (DUF4136)		YceI	YceI-like domain	
336727	fig|6666666.1036479.peg.2777	fig|6666666.1036479.peg.2787	0.678468656539917	0.2475160335924435	High	Medium	Medium–High			0	no STRING match	no STRING match	1746	1751	1	1				YceI	YceI-like domain	
337030	fig|6666666.1036479.peg.1411	fig|6666666.1036479.peg.1960	0.678364360332489	0.2477387581086792	Very Low	Very Low	Very Low–Very Low		Hypothetical protein; COG3772 Phage-related lysozyme (muraminidase).	0	no STRING match	secondary STRING hit (STRING protein assigned to a better match)	2590	2821	1	1	Endolysin;Peptidase_M23	Endolysin; Peptidase family M23		DUF5675	Family of unknown function (DUF5675)	
337131	fig|6666666.1036479.peg.1759	fig|6666666.1036479.peg.2180	0.6783266603946686	0.2478129996140911	Low	Low	Low–Low			0	no STRING match	no STRING match	2738	2929	1	1	DUF4280	Domain of unknown function (DUF4280)		Toxin-deaminase	The  BURPS668_1122 family of deaminases	
337452	fig|6666666.1036479.peg.2810	fig|6666666.1036479.peg.1113	0.6782214939594269	0.2480489552897072	Low	Very Low	Very Low–Low			0	no STRING match	no STRING match	1761	2444	1	1						
337834	fig|6666666.1036479.peg.1520	fig|6666666.1036479.peg.1839	0.6780879318714141	0.2483297498943344	Low	High	Low–High			0	no STRING match	no STRING match	2633	2768	1	1	MarC	MarC family integral membrane protein	GO:0016020	DUF423	Protein of unknown function (DUF423)	
338254	fig|6666666.1036479.peg.380	fig|6666666.1036479.peg.2136	0.6779539167881012	0.2486384769465424	Very Low	Low	Very Low–Low			0	no STRING match	no STRING match	2141	2896	1	1	TP_methylase	Tetrapyrrole (Corrin/Porphyrin) Methylases	GO:0008168	Macro	Macro domain	
338482	fig|6666666.1036479.peg.1113	fig|6666666.1036479.peg.2177	0.6778675615787506	0.2488060716320267	Very Low	Very Low	Very Low–Very Low			0	no STRING match	no STRING match	2444	2926	1	1						
339011	fig|6666666.1036479.peg.1452	fig|6666666.1036479.peg.1839	0.6776894807815552	0.2491949207049267	High	High	High–High			0	no STRING match	no STRING match	2606	2768	1	1	Phage_holin_4_2	Mycobacterial 4 TMS phage holin, superfamily IV		DUF423	Protein of unknown function (DUF423)	
339094	fig|6666666.1036479.peg.2937	fig|6666666.1036479.peg.577	0.6776596248149872	0.2492559310509583	Very Low	Very Low	Very Low–Very Low			0	no STRING match	no STRING match	1837	2214	1	1	Cob_adeno_trans	Cobalamin adenosyltransferase		tRNA_bind	Putative tRNA binding domain	GO:0000049
340128	fig|6666666.1036479.peg.1252	fig|6666666.1036479.peg.1254	0.6772953629493713	0.2500159876509179	Very Low	Very Low	Very Low–Very Low	COG4878 Uncharacterized protein conserved in bacteria.		0	secondary STRING hit (STRING protein assigned to a better match)	no STRING match	2517	2518	1	1	DUF2194	Uncharacterised protein conserved in bacteria (DUF2194)		Glyco_hydro_114	Glycoside-hydrolase family GH114	
340187	fig|6666666.1036479.peg.463	fig|6666666.1036479.peg.612	0.6772741138935089	0.250059356451109	Low	Medium	Low–Medium			0	no STRING match	no STRING match	2170	2227	1	1	Glucosaminidase	Mannosyl-glycoprotein endo-beta-N-acetylglucosaminidase	GO:0004040	Redoxin;AhpC-TSA	Redoxin; AhpC/TSA family	GO:0016209;GO:0016491
340274	fig|6666666.1036479.peg.3241	fig|6666666.1036479.peg.246	0.6772478282451629	0.2501233070547807	Very Low	Very Low	Very Low–Very Low			0	no STRING match	no STRING match	1991	2094	2	1						
340531	fig|6666666.1036479.peg.468	fig|6666666.1036479.peg.2252	0.6771675765514373	0.2503122186081555	Low	Low	Low–Low			0	no STRING match	no STRING match	2172	2950	1	1	SpoVAC_SpoVAEB;CAL67264-like	SpoVAC/SpoVAEB sporulation membrane protein; CAL67264-like protein				
340658	fig|6666666.1036479.peg.2777	fig|6666666.1036479.peg.2897	0.6771135270595551	0.2504055717882279	High	Low	Low–High			0	no STRING match	no STRING match	1746	1819	1	1				Sigma70_r2;Sigma70_r4_2;Sigma70_r4	Sigma-70 region 2; Sigma-70, region 4	GO:0003677;GO:0003700;GO:0006352;GO:0006355;GO:0016987
340793	fig|6666666.1036479.peg.2852	fig|6666666.1036479.peg.1759	0.6770719468593598	0.2505048054835805	Very Low	Low	Very Low–Low			0	no STRING match	no STRING match	1788	2738	1	1	EcoRI_methylase	Adenine-specific methyltransferase EcoRI		DUF4280	Domain of unknown function (DUF4280)	
341145	fig|6666666.1036479.peg.3009	fig|6666666.1036479.peg.565	0.6769499063491822	0.2507635481559072	Very Low	Very Low	Very Low–Very Low			0	no STRING match	no STRING match	1869	2208	1	1						
341485	fig|6666666.1036479.peg.2877	fig|6666666.1036479.peg.2974	0.6768112480640411	0.2510134700553136	Low	Low	Low–Low			0	no STRING match	no STRING match	1803	1855	1	1	Sulf_transp	Sulphur transport		DUF4442	Domain of unknown function (DUF4442)	
341530	fig|6666666.1036479.peg.1324	fig|6666666.1036479.peg.2180	0.6767910242080688	0.2510465479537644	Very Low	Low	Very Low–Low			0	no STRING match	no STRING match	2544	2929	1	1				Toxin-deaminase	The  BURPS668_1122 family of deaminases	
341692	fig|6666666.1036479.peg.194	fig|6666666.1036479.peg.1695	0.6767316401004791	0.2511656283881875	Very Low	Very Low	Very Low–Very Low			0	no STRING match	no STRING match	2071	2719	1	1	Sua5_yciO_yrdC	Telomere recombination	GO:0003725	DCD;dUTPase	dCTP deaminase-like; dUTPase	GO:0006229;GO:0008829
341927	fig|6666666.1036479.peg.2643	fig|6666666.1036479.peg.2777	0.6766648650169372	0.2513383685245419	High	High	High–High			0	no STRING match	no STRING match	1691	1746	1	1	DUF4136	Domain of unknown function (DUF4136)				
342538	fig|6666666.1036479.peg.77	fig|6666666.1036479.peg.1442	0.6764723777770996	0.2517874928790635	Very Low	Very Low	Very Low–Very Low			0	no STRING match	no STRING match	2045	2604	1	1	Pribosyltran	Phosphoribosyl transferase domain		SpoU_methylase	SpoU rRNA Methylase family	GO:0003723;GO:0006396;GO:0008173
342579	fig|6666666.1036479.peg.2852	fig|6666666.1036479.peg.3009	0.6764527142047883	0.2518176305198743	Very Low	Very Low	Very Low–Very Low			0	no STRING match	no STRING match	1788	1869	1	1	EcoRI_methylase	Adenine-specific methyltransferase EcoRI				
342802	fig|6666666.1036479.peg.2810	fig|6666666.1036479.peg.2177	0.6763758718967438	0.2519815498833085	Low	Very Low	Very Low–Low			0	no STRING match	no STRING match	1761	2926	1	1						
343032	fig|6666666.1036479.peg.2977	fig|6666666.1036479.peg.3052	0.676280277967453	0.2521506146976128	Very Low	Very Low	Very Low–Very Low			0	no STRING match	no STRING match	1856	1892	1	1	GrpE	GrpE	GO:0000774;GO:0006457;GO:0042803;GO:0051087	RuvX	Holliday junction resolvase	GO:0006364
343173	fig|6666666.1036479.peg.2699	fig|6666666.1036479.peg.902	0.6762302815914154	0.2522542587794255	Very Low	Very Low	Very Low–Very Low			0	no STRING match	no STRING match	1716	2370	1	1	DUF3467	Protein of unknown function (DUF3467)		DciA	Dna[CI] antecedent, DciA	
343278	fig|6666666.1036479.peg.1113	fig|6666666.1036479.peg.1942	0.6761887431144714	0.2523314405424775	Very Low	Very Low	Very Low–Very Low			0	no STRING match	no STRING match	2444	2805	1	1						
343371	fig|6666666.1036479.peg.1933	fig|6666666.1036479.peg.2439	0.6761564314365387	0.2523998015326092	High	High	High–High			0	no STRING match	no STRING match	2800	3024	1	1	TatA_B_E	mttA/Hcf106 family	GO:0015031	TatA_B_E	mttA/Hcf106 family	GO:0015031
343507	fig|6666666.1036479.peg.1122	fig|6666666.1036479.peg.2177	0.6761101245880127	0.2524997702923718	Very Low	Very Low	Very Low–Very Low			0	no STRING match	no STRING match	2453	2926	1	1						
343612	fig|6666666.1036479.peg.1926	fig|6666666.1036479.peg.2136	0.6760700404644012	0.2525769520554238	Very Low	Low	Very Low–Low			0	no STRING match	no STRING match	2798	2896	1	1	Aminotran_3	Aminotransferase class-III	GO:0030170	Macro	Macro domain	
343625	fig|6666666.1036479.peg.209	fig|6666666.1036479.peg.902	0.6760612189769745	0.2525865078927541	Low	Very Low	Very Low–Low			0	no STRING match	no STRING match	2077	2370	1	1	Sigma70_r2;Sigma70_r4_2	Sigma-70 region 2; Sigma-70, region 4	GO:0003677;GO:0003700;GO:0006352;GO:0006355;GO:0016987	DciA	Dna[CI] antecedent, DciA	
343743	fig|6666666.1036479.peg.2708	fig|6666666.1036479.peg.3082	0.6760183572769165	0.2526732454931363	Very Low	High	Very Low–High	OmpA family outer membrane protein; COG0297 Glycogen synthase.		0	secondary STRING hit (STRING protein assigned to a better match)	no STRING match	1720	1904	1	1	SpaA;CarboxypepD_reg;OmpA	Prealbumin-like fold domain; Carboxypeptidase regulatory-like domain; OmpA family		DUF7935	Family of unknown function (DUF7935)	
343864	fig|6666666.1036479.peg.3082	fig|6666666.1036479.peg.1501	0.6759747982025146	0.2527621882867486	High	Very Low	Very Low–High		OmpA family outer membrane protein; COG0297 Glycogen synthase.	0	no STRING match	secondary STRING hit (STRING protein assigned to a better match)	1904	2625	1	1	DUF7935	Family of unknown function (DUF7935)		SpaA;CarboxypepD_reg;OmpA	Prealbumin-like fold domain; Carboxypeptidase regulatory-like domain; OmpA family	
344279	fig|6666666.1036479.peg.2897	fig|6666666.1036479.peg.902	0.6758534967899322	0.2530672400169065	Low	Very Low	Very Low–Low			0	no STRING match	no STRING match	1819	2370	1	1	Sigma70_r2;Sigma70_r4_2;Sigma70_r4	Sigma-70 region 2; Sigma-70, region 4	GO:0003677;GO:0003700;GO:0006352;GO:0006355;GO:0016987	DciA	Dna[CI] antecedent, DciA	
344836	fig|6666666.1036479.peg.407	fig|6666666.1036479.peg.1806	0.675674295425415	0.253476670893287	Very Low	Very Low	Very Low–Very Low			0	no STRING match	no STRING match	2147	2761	1	1						
344909	fig|6666666.1036479.peg.2855	fig|6666666.1036479.peg.421	0.6756435453891754	0.2535303305952184	Very Low	Very Low	Very Low–Very Low			0	no STRING match	no STRING match	1790	2154	1	1						
344977	fig|6666666.1036479.peg.780	fig|6666666.1036479.peg.902	0.6756104409694672	0.2535803149750997	Very Low	Very Low	Very Low–Very Low			0	no STRING match	no STRING match	2314	2370	1	1	DUF8465;Smr	Domain of unknown function (DUF8465); Smr domain		DciA	Dna[CI] antecedent, DciA	
345219	fig|6666666.1036479.peg.656	fig|6666666.1036479.peg.1122	0.6755161881446838	0.2537582005623243	Very Low	Very Low	Very Low–Very Low			0	no STRING match	no STRING match	2250	2453	1	1						
345658	fig|6666666.1036479.peg.3007	fig|6666666.1036479.peg.1122	0.6753687620162964	0.2540808938383226	Very Low	Very Low	Very Low–Very Low			0	no STRING match	no STRING match	1867	2453	1	1						
345810	fig|6666666.1036479.peg.407	fig|6666666.1036479.peg.1942	0.675313138961792	0.2541926236286455	Very Low	Very Low	Very Low–Very Low			0	no STRING match	no STRING match	2147	2805	1	1						
346096	fig|6666666.1036479.peg.739	fig|6666666.1036479.peg.1210	0.6752148687839508	0.2544028520499108	Very Low	Very Low	Very Low–Very Low			0	no STRING match	no STRING match	2297	2499	1	1				HNH_4	HNH endonuclease	
346384	fig|6666666.1036479.peg.577	fig|6666666.1036479.peg.1314	0.6751202523708344	0.2546145505999963	Very Low	Very Low	Very Low–Very Low			0	no STRING match	no STRING match	2214	2538	1	1	tRNA_bind	Putative tRNA binding domain	GO:0000049	GTP_EFTU;MMR_HSR1;GTP-eEF1A_C	Elongation factor Tu GTP binding domain; 50S ribosome-binding GTPase; GTP-eEF1A C-terminal domain-like	GO:0003924;GO:0005525
346412	fig|6666666.1036479.peg.157	fig|6666666.1036479.peg.246	0.6751091420650482	0.2546351324034768	Very Low	Very Low	Very Low–Very Low			0	no STRING match	no STRING match	2068	2094	1	1						
346535	fig|6666666.1036479.peg.3129	fig|6666666.1036479.peg.1073	0.6750735819339753	0.2547255453259092	Medium	Very Low	Very Low–Medium			0	no STRING match	no STRING match	1922	2417	1	1	CRCB	CrcB-like protein, Camphor Resistance (CrcB)	GO:0016020	Glyco_trans_4_2;Glyco_transf_4;GT4-conflict;Glycos_transf_1;Glyco_trans_1_4	Glycosyl transferase 4-like; Glycosyltransferase Family 4; Family 4 Glycosyltransferase in conflict systems; Glycosyl transferases group 1	GO:0016757
346832	fig|6666666.1036479.peg.3229	fig|6666666.1036479.peg.1210	0.6749742448329925	0.2549438594556848	Very Low	Very Low	Very Low–Very Low			0	no STRING match	no STRING match	1979	2499	2	1				HNH_4	HNH endonuclease	
347163	fig|6666666.1036479.peg.3009	fig|6666666.1036479.peg.586	0.6748537003993988	0.255187165775401	Very Low	Low	Very Low–Low			0	no STRING match	no STRING match	1869	2216	1	1				Pentapeptide;Pentapeptide_4;Pentapeptide;LD_SV2;Pentapeptide	Pentapeptide repeats (8 copies); Pentapeptide repeat region; SV2A/B/C luminal domain	
347172	fig|6666666.1036479.peg.1940	fig|6666666.1036479.peg.1960	0.6748494267463684	0.2551937813550912	Very Low	Very Low	Very Low–Very Low	Hypothetical protein; COG3772 Phage-related lysozyme (muraminidase).	Hypothetical protein; COG3772 Phage-related lysozyme (muraminidase).	0	secondary STRING hit (STRING protein assigned to a better match)	secondary STRING hit (STRING protein assigned to a better match)	2803	2821	1	1				DUF5675	Family of unknown function (DUF5675)	
347218	fig|6666666.1036479.peg.2521	fig|6666666.1036479.peg.2177	0.6748389959335327	0.2552275943179521	Very Low	Very Low	Very Low–Very Low			0	no STRING match	no STRING match	1624	2926	1	1						
347270	fig|6666666.1036479.peg.2643	fig|6666666.1036479.peg.1501	0.6748220682144165	0.2552658176672731	High	Very Low	Very Low–High		OmpA family outer membrane protein; COG0297 Glycogen synthase.	0	no STRING match	secondary STRING hit (STRING protein assigned to a better match)	1691	2625	1	1	DUF4136	Domain of unknown function (DUF4136)		SpaA;CarboxypepD_reg;OmpA	Prealbumin-like fold domain; Carboxypeptidase regulatory-like domain; OmpA family	
347835	fig|6666666.1036479.peg.3082	fig|6666666.1036479.peg.209	0.6746247053146363	0.2556811290589338	High	Low	Low–High			0	no STRING match	no STRING match	1904	2077	1	1	DUF7935	Family of unknown function (DUF7935)		Sigma70_r2;Sigma70_r4_2	Sigma-70 region 2; Sigma-70, region 4	GO:0003677;GO:0003700;GO:0006352;GO:0006355;GO:0016987
347946	fig|6666666.1036479.peg.541	fig|6666666.1036479.peg.920	0.6745879471302032	0.2557627212084459	Very Low	Very Low	Very Low–Very Low			0	no STRING match	no STRING match	2196	2378	1	1	OsmC	OsmC-like protein		Hydrolase_3	haloacid dehalogenase-like hydrolase	
348082	fig|6666666.1036479.peg.2643	fig|6666666.1036479.peg.2708	0.674527359008789	0.2558626899682085	High	Very Low	Very Low–High		OmpA family outer membrane protein; COG0297 Glycogen synthase.	0	no STRING match	secondary STRING hit (STRING protein assigned to a better match)	1691	1720	1	1	DUF4136	Domain of unknown function (DUF4136)		SpaA;CarboxypepD_reg;OmpA	Prealbumin-like fold domain; Carboxypeptidase regulatory-like domain; OmpA family	
348178	fig|6666666.1036479.peg.2787	fig|6666666.1036479.peg.407	0.6744876682758332	0.2559332561515702	Medium	Very Low	Very Low–Medium			0	no STRING match	no STRING match	1751	2147	1	1	YceI	YceI-like domain				
348619	fig|6666666.1036479.peg.2521	fig|6666666.1036479.peg.246	0.6743406593799591	0.2562574195563886	Very Low	Very Low	Very Low–Very Low			0	no STRING match	no STRING match	1624	2094	1	1						
348676	fig|6666666.1036479.peg.2777	fig|6666666.1036479.peg.407	0.6743204891681671	0.2562993182277597	High	Very Low	Very Low–High			0	no STRING match	no STRING match	1746	2147	1	1						
348736	fig|6666666.1036479.peg.2787	fig|6666666.1036479.peg.1883	0.6742945373058319	0.2563434220923608	Medium	High	Medium–High			0	no STRING match	no STRING match	1751	2780	1	1	YceI	YceI-like domain				
348799	fig|6666666.1036479.peg.541	fig|6666666.1036479.peg.1442	0.6742779016494751	0.256389731150192	Very Low	Very Low	Very Low–Very Low			0	no STRING match	no STRING match	2196	2604	1	1	OsmC	OsmC-like protein		SpoU_methylase	SpoU rRNA Methylase family	GO:0003723;GO:0006396;GO:0008173
348908	fig|6666666.1036479.peg.520	fig|6666666.1036479.peg.948	0.6742472767829895	0.2564698531708841	Very Low	Very Low	Very Low–Very Low			0	no STRING match	no STRING match	2188	2391	1	1	MGS	MGS-like domain				
349009	fig|6666666.1036479.peg.541	fig|6666666.1036479.peg.1517	0.6742035865783691	0.256544094676296	Very Low	Low	Very Low–Low			0	no STRING match	no STRING match	2196	2631	1	1	OsmC	OsmC-like protein		dCMP_cyt_deam_1;MafB19-deam	Cytidine and deoxycytidylate deaminase zinc-binding region; MafB19-like deaminase	
349367	fig|6666666.1036479.peg.468	fig|6666666.1036479.peg.678	0.6740837097167969	0.2568072477350828	Low	Low	Low–Low			0	no STRING match	no STRING match	2172	2256	1	1	SpoVAC_SpoVAEB;CAL67264-like	SpoVAC/SpoVAEB sporulation membrane protein; CAL67264-like protein		MFS_1	Major Facilitator Superfamily	GO:0022857;GO:0055085
350412	fig|6666666.1036479.peg.612	fig|6666666.1036479.peg.2024	0.6737298905849457	0.2575753900435525	Medium	Medium	Medium–Medium			0	no STRING match	no STRING match	2227	2846	1	1	Redoxin;AhpC-TSA	Redoxin; AhpC/TSA family	GO:0016209;GO:0016491	SnoaL_3	SnoaL-like domain	
350476	fig|6666666.1036479.peg.302	fig|6666666.1036479.peg.1501	0.6737120270729064	0.2576224341657938	Medium	Very Low	Very Low–Medium	Hypothetical protein.	OmpA family outer membrane protein; COG0297 Glycogen synthase.	0	secondary STRING hit (STRING protein assigned to a better match)	secondary STRING hit (STRING protein assigned to a better match)	2116	2625	1	1	DUF6261	Family of unknown function (DUF6261)		SpaA;CarboxypepD_reg;OmpA	Prealbumin-like fold domain; Carboxypeptidase regulatory-like domain; OmpA family	
350518	fig|6666666.1036479.peg.2873	fig|6666666.1036479.peg.920	0.6736961543560028	0.2576533068710145	Very Low	Very Low	Very Low–Very Low			0	no STRING match	no STRING match	1800	2378	1	1	Acetyltransf_1;Acetyltransf_10;Acetyltransf_7	Acetyltransferase (GNAT) family; Acetyltransferase (GNAT) domain	GO:0016747	Hydrolase_3	haloacid dehalogenase-like hydrolase	
350989	fig|6666666.1036479.peg.2897	fig|6666666.1036479.peg.780	0.6735157907009125	0.2579995222081335	Low	Very Low	Very Low–Low			0	no STRING match	no STRING match	1819	2314	1	1	Sigma70_r2;Sigma70_r4_2;Sigma70_r4	Sigma-70 region 2; Sigma-70, region 4	GO:0003677;GO:0003700;GO:0006352;GO:0006355;GO:0016987	DUF8465;Smr	Domain of unknown function (DUF8465); Smr domain	
351198	fig|6666666.1036479.peg.2708	fig|6666666.1036479.peg.302	0.673445463180542	0.2581531506698274	Very Low	Medium	Very Low–Medium	OmpA family outer membrane protein; COG0297 Glycogen synthase.	Hypothetical protein.	0	secondary STRING hit (STRING protein assigned to a better match)	secondary STRING hit (STRING protein assigned to a better match)	1720	2116	1	1	SpaA;CarboxypepD_reg;OmpA	Prealbumin-like fold domain; Carboxypeptidase regulatory-like domain; OmpA family		DUF6261	Family of unknown function (DUF6261)	
351317	fig|6666666.1036479.peg.1411	fig|6666666.1036479.peg.2154	0.6734026134014129	0.2582406233346197	Very Low	Very Low	Very Low–Very Low			0	no STRING match	no STRING match	2590	2904	1	1	Endolysin;Peptidase_M23	Endolysin; Peptidase family M23		Toxin-deaminase	The  BURPS668_1122 family of deaminases	
352163	fig|6666666.1036479.peg.2974	fig|6666666.1036479.peg.3129	0.673099935054779	0.2588624878254957	Low	Medium	Low–Medium			0	no STRING match	no STRING match	1855	1922	1	1	DUF4442	Domain of unknown function (DUF4442)		CRCB	CrcB-like protein, Camphor Resistance (CrcB)	GO:0016020
352336	fig|6666666.1036479.peg.432	fig|6666666.1036479.peg.2252	0.6730316400527954	0.258989653968429	High	Low	Low–High			0	no STRING match	no STRING match	2160	2950	1	1	COX1	Cytochrome C and Quinol oxidase polypeptide I	GO:0004129;GO:0009060;GO:0016020;GO:0020037			
352769	fig|6666666.1036479.peg.2521	fig|6666666.1036479.peg.1358	0.6729005157947541	0.2593079368579671	Very Low	Very Low	Very Low–Very Low			0	no STRING match	no STRING match	1624	2566	1	1						
352915	fig|6666666.1036479.peg.77	fig|6666666.1036479.peg.541	0.6728538453578949	0.2594152562618299	Very Low	Very Low	Very Low–Very Low			0	no STRING match	no STRING match	2045	2196	1	1	Pribosyltran	Phosphoribosyl transferase domain		OsmC	OsmC-like protein	
352955	fig|6666666.1036479.peg.948	fig|6666666.1036479.peg.1517	0.672841054201126	0.2594446588382307	Very Low	Low	Very Low–Low			0	no STRING match	no STRING match	2391	2631	1	1				dCMP_cyt_deam_1;MafB19-deam	Cytidine and deoxycytidylate deaminase zinc-binding region; MafB19-like deaminase	
353043	fig|6666666.1036479.peg.2852	fig|6666666.1036479.peg.1806	0.6728165864944458	0.2595093445063123	Very Low	Very Low	Very Low–Very Low			0	no STRING match	no STRING match	1788	2761	1	1	EcoRI_methylase	Adenine-specific methyltransferase EcoRI				
353087	fig|6666666.1036479.peg.3229	fig|6666666.1036479.peg.3241	0.6727982223033905	0.2595416873403532	Very Low	Very Low	Very Low–Very Low			0	no STRING match	no STRING match	1979	1991	2	2						
353139	fig|6666666.1036479.peg.3241	fig|6666666.1036479.peg.1210	0.6727742433547974	0.2595799106896742	Very Low	Very Low	Very Low–Very Low			0	no STRING match	no STRING match	1991	2499	2	1				HNH_4	HNH endonuclease	
353209	fig|6666666.1036479.peg.541	fig|6666666.1036479.peg.948	0.6727483570575714	0.2596313651983755	Very Low	Very Low	Very Low–Very Low			0	no STRING match	no STRING match	2196	2391	1	1	OsmC	OsmC-like protein				
353252	fig|6666666.1036479.peg.3246	fig|6666666.1036479.peg.17	0.672732812166214	0.2596629729680063	Very Low	Very Low	Very Low–Very Low			0	no STRING match	no STRING match	1996	2010	3	2						
353600	fig|6666666.1036479.peg.2643	fig|6666666.1036479.peg.3082	0.672624534368515	0.2599187753826929	High	High	High–High			0	no STRING match	no STRING match	1691	1904	1	1	DUF4136	Domain of unknown function (DUF4136)		DUF7935	Family of unknown function (DUF7935)	
354088	fig|6666666.1036479.peg.2937	fig|6666666.1036479.peg.194	0.6724748134613037	0.2602774868147821	Very Low	Very Low	Very Low–Very Low			0	no STRING match	no STRING match	1837	2071	1	1	Cob_adeno_trans	Cobalamin adenosyltransferase		Sua5_yciO_yrdC	Telomere recombination	GO:0003725
354764	fig|6666666.1036479.peg.1948	fig|6666666.1036479.peg.1960	0.6722635388374328	0.2607743903559549	Very Low	Very Low	Very Low–Very Low	Hypothetical protein.	Hypothetical protein; COG3772 Phage-related lysozyme (muraminidase).	0	secondary STRING hit (STRING protein assigned to a better match)	secondary STRING hit (STRING protein assigned to a better match)	2810	2821	1	1				DUF5675	Family of unknown function (DUF5675)	
355517	fig|6666666.1036479.peg.2992	fig|6666666.1036479.peg.770	0.6720101773738861	0.2613278938566992	Very Low	Very Low	Very Low–Very Low			0	no STRING match	no STRING match	1862	2310	1	1						
355606	fig|6666666.1036479.peg.2699	fig|6666666.1036479.peg.2273	0.6719855666160583	0.2613933145891908	Very Low	Very Low	Very Low–Very Low			0	no STRING match	no STRING match	1716	2954	1	1	DUF3467	Protein of unknown function (DUF3467)		ParD_antitoxin	Bacterial antitoxin of ParD toxin-antitoxin type II system and RHH	
355808	fig|6666666.1036479.peg.1452	fig|6666666.1036479.peg.1520	0.67190802693367	0.2615417976000147	High	Low	Low–High			0	no STRING match	no STRING match	2606	2633	1	1	Phage_holin_4_2	Mycobacterial 4 TMS phage holin, superfamily IV		MarC	MarC family integral membrane protein	GO:0016020
356404	fig|6666666.1036479.peg.432	fig|6666666.1036479.peg.468	0.6716875195503235	0.261979895988386	High	Low	Low–High			0	no STRING match	no STRING match	2160	2172	1	1	COX1	Cytochrome C and Quinol oxidase polypeptide I	GO:0004129;GO:0009060;GO:0016020;GO:0020037	SpoVAC_SpoVAEB;CAL67264-like	SpoVAC/SpoVAEB sporulation membrane protein; CAL67264-like protein	
356752	fig|6666666.1036479.peg.2775	fig|6666666.1036479.peg.678	0.6715644061565399	0.2622356984030726	High	Low	Low–High			0	no STRING match	no STRING match	1745	2256	1	1	TauE	Sulfite exporter TauE/SafE	GO:0016020	MFS_1	Major Facilitator Superfamily	GO:0022857;GO:0055085
356928	fig|6666666.1036479.peg.2873	fig|6666666.1036479.peg.1021	0.6714958369731903	0.2623650697392359	Very Low	Low	Very Low–Low			0	no STRING match	no STRING match	1800	2406	1	1	Acetyltransf_1;Acetyltransf_10;Acetyltransf_7	Acetyltransferase (GNAT) family; Acetyltransferase (GNAT) domain	GO:0016747	SKI	Shikimate kinase	
357188	fig|6666666.1036479.peg.1806	fig|6666666.1036479.peg.1942	0.6714230298995971	0.2625561864858408	Very Low	Very Low	Very Low–Very Low			0	no STRING match	no STRING match	2761	2805	1	1						
357231	fig|6666666.1036479.peg.920	fig|6666666.1036479.peg.1517	0.6714047968387604	0.2625877942554716	Very Low	Low	Very Low–Low			0	no STRING match	no STRING match	2378	2631	1	1	Hydrolase_3	haloacid dehalogenase-like hydrolase		dCMP_cyt_deam_1;MafB19-deam	Cytidine and deoxycytidylate deaminase zinc-binding region; MafB19-like deaminase	
357232	fig|6666666.1036479.peg.3054	fig|6666666.1036479.peg.2127	0.6714027345180511	0.2625885293198816	Very Low	Very Low	Very Low–Very Low			0	no STRING match	no STRING match	1893	2890	1	1	Pep_deformylase	Polypeptide deformylase	GO:0042586	Guanylate_kin	Guanylate kinase	
357544	fig|6666666.1036479.peg.2974	fig|6666666.1036479.peg.678	0.6712813794612884	0.2628178694158075	Low	Low	Low–Low			0	no STRING match	no STRING match	1855	2256	1	1	DUF4442	Domain of unknown function (DUF4442)		MFS_1	Major Facilitator Superfamily	GO:0022857;GO:0055085
358145	fig|6666666.1036479.peg.3246	fig|6666666.1036479.peg.1806	0.6710675954818726	0.2632596431262289	Very Low	Very Low	Very Low–Very Low			0	no STRING match	no STRING match	1996	2761	3	1						
358192	fig|6666666.1036479.peg.2817	fig|6666666.1036479.peg.3241	0.671050637960434	0.2632941911534998	Very Low	Very Low	Very Low–Very Low			0	no STRING match	no STRING match	1766	1991	1	2	DUF2805	Protein of unknown function (DUF2805)				
358375	fig|6666666.1036479.peg.53	fig|6666666.1036479.peg.612	0.6709992170333863	0.2634287079405333	High	Medium	Medium–High			0	no STRING match	no STRING match	2036	2227	1	1	FixS	Cytochrome oxidase maturation protein cbb3-type		Redoxin;AhpC-TSA	Redoxin; AhpC/TSA family	GO:0016209;GO:0016491
358854	fig|6666666.1036479.peg.1517	fig|6666666.1036479.peg.1528	0.6708403944969177	0.2637808037929323	Low	Low	Low–Low			0	no STRING match	no STRING match	2631	2636	1	1	dCMP_cyt_deam_1;MafB19-deam	Cytidine and deoxycytidylate deaminase zinc-binding region; MafB19-like deaminase		dCMP_cyt_deam_1;MafB19-deam	Cytidine and deoxycytidylate deaminase zinc-binding region; MafB19-like deaminase	
358966	fig|6666666.1036479.peg.2977	fig|6666666.1036479.peg.1139	0.6708001136779785	0.2638631310068545	Very Low	Very Low	Very Low–Very Low			0	no STRING match	no STRING match	1856	2465	1	1	GrpE	GrpE	GO:0000774;GO:0006457;GO:0042803;GO:0051087	Ribosomal_L30	Ribosomal protein L30p/L7e	
359229	fig|6666666.1036479.peg.77	fig|6666666.1036479.peg.1517	0.6707104265689849	0.2640564529466894	Very Low	Low	Very Low–Low			0	no STRING match	no STRING match	2045	2631	1	1	Pribosyltran	Phosphoribosyl transferase domain		dCMP_cyt_deam_1;MafB19-deam	Cytidine and deoxycytidylate deaminase zinc-binding region; MafB19-like deaminase	
359409	fig|6666666.1036479.peg.44	fig|6666666.1036479.peg.2252	0.6706598579883576	0.2641887645404928	Medium	Low	Low–Medium			0	no STRING match	no STRING match	2031	2950	1	1	DUF2339	Predicted membrane protein (DUF2339)				
359604	fig|6666666.1036479.peg.3179	fig|6666666.1036479.peg.2098	0.6705869972705841	0.2643321021004465	Very Low	Very Low	Very Low–Very Low			0	no STRING match	no STRING match	1942	2875	3	1	TssD	Hemolysin coregulated protein Hcp (TssD)	GO:0033104	TssD	Hemolysin coregulated protein Hcp (TssD)	GO:0033104
359793	fig|6666666.1036479.peg.302	fig|6666666.1036479.peg.1960	0.6705287337303162	0.2644710292739401	Medium	Very Low	Very Low–Medium	Hypothetical protein.	Hypothetical protein; COG3772 Phage-related lysozyme (muraminidase).	0	secondary STRING hit (STRING protein assigned to a better match)	secondary STRING hit (STRING protein assigned to a better match)	2116	2821	1	1	DUF6261	Family of unknown function (DUF6261)		DUF5675	Family of unknown function (DUF5675)	
360146	fig|6666666.1036479.peg.1883	fig|6666666.1036479.peg.2024	0.6704019546508789	0.2647305070106768	High	Medium	Medium–High			0	no STRING match	no STRING match	2780	2846	1	1				SnoaL_3	SnoaL-like domain	
360221	fig|6666666.1036479.peg.1883	fig|6666666.1036479.peg.1942	0.670378577709198	0.2647856368414282	High	Very Low	Very Low–High			0	no STRING match	no STRING match	2780	2805	1	1						
360508	fig|6666666.1036479.peg.3246	fig|6666666.1036479.peg.3249	0.6702711284160614	0.2649966003271036	Very Low	Very Low	Very Low–Very Low			0	no STRING match	no STRING match	1996	1999	3	1						
360746	fig|6666666.1036479.peg.948	fig|6666666.1036479.peg.2136	0.670191615819931	0.2651715456566881	Very Low	Low	Very Low–Low			0	no STRING match	no STRING match	2391	2896	1	1				Macro	Macro domain	
360946	fig|6666666.1036479.peg.2943	fig|6666666.1036479.peg.1073	0.6701274752616883	0.2653185585386919	Very Low	Very Low	Very Low–Very Low			0	no STRING match	no STRING match	1839	2417	1	1	Methyltransf_24	Methyltransferase domain		Glyco_trans_4_2;Glyco_transf_4;GT4-conflict;Glycos_transf_1;Glyco_trans_1_4	Glycosyl transferase 4-like; Glycosyltransferase Family 4; Family 4 Glycosyltransferase in conflict systems; Glycosyl transferases group 1	GO:0016757
361027	fig|6666666.1036479.peg.194	fig|6666666.1036479.peg.577	0.6700998783111572	0.2653780987559035	Very Low	Very Low	Very Low–Very Low			0	no STRING match	no STRING match	2071	2214	1	1	Sua5_yciO_yrdC	Telomere recombination	GO:0003725	tRNA_bind	Putative tRNA binding domain	GO:0000049
361071	fig|6666666.1036479.peg.421	fig|6666666.1036479.peg.656	0.6700841844081878	0.2654104415899443	Very Low	Very Low	Very Low–Very Low			0	no STRING match	no STRING match	2154	2250	1	1						
361099	fig|6666666.1036479.peg.2775	fig|6666666.1036479.peg.1452	0.6700687825679779	0.2654310233934248	High	High	High–High			0	no STRING match	no STRING match	1745	2606	1	1	TauE	Sulfite exporter TauE/SafE	GO:0016020	Phage_holin_4_2	Mycobacterial 4 TMS phage holin, superfamily IV	
361227	fig|6666666.1036479.peg.44	fig|6666666.1036479.peg.1452	0.6700104713439942	0.2655251116379072	Medium	High	Medium–High			0	no STRING match	no STRING match	2031	2606	1	1	DUF2339	Predicted membrane protein (DUF2339)		Phage_holin_4_2	Mycobacterial 4 TMS phage holin, superfamily IV	
361628	fig|6666666.1036479.peg.2873	fig|6666666.1036479.peg.2136	0.6698636889457703	0.2658198724663249	Very Low	Low	Very Low–Low			0	no STRING match	no STRING match	1800	2896	1	1	Acetyltransf_1;Acetyltransf_10;Acetyltransf_7	Acetyltransferase (GNAT) family; Acetyltransferase (GNAT) domain	GO:0016747	Macro	Macro domain	
362115	fig|6666666.1036479.peg.1114	fig|6666666.1036479.peg.1765	0.6696672141551971	0.2661778488340041	Very Low	Low	Very Low–Low			0	no STRING match	no STRING match	2445	2740	1	1						
362256	fig|6666666.1036479.peg.2992	fig|6666666.1036479.peg.1498	0.669617372751236	0.2662814929158167	Very Low	Very Low	Very Low–Very Low			0	no STRING match	no STRING match	1862	2624	1	1						
362762	fig|6666666.1036479.peg.2897	fig|6666666.1036479.peg.1647	0.669430261850357	0.2666534355072863	Low	Very Low	Very Low–Low			0	no STRING match	no STRING match	1819	2701	1	1	Sigma70_r2;Sigma70_r4_2;Sigma70_r4	Sigma-70 region 2; Sigma-70, region 4	GO:0003677;GO:0003700;GO:0006352;GO:0006355;GO:0016987	HTH_31;HTH_19;HTH_26;HTH_3	Helix-turn-helix domain; Cro/C1-type HTH DNA-binding domain; Helix-turn-helix	
364100	fig|6666666.1036479.peg.948	fig|6666666.1036479.peg.1669	0.6689375460147857	0.2676369516878916	Very Low	Low	Very Low–Low			0	no STRING match	no STRING match	2391	2711	1	1						
364905	fig|6666666.1036479.peg.2750	fig|6666666.1036479.peg.2977	0.6686564445495605	0.2682286785379569	High	Very Low	Very Low–High			0	no STRING match	no STRING match	1732	1856	1	1	Bac_DNA_binding;HU-HIG	Bacterial DNA-binding protein; HU domain fused to wHTH, Ig, or Glycine-rich motif	GO:0003677;GO:0030527	GrpE	GrpE	GO:0000774;GO:0006457;GO:0042803;GO:0051087
365047	fig|6666666.1036479.peg.565	fig|6666666.1036479.peg.586	0.6686002671718597	0.2683330576841796	Very Low	Low	Very Low–Low			0	no STRING match	no STRING match	2208	2216	1	1				Pentapeptide;Pentapeptide_4;Pentapeptide;LD_SV2;Pentapeptide	Pentapeptide repeats (8 copies); Pentapeptide repeat region; SV2A/B/C luminal domain	
365277	fig|6666666.1036479.peg.770	fig|6666666.1036479.peg.1803	0.6685296535491944	0.2685021224984839	Very Low	Very Low	Very Low–Very Low			0	no STRING match	no STRING match	2310	2758	1	1				DUF772	Transposase domain (DUF772)	
365444	fig|6666666.1036479.peg.2932	fig|6666666.1036479.peg.2274	0.6684604465961457	0.268624878254957	Very Low	Very Low	Very Low–Very Low			0	no STRING match	no STRING match	1834	2955	1	1						
366479	fig|6666666.1036479.peg.3246	fig|6666666.1036479.peg.1411	0.668142968416214	0.2693856699193266	Very Low	Very Low	Very Low–Very Low			0	no STRING match	no STRING match	1996	2590	3	1				Endolysin;Peptidase_M23	Endolysin; Peptidase family M23	
367096	fig|6666666.1036479.peg.1647	fig|6666666.1036479.peg.1653	0.6679139196872711	0.2698392046603083	Very Low	Very Low	Very Low–Very Low			0	no STRING match	no STRING match	2701	2704	1	1	HTH_31;HTH_19;HTH_26;HTH_3	Helix-turn-helix domain; Cro/C1-type HTH DNA-binding domain; Helix-turn-helix		HTH_31;HTH_19;HTH_26;HTH_3	Helix-turn-helix domain; Cro/C1-type HTH DNA-binding domain; Helix-turn-helix	
367654	fig|6666666.1036479.peg.1073	fig|6666666.1036479.peg.1803	0.66771679520607	0.2702493706010989	Very Low	Very Low	Very Low–Very Low			0	no STRING match	no STRING match	2417	2758	1	1	Glyco_trans_4_2;Glyco_transf_4;GT4-conflict;Glycos_transf_1;Glyco_trans_1_4	Glycosyl transferase 4-like; Glycosyltransferase Family 4; Family 4 Glycosyltransferase in conflict systems; Glycosyl transferases group 1	GO:0016757	DUF772	Transposase domain (DUF772)	
367987	fig|6666666.1036479.peg.409	fig|6666666.1036479.peg.1360	0.6676093280315399	0.2704941470496352	Very Low	Very Low	Very Low–Very Low			0	no STRING match	no STRING match	2148	2568	1	1						
367996	fig|6666666.1036479.peg.409	fig|6666666.1036479.peg.421	0.6676065146923065	0.2705007626293254	Very Low	Very Low	Very Low–Very Low			0	no STRING match	no STRING match	2148	2154	1	1						
368005	fig|6666666.1036479.peg.565	fig|6666666.1036479.peg.2274	0.6676024436950684	0.2705073782090155	Very Low	Very Low	Very Low–Very Low			0	no STRING match	no STRING match	2208	2955	1	1						
368456	fig|6666666.1036479.peg.3179	fig|6666666.1036479.peg.1795	0.6674297630786896	0.2708388922579341	Very Low	Very Low	Very Low–Very Low			0	no STRING match	no STRING match	1942	2755	3	1	TssD	Hemolysin coregulated protein Hcp (TssD)	GO:0033104	TssD	Hemolysin coregulated protein Hcp (TssD)	GO:0033104
368969	fig|6666666.1036479.peg.2992	fig|6666666.1036479.peg.43	0.6672296643257141	0.2712159803002738	Very Low	Very Low	Very Low–Very Low			0	no STRING match	no STRING match	1862	2030	1	2						
369328	fig|6666666.1036479.peg.1520	fig|6666666.1036479.peg.2357	0.6671169102191925	0.2714798684234706	Low	Low	Low–Low		Na+/H+ antiporter; COG0475 Kef-type K+ transport systems, membrane components.	0	no STRING match	secondary STRING hit (STRING protein assigned to a better match)	2633	2993	1	1	MarC	MarC family integral membrane protein	GO:0016020	Na_H_Exchanger	Sodium/hydrogen exchanger, transmembrane	GO:0006812;GO:0015297;GO:0016020;GO:0055085;GO:1902600
369732	fig|6666666.1036479.peg.2974	fig|6666666.1036479.peg.53	0.6669807851314544	0.2717768344451182	Low	High	Low–High			0	no STRING match	no STRING match	1855	2036	1	1	DUF4442	Domain of unknown function (DUF4442)		FixS	Cytochrome oxidase maturation protein cbb3-type	
370342	fig|6666666.1036479.peg.17	fig|6666666.1036479.peg.1411	0.666763299703598	0.2722252237352298	Very Low	Very Low	Very Low–Very Low			0	no STRING match	no STRING match	2010	2590	2	1				Endolysin;Peptidase_M23	Endolysin; Peptidase family M23	
370757	fig|6666666.1036479.peg.302	fig|6666666.1036479.peg.1293	0.666614955663681	0.2725302754653876	Medium	Very Low	Very Low–Medium	Hypothetical protein.		0	secondary STRING hit (STRING protein assigned to a better match)	no STRING match	2116	2529	1	1	DUF6261	Family of unknown function (DUF6261)		GldC-like	Gliding motility-associated protein GldC-like	
371153	fig|6666666.1036479.peg.77	fig|6666666.1036479.peg.1695	0.6664764165878296	0.2728213609717551	Very Low	Very Low	Very Low–Very Low			0	no STRING match	no STRING match	2045	2719	1	1	Pribosyltran	Phosphoribosyl transferase domain		DCD;dUTPase	dCTP deaminase-like; dUTPase	GO:0006229;GO:0008829
371274	fig|6666666.1036479.peg.586	fig|6666666.1036479.peg.1254	0.6664314329624176	0.2729103037653674	Low	Very Low	Very Low–Low			0	no STRING match	no STRING match	2216	2518	1	1	Pentapeptide;Pentapeptide_4;Pentapeptide;LD_SV2;Pentapeptide	Pentapeptide repeats (8 copies); Pentapeptide repeat region; SV2A/B/C luminal domain		Glyco_hydro_114	Glycoside-hydrolase family GH114	
371375	fig|6666666.1036479.peg.2817	fig|6666666.1036479.peg.3252	0.666396564245224	0.2729845452707793	Very Low	Very Low	Very Low–Very Low			0	no STRING match	no STRING match	1766	2002	1	3	DUF2805	Protein of unknown function (DUF2805)				
371546	fig|6666666.1036479.peg.37	fig|6666666.1036479.peg.53	0.6663364768028259	0.2731102412848926	Very Low	High	Very Low–High			0	no STRING match	no STRING match	2024	2036	2	1				FixS	Cytochrome oxidase maturation protein cbb3-type	
371737	fig|6666666.1036479.peg.739	fig|6666666.1036479.peg.2325	0.666254186630249	0.2732506385872062	Very Low	Very Low	Very Low–Very Low			0	no STRING match	no STRING match	2297	2981	1	1				DUF3226	Protein of unknown function (DUF3226)	
372030	fig|6666666.1036479.peg.656	fig|6666666.1036479.peg.1360	0.6661477982997894	0.2734660124593417	Very Low	Very Low	Very Low–Very Low			0	no STRING match	no STRING match	2250	2568	1	1						
372101	fig|6666666.1036479.peg.409	fig|6666666.1036479.peg.656	0.6661170601844788	0.2735182020324531	Very Low	Very Low	Very Low–Very Low			0	no STRING match	no STRING match	2148	2250	1	1						
372215	fig|6666666.1036479.peg.1411	fig|6666666.1036479.peg.1940	0.6660728812217712	0.2736019993751952	Very Low	Very Low	Very Low–Very Low		Hypothetical protein; COG3772 Phage-related lysozyme (muraminidase).	0	no STRING match	secondary STRING hit (STRING protein assigned to a better match)	2590	2803	1	1	Endolysin;Peptidase_M23	Endolysin; Peptidase family M23				
373022	fig|6666666.1036479.peg.2775	fig|6666666.1036479.peg.3129	0.6658154845237731	0.2741951963540805	High	Medium	Medium–High			0	no STRING match	no STRING match	1745	1922	1	1	TauE	Sulfite exporter TauE/SafE	GO:0016020	CRCB	CrcB-like protein, Camphor Resistance (CrcB)	GO:0016020
373282	fig|6666666.1036479.peg.37	fig|6666666.1036479.peg.1883	0.6657226264476777	0.2743863131006854	Very Low	High	Very Low–High			0	no STRING match	no STRING match	2024	2780	2	1						
373516	fig|6666666.1036479.peg.2941	fig|6666666.1036479.peg.2024	0.6656471192836761	0.2745583181726299	High	Medium	Medium–High			0	no STRING match	no STRING match	1838	2846	1	1	Redoxin;AhpC-TSA;Thioredoxin;Thioredoxin_2;Thioredoxin_8	Redoxin; AhpC/TSA family; Thioredoxin; Thioredoxin-like domain; Thioredoxin-like	GO:0016209;GO:0016491	SnoaL_3	SnoaL-like domain	
374093	fig|6666666.1036479.peg.37	fig|6666666.1036479.peg.612	0.6654564797878265	0.2749824503372108	Very Low	Medium	Very Low–Medium			0	no STRING match	no STRING match	2024	2227	2	1				Redoxin;AhpC-TSA	Redoxin; AhpC/TSA family	GO:0016209;GO:0016491
374179	fig|6666666.1036479.peg.2932	fig|6666666.1036479.peg.409	0.6654299914836883	0.2750456658764724	Very Low	Very Low	Very Low–Very Low			0	no STRING match	no STRING match	1834	2148	1	1						
374219	fig|6666666.1036479.peg.17	fig|6666666.1036479.peg.1293	0.6654114603996277	0.2750750684528731	Very Low	Very Low	Very Low–Very Low			0	no STRING match	no STRING match	2010	2529	2	1				GldC-like	Gliding motility-associated protein GldC-like	
374331	fig|6666666.1036479.peg.3129	fig|6666666.1036479.peg.1803	0.6653837919235229	0.2751573956667953	Medium	Very Low	Very Low–Medium			0	no STRING match	no STRING match	1922	2758	1	1	CRCB	CrcB-like protein, Camphor Resistance (CrcB)	GO:0016020	DUF772	Transposase domain (DUF772)	
374369	fig|6666666.1036479.peg.2932	fig|6666666.1036479.peg.1765	0.6653722524642944	0.275185328114376	Very Low	Low	Very Low–Low			0	no STRING match	no STRING match	1834	2740	1	1						
374699	fig|6666666.1036479.peg.43	fig|6666666.1036479.peg.2387	0.6652610421180725	0.2754278993696822	Very Low	Very Low	Very Low–Very Low			0	no STRING match	no STRING match	2030	3001	2	1						
374759	fig|6666666.1036479.peg.577	fig|6666666.1036479.peg.2127	0.6652472019195557	0.2754720032342834	Very Low	Very Low	Very Low–Very Low			0	no STRING match	no STRING match	2214	2890	1	1	tRNA_bind	Putative tRNA binding domain	GO:0000049	Guanylate_kin	Guanylate kinase	
374818	fig|6666666.1036479.peg.1199	fig|6666666.1036479.peg.1955	0.6652247488498688	0.2755153720344745	Medium	High	Medium–High			0	no STRING match	no STRING match	2495	2816	1	1	PMT_C3	Pasteurella multocida toxin, C3 domain		DUF4280	Domain of unknown function (DUF4280)	
375115	fig|6666666.1036479.peg.421	fig|6666666.1036479.peg.1360	0.6651340782642364	0.2757336861642501	Very Low	Very Low	Very Low–Very Low			0	no STRING match	no STRING match	2154	2568	1	1						
375142	fig|6666666.1036479.peg.739	fig|6666666.1036479.peg.1941	0.6651202738285065	0.2757535329033206	Very Low	Medium	Very Low–Medium			0	no STRING match	no STRING match	2297	2804	1	1						
375215	fig|6666666.1036479.peg.404	fig|6666666.1036479.peg.780	0.6650917410850525	0.275807192605252	Low	Very Low	Very Low–Low			0	no STRING match	no STRING match	2146	2314	1	1	PRiA4_ORF3	Plasmid pRiA4b ORF-3-like protein		DUF8465;Smr	Domain of unknown function (DUF8465); Smr domain	
375672	fig|6666666.1036479.peg.2932	fig|6666666.1036479.peg.1360	0.6649222791194915	0.2761431170406306	Very Low	Very Low	Very Low–Very Low			0	no STRING match	no STRING match	1834	2568	1	1						
375739	fig|6666666.1036479.peg.2937	fig|6666666.1036479.peg.1314	0.66489497423172	0.2761923663561019	Very Low	Very Low	Very Low–Very Low			0	no STRING match	no STRING match	1837	2538	1	1	Cob_adeno_trans	Cobalamin adenosyltransferase		GTP_EFTU;MMR_HSR1;GTP-eEF1A_C	Elongation factor Tu GTP binding domain; 50S ribosome-binding GTPase; GTP-eEF1A C-terminal domain-like	GO:0003924;GO:0005525
375751	fig|6666666.1036479.peg.409	fig|6666666.1036479.peg.1765	0.6648915469646454	0.2762011871290222	Very Low	Low	Very Low–Low			0	no STRING match	no STRING match	2148	2740	1	1						
376496	fig|6666666.1036479.peg.46	fig|6666666.1036479.peg.421	0.664611178636551	0.2767488101144862	Very Low	Very Low	Very Low–Very Low			0	no STRING match	no STRING match	2033	2154	1	1						
376798	fig|6666666.1036479.peg.511	fig|6666666.1036479.peg.836	0.664505785703659	0.276970799566312	Very Low	Very Low	Very Low–Very Low			0	no STRING match	no STRING match	2184	2337	1	1	Metallophos_2	Calcineurin-like phosphoesterase superfamily domain		ApeP-like	ApeP dehydratase	
377342	fig|6666666.1036479.peg.44	fig|6666666.1036479.peg.53	0.6643270015716553	0.2773706746053623	Medium	High	Medium–High			0	no STRING match	no STRING match	2031	2036	1	1	DUF2339	Predicted membrane protein (DUF2339)		FixS	Cytochrome oxidase maturation protein cbb3-type	
377531	fig|6666666.1036479.peg.1795	fig|6666666.1036479.peg.2098	0.6642689824104309	0.2775096017788558	Very Low	Very Low	Very Low–Very Low			0	no STRING match	no STRING match	2755	2875	1	1	TssD	Hemolysin coregulated protein Hcp (TssD)	GO:0033104	TssD	Hemolysin coregulated protein Hcp (TssD)	GO:0033104
377892	fig|6666666.1036479.peg.586	fig|6666666.1036479.peg.603	0.6641343593597412	0.2777749600308727	Low	Very Low	Very Low–Low			0	no STRING match	no STRING match	2216	2222	1	1	Pentapeptide;Pentapeptide_4;Pentapeptide;LD_SV2;Pentapeptide	Pentapeptide repeats (8 copies); Pentapeptide repeat region; SV2A/B/C luminal domain		DUF6597;HTH_18	Domain of unknown function (DUF6597); Helix-turn-helix domain	GO:0003700;GO:0006355;GO:0043565
378055	fig|6666666.1036479.peg.1293	fig|6666666.1036479.peg.1791	0.6640747249126434	0.2778947755297058	Very Low	Very Low	Very Low–Very Low			0	no STRING match	no STRING match	2529	2753	1	1	GldC-like	Gliding motility-associated protein GldC-like				
378106	fig|6666666.1036479.peg.1776	fig|6666666.1036479.peg.1955	0.6640572249889374	0.2779322638146168	Low	High	Low–High			0	no STRING match	no STRING match	2745	2816	1	1	DUF4280	Domain of unknown function (DUF4280)		DUF4280	Domain of unknown function (DUF4280)	
378755	fig|6666666.1036479.peg.2508	fig|6666666.1036479.peg.2387	0.6638420701026917	0.278409320616719	Very Low	Very Low	Very Low–Very Low			0	no STRING match	no STRING match	1615	3001	1	1						
378910	fig|6666666.1036479.peg.1360	fig|6666666.1036479.peg.1765	0.6637907862663269	0.2785232556002719	Very Low	Low	Very Low–Low			0	no STRING match	no STRING match	2568	2740	1	1						
379043	fig|6666666.1036479.peg.780	fig|6666666.1036479.peg.2273	0.6637495040893555	0.2786210191668045	Very Low	Very Low	Very Low–Very Low			0	no STRING match	no STRING match	2314	2954	1	1	DUF8465;Smr	Domain of unknown function (DUF8465); Smr domain		ParD_antitoxin	Bacterial antitoxin of ParD toxin-antitoxin type II system and RHH	
379125	fig|6666666.1036479.peg.586	fig|6666666.1036479.peg.2274	0.6637180507183075	0.278681294448426	Low	Very Low	Very Low–Low			0	no STRING match	no STRING match	2216	2955	1	1	Pentapeptide;Pentapeptide_4;Pentapeptide;LD_SV2;Pentapeptide	Pentapeptide repeats (8 copies); Pentapeptide repeat region; SV2A/B/C luminal domain				
379160	fig|6666666.1036479.peg.2947	fig|6666666.1036479.peg.565	0.6637045502662658	0.2787070217027767	Very Low	Very Low	Very Low–Very Low			0	no STRING match	no STRING match	1842	2208	1	1						
379639	fig|6666666.1036479.peg.302	fig|6666666.1036479.peg.997	0.6635587632656097	0.2790591175551757	Medium	Medium	Medium–Medium	Hypothetical protein.	Hypothetical protein.	0	secondary STRING hit (STRING protein assigned to a better match)	secondary STRING hit (STRING protein assigned to a better match)	2116	2397	1	1	DUF6261	Family of unknown function (DUF6261)				
380375	fig|6666666.1036479.peg.1114	fig|6666666.1036479.peg.1941	0.6632950782775879	0.2796001249609497	Very Low	Medium	Very Low–Medium			0	no STRING match	no STRING match	2445	2804	1	1						
381047	fig|6666666.1036479.peg.1293	fig|6666666.1036479.peg.1358	0.6630699157714843	0.2800940882444824	Very Low	Very Low	Very Low–Very Low			0	no STRING match	no STRING match	2529	2566	1	1	GldC-like	Gliding motility-associated protein GldC-like				
381333	fig|6666666.1036479.peg.3192	fig|6666666.1036479.peg.1955	0.6629644691944122	0.2803043166657478	Low	High	Low–High			0	no STRING match	no STRING match	1955	2816	1	1	DUF4280	Domain of unknown function (DUF4280)		DUF4280	Domain of unknown function (DUF4280)	
381748	fig|6666666.1036479.peg.3136	fig|6666666.1036479.peg.739	0.662822550535202	0.2806093683959056	Very Low	Very Low	Very Low–Very Low			0	no STRING match	no STRING match	1925	2297	1	1						
382355	fig|6666666.1036479.peg.737	fig|6666666.1036479.peg.770	0.6625920593738556	0.2810555524927872	Very Low	Very Low	Very Low–Very Low			0	no STRING match	no STRING match	2295	2310	1	1						
382367	fig|6666666.1036479.peg.350	fig|6666666.1036479.peg.770	0.662587147951126	0.2810643732657074	Very Low	Very Low	Very Low–Very Low			0	no STRING match	no STRING match	2133	2310	1	1						
382460	fig|6666666.1036479.peg.890	fig|6666666.1036479.peg.1941	0.6625602185726166	0.2811327342558392	Medium	Medium	Medium–Medium			0	no STRING match	no STRING match	2365	2804	1	1	DUF7738	Domain of unknown function (DUF7738)				
382468	fig|6666666.1036479.peg.40	fig|6666666.1036479.peg.739	0.6625573337078094	0.2811386147711193	Very Low	Very Low	Very Low–Very Low			0	no STRING match	no STRING match	2027	2297	2	1						
382763	fig|6666666.1036479.peg.2508	fig|6666666.1036479.peg.1498	0.6624671995639801	0.2813554587720749	Very Low	Very Low	Very Low–Very Low			0	no STRING match	no STRING match	1615	2624	1	1						
382981	fig|6666666.1036479.peg.3136	fig|6666666.1036479.peg.1941	0.6623942375183105	0.281515702813459	Very Low	Medium	Very Low–Medium			0	no STRING match	no STRING match	1925	2804	1	1						
383013	fig|6666666.1036479.peg.3192	fig|6666666.1036479.peg.2154	0.6623851776123046	0.2815392248745796	Low	Very Low	Very Low–Low			0	no STRING match	no STRING match	1955	2904	1	1	DUF4280	Domain of unknown function (DUF4280)		Toxin-deaminase	The  BURPS668_1122 family of deaminases	
383066	fig|6666666.1036479.peg.2538	fig|6666666.1036479.peg.2273	0.6623729884624481	0.2815781832883106	Very Low	Very Low	Very Low–Very Low			0	no STRING match	no STRING match	1631	2954	1	1				ParD_antitoxin	Bacterial antitoxin of ParD toxin-antitoxin type II system and RHH	
383942	fig|6666666.1036479.peg.1021	fig|6666666.1036479.peg.1831	0.6620911538600922	0.2822220997114872	Low	Very Low	Very Low–Low			0	no STRING match	no STRING match	2406	2766	1	1	SKI	Shikimate kinase		5-FTHF_cyc-lig	5-formyltetrahydrofolate cyclo-ligase family	
384523	fig|6666666.1036479.peg.1941	fig|6666666.1036479.peg.2325	0.66190664768219	0.2826491721337082	Medium	Very Low	Very Low–Medium			0	no STRING match	no STRING match	2804	2981	1	1				DUF3226	Protein of unknown function (DUF3226)	
384540	fig|6666666.1036479.peg.565	fig|6666666.1036479.peg.603	0.6618993282318115	0.2826616682286785	Very Low	Very Low	Very Low–Very Low			0	no STRING match	no STRING match	2208	2222	1	1				DUF6597;HTH_18	Domain of unknown function (DUF6597); Helix-turn-helix domain	GO:0003700;GO:0006355;GO:0043565
385078	fig|6666666.1036479.peg.252	fig|6666666.1036479.peg.1669	0.6617330849170685	0.2830571328812687	Low	Low	Low–Low			0	no STRING match	no STRING match	2095	2711	1	1	Fer4	4Fe-4S binding domain				
385107	fig|6666666.1036479.peg.1136	fig|6666666.1036479.peg.1139	0.6617250204086303	0.2830784497491592	Very Low	Very Low	Very Low–Very Low			0	no STRING match	no STRING match	2463	2465	1	1	eIF-1a	Translation initiation factor 1A / IF-1	GO:0003723;GO:0003743;GO:0006413	Ribosomal_L30	Ribosomal protein L30p/L7e	
385136	fig|6666666.1036479.peg.3054	fig|6666666.1036479.peg.1139	0.6617142498493195	0.2830997666170498	Very Low	Very Low	Very Low–Very Low			0	no STRING match	no STRING match	1893	2465	1	1	Pep_deformylase	Polypeptide deformylase	GO:0042586	Ribosomal_L30	Ribosomal protein L30p/L7e	
385138	fig|6666666.1036479.peg.770	fig|6666666.1036479.peg.2274	0.661713981628418	0.2831012367458698	Very Low	Very Low	Very Low–Very Low			0	no STRING match	no STRING match	2310	2955	1	1						
385890	fig|6666666.1036479.peg.2508	fig|6666666.1036479.peg.43	0.6614373087882995	0.283654005182204	Very Low	Very Low	Very Low–Very Low			0	no STRING match	no STRING match	1615	2030	1	2						
386073	fig|6666666.1036479.peg.1254	fig|6666666.1036479.peg.1531	0.6613740444183349	0.2837885219692375	Very Low	Very Low	Very Low–Very Low			0	no STRING match	no STRING match	2518	2639	1	1	Glyco_hydro_114	Glycoside-hydrolase family GH114		cNMP_binding	Cyclic nucleotide-binding domain	
386339	fig|6666666.1036479.peg.3136	fig|6666666.1036479.peg.1114	0.6612737119197846	0.2839840491023025	Very Low	Very Low	Very Low–Very Low			0	no STRING match	no STRING match	1925	2445	1	1						
386382	fig|6666666.1036479.peg.2937	fig|6666666.1036479.peg.371	0.6612551391124726	0.2840156568719334	Very Low	Low	Very Low–Low			0	no STRING match	no STRING match	1837	2140	1	1	Cob_adeno_trans	Cobalamin adenosyltransferase		Cob_adeno_trans	Cobalamin adenosyltransferase	
386708	fig|6666666.1036479.peg.2716	fig|6666666.1036479.peg.77	0.6611369729042054	0.2842552878695996	Low	Very Low	Very Low–Low			0	no STRING match	no STRING match	1722	2045	1	1	Endonuclease_5	Endonuclease V	GO:0004519	Pribosyltran	Phosphoribosyl transferase domain	
387121	fig|6666666.1036479.peg.742	fig|6666666.1036479.peg.2274	0.6609870135784149	0.2845588694709374	Very Low	Very Low	Very Low–Very Low			0	no STRING match	no STRING match	2300	2955	1	1						
387699	fig|6666666.1036479.peg.3249	fig|6666666.1036479.peg.1293	0.6607937455177307	0.2849837366999283	Very Low	Very Low	Very Low–Very Low			0	no STRING match	no STRING match	1999	2529	1	1				GldC-like	Gliding motility-associated protein GldC-like	
388327	fig|6666666.1036479.peg.1358	fig|6666666.1036479.peg.1791	0.6605975508689881	0.2854453571494202	Very Low	Very Low	Very Low–Very Low			0	no STRING match	no STRING match	2566	2753	1	1						
388406	fig|6666666.1036479.peg.1199	fig|6666666.1036479.peg.1254	0.6605751812458038	0.2855034272378117	Medium	Very Low	Very Low–Medium			0	no STRING match	no STRING match	2495	2518	1	1	PMT_C3	Pasteurella multocida toxin, C3 domain		Glyco_hydro_114	Glycoside-hydrolase family GH114	
388466	fig|6666666.1036479.peg.737	fig|6666666.1036479.peg.742	0.6605541586875916	0.2855475311024128	Very Low	Very Low	Very Low–Very Low			0	no STRING match	no STRING match	2295	2300	1	1						
388532	fig|6666666.1036479.peg.37	fig|6666666.1036479.peg.44	0.6605306982994079	0.2855960453534741	Very Low	Medium	Very Low–Medium			0	no STRING match	no STRING match	2024	2031	2	1				DUF2339	Predicted membrane protein (DUF2339)	
388683	fig|6666666.1036479.peg.2747	fig|6666666.1036479.peg.1926	0.6604879558086395	0.2857070400793869	Very Low	Very Low	Very Low–Very Low			0	no STRING match	no STRING match	1731	2798	1	1	AAA_28	AAA domain		Aminotran_3	Aminotransferase class-III	GO:0030170
388754	fig|6666666.1036479.peg.742	fig|6666666.1036479.peg.1254	0.6604564487934113	0.2857592296524983	Very Low	Very Low	Very Low–Very Low			0	no STRING match	no STRING match	2300	2518	1	1				Glyco_hydro_114	Glycoside-hydrolase family GH114	
388913	fig|6666666.1036479.peg.43	fig|6666666.1036479.peg.737	0.6604098796844482	0.2858761048936913	Very Low	Very Low	Very Low–Very Low			0	no STRING match	no STRING match	2030	2295	2	1						
388969	fig|6666666.1036479.peg.3136	fig|6666666.1036479.peg.1954	0.6603934407234192	0.2859172685006523	Very Low	Low	Very Low–Low			0	no STRING match	no STRING match	1925	2815	1	1						
389140	fig|6666666.1036479.peg.3136	fig|6666666.1036479.peg.2325	0.6603305339813232	0.2860429645147656	Very Low	Very Low	Very Low–Very Low			0	no STRING match	no STRING match	1925	2981	1	1				DUF3226	Protein of unknown function (DUF3226)	
389402	fig|6666666.1036479.peg.2892	fig|6666666.1036479.peg.46	0.6602451801300049	0.2862355513901906	Very Low	Very Low	Very Low–Very Low			0	no STRING match	no STRING match	1814	2033	1	1						
389427	fig|6666666.1036479.peg.535	fig|6666666.1036479.peg.836	0.6602360665798187	0.286253928000441	Very Low	Very Low	Very Low–Very Low	COG0754 Glutathionylspermidine synthase.		0	secondary STRING hit (STRING protein assigned to a better match)	no STRING match	2192	2337	1	1	GSP_synth	Glutathionylspermidine synthase preATP-grasp		ApeP-like	ApeP dehydratase	
389478	fig|6666666.1036479.peg.1669	fig|6666666.1036479.peg.2323	0.6602130889892578	0.286291416285352	Low	Low	Low–Low			0	no STRING match	no STRING match	2711	2979	1	1				2Fe-2S_thioredx	Thioredoxin-like [2Fe-2S] ferredoxin	
389884	fig|6666666.1036479.peg.2830	fig|6666666.1036479.peg.742	0.6600808262825012	0.2865898524358197	Very Low	Very Low	Very Low–Very Low			0	no STRING match	no STRING match	1774	2300	1	1	AAA_15;AAA_27;AAA_23	AAA ATPase domain; AAA domain	GO:0006302;GO:0016887			
390158	fig|6666666.1036479.peg.836	fig|6666666.1036479.peg.1926	0.6599928557872772	0.2867912600841649	Very Low	Very Low	Very Low–Very Low			0	no STRING match	no STRING match	2337	2798	1	1	ApeP-like	ApeP dehydratase		Aminotran_3	Aminotransferase class-III	GO:0030170
390397	fig|6666666.1036479.peg.561	fig|6666666.1036479.peg.1452	0.6599085032939911	0.2869669404781594	High	High	High–High			0	no STRING match	no STRING match	2205	2606	1	1	DoxX	DoxX		Phage_holin_4_2	Mycobacterial 4 TMS phage holin, superfamily IV	
390542	fig|6666666.1036479.peg.780	fig|6666666.1036479.peg.1647	0.6598589956760407	0.2870735248176121	Very Low	Very Low	Very Low–Very Low			0	no STRING match	no STRING match	2314	2701	1	1	DUF8465;Smr	Domain of unknown function (DUF8465); Smr domain		HTH_31;HTH_19;HTH_26;HTH_3	Helix-turn-helix domain; Cro/C1-type HTH DNA-binding domain; Helix-turn-helix	
390565	fig|6666666.1036479.peg.1776	fig|6666666.1036479.peg.2154	0.6598540544509888	0.2870904312990426	Low	Very Low	Very Low–Low			0	no STRING match	no STRING match	2745	2904	1	1	DUF4280	Domain of unknown function (DUF4280)		Toxin-deaminase	The  BURPS668_1122 family of deaminases	
391261	fig|6666666.1036479.peg.1498	fig|6666666.1036479.peg.2387	0.6596017777919769	0.2876020361284157	Very Low	Very Low	Very Low–Very Low			0	no STRING match	no STRING match	2624	3001	1	1						
392030	fig|6666666.1036479.peg.2947	fig|6666666.1036479.peg.1690	0.6593337178230285	0.2881673006597203	Very Low	Very Low	Very Low–Very Low			0	no STRING match	no STRING match	1842	2717	1	1				DUF4286	Domain of unknown function (DUF4286)	
392170	fig|6666666.1036479.peg.809	fig|6666666.1036479.peg.1765	0.659292322397232	0.2882702096771229	Low	Low	Low–Low			0	no STRING match	no STRING match	2327	2740	1	1	DUF2024	Domain of unknown function (DUF2024)				
392255	fig|6666666.1036479.peg.2926	fig|6666666.1036479.peg.1954	0.6592630267143249	0.2883326901519745	Low	Low	Low–Low	Hypothetical protein.		0	secondary STRING hit (STRING protein assigned to a better match)	no STRING match	1828	2815	1	1						
392273	fig|6666666.1036479.peg.2947	fig|6666666.1036479.peg.603	0.6592581391334533	0.2883459213113549	Very Low	Very Low	Very Low–Very Low			0	no STRING match	no STRING match	1842	2222	1	1				DUF6597;HTH_18	Domain of unknown function (DUF6597); Helix-turn-helix domain	GO:0003700;GO:0006355;GO:0043565
392335	fig|6666666.1036479.peg.997	fig|6666666.1036479.peg.2154	0.6592298984527588	0.2883914953047761	Medium	Very Low	Very Low–Medium	Hypothetical protein.		0	secondary STRING hit (STRING protein assigned to a better match)	no STRING match	2397	2904	1	1				Toxin-deaminase	The  BURPS668_1122 family of deaminases	
392680	fig|6666666.1036479.peg.1940	fig|6666666.1036479.peg.1948	0.6591260254383087	0.2886450925262326	Very Low	Very Low	Very Low–Very Low	Hypothetical protein; COG3772 Phage-related lysozyme (muraminidase).	Hypothetical protein.	0	secondary STRING hit (STRING protein assigned to a better match)	secondary STRING hit (STRING protein assigned to a better match)	2803	2810	1	1						
392997	fig|6666666.1036479.peg.809	fig|6666666.1036479.peg.1114	0.6590095221996307	0.2888781079442086	Low	Very Low	Very Low–Low			0	no STRING match	no STRING match	2327	2445	1	1	DUF2024	Domain of unknown function (DUF2024)				
393248	fig|6666666.1036479.peg.1114	fig|6666666.1036479.peg.2178	0.6589235603809357	0.2890626091111233	Very Low	Very Low	Very Low–Very Low			0	no STRING match	no STRING match	2445	2927	1	1						
393354	fig|6666666.1036479.peg.842	fig|6666666.1036479.peg.1926	0.6588808238506317	0.2891405259385853	Very Low	Very Low	Very Low–Very Low			0	no STRING match	no STRING match	2339	2798	1	1	ketoacyl-synt	Beta-ketoacyl synthase, N-terminal domain		Aminotran_3	Aminotransferase class-III	GO:0030170
394036	fig|6666666.1036479.peg.1940	fig|6666666.1036479.peg.2154	0.658630084991455	0.2896418398662183	Very Low	Very Low	Very Low–Very Low	Hypothetical protein; COG3772 Phage-related lysozyme (muraminidase).		0	secondary STRING hit (STRING protein assigned to a better match)	no STRING match	2803	2904	1	1				Toxin-deaminase	The  BURPS668_1122 family of deaminases	
394440	fig|6666666.1036479.peg.2892	fig|6666666.1036479.peg.742	0.6585046648979187	0.2899388058878659	Very Low	Very Low	Very Low–Very Low			0	no STRING match	no STRING match	1814	2300	1	1						
394963	fig|6666666.1036479.peg.2947	fig|6666666.1036479.peg.1579	0.658298808336258	0.2903232445743058	Very Low	Very Low	Very Low–Very Low			0	no STRING match	no STRING match	1842	2670	1	2						
395205	fig|6666666.1036479.peg.2538	fig|6666666.1036479.peg.1647	0.6582243978977204	0.2905011301615304	Very Low	Very Low	Very Low–Very Low			0	no STRING match	no STRING match	1631	2701	1	1				HTH_31;HTH_19;HTH_26;HTH_3	Helix-turn-helix domain; Cro/C1-type HTH DNA-binding domain; Helix-turn-helix	
395713	fig|6666666.1036479.peg.1021	fig|6666666.1036479.peg.1802	0.6580452203750611	0.29087454288182	Low	Very Low	Very Low–Low			0	no STRING match	no STRING match	2406	2757	1	1	SKI	Shikimate kinase		FeoA	FeoA domain	GO:0046914
395729	fig|6666666.1036479.peg.1021	fig|6666666.1036479.peg.1528	0.658040064573288	0.2908863039123803	Low	Low	Low–Low			0	no STRING match	no STRING match	2406	2636	1	1	SKI	Shikimate kinase		dCMP_cyt_deam_1;MafB19-deam	Cytidine and deoxycytidylate deaminase zinc-binding region; MafB19-like deaminase	
395883	fig|6666666.1036479.peg.603	fig|6666666.1036479.peg.1531	0.6579788625240326	0.2909995038315232	Very Low	Very Low	Very Low–Very Low			0	no STRING match	no STRING match	2222	2639	1	1	DUF6597;HTH_18	Domain of unknown function (DUF6597); Helix-turn-helix domain	GO:0003700;GO:0006355;GO:0043565	cNMP_binding	Cyclic nucleotide-binding domain	
396038	fig|6666666.1036479.peg.511	fig|6666666.1036479.peg.1926	0.6579355537891388	0.2911134388150762	Very Low	Very Low	Very Low–Very Low			0	no STRING match	no STRING match	2184	2798	1	1	Metallophos_2	Calcineurin-like phosphoesterase superfamily domain		Aminotran_3	Aminotransferase class-III	GO:0030170
396069	fig|6666666.1036479.peg.2947	fig|6666666.1036479.peg.912	0.6579209566116333	0.2911362258117868	Very Low	Very Low	Very Low–Very Low			0	no STRING match	no STRING match	1842	2374	1	1				HTH_27	Winged helix DNA-binding domain	GO:0003700;GO:0006355
396443	fig|6666666.1036479.peg.2747	fig|6666666.1036479.peg.836	0.6577892959117889	0.2914111399011338	Very Low	Very Low	Very Low–Very Low			0	no STRING match	no STRING match	1731	2337	1	1	AAA_28	AAA domain		ApeP-like	ApeP dehydratase	
397581	fig|6666666.1036479.peg.634	fig|6666666.1036479.peg.809	0.6573786556720733	0.2922476431997354	Low	Low	Low–Low			0	no STRING match	no STRING match	2239	2327	1	1	DUF6428	Family of unknown function (DUF6428)		DUF2024	Domain of unknown function (DUF2024)	
397589	fig|6666666.1036479.peg.46	fig|6666666.1036479.peg.603	0.6573768675327301	0.2922535237150155	Very Low	Very Low	Very Low–Very Low			0	no STRING match	no STRING match	2033	2222	1	1				DUF6597;HTH_18	Domain of unknown function (DUF6597); Helix-turn-helix domain	GO:0003700;GO:0006355;GO:0043565
397925	fig|6666666.1036479.peg.809	fig|6666666.1036479.peg.2387	0.6572579920291901	0.2925005053567819	Low	Very Low	Very Low–Low			0	no STRING match	no STRING match	2327	3001	1	1	DUF2024	Domain of unknown function (DUF2024)				
398195	fig|6666666.1036479.peg.1021	fig|6666666.1036479.peg.2224	0.6571655631065368	0.292698972747487	Low	Very Low	Very Low–Low			0	no STRING match	no STRING match	2406	2940	1	1	SKI	Shikimate kinase		Formyl_trans_N	Formyl transferase	GO:0009058
398440	fig|6666666.1036479.peg.46	fig|6666666.1036479.peg.2325	0.6570920407772064	0.2928790635279416	Very Low	Very Low	Very Low–Very Low			0	no STRING match	no STRING match	2033	2981	1	1				DUF3226	Protein of unknown function (DUF3226)	
398450	fig|6666666.1036479.peg.2830	fig|6666666.1036479.peg.2892	0.6570896804332733	0.2928864141720418	Very Low	Very Low	Very Low–Very Low			0	no STRING match	no STRING match	1774	1814	1	1	AAA_15;AAA_27;AAA_23	AAA ATPase domain; AAA domain	GO:0006302;GO:0016887			
398909	fig|6666666.1036479.peg.53	fig|6666666.1036479.peg.1690	0.6569567263126374	0.2932238087362405	High	Very Low	Very Low–High			0	no STRING match	no STRING match	2036	2717	1	1	FixS	Cytochrome oxidase maturation protein cbb3-type		DUF4286	Domain of unknown function (DUF4286)	
398927	fig|6666666.1036479.peg.634	fig|6666666.1036479.peg.2387	0.6569476783275604	0.2932370398956208	Low	Very Low	Very Low–Low			0	no STRING match	no STRING match	2239	3001	1	1	DUF6428	Family of unknown function (DUF6428)				
399033	fig|6666666.1036479.peg.2892	fig|6666666.1036479.peg.1648	0.656908392906189	0.2933149567230829	Very Low	Low	Very Low–Low			0	no STRING match	no STRING match	1814	2702	1	1						
399175	fig|6666666.1036479.peg.1358	fig|6666666.1036479.peg.1954	0.6568622469902039	0.2934193358693056	Very Low	Low	Very Low–Low			0	no STRING match	no STRING match	2566	2815	1	1						
399411	fig|6666666.1036479.peg.890	fig|6666666.1036479.peg.997	0.6567898154258728	0.29359281107007	Medium	Medium	Medium–Medium		Hypothetical protein.	0	no STRING match	secondary STRING hit (STRING protein assigned to a better match)	2365	2397	1	1	DUF7738	Domain of unknown function (DUF7738)				
400083	fig|6666666.1036479.peg.46	fig|6666666.1036479.peg.1648	0.6565606534481049	0.2940867743536027	Very Low	Low	Very Low–Low			0	no STRING match	no STRING match	2033	2702	1	1						
400487	fig|6666666.1036479.peg.511	fig|6666666.1036479.peg.2427	0.6564285814762115	0.2943837403752504	Very Low	Very Low	Very Low–Very Low			0	no STRING match	no STRING match	2184	3020	1	1	Metallophos_2	Calcineurin-like phosphoesterase superfamily domain		Acetyltransf_1;Acetyltransf_10;Acetyltransf_7	Acetyltransferase (GNAT) family; Acetyltransferase (GNAT) domain	GO:0016747
402325	fig|6666666.1036479.peg.1647	fig|6666666.1036479.peg.2273	0.6558429300785065	0.2957347887608652	Very Low	Very Low	Very Low–Very Low			0	no STRING match	no STRING match	2701	2954	1	1	HTH_31;HTH_19;HTH_26;HTH_3	Helix-turn-helix domain; Cro/C1-type HTH DNA-binding domain; Helix-turn-helix		ParD_antitoxin	Bacterial antitoxin of ParD toxin-antitoxin type II system and RHH	
402425	fig|6666666.1036479.peg.127	fig|6666666.1036479.peg.1199	0.6558143198490143	0.2958082952018671	Medium	Medium	Medium–Medium			0	no STRING match	no STRING match	2065	2495	1	1	META	META domain		PMT_C3	Pasteurella multocida toxin, C3 domain	
402485	fig|6666666.1036479.peg.40	fig|6666666.1036479.peg.2325	0.6557967245578766	0.2958523990664682	Very Low	Very Low	Very Low–Very Low			0	no STRING match	no STRING match	2027	2981	2	1				DUF3226	Protein of unknown function (DUF3226)	
403705	fig|6666666.1036479.peg.634	fig|6666666.1036479.peg.1498	0.6554024040699005	0.2967491776466913	Low	Very Low	Very Low–Low			0	no STRING match	no STRING match	2239	2624	1	1	DUF6428	Family of unknown function (DUF6428)				
403734	fig|6666666.1036479.peg.511	fig|6666666.1036479.peg.1524	0.6553933024406433	0.2967704945145818	Very Low	Very Low	Very Low–Very Low			0	no STRING match	no STRING match	2184	2635	1	1	Metallophos_2	Calcineurin-like phosphoesterase superfamily domain		Acetyltransf_4;Acetyltransf_1;Acetyltransf_3;Acetyltransf_10;Acetyltransf_7;FR47	Acetyltransferase (GNAT) domain; Acetyltransferase (GNAT) family; FR47-like protein	GO:0016747
404150	fig|6666666.1036479.peg.836	fig|6666666.1036479.peg.2427	0.6552653312683105	0.2970762813091497	Very Low	Very Low	Very Low–Very Low			0	no STRING match	no STRING match	2337	3020	1	1	ApeP-like	ApeP dehydratase		Acetyltransf_1;Acetyltransf_10;Acetyltransf_7	Acetyltransferase (GNAT) family; Acetyltransferase (GNAT) domain	GO:0016747
404714	fig|6666666.1036479.peg.2716	fig|6666666.1036479.peg.1695	0.6550663769245147	0.2974908576364004	Low	Very Low	Very Low–Low			0	no STRING match	no STRING match	1722	2719	1	1	Endonuclease_5	Endonuclease V	GO:0004519	DCD;dUTPase	dCTP deaminase-like; dUTPase	GO:0006229;GO:0008829
404961	fig|6666666.1036479.peg.2538	fig|6666666.1036479.peg.1653	0.6549676835536957	0.297672418545675	Very Low	Very Low	Very Low–Very Low			0	no STRING match	no STRING match	1631	2704	1	1				HTH_31;HTH_19;HTH_26;HTH_3	Helix-turn-helix domain; Cro/C1-type HTH DNA-binding domain; Helix-turn-helix	
405523	fig|6666666.1036479.peg.2943	fig|6666666.1036479.peg.511	0.6547675907611847	0.2980855247441057	Very Low	Very Low	Very Low–Very Low			0	no STRING match	no STRING match	1839	2184	1	1	Methyltransf_24	Methyltransferase domain		Metallophos_2	Calcineurin-like phosphoesterase superfamily domain	
405737	fig|6666666.1036479.peg.252	fig|6666666.1036479.peg.1989	0.6546967923641205	0.2982428285278498	Low	Low	Low–Low			0	no STRING match	no STRING match	2095	2836	1	1	Fer4	4Fe-4S binding domain		Fer4_15;Fer4_13;Fer4_7	4Fe-4S single cluster domain; 4Fe-4S single cluster domain of Ferredoxin I; 4Fe-4S dicluster domain	
406275	fig|6666666.1036479.peg.1139	fig|6666666.1036479.peg.1144	0.6545180141925812	0.2986382931804399	Very Low	Very Low	Very Low–Very Low			0	no STRING match	no STRING match	2465	2470	1	1	Ribosomal_L30	Ribosomal protein L30p/L7e		Ribosomal_S14	Ribosomal protein S14p/S29e	GO:0003735;GO:0005840;GO:0006412
407098	fig|6666666.1036479.peg.1791	fig|6666666.1036479.peg.1948	0.6542245030403138	0.2992432511898855	Very Low	Very Low	Very Low–Very Low		Hypothetical protein.	0	no STRING match	secondary STRING hit (STRING protein assigned to a better match)	2753	2810	1	1						
407129	fig|6666666.1036479.peg.43	fig|6666666.1036479.peg.634	0.6542101681232453	0.2992660381865961	Very Low	Low	Very Low–Low			0	no STRING match	no STRING match	2030	2239	2	1				DUF6428	Family of unknown function (DUF6428)	
407638	fig|6666666.1036479.peg.1119	fig|6666666.1036479.peg.2178	0.6540452897548675	0.2996401859712957	Very Low	Very Low	Very Low–Very Low			0	no STRING match	no STRING match	2450	2927	1	1						
407766	fig|6666666.1036479.peg.2943	fig|6666666.1036479.peg.2427	0.654009884595871	0.2997342742157781	Very Low	Very Low	Very Low–Very Low			0	no STRING match	no STRING match	1839	3020	1	1	Methyltransf_24	Methyltransferase domain		Acetyltransf_1;Acetyltransf_10;Acetyltransf_7	Acetyltransferase (GNAT) family; Acetyltransferase (GNAT) domain	GO:0016747
407917	fig|6666666.1036479.peg.737	fig|6666666.1036479.peg.1423	0.6539521157741547	0.299845268941691	Very Low	Very Low	Very Low–Very Low			0	no STRING match	no STRING match	2295	2599	1	1						
408105	fig|6666666.1036479.peg.731	fig|6666666.1036479.peg.809	0.6538843035697937	0.2999834610507745	Low	Low	Low–Low			0	no STRING match	no STRING match	2289	2327	1	1				DUF2024	Domain of unknown function (DUF2024)	
409086	fig|6666666.1036479.peg.1933	fig|6666666.1036479.peg.2463	0.6535617232322692	0.3007045592370031	High	Low	Low–High			0	no STRING match	no STRING match	2800	3036	1	1	TatA_B_E	mttA/Hcf106 family	GO:0015031	ExbD	Biopolymer transport protein ExbD/TolR	GO:0022857;GO:0055085
409126	fig|6666666.1036479.peg.252	fig|6666666.1036479.peg.535	0.6535457074642181	0.3007339618134039	Low	Very Low	Very Low–Low		COG0754 Glutathionylspermidine synthase.	0	no STRING match	secondary STRING hit (STRING protein assigned to a better match)	2095	2192	1	1	Fer4	4Fe-4S binding domain		GSP_synth	Glutathionylspermidine synthase preATP-grasp	
409536	fig|6666666.1036479.peg.2892	fig|6666666.1036479.peg.1103	0.6534012019634247	0.3010353382215117	Very Low	Low	Very Low–Low			0	no STRING match	no STRING match	1814	2435	1	1						
409594	fig|6666666.1036479.peg.3252	fig|6666666.1036479.peg.1948	0.6533790946006774	0.3010779719572927	Very Low	Very Low	Very Low–Very Low		Hypothetical protein.	0	no STRING match	secondary STRING hit (STRING protein assigned to a better match)	2002	2810	3	1						
409731	fig|6666666.1036479.peg.2957	fig|6666666.1036479.peg.1144	0.6533271133899688	0.3011786757814653	Very Low	Very Low	Very Low–Very Low			0	no STRING match	no STRING match	1847	2470	1	1	Ribosomal_L33	Ribosomal protein L33	GO:0003735;GO:0005840;GO:0006412	Ribosomal_S14	Ribosomal protein S14p/S29e	GO:0003735;GO:0005840;GO:0006412
409732	fig|6666666.1036479.peg.60	fig|6666666.1036479.peg.91	0.6533268213272094	0.3011794108458753	Very Low	Very Low	Very Low–Very Low			0	no STRING match	no STRING match	2039	2053	1	1	DUF465	Protein of unknown function (DUF465)		YbaB_DNA_bd	YbaB/EbfC DNA-binding family	GO:0003677
410156	fig|6666666.1036479.peg.997	fig|6666666.1036479.peg.1791	0.6531881153583526	0.3014910781557234	Medium	Very Low	Very Low–Medium	Hypothetical protein.		0	secondary STRING hit (STRING protein assigned to a better match)	no STRING match	2397	2753	1	1						
410359	fig|6666666.1036479.peg.44	fig|6666666.1036479.peg.561	0.6531185746192932	0.3016402962309572	Medium	High	Medium–High			0	no STRING match	no STRING match	2031	2205	1	1	DUF2339	Predicted membrane protein (DUF2339)		DoxX	DoxX	
410553	fig|6666666.1036479.peg.520	fig|6666666.1036479.peg.1669	0.653061443567276	0.3017828987265009	Very Low	Low	Very Low–Low			0	no STRING match	no STRING match	2188	2711	1	1	MGS	MGS-like domain				
411174	fig|6666666.1036479.peg.2830	fig|6666666.1036479.peg.2178	0.6528613030910492	0.3022393737251226	Very Low	Very Low	Very Low–Very Low			0	no STRING match	no STRING match	1774	2927	1	1	AAA_15;AAA_27;AAA_23	AAA ATPase domain; AAA domain	GO:0006302;GO:0016887			
411215	fig|6666666.1036479.peg.3249	fig|6666666.1036479.peg.1579	0.6528487026691436	0.3022695113659334	Very Low	Very Low	Very Low–Very Low			0	no STRING match	no STRING match	1999	2670	1	2						
411616	fig|6666666.1036479.peg.3248	fig|6666666.1036479.peg.91	0.6527389168739319	0.302564272194351	Very Low	Very Low	Very Low–Very Low			0	no STRING match	no STRING match	1998	2053	3	1				YbaB_DNA_bd	YbaB/EbfC DNA-binding family	GO:0003677
411698	fig|6666666.1036479.peg.2943	fig|6666666.1036479.peg.1803	0.6527192175388337	0.3026245474759725	Very Low	Very Low	Very Low–Very Low			0	no STRING match	no STRING match	1839	2758	1	1	Methyltransf_24	Methyltransferase domain		DUF772	Transposase domain (DUF772)	
411885	fig|6666666.1036479.peg.997	fig|6666666.1036479.peg.1940	0.6526536583900452	0.3027620045206461	Medium	Very Low	Very Low–Medium	Hypothetical protein.	Hypothetical protein; COG3772 Phage-related lysozyme (muraminidase).	0	secondary STRING hit (STRING protein assigned to a better match)	secondary STRING hit (STRING protein assigned to a better match)	2397	2803	1	1						
412172	fig|6666666.1036479.peg.2515	fig|6666666.1036479.peg.1583	0.65256969332695	0.3029729680063215	Very Low	Low	Very Low–Low			0	no STRING match	no STRING match	1621	2674	1	1						
412336	fig|6666666.1036479.peg.743	fig|6666666.1036479.peg.1803	0.6525100588798523	0.3030935185695647	Very Low	Very Low	Very Low–Very Low			0	no STRING match	no STRING match	2301	2758	1	1	DUF772	Transposase domain (DUF772)		DUF772	Transposase domain (DUF772)	
412372	fig|6666666.1036479.peg.3193	fig|6666666.1036479.peg.650	0.652502316236496	0.3031199808883253	Very Low	Very Low	Very Low–Very Low			0	no STRING match	no STRING match	1956	2247	1	1				Glyco_hydro_114	Glycoside-hydrolase family GH114	
412438	fig|6666666.1036479.peg.1103	fig|6666666.1036479.peg.1648	0.6524827659130097	0.3031684951393866	Low	Low	Low–Low			0	no STRING match	no STRING match	2435	2702	1	1						
412721	fig|6666666.1036479.peg.2830	fig|6666666.1036479.peg.127	0.6523844063282013	0.3033765183674219	Very Low	Medium	Very Low–Medium			0	no STRING match	no STRING match	1774	2065	1	1	AAA_15;AAA_27;AAA_23	AAA ATPase domain; AAA domain	GO:0006302;GO:0016887	META	META domain	
413645	fig|6666666.1036479.peg.2538	fig|6666666.1036479.peg.2570	0.6520791172981262	0.3040557178822794	Very Low	Very Low	Very Low–Very Low			0	no STRING match	no STRING match	1631	1658	1	1				HTH_31;HTH_19;HTH_3	Helix-turn-helix domain; Helix-turn-helix	
413738	fig|6666666.1036479.peg.1423	fig|6666666.1036479.peg.1560	0.6520424127578736	0.3041240788724112	Very Low	Low	Very Low–Low			0	no STRING match	no STRING match	2599	2653	1	1						
414306	fig|6666666.1036479.peg.2581	fig|6666666.1036479.peg.1528	0.6518473565578461	0.304541595457302	Very Low	Low	Very Low–Low			0	no STRING match	no STRING match	1661	2636	1	1	dCMP_cyt_deam_2;dCMP_cyt_deam_1	Cytidine and deoxycytidylate deaminase zinc-binding region	GO:0004126;GO:0008270	dCMP_cyt_deam_1;MafB19-deam	Cytidine and deoxycytidylate deaminase zinc-binding region; MafB19-like deaminase	
415353	fig|6666666.1036479.peg.2830	fig|6666666.1036479.peg.1199	0.6514894664287567	0.3053112078945917	Very Low	Medium	Very Low–Medium			0	no STRING match	no STRING match	1774	2495	1	1	AAA_15;AAA_27;AAA_23	AAA ATPase domain; AAA domain	GO:0006302;GO:0016887	PMT_C3	Pasteurella multocida toxin, C3 domain	
415365	fig|6666666.1036479.peg.2716	fig|6666666.1036479.peg.2224	0.6514863193035125	0.305320028667512	Low	Very Low	Very Low–Low			0	no STRING match	no STRING match	1722	2940	1	1	Endonuclease_5	Endonuclease V	GO:0004519	Formyl_trans_N	Formyl transferase	GO:0009058
416103	fig|6666666.1036479.peg.2508	fig|6666666.1036479.peg.1583	0.6512336373329163	0.305862506202106	Very Low	Low	Very Low–Low			0	no STRING match	no STRING match	1615	2674	1	1						
416196	fig|6666666.1036479.peg.1648	fig|6666666.1036479.peg.2178	0.6512076437473298	0.3059308671922377	Low	Very Low	Very Low–Low			0	no STRING match	no STRING match	2702	2927	1	1						
416520	fig|6666666.1036479.peg.2747	fig|6666666.1036479.peg.535	0.6511110007762909	0.3061690280610838	Very Low	Very Low	Very Low–Very Low		COG0754 Glutathionylspermidine synthase.	0	no STRING match	secondary STRING hit (STRING protein assigned to a better match)	1731	2192	1	1	AAA_28	AAA domain		GSP_synth	Glutathionylspermidine synthase preATP-grasp	
417154	fig|6666666.1036479.peg.2538	fig|6666666.1036479.peg.912	0.6508836925029755	0.3066350588970358	Very Low	Very Low	Very Low–Very Low			0	no STRING match	no STRING match	1631	2374	1	1				HTH_27	Winged helix DNA-binding domain	GO:0003700;GO:0006355
417429	fig|6666666.1036479.peg.2926	fig|6666666.1036479.peg.2178	0.6507830679416656	0.306837201609791	Low	Very Low	Very Low–Low	Hypothetical protein.		0	secondary STRING hit (STRING protein assigned to a better match)	no STRING match	1828	2927	1	1						
417971	fig|6666666.1036479.peg.912	fig|6666666.1036479.peg.1579	0.6505864560604095	0.3072356065200213	Very Low	Very Low	Very Low–Very Low			0	no STRING match	no STRING match	2374	2670	1	2	HTH_27	Winged helix DNA-binding domain	GO:0003700;GO:0006355			
418318	fig|6666666.1036479.peg.2926	fig|6666666.1036479.peg.1955	0.650473290681839	0.3074906738702979	Low	High	Low–High	Hypothetical protein.		0	secondary STRING hit (STRING protein assigned to a better match)	no STRING match	1828	2816	1	1				DUF4280	Domain of unknown function (DUF4280)	
418566	fig|6666666.1036479.peg.520	fig|6666666.1036479.peg.2323	0.6503896832466125	0.3076729698439825	Very Low	Low	Very Low–Low			0	no STRING match	no STRING match	2188	2979	1	1	MGS	MGS-like domain		2Fe-2S_thioredx	Thioredoxin-like [2Fe-2S] ferredoxin	
418856	fig|6666666.1036479.peg.2508	fig|6666666.1036479.peg.2515	0.6502880036830903	0.307886138522888	Very Low	Very Low	Very Low–Very Low			0	no STRING match	no STRING match	1615	1621	1	1						
419101	fig|6666666.1036479.peg.252	fig|6666666.1036479.peg.842	0.6502032458782196	0.3080662293033427	Low	Very Low	Very Low–Low			0	no STRING match	no STRING match	2095	2339	1	1	Fer4	4Fe-4S binding domain		ketoacyl-synt	Beta-ketoacyl synthase, N-terminal domain	
419189	fig|6666666.1036479.peg.2570	fig|6666666.1036479.peg.1653	0.6501798808574677	0.3081309149714243	Very Low	Very Low	Very Low–Very Low			0	no STRING match	no STRING match	1658	2704	1	1	HTH_31;HTH_19;HTH_3	Helix-turn-helix domain; Helix-turn-helix		HTH_31;HTH_19;HTH_26;HTH_3	Helix-turn-helix domain; Cro/C1-type HTH DNA-binding domain; Helix-turn-helix	
419218	fig|6666666.1036479.peg.2729	fig|6666666.1036479.peg.1528	0.650164645910263	0.3081522318393149	Low	Low	Low–Low			0	no STRING match	no STRING match	1725	2636	1	1	LMWPc	Low molecular weight phosphotyrosine protein phosphatase		dCMP_cyt_deam_1;MafB19-deam	Cytidine and deoxycytidylate deaminase zinc-binding region; MafB19-like deaminase	
419306	fig|6666666.1036479.peg.2943	fig|6666666.1036479.peg.350	0.6501380205154419	0.3082169175073966	Very Low	Very Low	Very Low–Very Low			0	no STRING match	no STRING match	1839	2133	1	1	Methyltransf_24	Methyltransferase domain				
419434	fig|6666666.1036479.peg.2515	fig|6666666.1036479.peg.2135	0.6501058578491211	0.308311005751879	Very Low	Very Low	Very Low–Very Low			0	no STRING match	no STRING match	1621	2895	1	1						
419479	fig|6666666.1036479.peg.1831	fig|6666666.1036479.peg.2224	0.6500895619392395	0.3083440836503298	Very Low	Very Low	Very Low–Very Low			0	no STRING match	no STRING match	2766	2940	1	1	5-FTHF_cyc-lig	5-formyltetrahydrofolate cyclo-ligase family		Formyl_trans_N	Formyl transferase	GO:0009058
419574	fig|6666666.1036479.peg.223	fig|6666666.1036479.peg.634	0.65006422996521	0.3084139147692816	Low	Low	Low–Low			0	no STRING match	no STRING match	2083	2239	1	1	DUF2750	Protein of unknown function (DUF2750)		DUF6428	Family of unknown function (DUF6428)	
419833	fig|6666666.1036479.peg.1119	fig|6666666.1036479.peg.1954	0.6499803483486175	0.3086042964514766	Very Low	Low	Very Low–Low			0	no STRING match	no STRING match	2450	2815	1	1						
419893	fig|6666666.1036479.peg.40	fig|6666666.1036479.peg.912	0.6499566674232483	0.3086484003160777	Very Low	Very Low	Very Low–Very Low			0	no STRING match	no STRING match	2027	2374	2	1				HTH_27	Winged helix DNA-binding domain	GO:0003700;GO:0006355
419961	fig|6666666.1036479.peg.40	fig|6666666.1036479.peg.1579	0.649933123588562	0.308698384695959	Very Low	Very Low	Very Low–Very Low			0	no STRING match	no STRING match	2027	2670	2	2						
420056	fig|6666666.1036479.peg.3179	fig|6666666.1036479.peg.2439	0.6499020755290985	0.3087682158149107	Very Low	High	Very Low–High			0	no STRING match	no STRING match	1942	3024	3	1	TssD	Hemolysin coregulated protein Hcp (TssD)	GO:0033104	TatA_B_E	mttA/Hcf106 family	GO:0015031
420110	fig|6666666.1036479.peg.350	fig|6666666.1036479.peg.2427	0.649887603521347	0.3088079092930518	Very Low	Very Low	Very Low–Very Low			0	no STRING match	no STRING match	2133	3020	1	1				Acetyltransf_1;Acetyltransf_10;Acetyltransf_7	Acetyltransferase (GNAT) family; Acetyltransferase (GNAT) domain	GO:0016747
420421	fig|6666666.1036479.peg.127	fig|6666666.1036479.peg.1955	0.6497829794883728	0.3090365143245677	Medium	High	Medium–High			0	no STRING match	no STRING match	2065	2816	1	1	META	META domain		DUF4280	Domain of unknown function (DUF4280)	
420575	fig|6666666.1036479.peg.350	fig|6666666.1036479.peg.535	0.6497256338596344	0.3091497142437106	Very Low	Very Low	Very Low–Very Low		COG0754 Glutathionylspermidine synthase.	0	no STRING match	secondary STRING hit (STRING protein assigned to a better match)	2133	2192	1	1				GSP_synth	Glutathionylspermidine synthase preATP-grasp	
420676	fig|6666666.1036479.peg.2515	fig|6666666.1036479.peg.2926	0.649688720703125	0.3092239557491225	Very Low	Low	Very Low–Low		Hypothetical protein.	0	no STRING match	secondary STRING hit (STRING protein assigned to a better match)	1621	1828	1	1						
420685	fig|6666666.1036479.peg.1524	fig|6666666.1036479.peg.2427	0.6496874511241912	0.3092305713288127	Very Low	Very Low	Very Low–Very Low			0	no STRING match	no STRING match	2635	3020	1	1	Acetyltransf_4;Acetyltransf_1;Acetyltransf_3;Acetyltransf_10;Acetyltransf_7;FR47	Acetyltransferase (GNAT) domain; Acetyltransferase (GNAT) family; FR47-like protein	GO:0016747	Acetyltransf_1;Acetyltransf_10;Acetyltransf_7	Acetyltransferase (GNAT) family; Acetyltransferase (GNAT) domain	GO:0016747
420987	fig|6666666.1036479.peg.350	fig|6666666.1036479.peg.1094	0.6495910584926605	0.3094525607806384	Very Low	Very Low	Very Low–Very Low			0	no STRING match	no STRING match	2133	2429	1	1				CoA_binding_2	CoA binding domain	
421062	fig|6666666.1036479.peg.2620	fig|6666666.1036479.peg.1695	0.6495612680912017	0.3095076906113898	Very Low	Very Low	Very Low–Very Low			0	no STRING match	no STRING match	1679	2719	1	1	Aconitase_C	Aconitase C-terminal domain		DCD;dUTPase	dCTP deaminase-like; dUTPase	GO:0006229;GO:0008829
421488	fig|6666666.1036479.peg.768	fig|6666666.1036479.peg.1528	0.6494316995143891	0.3098208280500579	Very Low	Low	Very Low–Low			0	no STRING match	no STRING match	2308	2636	1	1	Ribonuc_L-PSP	Endoribonuclease L-PSP		dCMP_cyt_deam_1;MafB19-deam	Cytidine and deoxycytidylate deaminase zinc-binding region; MafB19-like deaminase	
421529	fig|6666666.1036479.peg.731	fig|6666666.1036479.peg.1648	0.6494145393371582	0.3098509656908687	Low	Low	Low–Low			0	no STRING match	no STRING match	2289	2702	1	1						
421946	fig|6666666.1036479.peg.127	fig|6666666.1036479.peg.1531	0.649267953634262	0.3101574875498465	Medium	Very Low	Very Low–Medium			0	no STRING match	no STRING match	2065	2639	1	1	META	META domain		cNMP_binding	Cyclic nucleotide-binding domain	
422618	fig|6666666.1036479.peg.912	fig|6666666.1036479.peg.1653	0.649029552936554	0.3106514508333792	Very Low	Very Low	Very Low–Very Low			0	no STRING match	no STRING match	2374	2704	1	1	HTH_27	Winged helix DNA-binding domain	GO:0003700;GO:0006355	HTH_31;HTH_19;HTH_26;HTH_3	Helix-turn-helix domain; Cro/C1-type HTH DNA-binding domain; Helix-turn-helix	
423189	fig|6666666.1036479.peg.3193	fig|6666666.1036479.peg.1690	0.6488567948341369	0.3110711726115001	Very Low	Very Low	Very Low–Very Low			0	no STRING match	no STRING match	1956	2717	1	1				DUF4286	Domain of unknown function (DUF4286)	
423286	fig|6666666.1036479.peg.2515	fig|6666666.1036479.peg.2697	0.6488184213638306	0.3111424738592719	Very Low	Very Low	Very Low–Very Low			0	no STRING match	no STRING match	1621	1714	1	1						
423551	fig|6666666.1036479.peg.731	fig|6666666.1036479.peg.1103	0.6487392544746399	0.3113372659279269	Low	Low	Low–Low			0	no STRING match	no STRING match	2289	2435	1	1						
423605	fig|6666666.1036479.peg.2552	fig|6666666.1036479.peg.1531	0.6487223088741303	0.3113769594060679	Very Low	Very Low	Very Low–Very Low			0	no STRING match	no STRING match	1645	2639	1	1	Phage_int_SAM_4;Phage_integrase	Phage integrase, N-terminal SAM-like domain; Phage integrase family	GO:0003677;GO:0006310;GO:0015074	cNMP_binding	Cyclic nucleotide-binding domain	
424905	fig|6666666.1036479.peg.2570	fig|6666666.1036479.peg.1579	0.6482911109924316	0.3123325431390926	Very Low	Very Low	Very Low–Very Low			0	no STRING match	no STRING match	1658	2670	1	2	HTH_31;HTH_19;HTH_3	Helix-turn-helix domain; Helix-turn-helix				
425928	fig|6666666.1036479.peg.2946	fig|6666666.1036479.peg.1119	0.6479381442070007	0.3130845140305419	Very Low	Very Low	Very Low–Very Low			0	no STRING match	no STRING match	1841	2450	1	1						
426058	fig|6666666.1036479.peg.535	fig|6666666.1036479.peg.1094	0.6478934109210968	0.3131800724038444	Very Low	Very Low	Very Low–Very Low	COG0754 Glutathionylspermidine synthase.		0	secondary STRING hit (STRING protein assigned to a better match)	no STRING match	2192	2429	1	1	GSP_synth	Glutathionylspermidine synthase preATP-grasp		CoA_binding_2	CoA binding domain	
426412	fig|6666666.1036479.peg.650	fig|6666666.1036479.peg.1690	0.6477736413478852	0.313440285204991	Very Low	Very Low	Very Low–Very Low			0	no STRING match	no STRING match	2247	2717	1	1	Glyco_hydro_114	Glycoside-hydrolase family GH114		DUF4286	Domain of unknown function (DUF4286)	
426547	fig|6666666.1036479.peg.3252	fig|6666666.1036479.peg.1791	0.6477273464202881	0.3135395189003436	Very Low	Very Low	Very Low–Very Low			0	no STRING match	no STRING match	2002	2753	3	1						
426587	fig|6666666.1036479.peg.2716	fig|6666666.1036479.peg.2729	0.6477162361145019	0.3135689214767444	Low	Low	Low–Low			0	no STRING match	no STRING match	1722	1725	1	1	Endonuclease_5	Endonuclease V	GO:0004519	LMWPc	Low molecular weight phosphotyrosine protein phosphatase	
426921	fig|6666666.1036479.peg.2747	fig|6666666.1036479.peg.830	0.6475852191448211	0.3138144329896907	Very Low	Low	Very Low–Low			0	no STRING match	no STRING match	1731	2334	1	1	AAA_28	AAA domain		4HBT_2;4HBT	Thioesterase-like superfamily; Thioesterase superfamily	
426989	fig|6666666.1036479.peg.3179	fig|6666666.1036479.peg.3252	0.647567343711853	0.313864417369572	Very Low	Very Low	Very Low–Very Low			0	no STRING match	no STRING match	1942	2002	3	3	TssD	Hemolysin coregulated protein Hcp (TssD)	GO:0033104			
427190	fig|6666666.1036479.peg.1804	fig|6666666.1036479.peg.1978	0.6475057184696198	0.3140121653159858	Low	Low	Low–Low			0	no STRING match	no STRING match	2759	2831	1	1						
427436	fig|6666666.1036479.peg.2887	fig|6666666.1036479.peg.743	0.6474344074726105	0.3141929911608505	Very Low	Very Low	Very Low–Very Low			0	no STRING match	no STRING match	1810	2301	1	1	DUF772	Transposase domain (DUF772)		DUF772	Transposase domain (DUF772)	
427526	fig|6666666.1036479.peg.2620	fig|6666666.1036479.peg.520	0.6474002718925476	0.3142591469577522	Very Low	Very Low	Very Low–Very Low			0	no STRING match	no STRING match	1679	2188	1	1	Aconitase_C	Aconitase C-terminal domain		MGS	MGS-like domain	
427599	fig|6666666.1036479.peg.2552	fig|6666666.1036479.peg.2560	0.6473721504211426	0.3143128066596835	Very Low	Very Low	Very Low–Very Low			0	no STRING match	no STRING match	1645	1652	1	1	Phage_int_SAM_4;Phage_integrase	Phage integrase, N-terminal SAM-like domain; Phage integrase family	GO:0003677;GO:0006310;GO:0015074	Phage_int_SAM_4;Phage_integrase	Phage integrase, N-terminal SAM-like domain; Phage integrase family	GO:0003677;GO:0006310;GO:0015074
427689	fig|6666666.1036479.peg.2161	fig|6666666.1036479.peg.2163	0.6473382651805878	0.3143789624565852	Very Low	Very Low	Very Low–Very Low			0	no STRING match	no STRING match	2911	2913	1	1						
428026	fig|6666666.1036479.peg.1954	fig|6666666.1036479.peg.1978	0.6472299575805665	0.3146266791627616	Low	Low	Low–Low			0	no STRING match	no STRING match	2815	2831	1	1						
428315	fig|6666666.1036479.peg.2620	fig|6666666.1036479.peg.2716	0.647164499759674	0.3148391127772571	Very Low	Low	Very Low–Low			0	no STRING match	no STRING match	1679	1722	1	1	Aconitase_C	Aconitase C-terminal domain		Endonuclease_5	Endonuclease V	GO:0004519
429228	fig|6666666.1036479.peg.633	fig|6666666.1036479.peg.1560	0.6468509435653687	0.3155102265836044	Low	Low	Low–Low			0	no STRING match	no STRING match	2238	2653	1	1	HTH_20;HTH_5	Helix-turn-helix domain; Bacterial regulatory protein, arsR family	GO:0003700;GO:0006355			
429337	fig|6666666.1036479.peg.118	fig|6666666.1036479.peg.2423	0.6468248963356018	0.3155903486042964	Medium	Low	Low–Medium			0	no STRING match	no STRING match	2064	3018	1	1						
429483	fig|6666666.1036479.peg.91	fig|6666666.1036479.peg.2220	0.6467791438102722	0.3156976680081592	Very Low	Very Low	Very Low–Very Low			0	no STRING match	no STRING match	2053	2938	1	1	YbaB_DNA_bd	YbaB/EbfC DNA-binding family	GO:0003677	zf-dskA_traR	Prokaryotic dksA/traR C4-type zinc finger	GO:0008270
429670	fig|6666666.1036479.peg.2098	fig|6666666.1036479.peg.2439	0.6467225015163421	0.3158351250528327	Very Low	High	Very Low–High			0	no STRING match	no STRING match	2875	3024	1	1	TssD	Hemolysin coregulated protein Hcp (TssD)	GO:0033104	TatA_B_E	mttA/Hcf106 family	GO:0015031
429725	fig|6666666.1036479.peg.1119	fig|6666666.1036479.peg.2259	0.6467010080814362	0.3158755535953838	Very Low	Very Low	Very Low–Very Low			0	no STRING match	no STRING match	2450	2951	1	1						
430051	fig|6666666.1036479.peg.2729	fig|6666666.1036479.peg.1831	0.6465967059135437	0.31611518459305	Low	Very Low	Very Low–Low			0	no STRING match	no STRING match	1725	2766	1	1	LMWPc	Low molecular weight phosphotyrosine protein phosphatase		5-FTHF_cyc-lig	5-formyltetrahydrofolate cyclo-ligase family	
430336	fig|6666666.1036479.peg.2747	fig|6666666.1036479.peg.1802	0.6465237438678741	0.3163246779499054	Very Low	Very Low	Very Low–Very Low			0	no STRING match	no STRING match	1731	2757	1	1	AAA_28	AAA domain		FeoA	FeoA domain	GO:0046914
431000	fig|6666666.1036479.peg.40	fig|6666666.1036479.peg.1978	0.6463161289691925	0.3168127607181579	Very Low	Low	Very Low–Low			0	no STRING match	no STRING match	2027	2831	2	1						
431154	fig|6666666.1036479.peg.2937	fig|6666666.1036479.peg.1695	0.646274870634079	0.3169259606373008	Very Low	Very Low	Very Low–Very Low			0	no STRING match	no STRING match	1837	2719	1	1	Cob_adeno_trans	Cobalamin adenosyltransferase		DCD;dUTPase	dCTP deaminase-like; dUTPase	GO:0006229;GO:0008829
432073	fig|6666666.1036479.peg.1531	fig|6666666.1036479.peg.1918	0.645980316400528	0.3176014848301082	Very Low	Very Low	Very Low–Very Low			0	no STRING match	no STRING match	2639	2795	1	1	cNMP_binding	Cyclic nucleotide-binding domain		MC8	ABC-three component (ABC-3C) system Middle Component 8	
433104	fig|6666666.1036479.peg.1564	fig|6666666.1036479.peg.1690	0.6456494450569152	0.3183593362368377	Very Low	Very Low	Very Low–Very Low			0	no STRING match	no STRING match	2657	2717	1	1				DUF4286	Domain of unknown function (DUF4286)	
433190	fig|6666666.1036479.peg.2826	fig|6666666.1036479.peg.3252	0.6456225037574768	0.3184225517760994	Very Low	Very Low	Very Low–Very Low			0	no STRING match	no STRING match	1772	2002	1	3						
434007	fig|6666666.1036479.peg.2926	fig|6666666.1036479.peg.1978	0.645349782705307	0.3190230993990848	Low	Low	Low–Low	Hypothetical protein.		0	secondary STRING hit (STRING protein assigned to a better match)	no STRING match	1828	2831	1	1						
434261	fig|6666666.1036479.peg.332	fig|6666666.1036479.peg.830	0.6452652752399445	0.3192098057592296	Low	Low	Low–Low			0	no STRING match	no STRING match	2132	2334	1	1	4HBT	Thioesterase superfamily		4HBT_2;4HBT	Thioesterase-like superfamily; Thioesterase superfamily	
434328	fig|6666666.1036479.peg.3153	fig|6666666.1036479.peg.2439	0.6452468574047089	0.3192590550747009	Medium	High	Medium–High			0	no STRING match	no STRING match	1931	3024	1	1	HYDIN_VesB_CFA65-like_Ig;DUF1573	HYDIN/CFA65/VesB-like, Ig-like domain; Protein of unknown function (DUF1573)		TatA_B_E	mttA/Hcf106 family	GO:0015031
434591	fig|6666666.1036479.peg.60	fig|6666666.1036479.peg.1136	0.6451513588428497	0.3194523770145359	Very Low	Very Low	Very Low–Very Low			0	no STRING match	no STRING match	2039	2463	1	1	DUF465	Protein of unknown function (DUF465)		eIF-1a	Translation initiation factor 1A / IF-1	GO:0003723;GO:0003743;GO:0006413
434680	fig|6666666.1036479.peg.2790	fig|6666666.1036479.peg.1802	0.6451261758804321	0.3195177977470276	Low	Very Low	Very Low–Low			0	no STRING match	no STRING match	1753	2757	1	1	4HBT	Thioesterase superfamily		FeoA	FeoA domain	GO:0046914
434735	fig|6666666.1036479.peg.332	fig|6666666.1036479.peg.1802	0.6451057314872741	0.3195582262895786	Low	Very Low	Very Low–Low			0	no STRING match	no STRING match	2132	2757	1	1	4HBT	Thioesterase superfamily		FeoA	FeoA domain	GO:0046914
434788	fig|6666666.1036479.peg.371	fig|6666666.1036479.peg.1314	0.6450816750526428	0.3195971847033096	Low	Very Low	Very Low–Low			0	no STRING match	no STRING match	2140	2538	1	1	Cob_adeno_trans	Cobalamin adenosyltransferase		GTP_EFTU;MMR_HSR1;GTP-eEF1A_C	Elongation factor Tu GTP binding domain; 50S ribosome-binding GTPase; GTP-eEF1A C-terminal domain-like	GO:0003924;GO:0005525
434908	fig|6666666.1036479.peg.890	fig|6666666.1036479.peg.1804	0.6450384795665741	0.3196853924325119	Medium	Low	Low–Medium			0	no STRING match	no STRING match	2365	2759	1	1	DUF7738	Domain of unknown function (DUF7738)				
435136	fig|6666666.1036479.peg.2729	fig|6666666.1036479.peg.2224	0.6449709475040436	0.3198529871179962	Low	Very Low	Very Low–Low			0	no STRING match	no STRING match	1725	2940	1	1	LMWPc	Low molecular weight phosphotyrosine protein phosphatase		Formyl_trans_N	Formyl transferase	GO:0009058
435517	fig|6666666.1036479.peg.3248	fig|6666666.1036479.peg.60	0.6448361098766326	0.3201330466582134	Very Low	Very Low	Very Low–Very Low			0	no STRING match	no STRING match	1998	2039	3	1				DUF465	Protein of unknown function (DUF465)	
435975	fig|6666666.1036479.peg.2706	fig|6666666.1036479.peg.650	0.6446791589260101	0.3204697061580021	Very Low	Very Low	Very Low–Very Low	Hypothetical protein.		0	secondary STRING hit (STRING protein assigned to a better match)	no STRING match	1719	2247	1	1	CHU_C	CHU_C Type IX secretion signal domain		Glyco_hydro_114	Glycoside-hydrolase family GH114	
436199	fig|6666666.1036479.peg.650	fig|6666666.1036479.peg.1564	0.6445999503135681	0.3206343605858463	Very Low	Very Low	Very Low–Very Low			0	no STRING match	no STRING match	2247	2657	1	1	Glyco_hydro_114	Glycoside-hydrolase family GH114				
436788	fig|6666666.1036479.peg.2581	fig|6666666.1036479.peg.2729	0.644410365819931	0.3210673135233475	Very Low	Low	Very Low–Low			0	no STRING match	no STRING match	1661	1725	1	1	dCMP_cyt_deam_2;dCMP_cyt_deam_1	Cytidine and deoxycytidylate deaminase zinc-binding region	GO:0004126;GO:0008270	LMWPc	Low molecular weight phosphotyrosine protein phosphatase	
436799	fig|6666666.1036479.peg.2956	fig|6666666.1036479.peg.1144	0.6444060325622558	0.3210753992318577	Very Low	Very Low	Very Low–Very Low			0	no STRING match	no STRING match	1846	2470	1	1	Ribosomal_L28	Ribosomal L28 family	GO:0003735	Ribosomal_S14	Ribosomal protein S14p/S29e	GO:0003735;GO:0005840;GO:0006412
437256	fig|6666666.1036479.peg.2790	fig|6666666.1036479.peg.332	0.6442574083805084	0.3214113236672363	Low	Low	Low–Low			0	no STRING match	no STRING match	1753	2132	1	1	4HBT	Thioesterase superfamily		4HBT	Thioesterase superfamily	
438280	fig|6666666.1036479.peg.1802	fig|6666666.1036479.peg.1831	0.6439380764961242	0.3221640296230957	Very Low	Very Low	Very Low–Very Low			0	no STRING match	no STRING match	2757	2766	1	1	FeoA	FeoA domain	GO:0046914	5-FTHF_cyc-lig	5-formyltetrahydrofolate cyclo-ligase family	
439194	fig|6666666.1036479.peg.3221	fig|6666666.1036479.peg.890	0.6436491429805755	0.322835878493853	High	Medium	Medium–High			0	no STRING match	no STRING match	1971	2365	2	1				DUF7738	Domain of unknown function (DUF7738)	
440260	fig|6666666.1036479.peg.1136	fig|6666666.1036479.peg.1144	0.6433049738407135	0.3236194571549332	Very Low	Very Low	Very Low–Very Low			0	no STRING match	no STRING match	2463	2470	1	1	eIF-1a	Translation initiation factor 1A / IF-1	GO:0003723;GO:0003743;GO:0006413	Ribosomal_S14	Ribosomal protein S14p/S29e	GO:0003735;GO:0005840;GO:0006412
440596	fig|6666666.1036479.peg.1094	fig|6666666.1036479.peg.1560	0.6432093381881714	0.3238664387966996	Very Low	Low	Very Low–Low			0	no STRING match	no STRING match	2429	2653	1	1	CoA_binding_2	CoA binding domain				
441024	fig|6666666.1036479.peg.2706	fig|6666666.1036479.peg.2862	0.643050593137741	0.3241810463641876	Very Low	Low	Very Low–Low	Hypothetical protein.	Lipoprotein; COG3015 Uncharacterized lipoprotein NlpE involved in copper resistance.	0	secondary STRING hit (STRING protein assigned to a better match)	secondary STRING hit (STRING protein assigned to a better match)	1719	1797	1	1	CHU_C	CHU_C Type IX secretion signal domain		NlpE	NlpE N-terminal domain	
441197	fig|6666666.1036479.peg.2706	fig|6666666.1036479.peg.3193	0.6429806232452393	0.3243082125071209	Very Low	Very Low	Very Low–Very Low	Hypothetical protein.		0	secondary STRING hit (STRING protein assigned to a better match)	no STRING match	1719	1956	1	1	CHU_C	CHU_C Type IX secretion signal domain				
441217	fig|6666666.1036479.peg.1564	fig|6666666.1036479.peg.1918	0.642973804473877	0.3243229137953213	Very Low	Very Low	Very Low–Very Low			0	no STRING match	no STRING match	2657	2795	1	1				MC8	ABC-three component (ABC-3C) system Middle Component 8	
441376	fig|6666666.1036479.peg.1270	fig|6666666.1036479.peg.1933	0.6429198741912842	0.3244397890365143	High	High	High–High			0	no STRING match	no STRING match	2522	2800	1	1	SecG	Preprotein translocase SecG subunit	GO:0009306;GO:0015450;GO:0016020	TatA_B_E	mttA/Hcf106 family	GO:0015031
442010	fig|6666666.1036479.peg.2581	fig|6666666.1036479.peg.768	0.6427296161651611	0.3249058198724663	Very Low	Very Low	Very Low–Very Low			0	no STRING match	no STRING match	1661	2308	1	1	dCMP_cyt_deam_2;dCMP_cyt_deam_1	Cytidine and deoxycytidylate deaminase zinc-binding region	GO:0004126;GO:0008270	Ribonuc_L-PSP	Endoribonuclease L-PSP	
442122	fig|6666666.1036479.peg.1041	fig|6666666.1036479.peg.2224	0.6426912188529968	0.3249881470863884	Very Low	Very Low	Very Low–Very Low			0	no STRING match	no STRING match	2409	2940	1	1	CTP_transf_3;Hydrolase_3	Cytidylyltransferase; haloacid dehalogenase-like hydrolase		Formyl_trans_N	Formyl transferase	GO:0009058
442540	fig|6666666.1036479.peg.91	fig|6666666.1036479.peg.2056	0.6425540030002594	0.3252954040097763	Very Low	Low	Very Low–Low			0	no STRING match	no STRING match	2053	2856	1	1	YbaB_DNA_bd	YbaB/EbfC DNA-binding family	GO:0003677	ATP-synt_B	ATP synthase B/B' CF(0)	GO:0015078;GO:0015986;GO:0045259
442869	fig|6666666.1036479.peg.3248	fig|6666666.1036479.peg.786	0.6424494683742523	0.3255372402006726	Very Low	Very Low	Very Low–Very Low		Hypothetical protein.	0	no STRING match	secondary STRING hit (STRING protein assigned to a better match)	1998	2317	3	1						
443875	fig|6666666.1036479.peg.2957	fig|6666666.1036479.peg.1136	0.6421222031116486	0.3262767149971516	Very Low	Very Low	Very Low–Very Low			0	no STRING match	no STRING match	1847	2463	1	1	Ribosomal_L33	Ribosomal protein L33	GO:0003735;GO:0005840;GO:0006412	eIF-1a	Translation initiation factor 1A / IF-1	GO:0003723;GO:0003743;GO:0006413
443997	fig|6666666.1036479.peg.2862	fig|6666666.1036479.peg.890	0.6420780897140503	0.3263663928551739	Low	Medium	Low–Medium	Lipoprotein; COG3015 Uncharacterized lipoprotein NlpE involved in copper resistance.		0	secondary STRING hit (STRING protein assigned to a better match)	no STRING match	1797	2365	1	1	NlpE	NlpE N-terminal domain		DUF7738	Domain of unknown function (DUF7738)	
444059	fig|6666666.1036479.peg.1524	fig|6666666.1036479.peg.1560	0.6420542120933532	0.3264119668485951	Very Low	Low	Very Low–Low			0	no STRING match	no STRING match	2635	2653	1	1	Acetyltransf_4;Acetyltransf_1;Acetyltransf_3;Acetyltransf_10;Acetyltransf_7;FR47	Acetyltransferase (GNAT) domain; Acetyltransferase (GNAT) family; FR47-like protein	GO:0016747			
444089	fig|6666666.1036479.peg.1094	fig|6666666.1036479.peg.1423	0.6420390784740448	0.3264340187808957	Very Low	Very Low	Very Low–Very Low			0	no STRING match	no STRING match	2429	2599	1	1	CoA_binding_2	CoA binding domain				
444115	fig|6666666.1036479.peg.1583	fig|6666666.1036479.peg.2135	0.6420309245586395	0.3264531304555562	Low	Very Low	Very Low–Low			0	no STRING match	no STRING match	2674	2895	1	1						
444277	fig|6666666.1036479.peg.223	fig|6666666.1036479.peg.397	0.6419812440872192	0.3265722108899792	Low	Very Low	Very Low–Low			0	no STRING match	no STRING match	2083	2145	1	1	DUF2750	Protein of unknown function (DUF2750)				
444318	fig|6666666.1036479.peg.332	fig|6666666.1036479.peg.1524	0.6419648826122284	0.32660234853079	Low	Very Low	Very Low–Low			0	no STRING match	no STRING match	2132	2635	1	1	4HBT	Thioesterase superfamily		Acetyltransf_4;Acetyltransf_1;Acetyltransf_3;Acetyltransf_10;Acetyltransf_7;FR47	Acetyltransferase (GNAT) domain; Acetyltransferase (GNAT) family; FR47-like protein	GO:0016747
444596	fig|6666666.1036479.peg.2941	fig|6666666.1036479.peg.650	0.6418814480304718	0.3268066964367753	High	Very Low	Very Low–High			0	no STRING match	no STRING match	1838	2247	1	1	Redoxin;AhpC-TSA;Thioredoxin;Thioredoxin_2;Thioredoxin_8	Redoxin; AhpC/TSA family; Thioredoxin; Thioredoxin-like domain; Thioredoxin-like	GO:0016209;GO:0016491	Glyco_hydro_114	Glycoside-hydrolase family GH114	
444685	fig|6666666.1036479.peg.2790	fig|6666666.1036479.peg.830	0.6418505489826203	0.3268721171692669	Low	Low	Low–Low			0	no STRING match	no STRING match	1753	2334	1	1	4HBT	Thioesterase superfamily		4HBT_2;4HBT	Thioesterase-like superfamily; Thioesterase superfamily	
444858	fig|6666666.1036479.peg.3153	fig|6666666.1036479.peg.1933	0.641793966293335	0.3269992833122002	Medium	High	Medium–High			0	no STRING match	no STRING match	1931	2800	1	1	HYDIN_VesB_CFA65-like_Ig;DUF1573	HYDIN/CFA65/VesB-like, Ig-like domain; Protein of unknown function (DUF1573)		TatA_B_E	mttA/Hcf106 family	GO:0015031
445670	fig|6666666.1036479.peg.2697	fig|6666666.1036479.peg.2135	0.641493284702301	0.3275961556131356	Very Low	Very Low	Very Low–Very Low			0	no STRING match	no STRING match	1714	2895	1	1						
446070	fig|6666666.1036479.peg.2697	fig|6666666.1036479.peg.2946	0.6413681864738464	0.3278901813771431	Very Low	Very Low	Very Low–Very Low			0	no STRING match	no STRING match	1714	1841	1	1						
446124	fig|6666666.1036479.peg.633	fig|6666666.1036479.peg.1423	0.6413514316082001	0.3279298748552842	Low	Very Low	Very Low–Low			0	no STRING match	no STRING match	2238	2599	1	1	HTH_20;HTH_5	Helix-turn-helix domain; Bacterial regulatory protein, arsR family	GO:0003700;GO:0006355			
446342	fig|6666666.1036479.peg.3179	fig|6666666.1036479.peg.3256	0.6412802994251251	0.3280901188966683	Very Low	Very Low	Very Low–Very Low			0	no STRING match	no STRING match	1942	2006	3	3	TssD	Hemolysin coregulated protein Hcp (TssD)	GO:0033104			
446401	fig|6666666.1036479.peg.1795	fig|6666666.1036479.peg.2439	0.6412588655948639	0.3281334876968594	Very Low	High	Very Low–High			0	no STRING match	no STRING match	2755	3024	1	1	TssD	Hemolysin coregulated protein Hcp (TssD)	GO:0033104	TatA_B_E	mttA/Hcf106 family	GO:0015031
446557	fig|6666666.1036479.peg.2581	fig|6666666.1036479.peg.2742	0.6412147402763366	0.3282481577448224	Very Low	Very Low	Very Low–Very Low			0	no STRING match	no STRING match	1661	1729	1	1	dCMP_cyt_deam_2;dCMP_cyt_deam_1	Cytidine and deoxycytidylate deaminase zinc-binding region	GO:0004126;GO:0008270	DHquinase_II	Dehydroquinase class II	GO:0003855
446638	fig|6666666.1036479.peg.799	fig|6666666.1036479.peg.1918	0.6411878228187561	0.3283076979620339	Very Low	Very Low	Very Low–Very Low			0	no STRING match	no STRING match	2322	2795	1	1				MC8	ABC-three component (ABC-3C) system Middle Component 8	
446802	fig|6666666.1036479.peg.2570	fig|6666666.1036479.peg.3193	0.6411373019218445	0.328428248525277	Very Low	Very Low	Very Low–Very Low			0	no STRING match	no STRING match	1658	1956	1	1	HTH_31;HTH_19;HTH_3	Helix-turn-helix domain; Helix-turn-helix				
447179	fig|6666666.1036479.peg.1804	fig|6666666.1036479.peg.2161	0.6410098433494568	0.3287053678078541	Low	Very Low	Very Low–Low			0	no STRING match	no STRING match	2759	2911	1	1						
447254	fig|6666666.1036479.peg.633	fig|6666666.1036479.peg.1524	0.6409948408603668	0.3287604976386056	Low	Very Low	Very Low–Low			0	no STRING match	no STRING match	2238	2635	1	1	HTH_20;HTH_5	Helix-turn-helix domain; Bacterial regulatory protein, arsR family	GO:0003700;GO:0006355	Acetyltransf_4;Acetyltransf_1;Acetyltransf_3;Acetyltransf_10;Acetyltransf_7;FR47	Acetyltransferase (GNAT) domain; Acetyltransferase (GNAT) family; FR47-like protein	GO:0016747
447257	fig|6666666.1036479.peg.1041	fig|6666666.1036479.peg.1831	0.6409946858882904	0.3287627028318356	Very Low	Very Low	Very Low–Very Low			0	no STRING match	no STRING match	2409	2766	1	1	CTP_transf_3;Hydrolase_3	Cytidylyltransferase; haloacid dehalogenase-like hydrolase		5-FTHF_cyc-lig	5-formyltetrahydrofolate cyclo-ligase family	
447307	fig|6666666.1036479.peg.2946	fig|6666666.1036479.peg.2161	0.6409809708595275	0.3287994560523365	Very Low	Very Low	Very Low–Very Low			0	no STRING match	no STRING match	1841	2911	1	1						
447977	fig|6666666.1036479.peg.2957	fig|6666666.1036479.peg.91	0.6407561480998993	0.3292919492070493	Very Low	Very Low	Very Low–Very Low			0	no STRING match	no STRING match	1847	2053	1	1	Ribosomal_L33	Ribosomal protein L33	GO:0003735;GO:0005840;GO:0006412	YbaB_DNA_bd	YbaB/EbfC DNA-binding family	GO:0003677
448143	fig|6666666.1036479.peg.2813	fig|6666666.1036479.peg.1653	0.6406921446323395	0.3294139698991124	Very Low	Very Low	Very Low–Very Low			0	no STRING match	no STRING match	1764	2704	1	1	HTH_AraC;HTH_18	Bacterial regulatory helix-turn-helix proteins, AraC family; Helix-turn-helix domain	GO:0003700;GO:0006355;GO:0043565	HTH_31;HTH_19;HTH_26;HTH_3	Helix-turn-helix domain; Cro/C1-type HTH DNA-binding domain; Helix-turn-helix	
448439	fig|6666666.1036479.peg.2570	fig|6666666.1036479.peg.2422	0.6405726552009583	0.329631548964478	Very Low	Low	Very Low–Low			0	no STRING match	no STRING match	1658	3017	1	1	HTH_31;HTH_19;HTH_3	Helix-turn-helix domain; Helix-turn-helix		DUF1508	Domain of unknown function (DUF1508)	
448553	fig|6666666.1036479.peg.2827	fig|6666666.1036479.peg.1933	0.6405412912368774	0.3297153463072201	Very Low	High	Very Low–High			0	no STRING match	no STRING match	1773	2800	1	1				TatA_B_E	mttA/Hcf106 family	GO:0015031
448781	fig|6666666.1036479.peg.127	fig|6666666.1036479.peg.1918	0.6404673337936402	0.3298829409927045	Medium	Very Low	Very Low–Medium			0	no STRING match	no STRING match	2065	2795	1	1	META	META domain		MC8	ABC-three component (ABC-3C) system Middle Component 8	
448833	fig|6666666.1036479.peg.2893	fig|6666666.1036479.peg.1423	0.6404463529586792	0.3299211643420254	Low	Very Low	Very Low–Low			0	no STRING match	no STRING match	1815	2599	1	1						
448883	fig|6666666.1036479.peg.1669	fig|6666666.1036479.peg.1989	0.6404322624206543	0.3299579175625264	Low	Low	Low–Low			0	no STRING match	no STRING match	2711	2836	1	1				Fer4_15;Fer4_13;Fer4_7	4Fe-4S single cluster domain; 4Fe-4S single cluster domain of Ferredoxin I; 4Fe-4S dicluster domain	
449092	fig|6666666.1036479.peg.2946	fig|6666666.1036479.peg.2163	0.6403594076633453	0.3301115460242204	Very Low	Very Low	Very Low–Very Low			0	no STRING match	no STRING match	1841	2913	1	1						
449280	fig|6666666.1036479.peg.60	fig|6666666.1036479.peg.1144	0.6402925431728363	0.3302497381333039	Very Low	Very Low	Very Low–Very Low			0	no STRING match	no STRING match	2039	2470	1	1	DUF465	Protein of unknown function (DUF465)		Ribosomal_S14	Ribosomal protein S14p/S29e	GO:0003735;GO:0005840;GO:0006412
449349	fig|6666666.1036479.peg.332	fig|6666666.1036479.peg.966	0.6402729511260986	0.3303004575775952	Low	Low	Low–Low			0	no STRING match	no STRING match	2132	2395	1	1	4HBT	Thioesterase superfamily		PDDEXK_3	PD-(D/E)XK nuclease superfamily	
449357	fig|6666666.1036479.peg.3193	fig|6666666.1036479.peg.1564	0.6402718245983123	0.3303063380928754	Very Low	Very Low	Very Low–Very Low			0	no STRING match	no STRING match	1956	2657	1	1						
450422	fig|6666666.1036479.peg.830	fig|6666666.1036479.peg.842	0.6399278402328491	0.3310891816895455	Low	Very Low	Very Low–Low			0	no STRING match	no STRING match	2334	2339	1	1	4HBT_2;4HBT	Thioesterase-like superfamily; Thioesterase superfamily		ketoacyl-synt	Beta-ketoacyl synthase, N-terminal domain	
450611	fig|6666666.1036479.peg.1136	fig|6666666.1036479.peg.1558	0.6398699879646301	0.3312281088630391	Very Low	Very Low	Very Low–Very Low			0	no STRING match	no STRING match	2463	2652	1	1	eIF-1a	Translation initiation factor 1A / IF-1	GO:0003723;GO:0003743;GO:0006413	RBFA	Ribosome-binding factor A	GO:0006364
451081	fig|6666666.1036479.peg.771	fig|6666666.1036479.peg.1978	0.6397344470024109	0.331573589135748	Low	Low	Low–Low			0	no STRING match	no STRING match	2311	2831	1	1	DDE_Tnp_1_6	Transposase DDE domain				
451082	fig|6666666.1036479.peg.2957	fig|6666666.1036479.peg.60	0.6397341966629029	0.331574324200158	Very Low	Very Low	Very Low–Very Low			0	no STRING match	no STRING match	1847	2039	1	1	Ribosomal_L33	Ribosomal protein L33	GO:0003735;GO:0005840;GO:0006412	DUF465	Protein of unknown function (DUF465)	
451186	fig|6666666.1036479.peg.3248	fig|6666666.1036479.peg.2220	0.6396966874599457	0.3316507708988	Very Low	Very Low	Very Low–Very Low			0	no STRING match	no STRING match	1998	2938	3	1				zf-dskA_traR	Prokaryotic dksA/traR C4-type zinc finger	GO:0008270
451360	fig|6666666.1036479.peg.830	fig|6666666.1036479.peg.966	0.6396455466747284	0.3317786721061433	Low	Low	Low–Low			0	no STRING match	no STRING match	2334	2395	1	1	4HBT_2;4HBT	Thioesterase-like superfamily; Thioesterase superfamily		PDDEXK_3	PD-(D/E)XK nuclease superfamily	
452679	fig|6666666.1036479.peg.3248	fig|6666666.1036479.peg.625	0.6392108857631683	0.3327482220629583	Very Low	Very Low	Very Low–Very Low			0	no STRING match	no STRING match	1998	2234	3	1				Virulence_RhuM	Virulence protein RhuM family	
452769	fig|6666666.1036479.peg.3023	fig|6666666.1036479.peg.648	0.6391764163970948	0.3328143778598599	Low	Low	Low–Low			0	no STRING match	no STRING match	1880	2245	1	1	cNMP_binding	Cyclic nucleotide-binding domain		TetR_N;TetR_C_10;TetR_HI_0893_C	Bacterial regulatory proteins, tetR family; Tetracyclin repressor-like, C-terminal domain; Tetracyclin repressor-like HI_0893, C-terminal domain	GO:0003677
453428	fig|6666666.1036479.peg.2834	fig|6666666.1036479.peg.2161	0.6389635980129242	0.3332987853060624	Very Low	Very Low	Very Low–Very Low			0	no STRING match	no STRING match	1777	2911	1	1						
454052	fig|6666666.1036479.peg.648	fig|6666666.1036479.peg.743	0.6387643575668335	0.3337574654979142	Low	Very Low	Very Low–Low			0	no STRING match	no STRING match	2245	2301	1	1	TetR_N;TetR_C_10;TetR_HI_0893_C	Bacterial regulatory proteins, tetR family; Tetracyclin repressor-like, C-terminal domain; Tetracyclin repressor-like HI_0893, C-terminal domain	GO:0003677	DUF772	Transposase domain (DUF772)	
454212	fig|6666666.1036479.peg.2552	fig|6666666.1036479.peg.1918	0.63871528506279	0.3338750758035173	Very Low	Very Low	Very Low–Very Low			0	no STRING match	no STRING match	1645	2795	1	1	Phage_int_SAM_4;Phage_integrase	Phage integrase, N-terminal SAM-like domain; Phage integrase family	GO:0003677;GO:0006310;GO:0015074	MC8	ABC-three component (ABC-3C) system Middle Component 8	
454223	fig|6666666.1036479.peg.2783	fig|6666666.1036479.peg.2946	0.6387124061584473	0.3338831615120275	Very Low	Very Low	Very Low–Very Low			0	no STRING match	no STRING match	1749	1841	1	1						
454397	fig|6666666.1036479.peg.2706	fig|6666666.1036479.peg.118	0.6386614978313446	0.3340110627193708	Very Low	Medium	Very Low–Medium	Hypothetical protein.		0	secondary STRING hit (STRING protein assigned to a better match)	no STRING match	1719	2064	1	1	CHU_C	CHU_C Type IX secretion signal domain				
454672	fig|6666666.1036479.peg.3233	fig|6666666.1036479.peg.1623	0.6385738909244537	0.334213205432126	Very Low	Very Low	Very Low–Very Low		Hypothetical protein.	0	no STRING match	secondary STRING hit (STRING protein assigned to a better match)	1983	998	2	2				MTBMA_p00010_2nd	MTBMA_p00010 P-loop domain	
454995	fig|6666666.1036479.peg.3256	fig|6666666.1036479.peg.2098	0.6384740829467773	0.3344506312365621	Very Low	Very Low	Very Low–Very Low			0	no STRING match	no STRING match	2006	2875	3	1				TssD	Hemolysin coregulated protein Hcp (TssD)	GO:0033104
455038	fig|6666666.1036479.peg.561	fig|6666666.1036479.peg.2357	0.6384656131267548	0.3344822390061929	High	Low	Low–High		Na+/H+ antiporter; COG0475 Kef-type K+ transport systems, membrane components.	0	no STRING match	secondary STRING hit (STRING protein assigned to a better match)	2205	2993	1	1	DoxX	DoxX		Na_H_Exchanger	Sodium/hydrogen exchanger, transmembrane	GO:0006812;GO:0015297;GO:0016020;GO:0055085;GO:1902600
455201	fig|6666666.1036479.peg.2161	fig|6666666.1036479.peg.2187	0.6384101152420044	0.334602054505026	Very Low	Very Low	Very Low–Very Low			0	no STRING match	no STRING match	2911	2932	1	1						
455613	fig|6666666.1036479.peg.2135	fig|6666666.1036479.peg.2259	0.6382685244083405	0.3349049010419538	Very Low	Very Low	Very Low–Very Low			0	no STRING match	no STRING match	2895	2951	1	1						
455630	fig|6666666.1036479.peg.2894	fig|6666666.1036479.peg.223	0.638261878490448	0.3349173971369241	Medium	Low	Low–Medium			0	no STRING match	no STRING match	1816	2083	1	1				DUF2750	Protein of unknown function (DUF2750)	
455749	fig|6666666.1036479.peg.2697	fig|6666666.1036479.peg.2259	0.6382214605808259	0.3350048698017164	Very Low	Very Low	Very Low–Very Low			0	no STRING match	no STRING match	1714	2951	1	1						
456109	fig|6666666.1036479.peg.2581	fig|6666666.1036479.peg.2620	0.6381008923053741	0.3352694929893232	Very Low	Very Low	Very Low–Very Low			0	no STRING match	no STRING match	1661	1679	1	1	dCMP_cyt_deam_2;dCMP_cyt_deam_1	Cytidine and deoxycytidylate deaminase zinc-binding region	GO:0004126;GO:0008270	Aconitase_C	Aconitase C-terminal domain	
456220	fig|6666666.1036479.peg.2569	fig|6666666.1036479.peg.2135	0.6380695283412934	0.3353510851388352	Very Low	Very Low	Very Low–Very Low			0	no STRING match	no STRING match	1657	2895	1	1						
456339	fig|6666666.1036479.peg.2826	fig|6666666.1036479.peg.2098	0.6380307078361511	0.3354385578036275	Very Low	Very Low	Very Low–Very Low			0	no STRING match	no STRING match	1772	2875	1	1				TssD	Hemolysin coregulated protein Hcp (TssD)	GO:0033104
456404	fig|6666666.1036479.peg.2742	fig|6666666.1036479.peg.768	0.6380116581916809	0.3354863369902788	Very Low	Very Low	Very Low–Very Low			0	no STRING match	no STRING match	1729	2308	1	1	DHquinase_II	Dehydroquinase class II	GO:0003855	Ribonuc_L-PSP	Endoribonuclease L-PSP	
456707	fig|6666666.1036479.peg.731	fig|6666666.1036479.peg.1583	0.6379221677780151	0.3357090615065145	Low	Low	Low–Low			0	no STRING match	no STRING match	2289	2674	1	1						
456796	fig|6666666.1036479.peg.2552	fig|6666666.1036479.peg.799	0.6378951668739319	0.3357744822390062	Very Low	Very Low	Very Low–Very Low			0	no STRING match	no STRING match	1645	2322	1	1	Phage_int_SAM_4;Phage_integrase	Phage integrase, N-terminal SAM-like domain; Phage integrase family	GO:0003677;GO:0006310;GO:0015074			
457512	fig|6666666.1036479.peg.371	fig|6666666.1036479.peg.646	0.637661588191986	0.3363007883565797	Low	Very Low	Very Low–Low			0	no STRING match	no STRING match	2140	2244	1	1	Cob_adeno_trans	Cobalamin adenosyltransferase		OsmC	OsmC-like protein	
457992	fig|6666666.1036479.peg.2790	fig|6666666.1036479.peg.966	0.6375007212162018	0.3366536192733888	Low	Low	Low–Low			0	no STRING match	no STRING match	1753	2395	1	1	4HBT	Thioesterase superfamily		PDDEXK_3	PD-(D/E)XK nuclease superfamily	
458068	fig|6666666.1036479.peg.799	fig|6666666.1036479.peg.2171	0.6374747574329376	0.3367094841685503	Very Low	Very Low	Very Low–Very Low			0	no STRING match	no STRING match	2322	2920	1	1						
458270	fig|6666666.1036479.peg.223	fig|6666666.1036479.peg.731	0.6374003887176514	0.3368579671793741	Low	Low	Low–Low			0	no STRING match	no STRING match	2083	2289	1	1	DUF2750	Protein of unknown function (DUF2750)				
458969	fig|6666666.1036479.peg.2851	fig|6666666.1036479.peg.2259	0.6371639847755433	0.3373717772019773	Very Low	Very Low	Very Low–Very Low			0	no STRING match	no STRING match	1787	2951	1	1	EcoRI	Restriction endonuclease EcoRI	GO:0000287;GO:0003677;GO:0009036;GO:0009307			
459199	fig|6666666.1036479.peg.646	fig|6666666.1036479.peg.2323	0.637096780538559	0.3375408420162816	Very Low	Low	Very Low–Low			0	no STRING match	no STRING match	2244	2979	1	1	OsmC	OsmC-like protein		2Fe-2S_thioredx	Thioredoxin-like [2Fe-2S] ferredoxin	
459378	fig|6666666.1036479.peg.3256	fig|6666666.1036479.peg.1795	0.6370420813560486	0.3376724185456751	Very Low	Very Low	Very Low–Very Low			0	no STRING match	no STRING match	2006	2755	3	1				TssD	Hemolysin coregulated protein Hcp (TssD)	GO:0033104
459830	fig|6666666.1036479.peg.1583	fig|6666666.1036479.peg.2259	0.6369059443473816	0.3380046676590036	Low	Very Low	Very Low–Low			0	no STRING match	no STRING match	2674	2951	1	1						
459883	fig|6666666.1036479.peg.2826	fig|6666666.1036479.peg.1795	0.6368881106376648	0.3380436260727346	Very Low	Very Low	Very Low–Very Low			0	no STRING match	no STRING match	1772	2755	1	1				TssD	Hemolysin coregulated protein Hcp (TssD)	GO:0033104
460028	fig|6666666.1036479.peg.2697	fig|6666666.1036479.peg.2163	0.6368382394313812	0.3381502104121873	Very Low	Very Low	Very Low–Very Low			0	no STRING match	no STRING match	1714	2913	1	1						
460912	fig|6666666.1036479.peg.397	fig|6666666.1036479.peg.2171	0.6365474760532379	0.3388000073506441	Very Low	Very Low	Very Low–Very Low			0	no STRING match	no STRING match	2145	2920	1	1						
461378	fig|6666666.1036479.peg.2834	fig|6666666.1036479.peg.2163	0.636393690109253	0.3391425473657129	Very Low	Very Low	Very Low–Very Low			0	no STRING match	no STRING match	1777	2913	1	1						
461593	fig|6666666.1036479.peg.2851	fig|6666666.1036479.peg.1103	0.6363240420818329	0.339300586213867	Very Low	Low	Very Low–Low			0	no STRING match	no STRING match	1787	2435	1	1	EcoRI	Restriction endonuclease EcoRI	GO:0000287;GO:0003677;GO:0009036;GO:0009307			
461749	fig|6666666.1036479.peg.3233	fig|6666666.1036479.peg.710	0.6362860083580018	0.3394152562618299	Very Low	Very Low	Very Low–Very Low			0	no STRING match	no STRING match	1983	2270	2	1						
461957	fig|6666666.1036479.peg.754	fig|6666666.1036479.peg.2187	0.636208689212799	0.3395681496591138	Very Low	Very Low	Very Low–Very Low			0	no STRING match	no STRING match	2305	2932	1	1	RNA_pol_Rpb6	RNA polymerase Rpb6	GO:0003677;GO:0003899;GO:0006351			
462178	fig|6666666.1036479.peg.1989	fig|6666666.1036479.peg.2323	0.6361346006393432	0.3397305988937281	Low	Low	Low–Low			0	no STRING match	no STRING match	2836	2979	1	1	Fer4_15;Fer4_13;Fer4_7	4Fe-4S single cluster domain; 4Fe-4S single cluster domain of Ferredoxin I; 4Fe-4S dicluster domain		2Fe-2S_thioredx	Thioredoxin-like [2Fe-2S] ferredoxin	
462241	fig|6666666.1036479.peg.2887	fig|6666666.1036479.peg.648	0.636112904548645	0.3397769079515592	Very Low	Low	Very Low–Low			0	no STRING match	no STRING match	1810	2245	1	1	DUF772	Transposase domain (DUF772)		TetR_N;TetR_C_10;TetR_HI_0893_C	Bacterial regulatory proteins, tetR family; Tetracyclin repressor-like, C-terminal domain; Tetracyclin repressor-like HI_0893, C-terminal domain	GO:0003677
462793	fig|6666666.1036479.peg.1398	fig|6666666.1036479.peg.2357	0.6359563350677491	0.3401826635058897	Low	Low	Low–Low	Di-/tripeptide transporter; COG3104 Dipeptide/tripeptide permease.	Na+/H+ antiporter; COG0475 Kef-type K+ transport systems, membrane components.	0	secondary STRING hit (STRING protein assigned to a better match)	secondary STRING hit (STRING protein assigned to a better match)	2584	2993	1	1	MFS_1;PTR2	Major Facilitator Superfamily; POT family	GO:0016020;GO:0022857;GO:0055085	Na_H_Exchanger	Sodium/hydrogen exchanger, transmembrane	GO:0006812;GO:0015297;GO:0016020;GO:0055085;GO:1902600
462865	fig|6666666.1036479.peg.2552	fig|6666666.1036479.peg.1564	0.6359324336051941	0.3402355881434111	Very Low	Very Low	Very Low–Very Low			0	no STRING match	no STRING match	1645	2657	1	1	Phage_int_SAM_4;Phage_integrase	Phage integrase, N-terminal SAM-like domain; Phage integrase family	GO:0003677;GO:0006310;GO:0015074			
464468	fig|6666666.1036479.peg.1715	fig|6666666.1036479.peg.2163	0.6353995561599731	0.3414138963926714	Very Low	Very Low	Very Low–Very Low			0	no STRING match	no STRING match	2726	2913	1	1						
465712	fig|6666666.1036479.peg.2056	fig|6666666.1036479.peg.2220	0.6350156605243683	0.3423283165187349	Low	Very Low	Very Low–Low			0	no STRING match	no STRING match	2856	2938	1	1	ATP-synt_B	ATP synthase B/B' CF(0)	GO:0015078;GO:0015986;GO:0045259	zf-dskA_traR	Prokaryotic dksA/traR C4-type zinc finger	GO:0008270
465804	fig|6666666.1036479.peg.1600	fig|6666666.1036479.peg.1623	0.6349798798561096	0.3423959424444567	Very Low	Very Low	Very Low–Very Low	Hypothetical protein.	Hypothetical protein.	0	secondary STRING hit (STRING protein assigned to a better match)	secondary STRING hit (STRING protein assigned to a better match)	2681	998	2	2	MTBMA_p00010_2nd	MTBMA_p00010 P-loop domain		MTBMA_p00010_2nd	MTBMA_p00010 P-loop domain	
466004	fig|6666666.1036479.peg.966	fig|6666666.1036479.peg.1560	0.6349286258220672	0.3425429553264605	Low	Low	Low–Low			0	no STRING match	no STRING match	2395	2653	1	1	PDDEXK_3	PD-(D/E)XK nuclease superfamily				
467352	fig|6666666.1036479.peg.237	fig|6666666.1036479.peg.238	0.6345151364803314	0.343533822151166	Low	Low	Low–Low			0	no STRING match	no STRING match	2087	2088	1	1						
467399	fig|6666666.1036479.peg.1103	fig|6666666.1036479.peg.1715	0.6345033884048462	0.3435683701784369	Low	Very Low	Very Low–Low			0	no STRING match	no STRING match	2435	2726	1	1						
468149	fig|6666666.1036479.peg.1804	fig|6666666.1036479.peg.2171	0.6342793822288513	0.3441196684859511	Low	Very Low	Very Low–Low			0	no STRING match	no STRING match	2759	2920	1	1						
468366	fig|6666666.1036479.peg.2706	fig|6666666.1036479.peg.3153	0.6342092871665954	0.3442791774629252	Very Low	Medium	Very Low–Medium	Hypothetical protein.		0	secondary STRING hit (STRING protein assigned to a better match)	no STRING match	1719	1931	1	1	CHU_C	CHU_C Type IX secretion signal domain		HYDIN_VesB_CFA65-like_Ig;DUF1573	HYDIN/CFA65/VesB-like, Ig-like domain; Protein of unknown function (DUF1573)	
468396	fig|6666666.1036479.peg.648	fig|6666666.1036479.peg.2004	0.6341998875141144	0.3443012293952258	Low	Very Low	Very Low–Low			0	no STRING match	no STRING match	2245	2839	1	1	TetR_N;TetR_C_10;TetR_HI_0893_C	Bacterial regulatory proteins, tetR family; Tetracyclin repressor-like, C-terminal domain; Tetracyclin repressor-like HI_0893, C-terminal domain	GO:0003677	STAS	STAS domain	
468468	fig|6666666.1036479.peg.2834	fig|6666666.1036479.peg.754	0.6341770768165589	0.3443541540327471	Very Low	Very Low	Very Low–Very Low			0	no STRING match	no STRING match	1777	2305	1	1				RNA_pol_Rpb6	RNA polymerase Rpb6	GO:0003677;GO:0003899;GO:0006351
468518	fig|6666666.1036479.peg.223	fig|6666666.1036479.peg.648	0.6341642916202546	0.344390907253248	Low	Low	Low–Low			0	no STRING match	no STRING match	2083	2245	1	1	DUF2750	Protein of unknown function (DUF2750)		TetR_N;TetR_C_10;TetR_HI_0893_C	Bacterial regulatory proteins, tetR family; Tetracyclin repressor-like, C-terminal domain; Tetracyclin repressor-like HI_0893, C-terminal domain	GO:0003677
468551	fig|6666666.1036479.peg.2893	fig|6666666.1036479.peg.2894	0.6341525018215179	0.3444151643787786	Low	Medium	Low–Medium			0	no STRING match	no STRING match	1815	1816	1	1						
468737	fig|6666666.1036479.peg.2826	fig|6666666.1036479.peg.3221	0.6340992748737335	0.3445518863590422	Very Low	High	Very Low–High			0	no STRING match	no STRING match	1772	1971	1	2						
468949	fig|6666666.1036479.peg.2620	fig|6666666.1036479.peg.2323	0.6340246498584747	0.3447077200139662	Very Low	Low	Very Low–Low			0	no STRING match	no STRING match	1679	2979	1	1	Aconitase_C	Aconitase C-terminal domain		2Fe-2S_thioredx	Thioredoxin-like [2Fe-2S] ferredoxin	
469194	fig|6666666.1036479.peg.2941	fig|6666666.1036479.peg.3153	0.633950924873352	0.3448878107944209	High	Medium	Medium–High			0	no STRING match	no STRING match	1838	1931	1	1	Redoxin;AhpC-TSA;Thioredoxin;Thioredoxin_2;Thioredoxin_8	Redoxin; AhpC/TSA family; Thioredoxin; Thioredoxin-like domain; Thioredoxin-like	GO:0016209;GO:0016491	HYDIN_VesB_CFA65-like_Ig;DUF1573	HYDIN/CFA65/VesB-like, Ig-like domain; Protein of unknown function (DUF1573)	
469341	fig|6666666.1036479.peg.768	fig|6666666.1036479.peg.842	0.633903831243515	0.3449958652626936	Very Low	Very Low	Very Low–Very Low			0	no STRING match	no STRING match	2308	2339	1	1	Ribonuc_L-PSP	Endoribonuclease L-PSP		ketoacyl-synt	Beta-ketoacyl synthase, N-terminal domain	
469442	fig|6666666.1036479.peg.880	fig|6666666.1036479.peg.1623	0.6338756442070007	0.3450701067681055	Very Low	Very Low	Very Low–Very Low	Hypothetical protein.	Hypothetical protein.	0	secondary STRING hit (STRING protein assigned to a better match)	secondary STRING hit (STRING protein assigned to a better match)	2355	998	1	2				MTBMA_p00010_2nd	MTBMA_p00010 P-loop domain	
469947	fig|6666666.1036479.peg.2941	fig|6666666.1036479.peg.2422	0.6337253272533416	0.3454413142951651	High	Low	Low–High			0	no STRING match	no STRING match	1838	3017	1	1	Redoxin;AhpC-TSA;Thioredoxin;Thioredoxin_2;Thioredoxin_8	Redoxin; AhpC/TSA family; Thioredoxin; Thioredoxin-like domain; Thioredoxin-like	GO:0016209;GO:0016491	DUF1508	Domain of unknown function (DUF1508)	
470421	fig|6666666.1036479.peg.2790	fig|6666666.1036479.peg.768	0.6335721135139465	0.345789734825514	Low	Very Low	Very Low–Low			0	no STRING match	no STRING match	1753	2308	1	1	4HBT	Thioesterase superfamily		Ribonuc_L-PSP	Endoribonuclease L-PSP	
470519	fig|6666666.1036479.peg.3023	fig|6666666.1036479.peg.2004	0.6335428833961487	0.3458617711376959	Low	Very Low	Very Low–Low			0	no STRING match	no STRING match	1880	2839	1	1	cNMP_binding	Cyclic nucleotide-binding domain		STAS	STAS domain	
471178	fig|6666666.1036479.peg.2599	fig|6666666.1036479.peg.317	0.6333259403705597	0.3463461785838984	Very Low	Very Low	Very Low–Very Low			0	no STRING match	no STRING match	1666	2128	1	1	MerR_1;MerR	MerR HTH family regulatory protein; MerR family regulatory protein	GO:0003677;GO:0006355	GmrSD_N;GmrSD_C	GmrSD restriction endonuclease, N-terminal domain; GmrSD restriction endonucleases, C-terminal domain	
471410	fig|6666666.1036479.peg.631	fig|6666666.1036479.peg.2357	0.6332607984542846	0.3465167135270228	Low	Low	Low–Low		Na+/H+ antiporter; COG0475 Kef-type K+ transport systems, membrane components.	0	no STRING match	secondary STRING hit (STRING protein assigned to a better match)	2236	2993	1	1	DAGK_prokar	Prokaryotic diacylglycerol kinase	GO:0008654;GO:0016020;GO:0016301	Na_H_Exchanger	Sodium/hydrogen exchanger, transmembrane	GO:0006812;GO:0015297;GO:0016020;GO:0055085;GO:1902600
472193	fig|6666666.1036479.peg.743	fig|6666666.1036479.peg.1094	0.6330010116100311	0.3470922689600676	Very Low	Very Low	Very Low–Very Low			0	no STRING match	no STRING match	2301	2429	1	1	DUF772	Transposase domain (DUF772)		CoA_binding_2	CoA binding domain	
472385	fig|6666666.1036479.peg.465	fig|6666666.1036479.peg.743	0.6329298436641693	0.3472334013267912	Medium	Very Low	Very Low–Medium			0	no STRING match	no STRING match	2171	2301	1	1	DCC1-like	DCC1-like thiol-disulfide oxidoreductase	GO:0015035	DUF772	Transposase domain (DUF772)	
472452	fig|6666666.1036479.peg.2862	fig|6666666.1036479.peg.3153	0.6329078197479248	0.3472826506422625	Low	Medium	Low–Medium	Lipoprotein; COG3015 Uncharacterized lipoprotein NlpE involved in copper resistance.		0	secondary STRING hit (STRING protein assigned to a better match)	no STRING match	1797	1931	1	1	NlpE	NlpE N-terminal domain		HYDIN_VesB_CFA65-like_Ig;DUF1573	HYDIN/CFA65/VesB-like, Ig-like domain; Protein of unknown function (DUF1573)	
472715	fig|6666666.1036479.peg.771	fig|6666666.1036479.peg.799	0.6328108489513398	0.3474759725820975	Low	Very Low	Very Low–Low			0	no STRING match	no STRING match	2311	2322	1	1	DDE_Tnp_1_6	Transposase DDE domain				
473215	fig|6666666.1036479.peg.1804	fig|6666666.1036479.peg.2422	0.6326716065406799	0.3478435047871069	Low	Low	Low–Low			0	no STRING match	no STRING match	2759	3017	1	1				DUF1508	Domain of unknown function (DUF1508)	
473989	fig|6666666.1036479.peg.2560	fig|6666666.1036479.peg.2813	0.6324427604675293	0.3484124446404616	Very Low	Very Low	Very Low–Very Low			0	no STRING match	no STRING match	1652	1764	1	1	Phage_int_SAM_4;Phage_integrase	Phage integrase, N-terminal SAM-like domain; Phage integrase family	GO:0003677;GO:0006310;GO:0015074	HTH_AraC;HTH_18	Bacterial regulatory helix-turn-helix proteins, AraC family; Helix-turn-helix domain	GO:0003700;GO:0006355;GO:0043565
473992	fig|6666666.1036479.peg.2834	fig|6666666.1036479.peg.2187	0.6324412643909454	0.3484146498336917	Very Low	Very Low	Very Low–Very Low			0	no STRING match	no STRING match	1777	2932	1	1						
474064	fig|6666666.1036479.peg.964	fig|6666666.1036479.peg.966	0.6324221789836884	0.348467574471213	Low	Low	Low–Low			0	no STRING match	no STRING match	2394	2395	1	1	PDDEXK_3	PD-(D/E)XK nuclease superfamily		PDDEXK_3	PD-(D/E)XK nuclease superfamily	
474499	fig|6666666.1036479.peg.2742	fig|6666666.1036479.peg.1041	0.6322934985160827	0.3487873274895712	Very Low	Very Low	Very Low–Very Low			0	no STRING match	no STRING match	1729	2409	1	1	DHquinase_II	Dehydroquinase class II	GO:0003855	CTP_transf_3;Hydrolase_3	Cytidylyltransferase; haloacid dehalogenase-like hydrolase	
474599	fig|6666666.1036479.peg.771	fig|6666666.1036479.peg.2171	0.6322657763957977	0.3488608339305731	Low	Very Low	Very Low–Low			0	no STRING match	no STRING match	2311	2920	1	1	DDE_Tnp_1_6	Transposase DDE domain				
475414	fig|6666666.1036479.peg.1314	fig|6666666.1036479.peg.2060	0.632037776708603	0.3494599114247386	Very Low	Very Low	Very Low–Very Low			0	no STRING match	no STRING match	2538	2858	1	1	GTP_EFTU;MMR_HSR1;GTP-eEF1A_C	Elongation factor Tu GTP binding domain; 50S ribosome-binding GTPase; GTP-eEF1A C-terminal domain-like	GO:0003924;GO:0005525	Lum_binding;Lum_binding	Lumazine binding domain	
475601	fig|6666666.1036479.peg.2725	fig|6666666.1036479.peg.1020	0.6319927394390106	0.3495973684694121	Very Low	Very Low	Very Low–Very Low			0	no STRING match	no STRING match	1724	2405	1	1	Acetyltransf_3;Acetyltransf_4;Acetyltransf_1;Acetyltransf_8;FR47	Acetyltransferase (GNAT) domain; Acetyltransferase (GNAT) family; FR47-like protein	GO:0016747	Pribosyltran	Phosphoribosyl transferase domain	
475624	fig|6666666.1036479.peg.242	fig|6666666.1036479.peg.771	0.6319818377494812	0.3496142749508426	Low	Low	Low–Low			0	no STRING match	no STRING match	2090	2311	1	1				DDE_Tnp_1_6	Transposase DDE domain	
475827	fig|6666666.1036479.peg.2056	fig|6666666.1036479.peg.2463	0.6319296896457672	0.3497634930260764	Low	Low	Low–Low			0	no STRING match	no STRING match	2856	3036	1	1	ATP-synt_B	ATP synthase B/B' CF(0)	GO:0015078;GO:0015986;GO:0045259	ExbD	Biopolymer transport protein ExbD/TolR	GO:0022857;GO:0055085
476082	fig|6666666.1036479.peg.2893	fig|6666666.1036479.peg.733	0.6318589150905609	0.3499509344506312	Low	Medium	Low–Medium			0	no STRING match	no STRING match	1815	2291	1	1				HTH_31;HTH_3	Helix-turn-helix domain; Helix-turn-helix	
476298	fig|6666666.1036479.peg.2862	fig|6666666.1036479.peg.2941	0.6317894399166107	0.3501097083631953	Low	High	Low–High	Lipoprotein; COG3015 Uncharacterized lipoprotein NlpE involved in copper resistance.		0	secondary STRING hit (STRING protein assigned to a better match)	no STRING match	1797	1838	1	1	NlpE	NlpE N-terminal domain		Redoxin;AhpC-TSA;Thioredoxin;Thioredoxin_2;Thioredoxin_8	Redoxin; AhpC/TSA family; Thioredoxin; Thioredoxin-like domain; Thioredoxin-like	GO:0016209;GO:0016491
476408	fig|6666666.1036479.peg.3023	fig|6666666.1036479.peg.733	0.6317576885223388	0.3501905654482974	Low	Medium	Low–Medium			0	no STRING match	no STRING match	1880	2291	1	1	cNMP_binding	Cyclic nucleotide-binding domain		HTH_31;HTH_3	Helix-turn-helix domain; Helix-turn-helix	
476766	fig|6666666.1036479.peg.3221	fig|6666666.1036479.peg.2422	0.6316507160663605	0.3504537185070842	High	Low	Low–High			0	no STRING match	no STRING match	1971	3017	2	1				DUF1508	Domain of unknown function (DUF1508)	
476822	fig|6666666.1036479.peg.1701	fig|6666666.1036479.peg.2004	0.6316346168518067	0.3504948821140452	Very Low	Very Low	Very Low–Very Low			0	no STRING match	no STRING match	2721	2839	1	1				STAS	STAS domain	
476850	fig|6666666.1036479.peg.3023	fig|6666666.1036479.peg.2392	0.6316223919391633	0.3505154639175257	Low	Very Low	Very Low–Low			0	no STRING match	no STRING match	1880	3003	1	1	cNMP_binding	Cyclic nucleotide-binding domain		Acetyltransf_1;Acetyltransf_10;Acetyltransf_7	Acetyltransferase (GNAT) family; Acetyltransferase (GNAT) domain	GO:0016747
476938	fig|6666666.1036479.peg.2742	fig|6666666.1036479.peg.1875	0.631594204902649	0.3505801495856074	Very Low	Very Low	Very Low–Very Low			0	no STRING match	no STRING match	1729	2779	1	1	DHquinase_II	Dehydroquinase class II	GO:0003855	Acetyltransf_1;Acetyltransf_10;Acetyltransf_7	Acetyltransferase (GNAT) family; Acetyltransferase (GNAT) domain	GO:0016747
477129	fig|6666666.1036479.peg.2560	fig|6666666.1036479.peg.799	0.6315335690975189	0.350720546887921	Very Low	Very Low	Very Low–Very Low			0	no STRING match	no STRING match	1652	2322	1	1	Phage_int_SAM_4;Phage_integrase	Phage integrase, N-terminal SAM-like domain; Phage integrase family	GO:0003677;GO:0006310;GO:0015074			
477346	fig|6666666.1036479.peg.2893	fig|6666666.1036479.peg.3029	0.6314752042293549	0.3508800558648952	Low	Low	Low–Low		COG4325 Predicted membrane protein.	0	no STRING match	secondary STRING hit (STRING protein assigned to a better match)	1815	1885	1	1				DUF2254	Predicted membrane protein (DUF2254)	
477367	fig|6666666.1036479.peg.2251	fig|6666666.1036479.peg.2422	0.6314695119857788	0.3508954922175055	Medium	Low	Low–Medium			0	no STRING match	no STRING match	2949	3017	1	1	DPBB_1	Lytic transglycolase		DUF1508	Domain of unknown function (DUF1508)	
477523	fig|6666666.1036479.peg.754	fig|6666666.1036479.peg.880	0.6314075589179993	0.3510101622654685	Very Low	Very Low	Very Low–Very Low		Hypothetical protein.	0	no STRING match	secondary STRING hit (STRING protein assigned to a better match)	2305	2355	1	1	RNA_pol_Rpb6	RNA polymerase Rpb6	GO:0003677;GO:0003899;GO:0006351			
477755	fig|6666666.1036479.peg.2893	fig|6666666.1036479.peg.2392	0.631333726644516	0.3511806972085929	Low	Very Low	Very Low–Low			0	no STRING match	no STRING match	1815	3003	1	1				Acetyltransf_1;Acetyltransf_10;Acetyltransf_7	Acetyltransferase (GNAT) family; Acetyltransferase (GNAT) domain	GO:0016747
477857	fig|6666666.1036479.peg.2560	fig|6666666.1036479.peg.1580	0.6313020944595337	0.3512556737784148	Very Low	Low	Very Low–Low			0	no STRING match	no STRING match	1652	2671	1	2	Phage_int_SAM_4;Phage_integrase	Phage integrase, N-terminal SAM-like domain; Phage integrase family	GO:0003677;GO:0006310;GO:0015074	ParE_toxin	ParE toxin of type II toxin-antitoxin system, parDE	
478117	fig|6666666.1036479.peg.622	fig|6666666.1036479.peg.1544	0.631229555606842	0.3514467905250197	Very Low	Very Low	Very Low–Very Low			0	no STRING match	no STRING match	2231	2645	1	1	HSDR_N;DEAD;ResIII;SWI2_SNF2;T1R_D3-like;EcoR124_C	Type I restriction enzyme R protein N terminus (HSDR_N); DEAD/DEAH box helicase; Type III restriction enzyme, res subunit; SWI2/SNF2 ATPase; Type I restriction enzyme subunit R domain 3; Type I restriction and modification enzyme - subunit R C terminal	GO:0003676;GO:0003677;GO:0004519;GO:0005524;GO:0006304;GO:0016787	GreA_GreB_N;GreA_GreB	Transcription elongation factor, N-terminal; Transcription elongation factor, GreA/GreB, C-term	GO:0003677;GO:0032784
478326	fig|6666666.1036479.peg.1623	fig|6666666.1036479.peg.1646	0.631151819229126	0.3516004189867137	Very Low	Very Low	Very Low–Very Low	Hypothetical protein.	Hypothetical protein.	0	secondary STRING hit (STRING protein assigned to a better match)	secondary STRING hit (STRING protein assigned to a better match)	998	2700	2	2	MTBMA_p00010_2nd	MTBMA_p00010 P-loop domain		MTBMA_p00010_2nd	MTBMA_p00010 P-loop domain	
478809	fig|6666666.1036479.peg.646	fig|6666666.1036479.peg.1314	0.6309909045696258	0.3519554550967528	Very Low	Very Low	Very Low–Very Low			0	no STRING match	no STRING match	2244	2538	1	1	OsmC	OsmC-like protein		GTP_EFTU;MMR_HSR1;GTP-eEF1A_C	Elongation factor Tu GTP binding domain; 50S ribosome-binding GTPase; GTP-eEF1A C-terminal domain-like	GO:0003924;GO:0005525
479406	fig|6666666.1036479.peg.315	fig|6666666.1036479.peg.842	0.6307877719402313	0.3523942885495341	Very Low	Very Low	Very Low–Very Low	COG0147 Anthranilate/para-aminobenzoate synthases component I.		0	secondary STRING hit (STRING protein assigned to a better match)	no STRING match	2126	2339	1	1	Chorismate_bind;Chorismate_bind_2	chorismate binding enzyme; Chorismate binding enzyme	GO:0008909;GO:0009058	ketoacyl-synt	Beta-ketoacyl synthase, N-terminal domain	
479587	fig|6666666.1036479.peg.2569	fig|6666666.1036479.peg.2171	0.6307325899600983	0.3525273352077476	Very Low	Very Low	Very Low–Very Low			0	no STRING match	no STRING match	1657	2920	1	1						
479843	fig|6666666.1036479.peg.3221	fig|6666666.1036479.peg.2251	0.6306422710418701	0.3527155116967124	High	Medium	Medium–High			0	no STRING match	no STRING match	1971	2949	2	1				DPBB_1	Lytic transglycolase	
480440	fig|6666666.1036479.peg.733	fig|6666666.1036479.peg.2392	0.630470460653305	0.3531543451494937	Medium	Very Low	Very Low–Medium			0	no STRING match	no STRING match	2291	3003	1	1	HTH_31;HTH_3	Helix-turn-helix domain; Helix-turn-helix		Acetyltransf_1;Acetyltransf_10;Acetyltransf_7	Acetyltransferase (GNAT) family; Acetyltransferase (GNAT) domain	GO:0016747
480924	fig|6666666.1036479.peg.3221	fig|6666666.1036479.peg.880	0.6303289890289306	0.3535101163239428	High	Very Low	Very Low–High		Hypothetical protein.	0	no STRING match	secondary STRING hit (STRING protein assigned to a better match)	1971	2355	2	1						
481167	fig|6666666.1036479.peg.2956	fig|6666666.1036479.peg.1143	0.6302391469478608	0.3536887369755775	Very Low	Very Low	Very Low–Very Low			0	no STRING match	no STRING match	1846	2469	1	1	Ribosomal_L28	Ribosomal L28 family	GO:0003735	Ribosomal_S8	Ribosomal protein S8	GO:0003735;GO:0005840;GO:0006412
481575	fig|6666666.1036479.peg.2599	fig|6666666.1036479.peg.457	0.6301090061664582	0.3539886432548652	Very Low	Very Low	Very Low–Very Low			0	no STRING match	no STRING match	1666	2167	1	1	MerR_1;MerR	MerR HTH family regulatory protein; MerR family regulatory protein	GO:0003677;GO:0006355	Sigma70_r2;Sigma70_r4_2;Sigma70_r4	Sigma-70 region 2; Sigma-70, region 4	GO:0003677;GO:0003700;GO:0006352;GO:0006355;GO:0016987
482398	fig|6666666.1036479.peg.315	fig|6666666.1036479.peg.1020	0.6298805713653565	0.3545936012643108	Very Low	Very Low	Very Low–Very Low	COG0147 Anthranilate/para-aminobenzoate synthases component I.		0	secondary STRING hit (STRING protein assigned to a better match)	no STRING match	2126	2405	1	1	Chorismate_bind;Chorismate_bind_2	chorismate binding enzyme; Chorismate binding enzyme	GO:0008909;GO:0009058	Pribosyltran	Phosphoribosyl transferase domain	
482502	fig|6666666.1036479.peg.2851	fig|6666666.1036479.peg.2169	0.6298526227474213	0.3546700479629527	Very Low	Very Low	Very Low–Very Low		Hypothetical protein.	0	no STRING match	secondary STRING hit (STRING protein assigned to a better match)	1787	2918	1	1	EcoRI	Restriction endonuclease EcoRI	GO:0000287;GO:0003677;GO:0009036;GO:0009307			
482539	fig|6666666.1036479.peg.710	fig|6666666.1036479.peg.1623	0.6298407435417175	0.3546972453461234	Very Low	Very Low	Very Low–Very Low		Hypothetical protein.	0	no STRING match	secondary STRING hit (STRING protein assigned to a better match)	2270	998	1	2				MTBMA_p00010_2nd	MTBMA_p00010 P-loop domain	
482548	fig|6666666.1036479.peg.81	fig|6666666.1036479.peg.315	0.6298401832580567	0.3547038609258136	Very Low	Very Low	Very Low–Very Low	Transposase.	COG0147 Anthranilate/para-aminobenzoate synthases component I.	0	secondary STRING hit (STRING protein assigned to a better match)	secondary STRING hit (STRING protein assigned to a better match)	2047	2126	1	1				Chorismate_bind;Chorismate_bind_2	chorismate binding enzyme; Chorismate binding enzyme	GO:0008909;GO:0009058
483064	fig|6666666.1036479.peg.1041	fig|6666666.1036479.peg.1875	0.6296988010406495	0.3550831541613834	Very Low	Very Low	Very Low–Very Low			0	no STRING match	no STRING match	2409	2779	1	1	CTP_transf_3;Hydrolase_3	Cytidylyltransferase; haloacid dehalogenase-like hydrolase		Acetyltransf_1;Acetyltransf_10;Acetyltransf_7	Acetyltransferase (GNAT) family; Acetyltransferase (GNAT) domain	GO:0016747
483111	fig|6666666.1036479.peg.2834	fig|6666666.1036479.peg.74	0.6296803116798401	0.3551177021886543	Very Low	Very Low	Very Low–Very Low			0	no STRING match	no STRING match	1777	2044	1	1						
483125	fig|6666666.1036479.peg.2813	fig|6666666.1036479.peg.1580	0.6296762883663177	0.3551279930903945	Very Low	Low	Very Low–Low			0	no STRING match	no STRING match	1764	2671	1	2	HTH_AraC;HTH_18	Bacterial regulatory helix-turn-helix proteins, AraC family; Helix-turn-helix domain	GO:0003700;GO:0006355;GO:0043565	ParE_toxin	ParE toxin of type II toxin-antitoxin system, parDE	
483958	fig|6666666.1036479.peg.561	fig|6666666.1036479.peg.1398	0.6294151723384858	0.3557403017439403	High	Low	Low–High		Di-/tripeptide transporter; COG3104 Dipeptide/tripeptide permease.	0	no STRING match	secondary STRING hit (STRING protein assigned to a better match)	2205	2584	1	1	DoxX	DoxX		MFS_1;PTR2	Major Facilitator Superfamily; POT family	GO:0016020;GO:0022857;GO:0055085
484131	fig|6666666.1036479.peg.3233	fig|6666666.1036479.peg.880	0.6293515384197235	0.3558674678868735	Very Low	Very Low	Very Low–Very Low		Hypothetical protein.	0	no STRING match	secondary STRING hit (STRING protein assigned to a better match)	1983	2355	2	1						
484463	fig|6666666.1036479.peg.2783	fig|6666666.1036479.peg.33	0.6292428016662598	0.3561115092709999	Very Low	High	Very Low–High			0	no STRING match	no STRING match	1749	2020	1	2						
484569	fig|6666666.1036479.peg.633	fig|6666666.1036479.peg.733	0.6292184174060822	0.3561894260984619	Low	Medium	Low–Medium			0	no STRING match	no STRING match	2238	2291	1	1	HTH_20;HTH_5	Helix-turn-helix domain; Bacterial regulatory protein, arsR family	GO:0003700;GO:0006355	HTH_31;HTH_3	Helix-turn-helix domain; Helix-turn-helix	
484632	fig|6666666.1036479.peg.2760	fig|6666666.1036479.peg.2862	0.629198181629181	0.3562357351562931	Low	Low	Low–Low		Lipoprotein; COG3015 Uncharacterized lipoprotein NlpE involved in copper resistance.	0	no STRING match	secondary STRING hit (STRING protein assigned to a better match)	1739	1797	1	1	Peptidase_M23;Peptidase_M23;Zu5_like	Peptidase family M23; Zu5-like domain		NlpE	NlpE N-terminal domain	
484771	fig|6666666.1036479.peg.2887	fig|6666666.1036479.peg.1006	0.6291616261005402	0.3563379091092857	Very Low	Very Low	Very Low–Very Low			0	no STRING match	no STRING match	1810	2400	1	1	DUF772	Transposase domain (DUF772)		ABM	Antibiotic biosynthesis monooxygenase	
485150	fig|6666666.1036479.peg.2851	fig|6666666.1036479.peg.2004	0.6290553927421569	0.3566164985206829	Very Low	Very Low	Very Low–Very Low			0	no STRING match	no STRING match	1787	2839	1	1	EcoRI	Restriction endonuclease EcoRI	GO:0000287;GO:0003677;GO:0009036;GO:0009307	STAS	STAS domain	
485405	fig|6666666.1036479.peg.2894	fig|6666666.1036479.peg.1006	0.6289884865283966	0.3568039399452377	Medium	Very Low	Very Low–Medium			0	no STRING match	no STRING match	1816	2400	1	1				ABM	Antibiotic biosynthesis monooxygenase	
485476	fig|6666666.1036479.peg.317	fig|6666666.1036479.peg.2220	0.628962117433548	0.356856129518349	Very Low	Very Low	Very Low–Very Low			0	no STRING match	no STRING match	2128	2938	1	1	GmrSD_N;GmrSD_C	GmrSD restriction endonuclease, N-terminal domain; GmrSD restriction endonucleases, C-terminal domain		zf-dskA_traR	Prokaryotic dksA/traR C4-type zinc finger	GO:0008270
485591	fig|6666666.1036479.peg.2887	fig|6666666.1036479.peg.733	0.6289319038391114	0.3569406619255012	Very Low	Medium	Very Low–Medium			0	no STRING match	no STRING match	1810	2291	1	1	DUF772	Transposase domain (DUF772)		HTH_31;HTH_3	Helix-turn-helix domain; Helix-turn-helix	
485851	fig|6666666.1036479.peg.2894	fig|6666666.1036479.peg.2164	0.6288398981094361	0.3571317786721061	Medium	Low	Low–Medium			0	no STRING match	no STRING match	1816	2914	1	1						
486398	fig|6666666.1036479.peg.317	fig|6666666.1036479.peg.2315	0.6286821842193604	0.3575338589043865	Very Low	Very Low	Very Low–Very Low			0	no STRING match	no STRING match	2128	2974	1	1	GmrSD_N;GmrSD_C	GmrSD restriction endonuclease, N-terminal domain; GmrSD restriction endonucleases, C-terminal domain		SSB	Single-strand binding protein family	GO:0003697
486463	fig|6666666.1036479.peg.2957	fig|6666666.1036479.peg.2220	0.6286692321300507	0.3575816380910377	Very Low	Very Low	Very Low–Very Low			0	no STRING match	no STRING match	1847	2938	1	1	Ribosomal_L33	Ribosomal protein L33	GO:0003735;GO:0005840;GO:0006412	zf-dskA_traR	Prokaryotic dksA/traR C4-type zinc finger	GO:0008270
486471	fig|6666666.1036479.peg.646	fig|6666666.1036479.peg.1309	0.628667289018631	0.3575875186063179	Very Low	Very Low	Very Low–Very Low			0	no STRING match	no STRING match	2244	2533	1	1	OsmC	OsmC-like protein		NIR_SIR_ferr;NIR_SIR;NIR_SIR_ferr	Nitrite/Sulfite reductase ferredoxin-like half domain; Nitrite and sulphite reductase 4Fe-4S domain	GO:0016491;GO:0020037;GO:0051536
486637	fig|6666666.1036479.peg.2887	fig|6666666.1036479.peg.465	0.6286148130893707	0.357709539298381	Very Low	Medium	Very Low–Medium			0	no STRING match	no STRING match	1810	2171	1	1	DUF772	Transposase domain (DUF772)		DCC1-like	DCC1-like thiol-disulfide oxidoreductase	GO:0015035
487651	fig|6666666.1036479.peg.3023	fig|6666666.1036479.peg.3029	0.6283068418502807	0.3584548946101402	Low	Low	Low–Low		COG4325 Predicted membrane protein.	0	no STRING match	secondary STRING hit (STRING protein assigned to a better match)	1880	1885	1	1	cNMP_binding	Cyclic nucleotide-binding domain		DUF2254	Predicted membrane protein (DUF2254)	
488778	fig|6666666.1036479.peg.2956	fig|6666666.1036479.peg.1158	0.6279647052288055	0.3592833122002315	Very Low	Very Low	Very Low–Very Low			0	no STRING match	no STRING match	1846	2480	1	1	Ribosomal_L28	Ribosomal L28 family	GO:0003735	Ribosomal_S10	Ribosomal protein S10p/S20e	
488870	fig|6666666.1036479.peg.118	fig|6666666.1036479.peg.1441	0.6279344677925109	0.3593509381259533	Medium	Medium	Medium–Medium			0	no STRING match	no STRING match	2064	2603	1	1				HYDIN_VesB_CFA65-like_Ig;DUF1573	HYDIN/CFA65/VesB-like, Ig-like domain; Protein of unknown function (DUF1573)	
489259	fig|6666666.1036479.peg.2569	fig|6666666.1036479.peg.2783	0.6278128385543823	0.3596368781814506	Very Low	Very Low	Very Low–Very Low			0	no STRING match	no STRING match	1657	1749	1	1						
489399	fig|6666666.1036479.peg.2004	fig|6666666.1036479.peg.2392	0.62777059674263	0.3597397871988533	Very Low	Very Low	Very Low–Very Low			0	no STRING match	no STRING match	2839	3003	1	1	STAS	STAS domain		Acetyltransf_1;Acetyltransf_10;Acetyltransf_7	Acetyltransferase (GNAT) family; Acetyltransferase (GNAT) domain	GO:0016747
489445	fig|6666666.1036479.peg.880	fig|6666666.1036479.peg.2187	0.627753496170044	0.3597736001617141	Very Low	Very Low	Very Low–Very Low	Hypothetical protein.		0	secondary STRING hit (STRING protein assigned to a better match)	no STRING match	2355	2932	1	1						
489721	fig|6666666.1036479.peg.771	fig|6666666.1036479.peg.2169	0.6276723921298981	0.3599764779388794	Low	Very Low	Very Low–Low		Hypothetical protein.	0	no STRING match	secondary STRING hit (STRING protein assigned to a better match)	2311	2918	1	1	DDE_Tnp_1_6	Transposase DDE domain				
490294	fig|6666666.1036479.peg.633	fig|6666666.1036479.peg.2392	0.6274950563907623	0.3603976698458202	Low	Very Low	Very Low–Low			0	no STRING match	no STRING match	2238	3003	1	1	HTH_20;HTH_5	Helix-turn-helix domain; Bacterial regulatory protein, arsR family	GO:0003700;GO:0006355	Acetyltransf_1;Acetyltransf_10;Acetyltransf_7	Acetyltransferase (GNAT) family; Acetyltransferase (GNAT) domain	GO:0016747
490335	fig|6666666.1036479.peg.397	fig|6666666.1036479.peg.2164	0.6274825930595398	0.360427807486631	Very Low	Low	Very Low–Low			0	no STRING match	no STRING match	2145	2914	1	1						
490337	fig|6666666.1036479.peg.2742	fig|6666666.1036479.peg.315	0.6274824261665344	0.360429277615451	Very Low	Very Low	Very Low–Very Low		COG0147 Anthranilate/para-aminobenzoate synthases component I.	0	no STRING match	secondary STRING hit (STRING protein assigned to a better match)	1729	2126	1	1	DHquinase_II	Dehydroquinase class II	GO:0003855	Chorismate_bind;Chorismate_bind_2	chorismate binding enzyme; Chorismate binding enzyme	GO:0008909;GO:0009058
490686	fig|6666666.1036479.peg.2055	fig|6666666.1036479.peg.2423	0.6273790061473846	0.3606858150945476	High	Low	Low–High			0	no STRING match	no STRING match	2855	3018	1	1	ATP-synt_C	ATP synthase subunit C	GO:0015078;GO:0033177;GO:1902600			
490775	fig|6666666.1036479.peg.371	fig|6666666.1036479.peg.1309	0.6273447096347808	0.3607512358270393	Low	Very Low	Very Low–Low			0	no STRING match	no STRING match	2140	2533	1	1	Cob_adeno_trans	Cobalamin adenosyltransferase		NIR_SIR_ferr;NIR_SIR;NIR_SIR_ferr	Nitrite/Sulfite reductase ferredoxin-like half domain; Nitrite and sulphite reductase 4Fe-4S domain	GO:0016491;GO:0020037;GO:0051536
491090	fig|6666666.1036479.peg.315	fig|6666666.1036479.peg.2170	0.6272498786449432	0.3609827811161953	Very Low	Medium	Very Low–Medium	COG0147 Anthranilate/para-aminobenzoate synthases component I.	Endonuclease V; COG1515 Deoxyinosine 3'endonuclease (endonuclease V).	0	secondary STRING hit (STRING protein assigned to a better match)	secondary STRING hit (STRING protein assigned to a better match)	2126	2919	1	1	Chorismate_bind;Chorismate_bind_2	chorismate binding enzyme; Chorismate binding enzyme	GO:0008909;GO:0009058	Endonuclease_5	Endonuclease V	GO:0004519
491480	fig|6666666.1036479.peg.622	fig|6666666.1036479.peg.1514	0.6271377921104431	0.3612694562361027	Very Low	Very Low	Very Low–Very Low			0	no STRING match	no STRING match	2231	2629	1	1	HSDR_N;DEAD;ResIII;SWI2_SNF2;T1R_D3-like;EcoR124_C	Type I restriction enzyme R protein N terminus (HSDR_N); DEAD/DEAH box helicase; Type III restriction enzyme, res subunit; SWI2/SNF2 ATPase; Type I restriction enzyme subunit R domain 3; Type I restriction and modification enzyme - subunit R C terminal	GO:0003676;GO:0003677;GO:0004519;GO:0005524;GO:0006304;GO:0016787	RimP_N;RimP_C	RimP N-terminal domain; RimP C-terminal Sm-like domain	
491775	fig|6666666.1036479.peg.2851	fig|6666666.1036479.peg.1715	0.6270574510097504	0.3614863002370582	Very Low	Very Low	Very Low–Very Low			0	no STRING match	no STRING match	1787	2726	1	1	EcoRI	Restriction endonuclease EcoRI	GO:0000287;GO:0003677;GO:0009036;GO:0009307			
492029	fig|6666666.1036479.peg.2783	fig|6666666.1036479.peg.1104	0.6269917070865632	0.3616730065972031	Very Low	Very Low	Very Low–Very Low			0	no STRING match	no STRING match	1749	2436	1	1				ART	NAD:arginine ADP-ribosyltransferase	GO:0106274
492114	fig|6666666.1036479.peg.118	fig|6666666.1036479.peg.1270	0.6269592046737671	0.3617354870720546	Medium	High	Medium–High			0	no STRING match	no STRING match	2064	2522	1	1				SecG	Preprotein translocase SecG subunit	GO:0009306;GO:0015450;GO:0016020
492266	fig|6666666.1036479.peg.2569	fig|6666666.1036479.peg.1715	0.626911747455597	0.3618472168623776	Very Low	Very Low	Very Low–Very Low			0	no STRING match	no STRING match	1657	2726	1	1						
492478	fig|6666666.1036479.peg.1270	fig|6666666.1036479.peg.2423	0.6268491744995117	0.3620030505173016	High	Low	Low–High			0	no STRING match	no STRING match	2522	3018	1	1	SecG	Preprotein translocase SecG subunit	GO:0009306;GO:0015450;GO:0016020			
493715	fig|6666666.1036479.peg.710	fig|6666666.1036479.peg.754	0.6264819920063018	0.362912325192495	Very Low	Very Low	Very Low–Very Low			0	no STRING match	no STRING match	2270	2305	1	1				RNA_pol_Rpb6	RNA polymerase Rpb6	GO:0003677;GO:0003899;GO:0006351
494086	fig|6666666.1036479.peg.2760	fig|6666666.1036479.peg.2251	0.6263700246810913	0.363185034088612	Low	Medium	Low–Medium			0	no STRING match	no STRING match	1739	2949	1	1	Peptidase_M23;Peptidase_M23;Zu5_like	Peptidase family M23; Zu5-like domain		DPBB_1	Lytic transglycolase	
494212	fig|6666666.1036479.peg.2826	fig|6666666.1036479.peg.754	0.6263352811336518	0.3632776522042744	Very Low	Very Low	Very Low–Very Low			0	no STRING match	no STRING match	1772	2305	1	1				RNA_pol_Rpb6	RNA polymerase Rpb6	GO:0003677;GO:0003899;GO:0006351
494316	fig|6666666.1036479.peg.2813	fig|6666666.1036479.peg.3225	0.6262982845306396	0.3633540989029163	Very Low	Very Low	Very Low–Very Low			0	no STRING match	no STRING match	1764	1975	1	2	HTH_AraC;HTH_18	Bacterial regulatory helix-turn-helix proteins, AraC family; Helix-turn-helix domain	GO:0003700;GO:0006355;GO:0043565			
494914	fig|6666666.1036479.peg.242	fig|6666666.1036479.peg.1715	0.6261103212833404	0.3637936674201077	Low	Very Low	Very Low–Low			0	no STRING match	no STRING match	2090	2726	1	1						
495222	fig|6666666.1036479.peg.2813	fig|6666666.1036479.peg.245	0.6260132551193237	0.3640200672583935	Very Low	Very Low	Very Low–Very Low			0	no STRING match	no STRING match	1764	2093	1	1	HTH_AraC;HTH_18	Bacterial regulatory helix-turn-helix proteins, AraC family; Helix-turn-helix domain	GO:0003700;GO:0006355;GO:0043565			
495277	fig|6666666.1036479.peg.631	fig|6666666.1036479.peg.1398	0.6259989440441132	0.3640604958009446	Low	Low	Low–Low		Di-/tripeptide transporter; COG3104 Dipeptide/tripeptide permease.	0	no STRING match	secondary STRING hit (STRING protein assigned to a better match)	2236	2584	1	1	DAGK_prokar	Prokaryotic diacylglycerol kinase	GO:0008654;GO:0016020;GO:0016301	MFS_1;PTR2	Major Facilitator Superfamily; POT family	GO:0016020;GO:0022857;GO:0055085
495374	fig|6666666.1036479.peg.2783	fig|6666666.1036479.peg.242	0.6259686529636384	0.3641317970487164	Very Low	Low	Very Low–Low			0	no STRING match	no STRING match	1749	2090	1	1						
495772	fig|6666666.1036479.peg.317	fig|6666666.1036479.peg.786	0.6258613526821136	0.3644243526839039	Very Low	Very Low	Very Low–Very Low		Hypothetical protein.	0	no STRING match	secondary STRING hit (STRING protein assigned to a better match)	2128	2317	1	1	GmrSD_N;GmrSD_C	GmrSD restriction endonuclease, N-terminal domain; GmrSD restriction endonucleases, C-terminal domain				
496019	fig|6666666.1036479.peg.2569	fig|6666666.1036479.peg.242	0.6257789611816407	0.3646059135931786	Very Low	Low	Very Low–Low			0	no STRING match	no STRING match	1657	2090	1	1						
496430	fig|6666666.1036479.peg.3103	fig|6666666.1036479.peg.1580	0.6256410300731658	0.3649080250656963	Very Low	Low	Very Low–Low			0	no STRING match	no STRING match	1911	2671	1	2				ParE_toxin	ParE toxin of type II toxin-antitoxin system, parDE	
497188	fig|6666666.1036479.peg.85	fig|6666666.1036479.peg.397	0.6254055261611938	0.3654652038884907	Very Low	Very Low	Very Low–Very Low			0	no STRING match	no STRING match	2049	2145	1	1	HopJ	HopJ type III effector protein				
497276	fig|6666666.1036479.peg.2599	fig|6666666.1036479.peg.2827	0.6253775179386138	0.3655298895565724	Very Low	Very Low	Very Low–Very Low			0	no STRING match	no STRING match	1666	1773	1	1	MerR_1;MerR	MerR HTH family regulatory protein; MerR family regulatory protein	GO:0003677;GO:0006355			
497837	fig|6666666.1036479.peg.1041	fig|6666666.1036479.peg.2129	0.6252172291278839	0.365942260690593	Very Low	Very Low	Very Low–Very Low			0	no STRING match	no STRING match	2409	2892	1	1	CTP_transf_3;Hydrolase_3	Cytidylyltransferase; haloacid dehalogenase-like hydrolase		CTP_transf_like	Cytidylyltransferase-like	GO:0003824;GO:0009058
497936	fig|6666666.1036479.peg.1514	fig|6666666.1036479.peg.1544	0.6251828730106354	0.3660150320671849	Very Low	Very Low	Very Low–Very Low			0	no STRING match	no STRING match	2629	2645	1	1	RimP_N;RimP_C	RimP N-terminal domain; RimP C-terminal Sm-like domain		GreA_GreB_N;GreA_GreB	Transcription elongation factor, N-terminal; Transcription elongation factor, GreA/GreB, C-term	GO:0003677;GO:0032784
498314	fig|6666666.1036479.peg.3233	fig|6666666.1036479.peg.1600	0.6250766277313232	0.366292886414172	Very Low	Very Low	Very Low–Very Low		Hypothetical protein.	0	no STRING match	secondary STRING hit (STRING protein assigned to a better match)	1983	2681	2	2				MTBMA_p00010_2nd	MTBMA_p00010 P-loop domain	
498395	fig|6666666.1036479.peg.3018	fig|6666666.1036479.peg.3111	0.6250529825687409	0.3663524266313835	Very Low	Very Low	Very Low–Very Low			0	no STRING match	no STRING match	1876	1914	1	1				PNP_phzG_C	Pyridoxine 5'-phosphate oxidase C-terminal dimerisation region	
499272	fig|6666666.1036479.peg.2560	fig|6666666.1036479.peg.245	0.6248016357421875	0.3669970781189702	Very Low	Very Low	Very Low–Very Low			0	no STRING match	no STRING match	1652	2093	1	1	Phage_int_SAM_4;Phage_integrase	Phage integrase, N-terminal SAM-like domain; Phage integrase family	GO:0003677;GO:0006310;GO:0015074			
499341	fig|6666666.1036479.peg.561	fig|6666666.1036479.peg.631	0.6247768521308898	0.3670477975632615	High	Low	Low–High			0	no STRING match	no STRING match	2205	2236	1	1	DoxX	DoxX		DAGK_prokar	Prokaryotic diacylglycerol kinase	GO:0008654;GO:0016020;GO:0016301
499371	fig|6666666.1036479.peg.772	fig|6666666.1036479.peg.2164	0.6247716188430786	0.367069849495562	Low	Low	Low–Low			0	no STRING match	no STRING match	2312	2914	1	1						
499527	fig|6666666.1036479.peg.242	fig|6666666.1036479.peg.2169	0.6247193276882171	0.367184519543525	Low	Very Low	Very Low–Low		Hypothetical protein.	0	no STRING match	secondary STRING hit (STRING protein assigned to a better match)	2090	2918	1	1						
500714	fig|6666666.1036479.peg.2599	fig|6666666.1036479.peg.2315	0.6243719100952149	0.3680570409982174	Very Low	Very Low	Very Low–Very Low			0	no STRING match	no STRING match	1666	2974	1	1	MerR_1;MerR	MerR HTH family regulatory protein; MerR family regulatory protein	GO:0003677;GO:0006355	SSB	Single-strand binding protein family	GO:0003697
501075	fig|6666666.1036479.peg.1	fig|6666666.1036479.peg.397	0.6242615342140198	0.3683223992502343	Very Low	Very Low	Very Low–Very Low			0	no STRING match	no STRING match	2008	2145	1	1						
502183	fig|6666666.1036479.peg.229	fig|6666666.1036479.peg.2423	0.6239551126956939	0.3691368506165353	Low	Low	Low–Low			0	no STRING match	no STRING match	2085	3018	1	1	MscL	Large-conductance mechanosensitive channel, MscL				
502548	fig|6666666.1036479.peg.1104	fig|6666666.1036479.peg.1595	0.6238467812538147	0.3694051491261921	Very Low	Very Low	Very Low–Very Low		YD repeat-containing protein; COG3209 Rhs family protein.	0	no STRING match	secondary STRING hit (STRING protein assigned to a better match)	2436	2678	1	1	ART	NAD:arginine ADP-ribosyltransferase	GO:0106274			
502633	fig|6666666.1036479.peg.3029	fig|6666666.1036479.peg.465	0.6238179385662079	0.3694676296010438	Low	Medium	Low–Medium	COG4325 Predicted membrane protein.		0	secondary STRING hit (STRING protein assigned to a better match)	no STRING match	1885	2171	1	1	DUF2254	Predicted membrane protein (DUF2254)		DCC1-like	DCC1-like thiol-disulfide oxidoreductase	GO:0015035
503451	fig|6666666.1036479.peg.3233	fig|6666666.1036479.peg.786	0.6235660314559937	0.3700689122884393	Very Low	Very Low	Very Low–Very Low		Hypothetical protein.	0	no STRING match	secondary STRING hit (STRING protein assigned to a better match)	1983	2317	2	1						
503951	fig|6666666.1036479.peg.2725	fig|6666666.1036479.peg.800	0.6234076380729675	0.3704364444934487	Very Low	Very Low	Very Low–Very Low			0	no STRING match	no STRING match	1724	2323	1	1	Acetyltransf_3;Acetyltransf_4;Acetyltransf_1;Acetyltransf_8;FR47	Acetyltransferase (GNAT) domain; Acetyltransferase (GNAT) family; FR47-like protein	GO:0016747	Acetyltransf_10;Acetyltransf_3;Acetyltransf_1;Acetyltransf_4;Acetyltransf_7;FR47	Acetyltransferase (GNAT) domain; Acetyltransferase (GNAT) family; FR47-like protein	GO:0016747
503981	fig|6666666.1036479.peg.2332	fig|6666666.1036479.peg.2357	0.6233987748622895	0.3704584964257493	High	Low	Low–High		Na+/H+ antiporter; COG0475 Kef-type K+ transport systems, membrane components.	0	no STRING match	secondary STRING hit (STRING protein assigned to a better match)	2985	2993	1	1	Oxidored_q3	NADH-ubiquinone/plastoquinone oxidoreductase chain 6	GO:0008137	Na_H_Exchanger	Sodium/hydrogen exchanger, transmembrane	GO:0006812;GO:0015297;GO:0016020;GO:0055085;GO:1902600
504336	fig|6666666.1036479.peg.81	fig|6666666.1036479.peg.1020	0.6232871115207672	0.370719444291306	Very Low	Very Low	Very Low–Very Low	Transposase.		0	secondary STRING hit (STRING protein assigned to a better match)	no STRING match	2047	2405	1	1				Pribosyltran	Phosphoribosyl transferase domain	
505031	fig|6666666.1036479.peg.85	fig|6666666.1036479.peg.2164	0.6230580747127533	0.3712303140562691	Very Low	Low	Very Low–Low			0	no STRING match	no STRING match	2049	2914	1	1	HopJ	HopJ type III effector protein				
505637	fig|6666666.1036479.peg.1701	fig|6666666.1036479.peg.2164	0.6228837907314301	0.3716757630887407	Very Low	Low	Very Low–Low			0	no STRING match	no STRING match	2721	2914	1	1						
505689	fig|6666666.1036479.peg.85	fig|6666666.1036479.peg.2169	0.6228645384311676	0.3717139864380616	Very Low	Very Low	Very Low–Very Low		Hypothetical protein.	0	no STRING match	secondary STRING hit (STRING protein assigned to a better match)	2049	2918	1	1	HopJ	HopJ type III effector protein				
505762	fig|6666666.1036479.peg.74	fig|6666666.1036479.peg.2187	0.6228418588638306	0.371767646139993	Very Low	Very Low	Very Low–Very Low			0	no STRING match	no STRING match	2044	2932	1	1						
505873	fig|6666666.1036479.peg.371	fig|6666666.1036479.peg.1896	0.6228083431720733	0.3718492382895051	Low	Very Low	Very Low–Low			0	no STRING match	no STRING match	2140	2786	1	1	Cob_adeno_trans	Cobalamin adenosyltransferase		FolB	Dihydroneopterin aldolase	GO:0004150;GO:0006760
508319	fig|6666666.1036479.peg.3120	fig|6666666.1036479.peg.317	0.6221183836460114	0.3736472058364114	Very Low	Very Low	Very Low–Very Low			0	no STRING match	no STRING match	1917	2128	1	1	Sigma70_ECF;Sigma70_r2;Sigma70_r4_2;Sigma70_r4	ECF sigma factor; Sigma-70 region 2; Sigma-70, region 4	GO:0003677;GO:0003700;GO:0006352;GO:0006355;GO:0016987	GmrSD_N;GmrSD_C	GmrSD restriction endonuclease, N-terminal domain; GmrSD restriction endonucleases, C-terminal domain	
508596	fig|6666666.1036479.peg.3219	fig|6666666.1036479.peg.1750	0.6220339357852935	0.3738508186779866	Very Low	Very Low	Very Low–Very Low			0	no STRING match	no STRING match	1969	2734	1	1						
508761	fig|6666666.1036479.peg.2894	fig|6666666.1036479.peg.3029	0.6219765543937683	0.3739721043056397	Medium	Low	Low–Medium		COG4325 Predicted membrane protein.	0	no STRING match	secondary STRING hit (STRING protein assigned to a better match)	1816	1885	1	1				DUF2254	Predicted membrane protein (DUF2254)	
509008	fig|6666666.1036479.peg.465	fig|6666666.1036479.peg.1701	0.6219064235687256	0.3741536652149144	Medium	Very Low	Very Low–Medium			0	no STRING match	no STRING match	2171	2721	1	1	DCC1-like	DCC1-like thiol-disulfide oxidoreductase	GO:0015035			
509173	fig|6666666.1036479.peg.1270	fig|6666666.1036479.peg.1441	0.6218599796295166	0.3742749508425675	High	Medium	Medium–High			0	no STRING match	no STRING match	2522	2603	1	1	SecG	Preprotein translocase SecG subunit	GO:0009306;GO:0015450;GO:0016020	HYDIN_VesB_CFA65-like_Ig;DUF1573	HYDIN/CFA65/VesB-like, Ig-like domain; Protein of unknown function (DUF1573)	
509553	fig|6666666.1036479.peg.748	fig|6666666.1036479.peg.2129	0.6217348456382752	0.3745542753183747	Very Low	Very Low	Very Low–Very Low			0	no STRING match	no STRING match	2304	2892	1	1	CoaE	Dephospho-CoA kinase	GO:0004140;GO:0005524;GO:0015937	CTP_transf_like	Cytidylyltransferase-like	GO:0003824;GO:0009058
509787	fig|6666666.1036479.peg.1539	fig|6666666.1036479.peg.1558	0.6216681897640228	0.3747262803903192	Very Low	Very Low	Very Low–Very Low			0	no STRING match	no STRING match	2643	2652	1	1	RimM;PRC_RimM	RimM N-terminal domain; RimM PRC barrel domain	GO:0006364	RBFA	Ribosome-binding factor A	GO:0006364
509939	fig|6666666.1036479.peg.772	fig|6666666.1036479.peg.2169	0.6216244459152221	0.374838010180642	Low	Very Low	Very Low–Low		Hypothetical protein.	0	no STRING match	secondary STRING hit (STRING protein assigned to a better match)	2312	2918	1	1						
510369	fig|6666666.1036479.peg.1143	fig|6666666.1036479.peg.1158	0.6214896023273468	0.3751540878769502	Very Low	Very Low	Very Low–Very Low			0	no STRING match	no STRING match	2469	2480	1	1	Ribosomal_S8	Ribosomal protein S8	GO:0003735;GO:0005840;GO:0006412	Ribosomal_S10	Ribosomal protein S10p/S20e	
510664	fig|6666666.1036479.peg.2599	fig|6666666.1036479.peg.2112	0.6213950157165528	0.3753709318779058	Very Low	Very Low	Very Low–Very Low			0	no STRING match	no STRING match	1666	2883	1	1	MerR_1;MerR	MerR HTH family regulatory protein; MerR family regulatory protein	GO:0003677;GO:0006355	RecX_HTH2;RecX_HTH3	RecX, second three-helix domain; RecX, third three-helix domain	
511639	fig|6666666.1036479.peg.1580	fig|6666666.1036479.peg.1750	0.621093499660492	0.3760876196776742	Low	Very Low	Very Low–Low			0	no STRING match	no STRING match	2671	2734	2	1	ParE_toxin	ParE toxin of type II toxin-antitoxin system, parDE				
512181	fig|6666666.1036479.peg.465	fig|6666666.1036479.peg.1006	0.6209440529346466	0.3764860245879045	Medium	Very Low	Very Low–Medium			0	no STRING match	no STRING match	2171	2400	1	1	DCC1-like	DCC1-like thiol-disulfide oxidoreductase	GO:0015035	ABM	Antibiotic biosynthesis monooxygenase	
512247	fig|6666666.1036479.peg.2652	fig|6666666.1036479.peg.118	0.6209245443344116	0.3765345388389657	Medium	Medium	Medium–Medium			0	no STRING match	no STRING match	1696	2064	1	1	Cytochrome_CBB3;Cytochrom_C	Cytochrome C oxidase, cbb3-type, subunit III; Cytochrome c	GO:0009055;GO:0020037			
512439	fig|6666666.1036479.peg.1600	fig|6666666.1036479.peg.1646	0.6208722531795502	0.3766756712056894	Very Low	Very Low	Very Low–Very Low	Hypothetical protein.	Hypothetical protein.	0	secondary STRING hit (STRING protein assigned to a better match)	secondary STRING hit (STRING protein assigned to a better match)	2681	2700	2	2	MTBMA_p00010_2nd	MTBMA_p00010 P-loop domain		MTBMA_p00010_2nd	MTBMA_p00010 P-loop domain	
513388	fig|6666666.1036479.peg.800	fig|6666666.1036479.peg.1020	0.6206094264984131	0.3773732473307973	Very Low	Very Low	Very Low–Very Low			0	no STRING match	no STRING match	2323	2405	1	1	Acetyltransf_10;Acetyltransf_3;Acetyltransf_1;Acetyltransf_4;Acetyltransf_7;FR47	Acetyltransferase (GNAT) domain; Acetyltransferase (GNAT) family; FR47-like protein	GO:0016747	Pribosyltran	Phosphoribosyl transferase domain	
514633	fig|6666666.1036479.peg.609	fig|6666666.1036479.peg.2251	0.6202676296234131	0.3782884025212709	Very Low	Medium	Very Low–Medium			0	no STRING match	no STRING match	2225	2949	1	1				DPBB_1	Lytic transglycolase	
514746	fig|6666666.1036479.peg.227	fig|6666666.1036479.peg.1020	0.6202386736869812	0.378371464799603	Very Low	Very Low	Very Low–Very Low	Putative bifunctional UDP-N-acetylmuramoyl-tripeptide:D-alanyl-D-alanine ligase/alanine racemase; Catalyzes the interconversion of L-alanine and D-alanine. May also act on other amino acids; Belongs to the alanine racemase family.		0	secondary STRING hit (STRING protein assigned to a better match)	no STRING match	2084	2405	1	1	Mur_ligase_M	Mur ligase middle domain	GO:0005524;GO:0009058;GO:0016881	Pribosyltran	Phosphoribosyl transferase domain	
515359	fig|6666666.1036479.peg.3141	fig|6666666.1036479.peg.1580	0.6200729966163635	0.3788220592829446	Very Low	Low	Very Low–Low			0	no STRING match	no STRING match	1927	2671	1	2				ParE_toxin	ParE toxin of type II toxin-antitoxin system, parDE	
515545	fig|6666666.1036479.peg.576	fig|6666666.1036479.peg.1521	0.6200163662433624	0.3789587812632082	Low	Low	Low–Low			0	no STRING match	no STRING match	2213	2634	1	1	SelR	SelR domain	GO:0033743	Rv0495c	Rv0495c-like	
515965	fig|6666666.1036479.peg.2827	fig|6666666.1036479.peg.2330	0.6198922693729401	0.3792675083154161	Very Low	Very Low	Very Low–Very Low			0	no STRING match	no STRING match	1773	2983	1	1				ORF6N	ORF6N domain	
516534	fig|6666666.1036479.peg.3219	fig|6666666.1036479.peg.47	0.6197186589241028	0.3796857599647169	Very Low	Very Low	Very Low–Very Low			0	no STRING match	no STRING match	1969	2034	1	1				DUF8506	Domain of unknown function (DUF8506)	
516821	fig|6666666.1036479.peg.3225	fig|6666666.1036479.peg.2251	0.6196448743343353	0.3798967234503923	Very Low	Medium	Very Low–Medium			0	no STRING match	no STRING match	1975	2949	2	1				DPBB_1	Lytic transglycolase	
517133	fig|6666666.1036479.peg.2725	fig|6666666.1036479.peg.1485	0.6195507824420929	0.3801260635463182	Very Low	Very Low	Very Low–Very Low			0	no STRING match	no STRING match	1724	2615	1	1	Acetyltransf_3;Acetyltransf_4;Acetyltransf_1;Acetyltransf_8;FR47	Acetyltransferase (GNAT) domain; Acetyltransferase (GNAT) family; FR47-like protein	GO:0016747	Radical_SAM	Radical SAM superfamily	GO:0003824;GO:0051536
517341	fig|6666666.1036479.peg.85	fig|6666666.1036479.peg.238	0.6194836914539337	0.3802789569436022	Very Low	Low	Very Low–Low			0	no STRING match	no STRING match	2049	2088	1	1	HopJ	HopJ type III effector protein				
517411	fig|6666666.1036479.peg.1980	fig|6666666.1036479.peg.2315	0.6194672346115112	0.3803304114523035	Very Low	Very Low	Very Low–Very Low			0	no STRING match	no STRING match	2832	2974	1	1	SSB	Single-strand binding protein family	GO:0003697	SSB	Single-strand binding protein family	GO:0003697
517839	fig|6666666.1036479.peg.3219	fig|6666666.1036479.peg.3225	0.6193238437175751	0.3806450190197916	Very Low	Very Low	Very Low–Very Low			0	no STRING match	no STRING match	1969	1975	1	2						
518390	fig|6666666.1036479.peg.1521	fig|6666666.1036479.peg.1989	0.6191512465476989	0.381050039509712	Low	Low	Low–Low			0	no STRING match	no STRING match	2634	2836	1	1	Rv0495c	Rv0495c-like		Fer4_15;Fer4_13;Fer4_7	4Fe-4S single cluster domain; 4Fe-4S single cluster domain of Ferredoxin I; 4Fe-4S dicluster domain	
518717	fig|6666666.1036479.peg.2827	fig|6666666.1036479.peg.2315	0.6190631449222564	0.3812904055717882	Very Low	Very Low	Very Low–Very Low			0	no STRING match	no STRING match	1773	2974	1	1				SSB	Single-strand binding protein family	GO:0003697
518849	fig|6666666.1036479.peg.710	fig|6666666.1036479.peg.786	0.6190214097499848	0.3813874340739107	Very Low	Very Low	Very Low–Very Low		Hypothetical protein.	0	no STRING match	secondary STRING hit (STRING protein assigned to a better match)	2270	2317	1	1						
519389	fig|6666666.1036479.peg.2760	fig|6666666.1036479.peg.1595	0.6188538670539856	0.3817843688553209	Low	Very Low	Very Low–Low		YD repeat-containing protein; COG3209 Rhs family protein.	0	no STRING match	secondary STRING hit (STRING protein assigned to a better match)	1739	2678	1	1	Peptidase_M23;Peptidase_M23;Zu5_like	Peptidase family M23; Zu5-like domain				
519454	fig|6666666.1036479.peg.67	fig|6666666.1036479.peg.1558	0.6188326895236969	0.3818321480419722	Very Low	Very Low	Very Low–Very Low			0	no STRING match	no STRING match	2043	2652	1	1	SPOUT_MTase	Predicted SPOUT methyltransferase	GO:0006364;GO:0008168	RBFA	Ribosome-binding factor A	GO:0006364
519523	fig|6666666.1036479.peg.576	fig|6666666.1036479.peg.1989	0.618813556432724	0.3818828674862635	Low	Low	Low–Low			0	no STRING match	no STRING match	2213	2836	1	1	SelR	SelR domain	GO:0033743	Fer4_15;Fer4_13;Fer4_7	4Fe-4S single cluster domain; 4Fe-4S single cluster domain of Ferredoxin I; 4Fe-4S dicluster domain	
519524	fig|6666666.1036479.peg.1153	fig|6666666.1036479.peg.2308	0.6188132584095001	0.3818836025506735	Very Low	Very Low	Very Low–Very Low			0	no STRING match	no STRING match	2478	2970	1	1	Ribosomal_S19	Ribosomal protein S19	GO:0003735;GO:0005840;GO:0006412	Ribosomal_L27	Ribosomal L27 protein	GO:0003735;GO:0005840;GO:0006412
519527	fig|6666666.1036479.peg.786	fig|6666666.1036479.peg.1600	0.6188124120235443	0.3818858077439035	Very Low	Very Low	Very Low–Very Low	Hypothetical protein.	Hypothetical protein.	0	secondary STRING hit (STRING protein assigned to a better match)	secondary STRING hit (STRING protein assigned to a better match)	2317	2681	1	2				MTBMA_p00010_2nd	MTBMA_p00010 P-loop domain	
519785	fig|6666666.1036479.peg.2537	fig|6666666.1036479.peg.769	0.6187378168106079	0.3820754543616884	Low	Low	Low–Low			0	no STRING match	no STRING match	1630	2309	1	1	rve;rve_3;rve_2	Integrase core domain	GO:0015074	DUF772	Transposase domain (DUF772)	
520850	fig|6666666.1036479.peg.3225	fig|6666666.1036479.peg.609	0.6184261322021485	0.3828582979583586	Very Low	Very Low	Very Low–Very Low			0	no STRING match	no STRING match	1975	2225	2	1						
521096	fig|6666666.1036479.peg.3073	fig|6666666.1036479.peg.1	0.6183595538139344	0.3830391238032232	Very Low	Very Low	Very Low–Very Low			0	no STRING match	no STRING match	1898	2008	1	1						
521598	fig|6666666.1036479.peg.3225	fig|6666666.1036479.peg.103	0.6182381927967071	0.3834081261370528	Very Low	Low	Very Low–Low		Hypothetical protein; COG0457 FOG: TPR repeat.	0	no STRING match	secondary STRING hit (STRING protein assigned to a better match)	1975	2057	2	1				TPR_19;TPR_8;TPR_16;TPR_6	Tetratricopeptide repeat	GO:0005515
521610	fig|6666666.1036479.peg.2860	fig|6666666.1036479.peg.549	0.6182354152202606	0.3834169469099729	Very Low	Very Low	Very Low–Very Low			0	no STRING match	no STRING match	1795	2197	1	1						
521635	fig|6666666.1036479.peg.646	fig|6666666.1036479.peg.1315	0.6182264983654022	0.3834353235202234	Very Low	Very Low	Very Low–Very Low			0	no STRING match	no STRING match	2244	2539	1	1	OsmC	OsmC-like protein		PAPS_reduct	Phosphoadenosine phosphosulfate reductase domain	GO:0003824
521706	fig|6666666.1036479.peg.2725	fig|6666666.1036479.peg.3088	0.6182008743286133	0.3834875130933348	Very Low	Very Low	Very Low–Very Low			0	no STRING match	no STRING match	1724	1906	1	1	Acetyltransf_3;Acetyltransf_4;Acetyltransf_1;Acetyltransf_8;FR47	Acetyltransferase (GNAT) domain; Acetyltransferase (GNAT) family; FR47-like protein	GO:0016747	Acetyltransf_1;Acetyltransf_10;Acetyltransf_7;FR47	Acetyltransferase (GNAT) family; Acetyltransferase (GNAT) domain; FR47-like protein	GO:0016747
522038	fig|6666666.1036479.peg.1441	fig|6666666.1036479.peg.2463	0.6180980384349823	0.3837315544774611	Medium	Low	Low–Medium			0	no STRING match	no STRING match	2603	3036	1	1	HYDIN_VesB_CFA65-like_Ig;DUF1573	HYDIN/CFA65/VesB-like, Ig-like domain; Protein of unknown function (DUF1573)		ExbD	Biopolymer transport protein ExbD/TolR	GO:0022857;GO:0055085
522097	fig|6666666.1036479.peg.2725	fig|6666666.1036479.peg.227	0.6180821776390075	0.3837749232776522	Very Low	Very Low	Very Low–Very Low		Putative bifunctional UDP-N-acetylmuramoyl-tripeptide:D-alanyl-D-alanine ligase/alanine racemase; Catalyzes the interconversion of L-alanine and D-alanine. May also act on other amino acids; Belongs to the alanine racemase family.	0	no STRING match	secondary STRING hit (STRING protein assigned to a better match)	1724	2084	1	1	Acetyltransf_3;Acetyltransf_4;Acetyltransf_1;Acetyltransf_8;FR47	Acetyltransferase (GNAT) domain; Acetyltransferase (GNAT) family; FR47-like protein	GO:0016747	Mur_ligase_M	Mur ligase middle domain	GO:0005524;GO:0009058;GO:0016881
522675	fig|6666666.1036479.peg.549	fig|6666666.1036479.peg.1108	0.6179369628429413	0.3841997905066431	Very Low	Very Low	Very Low–Very Low			0	no STRING match	no STRING match	2197	2440	1	1						
523108	fig|6666666.1036479.peg.609	fig|6666666.1036479.peg.677	0.6178045213222504	0.3845180733961813	Very Low	Very Low	Very Low–Very Low			0	no STRING match	no STRING match	2225	2255	1	1				Penicillinase_R	Penicillinase repressor	GO:0003677;GO:0045892
523154	fig|6666666.1036479.peg.609	fig|6666666.1036479.peg.2330	0.61779003739357	0.3845518863590422	Very Low	Very Low	Very Low–Very Low			0	no STRING match	no STRING match	2225	2983	1	1				ORF6N	ORF6N domain	
523170	fig|6666666.1036479.peg.74	fig|6666666.1036479.peg.502	0.6177862763404847	0.3845636473896025	Very Low	Very Low	Very Low–Very Low			0	no STRING match	no STRING match	2044	2181	1	1						
523513	fig|6666666.1036479.peg.1158	fig|6666666.1036479.peg.1514	0.6176809787750244	0.384815774482239	Very Low	Very Low	Very Low–Very Low			0	no STRING match	no STRING match	2480	2629	1	1	Ribosomal_S10	Ribosomal protein S10p/S20e		RimP_N;RimP_C	RimP N-terminal domain; RimP C-terminal Sm-like domain	
523922	fig|6666666.1036479.peg.3111	fig|6666666.1036479.peg.33	0.6175640046596527	0.3851164158259367	Very Low	High	Very Low–High			0	no STRING match	no STRING match	1914	2020	1	2	PNP_phzG_C	Pyridoxine 5'-phosphate oxidase C-terminal dimerisation region				
524122	fig|6666666.1036479.peg.3073	fig|6666666.1036479.peg.3103	0.6175010204315186	0.3852634287079405	Very Low	Very Low	Very Low–Very Low			0	no STRING match	no STRING match	1898	1911	1	1						
524185	fig|6666666.1036479.peg.33	fig|6666666.1036479.peg.1750	0.6174794912338257	0.3853097377657717	High	Very Low	Very Low–High			0	no STRING match	no STRING match	2020	2734	2	1						
525061	fig|6666666.1036479.peg.74	fig|6666666.1036479.peg.549	0.6172240972518921	0.3859536541889483	Very Low	Very Low	Very Low–Very Low			0	no STRING match	no STRING match	2044	2197	1	1						
525153	fig|6666666.1036479.peg.3029	fig|6666666.1036479.peg.1701	0.6172003388404846	0.3860212801146701	Low	Very Low	Very Low–Low	COG4325 Predicted membrane protein.		0	secondary STRING hit (STRING protein assigned to a better match)	no STRING match	1885	2721	1	1	DUF2254	Predicted membrane protein (DUF2254)				
525325	fig|6666666.1036479.peg.1101	fig|6666666.1036479.peg.2170	0.6171453535556793	0.3861477111931933	Low	Medium	Low–Medium	Endonuclease V; COG1515 Deoxyinosine 3'endonuclease (endonuclease V).	Endonuclease V; COG1515 Deoxyinosine 3'endonuclease (endonuclease V).	0	secondary STRING hit (STRING protein assigned to a better match)	secondary STRING hit (STRING protein assigned to a better match)	2433	2919	1	1	Endonuclease_5	Endonuclease V	GO:0004519	Endonuclease_5	Endonuclease V	GO:0004519
525449	fig|6666666.1036479.peg.218	fig|6666666.1036479.peg.1158	0.6171109199523925	0.3862388591800356	Very Low	Very Low	Very Low–Very Low			0	no STRING match	no STRING match	2080	2480	1	1	Ribosomal_S18	Ribosomal protein S18	GO:0003735;GO:0005840;GO:0006412	Ribosomal_S10	Ribosomal protein S10p/S20e	
525558	fig|6666666.1036479.peg.800	fig|6666666.1036479.peg.1485	0.6170794606208801	0.3863189812007277	Very Low	Very Low	Very Low–Very Low			0	no STRING match	no STRING match	2323	2615	1	1	Acetyltransf_10;Acetyltransf_3;Acetyltransf_1;Acetyltransf_4;Acetyltransf_7;FR47	Acetyltransferase (GNAT) domain; Acetyltransferase (GNAT) family; FR47-like protein	GO:0016747	Radical_SAM	Radical SAM superfamily	GO:0003824;GO:0051536
525973	fig|6666666.1036479.peg.33	fig|6666666.1036479.peg.39	0.6169647812843323	0.3866240329308855	High	Very Low	Very Low–High			0	no STRING match	no STRING match	2020	2026	2	2				LvrA_C	Legionella vir region protein LvrA C-terminal domain	
526280	fig|6666666.1036479.peg.696	fig|6666666.1036479.peg.1896	0.6168836236000061	0.3868496977047613	Very Low	Very Low	Very Low–Very Low			0	no STRING match	no STRING match	2265	2786	1	1	CTP_transf_like	Cytidylyltransferase-like	GO:0003824;GO:0009058	FolB	Dihydroneopterin aldolase	GO:0004150;GO:0006760
526402	fig|6666666.1036479.peg.39	fig|6666666.1036479.peg.502	0.6168512284755707	0.3869393755627837	Very Low	Very Low	Very Low–Very Low			0	no STRING match	no STRING match	2026	2181	2	1	LvrA_C	Legionella vir region protein LvrA C-terminal domain				
526600	fig|6666666.1036479.peg.772	fig|6666666.1036479.peg.1701	0.6168065369129181	0.3870849183159674	Low	Very Low	Very Low–Low			0	no STRING match	no STRING match	2312	2721	1	1						
526685	fig|6666666.1036479.peg.1558	fig|6666666.1036479.peg.1980	0.6167809426784515	0.387147398790819	Very Low	Very Low	Very Low–Very Low			0	no STRING match	no STRING match	2652	2832	1	1	RBFA	Ribosome-binding factor A	GO:0006364	SSB	Single-strand binding protein family	GO:0003697
526745	fig|6666666.1036479.peg.769	fig|6666666.1036479.peg.800	0.6167590141296386	0.3871915026554202	Low	Very Low	Very Low–Low			0	no STRING match	no STRING match	2309	2323	1	1	DUF772	Transposase domain (DUF772)		Acetyltransf_10;Acetyltransf_3;Acetyltransf_1;Acetyltransf_4;Acetyltransf_7;FR47	Acetyltransferase (GNAT) domain; Acetyltransferase (GNAT) family; FR47-like protein	GO:0016747
526757	fig|6666666.1036479.peg.1875	fig|6666666.1036479.peg.2170	0.6167546510696411	0.3872003234283404	Very Low	Medium	Very Low–Medium		Endonuclease V; COG1515 Deoxyinosine 3'endonuclease (endonuclease V).	0	no STRING match	secondary STRING hit (STRING protein assigned to a better match)	2779	2919	1	1	Acetyltransf_1;Acetyltransf_10;Acetyltransf_7	Acetyltransferase (GNAT) family; Acetyltransferase (GNAT) domain	GO:0016747	Endonuclease_5	Endonuclease V	GO:0004519
526892	fig|6666666.1036479.peg.748	fig|6666666.1036479.peg.1875	0.6167098224163056	0.3872995571236929	Very Low	Very Low	Very Low–Very Low			0	no STRING match	no STRING match	2304	2779	1	1	CoaE	Dephospho-CoA kinase	GO:0004140;GO:0005524;GO:0015937	Acetyltransf_1;Acetyltransf_10;Acetyltransf_7	Acetyltransferase (GNAT) family; Acetyltransferase (GNAT) domain	GO:0016747
526950	fig|6666666.1036479.peg.1875	fig|6666666.1036479.peg.2129	0.6166903078556061	0.3873421908594741	Very Low	Very Low	Very Low–Very Low			0	no STRING match	no STRING match	2779	2892	1	1	Acetyltransf_1;Acetyltransf_10;Acetyltransf_7	Acetyltransferase (GNAT) family; Acetyltransferase (GNAT) domain	GO:0016747	CTP_transf_like	Cytidylyltransferase-like	GO:0003824;GO:0009058
527032	fig|6666666.1036479.peg.237	fig|6666666.1036479.peg.1104	0.6166680693626404	0.3874024661410956	Low	Very Low	Very Low–Low			0	no STRING match	no STRING match	2087	2436	1	1				ART	NAD:arginine ADP-ribosyltransferase	GO:0106274
527771	fig|6666666.1036479.peg.3073	fig|6666666.1036479.peg.1750	0.6164567232131958	0.3879456787400996	Very Low	Very Low	Very Low–Very Low			0	no STRING match	no STRING match	1898	2734	1	1						
527838	fig|6666666.1036479.peg.769	fig|6666666.1036479.peg.1485	0.6164431869983673	0.3879949280555708	Low	Very Low	Very Low–Low			0	no STRING match	no STRING match	2309	2615	1	1	DUF772	Transposase domain (DUF772)		Radical_SAM	Radical SAM superfamily	GO:0003824;GO:0051536
527949	fig|6666666.1036479.peg.238	fig|6666666.1036479.peg.1353	0.616410881280899	0.388076520205083	Low	Very Low	Very Low–Low			0	no STRING match	no STRING match	2088	2562	1	1						
528057	fig|6666666.1036479.peg.2860	fig|6666666.1036479.peg.3111	0.6163804173469544	0.388155907161365	Very Low	Very Low	Very Low–Very Low			0	no STRING match	no STRING match	1795	1914	1	1				PNP_phzG_C	Pyridoxine 5'-phosphate oxidase C-terminal dimerisation region	
528239	fig|6666666.1036479.peg.3103	fig|6666666.1036479.peg.2051	0.6163298189640045	0.3882896888839884	Very Low	Very Low	Very Low–Very Low			0	no STRING match	no STRING match	1911	2852	1	1				Bactofilin	Polymer-forming cytoskeletal	
528331	fig|6666666.1036479.peg.85	fig|6666666.1036479.peg.237	0.6163045108318329	0.3883573148097102	Very Low	Low	Very Low–Low			0	no STRING match	no STRING match	2049	2087	1	1	HopJ	HopJ type III effector protein				
528767	fig|6666666.1036479.peg.3018	fig|6666666.1036479.peg.1	0.6161904990673065	0.3886778028924784	Very Low	Very Low	Very Low–Very Low			0	no STRING match	no STRING match	1876	2008	1	1						
528818	fig|6666666.1036479.peg.1	fig|6666666.1036479.peg.74	0.6161749243736268	0.3887152911773894	Very Low	Very Low	Very Low–Very Low			0	no STRING match	no STRING match	2008	2044	1	1						
528859	fig|6666666.1036479.peg.3111	fig|6666666.1036479.peg.39	0.6161628067493439	0.3887454288182002	Very Low	Very Low	Very Low–Very Low			0	no STRING match	no STRING match	1914	2026	1	2	PNP_phzG_C	Pyridoxine 5'-phosphate oxidase C-terminal dimerisation region		LvrA_C	Legionella vir region protein LvrA C-terminal domain	
529194	fig|6666666.1036479.peg.33	fig|6666666.1036479.peg.1104	0.616055178642273	0.3889916753955565	High	Very Low	Very Low–High			0	no STRING match	no STRING match	2020	2436	2	1				ART	NAD:arginine ADP-ribosyltransferase	GO:0106274
529206	fig|6666666.1036479.peg.1143	fig|6666666.1036479.peg.1514	0.6160525441169739	0.3890004961684767	Very Low	Very Low	Very Low–Very Low			0	no STRING match	no STRING match	2469	2629	1	1	Ribosomal_S8	Ribosomal protein S8	GO:0003735;GO:0005840;GO:0006412	RimP_N;RimP_C	RimP N-terminal domain; RimP C-terminal Sm-like domain	
529489	fig|6666666.1036479.peg.2760	fig|6666666.1036479.peg.1104	0.6159702062606811	0.3892085193965121	Low	Very Low	Very Low–Low			0	no STRING match	no STRING match	1739	2436	1	1	Peptidase_M23;Peptidase_M23;Zu5_like	Peptidase family M23; Zu5-like domain		ART	NAD:arginine ADP-ribosyltransferase	GO:0106274
529567	fig|6666666.1036479.peg.710	fig|6666666.1036479.peg.1600	0.6159461915493012	0.3892658544204936	Very Low	Very Low	Very Low–Very Low		Hypothetical protein.	0	no STRING match	secondary STRING hit (STRING protein assigned to a better match)	2270	2681	1	2				MTBMA_p00010_2nd	MTBMA_p00010 P-loop domain	
529587	fig|6666666.1036479.peg.506	fig|6666666.1036479.peg.1270	0.6159392714500427	0.3892805557086939	Medium	High	Medium–High			0	no STRING match	no STRING match	2183	2522	1	1	YceI	YceI-like domain		SecG	Preprotein translocase SecG subunit	GO:0009306;GO:0015450;GO:0016020
529648	fig|6666666.1036479.peg.237	fig|6666666.1036479.peg.549	0.6159207224845886	0.3893253946377051	Low	Very Low	Very Low–Low			0	no STRING match	no STRING match	2087	2197	1	1						
529673	fig|6666666.1036479.peg.238	fig|6666666.1036479.peg.2296	0.6159125387668609	0.3893437712479556	Low	Medium	Low–Medium			0	no STRING match	no STRING match	2088	2963	1	1						
529733	fig|6666666.1036479.peg.1896	fig|6666666.1036479.peg.2060	0.6158903002738952	0.3893878751125567	Very Low	Very Low	Very Low–Very Low			0	no STRING match	no STRING match	2786	2858	1	1	FolB	Dihydroneopterin aldolase	GO:0004150;GO:0006760	Lum_binding;Lum_binding	Lumazine binding domain	
529784	fig|6666666.1036479.peg.2056	fig|6666666.1036479.peg.2315	0.6158770382404327	0.3894253633974677	Low	Very Low	Very Low–Low			0	no STRING match	no STRING match	2856	2974	1	1	ATP-synt_B	ATP synthase B/B' CF(0)	GO:0015078;GO:0015986;GO:0045259	SSB	Single-strand binding protein family	GO:0003697
529897	fig|6666666.1036479.peg.1	fig|6666666.1036479.peg.549	0.6158422410488129	0.3895084256757998	Very Low	Very Low	Very Low–Very Low			0	no STRING match	no STRING match	2008	2197	1	1						
530937	fig|6666666.1036479.peg.1544	fig|6666666.1036479.peg.2225	0.6155175149440766	0.3902728926622195	Very Low	Very Low	Very Low–Very Low			0	no STRING match	no STRING match	2645	2941	1	1	GreA_GreB_N;GreA_GreB	Transcription elongation factor, N-terminal; Transcription elongation factor, GreA/GreB, C-term	GO:0003677;GO:0032784	PP-binding	Phosphopantetheine attachment site	
531143	fig|6666666.1036479.peg.1143	fig|6666666.1036479.peg.1544	0.6154593884944916	0.3904243159306834	Very Low	Very Low	Very Low–Very Low			0	no STRING match	no STRING match	2469	2645	1	1	Ribosomal_S8	Ribosomal protein S8	GO:0003735;GO:0005840;GO:0006412	GreA_GreB_N;GreA_GreB	Transcription elongation factor, N-terminal; Transcription elongation factor, GreA/GreB, C-term	GO:0003677;GO:0032784
531943	fig|6666666.1036479.peg.443	fig|6666666.1036479.peg.800	0.6152277946472168	0.3910123674586985	Low	Very Low	Very Low–Low			0	no STRING match	no STRING match	2164	2323	1	1	Rrf2	Iron-dependent Transcriptional regulator		Acetyltransf_10;Acetyltransf_3;Acetyltransf_1;Acetyltransf_4;Acetyltransf_7;FR47	Acetyltransferase (GNAT) domain; Acetyltransferase (GNAT) family; FR47-like protein	GO:0016747
532264	fig|6666666.1036479.peg.2956	fig|6666666.1036479.peg.1514	0.6151265680789948	0.3912483231343146	Very Low	Very Low	Very Low–Very Low			0	no STRING match	no STRING match	1846	2629	1	1	Ribosomal_L28	Ribosomal L28 family	GO:0003735	RimP_N;RimP_C	RimP N-terminal domain; RimP C-terminal Sm-like domain	
532337	fig|6666666.1036479.peg.3019	fig|6666666.1036479.peg.502	0.6151000261306763	0.391301982836246	Very Low	Very Low	Very Low–Very Low			0	no STRING match	no STRING match	1877	2181	1	1						
532448	fig|6666666.1036479.peg.772	fig|6666666.1036479.peg.1353	0.6150659441947937	0.3913835749857581	Low	Very Low	Very Low–Low			0	no STRING match	no STRING match	2312	2562	1	1						
532793	fig|6666666.1036479.peg.2051	fig|6666666.1036479.peg.2107	0.6149719297885895	0.3916371722072146	Very Low	Very Low	Very Low–Very Low			0	no STRING match	no STRING match	2852	2879	1	1	Bactofilin	Polymer-forming cytoskeletal		DUF2345	Uncharacterized protein conserved in bacteria (DUF2345)	
532868	fig|6666666.1036479.peg.808	fig|6666666.1036479.peg.1006	0.6149431467056274	0.391692302037966	Very Low	Very Low	Very Low–Very Low			0	no STRING match	no STRING match	2326	2400	1	1	GGACT	Gamma-glutamyl cyclotransferase, AIG2-like		ABM	Antibiotic biosynthesis monooxygenase	
532975	fig|6666666.1036479.peg.2956	fig|6666666.1036479.peg.622	0.6149161756038666	0.3917709539298381	Very Low	Very Low	Very Low–Very Low			0	no STRING match	no STRING match	1846	2231	1	1	Ribosomal_L28	Ribosomal L28 family	GO:0003735	HSDR_N;DEAD;ResIII;SWI2_SNF2;T1R_D3-like;EcoR124_C	Type I restriction enzyme R protein N terminus (HSDR_N); DEAD/DEAH box helicase; Type III restriction enzyme, res subunit; SWI2/SNF2 ATPase; Type I restriction enzyme subunit R domain 3; Type I restriction and modification enzyme - subunit R C terminal	GO:0003676;GO:0003677;GO:0004519;GO:0005524;GO:0006304;GO:0016787
533036	fig|6666666.1036479.peg.502	fig|6666666.1036479.peg.1750	0.6149006247520447	0.3918157928588492	Very Low	Very Low	Very Low–Very Low			0	no STRING match	no STRING match	2181	2734	1	1						
533124	fig|6666666.1036479.peg.218	fig|6666666.1036479.peg.1558	0.6148666739463806	0.3918804785269309	Very Low	Very Low	Very Low–Very Low			0	no STRING match	no STRING match	2080	2652	1	1	Ribosomal_S18	Ribosomal protein S18	GO:0003735;GO:0005840;GO:0006412	RBFA	Ribosome-binding factor A	GO:0006364
533638	fig|6666666.1036479.peg.2860	fig|6666666.1036479.peg.39	0.614718908071518	0.3922583016336806	Very Low	Very Low	Very Low–Very Low			0	no STRING match	no STRING match	1795	2026	1	2				LvrA_C	Legionella vir region protein LvrA C-terminal domain	
533701	fig|6666666.1036479.peg.457	fig|6666666.1036479.peg.2112	0.6147029638290405	0.3923046106915118	Very Low	Very Low	Very Low–Very Low			0	no STRING match	no STRING match	2167	2883	1	1	Sigma70_r2;Sigma70_r4_2;Sigma70_r4	Sigma-70 region 2; Sigma-70, region 4	GO:0003677;GO:0003700;GO:0006352;GO:0006355;GO:0016987	RecX_HTH2;RecX_HTH3	RecX, second three-helix domain; RecX, third three-helix domain	
534067	fig|6666666.1036479.peg.2860	fig|6666666.1036479.peg.427	0.6146024644374848	0.3925736442655788	Very Low	Very Low	Very Low–Very Low			0	no STRING match	no STRING match	1795	2157	1	1				MethyltransfD12	D12 class N6 adenine-specific DNA methyltransferase	GO:0009007;GO:0009307
534094	fig|6666666.1036479.peg.2537	fig|6666666.1036479.peg.2544	0.6145975708961486	0.3925934910046493	Low	Very Low	Very Low–Low			0	no STRING match	no STRING match	1630	1637	1	6	rve;rve_3;rve_2	Integrase core domain	GO:0015074	HTH_21;rve;rve_3;rve_2	HTH-like domain; Integrase core domain	GO:0015074
534169	fig|6666666.1036479.peg.3242	fig|6666666.1036479.peg.625	0.6145703315734863	0.3926486208354007	Very Low	Very Low	Very Low–Very Low			0	no STRING match	no STRING match	1992	2234	3	1	Phage_Mu_F	Phage Mu protein F like protein		Virulence_RhuM	Virulence protein RhuM family	
534322	fig|6666666.1036479.peg.1158	fig|6666666.1036479.peg.1544	0.6145238757133484	0.3927610856901335	Very Low	Very Low	Very Low–Very Low			0	no STRING match	no STRING match	2480	2645	1	1	Ribosomal_S10	Ribosomal protein S10p/S20e		GreA_GreB_N;GreA_GreB	Transcription elongation factor, N-terminal; Transcription elongation factor, GreA/GreB, C-term	GO:0003677;GO:0032784
534454	fig|6666666.1036479.peg.3103	fig|6666666.1036479.peg.3141	0.6144949436187744	0.3928581141922561	Very Low	Very Low	Very Low–Very Low			0	no STRING match	no STRING match	1911	1927	1	1						
534741	fig|6666666.1036479.peg.2760	fig|6666666.1036479.peg.513	0.6144093215465546	0.3930690776779315	Low	Medium	Low–Medium			0	no STRING match	no STRING match	1739	2185	1	1	Peptidase_M23;Peptidase_M23;Zu5_like	Peptidase family M23; Zu5-like domain		HYDIN_VesB_CFA65-like_Ig;DUF1573	HYDIN/CFA65/VesB-like, Ig-like domain; Protein of unknown function (DUF1573)	
535800	fig|6666666.1036479.peg.2860	fig|6666666.1036479.peg.1108	0.6141210615634918	0.3938475108881415	Very Low	Very Low	Very Low–Very Low			0	no STRING match	no STRING match	1795	2440	1	1						
535847	fig|6666666.1036479.peg.237	fig|6666666.1036479.peg.1413	0.6141113638877869	0.3938820589154124	Low	Low	Low–Low		Peptidase M23; COG4678 Muramidase (phage lambda lysozyme).	0	no STRING match	secondary STRING hit (STRING protein assigned to a better match)	2087	2592	1	1				Peptidase_M23	Peptidase family M23	
535874	fig|6666666.1036479.peg.238	fig|6666666.1036479.peg.772	0.614103889465332	0.3939019056544829	Low	Low	Low–Low			0	no STRING match	no STRING match	2088	2312	1	1						
536178	fig|6666666.1036479.peg.3018	fig|6666666.1036479.peg.39	0.6140169203281403	0.3941253652351287	Very Low	Very Low	Very Low–Very Low			0	no STRING match	no STRING match	1876	2026	1	2				LvrA_C	Legionella vir region protein LvrA C-terminal domain	
536475	fig|6666666.1036479.peg.562	fig|6666666.1036479.peg.576	0.6139272630214692	0.3943436793649043	Very Low	Low	Very Low–Low			0	no STRING match	no STRING match	2206	2213	1	1	CMD	Carboxymuconolactone decarboxylase family		SelR	SelR domain	GO:0033743
536775	fig|6666666.1036479.peg.3219	fig|6666666.1036479.peg.245	0.6138395845890046	0.39456419868791	Very Low	Very Low	Very Low–Very Low			0	no STRING match	no STRING match	1969	2093	1	1						
536834	fig|6666666.1036479.peg.81	fig|6666666.1036479.peg.1923	0.6138157248497009	0.3946075674881011	Very Low	Low	Very Low–Low	Transposase.		0	secondary STRING hit (STRING protein assigned to a better match)	no STRING match	2047	2797	1	1						
536930	fig|6666666.1036479.peg.443	fig|6666666.1036479.peg.769	0.613787180185318	0.394678133671463	Low	Low	Low–Low			0	no STRING match	no STRING match	2164	2309	1	1	Rrf2	Iron-dependent Transcriptional regulator		DUF772	Transposase domain (DUF772)	
537096	fig|6666666.1036479.peg.2537	fig|6666666.1036479.peg.1585	0.6137336671352387	0.3948001543635261	Low	Very Low	Very Low–Low			0	no STRING match	no STRING match	1630	2675	1	1	rve;rve_3;rve_2	Integrase core domain	GO:0015074	HTH_21;rve	HTH-like domain; Integrase core domain	GO:0015074
537139	fig|6666666.1036479.peg.1441	fig|6666666.1036479.peg.2423	0.613720703125	0.3948317621331569	Medium	Low	Low–Medium			0	no STRING match	no STRING match	2603	3018	1	1	HYDIN_VesB_CFA65-like_Ig;DUF1573	HYDIN/CFA65/VesB-like, Ig-like domain; Protein of unknown function (DUF1573)				
537180	fig|6666666.1036479.peg.260	fig|6666666.1036479.peg.2056	0.6137102484703064	0.3948618997739677	Low	Low	Low–Low			0	no STRING match	no STRING match	2099	2856	1	1	ExbD	Biopolymer transport protein ExbD/TolR	GO:0022857;GO:0055085	ATP-synt_B	ATP synthase B/B' CF(0)	GO:0015078;GO:0015986;GO:0045259
537677	fig|6666666.1036479.peg.631	fig|6666666.1036479.peg.769	0.6135621666908264	0.3952272267857471	Low	Low	Low–Low			0	no STRING match	no STRING match	2236	2309	1	1	DAGK_prokar	Prokaryotic diacylglycerol kinase	GO:0008654;GO:0016020;GO:0016301	DUF772	Transposase domain (DUF772)	
537697	fig|6666666.1036479.peg.502	fig|6666666.1036479.peg.1565	0.6135545372962952	0.3952419280739475	Very Low	Very Low	Very Low–Very Low			0	no STRING match	no STRING match	2181	2658	1	1						
537827	fig|6666666.1036479.peg.696	fig|6666666.1036479.peg.2129	0.6135083556175231	0.3953374864472499	Very Low	Very Low	Very Low–Very Low			0	no STRING match	no STRING match	2265	2892	1	1	CTP_transf_like	Cytidylyltransferase-like	GO:0003824;GO:0009058	CTP_transf_like	Cytidylyltransferase-like	GO:0003824;GO:0009058
538225	fig|6666666.1036479.peg.2537	fig|6666666.1036479.peg.964	0.6134006083011627	0.3956300420824374	Low	Low	Low–Low			0	no STRING match	no STRING match	1630	2394	1	1	rve;rve_3;rve_2	Integrase core domain	GO:0015074	PDDEXK_3	PD-(D/E)XK nuclease superfamily	
538518	fig|6666666.1036479.peg.81	fig|6666666.1036479.peg.2170	0.6133081793785096	0.395845415954573	Very Low	Medium	Very Low–Medium	Transposase.	Endonuclease V; COG1515 Deoxyinosine 3'endonuclease (endonuclease V).	0	secondary STRING hit (STRING protein assigned to a better match)	secondary STRING hit (STRING protein assigned to a better match)	2047	2919	1	1				Endonuclease_5	Endonuclease V	GO:0004519
538930	fig|6666666.1036479.peg.2537	fig|6666666.1036479.peg.1485	0.6131927907466889	0.3961482624915008	Low	Very Low	Very Low–Low			0	no STRING match	no STRING match	1630	2615	1	1	rve;rve_3;rve_2	Integrase core domain	GO:0015074	Radical_SAM	Radical SAM superfamily	GO:0003824;GO:0051536
538945	fig|6666666.1036479.peg.3073	fig|6666666.1036479.peg.2107	0.6131857812404633	0.3961592884576511	Very Low	Very Low	Very Low–Very Low			0	no STRING match	no STRING match	1898	2879	1	1				DUF2345	Uncharacterized protein conserved in bacteria (DUF2345)	
539049	fig|6666666.1036479.peg.3073	fig|6666666.1036479.peg.1108	0.6131522178649902	0.396235735156293	Very Low	Very Low	Very Low–Very Low			0	no STRING match	no STRING match	1898	2440	1	1						
539082	fig|6666666.1036479.peg.2055	fig|6666666.1036479.peg.2341	0.6131427526473999	0.3962599922818237	High	Low	Low–High			0	no STRING match	no STRING match	2855	2988	1	1	ATP-synt_C	ATP synthase subunit C	GO:0015078;GO:0033177;GO:1902600	ActD	Alternative complex III, ActD subunit	
539100	fig|6666666.1036479.peg.3120	fig|6666666.1036479.peg.457	0.6131355941295624	0.396273223441204	Very Low	Very Low	Very Low–Very Low			0	no STRING match	no STRING match	1917	2167	1	1	Sigma70_ECF;Sigma70_r2;Sigma70_r4_2;Sigma70_r4	ECF sigma factor; Sigma-70 region 2; Sigma-70, region 4	GO:0003677;GO:0003700;GO:0006352;GO:0006355;GO:0016987	Sigma70_r2;Sigma70_r4_2;Sigma70_r4	Sigma-70 region 2; Sigma-70, region 4	GO:0003677;GO:0003700;GO:0006352;GO:0006355;GO:0016987
539113	fig|6666666.1036479.peg.576	fig|6666666.1036479.peg.2170	0.6131331741809845	0.3962827792785343	Low	Medium	Low–Medium		Endonuclease V; COG1515 Deoxyinosine 3'endonuclease (endonuclease V).	0	no STRING match	secondary STRING hit (STRING protein assigned to a better match)	2213	2919	1	1	SelR	SelR domain	GO:0033743	Endonuclease_5	Endonuclease V	GO:0004519
539292	fig|6666666.1036479.peg.3219	fig|6666666.1036479.peg.103	0.6130866408348083	0.3964143558079276	Very Low	Low	Very Low–Low		Hypothetical protein; COG0457 FOG: TPR repeat.	0	no STRING match	secondary STRING hit (STRING protein assigned to a better match)	1969	2057	1	1				TPR_19;TPR_8;TPR_16;TPR_6	Tetratricopeptide repeat	GO:0005515
540184	fig|6666666.1036479.peg.622	fig|6666666.1036479.peg.1143	0.6128257751464844	0.3970700332616645	Very Low	Very Low	Very Low–Very Low			0	no STRING match	no STRING match	2231	2469	1	1	HSDR_N;DEAD;ResIII;SWI2_SNF2;T1R_D3-like;EcoR124_C	Type I restriction enzyme R protein N terminus (HSDR_N); DEAD/DEAH box helicase; Type III restriction enzyme, res subunit; SWI2/SNF2 ATPase; Type I restriction enzyme subunit R domain 3; Type I restriction and modification enzyme - subunit R C terminal	GO:0003676;GO:0003677;GO:0004519;GO:0005524;GO:0006304;GO:0016787	Ribosomal_S8	Ribosomal protein S8	GO:0003735;GO:0005840;GO:0006412
540331	fig|6666666.1036479.peg.103	fig|6666666.1036479.peg.1907	0.6127792179584504	0.3971780877299373	Low	Very Low	Very Low–Low	Hypothetical protein; COG0457 FOG: TPR repeat.		0	secondary STRING hit (STRING protein assigned to a better match)	no STRING match	2057	2791	1	1	TPR_19;TPR_8;TPR_16;TPR_6	Tetratricopeptide repeat	GO:0005515	Band_7_1;Band_7;GYF_2	SPFH domain-Band 7 family; SPFH domain / Band 7 family; GYF domain 2	
540422	fig|6666666.1036479.peg.558	fig|6666666.1036479.peg.703	0.6127519547939301	0.3972449785912491	Low	Very Low	Very Low–Low			0	no STRING match	no STRING match	2203	2267	1	1	cNMP_binding	Cyclic nucleotide-binding domain		DUF1572;DinB_2	Protein of unknown function (DUF1572); DinB superfamily	
540520	fig|6666666.1036479.peg.1309	fig|6666666.1036479.peg.1315	0.6127275764942169	0.3973170149034309	Very Low	Very Low	Very Low–Very Low			0	no STRING match	no STRING match	2533	2539	1	1	NIR_SIR_ferr;NIR_SIR;NIR_SIR_ferr	Nitrite/Sulfite reductase ferredoxin-like half domain; Nitrite and sulphite reductase 4Fe-4S domain	GO:0016491;GO:0020037;GO:0051536	PAPS_reduct	Phosphoadenosine phosphosulfate reductase domain	GO:0003824
541215	fig|6666666.1036479.peg.562	fig|6666666.1036479.peg.1521	0.612530666589737	0.3978278846683941	Very Low	Low	Very Low–Low			0	no STRING match	no STRING match	2206	2634	1	1	CMD	Carboxymuconolactone decarboxylase family		Rv0495c	Rv0495c-like	
541575	fig|6666666.1036479.peg.622	fig|6666666.1036479.peg.2225	0.6124195218086242	0.3980925078560008	Very Low	Very Low	Very Low–Very Low			0	no STRING match	no STRING match	2231	2941	1	1	HSDR_N;DEAD;ResIII;SWI2_SNF2;T1R_D3-like;EcoR124_C	Type I restriction enzyme R protein N terminus (HSDR_N); DEAD/DEAH box helicase; Type III restriction enzyme, res subunit; SWI2/SNF2 ATPase; Type I restriction enzyme subunit R domain 3; Type I restriction and modification enzyme - subunit R C terminal	GO:0003676;GO:0003677;GO:0004519;GO:0005524;GO:0006304;GO:0016787	PP-binding	Phosphopantetheine attachment site	
541603	fig|6666666.1036479.peg.227	fig|6666666.1036479.peg.748	0.6124082744121552	0.3981130896594814	Very Low	Very Low	Very Low–Very Low	Putative bifunctional UDP-N-acetylmuramoyl-tripeptide:D-alanyl-D-alanine ligase/alanine racemase; Catalyzes the interconversion of L-alanine and D-alanine. May also act on other amino acids; Belongs to the alanine racemase family.		0	secondary STRING hit (STRING protein assigned to a better match)	no STRING match	2084	2304	1	1	Mur_ligase_M	Mur ligase middle domain	GO:0005524;GO:0009058;GO:0016881	CoaE	Dephospho-CoA kinase	GO:0004140;GO:0005524;GO:0015937
541687	fig|6666666.1036479.peg.2856	fig|6666666.1036479.peg.931	0.6123807668685913	0.398174835069923	Medium	Medium	Medium–Medium			0	no STRING match	no STRING match	1791	2384	1	1	Beta-lactamase	Beta-lactamase		Thioredoxin_9;AhpC-TSA;Redoxin;Thioredoxin;Thioredoxin_2;Thioredoxin_8	Thioredoxin; AhpC/TSA family; Redoxin; Thioredoxin-like domain; Thioredoxin-like	GO:0016209;GO:0016491
541945	fig|6666666.1036479.peg.3103	fig|6666666.1036479.peg.2107	0.6123019397258759	0.3983644816877079	Very Low	Very Low	Very Low–Very Low			0	no STRING match	no STRING match	1911	2879	1	1				DUF2345	Uncharacterized protein conserved in bacteria (DUF2345)	
542472	fig|6666666.1036479.peg.931	fig|6666666.1036479.peg.2391	0.6121592938899993	0.3987518606317878	Medium	Medium	Medium–Medium			0	no STRING match	no STRING match	2384	3002	1	1	Thioredoxin_9;AhpC-TSA;Redoxin;Thioredoxin;Thioredoxin_2;Thioredoxin_8	Thioredoxin; AhpC/TSA family; Redoxin; Thioredoxin-like domain; Thioredoxin-like	GO:0016209;GO:0016491	DUF6370	Family of unknown function (DUF6370)	
542679	fig|6666666.1036479.peg.3111	fig|6666666.1036479.peg.427	0.6120975136756897	0.3989040189646617	Very Low	Very Low	Very Low–Very Low			0	no STRING match	no STRING match	1914	2157	1	1	PNP_phzG_C	Pyridoxine 5'-phosphate oxidase C-terminal dimerisation region		MethyltransfD12	D12 class N6 adenine-specific DNA methyltransferase	GO:0009007;GO:0009307
543043	fig|6666666.1036479.peg.3141	fig|6666666.1036479.peg.245	0.6120009958744049	0.3991715824099087	Very Low	Very Low	Very Low–Very Low			0	no STRING match	no STRING match	1927	2093	1	1						
543052	fig|6666666.1036479.peg.3141	fig|6666666.1036479.peg.427	0.6119976699352264	0.3991781979895988	Very Low	Very Low	Very Low–Very Low			0	no STRING match	no STRING match	1927	2157	1	1				MethyltransfD12	D12 class N6 adenine-specific DNA methyltransferase	GO:0009007;GO:0009307
543907	fig|6666666.1036479.peg.715	fig|6666666.1036479.peg.1923	0.61173996925354	0.399806678060165	Low	Low	Low–Low			0	no STRING match	no STRING match	2274	2797	1	1						
544054	fig|6666666.1036479.peg.2308	fig|6666666.1036479.peg.2463	0.611706280708313	0.3999147325284378	Very Low	Low	Very Low–Low			0	no STRING match	no STRING match	2970	3036	1	1	Ribosomal_L27	Ribosomal L27 protein	GO:0003735;GO:0005840;GO:0006412	ExbD	Biopolymer transport protein ExbD/TolR	GO:0022857;GO:0055085
544169	fig|6666666.1036479.peg.3019	fig|6666666.1036479.peg.1595	0.6116799175739288	0.3999992649355899	Very Low	Very Low	Very Low–Very Low		YD repeat-containing protein; COG3209 Rhs family protein.	0	no STRING match	secondary STRING hit (STRING protein assigned to a better match)	1877	2678	1	1						
544285	fig|6666666.1036479.peg.1767	fig|6666666.1036479.peg.2308	0.6116459310054779	0.4000845324071522	Very Low	Very Low	Very Low–Very Low			0	no STRING match	no STRING match	2741	2970	1	1				Ribosomal_L27	Ribosomal L27 protein	GO:0003735;GO:0005840;GO:0006412
544957	fig|6666666.1036479.peg.3256	fig|6666666.1036479.peg.2463	0.6114522874355316	0.4005784956906849	Very Low	Low	Very Low–Low			0	no STRING match	no STRING match	2006	3036	3	1				ExbD	Biopolymer transport protein ExbD/TolR	GO:0022857;GO:0055085
545741	fig|6666666.1036479.peg.67	fig|6666666.1036479.peg.1507	0.6112286269664764	0.4011547861881397	Very Low	Very Low	Very Low–Very Low			0	no STRING match	no STRING match	2043	2628	1	1	SPOUT_MTase	Predicted SPOUT methyltransferase	GO:0006364;GO:0008168	RuvA_N;HHH_5;RuvA_C	RuvA N terminal domain; SAM-like Helix-hairpin-helix tandem; RuvA, C-terminal domain	GO:0005524;GO:0006281;GO:0006310;GO:0009378;GO:0009379
545814	fig|6666666.1036479.peg.506	fig|6666666.1036479.peg.513	0.611208313703537	0.4012084458900711	Medium	Medium	Medium–Medium			0	no STRING match	no STRING match	2183	2185	1	1	YceI	YceI-like domain		HYDIN_VesB_CFA65-like_Ig;DUF1573	HYDIN/CFA65/VesB-like, Ig-like domain; Protein of unknown function (DUF1573)	
546624	fig|6666666.1036479.peg.2544	fig|6666666.1036479.peg.1585	0.610990846157074	0.4018038480621864	Very Low	Very Low	Very Low–Very Low			0	no STRING match	no STRING match	1637	2675	6	1	HTH_21;rve;rve_3;rve_2	HTH-like domain; Integrase core domain	GO:0015074	HTH_21;rve	HTH-like domain; Integrase core domain	GO:0015074
546750	fig|6666666.1036479.peg.81	fig|6666666.1036479.peg.964	0.6109582960605622	0.4018964661778488	Very Low	Low	Very Low–Low	Transposase.		0	secondary STRING hit (STRING protein assigned to a better match)	no STRING match	2047	2394	1	1				PDDEXK_3	PD-(D/E)XK nuclease superfamily	
546846	fig|6666666.1036479.peg.1248	fig|6666666.1036479.peg.1980	0.6109317362308502	0.4019670323612107	Very Low	Very Low	Very Low–Very Low			0	no STRING match	no STRING match	2515	2832	1	1				SSB	Single-strand binding protein family	GO:0003697
547066	fig|6666666.1036479.peg.931	fig|6666666.1036479.peg.2051	0.6108721435070038	0.4021287465314148	Medium	Very Low	Very Low–Medium			0	no STRING match	no STRING match	2384	2852	1	1	Thioredoxin_9;AhpC-TSA;Redoxin;Thioredoxin;Thioredoxin_2;Thioredoxin_8	Thioredoxin; AhpC/TSA family; Redoxin; Thioredoxin-like domain; Thioredoxin-like	GO:0016209;GO:0016491	Bactofilin	Polymer-forming cytoskeletal	
547390	fig|6666666.1036479.peg.3018	fig|6666666.1036479.peg.1353	0.6107585549354553	0.4023669074002609	Very Low	Very Low	Very Low–Very Low			0	no STRING match	no STRING match	1876	2562	1	1						
547478	fig|6666666.1036479.peg.3018	fig|6666666.1036479.peg.1565	0.6107296347618103	0.4024315930683426	Very Low	Very Low	Very Low–Very Low			0	no STRING match	no STRING match	1876	2658	1	1						
548272	fig|6666666.1036479.peg.443	fig|6666666.1036479.peg.2410	0.610495525598526	0.4030152342098976	Low	Very Low	Very Low–Low			0	no STRING match	no STRING match	2164	3012	1	1	Rrf2	Iron-dependent Transcriptional regulator		MarR_2;MarR	MarR family	GO:0003700;GO:0006355
548658	fig|6666666.1036479.peg.3115	fig|6666666.1036479.peg.1485	0.6104009687900543	0.4032989690721649	Very Low	Very Low	Very Low–Very Low			0	no STRING match	no STRING match	1916	2615	1	1	FGGY_N	FGGY family of carbohydrate kinases, N-terminal domain	GO:0005975;GO:0016301	Radical_SAM	Radical SAM superfamily	GO:0003824;GO:0051536
548929	fig|6666666.1036479.peg.558	fig|6666666.1036479.peg.2051	0.6103146255016327	0.40349817152728	Low	Very Low	Very Low–Low			0	no STRING match	no STRING match	2203	2852	1	1	cNMP_binding	Cyclic nucleotide-binding domain		Bactofilin	Polymer-forming cytoskeletal	
549250	fig|6666666.1036479.peg.3245	fig|6666666.1036479.peg.3256	0.6102234721183777	0.4037341272028961	Very Low	Very Low	Very Low–Very Low			0	no STRING match	no STRING match	1995	2006	3	3	Phage_Mu_Gp36	Bacteriophage Mu, Gp36				
549326	fig|6666666.1036479.peg.3245	fig|6666666.1036479.peg.103	0.6102031946182251	0.4037899920980576	Very Low	Low	Very Low–Low		Hypothetical protein; COG0457 FOG: TPR repeat.	0	no STRING match	secondary STRING hit (STRING protein assigned to a better match)	1995	2057	3	1	Phage_Mu_Gp36	Bacteriophage Mu, Gp36		TPR_19;TPR_8;TPR_16;TPR_6	Tetratricopeptide repeat	GO:0005515
549500	fig|6666666.1036479.peg.2890	fig|6666666.1036479.peg.1595	0.6101647615432739	0.4039178933054009	Very Low	Very Low	Very Low–Very Low	Hypothetical protein.	YD repeat-containing protein; COG3209 Rhs family protein.	0	secondary STRING hit (STRING protein assigned to a better match)	secondary STRING hit (STRING protein assigned to a better match)	1812	2678	1	1	PA0049_N;PA0049_C	PA0049 N-terminal domain; PA0049, C-terminal domain				
549642	fig|6666666.1036479.peg.3141	fig|6666666.1036479.peg.103	0.6101207435131073	0.4040222724516236	Very Low	Low	Very Low–Low		Hypothetical protein; COG0457 FOG: TPR repeat.	0	no STRING match	secondary STRING hit (STRING protein assigned to a better match)	1927	2057	1	1				TPR_19;TPR_8;TPR_16;TPR_6	Tetratricopeptide repeat	GO:0005515
549688	fig|6666666.1036479.peg.576	fig|6666666.1036479.peg.2034	0.610105961561203	0.4040560854144844	Low	Very Low	Very Low–Low			0	no STRING match	no STRING match	2213	2848	1	1	SelR	SelR domain	GO:0033743	dTDP_sugar_isom	dTDP-4-dehydrorhamnose 3,5-epimerase	GO:0008830
550151	fig|6666666.1036479.peg.1398	fig|6666666.1036479.peg.2332	0.6099745154380798	0.4043964202363232	Low	High	Low–High	Di-/tripeptide transporter; COG3104 Dipeptide/tripeptide permease.		0	secondary STRING hit (STRING protein assigned to a better match)	no STRING match	2584	2985	1	1	MFS_1;PTR2	Major Facilitator Superfamily; POT family	GO:0016020;GO:0022857;GO:0055085	Oxidored_q3	NADH-ubiquinone/plastoquinone oxidoreductase chain 6	GO:0008137
550697	fig|6666666.1036479.peg.3120	fig|6666666.1036479.peg.1539	0.609826123714447	0.4047977654041935	Very Low	Very Low	Very Low–Very Low			0	no STRING match	no STRING match	1917	2643	1	1	Sigma70_ECF;Sigma70_r2;Sigma70_r4_2;Sigma70_r4	ECF sigma factor; Sigma-70 region 2; Sigma-70, region 4	GO:0003677;GO:0003700;GO:0006352;GO:0006355;GO:0016987	RimM;PRC_RimM	RimM N-terminal domain; RimM PRC barrel domain	GO:0006364
550828	fig|6666666.1036479.peg.562	fig|6666666.1036479.peg.2034	0.6097917079925537	0.404894058841906	Very Low	Very Low	Very Low–Very Low			0	no STRING match	no STRING match	2206	2848	1	1	CMD	Carboxymuconolactone decarboxylase family		dTDP_sugar_isom	dTDP-4-dehydrorhamnose 3,5-epimerase	GO:0008830
551498	fig|6666666.1036479.peg.443	fig|6666666.1036479.peg.1001	0.6095993757247925	0.4053865519966187	Low	Low	Low–Low			0	no STRING match	no STRING match	2164	2398	1	1	Rrf2	Iron-dependent Transcriptional regulator		Rrf2	Iron-dependent Transcriptional regulator	
552120	fig|6666666.1036479.peg.2934	fig|6666666.1036479.peg.1108	0.6094219267368317	0.4058437620596505	Very Low	Very Low	Very Low–Very Low			0	no STRING match	no STRING match	1835	2440	1	1	PDDEXK_4	PD-(D/E)XK nuclease superfamily				
552282	fig|6666666.1036479.peg.443	fig|6666666.1036479.peg.964	0.6093720018863678	0.4059628424940735	Low	Low	Low–Low			0	no STRING match	no STRING match	2164	2394	1	1	Rrf2	Iron-dependent Transcriptional regulator		PDDEXK_3	PD-(D/E)XK nuclease superfamily	
552664	fig|6666666.1036479.peg.1630	fig|6666666.1036479.peg.1646	0.6092646479606628	0.4062436370987007	Very Low	Very Low	Very Low–Very Low	Hypothetical protein.	Hypothetical protein.	0	secondary STRING hit (STRING protein assigned to a better match)	secondary STRING hit (STRING protein assigned to a better match)	2692	2700	2	2	MTBMA_p00010_2nd	MTBMA_p00010 P-loop domain		MTBMA_p00010_2nd	MTBMA_p00010 P-loop domain	
553031	fig|6666666.1036479.peg.3115	fig|6666666.1036479.peg.1006	0.6091606140136718	0.4065134057371777	Very Low	Very Low	Very Low–Very Low			0	no STRING match	no STRING match	1916	2400	1	1	FGGY_N	FGGY family of carbohydrate kinases, N-terminal domain	GO:0005975;GO:0016301	ABM	Antibiotic biosynthesis monooxygenase	
553382	fig|6666666.1036479.peg.562	fig|6666666.1036479.peg.696	0.6090703427791595	0.4067714133450943	Very Low	Very Low	Very Low–Very Low			0	no STRING match	no STRING match	2206	2265	1	1	CMD	Carboxymuconolactone decarboxylase family		CTP_transf_like	Cytidylyltransferase-like	GO:0003824;GO:0009058
553684	fig|6666666.1036479.peg.3120	fig|6666666.1036479.peg.1980	0.6089796006679535	0.4069934027969201	Very Low	Very Low	Very Low–Very Low			0	no STRING match	no STRING match	1917	2832	1	1	Sigma70_ECF;Sigma70_r2;Sigma70_r4_2;Sigma70_r4	ECF sigma factor; Sigma-70 region 2; Sigma-70, region 4	GO:0003677;GO:0003700;GO:0006352;GO:0006355;GO:0016987	SSB	Single-strand binding protein family	GO:0003697
554469	fig|6666666.1036479.peg.245	fig|6666666.1036479.peg.427	0.6087571978569031	0.4075704283587849	Very Low	Very Low	Very Low–Very Low			0	no STRING match	no STRING match	2093	2157	1	1				MethyltransfD12	D12 class N6 adenine-specific DNA methyltransferase	GO:0009007;GO:0009307
554689	fig|6666666.1036479.peg.427	fig|6666666.1036479.peg.1595	0.6086844682693482	0.4077321425289891	Very Low	Very Low	Very Low–Very Low		YD repeat-containing protein; COG3209 Rhs family protein.	0	no STRING match	secondary STRING hit (STRING protein assigned to a better match)	2157	2678	1	1	MethyltransfD12	D12 class N6 adenine-specific DNA methyltransferase	GO:0009007;GO:0009307			
555458	fig|6666666.1036479.peg.1539	fig|6666666.1036479.peg.1980	0.6084588050842286	0.4082974070602936	Very Low	Very Low	Very Low–Very Low			0	no STRING match	no STRING match	2643	2832	1	1	RimM;PRC_RimM	RimM N-terminal domain; RimM PRC barrel domain	GO:0006364	SSB	Single-strand binding protein family	GO:0003697
556022	fig|6666666.1036479.peg.1521	fig|6666666.1036479.peg.2034	0.6083030879497529	0.4087119833875443	Low	Very Low	Very Low–Low			0	no STRING match	no STRING match	2634	2848	1	1	Rv0495c	Rv0495c-like		dTDP_sugar_isom	dTDP-4-dehydrorhamnose 3,5-epimerase	GO:0008830
556253	fig|6666666.1036479.peg.227	fig|6666666.1036479.peg.2129	0.6082301318645478	0.4088817832662587	Very Low	Very Low	Very Low–Very Low	Putative bifunctional UDP-N-acetylmuramoyl-tripeptide:D-alanyl-D-alanine ligase/alanine racemase; Catalyzes the interconversion of L-alanine and D-alanine. May also act on other amino acids; Belongs to the alanine racemase family.		0	secondary STRING hit (STRING protein assigned to a better match)	no STRING match	2084	2892	1	1	Mur_ligase_M	Mur ligase middle domain	GO:0005524;GO:0009058;GO:0016881	CTP_transf_like	Cytidylyltransferase-like	GO:0003824;GO:0009058
556662	fig|6666666.1036479.peg.2544	fig|6666666.1036479.peg.964	0.6081317365169525	0.4091824246099564	Very Low	Low	Very Low–Low			0	no STRING match	no STRING match	1637	2394	6	1	HTH_21;rve;rve_3;rve_2	HTH-like domain; Integrase core domain	GO:0015074	PDDEXK_3	PD-(D/E)XK nuclease superfamily	
556745	fig|6666666.1036479.peg.2856	fig|6666666.1036479.peg.594	0.6081102907657623	0.409243434955988	Medium	High	Medium–High			0	no STRING match	no STRING match	1791	2219	1	1	Beta-lactamase	Beta-lactamase		Acyltransferase	Acyltransferase	GO:0016746
556812	fig|6666666.1036479.peg.3115	fig|6666666.1036479.peg.64	0.608098953962326	0.4092926842714592	Very Low	Very Low	Very Low–Very Low			0	no STRING match	no STRING match	1916	2042	1	1	FGGY_N	FGGY family of carbohydrate kinases, N-terminal domain	GO:0005975;GO:0016301	FdtA	WxcM-like, C-terminal	
557372	fig|6666666.1036479.peg.3120	fig|6666666.1036479.peg.1248	0.6079516470432281	0.4097043203410699	Very Low	Very Low	Very Low–Very Low			0	no STRING match	no STRING match	1917	2515	1	1	Sigma70_ECF;Sigma70_r2;Sigma70_r4_2;Sigma70_r4	ECF sigma factor; Sigma-70 region 2; Sigma-70, region 4	GO:0003677;GO:0003700;GO:0006352;GO:0006355;GO:0016987			
557404	fig|6666666.1036479.peg.1101	fig|6666666.1036479.peg.1923	0.6079399049282074	0.4097278424021905	Low	Low	Low–Low	Endonuclease V; COG1515 Deoxyinosine 3'endonuclease (endonuclease V).		0	secondary STRING hit (STRING protein assigned to a better match)	no STRING match	2433	2797	1	1	Endonuclease_5	Endonuclease V	GO:0004519			
557409	fig|6666666.1036479.peg.2802	fig|6666666.1036479.peg.1896	0.6079383850097656	0.4097315177242406	Very Low	Very Low	Very Low–Very Low			0	no STRING match	no STRING match	1757	2786	1	1	CobU	Cobinamide kinase / cobinamide phosphate guanyltransferase	GO:0000166;GO:0009236;GO:0043752	FolB	Dihydroneopterin aldolase	GO:0004150;GO:0006760
557517	fig|6666666.1036479.peg.594	fig|6666666.1036479.peg.931	0.6079032063484192	0.4098109046805226	High	Medium	Medium–High			0	no STRING match	no STRING match	2219	2384	1	1	Acyltransferase	Acyltransferase	GO:0016746	Thioredoxin_9;AhpC-TSA;Redoxin;Thioredoxin;Thioredoxin_2;Thioredoxin_8	Thioredoxin; AhpC/TSA family; Redoxin; Thioredoxin-like domain; Thioredoxin-like	GO:0016209;GO:0016491
558269	fig|6666666.1036479.peg.420	fig|6666666.1036479.peg.748	0.6076875627040863	0.4103636731168568	Very Low	Very Low	Very Low–Very Low			0	no STRING match	no STRING match	2153	2304	1	1	4HBT	Thioesterase superfamily		CoaE	Dephospho-CoA kinase	GO:0004140;GO:0005524;GO:0015937
559178	fig|6666666.1036479.peg.64	fig|6666666.1036479.peg.2191	0.607425206899643	0.4110318466655641	Very Low	Low	Very Low–Low			0	no STRING match	no STRING match	2042	2934	1	1	FdtA	WxcM-like, C-terminal		Flavodoxin_2;FMN_red	Flavodoxin-like fold; NADPH-dependent FMN reductase	GO:0016491
559499	fig|6666666.1036479.peg.748	fig|6666666.1036479.peg.1330	0.6073217689990997	0.4112678023411801	Very Low	Very Low	Very Low–Very Low			0	no STRING match	no STRING match	2304	2547	1	1	CoaE	Dephospho-CoA kinase	GO:0004140;GO:0005524;GO:0015937	DHFR_1	Dihydrofolate reductase	GO:0004146;GO:0046654
560224	fig|6666666.1036479.peg.2802	fig|6666666.1036479.peg.696	0.6071227669715882	0.4118007240384438	Very Low	Very Low	Very Low–Very Low			0	no STRING match	no STRING match	1757	2265	1	1	CobU	Cobinamide kinase / cobinamide phosphate guanyltransferase	GO:0000166;GO:0009236;GO:0043752	CTP_transf_like	Cytidylyltransferase-like	GO:0003824;GO:0009058
560542	fig|6666666.1036479.peg.3088	fig|6666666.1036479.peg.227	0.6070434868335723	0.4120344745208298	Very Low	Very Low	Very Low–Very Low		Putative bifunctional UDP-N-acetylmuramoyl-tripeptide:D-alanyl-D-alanine ligase/alanine racemase; Catalyzes the interconversion of L-alanine and D-alanine. May also act on other amino acids; Belongs to the alanine racemase family.	0	no STRING match	secondary STRING hit (STRING protein assigned to a better match)	1906	2084	1	1	Acetyltransf_1;Acetyltransf_10;Acetyltransf_7;FR47	Acetyltransferase (GNAT) family; Acetyltransferase (GNAT) domain; FR47-like protein	GO:0016747	Mur_ligase_M	Mur ligase middle domain	GO:0005524;GO:0009058;GO:0016881
560875	fig|6666666.1036479.peg.625	fig|6666666.1036479.peg.2308	0.6069803595542907	0.4122792509693662	Very Low	Very Low	Very Low–Very Low			0	no STRING match	no STRING match	2234	2970	1	1	Virulence_RhuM	Virulence protein RhuM family		Ribosomal_L27	Ribosomal L27 protein	GO:0003735;GO:0005840;GO:0006412
561956	fig|6666666.1036479.peg.2856	fig|6666666.1036479.peg.2051	0.6067040026187897	0.4130738555965966	Medium	Very Low	Very Low–Medium			0	no STRING match	no STRING match	1791	2852	1	1	Beta-lactamase	Beta-lactamase		Bactofilin	Polymer-forming cytoskeletal	
562053	fig|6666666.1036479.peg.696	fig|6666666.1036479.peg.2034	0.6066830337047577	0.4131451568443685	Very Low	Very Low	Very Low–Very Low			0	no STRING match	no STRING match	2265	2848	1	1	CTP_transf_like	Cytidylyltransferase-like	GO:0003824;GO:0009058	dTDP_sugar_isom	dTDP-4-dehydrorhamnose 3,5-epimerase	GO:0008830
563771	fig|6666666.1036479.peg.1646	fig|6666666.1036479.peg.2297	0.6061912715435028	0.414407997500781	Very Low	Very Low	Very Low–Very Low	Hypothetical protein.		0	secondary STRING hit (STRING protein assigned to a better match)	no STRING match	2700	2964	2	1	MTBMA_p00010_2nd	MTBMA_p00010 P-loop domain				
563825	fig|6666666.1036479.peg.229	fig|6666666.1036479.peg.2055	0.6061779975891113	0.414447690978922	Low	High	Low–High			0	no STRING match	no STRING match	2085	2855	1	1	MscL	Large-conductance mechanosensitive channel, MscL		ATP-synt_C	ATP synthase subunit C	GO:0015078;GO:0033177;GO:1902600
563826	fig|6666666.1036479.peg.3088	fig|6666666.1036479.peg.1563	0.60617795586586	0.414448426043332	Very Low	Very Low	Very Low–Very Low			0	no STRING match	no STRING match	1906	2656	1	1	Acetyltransf_1;Acetyltransf_10;Acetyltransf_7;FR47	Acetyltransferase (GNAT) family; Acetyltransferase (GNAT) domain; FR47-like protein	GO:0016747	PemK_toxin	PemK-like, MazF-like toxin of type II toxin-antitoxin system	GO:0003677
563967	fig|6666666.1036479.peg.1108	fig|6666666.1036479.peg.1353	0.6061406612396241	0.4145520701251447	Very Low	Very Low	Very Low–Very Low			0	no STRING match	no STRING match	2440	2562	1	1						
564078	fig|6666666.1036479.peg.3250	fig|6666666.1036479.peg.625	0.6061180889606476	0.4146336622746568	Very Low	Very Low	Very Low–Very Low			0	no STRING match	no STRING match	2000	2234	1	1				Virulence_RhuM	Virulence protein RhuM family	
564220	fig|6666666.1036479.peg.506	fig|6666666.1036479.peg.2342	0.6060854256153106	0.4147380414208795	Medium	Very Low	Very Low–Medium			0	no STRING match	no STRING match	2183	2989	1	1	YceI	YceI-like domain		Cytochrome_CBB3;Cytochrom_C	Cytochrome C oxidase, cbb3-type, subunit III; Cytochrome c	GO:0009055;GO:0020037
567806	fig|6666666.1036479.peg.517	fig|6666666.1036479.peg.1507	0.6051227867603302	0.4173739823952074	Very Low	Very Low	Very Low–Very Low			0	no STRING match	no STRING match	2186	2628	1	1	Cons_hypoth95;MTS;Methyltransf_31;Methyltransf_15;Methyltransf_25	Conserved hypothetical protein 95; Methyltransferase small domain; Methyltransferase domain; RNA cap guanine-N2 methyltransferase	GO:0001510;GO:0008168;GO:0036261	RuvA_N;HHH_5;RuvA_C	RuvA N terminal domain; SAM-like Helix-hairpin-helix tandem; RuvA, C-terminal domain	GO:0005524;GO:0006281;GO:0006310;GO:0009378;GO:0009379
568244	fig|6666666.1036479.peg.1353	fig|6666666.1036479.peg.2448	0.6050045013427734	0.4176959406067956	Very Low	Very Low	Very Low–Very Low			0	no STRING match	no STRING match	2562	3026	1	1				Tyr_Deacylase	D-Tyr-tRNA(Tyr) deacylase	GO:0002161;GO:0005737;GO:0051499
568280	fig|6666666.1036479.peg.3019	fig|6666666.1036479.peg.1565	0.6049920201301575	0.4177224029255563	Very Low	Very Low	Very Low–Very Low			0	no STRING match	no STRING match	1877	2658	1	1						
568288	fig|6666666.1036479.peg.3115	fig|6666666.1036479.peg.631	0.6049876570701599	0.4177282834408365	Very Low	Low	Very Low–Low			0	no STRING match	no STRING match	1916	2236	1	1	FGGY_N	FGGY family of carbohydrate kinases, N-terminal domain	GO:0005975;GO:0016301	DAGK_prokar	Prokaryotic diacylglycerol kinase	GO:0008654;GO:0016020;GO:0016301
568496	fig|6666666.1036479.peg.562	fig|6666666.1036479.peg.2309	0.6049328088760376	0.4178811768381204	Very Low	Very Low	Very Low–Very Low			0	no STRING match	no STRING match	2206	2971	1	1	CMD	Carboxymuconolactone decarboxylase family		PTPS	6-pyruvoyl tetrahydropterin synthase	
570171	fig|6666666.1036479.peg.1330	fig|6666666.1036479.peg.1896	0.6044778287410736	0.4191124097249021	Very Low	Very Low	Very Low–Very Low			0	no STRING match	no STRING match	2547	2786	1	1	DHFR_1	Dihydrofolate reductase	GO:0004146;GO:0046654	FolB	Dihydroneopterin aldolase	GO:0004150;GO:0006760
570256	fig|6666666.1036479.peg.2060	fig|6666666.1036479.peg.2223	0.6044527649879455	0.4191748901997537	Very Low	Very Low	Very Low–Very Low			0	no STRING match	no STRING match	2858	2939	1	1	Lum_binding;Lum_binding	Lumazine binding domain		RNase_H	RNase H	GO:0003676;GO:0004523
570271	fig|6666666.1036479.peg.1923	fig|6666666.1036479.peg.2191	0.6044480085372925	0.419185916165904	Low	Low	Low–Low			0	no STRING match	no STRING match	2797	2934	1	1				Flavodoxin_2;FMN_red	Flavodoxin-like fold; NADPH-dependent FMN reductase	GO:0016491
570367	fig|6666666.1036479.peg.2544	fig|6666666.1036479.peg.3088	0.6044151723384857	0.4192564823492659	Very Low	Very Low	Very Low–Very Low			0	no STRING match	no STRING match	1637	1906	6	1	HTH_21;rve;rve_3;rve_2	HTH-like domain; Integrase core domain	GO:0015074	Acetyltransf_1;Acetyltransf_10;Acetyltransf_7;FR47	Acetyltransferase (GNAT) family; Acetyltransferase (GNAT) domain; FR47-like protein	GO:0016747
571191	fig|6666666.1036479.peg.2655	fig|6666666.1036479.peg.715	0.6041934370994568	0.4198621754231214	Medium	Low	Low–Medium			0	no STRING match	no STRING match	1698	2274	1	1	NosL	NosL				
571755	fig|6666666.1036479.peg.3245	fig|6666666.1036479.peg.1907	0.604032289981842	0.4202767517503721	Very Low	Very Low	Very Low–Very Low			0	no STRING match	no STRING match	1995	2791	3	1	Phage_Mu_Gp36	Bacteriophage Mu, Gp36		Band_7_1;Band_7;GYF_2	SPFH domain-Band 7 family; SPFH domain / Band 7 family; GYF domain 2	
572141	fig|6666666.1036479.peg.243	fig|6666666.1036479.peg.1233	0.6039202570915222	0.4205604866126394	Very Low	Very Low	Very Low–Very Low			0	no STRING match	no STRING match	2091	2508	1	1				DnaJ;KTSC	DnaJ domain; KTSC domain	
572490	fig|6666666.1036479.peg.2652	fig|6666666.1036479.peg.506	0.6038231253623962	0.420817024091736	Medium	Medium	Medium–Medium			0	no STRING match	no STRING match	1696	2183	1	1	Cytochrome_CBB3;Cytochrom_C	Cytochrome C oxidase, cbb3-type, subunit III; Cytochrome c	GO:0009055;GO:0020037	YceI	YceI-like domain	
572608	fig|6666666.1036479.peg.2034	fig|6666666.1036479.peg.2309	0.6037932932376862	0.4209037616921183	Very Low	Very Low	Very Low–Very Low			0	no STRING match	no STRING match	2848	2971	1	1	dTDP_sugar_isom	dTDP-4-dehydrorhamnose 3,5-epimerase	GO:0008830	PTPS	6-pyruvoyl tetrahydropterin synthase	
572696	fig|6666666.1036479.peg.3242	fig|6666666.1036479.peg.2308	0.603765857219696	0.4209684473601999	Very Low	Very Low	Very Low–Very Low			0	no STRING match	no STRING match	1992	2970	3	1	Phage_Mu_F	Phage Mu protein F like protein		Ribosomal_L27	Ribosomal L27 protein	GO:0003735;GO:0005840;GO:0006412
572930	fig|6666666.1036479.peg.457	fig|6666666.1036479.peg.2330	0.603715854883194	0.4211404524321444	Very Low	Very Low	Very Low–Very Low			0	no STRING match	no STRING match	2167	2983	1	1	Sigma70_r2;Sigma70_r4_2;Sigma70_r4	Sigma-70 region 2; Sigma-70, region 4	GO:0003677;GO:0003700;GO:0006352;GO:0006355;GO:0016987	ORF6N	ORF6N domain	
573525	fig|6666666.1036479.peg.64	fig|6666666.1036479.peg.1923	0.6035579085350037	0.4215778157561056	Very Low	Low	Very Low–Low			0	no STRING match	no STRING match	2042	2797	1	1	FdtA	WxcM-like, C-terminal				
573880	fig|6666666.1036479.peg.2652	fig|6666666.1036479.peg.513	0.6034405052661895	0.4218387636216623	Medium	Medium	Medium–Medium			0	no STRING match	no STRING match	1696	2185	1	1	Cytochrome_CBB3;Cytochrom_C	Cytochrome C oxidase, cbb3-type, subunit III; Cytochrome c	GO:0009055;GO:0020037	HYDIN_VesB_CFA65-like_Ig;DUF1573	HYDIN/CFA65/VesB-like, Ig-like domain; Protein of unknown function (DUF1573)	
574039	fig|6666666.1036479.peg.3088	fig|6666666.1036479.peg.1585	0.6033957004547119	0.4219556388628553	Very Low	Very Low	Very Low–Very Low			0	no STRING match	no STRING match	1906	2675	1	1	Acetyltransf_1;Acetyltransf_10;Acetyltransf_7;FR47	Acetyltransferase (GNAT) family; Acetyltransferase (GNAT) domain; FR47-like protein	GO:0016747	HTH_21;rve	HTH-like domain; Integrase core domain	GO:0015074
574991	fig|6666666.1036479.peg.588	fig|6666666.1036479.peg.2410	0.6031335115432739	0.4226554201811934	Very Low	Very Low	Very Low–Very Low			0	no STRING match	no STRING match	2217	3012	1	1	HxlR	HxlR-like helix-turn-helix		MarR_2;MarR	MarR family	GO:0003700;GO:0006355
575515	fig|6666666.1036479.peg.3115	fig|6666666.1036479.peg.2191	0.6029862701892853	0.4230405939320433	Very Low	Low	Very Low–Low			0	no STRING match	no STRING match	1916	2934	1	1	FGGY_N	FGGY family of carbohydrate kinases, N-terminal domain	GO:0005975;GO:0016301	Flavodoxin_2;FMN_red	Flavodoxin-like fold; NADPH-dependent FMN reductase	GO:0016491
575590	fig|6666666.1036479.peg.64	fig|6666666.1036479.peg.808	0.6029700458049774	0.4230957237627947	Very Low	Very Low	Very Low–Very Low			0	no STRING match	no STRING match	2042	2326	1	1	FdtA	WxcM-like, C-terminal		GGACT	Gamma-glutamyl cyclotransferase, AIG2-like	
575591	fig|6666666.1036479.peg.613	fig|6666666.1036479.peg.931	0.6029698073863983	0.4230964588272047	Low	Medium	Low–Medium			0	no STRING match	no STRING match	2228	2384	1	1	Thioredoxin	Thioredoxin		Thioredoxin_9;AhpC-TSA;Redoxin;Thioredoxin;Thioredoxin_2;Thioredoxin_8	Thioredoxin; AhpC/TSA family; Redoxin; Thioredoxin-like domain; Thioredoxin-like	GO:0016209;GO:0016491
575922	fig|6666666.1036479.peg.506	fig|6666666.1036479.peg.1441	0.6028860211372375	0.423339765146921	Medium	Medium	Medium–Medium			0	no STRING match	no STRING match	2183	2603	1	1	YceI	YceI-like domain		HYDIN_VesB_CFA65-like_Ig;DUF1573	HYDIN/CFA65/VesB-like, Ig-like domain; Protein of unknown function (DUF1573)	
576046	fig|6666666.1036479.peg.2856	fig|6666666.1036479.peg.2107	0.602853411436081	0.4234309131337633	Medium	Very Low	Very Low–Medium			0	no STRING match	no STRING match	1791	2879	1	1	Beta-lactamase	Beta-lactamase		DUF2345	Uncharacterized protein conserved in bacteria (DUF2345)	
576239	fig|6666666.1036479.peg.243	fig|6666666.1036479.peg.457	0.6027954578399658	0.423572780564897	Very Low	Very Low	Very Low–Very Low			0	no STRING match	no STRING match	2091	2167	1	1				Sigma70_r2;Sigma70_r4_2;Sigma70_r4	Sigma-70 region 2; Sigma-70, region 4	GO:0003677;GO:0003700;GO:0006352;GO:0006355;GO:0016987
576751	fig|6666666.1036479.peg.715	fig|6666666.1036479.peg.1585	0.602634608745575	0.4239491335428267	Low	Very Low	Very Low–Low			0	no STRING match	no STRING match	2274	2675	1	1				HTH_21;rve	HTH-like domain; Integrase core domain	GO:0015074
576767	fig|6666666.1036479.peg.1101	fig|6666666.1036479.peg.2191	0.6026295363903046	0.423960894573387	Low	Low	Low–Low	Endonuclease V; COG1515 Deoxyinosine 3'endonuclease (endonuclease V).		0	secondary STRING hit (STRING protein assigned to a better match)	no STRING match	2433	2934	1	1	Endonuclease_5	Endonuclease V	GO:0004519	Flavodoxin_2;FMN_red	Flavodoxin-like fold; NADPH-dependent FMN reductase	GO:0016491
576889	fig|6666666.1036479.peg.1001	fig|6666666.1036479.peg.2410	0.6025947451591491	0.4240505724314093	Low	Very Low	Very Low–Low			0	no STRING match	no STRING match	2398	3012	1	1	Rrf2	Iron-dependent Transcriptional regulator		MarR_2;MarR	MarR family	GO:0003700;GO:0006355
577438	fig|6666666.1036479.peg.1539	fig|6666666.1036479.peg.2112	0.6024482131004334	0.4244541227925097	Very Low	Very Low	Very Low–Very Low			0	no STRING match	no STRING match	2643	2883	1	1	RimM;PRC_RimM	RimM N-terminal domain; RimM PRC barrel domain	GO:0006364	RecX_HTH2;RecX_HTH3	RecX, second three-helix domain; RecX, third three-helix domain	
578580	fig|6666666.1036479.peg.558	fig|6666666.1036479.peg.2107	0.6021503746509552	0.4252935663487513	Low	Very Low	Very Low–Low			0	no STRING match	no STRING match	2203	2879	1	1	cNMP_binding	Cyclic nucleotide-binding domain		DUF2345	Uncharacterized protein conserved in bacteria (DUF2345)	
578792	fig|6666666.1036479.peg.3245	fig|6666666.1036479.peg.796	0.602093654870987	0.4254494000036753	Very Low	Very Low	Very Low–Very Low			0	no STRING match	no STRING match	1995	2321	3	1	Phage_Mu_Gp36	Bacteriophage Mu, Gp36		DUF2853	Protein of unknown function (DUF2853)	
578817	fig|6666666.1036479.peg.1309	fig|6666666.1036479.peg.1535	0.6020830750465394	0.4254677766139258	Very Low	Very Low	Very Low–Very Low			0	no STRING match	no STRING match	2533	2641	1	1	NIR_SIR_ferr;NIR_SIR;NIR_SIR_ferr	Nitrite/Sulfite reductase ferredoxin-like half domain; Nitrite and sulphite reductase 4Fe-4S domain	GO:0016491;GO:0020037;GO:0051536	Thioredoxin;Thioredoxin_9;Thioredoxin_2	Thioredoxin; Thioredoxin-like domain	
578868	fig|6666666.1036479.peg.513	fig|6666666.1036479.peg.927	0.6020700812339783	0.4255052648988368	Medium	Medium	Medium–Medium			0	no STRING match	no STRING match	2185	2382	1	1	HYDIN_VesB_CFA65-like_Ig;DUF1573	HYDIN/CFA65/VesB-like, Ig-like domain; Protein of unknown function (DUF1573)		ANAPC3	Anaphase-promoting complex, cyclosome, subunit 3	
579313	fig|6666666.1036479.peg.3245	fig|6666666.1036479.peg.1233	0.6019603669643402	0.4258323685612952	Very Low	Very Low	Very Low–Very Low			0	no STRING match	no STRING match	1995	2508	3	1	Phage_Mu_Gp36	Bacteriophage Mu, Gp36		DnaJ;KTSC	DnaJ domain; KTSC domain	
579482	fig|6666666.1036479.peg.2296	fig|6666666.1036479.peg.2391	0.6019066870212555	0.4259565944465884	Medium	Medium	Medium–Medium			0	no STRING match	no STRING match	2963	3002	1	1				DUF6370	Family of unknown function (DUF6370)	
579578	fig|6666666.1036479.peg.3019	fig|6666666.1036479.peg.1116	0.6018727958202362	0.4260271606299502	Very Low	Very Low	Very Low–Very Low			0	no STRING match	no STRING match	1877	2447	1	1						
579596	fig|6666666.1036479.peg.1521	fig|6666666.1036479.peg.1700	0.6018649101257324	0.4260403917893305	Low	Low	Low–Low			0	no STRING match	no STRING match	2634	2720	1	1	Rv0495c	Rv0495c-like		Disulph_isomer	Disulphide isomerase	
580244	fig|6666666.1036479.peg.3135	fig|6666666.1036479.peg.64	0.6016881346702576	0.4265167135270228	Very Low	Very Low	Very Low–Very Low	Hypothetical protein.		0	secondary STRING hit (STRING protein assigned to a better match)	no STRING match	1924	2042	1	1	Methyltransf_30	S-adenosyl-L-methionine-dependent methyltransferase	GO:0016645	FdtA	WxcM-like, C-terminal	
580428	fig|6666666.1036479.peg.1095	fig|6666666.1036479.peg.2332	0.6016365706920623	0.4266519653784663	High	High	High–High	Multiple antibiotic resistance (MarC)-like protein; COG2095 Multiple antibiotic transporter.		0	secondary STRING hit (STRING protein assigned to a better match)	no STRING match	2430	2985	1	1	MarC	MarC family integral membrane protein	GO:0016020	Oxidored_q3	NADH-ubiquinone/plastoquinone oxidoreductase chain 6	GO:0008137
580493	fig|6666666.1036479.peg.2544	fig|6666666.1036479.peg.1075	0.6016190767288208	0.4266997445651175	Very Low	Very Low	Very Low–Very Low		Asparagine synthetase B; COG0367 Asparagine synthase (glutamine-hydrolyzing).	0	no STRING match	secondary STRING hit (STRING protein assigned to a better match)	1637	2419	6	1	HTH_21;rve;rve_3;rve_2	HTH-like domain; Integrase core domain	GO:0015074	GATase_6;GATase_7;Asn_synthase	Glutamine amidotransferase domain; Asparagine synthase	
581024	fig|6666666.1036479.peg.2896	fig|6666666.1036479.peg.625	0.6014771878719329	0.4270900637668375	Very Low	Very Low	Very Low–Very Low			0	no STRING match	no STRING match	1818	2234	1	1	GmrSD_N;GmrSD_C	GmrSD restriction endonuclease, N-terminal domain; GmrSD restriction endonucleases, C-terminal domain		Virulence_RhuM	Virulence protein RhuM family	
581628	fig|6666666.1036479.peg.574	fig|6666666.1036479.peg.2191	0.6013102054595947	0.427534042670489	Very Low	Low	Very Low–Low			0	no STRING match	no STRING match	2211	2934	1	1	BrxC	Monothiol bacilliredoxin BrxC		Flavodoxin_2;FMN_red	Flavodoxin-like fold; NADPH-dependent FMN reductase	GO:0016491
581752	fig|6666666.1036479.peg.67	fig|6666666.1036479.peg.517	0.6012753069400787	0.4276251906573313	Very Low	Very Low	Very Low–Very Low			0	no STRING match	no STRING match	2043	2186	1	1	SPOUT_MTase	Predicted SPOUT methyltransferase	GO:0006364;GO:0008168	Cons_hypoth95;MTS;Methyltransf_31;Methyltransf_15;Methyltransf_25	Conserved hypothetical protein 95; Methyltransferase small domain; Methyltransferase domain; RNA cap guanine-N2 methyltransferase	GO:0001510;GO:0008168;GO:0036261
581939	fig|6666666.1036479.peg.558	fig|6666666.1036479.peg.677	0.6012230217456818	0.4277626477020049	Low	Very Low	Very Low–Low			0	no STRING match	no STRING match	2203	2255	1	1	cNMP_binding	Cyclic nucleotide-binding domain		Penicillinase_R	Penicillinase repressor	GO:0003677;GO:0045892
582130	fig|6666666.1036479.peg.715	fig|6666666.1036479.peg.2296	0.6011748492717743	0.4279030450043185	Low	Medium	Low–Medium			0	no STRING match	no STRING match	2274	2963	1	1						
582246	fig|6666666.1036479.peg.1001	fig|6666666.1036479.peg.1563	0.6011493146419525	0.4279883124758807	Low	Very Low	Very Low–Low			0	no STRING match	no STRING match	2398	2656	1	1	Rrf2	Iron-dependent Transcriptional regulator		PemK_toxin	PemK-like, MazF-like toxin of type II toxin-antitoxin system	GO:0003677
582278	fig|6666666.1036479.peg.1563	fig|6666666.1036479.peg.2410	0.6011402189731598	0.4280118345370013	Very Low	Very Low	Very Low–Very Low			0	no STRING match	no STRING match	2656	3012	1	1	PemK_toxin	PemK-like, MazF-like toxin of type II toxin-antitoxin system	GO:0003677	MarR_2;MarR	MarR family	GO:0003700;GO:0006355
582949	fig|6666666.1036479.peg.2112	fig|6666666.1036479.peg.2330	0.6009622871875763	0.428505062756124	Very Low	Very Low	Very Low–Very Low			0	no STRING match	no STRING match	2883	2983	1	1	RecX_HTH2;RecX_HTH3	RecX, second three-helix domain; RecX, third three-helix domain		ORF6N	ORF6N domain	
583151	fig|6666666.1036479.peg.28	fig|6666666.1036479.peg.47	0.6009169101715088	0.4286535457669478	Very Low	Very Low	Very Low–Very Low			0	no STRING match	no STRING match	2015	2034	2	1				DUF8506	Domain of unknown function (DUF8506)	
583314	fig|6666666.1036479.peg.470	fig|6666666.1036479.peg.1563	0.6008850276470185	0.4287733612657809	Low	Very Low	Very Low–Low			0	no STRING match	no STRING match	2173	2656	1	1	HSDR_N;HSDR_N_2	Type I restriction enzyme R protein N terminus (HSDR_N)	GO:0003677;GO:0004519;GO:0006304	PemK_toxin	PemK-like, MazF-like toxin of type II toxin-antitoxin system	GO:0003677
583694	fig|6666666.1036479.peg.243	fig|6666666.1036479.peg.1646	0.6007750928401947	0.4290526857415881	Very Low	Very Low	Very Low–Very Low		Hypothetical protein.	0	no STRING match	secondary STRING hit (STRING protein assigned to a better match)	2091	2700	1	2				MTBMA_p00010_2nd	MTBMA_p00010 P-loop domain	
584188	fig|6666666.1036479.peg.2720	fig|6666666.1036479.peg.470	0.6006159782409668	0.4294158075601375	Very Low	Low	Very Low–Low			0	no STRING match	no STRING match	1723	2173	1	1	Acetyltransf_3;Acetyltransf_1	Acetyltransferase (GNAT) domain; Acetyltransferase (GNAT) family	GO:0016747	HSDR_N;HSDR_N_2	Type I restriction enzyme R protein N terminus (HSDR_N)	GO:0003677;GO:0004519;GO:0006304
584703	fig|6666666.1036479.peg.1248	fig|6666666.1036479.peg.1539	0.6004864275455475	0.4297943657312972	Very Low	Very Low	Very Low–Very Low			0	no STRING match	no STRING match	2515	2643	1	1				RimM;PRC_RimM	RimM N-terminal domain; RimM PRC barrel domain	GO:0006364
584710	fig|6666666.1036479.peg.604	fig|6666666.1036479.peg.2410	0.6004851579666137	0.4297995111821673	Very Low	Very Low	Very Low–Very Low			0	no STRING match	no STRING match	2223	3012	1	1	MarR;HTH_27;MarR_2;Staph_reg_Sar_Rot	MarR family; Winged helix DNA-binding domain; Transcriptional regulator SarA/Rot	GO:0003700;GO:0006355	MarR_2;MarR	MarR family	GO:0003700;GO:0006355
585844	fig|6666666.1036479.peg.2871	fig|6666666.1036479.peg.558	0.6001759767532349	0.4306330742231288	Very Low	Low	Very Low–Low			0	no STRING match	no STRING match	1799	2203	1	1	DUF1569	Protein of unknown function (DUF1569)		cNMP_binding	Cyclic nucleotide-binding domain	
586031	fig|6666666.1036479.peg.2871	fig|6666666.1036479.peg.594	0.6001231253147126	0.4307705312678023	Very Low	High	Very Low–High			0	no STRING match	no STRING match	1799	2219	1	1	DUF1569	Protein of unknown function (DUF1569)		Acyltransferase	Acyltransferase	GO:0016746
587578	fig|6666666.1036479.peg.677	fig|6666666.1036479.peg.2330	0.5997170209884644	0.4319076759101016	Very Low	Very Low	Very Low–Very Low			0	no STRING match	no STRING match	2255	2983	1	1	Penicillinase_R	Penicillinase repressor	GO:0003677;GO:0045892	ORF6N	ORF6N domain	
587857	fig|6666666.1036479.peg.2934	fig|6666666.1036479.peg.2324	0.5996372044086457	0.4321127588804969	Very Low	Very Low	Very Low–Very Low			0	no STRING match	no STRING match	1835	2980	1	1	PDDEXK_4	PD-(D/E)XK nuclease superfamily		AAA_15;AAA_21	AAA ATPase domain; AAA domain, putative AbiEii toxin, Type IV TA system	GO:0005524;GO:0016887
588045	fig|6666666.1036479.peg.1075	fig|6666666.1036479.peg.1585	0.5995881259441376	0.4322509509895804	Very Low	Very Low	Very Low–Very Low	Asparagine synthetase B; COG0367 Asparagine synthase (glutamine-hydrolyzing).		0	secondary STRING hit (STRING protein assigned to a better match)	no STRING match	2419	2675	1	1	GATase_6;GATase_7;Asn_synthase	Glutamine amidotransferase domain; Asparagine synthase		HTH_21;rve	HTH-like domain; Integrase core domain	GO:0015074
588265	fig|6666666.1036479.peg.2856	fig|6666666.1036479.peg.2871	0.5995250463485717	0.4324126651597846	Medium	Very Low	Very Low–Medium			0	no STRING match	no STRING match	1791	1799	1	1	Beta-lactamase	Beta-lactamase		DUF1569	Protein of unknown function (DUF1569)	
588319	fig|6666666.1036479.peg.715	fig|6666666.1036479.peg.1101	0.5995078802108764	0.4324523586379256	Low	Low	Low–Low		Endonuclease V; COG1515 Deoxyinosine 3'endonuclease (endonuclease V).	0	no STRING match	secondary STRING hit (STRING protein assigned to a better match)	2274	2433	1	1				Endonuclease_5	Endonuclease V	GO:0004519
588554	fig|6666666.1036479.peg.1309	fig|6666666.1036479.peg.1340	0.5994383513927459	0.43262509877428	Very Low	Very Low	Very Low–Very Low			0	no STRING match	no STRING match	2533	2551	1	1	NIR_SIR_ferr;NIR_SIR;NIR_SIR_ferr	Nitrite/Sulfite reductase ferredoxin-like half domain; Nitrite and sulphite reductase 4Fe-4S domain	GO:0016491;GO:0020037;GO:0051536	Pyrophosphatase	Inorganic pyrophosphatase	GO:0000287;GO:0004427;GO:0005737;GO:0006796
588604	fig|6666666.1036479.peg.47	fig|6666666.1036479.peg.1233	0.5994227051734924	0.432661851994781	Very Low	Very Low	Very Low–Very Low			0	no STRING match	no STRING match	2034	2508	1	1	DUF8506	Domain of unknown function (DUF8506)		DnaJ;KTSC	DnaJ domain; KTSC domain	
589126	fig|6666666.1036479.peg.470	fig|6666666.1036479.peg.1001	0.5992798864841461	0.4330455556168109	Low	Low	Low–Low			0	no STRING match	no STRING match	2173	2398	1	1	HSDR_N;HSDR_N_2	Type I restriction enzyme R protein N terminus (HSDR_N)	GO:0003677;GO:0004519;GO:0006304	Rrf2	Iron-dependent Transcriptional regulator	
589351	fig|6666666.1036479.peg.2896	fig|6666666.1036479.peg.1248	0.599223256111145	0.4332109451090651	Very Low	Very Low	Very Low–Very Low			0	no STRING match	no STRING match	1818	2515	1	1	GmrSD_N;GmrSD_C	GmrSD restriction endonuclease, N-terminal domain; GmrSD restriction endonucleases, C-terminal domain				
589396	fig|6666666.1036479.peg.574	fig|6666666.1036479.peg.926	0.5992072820663452	0.433244023007516	Very Low	Very Low	Very Low–Very Low			0	no STRING match	no STRING match	2211	2381	1	1	BrxC	Monothiol bacilliredoxin BrxC		4HBT_2;4HBT	Thioesterase-like superfamily; Thioesterase superfamily	
589612	fig|6666666.1036479.peg.2767	fig|6666666.1036479.peg.3019	0.5991491377353668	0.4334027969200801	Very Low	Very Low	Very Low–Very Low			0	no STRING match	no STRING match	1743	1877	1	1	Ribosomal_L31	Ribosomal protein L31	GO:0003735;GO:0005840;GO:0006412			
589756	fig|6666666.1036479.peg.808	fig|6666666.1036479.peg.2468	0.5991024553775788	0.4335086461951228	Very Low	Very Low	Very Low–Very Low			0	no STRING match	no STRING match	2326	3039	1	1	GGACT	Gamma-glutamyl cyclotransferase, AIG2-like		Cupin_2	Cupin domain	
589770	fig|6666666.1036479.peg.2802	fig|6666666.1036479.peg.1330	0.5990986108779908	0.4335189370968631	Very Low	Very Low	Very Low–Very Low			0	no STRING match	no STRING match	1757	2547	1	1	CobU	Cobinamide kinase / cobinamide phosphate guanyltransferase	GO:0000166;GO:0009236;GO:0043752	DHFR_1	Dihydrofolate reductase	GO:0004146;GO:0046654
589864	fig|6666666.1036479.peg.1198	fig|6666666.1036479.peg.1565	0.5990713000297546	0.4335880331514049	Low	Very Low	Very Low–Low			0	no STRING match	no STRING match	2494	2658	1	1						
590092	fig|6666666.1036479.peg.301	fig|6666666.1036479.peg.470	0.5990197420120239	0.4337556278368892	Very Low	Low	Very Low–Low			0	no STRING match	no STRING match	2115	2173	1	1	MethyltransfD12	D12 class N6 adenine-specific DNA methyltransferase	GO:0009007;GO:0009307	HSDR_N;HSDR_N_2	Type I restriction enzyme R protein N terminus (HSDR_N)	GO:0003677;GO:0004519;GO:0006304
590167	fig|6666666.1036479.peg.1630	fig|6666666.1036479.peg.2297	0.5990066051483154	0.4338107576676406	Very Low	Very Low	Very Low–Very Low	Hypothetical protein.		0	secondary STRING hit (STRING protein assigned to a better match)	no STRING match	2692	2964	2	1	MTBMA_p00010_2nd	MTBMA_p00010 P-loop domain				
590733	fig|6666666.1036479.peg.1248	fig|6666666.1036479.peg.1507	0.5988439381122589	0.4342268041237113	Very Low	Very Low	Very Low–Very Low			0	no STRING match	no STRING match	2515	2628	1	1				RuvA_N;HHH_5;RuvA_C	RuvA N terminal domain; SAM-like Helix-hairpin-helix tandem; RuvA, C-terminal domain	GO:0005524;GO:0006281;GO:0006310;GO:0009378;GO:0009379
590926	fig|6666666.1036479.peg.796	fig|6666666.1036479.peg.1767	0.5987938821315766	0.434368671554845	Very Low	Very Low	Very Low–Very Low			0	no STRING match	no STRING match	2321	2741	1	1	DUF2853	Protein of unknown function (DUF2853)				
591350	fig|6666666.1036479.peg.1569	fig|6666666.1036479.peg.1767	0.5986835777759552	0.434680338864693	Very Low	Very Low	Very Low–Very Low			0	no STRING match	no STRING match	2662	2741	1	1						
591723	fig|6666666.1036479.peg.513	fig|6666666.1036479.peg.2342	0.5985806703567504	0.4349545178896301	Medium	Very Low	Very Low–Medium			0	no STRING match	no STRING match	2185	2989	1	1	HYDIN_VesB_CFA65-like_Ig;DUF1573	HYDIN/CFA65/VesB-like, Ig-like domain; Protein of unknown function (DUF1573)		Cytochrome_CBB3;Cytochrom_C	Cytochrome C oxidase, cbb3-type, subunit III; Cytochrome c	GO:0009055;GO:0020037
591760	fig|6666666.1036479.peg.1330	fig|6666666.1036479.peg.2060	0.5985735595226288	0.4349817152728008	Very Low	Very Low	Very Low–Very Low			0	no STRING match	no STRING match	2547	2858	1	1	DHFR_1	Dihydrofolate reductase	GO:0004146;GO:0046654	Lum_binding;Lum_binding	Lumazine binding domain	
591928	fig|6666666.1036479.peg.3242	fig|6666666.1036479.peg.3250	0.598523098230362	0.4351052060936839	Very Low	Very Low	Very Low–Very Low			0	no STRING match	no STRING match	1992	2000	3	1	Phage_Mu_F	Phage Mu protein F like protein				
592396	fig|6666666.1036479.peg.1310	fig|6666666.1036479.peg.1535	0.5984047234058381	0.4354492162375728	Very Low	Very Low	Very Low–Very Low			0	no STRING match	no STRING match	2534	2641	1	1	Flavodoxin_1;FAD_binding_1;NAD_binding_1	Flavodoxin; FAD binding domain; Oxidoreductase NAD-binding domain	GO:0010181;GO:0016491	Thioredoxin;Thioredoxin_9;Thioredoxin_2	Thioredoxin; Thioredoxin-like domain	
592524	fig|6666666.1036479.peg.2802	fig|6666666.1036479.peg.420	0.5983665585517883	0.4355433044820552	Very Low	Very Low	Very Low–Very Low			0	no STRING match	no STRING match	1757	2153	1	1	CobU	Cobinamide kinase / cobinamide phosphate guanyltransferase	GO:0000166;GO:0009236;GO:0043752	4HBT	Thioesterase superfamily	
592658	fig|6666666.1036479.peg.2934	fig|6666666.1036479.peg.1561	0.5983227252960205	0.4356418031129977	Very Low	Very Low	Very Low–Very Low			0	no STRING match	no STRING match	1835	2654	1	1	PDDEXK_4	PD-(D/E)XK nuclease superfamily		DDE_Tnp_IS1595	ISXO2-like transposase domain	
593027	fig|6666666.1036479.peg.2767	fig|6666666.1036479.peg.796	0.5982288002967835	0.4359130418802948	Very Low	Very Low	Very Low–Very Low			0	no STRING match	no STRING match	1743	2321	1	1	Ribosomal_L31	Ribosomal protein L31	GO:0003735;GO:0005840;GO:0006412	DUF2853	Protein of unknown function (DUF2853)	
593066	fig|6666666.1036479.peg.470	fig|6666666.1036479.peg.1221	0.5982185661792755	0.4359417093922855	Low	Very Low	Very Low–Low		Hypothetical protein; COG1090 Predicted nucleoside-diphosphate sugar epimerase.	0	no STRING match	secondary STRING hit (STRING protein assigned to a better match)	2173	2505	1	1	HSDR_N;HSDR_N_2	Type I restriction enzyme R protein N terminus (HSDR_N)	GO:0003677;GO:0004519;GO:0006304	DUF1731	Domain of unknown function (DUF1731)	
593126	fig|6666666.1036479.peg.2871	fig|6666666.1036479.peg.703	0.5982037007808685	0.4359858132568866	Very Low	Very Low	Very Low–Very Low			0	no STRING match	no STRING match	1799	2267	1	1	DUF1569	Protein of unknown function (DUF1569)		DUF1572;DinB_2	Protein of unknown function (DUF1572); DinB superfamily	
593231	fig|6666666.1036479.peg.926	fig|6666666.1036479.peg.1075	0.5981755375862121	0.4360629950199386	Very Low	Very Low	Very Low–Very Low		Asparagine synthetase B; COG0367 Asparagine synthase (glutamine-hydrolyzing).	0	no STRING match	secondary STRING hit (STRING protein assigned to a better match)	2381	2419	1	1	4HBT_2;4HBT	Thioesterase-like superfamily; Thioesterase superfamily		GATase_6;GATase_7;Asn_synthase	Glutamine amidotransferase domain; Asparagine synthase	
593464	fig|6666666.1036479.peg.588	fig|6666666.1036479.peg.604	0.5981186866760254	0.436234265027473	Very Low	Very Low	Very Low–Very Low			0	no STRING match	no STRING match	2217	2223	1	1	HxlR	HxlR-like helix-turn-helix		MarR;HTH_27;MarR_2;Staph_reg_Sar_Rot	MarR family; Winged helix DNA-binding domain; Transcriptional regulator SarA/Rot	GO:0003700;GO:0006355
593881	fig|6666666.1036479.peg.811	fig|6666666.1036479.peg.1700	0.5980148494243622	0.4365407868864509	Low	Low	Low–Low			0	no STRING match	no STRING match	2328	2720	1	1				Disulph_isomer	Disulphide isomerase	
594126	fig|6666666.1036479.peg.47	fig|6666666.1036479.peg.1565	0.5979500591754914	0.4367208776669055	Very Low	Very Low	Very Low–Very Low			0	no STRING match	no STRING match	2034	2658	1	1	DUF8506	Domain of unknown function (DUF8506)				
594841	fig|6666666.1036479.peg.3239	fig|6666666.1036479.peg.1198	0.597745805978775	0.437246448720069	Very Low	Low	Very Low–Low			0	no STRING match	no STRING match	1989	2494	2	1						
594889	fig|6666666.1036479.peg.574	fig|6666666.1036479.peg.1101	0.5977323591709137	0.43728173181175	Very Low	Low	Very Low–Low		Endonuclease V; COG1515 Deoxyinosine 3'endonuclease (endonuclease V).	0	no STRING match	secondary STRING hit (STRING protein assigned to a better match)	2211	2433	1	1	BrxC	Monothiol bacilliredoxin BrxC		Endonuclease_5	Endonuclease V	GO:0004519
595598	fig|6666666.1036479.peg.2921	fig|6666666.1036479.peg.2448	0.5975545048713684	0.4378028924784534	Very Low	Very Low	Very Low–Very Low			0	no STRING match	no STRING match	1824	3026	1	1				Tyr_Deacylase	D-Tyr-tRNA(Tyr) deacylase	GO:0002161;GO:0005737;GO:0051499
595605	fig|6666666.1036479.peg.1862	fig|6666666.1036479.peg.2060	0.5975533545017242	0.4378080379293235	Very Low	Very Low	Very Low–Very Low			0	no STRING match	no STRING match	2776	2858	1	1	Adenine_glyco	Methyladenine glycosylase	GO:0006284;GO:0008725	Lum_binding;Lum_binding	Lumazine binding domain	
596816	fig|6666666.1036479.peg.2934	fig|6666666.1036479.peg.2297	0.5972286224365234	0.4386982009298564	Very Low	Very Low	Very Low–Very Low			0	no STRING match	no STRING match	1835	2964	1	1	PDDEXK_4	PD-(D/E)XK nuclease superfamily				
596975	fig|6666666.1036479.peg.1001	fig|6666666.1036479.peg.1221	0.5971849083900451	0.4388150761710495	Low	Very Low	Very Low–Low		Hypothetical protein; COG1090 Predicted nucleoside-diphosphate sugar epimerase.	0	no STRING match	secondary STRING hit (STRING protein assigned to a better match)	2398	2505	1	1	Rrf2	Iron-dependent Transcriptional regulator		DUF1731	Domain of unknown function (DUF1731)	
597209	fig|6666666.1036479.peg.2652	fig|6666666.1036479.peg.2342	0.597128015756607	0.4389870812429939	Medium	Very Low	Very Low–Medium			0	no STRING match	no STRING match	1696	2989	1	1	Cytochrome_CBB3;Cytochrom_C	Cytochrome C oxidase, cbb3-type, subunit III; Cytochrome c	GO:0009055;GO:0020037	Cytochrome_CBB3;Cytochrom_C	Cytochrome C oxidase, cbb3-type, subunit III; Cytochrome c	GO:0009055;GO:0020037
597241	fig|6666666.1036479.peg.301	fig|6666666.1036479.peg.588	0.5971202194690705	0.4390106033041145	Very Low	Very Low	Very Low–Very Low			0	no STRING match	no STRING match	2115	2217	1	1	MethyltransfD12	D12 class N6 adenine-specific DNA methyltransferase	GO:0009007;GO:0009307	HxlR	HxlR-like helix-turn-helix	
597645	fig|6666666.1036479.peg.2890	fig|6666666.1036479.peg.28	0.5970183551311493	0.4393075693257621	Very Low	Very Low	Very Low–Very Low	Hypothetical protein.		0	secondary STRING hit (STRING protein assigned to a better match)	no STRING match	1812	2015	1	2	PA0049_N;PA0049_C	PA0049 N-terminal domain; PA0049, C-terminal domain				
597956	fig|6666666.1036479.peg.420	fig|6666666.1036479.peg.926	0.5969294011592865	0.439536174357278	Very Low	Very Low	Very Low–Very Low			0	no STRING match	no STRING match	2153	2381	1	1	4HBT	Thioesterase superfamily		4HBT_2;4HBT	Thioesterase-like superfamily; Thioesterase superfamily	
598270	fig|6666666.1036479.peg.2332	fig|6666666.1036479.peg.2333	0.5968523740768432	0.439766984582024	High	Low	Low–High			0	no STRING match	no STRING match	2985	2986	1	1	Oxidored_q3	NADH-ubiquinone/plastoquinone oxidoreductase chain 6	GO:0008137	Oxidored_q2	NADH-ubiquinone/plastoquinone oxidoreductase chain 4L	
598659	fig|6666666.1036479.peg.3239	fig|6666666.1036479.peg.155	0.5967397391796112	0.4400529246375214	Very Low	Very Low	Very Low–Very Low			0	no STRING match	no STRING match	1989	2067	2	1						
598783	fig|6666666.1036479.peg.1095	fig|6666666.1036479.peg.1398	0.5967001259326935	0.4401440726243637	High	Low	Low–High	Multiple antibiotic resistance (MarC)-like protein; COG2095 Multiple antibiotic transporter.	Di-/tripeptide transporter; COG3104 Dipeptide/tripeptide permease.	0	secondary STRING hit (STRING protein assigned to a better match)	secondary STRING hit (STRING protein assigned to a better match)	2430	2584	1	1	MarC	MarC family integral membrane protein	GO:0016020	MFS_1;PTR2	Major Facilitator Superfamily; POT family	GO:0016020;GO:0022857;GO:0055085
599451	fig|6666666.1036479.peg.155	fig|6666666.1036479.peg.1198	0.5965069234371185	0.4406350956502564	Very Low	Low	Very Low–Low			0	no STRING match	no STRING match	2067	2494	1	1						
600390	fig|6666666.1036479.peg.613	fig|6666666.1036479.peg.2391	0.5962499797344207	0.4413253211312641	Low	Medium	Low–Medium			0	no STRING match	no STRING match	2228	3002	1	1	Thioredoxin	Thioredoxin		DUF6370	Family of unknown function (DUF6370)	
600915	fig|6666666.1036479.peg.28	fig|6666666.1036479.peg.1561	0.5960980951786041	0.441711229946524	Very Low	Very Low	Very Low–Very Low			0	no STRING match	no STRING match	2015	2654	2	1				DDE_Tnp_IS1595	ISXO2-like transposase domain	
601064	fig|6666666.1036479.peg.28	fig|6666666.1036479.peg.2297	0.5960613846778869	0.4418207545436169	Very Low	Very Low	Very Low–Very Low			0	no STRING match	no STRING match	2015	2964	2	1						
601232	fig|6666666.1036479.peg.604	fig|6666666.1036479.peg.1841	0.5960158228874206	0.4419442453645	Very Low	Very Low	Very Low–Very Low			0	no STRING match	no STRING match	2223	2769	1	1	MarR;HTH_27;MarR_2;Staph_reg_Sar_Rot	MarR family; Winged helix DNA-binding domain; Transcriptional regulator SarA/Rot	GO:0003700;GO:0006355	HTH_24;HTH_AsnC-type;AsnC_trans_reg	Winged helix-turn-helix DNA-binding; AsnC-type helix-turn-helix domain; Lrp/AsnC ligand binding domain	GO:0043565
601494	fig|6666666.1036479.peg.574	fig|6666666.1036479.peg.1075	0.5959415018558503	0.442136832239925	Very Low	Very Low	Very Low–Very Low		Asparagine synthetase B; COG0367 Asparagine synthase (glutamine-hydrolyzing).	0	no STRING match	secondary STRING hit (STRING protein assigned to a better match)	2211	2419	1	1	BrxC	Monothiol bacilliredoxin BrxC		GATase_6;GATase_7;Asn_synthase	Glutamine amidotransferase domain; Asparagine synthase	
602378	fig|6666666.1036479.peg.3250	fig|6666666.1036479.peg.18	0.5957203269004822	0.4427866291783817	Very Low	Very Low	Very Low–Very Low			0	no STRING match	no STRING match	2000	2011	1	2				Peptidase_S78	Caudovirus prohead serine protease	
602708	fig|6666666.1036479.peg.808	fig|6666666.1036479.peg.2141	0.5956336438655854	0.443029200433688	Very Low	Very Low	Very Low–Very Low			0	no STRING match	no STRING match	2326	2899	1	1	GGACT	Gamma-glutamyl cyclotransferase, AIG2-like				
602749	fig|6666666.1036479.peg.47	fig|6666666.1036479.peg.1561	0.5956194698810577	0.4430593380744987	Very Low	Very Low	Very Low–Very Low			0	no STRING match	no STRING match	2034	2654	1	1	DUF8506	Domain of unknown function (DUF8506)		DDE_Tnp_IS1595	ISXO2-like transposase domain	
602826	fig|6666666.1036479.peg.1852	fig|6666666.1036479.peg.2448	0.5955942928791046	0.4431159380340702	Very Low	Very Low	Very Low–Very Low			0	no STRING match	no STRING match	2773	3026	1	1				Tyr_Deacylase	D-Tyr-tRNA(Tyr) deacylase	GO:0002161;GO:0005737;GO:0051499
602934	fig|6666666.1036479.peg.808	fig|6666666.1036479.peg.1221	0.5955714285373688	0.4431953249903523	Very Low	Very Low	Very Low–Very Low		Hypothetical protein; COG1090 Predicted nucleoside-diphosphate sugar epimerase.	0	no STRING match	secondary STRING hit (STRING protein assigned to a better match)	2326	2505	1	1	GGACT	Gamma-glutamyl cyclotransferase, AIG2-like		DUF1731	Domain of unknown function (DUF1731)	
602998	fig|6666666.1036479.peg.3135	fig|6666666.1036479.peg.574	0.5955554187297821	0.4432423691125935	Very Low	Very Low	Very Low–Very Low	Hypothetical protein.		0	secondary STRING hit (STRING protein assigned to a better match)	no STRING match	1924	2211	1	1	Methyltransf_30	S-adenosyl-L-methionine-dependent methyltransferase	GO:0016645	BrxC	Monothiol bacilliredoxin BrxC	
603034	fig|6666666.1036479.peg.3135	fig|6666666.1036479.peg.1075	0.5955431163311005	0.4432688314313541	Very Low	Very Low	Very Low–Very Low	Hypothetical protein.	Asparagine synthetase B; COG0367 Asparagine synthase (glutamine-hydrolyzing).	0	secondary STRING hit (STRING protein assigned to a better match)	secondary STRING hit (STRING protein assigned to a better match)	1924	2419	1	1	Methyltransf_30	S-adenosyl-L-methionine-dependent methyltransferase	GO:0016645	GATase_6;GATase_7;Asn_synthase	Glutamine amidotransferase domain; Asparagine synthase	
603436	fig|6666666.1036479.peg.243	fig|6666666.1036479.peg.283	0.5954273402690887	0.4435643273241818	Very Low	Very Low	Very Low–Very Low			0	no STRING match	no STRING match	2091	2110	1	1				HTH_19	Helix-turn-helix domain	
603449	fig|6666666.1036479.peg.594	fig|6666666.1036479.peg.703	0.5954243838787079	0.443573883161512	High	Very Low	Very Low–High			0	no STRING match	no STRING match	2219	2267	1	1	Acyltransferase	Acyltransferase	GO:0016746	DUF1572;DinB_2	Protein of unknown function (DUF1572); DinB superfamily	
603847	fig|6666666.1036479.peg.243	fig|6666666.1036479.peg.2112	0.5953036189079285	0.4438664387966995	Very Low	Very Low	Very Low–Very Low			0	no STRING match	no STRING match	2091	2883	1	1				RecX_HTH2;RecX_HTH3	RecX, second three-helix domain; RecX, third three-helix domain	
603857	fig|6666666.1036479.peg.28	fig|6666666.1036479.peg.1233	0.5952985227108002	0.4438737894407997	Very Low	Very Low	Very Low–Very Low			0	no STRING match	no STRING match	2015	2508	2	1				DnaJ;KTSC	DnaJ domain; KTSC domain	
604031	fig|6666666.1036479.peg.588	fig|6666666.1036479.peg.1841	0.595252388715744	0.444001690648143	Very Low	Very Low	Very Low–Very Low			0	no STRING match	no STRING match	2217	2769	1	1	HxlR	HxlR-like helix-turn-helix		HTH_24;HTH_AsnC-type;AsnC_trans_reg	Winged helix-turn-helix DNA-binding; AsnC-type helix-turn-helix domain; Lrp/AsnC ligand binding domain	GO:0043565
604192	fig|6666666.1036479.peg.218	fig|6666666.1036479.peg.2057	0.5952051401138305	0.4441200360181561	Very Low	Medium	Very Low–Medium			0	no STRING match	no STRING match	2080	2857	1	1	Ribosomal_S18	Ribosomal protein S18	GO:0003735;GO:0005840;GO:0006412	OSCP	ATP synthase delta (OSCP) subunit	GO:0015986;GO:0046933
604344	fig|6666666.1036479.peg.413	fig|6666666.1036479.peg.1907	0.595167088508606	0.4442317658084789	Very Low	Very Low	Very Low–Very Low			0	no STRING match	no STRING match	2151	2791	1	1	ACBP	Acyl CoA binding protein	GO:0000062	Band_7_1;Band_7;GYF_2	SPFH domain-Band 7 family; SPFH domain / Band 7 family; GYF domain 2	
604439	fig|6666666.1036479.peg.2802	fig|6666666.1036479.peg.1206	0.5951383411884308	0.4443015969274307	Very Low	Very Low	Very Low–Very Low			0	no STRING match	no STRING match	1757	2497	1	1	CobU	Cobinamide kinase / cobinamide phosphate guanyltransferase	GO:0000166;GO:0009236;GO:0043752	Pribosyltran	Phosphoribosyl transferase domain	
605154	fig|6666666.1036479.peg.1535	fig|6666666.1036479.peg.2055	0.5949502348899841	0.4448271679805943	Very Low	High	Very Low–High			0	no STRING match	no STRING match	2641	2855	1	1	Thioredoxin;Thioredoxin_9;Thioredoxin_2	Thioredoxin; Thioredoxin-like domain		ATP-synt_C	ATP synthase subunit C	GO:0015078;GO:0033177;GO:1902600
605449	fig|6666666.1036479.peg.2991	fig|6666666.1036479.peg.796	0.5948731601238251	0.4450440119815498	Very Low	Very Low	Very Low–Very Low			0	no STRING match	no STRING match	1861	2321	1	1	DUF8828	Domain of unknown function (DUF8828)		DUF2853	Protein of unknown function (DUF2853)	
606574	fig|6666666.1036479.peg.927	fig|6666666.1036479.peg.2411	0.5945622980594635	0.4458709594428212	Medium	Medium	Medium–Medium			0	no STRING match	no STRING match	2382	3013	1	1	ANAPC3	Anaphase-promoting complex, cyclosome, subunit 3		Peptidase_S41	Peptidase family S41	GO:0006508;GO:0008236
606745	fig|6666666.1036479.peg.1233	fig|6666666.1036479.peg.2297	0.5945198833942413	0.4459966554569344	Very Low	Very Low	Very Low–Very Low			0	no STRING match	no STRING match	2508	2964	1	1	DnaJ;KTSC	DnaJ domain; KTSC domain				
606976	fig|6666666.1036479.peg.3135	fig|6666666.1036479.peg.1563	0.5944610655307769	0.4461664553356488	Very Low	Very Low	Very Low–Very Low	Hypothetical protein.		0	secondary STRING hit (STRING protein assigned to a better match)	no STRING match	1924	2656	1	1	Methyltransf_30	S-adenosyl-L-methionine-dependent methyltransferase	GO:0016645	PemK_toxin	PemK-like, MazF-like toxin of type II toxin-antitoxin system	GO:0003677
607102	fig|6666666.1036479.peg.45	fig|6666666.1036479.peg.594	0.5944293200969696	0.4462590734513111	Medium	High	Medium–High	Membrane protein.		0	secondary STRING hit (STRING protein assigned to a better match)	no STRING match	2032	2219	1	1				Acyltransferase	Acyltransferase	GO:0016746
607518	fig|6666666.1036479.peg.677	fig|6666666.1036479.peg.1907	0.5943293333053589	0.446564860245879	Very Low	Very Low	Very Low–Very Low			0	no STRING match	no STRING match	2255	2791	1	1	Penicillinase_R	Penicillinase repressor	GO:0003677;GO:0045892	Band_7_1;Band_7;GYF_2	SPFH domain-Band 7 family; SPFH domain / Band 7 family; GYF domain 2	
607764	fig|6666666.1036479.peg.3135	fig|6666666.1036479.peg.926	0.5942748188972473	0.4467456860907437	Very Low	Very Low	Very Low–Very Low	Hypothetical protein.		0	secondary STRING hit (STRING protein assigned to a better match)	no STRING match	1924	2381	1	1	Methyltransf_30	S-adenosyl-L-methionine-dependent methyltransferase	GO:0016645	4HBT_2;4HBT	Thioesterase-like superfamily; Thioesterase superfamily	
608115	fig|6666666.1036479.peg.2890	fig|6666666.1036479.peg.796	0.5941706717014312	0.4470036936986603	Very Low	Very Low	Very Low–Very Low	Hypothetical protein.		0	secondary STRING hit (STRING protein assigned to a better match)	no STRING match	1812	2321	1	1	PA0049_N;PA0049_C	PA0049 N-terminal domain; PA0049, C-terminal domain		DUF2853	Protein of unknown function (DUF2853)	
608215	fig|6666666.1036479.peg.2057	fig|6666666.1036479.peg.2225	0.5941364169120789	0.4470772001396622	Medium	Very Low	Very Low–Medium			0	no STRING match	no STRING match	2857	2941	1	1	OSCP	ATP synthase delta (OSCP) subunit	GO:0015986;GO:0046933	PP-binding	Phosphopantetheine attachment site	
608404	fig|6666666.1036479.peg.677	fig|6666666.1036479.peg.703	0.5940832495689392	0.4472161273131558	Very Low	Very Low	Very Low–Very Low			0	no STRING match	no STRING match	2255	2267	1	1	Penicillinase_R	Penicillinase repressor	GO:0003677;GO:0045892	DUF1572;DinB_2	Protein of unknown function (DUF1572); DinB superfamily	
609286	fig|6666666.1036479.peg.3242	fig|6666666.1036479.peg.18	0.593861335515976	0.4478644541227925	Very Low	Very Low	Very Low–Very Low			0	no STRING match	no STRING match	1992	2011	3	2	Phage_Mu_F	Phage Mu protein F like protein		Peptidase_S78	Caudovirus prohead serine protease	
609388	fig|6666666.1036479.peg.2921	fig|6666666.1036479.peg.1852	0.5938351631164551	0.4479394306926144	Very Low	Very Low	Very Low–Very Low			0	no STRING match	no STRING match	1824	2773	1	1						
609655	fig|6666666.1036479.peg.2934	fig|6666666.1036479.peg.3235	0.5937553942203522	0.4481356928900895	Very Low	Very Low	Very Low–Very Low			0	no STRING match	no STRING match	1835	1985	1	3	PDDEXK_4	PD-(D/E)XK nuclease superfamily				
609691	fig|6666666.1036479.peg.2767	fig|6666666.1036479.peg.1767	0.5937469363212585	0.4481621552088501	Very Low	Very Low	Very Low–Very Low			0	no STRING match	no STRING match	1743	2741	1	1	Ribosomal_L31	Ribosomal protein L31	GO:0003735;GO:0005840;GO:0006412			
609831	fig|6666666.1036479.peg.716	fig|6666666.1036479.peg.927	0.5937091529369354	0.4482650642262528	High	Medium	Medium–High			0	no STRING match	no STRING match	2275	2382	1	1	DUF1266	Protein of unknown function (DUF1266)		ANAPC3	Anaphase-promoting complex, cyclosome, subunit 3	
609930	fig|6666666.1036479.peg.588	fig|6666666.1036479.peg.1822	0.5936812400817871	0.4483378356028447	Very Low	Very Low	Very Low–Very Low			0	no STRING match	no STRING match	2217	2765	1	1	HxlR	HxlR-like helix-turn-helix		cNMP_binding	Cyclic nucleotide-binding domain	
610284	fig|6666666.1036479.peg.2991	fig|6666666.1036479.peg.1767	0.5935898363590241	0.4485980484039914	Very Low	Very Low	Very Low–Very Low			0	no STRING match	no STRING match	1861	2741	1	1	DUF8828	Domain of unknown function (DUF8828)				
610639	fig|6666666.1036479.peg.2055	fig|6666666.1036479.peg.2320	0.5934928178787231	0.4488589962695481	High	Low	Low–High			0	no STRING match	no STRING match	2855	2977	1	1	ATP-synt_C	ATP synthase subunit C	GO:0015078;GO:0033177;GO:1902600	Oxidored_q6	NADH ubiquinone oxidoreductase, 20 Kd subunit	GO:0051536
610808	fig|6666666.1036479.peg.352	fig|6666666.1036479.peg.1221	0.5934424519538879	0.4489832221548413	Very Low	Very Low	Very Low–Very Low		Hypothetical protein; COG1090 Predicted nucleoside-diphosphate sugar epimerase.	0	no STRING match	secondary STRING hit (STRING protein assigned to a better match)	2134	2505	1	1	Acetyltransf_3;Acetyltransf_1	Acetyltransferase (GNAT) domain; Acetyltransferase (GNAT) family	GO:0016747	DUF1731	Domain of unknown function (DUF1731)	
610999	fig|6666666.1036479.peg.2655	fig|6666666.1036479.peg.2391	0.593390691280365	0.4491236194571549	Medium	Medium	Medium–Medium			0	no STRING match	no STRING match	1698	3002	1	1	NosL	NosL		DUF6370	Family of unknown function (DUF6370)	
611711	fig|6666666.1036479.peg.703	fig|6666666.1036479.peg.1822	0.5932241559028626	0.4496469853170884	Very Low	Very Low	Very Low–Very Low			0	no STRING match	no STRING match	2267	2765	1	1	DUF1572;DinB_2	Protein of unknown function (DUF1572); DinB superfamily		cNMP_binding	Cyclic nucleotide-binding domain	
613201	fig|6666666.1036479.peg.2890	fig|6666666.1036479.peg.891	0.5928393721580505	0.4507422312880166	Very Low	Very Low	Very Low–Very Low	Hypothetical protein.		0	secondary STRING hit (STRING protein assigned to a better match)	no STRING match	1812	2366	1	1	PA0049_N;PA0049_C	PA0049 N-terminal domain; PA0049, C-terminal domain		DUF7738	Domain of unknown function (DUF7738)	
613305	fig|6666666.1036479.peg.442	fig|6666666.1036479.peg.1841	0.5928074479103088	0.4508186779866586	Very Low	Very Low	Very Low–Very Low			0	no STRING match	no STRING match	2163	2769	1	1	cNMP_binding;HTH_Crp_2;Crp	Cyclic nucleotide-binding domain; Crp-like helix-turn-helix domain; Bacterial regulatory proteins, crp family	GO:0003677;GO:0006355	HTH_24;HTH_AsnC-type;AsnC_trans_reg	Winged helix-turn-helix DNA-binding; AsnC-type helix-turn-helix domain; Lrp/AsnC ligand binding domain	GO:0043565
613619	fig|6666666.1036479.peg.420	fig|6666666.1036479.peg.1330	0.5927277982234955	0.4510494882114045	Very Low	Very Low	Very Low–Very Low			0	no STRING match	no STRING match	2153	2547	1	1	4HBT	Thioesterase superfamily		DHFR_1	Dihydrofolate reductase	GO:0004146;GO:0046654
613746	fig|6666666.1036479.peg.1852	fig|6666666.1036479.peg.2247	0.5926934659481049	0.4511428413914769	Very Low	Very Low	Very Low–Very Low			0	no STRING match	no STRING match	2773	2947	1	1						
614162	fig|6666666.1036479.peg.301	fig|6666666.1036479.peg.604	0.5925760567188263	0.4514486281860448	Very Low	Very Low	Very Low–Very Low			0	no STRING match	no STRING match	2115	2223	1	1	MethyltransfD12	D12 class N6 adenine-specific DNA methyltransferase	GO:0009007;GO:0009307	MarR;HTH_27;MarR_2;Staph_reg_Sar_Rot	MarR family; Winged helix DNA-binding domain; Transcriptional regulator SarA/Rot	GO:0003700;GO:0006355
614218	fig|6666666.1036479.peg.1340	fig|6666666.1036479.peg.1535	0.5925598800182342	0.4514897917930058	Very Low	Very Low	Very Low–Very Low			0	no STRING match	no STRING match	2551	2641	1	1	Pyrophosphatase	Inorganic pyrophosphatase	GO:0000287;GO:0004427;GO:0005737;GO:0006796	Thioredoxin;Thioredoxin_9;Thioredoxin_2	Thioredoxin; Thioredoxin-like domain	
614560	fig|6666666.1036479.peg.2247	fig|6666666.1036479.peg.2296	0.5924567639827728	0.4517411838212323	Very Low	Medium	Very Low–Medium			0	no STRING match	no STRING match	2947	2963	1	1						
614913	fig|6666666.1036479.peg.517	fig|6666666.1036479.peg.1890	0.5923665225505829	0.452000661557969	Very Low	Very Low	Very Low–Very Low			0	no STRING match	no STRING match	2186	2784	1	1	Cons_hypoth95;MTS;Methyltransf_31;Methyltransf_15;Methyltransf_25	Conserved hypothetical protein 95; Methyltransferase small domain; Methyltransferase domain; RNA cap guanine-N2 methyltransferase	GO:0001510;GO:0008168;GO:0036261	YbeY	Endoribonuclease YbeY	GO:0004222;GO:0006364
615866	fig|6666666.1036479.peg.644	fig|6666666.1036479.peg.927	0.5920999467372894	0.452701177940717	High	Medium	Medium–High			0	no STRING match	no STRING match	2243	2382	1	1	Ank_2;Ank_4;Ank_5;Ank;Ank_3;Ank_2	Ankyrin repeats (3 copies); Ankyrin repeats (many copies); Ankyrin repeat	GO:0005515	ANAPC3	Anaphase-promoting complex, cyclosome, subunit 3	
617129	fig|6666666.1036479.peg.604	fig|6666666.1036479.peg.1822	0.5917575478553772	0.4536295642905709	Very Low	Very Low	Very Low–Very Low			0	no STRING match	no STRING match	2223	2765	1	1	MarR;HTH_27;MarR_2;Staph_reg_Sar_Rot	MarR family; Winged helix DNA-binding domain; Transcriptional regulator SarA/Rot	GO:0003700;GO:0006355	cNMP_binding	Cyclic nucleotide-binding domain	
617398	fig|6666666.1036479.peg.3239	fig|6666666.1036479.peg.891	0.591688334941864	0.453827296616866	Very Low	Very Low	Very Low–Very Low			0	no STRING match	no STRING match	1989	2366	2	1				DUF7738	Domain of unknown function (DUF7738)	
617828	fig|6666666.1036479.peg.301	fig|6666666.1036479.peg.1841	0.5915827572345733	0.4541433743131742	Very Low	Very Low	Very Low–Very Low			0	no STRING match	no STRING match	2115	2769	1	1	MethyltransfD12	D12 class N6 adenine-specific DNA methyltransferase	GO:0009007;GO:0009307	HTH_24;HTH_AsnC-type;AsnC_trans_reg	Winged helix-turn-helix DNA-binding; AsnC-type helix-turn-helix domain; Lrp/AsnC ligand binding domain	GO:0043565
617906	fig|6666666.1036479.peg.926	fig|6666666.1036479.peg.1221	0.5915617406368255	0.4542007093371557	Very Low	Very Low	Very Low–Very Low		Hypothetical protein; COG1090 Predicted nucleoside-diphosphate sugar epimerase.	0	no STRING match	secondary STRING hit (STRING protein assigned to a better match)	2381	2505	1	1	4HBT_2;4HBT	Thioesterase-like superfamily; Thioesterase superfamily		DUF1731	Domain of unknown function (DUF1731)	
618194	fig|6666666.1036479.peg.420	fig|6666666.1036479.peg.1206	0.5914897739887237	0.4544124078872411	Very Low	Very Low	Very Low–Very Low			0	no STRING match	no STRING match	2153	2497	1	1	4HBT	Thioesterase superfamily		Pribosyltran	Phosphoribosyl transferase domain	
618363	fig|6666666.1036479.peg.2296	fig|6666666.1036479.peg.2468	0.5914413809776307	0.4545366337725343	Medium	Very Low	Very Low–Medium			0	no STRING match	no STRING match	2963	3039	1	1				Cupin_2	Cupin domain	
618457	fig|6666666.1036479.peg.644	fig|6666666.1036479.peg.716	0.5914229154586792	0.4546057298270761	High	High	High–High			0	no STRING match	no STRING match	2243	2275	1	1	Ank_2;Ank_4;Ank_5;Ank;Ank_3;Ank_2	Ankyrin repeats (3 copies); Ankyrin repeats (many copies); Ankyrin repeat	GO:0005515	DUF1266	Protein of unknown function (DUF1266)	
618687	fig|6666666.1036479.peg.2247	fig|6666666.1036479.peg.2448	0.5913578152656556	0.4547747946413804	Very Low	Very Low	Very Low–Very Low			0	no STRING match	no STRING match	2947	3026	1	1				Tyr_Deacylase	D-Tyr-tRNA(Tyr) deacylase	GO:0002161;GO:0005737;GO:0051499
618697	fig|6666666.1036479.peg.229	fig|6666666.1036479.peg.2319	0.5913567483425141	0.4547821452854806	Low	High	Low–High			0	no STRING match	no STRING match	2085	2976	1	1	MscL	Large-conductance mechanosensitive channel, MscL		Oxidored_q4	NADH-ubiquinone/plastoquinone oxidoreductase, chain 3	GO:0008137
618720	fig|6666666.1036479.peg.2767	fig|6666666.1036479.peg.891	0.5913502216339112	0.4547990517669111	Very Low	Very Low	Very Low–Very Low			0	no STRING match	no STRING match	1743	2366	1	1	Ribosomal_L31	Ribosomal protein L31	GO:0003735;GO:0005840;GO:0006412	DUF7738	Domain of unknown function (DUF7738)	
618915	fig|6666666.1036479.peg.155	fig|6666666.1036479.peg.891	0.5912968456745148	0.4549423893268647	Very Low	Very Low	Very Low–Very Low			0	no STRING match	no STRING match	2067	2366	1	1				DUF7738	Domain of unknown function (DUF7738)	
619385	fig|6666666.1036479.peg.280	fig|6666666.1036479.peg.927	0.5911654889583587	0.4552878695995737	Very Low	Medium	Very Low–Medium	Hypothetical protein.		0	secondary STRING hit (STRING protein assigned to a better match)	no STRING match	2107	2382	1	1	LRR_5;LRR_5;LRR_5;LRR_5;LRR_5;Por_Secre_tail	BspA type Leucine rich repeat region (6 copies); Secretion system C-terminal sorting domain		ANAPC3	Anaphase-promoting complex, cyclosome, subunit 3	
619617	fig|6666666.1036479.peg.301	fig|6666666.1036479.peg.352	0.59110506772995	0.455458404542698	Very Low	Very Low	Very Low–Very Low			0	no STRING match	no STRING match	2115	2134	1	1	MethyltransfD12	D12 class N6 adenine-specific DNA methyltransferase	GO:0009007;GO:0009307	Acetyltransf_3;Acetyltransf_1	Acetyltransferase (GNAT) domain; Acetyltransferase (GNAT) family	GO:0016747
619827	fig|6666666.1036479.peg.45	fig|6666666.1036479.peg.2332	0.5910583376884461	0.455612768068802	Medium	High	Medium–High	Membrane protein.		0	secondary STRING hit (STRING protein assigned to a better match)	no STRING match	2032	2985	1	1				Oxidored_q3	NADH-ubiquinone/plastoquinone oxidoreductase chain 6	GO:0008137
619966	fig|6666666.1036479.peg.550	fig|6666666.1036479.peg.1578	0.5910159945487976	0.4557149420217946	Low	Very Low	Very Low–Low			0	no STRING match	no STRING match	2198	2669	1	2	DUF4357	Domain of unknown function (DUF4357)		HTH_31;HTH_3	Helix-turn-helix domain; Helix-turn-helix	
620380	fig|6666666.1036479.peg.1198	fig|6666666.1036479.peg.2448	0.5909027695655823	0.4560192586875425	Low	Very Low	Very Low–Low			0	no STRING match	no STRING match	2494	3026	1	1				Tyr_Deacylase	D-Tyr-tRNA(Tyr) deacylase	GO:0002161;GO:0005737;GO:0051499
620866	fig|6666666.1036479.peg.613	fig|6666666.1036479.peg.716	0.5907823085784912	0.4563764999908117	Low	High	Low–High			0	no STRING match	no STRING match	2228	2275	1	1	Thioredoxin	Thioredoxin		DUF1266	Protein of unknown function (DUF1266)	
621326	fig|6666666.1036479.peg.2652	fig|6666666.1036479.peg.2875	0.5906762301921844	0.4567146296194204	Medium	Medium	Medium–Medium			0	no STRING match	no STRING match	1696	1801	1	1	Cytochrome_CBB3;Cytochrom_C	Cytochrome C oxidase, cbb3-type, subunit III; Cytochrome c	GO:0009055;GO:0020037	Cytochrome_CBB3	Cytochrome C oxidase, cbb3-type, subunit III	GO:0009055;GO:0020037
621952	fig|6666666.1036479.peg.1507	fig|6666666.1036479.peg.2019	0.5905139207839966	0.4571747799400922	Very Low	Very Low	Very Low–Very Low			0	no STRING match	no STRING match	2628	2845	1	1	RuvA_N;HHH_5;RuvA_C	RuvA N terminal domain; SAM-like Helix-hairpin-helix tandem; RuvA, C-terminal domain	GO:0005524;GO:0006281;GO:0006310;GO:0009378;GO:0009379	NERD;UPF0102	Nuclease-related domain; Uncharacterised protein family UPF0102	
622140	fig|6666666.1036479.peg.2767	fig|6666666.1036479.peg.2991	0.590461528301239	0.4573129720491758	Very Low	Very Low	Very Low–Very Low			0	no STRING match	no STRING match	1743	1861	1	1	Ribosomal_L31	Ribosomal protein L31	GO:0003735;GO:0005840;GO:0006412	DUF8828	Domain of unknown function (DUF8828)	
622193	fig|6666666.1036479.peg.1116	fig|6666666.1036479.peg.1561	0.5904457688331604	0.4573519304629068	Very Low	Very Low	Very Low–Very Low			0	no STRING match	no STRING match	2447	2654	1	1				DDE_Tnp_IS1595	ISXO2-like transposase domain	
622226	fig|6666666.1036479.peg.1198	fig|6666666.1036479.peg.1561	0.5904392600059509	0.4573761875884374	Low	Very Low	Very Low–Low			0	no STRING match	no STRING match	2494	2654	1	1				DDE_Tnp_IS1595	ISXO2-like transposase domain	
624212	fig|6666666.1036479.peg.2883	fig|6666666.1036479.peg.1369	0.5899409651756287	0.458836025506735	Very Low	Very Low	Very Low–Very Low	Integrase catalytic subunit; COG2801 Transposase and inactivated derivatives.	Integrase catalytic subunit; COG2801 Transposase and inactivated derivatives.	0	secondary STRING hit (STRING protein assigned to a better match)	secondary STRING hit (STRING protein assigned to a better match)	1807	2577	8	3	HTH_28;HTH_29;rve_3	Helix-turn-helix domain; Winged helix-turn helix; Integrase core domain	GO:0015074	HTH_28;HTH_29	Helix-turn-helix domain; Winged helix-turn helix	
625414	fig|6666666.1036479.peg.2875	fig|6666666.1036479.peg.2342	0.589627331495285	0.4597195729275777	Medium	Very Low	Very Low–Medium			0	no STRING match	no STRING match	1801	2989	1	1	Cytochrome_CBB3	Cytochrome C oxidase, cbb3-type, subunit III	GO:0009055;GO:0020037	Cytochrome_CBB3;Cytochrom_C	Cytochrome C oxidase, cbb3-type, subunit III; Cytochrome c	GO:0009055;GO:0020037
625815	fig|6666666.1036479.peg.891	fig|6666666.1036479.peg.1116	0.5895319879055023	0.4600143337559954	Very Low	Very Low	Very Low–Very Low			0	no STRING match	no STRING match	2366	2447	1	1	DUF7738	Domain of unknown function (DUF7738)				
625877	fig|6666666.1036479.peg.2859	fig|6666666.1036479.peg.2921	0.5895183861255646	0.4600599077494165	Very Low	Very Low	Very Low–Very Low			0	no STRING match	no STRING match	1794	1824	1	1						
625919	fig|6666666.1036479.peg.2871	fig|6666666.1036479.peg.1822	0.5895117402076722	0.4600907804546373	Very Low	Very Low	Very Low–Very Low			0	no STRING match	no STRING match	1799	2765	1	1	DUF1569	Protein of unknown function (DUF1569)		cNMP_binding	Cyclic nucleotide-binding domain	
627072	fig|6666666.1036479.peg.218	fig|6666666.1036479.peg.260	0.5892012476921081	0.4609383097193891	Very Low	Low	Very Low–Low			0	no STRING match	no STRING match	2080	2099	1	1	Ribosomal_S18	Ribosomal protein S18	GO:0003735;GO:0005840;GO:0006412	ExbD	Biopolymer transport protein ExbD/TolR	GO:0022857;GO:0055085
628576	fig|6666666.1036479.peg.1630	fig|6666666.1036479.peg.2298	0.5888096749782562	0.4620438465920576	Very Low	Very Low	Very Low–Very Low	Hypothetical protein.		0	secondary STRING hit (STRING protein assigned to a better match)	no STRING match	2692	2965	2	1	MTBMA_p00010_2nd	MTBMA_p00010 P-loop domain		AntA	AntA/AntB antirepressor	
628609	fig|6666666.1036479.peg.3235	fig|6666666.1036479.peg.1578	0.5887990474700928	0.4620681037175883	Very Low	Very Low	Very Low–Very Low			0	no STRING match	no STRING match	1985	2669	3	2				HTH_31;HTH_3	Helix-turn-helix domain; Helix-turn-helix	
629272	fig|6666666.1036479.peg.280	fig|6666666.1036479.peg.1906	0.5886099934577942	0.4625554514214308	Very Low	Medium	Very Low–Medium	Hypothetical protein.		0	secondary STRING hit (STRING protein assigned to a better match)	no STRING match	2107	2790	1	1	LRR_5;LRR_5;LRR_5;LRR_5;LRR_5;Por_Secre_tail	BspA type Leucine rich repeat region (6 copies); Secretion system C-terminal sorting domain				
629305	fig|6666666.1036479.peg.3154	fig|6666666.1036479.peg.260	0.5885982990264893	0.4625797085469614	High	Low	Low–High			0	no STRING match	no STRING match	1932	2099	1	1	YajC	Preprotein translocase subunit		ExbD	Biopolymer transport protein ExbD/TolR	GO:0022857;GO:0055085
629828	fig|6666666.1036479.peg.644	fig|6666666.1036479.peg.2411	0.5884891390800476	0.4629641472334013	High	Medium	Medium–High			0	no STRING match	no STRING match	2243	3013	1	1	Ank_2;Ank_4;Ank_5;Ank;Ank_3;Ank_2	Ankyrin repeats (3 copies); Ankyrin repeats (many copies); Ankyrin repeat	GO:0005515	Peptidase_S41	Peptidase family S41	GO:0006508;GO:0008236
630185	fig|6666666.1036479.peg.1206	fig|6666666.1036479.peg.2309	0.5884016633033753	0.4632265652277781	Very Low	Very Low	Very Low–Very Low			0	no STRING match	no STRING match	2497	2971	1	1	Pribosyltran	Phosphoribosyl transferase domain		PTPS	6-pyruvoyl tetrahydropterin synthase	
630298	fig|6666666.1036479.peg.2320	fig|6666666.1036479.peg.2341	0.5883719503879548	0.4633096275061102	Low	Low	Low–Low			0	no STRING match	no STRING match	2977	2988	1	1	Oxidored_q6	NADH ubiquinone oxidoreductase, 20 Kd subunit	GO:0051536	ActD	Alternative complex III, ActD subunit	
630761	fig|6666666.1036479.peg.1700	fig|6666666.1036479.peg.2320	0.5882532894611359	0.463649962327949	Low	Low	Low–Low			0	no STRING match	no STRING match	2720	2977	1	1	Disulph_isomer	Disulphide isomerase		Oxidored_q6	NADH ubiquinone oxidoreductase, 20 Kd subunit	GO:0051536
631009	fig|6666666.1036479.peg.575	fig|6666666.1036479.peg.2309	0.5881772398948669	0.4638322583016336	Low	Very Low	Very Low–Low			0	no STRING match	no STRING match	2212	2971	1	1	PMSR	Peptide methionine sulfoxide reductase	GO:0008113	PTPS	6-pyruvoyl tetrahydropterin synthase	
631279	fig|6666666.1036479.peg.1578	fig|6666666.1036479.peg.1822	0.5881101489067078	0.4640307256923388	Very Low	Very Low	Very Low–Very Low			0	no STRING match	no STRING match	2669	2765	2	1	HTH_31;HTH_3	Helix-turn-helix domain; Helix-turn-helix		cNMP_binding	Cyclic nucleotide-binding domain	
631791	fig|6666666.1036479.peg.1841	fig|6666666.1036479.peg.2013	0.5879826426506043	0.4644070786702685	Very Low	Very Low	Very Low–Very Low			0	no STRING match	no STRING match	2769	2842	1	1	HTH_24;HTH_AsnC-type;AsnC_trans_reg	Winged helix-turn-helix DNA-binding; AsnC-type helix-turn-helix domain; Lrp/AsnC ligand binding domain	GO:0043565	Response_reg	Response regulator receiver domain	GO:0000160
631855	fig|6666666.1036479.peg.870	fig|6666666.1036479.peg.2309	0.5879679918289185	0.4644541227925097	Very Low	Very Low	Very Low–Very Low			0	no STRING match	no STRING match	2349	2971	1	1	GAF_2;GAF	GAF domain	GO:0005515	PTPS	6-pyruvoyl tetrahydropterin synthase	
632134	fig|6666666.1036479.peg.1296	fig|6666666.1036479.peg.1578	0.5878924787044525	0.464659205762905	Very Low	Very Low	Very Low–Very Low			0	no STRING match	no STRING match	2530	2669	1	2	Response_reg;GerE	Response regulator receiver domain; Bacterial regulatory proteins, luxR family	GO:0000160;GO:0006355	HTH_31;HTH_3	Helix-turn-helix domain; Helix-turn-helix	
632275	fig|6666666.1036479.peg.280	fig|6666666.1036479.peg.716	0.5878460466861725	0.4647628498447176	Very Low	High	Very Low–High	Hypothetical protein.		0	secondary STRING hit (STRING protein assigned to a better match)	no STRING match	2107	2275	1	1	LRR_5;LRR_5;LRR_5;LRR_5;LRR_5;Por_Secre_tail	BspA type Leucine rich repeat region (6 copies); Secretion system C-terminal sorting domain		DUF1266	Protein of unknown function (DUF1266)	
632679	fig|6666666.1036479.peg.2720	fig|6666666.1036479.peg.352	0.5877359330654144	0.4650598158663653	Very Low	Very Low	Very Low–Very Low			0	no STRING match	no STRING match	1723	2134	1	1	Acetyltransf_3;Acetyltransf_1	Acetyltransferase (GNAT) domain; Acetyltransferase (GNAT) family	GO:0016747	Acetyltransf_3;Acetyltransf_1	Acetyltransferase (GNAT) domain; Acetyltransferase (GNAT) family	GO:0016747
632805	fig|6666666.1036479.peg.1315	fig|6666666.1036479.peg.2320	0.5877032935619354	0.4651524339820276	Very Low	Low	Very Low–Low			0	no STRING match	no STRING match	2539	2977	1	1	PAPS_reduct	Phosphoadenosine phosphosulfate reductase domain	GO:0003824	Oxidored_q6	NADH ubiquinone oxidoreductase, 20 Kd subunit	GO:0051536
633102	fig|6666666.1036479.peg.280	fig|6666666.1036479.peg.1341	0.5876255333423615	0.4653707481118033	Very Low	Low	Very Low–Low	Hypothetical protein.		0	secondary STRING hit (STRING protein assigned to a better match)	no STRING match	2107	2552	1	1	LRR_5;LRR_5;LRR_5;LRR_5;LRR_5;Por_Secre_tail	BspA type Leucine rich repeat region (6 copies); Secretion system C-terminal sorting domain				
633116	fig|6666666.1036479.peg.280	fig|6666666.1036479.peg.1413	0.5876225173473358	0.4653810390135435	Very Low	Low	Very Low–Low	Hypothetical protein.	Peptidase M23; COG4678 Muramidase (phage lambda lysozyme).	0	secondary STRING hit (STRING protein assigned to a better match)	secondary STRING hit (STRING protein assigned to a better match)	2107	2592	1	1	LRR_5;LRR_5;LRR_5;LRR_5;LRR_5;Por_Secre_tail	BspA type Leucine rich repeat region (6 copies); Secretion system C-terminal sorting domain		Peptidase_M23	Peptidase family M23	
633145	fig|6666666.1036479.peg.735	fig|6666666.1036479.peg.1413	0.587617427110672	0.4654023558814341	Very Low	Low	Very Low–Low	Putative methyltransferase; COG0863 DNA modification methylase; Belongs to the N(4)/N(6)-methyltransferase family.	Peptidase M23; COG4678 Muramidase (phage lambda lysozyme).	0	secondary STRING hit (STRING protein assigned to a better match)	secondary STRING hit (STRING protein assigned to a better match)	2293	2592	1	1	N6_N4_Mtase	DNA methylase	GO:0003677;GO:0008170	Peptidase_M23	Peptidase family M23	
633179	fig|6666666.1036479.peg.716	fig|6666666.1036479.peg.2411	0.5876100063323975	0.4654273480713747	High	Medium	Medium–High			0	no STRING match	no STRING match	2275	3013	1	1	DUF1266	Protein of unknown function (DUF1266)		Peptidase_S41	Peptidase family S41	GO:0006508;GO:0008236
633379	fig|6666666.1036479.peg.517	fig|6666666.1036479.peg.2019	0.5875526964664459	0.4655743609533785	Very Low	Very Low	Very Low–Very Low			0	no STRING match	no STRING match	2186	2845	1	1	Cons_hypoth95;MTS;Methyltransf_31;Methyltransf_15;Methyltransf_25	Conserved hypothetical protein 95; Methyltransferase small domain; Methyltransferase domain; RNA cap guanine-N2 methyltransferase	GO:0001510;GO:0008168;GO:0036261	NERD;UPF0102	Nuclease-related domain; Uncharacterised protein family UPF0102	
633394	fig|6666666.1036479.peg.1413	fig|6666666.1036479.peg.2391	0.5875490427017211	0.4655853869195288	Low	Medium	Low–Medium	Peptidase M23; COG4678 Muramidase (phage lambda lysozyme).		0	secondary STRING hit (STRING protein assigned to a better match)	no STRING match	2592	3002	1	1	Peptidase_M23	Peptidase family M23		DUF6370	Family of unknown function (DUF6370)	
633635	fig|6666666.1036479.peg.2890	fig|6666666.1036479.peg.1907	0.5874824702739716	0.4657625374423433	Very Low	Very Low	Very Low–Very Low	Hypothetical protein.		0	secondary STRING hit (STRING protein assigned to a better match)	no STRING match	1812	2791	1	1	PA0049_N;PA0049_C	PA0049 N-terminal domain; PA0049, C-terminal domain		Band_7_1;Band_7;GYF_2	SPFH domain-Band 7 family; SPFH domain / Band 7 family; GYF domain 2	
634097	fig|6666666.1036479.peg.218	fig|6666666.1036479.peg.2225	0.5873713374137879	0.4661021371997721	Very Low	Very Low	Very Low–Very Low			0	no STRING match	no STRING match	2080	2941	1	1	Ribosomal_S18	Ribosomal protein S18	GO:0003735;GO:0005840;GO:0006412	PP-binding	Phosphopantetheine attachment site	
634303	fig|6666666.1036479.peg.2655	fig|6666666.1036479.peg.263	0.5873216271400452	0.466253560468236	Medium	Low	Low–Medium			0	no STRING match	no STRING match	1698	2100	1	1	NosL	NosL		DDE_Tnp_1;DDE_Tnp_1_4	Transposase DDE domain; Transposase DDE domain group 1	GO:0003677;GO:0004803;GO:0006313
634477	fig|6666666.1036479.peg.2921	fig|6666666.1036479.peg.1116	0.5872743189334869	0.4663814616755793	Very Low	Very Low	Very Low–Very Low			0	no STRING match	no STRING match	1824	2447	1	1						
635804	fig|6666666.1036479.peg.2655	fig|6666666.1036479.peg.2468	0.5869538962841034	0.4673568921476744	Medium	Very Low	Very Low–Medium			0	no STRING match	no STRING match	1698	3039	1	1	NosL	NosL		Cupin_2	Cupin domain	
636192	fig|6666666.1036479.peg.3072	fig|6666666.1036479.peg.1852	0.5868598222732544	0.4676420971387617	Very Low	Very Low	Very Low–Very Low			0	no STRING match	no STRING match	1897	2773	1	1	TerB	Tellurite resistance protein TerB				
636487	fig|6666666.1036479.peg.1507	fig|6666666.1036479.peg.1890	0.5867820501327514	0.4678589411397174	Very Low	Very Low	Very Low–Very Low			0	no STRING match	no STRING match	2628	2784	1	1	RuvA_N;HHH_5;RuvA_C	RuvA N terminal domain; SAM-like Helix-hairpin-helix tandem; RuvA, C-terminal domain	GO:0005524;GO:0006281;GO:0006310;GO:0009378;GO:0009379	YbeY	Endoribonuclease YbeY	GO:0004222;GO:0006364
636950	fig|6666666.1036479.peg.2896	fig|6666666.1036479.peg.1630	0.5866533875465393	0.4681992759615561	Very Low	Very Low	Very Low–Very Low		Hypothetical protein.	0	no STRING match	secondary STRING hit (STRING protein assigned to a better match)	1818	2692	1	2	GmrSD_N;GmrSD_C	GmrSD restriction endonuclease, N-terminal domain; GmrSD restriction endonucleases, C-terminal domain		MTBMA_p00010_2nd	MTBMA_p00010 P-loop domain	
637222	fig|6666666.1036479.peg.2921	fig|6666666.1036479.peg.2321	0.5866219282150269	0.4683992134810812	Very Low	Very Low	Very Low–Very Low			0	no STRING match	no STRING match	1824	2978	1	1				Complex1_30kDa	Respiratory-chain NADH dehydrogenase, 30 Kd subunit	GO:0008137
637286	fig|6666666.1036479.peg.3247	fig|6666666.1036479.peg.163	0.5866109907627106	0.4684462576033225	Very Low	Very Low	Very Low–Very Low			0	no STRING match	no STRING match	1997	2070	2	1						
637636	fig|6666666.1036479.peg.2655	fig|6666666.1036479.peg.2141	0.5865203261375427	0.4687035301468291	Medium	Very Low	Very Low–Medium			0	no STRING match	no STRING match	1698	2899	1	1	NosL	NosL				
637781	fig|6666666.1036479.peg.1578	fig|6666666.1036479.peg.2295	0.5864853143692017	0.4688101144862818	Very Low	Very Low	Very Low–Very Low			0	no STRING match	no STRING match	2669	2962	2	1	HTH_31;HTH_3	Helix-turn-helix domain; Helix-turn-helix		HTH_17	Helix-turn-helix domain	
638676	fig|6666666.1036479.peg.3072	fig|6666666.1036479.peg.2324	0.5862332046031952	0.4694679971332488	Very Low	Very Low	Very Low–Very Low			0	no STRING match	no STRING match	1897	2980	1	1	TerB	Tellurite resistance protein TerB		AAA_15;AAA_21	AAA ATPase domain; AAA domain, putative AbiEii toxin, Type IV TA system	GO:0005524;GO:0016887
638729	fig|6666666.1036479.peg.2645	fig|6666666.1036479.peg.111	0.5862178325653076	0.4695069555469798	Low	Low	Low–Low			0	no STRING match	no STRING match	1693	2061	1	1	DUF5522	Family of unknown function (DUF5522)		YchJ_M-like	YchJ, middle NTF2-like domain	
638730	fig|6666666.1036479.peg.2247	fig|6666666.1036479.peg.2468	0.586217725276947	0.4695076906113898	Very Low	Very Low	Very Low–Very Low			0	no STRING match	no STRING match	2947	3039	1	1				Cupin_2	Cupin domain	
638757	fig|6666666.1036479.peg.352	fig|6666666.1036479.peg.442	0.5862098515033722	0.4695275373504603	Very Low	Very Low	Very Low–Very Low			0	no STRING match	no STRING match	2134	2163	1	1	Acetyltransf_3;Acetyltransf_1	Acetyltransferase (GNAT) domain; Acetyltransferase (GNAT) family	GO:0016747	cNMP_binding;HTH_Crp_2;Crp	Cyclic nucleotide-binding domain; Crp-like helix-turn-helix domain; Bacterial regulatory proteins, crp family	GO:0003677;GO:0006355
640056	fig|6666666.1036479.peg.2141	fig|6666666.1036479.peg.2468	0.5858812749385833	0.4704823860190749	Very Low	Very Low	Very Low–Very Low			0	no STRING match	no STRING match	2899	3039	1	1				Cupin_2	Cupin domain	
640085	fig|6666666.1036479.peg.3235	fig|6666666.1036479.peg.2299	0.5858764410018921	0.4705037028869654	Very Low	Very Low	Very Low–Very Low			0	no STRING match	no STRING match	1985	2966	3	1				HTH_23;HTH_3;Terminase_5	Homeodomain-like domain; Helix-turn-helix; Putative ATPase subunit of terminase (gpP-like)	
640392	fig|6666666.1036479.peg.263	fig|6666666.1036479.peg.2141	0.5857880115509033	0.4707293676608413	Low	Very Low	Very Low–Low			0	no STRING match	no STRING match	2100	2899	1	1	DDE_Tnp_1;DDE_Tnp_1_4	Transposase DDE domain; Transposase DDE domain group 1	GO:0003677;GO:0004803;GO:0006313			
640409	fig|6666666.1036479.peg.3239	fig|6666666.1036479.peg.741	0.5857828378677368	0.4707418637558116	Very Low	Very Low	Very Low–Very Low			0	no STRING match	no STRING match	1989	2299	2	1						
640569	fig|6666666.1036479.peg.67	fig|6666666.1036479.peg.1486	0.5857418596744537	0.4708594740614146	Very Low	Very Low	Very Low–Very Low			0	no STRING match	no STRING match	2043	2616	1	1	SPOUT_MTase	Predicted SPOUT methyltransferase	GO:0006364;GO:0008168	RuvC	Crossover junction endodeoxyribonuclease RuvC	GO:0004520;GO:0006281;GO:0006310
640905	fig|6666666.1036479.peg.67	fig|6666666.1036479.peg.1890	0.5856565833091736	0.471106455703181	Very Low	Very Low	Very Low–Very Low			0	no STRING match	no STRING match	2043	2784	1	1	SPOUT_MTase	Predicted SPOUT methyltransferase	GO:0006364;GO:0008168	YbeY	Endoribonuclease YbeY	GO:0004222;GO:0006364
640952	fig|6666666.1036479.peg.1413	fig|6666666.1036479.peg.1906	0.5856435120105743	0.4711410037304518	Low	Medium	Low–Medium	Peptidase M23; COG4678 Muramidase (phage lambda lysozyme).		0	secondary STRING hit (STRING protein assigned to a better match)	no STRING match	2592	2790	1	1	Peptidase_M23	Peptidase family M23				
641361	fig|6666666.1036479.peg.268	fig|6666666.1036479.peg.2013	0.5855323612689972	0.4714416450741496	Very Low	Very Low	Very Low–Very Low			0	no STRING match	no STRING match	2102	2842	1	1	ThiS	ThiS family		Response_reg	Response regulator receiver domain	GO:0000160
641518	fig|6666666.1036479.peg.2141	fig|6666666.1036479.peg.2247	0.5854959130287171	0.4715570501865226	Very Low	Very Low	Very Low–Very Low			0	no STRING match	no STRING match	2899	2947	1	1						
641686	fig|6666666.1036479.peg.3144	fig|6666666.1036479.peg.1072	0.5854549467563629	0.4716805410074057	Low	Low	Low–Low		COG2148 Sugar transferases involved in lipopolysaccharide synthesis.	0	no STRING match	secondary STRING hit (STRING protein assigned to a better match)	1929	2416	1	1	DUF421	YetF C-terminal domain		Bac_transf	Bacterial sugar transferase	
641807	fig|6666666.1036479.peg.45	fig|6666666.1036479.peg.613	0.5854227006435394	0.4717694838010181	Medium	Low	Low–Medium	Membrane protein.		0	secondary STRING hit (STRING protein assigned to a better match)	no STRING match	2032	2228	1	1				Thioredoxin	Thioredoxin	
642353	fig|6666666.1036479.peg.1906	fig|6666666.1036479.peg.2324	0.5852778494358063	0.4721708289688884	Medium	Very Low	Very Low–Medium			0	no STRING match	no STRING match	2790	2980	1	1				AAA_15;AAA_21	AAA ATPase domain; AAA domain, putative AbiEii toxin, Type IV TA system	GO:0005524;GO:0016887
643169	fig|6666666.1036479.peg.263	fig|6666666.1036479.peg.352	0.5850564777851105	0.4727706415274638	Low	Very Low	Very Low–Low			0	no STRING match	no STRING match	2100	2134	1	1	DDE_Tnp_1;DDE_Tnp_1_4	Transposase DDE domain; Transposase DDE domain group 1	GO:0003677;GO:0004803;GO:0006313	Acetyltransf_3;Acetyltransf_1	Acetyltransferase (GNAT) domain; Acetyltransferase (GNAT) family	GO:0016747
643386	fig|6666666.1036479.peg.442	fig|6666666.1036479.peg.2013	0.5849998831748963	0.4729301505044379	Very Low	Very Low	Very Low–Very Low			0	no STRING match	no STRING match	2163	2842	1	1	cNMP_binding;HTH_Crp_2;Crp	Cyclic nucleotide-binding domain; Crp-like helix-turn-helix domain; Bacterial regulatory proteins, crp family	GO:0003677;GO:0006355	Response_reg	Response regulator receiver domain	GO:0000160
643605	fig|6666666.1036479.peg.26	fig|6666666.1036479.peg.229	0.5849517285823822	0.4730911296102321	Low	Low	Low–Low			0	no STRING match	no STRING match	2013	2085	2	1				MscL	Large-conductance mechanosensitive channel, MscL	
643687	fig|6666666.1036479.peg.3235	fig|6666666.1036479.peg.2324	0.584925502538681	0.4731514048918536	Very Low	Very Low	Very Low–Very Low			0	no STRING match	no STRING match	1985	2980	3	1				AAA_15;AAA_21	AAA ATPase domain; AAA domain, putative AbiEii toxin, Type IV TA system	GO:0005524;GO:0016887
644584	fig|6666666.1036479.peg.2991	fig|6666666.1036479.peg.155	0.5847033977508544	0.4738107576676406	Very Low	Very Low	Very Low–Very Low			0	no STRING match	no STRING match	1861	2067	1	1	DUF8828	Domain of unknown function (DUF8828)				
644968	fig|6666666.1036479.peg.2555	fig|6666666.1036479.peg.2174	0.5846071243286133	0.4740930224010879	Very Low	Very Low	Very Low–Very Low			0	no STRING match	no STRING match	1648	2923	2	1	HTH_31;HTH_19;Phage_CI_repr;HTH_26;HTH_3	Helix-turn-helix domain; Bacteriophage CI repressor helix-turn-helix domain; Cro/C1-type HTH DNA-binding domain; Helix-turn-helix	GO:0003677;GO:0045892	HTH_31;HTH_19;Phage_CI_repr;HTH_26;HTH_3	Helix-turn-helix domain; Bacteriophage CI repressor helix-turn-helix domain; Cro/C1-type HTH DNA-binding domain; Helix-turn-helix	GO:0003677;GO:0045892
645512	fig|6666666.1036479.peg.2553	fig|6666666.1036479.peg.2561	0.5844617784023285	0.4744928974401382	Very Low	Very Low	Very Low–Very Low	Tyrosine recombinase XerD; COG0582 Integrase; Belongs to the 'phage' integrase family.	Tyrosine recombinase XerD; COG0582 Integrase; Belongs to the 'phage' integrase family.	0	secondary STRING hit (STRING protein assigned to a better match)	secondary STRING hit (STRING protein assigned to a better match)	1646	1653	1	1	Phage_int_SAM_5;Phage_integrase	Phage integrase SAM-like domain; Phage integrase family	GO:0003677;GO:0006310;GO:0015074	Phage_int_SAM_5;Phage_integrase	Phage integrase SAM-like domain; Phage integrase family	GO:0003677;GO:0006310;GO:0015074
645617	fig|6666666.1036479.peg.1575	fig|6666666.1036479.peg.1622	0.5844382405281067	0.4745700792031901	Very Low	Very Low	Very Low–Very Low	Tyrosine recombinase XerD; COG0582 Integrase; Belongs to the 'phage' integrase family.	Tyrosine recombinase XerD; COG0582 Integrase; Belongs to the 'phage' integrase family.	0	secondary STRING hit (STRING protein assigned to a better match)	secondary STRING hit (STRING protein assigned to a better match)	2666	1135	2	2	Phage_integrase	Phage integrase family	GO:0003677;GO:0006310;GO:0015074	Phage_integrase	Phage integrase family	GO:0003677;GO:0006310;GO:0015074
645715	fig|6666666.1036479.peg.575	fig|6666666.1036479.peg.1206	0.5844105303287506	0.474642115515372	Low	Very Low	Very Low–Low			0	no STRING match	no STRING match	2212	2497	1	1	PMSR	Peptide methionine sulfoxide reductase	GO:0008113	Pribosyltran	Phosphoribosyl transferase domain	
645981	fig|6666666.1036479.peg.268	fig|6666666.1036479.peg.442	0.584347254037857	0.4748376426484371	Very Low	Very Low	Very Low–Very Low			0	no STRING match	no STRING match	2102	2163	1	1	ThiS	ThiS family		cNMP_binding;HTH_Crp_2;Crp	Cyclic nucleotide-binding domain; Crp-like helix-turn-helix domain; Bacterial regulatory proteins, crp family	GO:0003677;GO:0006355
647046	fig|6666666.1036479.peg.3253	fig|6666666.1036479.peg.111	0.5840772271156311	0.4756204862451072	Very Low	Low	Very Low–Low			0	no STRING match	no STRING match	2003	2061	3	1	Amidase_2	N-acetylmuramoyl-L-alanine amidase	GO:0008745;GO:0009253	YchJ_M-like	YchJ, middle NTF2-like domain	
647102	fig|6666666.1036479.peg.1315	fig|6666666.1036479.peg.1862	0.5840623855590821	0.4756616498520682	Very Low	Very Low	Very Low–Very Low			0	no STRING match	no STRING match	2539	2776	1	1	PAPS_reduct	Phosphoadenosine phosphosulfate reductase domain	GO:0003824	Adenine_glyco	Methyladenine glycosylase	GO:0006284;GO:0008725
647359	fig|6666666.1036479.peg.712	fig|6666666.1036479.peg.713	0.5839928269386292	0.4758505614054431	Very Low	Very Low	Very Low–Very Low	Hypothetical protein.	Hypothetical protein.	0	secondary STRING hit (STRING protein assigned to a better match)	secondary STRING hit (STRING protein assigned to a better match)	2271	2272	1	1	PDDEXK_2	PD-(D/E)XK nuclease family transposase		PDDEXK_2	PD-(D/E)XK nuclease family transposase	
647815	fig|6666666.1036479.peg.2126	fig|6666666.1036479.peg.2324	0.5838754594326019	0.4761857507764118	Very Low	Very Low	Very Low–Very Low			0	no STRING match	no STRING match	2889	2980	1	1	23S_rRNA_IVP	23S rRNA-intervening sequence protein		AAA_15;AAA_21	AAA ATPase domain; AAA domain, putative AbiEii toxin, Type IV TA system	GO:0005524;GO:0016887
647989	fig|6666666.1036479.peg.1095	fig|6666666.1036479.peg.2333	0.5838341474533081	0.4763136519837551	High	Low	Low–High	Multiple antibiotic resistance (MarC)-like protein; COG2095 Multiple antibiotic transporter.		0	secondary STRING hit (STRING protein assigned to a better match)	no STRING match	2430	2986	1	1	MarC	MarC family integral membrane protein	GO:0016020	Oxidored_q2	NADH-ubiquinone/plastoquinone oxidoreductase chain 4L	
648099	fig|6666666.1036479.peg.155	fig|6666666.1036479.peg.741	0.5838042080402375	0.4763945090688571	Very Low	Very Low	Very Low–Very Low			0	no STRING match	no STRING match	2067	2299	1	1						
648458	fig|6666666.1036479.peg.1340	fig|6666666.1036479.peg.2320	0.583710116147995	0.4766583971920539	Very Low	Low	Very Low–Low			0	no STRING match	no STRING match	2551	2977	1	1	Pyrophosphatase	Inorganic pyrophosphatase	GO:0000287;GO:0004427;GO:0005737;GO:0006796	Oxidored_q6	NADH ubiquinone oxidoreductase, 20 Kd subunit	GO:0051536
648577	fig|6666666.1036479.peg.2896	fig|6666666.1036479.peg.283	0.5836837470531464	0.4767458698568462	Very Low	Very Low	Very Low–Very Low			0	no STRING match	no STRING match	1818	2110	1	1	GmrSD_N;GmrSD_C	GmrSD restriction endonuclease, N-terminal domain; GmrSD restriction endonucleases, C-terminal domain		HTH_19	Helix-turn-helix domain	
648592	fig|6666666.1036479.peg.1072	fig|6666666.1036479.peg.1095	0.5836767494678498	0.4767568958229964	Low	High	Low–High	COG2148 Sugar transferases involved in lipopolysaccharide synthesis.	Multiple antibiotic resistance (MarC)-like protein; COG2095 Multiple antibiotic transporter.	0	secondary STRING hit (STRING protein assigned to a better match)	secondary STRING hit (STRING protein assigned to a better match)	2416	2430	1	1	Bac_transf	Bacterial sugar transferase		MarC	MarC family integral membrane protein	GO:0016020
648762	fig|6666666.1036479.peg.3235	fig|6666666.1036479.peg.550	0.5836421549320221	0.4768818567726997	Very Low	Low	Very Low–Low			0	no STRING match	no STRING match	1985	2198	3	1				DUF4357	Domain of unknown function (DUF4357)	
648870	fig|6666666.1036479.peg.1622	fig|6666666.1036479.peg.1645	0.5836130738258362	0.4769612437289817	Very Low	Very Low	Very Low–Very Low	Tyrosine recombinase XerD; COG0582 Integrase; Belongs to the 'phage' integrase family.	Tyrosine recombinase XerD; COG0582 Integrase; Belongs to the 'phage' integrase family.	0	secondary STRING hit (STRING protein assigned to a better match)	secondary STRING hit (STRING protein assigned to a better match)	1135	2699	2	2	Phage_integrase	Phage integrase family	GO:0003677;GO:0006310;GO:0015074	Phage_integrase	Phage integrase family	GO:0003677;GO:0006310;GO:0015074
649056	fig|6666666.1036479.peg.3144	fig|6666666.1036479.peg.1095	0.5835664987564086	0.4770979657092453	Low	High	Low–High		Multiple antibiotic resistance (MarC)-like protein; COG2095 Multiple antibiotic transporter.	0	no STRING match	secondary STRING hit (STRING protein assigned to a better match)	1929	2430	1	1	DUF421	YetF C-terminal domain		MarC	MarC family integral membrane protein	GO:0016020
649111	fig|6666666.1036479.peg.2645	fig|6666666.1036479.peg.3177	0.5835497915744782	0.4771383942517963	Low	Low	Low–Low			0	no STRING match	no STRING match	1693	1940	1	1	DUF5522	Family of unknown function (DUF5522)				
649567	fig|6666666.1036479.peg.2720	fig|6666666.1036479.peg.3124	0.5834445416927337	0.4774735836227649	Very Low	Very Low	Very Low–Very Low			0	no STRING match	no STRING match	1723	1920	1	1	Acetyltransf_3;Acetyltransf_1	Acetyltransferase (GNAT) domain; Acetyltransferase (GNAT) family	GO:0016747	ACP_PD	Acyl carrier protein phosphodiesterase	GO:0006633;GO:0008770
649829	fig|6666666.1036479.peg.2689	fig|6666666.1036479.peg.2342	0.583372437953949	0.4776661704981899	Low	Very Low	Very Low–Low			0	no STRING match	no STRING match	1709	2989	1	1	SecE	SecE/Sec61-gamma subunits of protein translocation complex	GO:0006605;GO:0006886;GO:0016020	Cytochrome_CBB3;Cytochrom_C	Cytochrome C oxidase, cbb3-type, subunit III; Cytochrome c	GO:0009055;GO:0020037
650310	fig|6666666.1036479.peg.268	fig|6666666.1036479.peg.939	0.583244514465332	0.478019736479409	Very Low	Very Low	Very Low–Very Low			0	no STRING match	no STRING match	2102	2387	1	1	ThiS	ThiS family		HTH_31;HTH_19;HTH_26;HTH_3	Helix-turn-helix domain; Cro/C1-type HTH DNA-binding domain; Helix-turn-helix	
650721	fig|6666666.1036479.peg.1315	fig|6666666.1036479.peg.1340	0.5831396341323852	0.4783218479519268	Very Low	Very Low	Very Low–Very Low			0	no STRING match	no STRING match	2539	2551	1	1	PAPS_reduct	Phosphoadenosine phosphosulfate reductase domain	GO:0003824	Pyrophosphatase	Inorganic pyrophosphatase	GO:0000287;GO:0004427;GO:0005737;GO:0006796
650948	fig|6666666.1036479.peg.2840	fig|6666666.1036479.peg.712	0.5830840229988098	0.4784887075730011	Very Low	Very Low	Very Low–Very Low	Hypothetical protein.	Hypothetical protein.	0	secondary STRING hit (STRING protein assigned to a better match)	secondary STRING hit (STRING protein assigned to a better match)	1783	2271	1	1	PDDEXK_2	PD-(D/E)XK nuclease family transposase		PDDEXK_2	PD-(D/E)XK nuclease family transposase	
651456	fig|6666666.1036479.peg.517	fig|6666666.1036479.peg.1486	0.5829618692398071	0.4788621202932907	Very Low	Very Low	Very Low–Very Low			0	no STRING match	no STRING match	2186	2616	1	1	Cons_hypoth95;MTS;Methyltransf_31;Methyltransf_15;Methyltransf_25	Conserved hypothetical protein 95; Methyltransferase small domain; Methyltransferase domain; RNA cap guanine-N2 methyltransferase	GO:0001510;GO:0008168;GO:0036261	RuvC	Crossover junction endodeoxyribonuclease RuvC	GO:0004520;GO:0006281;GO:0006310
651527	fig|6666666.1036479.peg.2884	fig|6666666.1036479.peg.2896	0.5829439043998719	0.478914309866402	Very Low	Very Low	Very Low–Very Low			0	no STRING match	no STRING match	1808	1818	1	1	DUF8412;OmdA	Domain of unknown function (DUF8412); Bacteriocin-protection, YdeI or OmpD-Associated		GmrSD_N;GmrSD_C	GmrSD restriction endonuclease, N-terminal domain; GmrSD restriction endonucleases, C-terminal domain	
651999	fig|6666666.1036479.peg.735	fig|6666666.1036479.peg.929	0.5828225255012512	0.479261260267931	Very Low	Very Low	Very Low–Very Low	Putative methyltransferase; COG0863 DNA modification methylase; Belongs to the N(4)/N(6)-methyltransferase family.		0	secondary STRING hit (STRING protein assigned to a better match)	no STRING match	2293	2383	1	1	N6_N4_Mtase	DNA methylase	GO:0003677;GO:0008170	DUF1599;DUF1599	Nucleotide modification associated domain 1	
652632	fig|6666666.1036479.peg.2720	fig|6666666.1036479.peg.2013	0.5826801955699921	0.4797265560394729	Very Low	Very Low	Very Low–Very Low			0	no STRING match	no STRING match	1723	2842	1	1	Acetyltransf_3;Acetyltransf_1	Acetyltransferase (GNAT) domain; Acetyltransferase (GNAT) family	GO:0016747	Response_reg	Response regulator receiver domain	GO:0000160
652865	fig|6666666.1036479.peg.1622	fig|6666666.1036479.peg.1629	0.5826227128505707	0.4798978260470073	Very Low	Very Low	Very Low–Very Low	Tyrosine recombinase XerD; COG0582 Integrase; Belongs to the 'phage' integrase family.	Tyrosine recombinase XerD; COG0582 Integrase; Belongs to the 'phage' integrase family.	0	secondary STRING hit (STRING protein assigned to a better match)	secondary STRING hit (STRING protein assigned to a better match)	1135	2691	2	2	Phage_integrase	Phage integrase family	GO:0003677;GO:0006310;GO:0015074	Phage_integrase	Phage integrase family	GO:0003677;GO:0006310;GO:0015074
652880	fig|6666666.1036479.peg.2298	fig|6666666.1036479.peg.2299	0.5826183676719665	0.4799088520131576	Very Low	Very Low	Very Low–Very Low			0	no STRING match	no STRING match	2965	2966	1	1	AntA	AntA/AntB antirepressor		HTH_23;HTH_3;Terminase_5	Homeodomain-like domain; Helix-turn-helix; Putative ATPase subunit of terminase (gpP-like)	
653042	fig|6666666.1036479.peg.2840	fig|6666666.1036479.peg.713	0.5825932919979095	0.4800279324475807	Very Low	Very Low	Very Low–Very Low	Hypothetical protein.	Hypothetical protein.	0	secondary STRING hit (STRING protein assigned to a better match)	secondary STRING hit (STRING protein assigned to a better match)	1783	2272	1	1	PDDEXK_2	PD-(D/E)XK nuclease family transposase		PDDEXK_2	PD-(D/E)XK nuclease family transposase	
653530	fig|6666666.1036479.peg.550	fig|6666666.1036479.peg.1630	0.5824663519859314	0.4803866438796699	Low	Very Low	Very Low–Low		Hypothetical protein.	0	no STRING match	secondary STRING hit (STRING protein assigned to a better match)	2198	2692	1	2	DUF4357	Domain of unknown function (DUF4357)		MTBMA_p00010_2nd	MTBMA_p00010 P-loop domain	
653835	fig|6666666.1036479.peg.1599	fig|6666666.1036479.peg.1622	0.5823896646499633	0.4806108385247257	Very Low	Very Low	Very Low–Very Low	Tyrosine recombinase XerD; COG0582 Integrase; Belongs to the 'phage' integrase family.	Tyrosine recombinase XerD; COG0582 Integrase; Belongs to the 'phage' integrase family.	0	secondary STRING hit (STRING protein assigned to a better match)	secondary STRING hit (STRING protein assigned to a better match)	2680	1135	2	2	Phage_integrase	Phage integrase family	GO:0003677;GO:0006310;GO:0015074	Phage_integrase	Phage integrase family	GO:0003677;GO:0006310;GO:0015074
653860	fig|6666666.1036479.peg.3239	fig|6666666.1036479.peg.1116	0.582384216785431	0.4806292151349762	Very Low	Very Low	Very Low–Very Low			0	no STRING match	no STRING match	1989	2447	2	1						
654875	fig|6666666.1036479.peg.2088	fig|6666666.1036479.peg.2174	0.582129979133606	0.4813753055111454	Very Low	Very Low	Very Low–Very Low			0	no STRING match	no STRING match	2869	2923	1	1	Ribonuclease_P	Ribonuclease P	GO:0000049;GO:0004526;GO:0008033	HTH_31;HTH_19;Phage_CI_repr;HTH_26;HTH_3	Helix-turn-helix domain; Bacteriophage CI repressor helix-turn-helix domain; Cro/C1-type HTH DNA-binding domain; Helix-turn-helix	GO:0003677;GO:0045892
655156	fig|6666666.1036479.peg.2841	fig|6666666.1036479.peg.712	0.5820644199848175	0.4815818586103607	Very Low	Very Low	Very Low–Very Low	Hypothetical protein.	Hypothetical protein.	0	secondary STRING hit (STRING protein assigned to a better match)	secondary STRING hit (STRING protein assigned to a better match)	1784	2271	1	1	PDDEXK_2	PD-(D/E)XK nuclease family transposase		PDDEXK_2	PD-(D/E)XK nuclease family transposase	
655400	fig|6666666.1036479.peg.2991	fig|6666666.1036479.peg.1569	0.582000482082367	0.4817612143264053	Very Low	Very Low	Very Low–Very Low			0	no STRING match	no STRING match	1861	2662	1	1	DUF8828	Domain of unknown function (DUF8828)				
655704	fig|6666666.1036479.peg.442	fig|6666666.1036479.peg.1244	0.5819238960742951	0.4819846739070511	Very Low	Very Low	Very Low–Very Low			0	no STRING match	no STRING match	2163	2513	1	1	cNMP_binding;HTH_Crp_2;Crp	Cyclic nucleotide-binding domain; Crp-like helix-turn-helix domain; Bacterial regulatory proteins, crp family	GO:0003677;GO:0006355	HTH_24;HTH_AsnC-type;HTH_11;AsnC_trans_reg	Winged helix-turn-helix DNA-binding; AsnC-type helix-turn-helix domain; HTH domain; Lrp/AsnC ligand binding domain	GO:0043565
655760	fig|6666666.1036479.peg.2841	fig|6666666.1036479.peg.713	0.5819047808647155	0.4820258375140122	Very Low	Very Low	Very Low–Very Low	Hypothetical protein.	Hypothetical protein.	0	secondary STRING hit (STRING protein assigned to a better match)	secondary STRING hit (STRING protein assigned to a better match)	1784	2272	1	1	PDDEXK_2	PD-(D/E)XK nuclease family transposase		PDDEXK_2	PD-(D/E)XK nuclease family transposase	
657099	fig|6666666.1036479.peg.2720	fig|6666666.1036479.peg.268	0.581562602519989	0.4830100887590275	Very Low	Very Low	Very Low–Very Low			0	no STRING match	no STRING match	1723	2102	1	1	Acetyltransf_3;Acetyltransf_1	Acetyltransferase (GNAT) domain; Acetyltransferase (GNAT) family	GO:0016747	ThiS	ThiS family	
657101	fig|6666666.1036479.peg.220	fig|6666666.1036479.peg.741	0.5815622210502625	0.4830115588878475	Very Low	Very Low	Very Low–Very Low			0	no STRING match	no STRING match	2082	2299	1	1	DUF6495	Family of unknown function (DUF6495)				
657213	fig|6666666.1036479.peg.3091	fig|6666666.1036479.peg.1206	0.5815288186073303	0.4830938861017697	Very Low	Very Low	Very Low–Very Low			0	no STRING match	no STRING match	1908	2497	1	1	Rad17;TsaE	Rad17 P-loop domain; Threonylcarbamoyl adenosine biosynthesis protein TsaE	GO:0002949	Pribosyltran	Phosphoribosyl transferase domain	
657938	fig|6666666.1036479.peg.939	fig|6666666.1036479.peg.2013	0.5813461363315582	0.4836268077990334	Very Low	Very Low	Very Low–Very Low			0	no STRING match	no STRING match	2387	2842	1	1	HTH_31;HTH_19;HTH_26;HTH_3	Helix-turn-helix domain; Cro/C1-type HTH DNA-binding domain; Helix-turn-helix		Response_reg	Response regulator receiver domain	GO:0000160
658237	fig|6666666.1036479.peg.550	fig|6666666.1036479.peg.2411	0.5812729895114899	0.483846592057629	Low	Medium	Low–Medium			0	no STRING match	no STRING match	2198	3013	1	1	DUF4357	Domain of unknown function (DUF4357)		Peptidase_S41	Peptidase family S41	GO:0006508;GO:0008236
658261	fig|6666666.1036479.peg.2757	fig|6666666.1036479.peg.2088	0.5812665283679962	0.4838642336034695	Very Low	Very Low	Very Low–Very Low			0	no STRING match	no STRING match	1736	2869	1	1	ZapA	Cell division protein ZapA		Ribonuclease_P	Ribonuclease P	GO:0000049;GO:0004526;GO:0008033
658291	fig|6666666.1036479.peg.3091	fig|6666666.1036479.peg.870	0.581256777048111	0.48388628553577	Very Low	Very Low	Very Low–Very Low			0	no STRING match	no STRING match	1908	2349	1	1	Rad17;TsaE	Rad17 P-loop domain; Threonylcarbamoyl adenosine biosynthesis protein TsaE	GO:0002949	GAF_2;GAF	GAF domain	GO:0005515
658355	fig|6666666.1036479.peg.1575	fig|6666666.1036479.peg.1645	0.581241250038147	0.4839333296580113	Very Low	Very Low	Very Low–Very Low	Tyrosine recombinase XerD; COG0582 Integrase; Belongs to the 'phage' integrase family.	Tyrosine recombinase XerD; COG0582 Integrase; Belongs to the 'phage' integrase family.	0	secondary STRING hit (STRING protein assigned to a better match)	secondary STRING hit (STRING protein assigned to a better match)	2666	2699	2	2	Phage_integrase	Phage integrase family	GO:0003677;GO:0006310;GO:0015074	Phage_integrase	Phage integrase family	GO:0003677;GO:0006310;GO:0015074
658908	fig|6666666.1036479.peg.3177	fig|6666666.1036479.peg.1852	0.5811150789260864	0.4843398202767517	Low	Very Low	Very Low–Low			0	no STRING match	no STRING match	1940	2773	1	1						
658919	fig|6666666.1036479.peg.1535	fig|6666666.1036479.peg.2225	0.5811120092868804	0.4843479059852619	Very Low	Very Low	Very Low–Very Low			0	no STRING match	no STRING match	2641	2941	1	1	Thioredoxin;Thioredoxin_9;Thioredoxin_2	Thioredoxin; Thioredoxin-like domain		PP-binding	Phosphopantetheine attachment site	
659132	fig|6666666.1036479.peg.550	fig|6666666.1036479.peg.2298	0.5810557723045349	0.484504474704596	Low	Very Low	Very Low–Low			0	no STRING match	no STRING match	2198	2965	1	1	DUF4357	Domain of unknown function (DUF4357)		AntA	AntA/AntB antirepressor	
659236	fig|6666666.1036479.peg.3091	fig|6666666.1036479.peg.1863	0.581026804447174	0.4845809214032379	Very Low	Very Low	Very Low–Very Low			0	no STRING match	no STRING match	1908	2777	1	1	Rad17;TsaE	Rad17 P-loop domain; Threonylcarbamoyl adenosine biosynthesis protein TsaE	GO:0002949	ThiS	ThiS family	
660306	fig|6666666.1036479.peg.2840	fig|6666666.1036479.peg.2841	0.5807737648487091	0.4853674403219582	Very Low	Very Low	Very Low–Very Low	Hypothetical protein.	Hypothetical protein.	0	secondary STRING hit (STRING protein assigned to a better match)	secondary STRING hit (STRING protein assigned to a better match)	1783	1784	1	1	PDDEXK_2	PD-(D/E)XK nuclease family transposase		PDDEXK_2	PD-(D/E)XK nuclease family transposase	
660339	fig|6666666.1036479.peg.712	fig|6666666.1036479.peg.1372	0.5807656586170197	0.4853916974474888	Very Low	Very Low	Very Low–Very Low	Hypothetical protein.	Hypothetical protein.	0	secondary STRING hit (STRING protein assigned to a better match)	secondary STRING hit (STRING protein assigned to a better match)	2271	2579	1	1	PDDEXK_2	PD-(D/E)XK nuclease family transposase		PDDEXK_2	PD-(D/E)XK nuclease family transposase	
660435	fig|6666666.1036479.peg.713	fig|6666666.1036479.peg.1372	0.5807423412799835	0.4854622636308506	Very Low	Very Low	Very Low–Very Low	Hypothetical protein.	Hypothetical protein.	0	secondary STRING hit (STRING protein assigned to a better match)	secondary STRING hit (STRING protein assigned to a better match)	2272	2579	1	1	PDDEXK_2	PD-(D/E)XK nuclease family transposase		PDDEXK_2	PD-(D/E)XK nuclease family transposase	
660696	fig|6666666.1036479.peg.3250	fig|6666666.1036479.peg.1153	0.5806736767292022	0.4856541154418656	Very Low	Very Low	Very Low–Very Low			0	no STRING match	no STRING match	2000	2478	1	1				Ribosomal_S19	Ribosomal protein S19	GO:0003735;GO:0005840;GO:0006412
661377	fig|6666666.1036479.peg.1575	fig|6666666.1036479.peg.1599	0.5805110514163971	0.4861546943050885	Very Low	Very Low	Very Low–Very Low	Tyrosine recombinase XerD; COG0582 Integrase; Belongs to the 'phage' integrase family.	Tyrosine recombinase XerD; COG0582 Integrase; Belongs to the 'phage' integrase family.	0	secondary STRING hit (STRING protein assigned to a better match)	secondary STRING hit (STRING protein assigned to a better match)	2666	2680	2	2	Phage_integrase	Phage integrase family	GO:0003677;GO:0006310;GO:0015074	Phage_integrase	Phage integrase family	GO:0003677;GO:0006310;GO:0015074
661582	fig|6666666.1036479.peg.651	fig|6666666.1036479.peg.712	0.5804584503173829	0.4863053825091423	Very Low	Very Low	Very Low–Very Low	Hypothetical protein.	Hypothetical protein.	0	secondary STRING hit (STRING protein assigned to a better match)	secondary STRING hit (STRING protein assigned to a better match)	2248	2271	1	1	PDDEXK_2	PD-(D/E)XK nuclease family transposase		PDDEXK_2	PD-(D/E)XK nuclease family transposase	
661850	fig|6666666.1036479.peg.111	fig|6666666.1036479.peg.2122	0.5803938448429108	0.4865023797710274	Low	Very Low	Very Low–Low			0	no STRING match	no STRING match	2061	2888	1	1	YchJ_M-like	YchJ, middle NTF2-like domain		ArsC	ArsC family	
661886	fig|6666666.1036479.peg.1575	fig|6666666.1036479.peg.1629	0.5803830683231354	0.4865288420897881	Very Low	Very Low	Very Low–Very Low	Tyrosine recombinase XerD; COG0582 Integrase; Belongs to the 'phage' integrase family.	Tyrosine recombinase XerD; COG0582 Integrase; Belongs to the 'phage' integrase family.	0	secondary STRING hit (STRING protein assigned to a better match)	secondary STRING hit (STRING protein assigned to a better match)	2666	2691	2	2	Phage_integrase	Phage integrase family	GO:0003677;GO:0006310;GO:0015074	Phage_integrase	Phage integrase family	GO:0003677;GO:0006310;GO:0015074
663443	fig|6666666.1036479.peg.3072	fig|6666666.1036479.peg.2126	0.5799970626831055	0.4876733373761875	Very Low	Very Low	Very Low–Very Low			0	no STRING match	no STRING match	1897	2889	1	1	TerB	Tellurite resistance protein TerB		23S_rRNA_IVP	23S rRNA-intervening sequence protein	
663570	fig|6666666.1036479.peg.651	fig|6666666.1036479.peg.713	0.5799654245376586	0.48776669055626	Very Low	Very Low	Very Low–Very Low	Hypothetical protein.	Hypothetical protein.	0	secondary STRING hit (STRING protein assigned to a better match)	secondary STRING hit (STRING protein assigned to a better match)	2248	2272	1	1	PDDEXK_2	PD-(D/E)XK nuclease family transposase		PDDEXK_2	PD-(D/E)XK nuclease family transposase	
664114	fig|6666666.1036479.peg.2840	fig|6666666.1036479.peg.651	0.5798437237739563	0.4881665655953103	Very Low	Very Low	Very Low–Very Low	Hypothetical protein.	Hypothetical protein.	0	secondary STRING hit (STRING protein assigned to a better match)	secondary STRING hit (STRING protein assigned to a better match)	1783	2248	1	1	PDDEXK_2	PD-(D/E)XK nuclease family transposase		PDDEXK_2	PD-(D/E)XK nuclease family transposase	
664501	fig|6666666.1036479.peg.613	fig|6666666.1036479.peg.2126	0.5797475516796112	0.4884510355219876	Low	Very Low	Very Low–Low			0	no STRING match	no STRING match	2228	2889	1	1	Thioredoxin	Thioredoxin		23S_rRNA_IVP	23S rRNA-intervening sequence protein	
665318	fig|6666666.1036479.peg.1599	fig|6666666.1036479.peg.1645	0.5795518755912781	0.4890515831449731	Very Low	Very Low	Very Low–Very Low	Tyrosine recombinase XerD; COG0582 Integrase; Belongs to the 'phage' integrase family.	Tyrosine recombinase XerD; COG0582 Integrase; Belongs to the 'phage' integrase family.	0	secondary STRING hit (STRING protein assigned to a better match)	secondary STRING hit (STRING protein assigned to a better match)	2680	2699	2	2	Phage_integrase	Phage integrase family	GO:0003677;GO:0006310;GO:0015074	Phage_integrase	Phage integrase family	GO:0003677;GO:0006310;GO:0015074
665418	fig|6666666.1036479.peg.111	fig|6666666.1036479.peg.575	0.5795216798782349	0.4891250895859749	Low	Low	Low–Low			0	no STRING match	no STRING match	2061	2212	1	1	YchJ_M-like	YchJ, middle NTF2-like domain		PMSR	Peptide methionine sulfoxide reductase	GO:0008113
665453	fig|6666666.1036479.peg.3072	fig|6666666.1036479.peg.2396	0.5795137286186218	0.4891508168403256	Very Low	Very Low	Very Low–Very Low			0	no STRING match	no STRING match	1897	3004	1	1	TerB	Tellurite resistance protein TerB				
665924	fig|6666666.1036479.peg.2088	fig|6666666.1036479.peg.2295	0.5794065117835998	0.4894970321774445	Very Low	Very Low	Very Low–Very Low			0	no STRING match	no STRING match	2869	2962	1	1	Ribonuclease_P	Ribonuclease P	GO:0000049;GO:0004526;GO:0008033	HTH_17	Helix-turn-helix domain	
666197	fig|6666666.1036479.peg.2840	fig|6666666.1036479.peg.1372	0.57934610247612	0.4896977047613797	Very Low	Very Low	Very Low–Very Low	Hypothetical protein.	Hypothetical protein.	0	secondary STRING hit (STRING protein assigned to a better match)	secondary STRING hit (STRING protein assigned to a better match)	1783	2579	1	1	PDDEXK_2	PD-(D/E)XK nuclease family transposase		PDDEXK_2	PD-(D/E)XK nuclease family transposase	
666287	fig|6666666.1036479.peg.2757	fig|6666666.1036479.peg.2174	0.5793228447437286	0.4897638605582814	Very Low	Very Low	Very Low–Very Low			0	no STRING match	no STRING match	1736	2923	1	1	ZapA	Cell division protein ZapA		HTH_31;HTH_19;Phage_CI_repr;HTH_26;HTH_3	Helix-turn-helix domain; Bacteriophage CI repressor helix-turn-helix domain; Cro/C1-type HTH DNA-binding domain; Helix-turn-helix	GO:0003677;GO:0045892
666642	fig|6666666.1036479.peg.2841	fig|6666666.1036479.peg.1372	0.5792413473129272	0.4900248084238381	Very Low	Very Low	Very Low–Very Low	Hypothetical protein.	Hypothetical protein.	0	secondary STRING hit (STRING protein assigned to a better match)	secondary STRING hit (STRING protein assigned to a better match)	1784	2579	1	1	PDDEXK_2	PD-(D/E)XK nuclease family transposase		PDDEXK_2	PD-(D/E)XK nuclease family transposase	
666686	fig|6666666.1036479.peg.1629	fig|6666666.1036479.peg.1645	0.5792321622371673	0.4900571512578789	Very Low	Very Low	Very Low–Very Low	Tyrosine recombinase XerD; COG0582 Integrase; Belongs to the 'phage' integrase family.	Tyrosine recombinase XerD; COG0582 Integrase; Belongs to the 'phage' integrase family.	0	secondary STRING hit (STRING protein assigned to a better match)	secondary STRING hit (STRING protein assigned to a better match)	2691	2699	2	2	Phage_integrase	Phage integrase family	GO:0003677;GO:0006310;GO:0015074	Phage_integrase	Phage integrase family	GO:0003677;GO:0006310;GO:0015074
666789	fig|6666666.1036479.peg.3242	fig|6666666.1036479.peg.1153	0.5792020738124848	0.4901328628921109	Very Low	Very Low	Very Low–Very Low			0	no STRING match	no STRING match	1992	2478	3	1	Phage_Mu_F	Phage Mu protein F like protein		Ribosomal_S19	Ribosomal protein S19	GO:0003735;GO:0005840;GO:0006412
667980	fig|6666666.1036479.peg.3236	fig|6666666.1036479.peg.283	0.5789064168930054	0.4910083246044435	Very Low	Very Low	Very Low–Very Low			0	no STRING match	no STRING match	1986	2110	3	1	LvrA_C	Legionella vir region protein LvrA C-terminal domain		HTH_19	Helix-turn-helix domain	
668254	fig|6666666.1036479.peg.2883	fig|6666666.1036479.peg.3253	0.5788349092006684	0.4912097322527886	Very Low	Very Low	Very Low–Very Low	Integrase catalytic subunit; COG2801 Transposase and inactivated derivatives.		0	secondary STRING hit (STRING protein assigned to a better match)	no STRING match	1807	2003	8	3	HTH_28;HTH_29;rve_3	Helix-turn-helix domain; Winged helix-turn helix; Integrase core domain	GO:0015074	Amidase_2	N-acetylmuramoyl-L-alanine amidase	GO:0008745;GO:0009253
669036	fig|6666666.1036479.peg.3253	fig|6666666.1036479.peg.263	0.5786409795284271	0.4917845526214234	Very Low	Low	Very Low–Low			0	no STRING match	no STRING match	2003	2100	3	1	Amidase_2	N-acetylmuramoyl-L-alanine amidase	GO:0008745;GO:0009253	DDE_Tnp_1;DDE_Tnp_1_4	Transposase DDE domain; Transposase DDE domain group 1	GO:0003677;GO:0004803;GO:0006313
669153	fig|6666666.1036479.peg.3072	fig|6666666.1036479.peg.220	0.5786123931407928	0.4918705551573956	Very Low	Very Low	Very Low–Very Low			0	no STRING match	no STRING match	1897	2082	1	1	TerB	Tellurite resistance protein TerB		DUF6495	Family of unknown function (DUF6495)	
669333	fig|6666666.1036479.peg.111	fig|6666666.1036479.peg.870	0.5785818278789521	0.4920028667511991	Low	Very Low	Very Low–Low			0	no STRING match	no STRING match	2061	2349	1	1	YchJ_M-like	YchJ, middle NTF2-like domain		GAF_2;GAF	GAF domain	GO:0005515
669577	fig|6666666.1036479.peg.3251	fig|6666666.1036479.peg.3255	0.5785233080387115	0.4921822224672437	Very Low	Very Low	Very Low–Very Low			0	no STRING match	no STRING match	2001	2005	3	3				DUF2586;DUF2586_C	DUF2586, N-terminal domain; DUF2586, C-terminal domain	
669795	fig|6666666.1036479.peg.260	fig|6666666.1036479.peg.2057	0.5784735262393952	0.4923424665086278	Low	Medium	Low–Medium			0	no STRING match	no STRING match	2099	2857	1	1	ExbD	Biopolymer transport protein ExbD/TolR	GO:0022857;GO:0055085	OSCP	ATP synthase delta (OSCP) subunit	GO:0015986;GO:0046933
669967	fig|6666666.1036479.peg.2841	fig|6666666.1036479.peg.651	0.5784502983093261	0.492468897587151	Very Low	Very Low	Very Low–Very Low	Hypothetical protein.	Hypothetical protein.	0	secondary STRING hit (STRING protein assigned to a better match)	secondary STRING hit (STRING protein assigned to a better match)	1784	2248	1	1	PDDEXK_2	PD-(D/E)XK nuclease family transposase		PDDEXK_2	PD-(D/E)XK nuclease family transposase	
670670	fig|6666666.1036479.peg.1599	fig|6666666.1036479.peg.1629	0.5782969713211059	0.4929856478673944	Very Low	Very Low	Very Low–Very Low	Tyrosine recombinase XerD; COG0582 Integrase; Belongs to the 'phage' integrase family.	Tyrosine recombinase XerD; COG0582 Integrase; Belongs to the 'phage' integrase family.	0	secondary STRING hit (STRING protein assigned to a better match)	secondary STRING hit (STRING protein assigned to a better match)	2680	2691	2	2	Phage_integrase	Phage integrase family	GO:0003677;GO:0006310;GO:0015074	Phage_integrase	Phage integrase family	GO:0003677;GO:0006310;GO:0015074
670836	fig|6666666.1036479.peg.575	fig|6666666.1036479.peg.870	0.5782566964626312	0.4931076685594575	Low	Very Low	Very Low–Low			0	no STRING match	no STRING match	2212	2349	1	1	PMSR	Peptide methionine sulfoxide reductase	GO:0008113	GAF_2;GAF	GAF domain	GO:0005515
671784	fig|6666666.1036479.peg.1569	fig|6666666.1036479.peg.1982	0.5780149340629578	0.4938045096201555	Very Low	Very Low	Very Low–Very Low			0	no STRING match	no STRING match	2662	2833	1	1						
671834	fig|6666666.1036479.peg.3250	fig|6666666.1036479.peg.25	0.5780003845691681	0.4938412628406564	Very Low	Very Low	Very Low–Very Low			0	no STRING match	no STRING match	2000	2012	1	2						
672038	fig|6666666.1036479.peg.3124	fig|6666666.1036479.peg.2126	0.5779483795166016	0.4939912159803002	Very Low	Very Low	Very Low–Very Low			0	no STRING match	no STRING match	1920	2889	1	1	ACP_PD	Acyl carrier protein phosphodiesterase	GO:0006633;GO:0008770	23S_rRNA_IVP	23S rRNA-intervening sequence protein	
672131	fig|6666666.1036479.peg.3257	fig|6666666.1036479.peg.2015	0.5779315531253815	0.494059576970432	Very Low	Low	Very Low–Low			0	no STRING match	no STRING match	2007	2843	1	1						
672144	fig|6666666.1036479.peg.2554	fig|6666666.1036479.peg.2562	0.5779290437698364	0.4940691328077622	Low	Low	Low–Low	Hypothetical protein.	Hypothetical protein.	0	secondary STRING hit (STRING protein assigned to a better match)	secondary STRING hit (STRING protein assigned to a better match)	1647	1654	1	1	Zn_ribbon_DnaG;Toprim_3;Toprim_2;MTBMA_p00010_2nd	CHC2 zinc finger; Toprim domain; Toprim-like; MTBMA_p00010 P-loop domain	GO:0003677;GO:0003899;GO:0006260;GO:0008270	Zn_ribbon_DnaG;Toprim_3;Toprim_2;MTBMA_p00010_2nd	CHC2 zinc finger; Toprim domain; Toprim-like; MTBMA_p00010 P-loop domain	GO:0003677;GO:0003899;GO:0006260;GO:0008270
672440	fig|6666666.1036479.peg.2406	fig|6666666.1036479.peg.2407	0.5778534591197968	0.4942867118731279	Very Low	Very Low	Very Low–Very Low			0	no STRING match	no STRING match	3008	3009	1	1						
673696	fig|6666666.1036479.peg.3253	fig|6666666.1036479.peg.1369	0.5775796234607696	0.4952099527721116	Very Low	Very Low	Very Low–Very Low		Integrase catalytic subunit; COG2801 Transposase and inactivated derivatives.	0	no STRING match	secondary STRING hit (STRING protein assigned to a better match)	2003	2577	3	3	Amidase_2	N-acetylmuramoyl-L-alanine amidase	GO:0008745;GO:0009253	HTH_28;HTH_29	Helix-turn-helix domain; Winged helix-turn helix	
673877	fig|6666666.1036479.peg.2884	fig|6666666.1036479.peg.2088	0.5775417268276215	0.495342999430325	Very Low	Very Low	Very Low–Very Low			0	no STRING match	no STRING match	1808	2869	1	1	DUF8412;OmdA	Domain of unknown function (DUF8412); Bacteriocin-protection, YdeI or OmpD-Associated		Ribonuclease_P	Ribonuclease P	GO:0000049;GO:0004526;GO:0008033
674159	fig|6666666.1036479.peg.1890	fig|6666666.1036479.peg.2019	0.5774851322174073	0.4955502875939504	Very Low	Very Low	Very Low–Very Low			0	no STRING match	no STRING match	2784	2845	1	1	YbeY	Endoribonuclease YbeY	GO:0004222;GO:0006364	NERD;UPF0102	Nuclease-related domain; Uncharacterised protein family UPF0102	
674198	fig|6666666.1036479.peg.268	fig|6666666.1036479.peg.2479	0.5774739444255829	0.4955789551059411	Very Low	Very Low	Very Low–Very Low			0	no STRING match	no STRING match	2102	3043	1	1	ThiS	ThiS family				
674234	fig|6666666.1036479.peg.1616	fig|6666666.1036479.peg.2174	0.5774678409099578	0.4956054174247018	Very Low	Very Low	Very Low–Very Low			0	no STRING match	no STRING match	2687	2923	2	1	HTH_31;HTH_19;HTH_3	Helix-turn-helix domain; Helix-turn-helix		HTH_31;HTH_19;Phage_CI_repr;HTH_26;HTH_3	Helix-turn-helix domain; Bacteriophage CI repressor helix-turn-helix domain; Cro/C1-type HTH DNA-binding domain; Helix-turn-helix	GO:0003677;GO:0045892
674783	fig|6666666.1036479.peg.741	fig|6666666.1036479.peg.2321	0.577348506450653	0.4960089677858022	Very Low	Very Low	Very Low–Very Low			0	no STRING match	no STRING match	2299	2978	1	1				Complex1_30kDa	Respiratory-chain NADH dehydrogenase, 30 Kd subunit	GO:0008137
674964	fig|6666666.1036479.peg.1622	fig|6666666.1036479.peg.2174	0.5773124873638154	0.4961420144440157	Very Low	Very Low	Very Low–Very Low	Tyrosine recombinase XerD; COG0582 Integrase; Belongs to the 'phage' integrase family.		0	secondary STRING hit (STRING protein assigned to a better match)	no STRING match	1135	2923	2	1	Phage_integrase	Phage integrase family	GO:0003677;GO:0006310;GO:0015074	HTH_31;HTH_19;Phage_CI_repr;HTH_26;HTH_3	Helix-turn-helix domain; Bacteriophage CI repressor helix-turn-helix domain; Cro/C1-type HTH DNA-binding domain; Helix-turn-helix	GO:0003677;GO:0045892
675239	fig|6666666.1036479.peg.2757	fig|6666666.1036479.peg.2295	0.5772340834140778	0.4963441571567709	Very Low	Very Low	Very Low–Very Low			0	no STRING match	no STRING match	1736	2962	1	1	ZapA	Cell division protein ZapA		HTH_17	Helix-turn-helix domain	
675620	fig|6666666.1036479.peg.651	fig|6666666.1036479.peg.1372	0.5771409928798675	0.4966242166969881	Very Low	Very Low	Very Low–Very Low	Hypothetical protein.	Hypothetical protein.	0	secondary STRING hit (STRING protein assigned to a better match)	secondary STRING hit (STRING protein assigned to a better match)	2248	2579	1	1	PDDEXK_2	PD-(D/E)XK nuclease family transposase		PDDEXK_2	PD-(D/E)XK nuclease family transposase	
675664	fig|6666666.1036479.peg.1862	fig|6666666.1036479.peg.2223	0.5771330237388611	0.4966565595310289	Very Low	Very Low	Very Low–Very Low			0	no STRING match	no STRING match	2776	2939	1	1	Adenine_glyco	Methyladenine glycosylase	GO:0006284;GO:0008725	RNase_H	RNase H	GO:0003676;GO:0004523
676320	fig|6666666.1036479.peg.2561	fig|6666666.1036479.peg.1645	0.5769840478897095	0.4971387617840013	Very Low	Very Low	Very Low–Very Low	Tyrosine recombinase XerD; COG0582 Integrase; Belongs to the 'phage' integrase family.	Tyrosine recombinase XerD; COG0582 Integrase; Belongs to the 'phage' integrase family.	0	secondary STRING hit (STRING protein assigned to a better match)	secondary STRING hit (STRING protein assigned to a better match)	1653	2699	1	2	Phage_int_SAM_5;Phage_integrase	Phage integrase SAM-like domain; Phage integrase family	GO:0003677;GO:0006310;GO:0015074	Phage_integrase	Phage integrase family	GO:0003677;GO:0006310;GO:0015074
676706	fig|6666666.1036479.peg.220	fig|6666666.1036479.peg.2321	0.5768932580947876	0.4974224966462686	Very Low	Very Low	Very Low–Very Low			0	no STRING match	no STRING match	2082	2978	1	1	DUF6495	Family of unknown function (DUF6495)		Complex1_30kDa	Respiratory-chain NADH dehydrogenase, 30 Kd subunit	GO:0008137
676778	fig|6666666.1036479.peg.2875	fig|6666666.1036479.peg.2411	0.5768760085105896	0.4974754212837899	Medium	Medium	Medium–Medium			0	no STRING match	no STRING match	1801	3013	1	1	Cytochrome_CBB3	Cytochrome C oxidase, cbb3-type, subunit III	GO:0009055;GO:0020037	Peptidase_S41	Peptidase family S41	GO:0006508;GO:0008236
676902	fig|6666666.1036479.peg.3257	fig|6666666.1036479.peg.25	0.576849353313446	0.4975665692706323	Very Low	Very Low	Very Low–Very Low			0	no STRING match	no STRING match	2007	2012	1	2						
677056	fig|6666666.1036479.peg.2126	fig|6666666.1036479.peg.2479	0.5768147468566894	0.4976797691897752	Very Low	Very Low	Very Low–Very Low			0	no STRING match	no STRING match	2889	3043	1	1	23S_rRNA_IVP	23S rRNA-intervening sequence protein				
677117	fig|6666666.1036479.peg.2875	fig|6666666.1036479.peg.644	0.5767989695072174	0.4977246081187864	Medium	High	Medium–High			0	no STRING match	no STRING match	1801	2243	1	1	Cytochrome_CBB3	Cytochrome C oxidase, cbb3-type, subunit III	GO:0009055;GO:0020037	Ank_2;Ank_4;Ank_5;Ank;Ank_3;Ank_2	Ankyrin repeats (3 copies); Ankyrin repeats (many copies); Ankyrin repeat	GO:0005515
677228	fig|6666666.1036479.peg.657	fig|6666666.1036479.peg.658	0.5767767488956451	0.4978062002682985	Very Low	Very Low	Very Low–Very Low			0	no STRING match	no STRING match	2251	2252	1	1	HTH_19;HTH_31;HTH_3	Helix-turn-helix domain; Helix-turn-helix		HTH_19;HTH_31;HTH_3	Helix-turn-helix domain; Helix-turn-helix	
677505	fig|6666666.1036479.peg.413	fig|6666666.1036479.peg.1903	0.5767165780067444	0.4980098131098737	Very Low	Very Low	Very Low–Very Low			0	no STRING match	no STRING match	2151	2789	1	1	ACBP	Acyl CoA binding protein	GO:0000062	KilA-N	KilA-N domain	
677863	fig|6666666.1036479.peg.2396	fig|6666666.1036479.peg.2407	0.5766375482082366	0.4982729661686605	Very Low	Very Low	Very Low–Very Low			0	no STRING match	no STRING match	3004	3009	1	1						
677880	fig|6666666.1036479.peg.3257	fig|6666666.1036479.peg.1569	0.5766338109970093	0.4982854622636308	Very Low	Very Low	Very Low–Very Low			0	no STRING match	no STRING match	2007	2662	1	1						
677955	fig|6666666.1036479.peg.735	fig|6666666.1036479.peg.1906	0.5766113758087158	0.4983405920943822	Very Low	Medium	Very Low–Medium	Putative methyltransferase; COG0863 DNA modification methylase; Belongs to the N(4)/N(6)-methyltransferase family.		0	secondary STRING hit (STRING protein assigned to a better match)	no STRING match	2293	2790	1	1	N6_N4_Mtase	DNA methylase	GO:0003677;GO:0008170			
678316	fig|6666666.1036479.peg.2555	fig|6666666.1036479.peg.2088	0.5765223681926728	0.4986059503463991	Very Low	Very Low	Very Low–Very Low			0	no STRING match	no STRING match	1648	2869	2	1	HTH_31;HTH_19;Phage_CI_repr;HTH_26;HTH_3	Helix-turn-helix domain; Bacteriophage CI repressor helix-turn-helix domain; Cro/C1-type HTH DNA-binding domain; Helix-turn-helix	GO:0003677;GO:0045892	Ribonuclease_P	Ribonuclease P	GO:0000049;GO:0004526;GO:0008033
678473	fig|6666666.1036479.peg.1486	fig|6666666.1036479.peg.1890	0.576492041349411	0.498721355458772	Very Low	Very Low	Very Low–Very Low			0	no STRING match	no STRING match	2616	2784	1	1	RuvC	Crossover junction endodeoxyribonuclease RuvC	GO:0004520;GO:0006281;GO:0006310	YbeY	Endoribonuclease YbeY	GO:0004222;GO:0006364
678752	fig|6666666.1036479.peg.2875	fig|6666666.1036479.peg.1403	0.5764273822307586	0.4989264384291673	Medium	High	Medium–High			0	no STRING match	no STRING match	1801	2586	1	1	Cytochrome_CBB3	Cytochrome C oxidase, cbb3-type, subunit III	GO:0009055;GO:0020037	Thioredox_DsbH;Thioredoxin_7;Thioredoxin_2	Protein of unknown function, DUF255; Thioredoxin-like; Thioredoxin-like domain	
679084	fig|6666666.1036479.peg.2561	fig|6666666.1036479.peg.1575	0.5763450682163238	0.4991704798132936	Very Low	Very Low	Very Low–Very Low	Tyrosine recombinase XerD; COG0582 Integrase; Belongs to the 'phage' integrase family.	Tyrosine recombinase XerD; COG0582 Integrase; Belongs to the 'phage' integrase family.	0	secondary STRING hit (STRING protein assigned to a better match)	secondary STRING hit (STRING protein assigned to a better match)	1653	2666	1	2	Phage_int_SAM_5;Phage_integrase	Phage integrase SAM-like domain; Phage integrase family	GO:0003677;GO:0006310;GO:0015074	Phage_integrase	Phage integrase family	GO:0003677;GO:0006310;GO:0015074
679203	fig|6666666.1036479.peg.263	fig|6666666.1036479.peg.1072	0.5763165831565857	0.4992579524780859	Low	Low	Low–Low		COG2148 Sugar transferases involved in lipopolysaccharide synthesis.	0	no STRING match	secondary STRING hit (STRING protein assigned to a better match)	2100	2416	1	1	DDE_Tnp_1;DDE_Tnp_1_4	Transposase DDE domain; Transposase DDE domain group 1	GO:0003677;GO:0004803;GO:0006313	Bac_transf	Bacterial sugar transferase	
679606	fig|6666666.1036479.peg.2295	fig|6666666.1036479.peg.2299	0.5762303292751312	0.4995541834353235	Very Low	Very Low	Very Low–Very Low			0	no STRING match	no STRING match	2962	2966	1	1	HTH_17	Helix-turn-helix domain		HTH_23;HTH_3;Terminase_5	Homeodomain-like domain; Helix-turn-helix; Putative ATPase subunit of terminase (gpP-like)	
679849	fig|6666666.1036479.peg.626	fig|6666666.1036479.peg.1310	0.5761783838272094	0.4997328040869581	Low	Very Low	Very Low–Low			0	no STRING match	no STRING match	2235	2534	1	1	HsdM_N;N6_Mtase	HsdM N-terminal domain; N-6 DNA Methylase	GO:0003677;GO:0008170	Flavodoxin_1;FAD_binding_1;NAD_binding_1	Flavodoxin; FAD binding domain; Oxidoreductase NAD-binding domain	GO:0010181;GO:0016491
680141	fig|6666666.1036479.peg.3238	fig|6666666.1036479.peg.741	0.5761117756366729	0.4999474428946836	Very Low	Very Low	Very Low–Very Low			0	no STRING match	no STRING match	1988	2299	3	1						
680912	fig|6666666.1036479.peg.3091	fig|6666666.1036479.peg.2122	0.5759440541267395	0.5005141775548082	Very Low	Very Low	Very Low–Very Low			0	no STRING match	no STRING match	1908	2888	1	1	Rad17;TsaE	Rad17 P-loop domain; Threonylcarbamoyl adenosine biosynthesis protein TsaE	GO:0002949	ArsC	ArsC family	
681106	fig|6666666.1036479.peg.1296	fig|6666666.1036479.peg.2299	0.5758978068828583	0.5006567800503519	Very Low	Very Low	Very Low–Very Low			0	no STRING match	no STRING match	2530	2966	1	1	Response_reg;GerE	Response regulator receiver domain; Bacterial regulatory proteins, luxR family	GO:0000160;GO:0006355	HTH_23;HTH_3;Terminase_5	Homeodomain-like domain; Helix-turn-helix; Putative ATPase subunit of terminase (gpP-like)	
682013	fig|6666666.1036479.peg.3253	fig|6666666.1036479.peg.575	0.5756785452365876	0.501323483470239	Very Low	Low	Very Low–Low			0	no STRING match	no STRING match	2003	2212	3	1	Amidase_2	N-acetylmuramoyl-L-alanine amidase	GO:0008745;GO:0009253	PMSR	Peptide methionine sulfoxide reductase	GO:0008113
682608	fig|6666666.1036479.peg.2837	fig|6666666.1036479.peg.1376	0.575539356470108	0.5017608467942003	Very Low	Very Low	Very Low–Very Low	Hypothetical protein.	Hypothetical protein.	0	secondary STRING hit (STRING protein assigned to a better match)	secondary STRING hit (STRING protein assigned to a better match)	1780	2580	1	1	PDDEXK_2	PD-(D/E)XK nuclease family transposase		PDDEXK_2	PD-(D/E)XK nuclease family transposase	
682762	fig|6666666.1036479.peg.3006	fig|6666666.1036479.peg.939	0.5755015015602112	0.5018740467133432	Low	Very Low	Very Low–Low	Integrase family protein; COG0582 Integrase; Belongs to the 'phage' integrase family.		0	secondary STRING hit (STRING protein assigned to a better match)	no STRING match	1866	2387	1	1	Phage_int_SAM_1;Phage_int_SAM_4;Phage_integrase	Phage integrase, N-terminal SAM-like domain; Phage integrase family	GO:0003677;GO:0006310;GO:0015074	HTH_31;HTH_19;HTH_26;HTH_3	Helix-turn-helix domain; Cro/C1-type HTH DNA-binding domain; Helix-turn-helix	
682984	fig|6666666.1036479.peg.3154	fig|6666666.1036479.peg.26	0.5754467725753785	0.5020372310123674	High	Low	Low–High			0	no STRING match	no STRING match	1932	2013	1	2	YajC	Preprotein translocase subunit				
683308	fig|6666666.1036479.peg.2561	fig|6666666.1036479.peg.1599	0.5753782391548157	0.5022753918812136	Very Low	Very Low	Very Low–Very Low	Tyrosine recombinase XerD; COG0582 Integrase; Belongs to the 'phage' integrase family.	Tyrosine recombinase XerD; COG0582 Integrase; Belongs to the 'phage' integrase family.	0	secondary STRING hit (STRING protein assigned to a better match)	secondary STRING hit (STRING protein assigned to a better match)	1653	2680	1	2	Phage_int_SAM_5;Phage_integrase	Phage integrase SAM-like domain; Phage integrase family	GO:0003677;GO:0006310;GO:0015074	Phage_integrase	Phage integrase family	GO:0003677;GO:0006310;GO:0015074
683359	fig|6666666.1036479.peg.3236	fig|6666666.1036479.peg.2299	0.575366759300232	0.5023128801661245	Very Low	Very Low	Very Low–Very Low			0	no STRING match	no STRING match	1986	2966	3	1	LvrA_C	Legionella vir region protein LvrA C-terminal domain		HTH_23;HTH_3;Terminase_5	Homeodomain-like domain; Helix-turn-helix; Putative ATPase subunit of terminase (gpP-like)	
683664	fig|6666666.1036479.peg.883	fig|6666666.1036479.peg.1906	0.5752980828285217	0.5025370748111804	Very Low	Medium	Very Low–Medium	Rhs element Vgr protein; COG3501 Uncharacterized protein conserved in bacteria.		0	secondary STRING hit (STRING protein assigned to a better match)	no STRING match	2358	2790	1	1	Phage_base_V;DUF2345	Type VI secretion system/phage-baseplate injector OB domain; Uncharacterized protein conserved in bacteria (DUF2345)				
683837	fig|6666666.1036479.peg.2689	fig|6666666.1036479.peg.644	0.5752568721771241	0.5026642409541136	Low	High	Low–High			0	no STRING match	no STRING match	1709	2243	1	1	SecE	SecE/Sec61-gamma subunits of protein translocation complex	GO:0006605;GO:0006886;GO:0016020	Ank_2;Ank_4;Ank_5;Ank;Ank_3;Ank_2	Ankyrin repeats (3 copies); Ankyrin repeats (many copies); Ankyrin repeat	GO:0005515
684192	fig|6666666.1036479.peg.2884	fig|6666666.1036479.peg.283	0.5751781821250915	0.5029251888196703	Very Low	Very Low	Very Low–Very Low			0	no STRING match	no STRING match	1808	2110	1	1	DUF8412;OmdA	Domain of unknown function (DUF8412); Bacteriocin-protection, YdeI or OmpD-Associated		HTH_19	Helix-turn-helix domain	
684592	fig|6666666.1036479.peg.1296	fig|6666666.1036479.peg.2295	0.5750890970230103	0.5032192145836779	Very Low	Very Low	Very Low–Very Low			0	no STRING match	no STRING match	2530	2962	1	1	Response_reg;GerE	Response regulator receiver domain; Bacterial regulatory proteins, luxR family	GO:0000160;GO:0006355	HTH_17	Helix-turn-helix domain	
684725	fig|6666666.1036479.peg.2859	fig|6666666.1036479.peg.3238	0.5750550210475922	0.5033169781502104	Very Low	Very Low	Very Low–Very Low			0	no STRING match	no STRING match	1794	1988	1	3						
684762	fig|6666666.1036479.peg.3236	fig|6666666.1036479.peg.2015	0.5750492990016938	0.5033441755333811	Very Low	Low	Very Low–Low			0	no STRING match	no STRING match	1986	2843	3	1	LvrA_C	Legionella vir region protein LvrA C-terminal domain				
685436	fig|6666666.1036479.peg.2838	fig|6666666.1036479.peg.1417	0.5749112844467164	0.5038396089457339	Low	Low	Low–Low			0	no STRING match	no STRING match	1781	2596	2	1	DUF772;DDE_Tnp_1;DDE_Tnp_1_6	Transposase domain (DUF772); Transposase DDE domain	GO:0003677;GO:0004803;GO:0006313	DUF772;DDE_Tnp_1;DDE_Tnp_1_6	Transposase domain (DUF772); Transposase DDE domain	GO:0003677;GO:0004803;GO:0006313
685545	fig|6666666.1036479.peg.2882	fig|6666666.1036479.peg.1417	0.5748911380767823	0.503919730966426	Low	Low	Low–Low			0	no STRING match	no STRING match	1806	2596	2	1	DUF772;DDE_Tnp_1;DDE_Tnp_1_6	Transposase domain (DUF772); Transposase DDE domain	GO:0003677;GO:0004803;GO:0006313	DUF772;DDE_Tnp_1;DDE_Tnp_1_6	Transposase domain (DUF772); Transposase DDE domain	GO:0003677;GO:0004803;GO:0006313
685615	fig|6666666.1036479.peg.18	fig|6666666.1036479.peg.1153	0.574871438741684	0.5039711854751272	Very Low	Very Low	Very Low–Very Low			0	no STRING match	no STRING match	2011	2478	2	1	Peptidase_S78	Caudovirus prohead serine protease		Ribosomal_S19	Ribosomal protein S19	GO:0003735;GO:0005840;GO:0006412
685837	fig|6666666.1036479.peg.939	fig|6666666.1036479.peg.1182	0.5748224556446075	0.5041343697741515	Very Low	Very Low	Very Low–Very Low			0	no STRING match	no STRING match	2387	2490	1	1	HTH_31;HTH_19;HTH_26;HTH_3	Helix-turn-helix domain; Cro/C1-type HTH DNA-binding domain; Helix-turn-helix		GerE	Bacterial regulatory proteins, luxR family	GO:0006355
685916	fig|6666666.1036479.peg.1417	fig|6666666.1036479.peg.2041	0.5748042345046998	0.5041924398625429	Low	Low	Low–Low			0	no STRING match	no STRING match	2596	2849	1	1	DUF772;DDE_Tnp_1;DDE_Tnp_1_6	Transposase domain (DUF772); Transposase DDE domain	GO:0003677;GO:0004803;GO:0006313	DUF772;DDE_Tnp_1;DDE_Tnp_1_6	Transposase domain (DUF772); Transposase DDE domain	GO:0003677;GO:0004803;GO:0006313
686550	fig|6666666.1036479.peg.483	fig|6666666.1036479.peg.1862	0.5746556997299195	0.504658470698495	Very Low	Very Low	Very Low–Very Low			0	no STRING match	no STRING match	2178	2776	1	1	Pyr_redox_2;FAD_binding_2;GIDA;NAD_binding_8	Pyridine nucleotide-disulphide oxidoreductase; FAD binding domain; Glucose inhibited division protein A; NAD(P)-binding Rossmann-like domain	GO:0016491	Adenine_glyco	Methyladenine glycosylase	GO:0006284;GO:0008725
686577	fig|6666666.1036479.peg.1107	fig|6666666.1036479.peg.1417	0.5746511816978455	0.5046783174375654	Low	Low	Low–Low			0	no STRING match	no STRING match	2439	2596	1	1	DUF772;DDE_Tnp_1;DDE_Tnp_1_6	Transposase domain (DUF772); Transposase DDE domain	GO:0003677;GO:0004803;GO:0006313	DUF772;DDE_Tnp_1;DDE_Tnp_1_6	Transposase domain (DUF772); Transposase DDE domain	GO:0003677;GO:0004803;GO:0006313
686707	fig|6666666.1036479.peg.3251	fig|6666666.1036479.peg.1982	0.5746215641498565	0.504773875810868	Very Low	Very Low	Very Low–Very Low			0	no STRING match	no STRING match	2001	2833	3	1						
686910	fig|6666666.1036479.peg.2954	fig|6666666.1036479.peg.260	0.5745701432228089	0.5049230938861018	Very Low	Low	Very Low–Low			0	no STRING match	no STRING match	1845	2099	1	1				ExbD	Biopolymer transport protein ExbD/TolR	GO:0022857;GO:0055085
686961	fig|6666666.1036479.peg.1417	fig|6666666.1036479.peg.2475	0.5745570659637451	0.5049605821710127	Low	Low	Low–Low			0	no STRING match	no STRING match	2596	3041	1	1	DUF772;DDE_Tnp_1;DDE_Tnp_1_6	Transposase domain (DUF772); Transposase DDE domain	GO:0003677;GO:0004803;GO:0006313	DUF772;DDE_Tnp_1;DDE_Tnp_1_6	Transposase domain (DUF772); Transposase DDE domain	GO:0003677;GO:0004803;GO:0006313
687023	fig|6666666.1036479.peg.3236	fig|6666666.1036479.peg.2298	0.5745419502258301	0.5050061561644339	Very Low	Very Low	Very Low–Very Low			0	no STRING match	no STRING match	1986	2965	3	1	LvrA_C	Legionella vir region protein LvrA C-terminal domain		AntA	AntA/AntB antirepressor	
687423	fig|6666666.1036479.peg.2832	fig|6666666.1036479.peg.2835	0.5744586646556854	0.5053001819284415	Very Low	Very Low	Very Low–Very Low			0	no STRING match	no STRING match	1775	1778	1	1	DUF5655	Domain of unknown function (DUF5655)		DUF5655	Domain of unknown function (DUF5655)	
687499	fig|6666666.1036479.peg.2396	fig|6666666.1036479.peg.2406	0.574439924955368	0.5053560468236029	Very Low	Very Low	Very Low–Very Low			0	no STRING match	no STRING match	3004	3008	1	1						
687566	fig|6666666.1036479.peg.2838	fig|6666666.1036479.peg.2882	0.5744244575500488	0.5054052961390741	Low	Low	Low–Low			0	no STRING match	no STRING match	1781	1806	2	2	DUF772;DDE_Tnp_1;DDE_Tnp_1_6	Transposase domain (DUF772); Transposase DDE domain	GO:0003677;GO:0004803;GO:0006313	DUF772;DDE_Tnp_1;DDE_Tnp_1_6	Transposase domain (DUF772); Transposase DDE domain	GO:0003677;GO:0004803;GO:0006313
687724	fig|6666666.1036479.peg.2971	fig|6666666.1036479.peg.2419	0.5743957102298737	0.5055214363158572	Very Low	Very Low	Very Low–Very Low			0	no STRING match	no STRING match	1852	3016	1	1	PadR	Transcriptional regulator PadR-like family		Thioredoxin;Thioredoxin_6	Thioredoxin; Thioredoxin-like domain	
687764	fig|6666666.1036479.peg.3006	fig|6666666.1036479.peg.2479	0.5743873655796051	0.5055508388922579	Low	Very Low	Very Low–Low	Integrase family protein; COG0582 Integrase; Belongs to the 'phage' integrase family.		0	secondary STRING hit (STRING protein assigned to a better match)	no STRING match	1866	3043	1	1	Phage_int_SAM_1;Phage_int_SAM_4;Phage_integrase	Phage integrase, N-terminal SAM-like domain; Phage integrase family	GO:0003677;GO:0006310;GO:0015074			
688052	fig|6666666.1036479.peg.2838	fig|6666666.1036479.peg.2041	0.5743179559707642	0.5057625374423433	Low	Low	Low–Low			0	no STRING match	no STRING match	1781	2849	2	1	DUF772;DDE_Tnp_1;DDE_Tnp_1_6	Transposase domain (DUF772); Transposase DDE domain	GO:0003677;GO:0004803;GO:0006313	DUF772;DDE_Tnp_1;DDE_Tnp_1_6	Transposase domain (DUF772); Transposase DDE domain	GO:0003677;GO:0004803;GO:0006313
688145	fig|6666666.1036479.peg.2882	fig|6666666.1036479.peg.2041	0.5742958843708038	0.5058308984324752	Low	Low	Low–Low			0	no STRING match	no STRING match	1806	2849	2	1	DUF772;DDE_Tnp_1;DDE_Tnp_1_6	Transposase domain (DUF772); Transposase DDE domain	GO:0003677;GO:0004803;GO:0006313	DUF772;DDE_Tnp_1;DDE_Tnp_1_6	Transposase domain (DUF772); Transposase DDE domain	GO:0003677;GO:0004803;GO:0006313
688315	fig|6666666.1036479.peg.2859	fig|6666666.1036479.peg.2321	0.5742535471916199	0.5059558593821784	Very Low	Very Low	Very Low–Very Low			0	no STRING match	no STRING match	1794	2978	1	1				Complex1_30kDa	Respiratory-chain NADH dehydrogenase, 30 Kd subunit	GO:0008137
688393	fig|6666666.1036479.peg.2757	fig|6666666.1036479.peg.2884	0.5742338180541993	0.5060131944061599	Very Low	Very Low	Very Low–Very Low			0	no STRING match	no STRING match	1736	1808	1	1	ZapA	Cell division protein ZapA		DUF8412;OmdA	Domain of unknown function (DUF8412); Bacteriocin-protection, YdeI or OmpD-Associated	
688593	fig|6666666.1036479.peg.2838	fig|6666666.1036479.peg.1107	0.5741892278194427	0.5061602072881636	Low	Low	Low–Low			0	no STRING match	no STRING match	1781	2439	2	1	DUF772;DDE_Tnp_1;DDE_Tnp_1_6	Transposase domain (DUF772); Transposase DDE domain	GO:0003677;GO:0004803;GO:0006313	DUF772;DDE_Tnp_1;DDE_Tnp_1_6	Transposase domain (DUF772); Transposase DDE domain	GO:0003677;GO:0004803;GO:0006313
688698	fig|6666666.1036479.peg.128	fig|6666666.1036479.peg.1244	0.5741668760776519	0.5062373890512156	Low	Very Low	Very Low–Low			0	no STRING match	no STRING match	2066	2513	1	1	HTH_24;HTH_AsnC-type;HTH_11;AsnC_trans_reg	Winged helix-turn-helix DNA-binding; AsnC-type helix-turn-helix domain; HTH domain; Lrp/AsnC ligand binding domain	GO:0043565	HTH_24;HTH_AsnC-type;HTH_11;AsnC_trans_reg	Winged helix-turn-helix DNA-binding; AsnC-type helix-turn-helix domain; HTH domain; Lrp/AsnC ligand binding domain	GO:0043565
688723	fig|6666666.1036479.peg.2882	fig|6666666.1036479.peg.1107	0.5741608560085296	0.5062557656614661	Low	Low	Low–Low			0	no STRING match	no STRING match	1806	2439	2	1	DUF772;DDE_Tnp_1;DDE_Tnp_1_6	Transposase domain (DUF772); Transposase DDE domain	GO:0003677;GO:0004803;GO:0006313	DUF772;DDE_Tnp_1;DDE_Tnp_1_6	Transposase domain (DUF772); Transposase DDE domain	GO:0003677;GO:0004803;GO:0006313
688775	fig|6666666.1036479.peg.2555	fig|6666666.1036479.peg.283	0.5741480708122253	0.506293989010787	Very Low	Very Low	Very Low–Very Low			0	no STRING match	no STRING match	1648	2110	2	1	HTH_31;HTH_19;Phage_CI_repr;HTH_26;HTH_3	Helix-turn-helix domain; Bacteriophage CI repressor helix-turn-helix domain; Cro/C1-type HTH DNA-binding domain; Helix-turn-helix	GO:0003677;GO:0045892	HTH_19	Helix-turn-helix domain	
688897	fig|6666666.1036479.peg.2838	fig|6666666.1036479.peg.2475	0.5741176426410675	0.5063836668688094	Low	Low	Low–Low			0	no STRING match	no STRING match	1781	3041	2	1	DUF772;DDE_Tnp_1;DDE_Tnp_1_6	Transposase domain (DUF772); Transposase DDE domain	GO:0003677;GO:0004803;GO:0006313	DUF772;DDE_Tnp_1;DDE_Tnp_1_6	Transposase domain (DUF772); Transposase DDE domain	GO:0003677;GO:0004803;GO:0006313
689048	fig|6666666.1036479.peg.2882	fig|6666666.1036479.peg.2475	0.5740836262702942	0.5064946615947222	Low	Low	Low–Low			0	no STRING match	no STRING match	1806	3041	2	1	DUF772;DDE_Tnp_1;DDE_Tnp_1_6	Transposase domain (DUF772); Transposase DDE domain	GO:0003677;GO:0004803;GO:0006313	DUF772;DDE_Tnp_1;DDE_Tnp_1_6	Transposase domain (DUF772); Transposase DDE domain	GO:0003677;GO:0004803;GO:0006313
689097	fig|6666666.1036479.peg.1107	fig|6666666.1036479.peg.2041	0.574063491821289	0.5065306797508131	Low	Low	Low–Low			0	no STRING match	no STRING match	2439	2849	1	1	DUF772;DDE_Tnp_1;DDE_Tnp_1_6	Transposase domain (DUF772); Transposase DDE domain	GO:0003677;GO:0004803;GO:0006313	DUF772;DDE_Tnp_1;DDE_Tnp_1_6	Transposase domain (DUF772); Transposase DDE domain	GO:0003677;GO:0004803;GO:0006313
689323	fig|6666666.1036479.peg.18	fig|6666666.1036479.peg.25	0.5740007400512696	0.5066968043074774	Very Low	Very Low	Very Low–Very Low			0	no STRING match	no STRING match	2011	2012	2	2	Peptidase_S78	Caudovirus prohead serine protease				
689393	fig|6666666.1036479.peg.2041	fig|6666666.1036479.peg.2475	0.5739812552928925	0.5067482588161788	Low	Low	Low–Low			0	no STRING match	no STRING match	2849	3041	1	1	DUF772;DDE_Tnp_1;DDE_Tnp_1_6	Transposase domain (DUF772); Transposase DDE domain	GO:0003677;GO:0004803;GO:0006313	DUF772;DDE_Tnp_1;DDE_Tnp_1_6	Transposase domain (DUF772); Transposase DDE domain	GO:0003677;GO:0004803;GO:0006313
689892	fig|6666666.1036479.peg.658	fig|6666666.1036479.peg.1296	0.5738628089427948	0.5071150559567782	Very Low	Very Low	Very Low–Very Low			0	no STRING match	no STRING match	2252	2530	1	1	HTH_19;HTH_31;HTH_3	Helix-turn-helix domain; Helix-turn-helix		Response_reg;GerE	Response regulator receiver domain; Bacterial regulatory proteins, luxR family	GO:0000160;GO:0006355
689921	fig|6666666.1036479.peg.1107	fig|6666666.1036479.peg.2475	0.5738544464111328	0.5071363728246687	Low	Low	Low–Low			0	no STRING match	no STRING match	2439	3041	1	1	DUF772;DDE_Tnp_1;DDE_Tnp_1_6	Transposase domain (DUF772); Transposase DDE domain	GO:0003677;GO:0004803;GO:0006313	DUF772;DDE_Tnp_1;DDE_Tnp_1_6	Transposase domain (DUF772); Transposase DDE domain	GO:0003677;GO:0004803;GO:0006313
690107	fig|6666666.1036479.peg.3177	fig|6666666.1036479.peg.220	0.573809003829956	0.5072730948049323	Low	Very Low	Very Low–Low			0	no STRING match	no STRING match	1940	2082	1	1				DUF6495	Family of unknown function (DUF6495)	
690251	fig|6666666.1036479.peg.2884	fig|6666666.1036479.peg.3236	0.5737762749195099	0.507378944079975	Very Low	Very Low	Very Low–Very Low			0	no STRING match	no STRING match	1808	1986	1	3	DUF8412;OmdA	Domain of unknown function (DUF8412); Bacteriocin-protection, YdeI or OmpD-Associated		LvrA_C	Legionella vir region protein LvrA C-terminal domain	
690323	fig|6666666.1036479.peg.685	fig|6666666.1036479.peg.929	0.5737552523612977	0.5074318687174963	Very Low	Very Low	Very Low–Very Low			0	no STRING match	no STRING match	2259	2383	1	1	PRA-PH;MazG	Phosphoribosyl-ATP pyrophosphohydrolase; MazG nucleotide pyrophosphohydrolase domain		DUF1599;DUF1599	Nucleotide modification associated domain 1	
690350	fig|6666666.1036479.peg.610	fig|6666666.1036479.peg.1700	0.5737471878528595	0.5074517154565669	Low	Low	Low–Low			0	no STRING match	no STRING match	2226	2720	1	1	Sod_Cu	Copper/zinc superoxide dismutase (SODC)	GO:0006801;GO:0046872	Disulph_isomer	Disulphide isomerase	
690496	fig|6666666.1036479.peg.25	fig|6666666.1036479.peg.2015	0.5737111210823059	0.5075590348604296	Very Low	Low	Very Low–Low			0	no STRING match	no STRING match	2012	2843	2	1						
690922	fig|6666666.1036479.peg.939	fig|6666666.1036479.peg.1296	0.573601770401001	0.5078721722990978	Very Low	Very Low	Very Low–Very Low			0	no STRING match	no STRING match	2387	2530	1	1	HTH_31;HTH_19;HTH_26;HTH_3	Helix-turn-helix domain; Cro/C1-type HTH DNA-binding domain; Helix-turn-helix		Response_reg;GerE	Response regulator receiver domain; Bacterial regulatory proteins, luxR family	GO:0000160;GO:0006355
691226	fig|6666666.1036479.peg.2555	fig|6666666.1036479.peg.1616	0.5735260546207428	0.5080956318797435	Very Low	Very Low	Very Low–Very Low			0	no STRING match	no STRING match	1648	2687	2	2	HTH_31;HTH_19;Phage_CI_repr;HTH_26;HTH_3	Helix-turn-helix domain; Bacteriophage CI repressor helix-turn-helix domain; Cro/C1-type HTH DNA-binding domain; Helix-turn-helix	GO:0003677;GO:0045892	HTH_31;HTH_19;HTH_3	Helix-turn-helix domain; Helix-turn-helix	
691584	fig|6666666.1036479.peg.685	fig|6666666.1036479.peg.1700	0.5734524428844452	0.5083587849385303	Very Low	Low	Very Low–Low			0	no STRING match	no STRING match	2259	2720	1	1	PRA-PH;MazG	Phosphoribosyl-ATP pyrophosphohydrolase; MazG nucleotide pyrophosphohydrolase domain		Disulph_isomer	Disulphide isomerase	
691607	fig|6666666.1036479.peg.3177	fig|6666666.1036479.peg.735	0.5734489381313324	0.5083756914199606	Low	Very Low	Very Low–Low		Putative methyltransferase; COG0863 DNA modification methylase; Belongs to the N(4)/N(6)-methyltransferase family.	0	no STRING match	secondary STRING hit (STRING protein assigned to a better match)	1940	2293	1	1				N6_N4_Mtase	DNA methylase	GO:0003677;GO:0008170
691751	fig|6666666.1036479.peg.3238	fig|6666666.1036479.peg.2321	0.5734148800373078	0.5084815406950034	Very Low	Very Low	Very Low–Very Low			0	no STRING match	no STRING match	1988	2978	3	1				Complex1_30kDa	Respiratory-chain NADH dehydrogenase, 30 Kd subunit	GO:0008137
691845	fig|6666666.1036479.peg.685	fig|6666666.1036479.peg.870	0.5733970701694489	0.5085506367495451	Very Low	Very Low	Very Low–Very Low			0	no STRING match	no STRING match	2259	2349	1	1	PRA-PH;MazG	Phosphoribosyl-ATP pyrophosphohydrolase; MazG nucleotide pyrophosphohydrolase domain		GAF_2;GAF	GAF domain	GO:0005515
691959	fig|6666666.1036479.peg.2689	fig|6666666.1036479.peg.45	0.5733673691749572	0.5086344340922874	Low	Medium	Low–Medium		Membrane protein.	0	no STRING match	secondary STRING hit (STRING protein assigned to a better match)	1709	2032	1	1	SecE	SecE/Sec61-gamma subunits of protein translocation complex	GO:0006605;GO:0006886;GO:0016020			
692084	fig|6666666.1036479.peg.413	fig|6666666.1036479.peg.1569	0.5733379662036896	0.5087263171435397	Very Low	Very Low	Very Low–Very Low			0	no STRING match	no STRING match	2151	2662	1	1	ACBP	Acyl CoA binding protein	GO:0000062			
692403	fig|6666666.1036479.peg.3232	fig|6666666.1036479.peg.220	0.5732802808284759	0.5089608026903357	Very Low	Very Low	Very Low–Very Low			0	no STRING match	no STRING match	1982	2082	2	1				DUF6495	Family of unknown function (DUF6495)	
692413	fig|6666666.1036479.peg.2543	fig|6666666.1036479.peg.1121	0.5732787132263184	0.5089681533344359	Low	Low	Low–Low			0	no STRING match	no STRING match	1636	2452	1	1	DUF772;DDE_Tnp_1;DDE_Tnp_1_6	Transposase domain (DUF772); Transposase DDE domain	GO:0003677;GO:0004803;GO:0006313	DUF772;DDE_Tnp_1;DDE_Tnp_1_6	Transposase domain (DUF772); Transposase DDE domain	GO:0003677;GO:0004803;GO:0006313
692507	fig|6666666.1036479.peg.2757	fig|6666666.1036479.peg.2298	0.5732552826404571	0.5090372493889778	Very Low	Very Low	Very Low–Very Low			0	no STRING match	no STRING match	1736	2965	1	1	ZapA	Cell division protein ZapA		AntA	AntA/AntB antirepressor	
692599	fig|6666666.1036479.peg.3101	fig|6666666.1036479.peg.1862	0.5732348620891571	0.5091048753146995	Very Low	Very Low	Very Low–Very Low			0	no STRING match	no STRING match	1910	2776	1	1	Pribosyltran	Phosphoribosyl transferase domain		Adenine_glyco	Methyladenine glycosylase	GO:0006284;GO:0008725
693383	fig|6666666.1036479.peg.2645	fig|6666666.1036479.peg.1341	0.5730498790740967	0.5096811658121543	Low	Low	Low–Low			0	no STRING match	no STRING match	1693	2552	1	1	DUF5522	Family of unknown function (DUF5522)				
693507	fig|6666666.1036479.peg.685	fig|6666666.1036479.peg.811	0.573022311925888	0.5097723137989967	Very Low	Low	Very Low–Low			0	no STRING match	no STRING match	2259	2328	1	1	PRA-PH;MazG	Phosphoribosyl-ATP pyrophosphohydrolase; MazG nucleotide pyrophosphohydrolase domain				
693694	fig|6666666.1036479.peg.3238	fig|6666666.1036479.peg.2096	0.5729814827442169	0.5099097708436702	Very Low	Low	Very Low–Low			0	no STRING match	no STRING match	1988	2874	3	1				YjdM	PhnA domain	
694165	fig|6666666.1036479.peg.2543	fig|6666666.1036479.peg.2642	0.5728606224060059	0.510255986180789	Low	Low	Low–Low			0	no STRING match	no STRING match	1636	1690	1	2	DUF772;DDE_Tnp_1;DDE_Tnp_1_6	Transposase domain (DUF772); Transposase DDE domain	GO:0003677;GO:0004803;GO:0006313	DUF772;DDE_Tnp_1;DDE_Tnp_1_6	Transposase domain (DUF772); Transposase DDE domain	GO:0003677;GO:0004803;GO:0006313
694255	fig|6666666.1036479.peg.3232	fig|6666666.1036479.peg.2479	0.5728398740291596	0.5103221419776908	Very Low	Very Low	Very Low–Very Low			0	no STRING match	no STRING match	1982	3043	2	1						
694653	fig|6666666.1036479.peg.2642	fig|6666666.1036479.peg.1121	0.5727430284023285	0.5106146976128784	Low	Low	Low–Low			0	no STRING match	no STRING match	1690	2452	2	1	DUF772;DDE_Tnp_1;DDE_Tnp_1_6	Transposase domain (DUF772); Transposase DDE domain	GO:0003677;GO:0004803;GO:0006313	DUF772;DDE_Tnp_1;DDE_Tnp_1_6	Transposase domain (DUF772); Transposase DDE domain	GO:0003677;GO:0004803;GO:0006313
695983	fig|6666666.1036479.peg.2561	fig|6666666.1036479.peg.2833	0.5724179923534394	0.5115923332782035	Very Low	Very Low	Very Low–Very Low	Tyrosine recombinase XerD; COG0582 Integrase; Belongs to the 'phage' integrase family.		0	secondary STRING hit (STRING protein assigned to a better match)	no STRING match	1653	1776	1	13	Phage_int_SAM_5;Phage_integrase	Phage integrase SAM-like domain; Phage integrase family	GO:0003677;GO:0006310;GO:0015074	DDE_Tnp_1	Transposase DDE domain	GO:0003677;GO:0004803;GO:0006313
696110	fig|6666666.1036479.peg.556	fig|6666666.1036479.peg.1340	0.5723914504051208	0.511685686458276	Very Low	Very Low	Very Low–Very Low			0	no STRING match	no STRING match	2201	2551	1	1				Pyrophosphatase	Inorganic pyrophosphatase	GO:0000287;GO:0004427;GO:0005737;GO:0006796
696178	fig|6666666.1036479.peg.2833	fig|6666666.1036479.peg.2019	0.5723824143409729	0.5117356708381572	Very Low	Very Low	Very Low–Very Low			0	no STRING match	no STRING match	1776	2845	13	1	DDE_Tnp_1	Transposase DDE domain	GO:0003677;GO:0004803;GO:0006313	NERD;UPF0102	Nuclease-related domain; Uncharacterised protein family UPF0102	
696741	fig|6666666.1036479.peg.2407	fig|6666666.1036479.peg.2408	0.5722608268260956	0.5121495121009978	Very Low	Very Low	Very Low–Very Low			0	no STRING match	no STRING match	3009	3010	1	1						
697939	fig|6666666.1036479.peg.1245	fig|6666666.1036479.peg.1376	0.5719696462154389	0.5130301192642005	Very Low	Very Low	Very Low–Very Low	Hypothetical protein.	Hypothetical protein.	0	secondary STRING hit (STRING protein assigned to a better match)	secondary STRING hit (STRING protein assigned to a better match)	2514	2580	1	1	PDDEXK_2	PD-(D/E)XK nuclease family transposase		PDDEXK_2	PD-(D/E)XK nuclease family transposase	
697992	fig|6666666.1036479.peg.3255	fig|6666666.1036479.peg.2096	0.571955281496048	0.5130690776779315	Very Low	Low	Very Low–Low			0	no STRING match	no STRING match	2005	2874	3	1	DUF2586;DUF2586_C	DUF2586, N-terminal domain; DUF2586, C-terminal domain		YjdM	PhnA domain	
698260	fig|6666666.1036479.peg.229	fig|6666666.1036479.peg.1153	0.5718879938125611	0.5132660749398166	Low	Very Low	Very Low–Low			0	no STRING match	no STRING match	2085	2478	1	1	MscL	Large-conductance mechanosensitive channel, MscL		Ribosomal_S19	Ribosomal protein S19	GO:0003735;GO:0005840;GO:0006412
698690	fig|6666666.1036479.peg.2543	fig|6666666.1036479.peg.2168	0.5717824757099151	0.5135821526361247	Low	Low	Low–Low			0	no STRING match	no STRING match	1636	2917	1	1	DUF772;DDE_Tnp_1;DDE_Tnp_1_6	Transposase domain (DUF772); Transposase DDE domain	GO:0003677;GO:0004803;GO:0006313	DUF772;DDE_Tnp_1;DDE_Tnp_1_6	Transposase domain (DUF772); Transposase DDE domain	GO:0003677;GO:0004803;GO:0006313
698890	fig|6666666.1036479.peg.2553	fig|6666666.1036479.peg.2833	0.5717339277267456	0.5137291655181285	Very Low	Very Low	Very Low–Very Low	Tyrosine recombinase XerD; COG0582 Integrase; Belongs to the 'phage' integrase family.		0	secondary STRING hit (STRING protein assigned to a better match)	no STRING match	1646	1776	1	13	Phage_int_SAM_5;Phage_integrase	Phage integrase SAM-like domain; Phage integrase family	GO:0003677;GO:0006310;GO:0015074	DDE_Tnp_1	Transposase DDE domain	GO:0003677;GO:0004803;GO:0006313
698933	fig|6666666.1036479.peg.1121	fig|6666666.1036479.peg.2168	0.5717278063297272	0.5137607732877594	Low	Low	Low–Low			0	no STRING match	no STRING match	2452	2917	1	1	DUF772;DDE_Tnp_1;DDE_Tnp_1_6	Transposase domain (DUF772); Transposase DDE domain	GO:0003677;GO:0004803;GO:0006313	DUF772;DDE_Tnp_1;DDE_Tnp_1_6	Transposase domain (DUF772); Transposase DDE domain	GO:0003677;GO:0004803;GO:0006313
699186	fig|6666666.1036479.peg.1863	fig|6666666.1036479.peg.2122	0.5716745853424072	0.5139467445834941	Very Low	Very Low	Very Low–Very Low			0	no STRING match	no STRING match	2777	2888	1	1	ThiS	ThiS family		ArsC	ArsC family	
699408	fig|6666666.1036479.peg.2406	fig|6666666.1036479.peg.2408	0.571624118089676	0.5141099288825184	Very Low	Very Low	Very Low–Very Low			0	no STRING match	no STRING match	3008	3010	1	1						
699606	fig|6666666.1036479.peg.45	fig|6666666.1036479.peg.1341	0.5715790033340454	0.5142554716357021	Medium	Low	Low–Medium	Membrane protein.		0	secondary STRING hit (STRING protein assigned to a better match)	no STRING match	2032	2552	1	1						
700166	fig|6666666.1036479.peg.1310	fig|6666666.1036479.peg.2223	0.5714690685272217	0.5146671077053127	Very Low	Very Low	Very Low–Very Low			0	no STRING match	no STRING match	2534	2939	1	1	Flavodoxin_1;FAD_binding_1;NAD_binding_1	Flavodoxin; FAD binding domain; Oxidoreductase NAD-binding domain	GO:0010181;GO:0016491	RNase_H	RNase H	GO:0003676;GO:0004523
700585	fig|6666666.1036479.peg.117	fig|6666666.1036479.peg.1244	0.5713733315467835	0.5149750996931106	Low	Very Low	Very Low–Low			0	no STRING match	no STRING match	2063	2513	1	1	Thioredoxin;Thioredoxin_2;AhpC-TSA;TraF	Thioredoxin; Thioredoxin-like domain; AhpC/TSA family; F plasmid transfer operon protein	GO:0016209;GO:0016491	HTH_24;HTH_AsnC-type;HTH_11;AsnC_trans_reg	Winged helix-turn-helix DNA-binding; AsnC-type helix-turn-helix domain; HTH domain; Lrp/AsnC ligand binding domain	GO:0043565
700613	fig|6666666.1036479.peg.2543	fig|6666666.1036479.peg.694	0.5713675200939179	0.5149956814965911	Low	Low	Low–Low			0	no STRING match	no STRING match	1636	2263	1	1	DUF772;DDE_Tnp_1;DDE_Tnp_1_6	Transposase domain (DUF772); Transposase DDE domain	GO:0003677;GO:0004803;GO:0006313	DUF772;DDE_Tnp_1;DDE_Tnp_1_6	Transposase domain (DUF772); Transposase DDE domain	GO:0003677;GO:0004803;GO:0006313
700619	fig|6666666.1036479.peg.2555	fig|6666666.1036479.peg.1631	0.571365886926651	0.5150000918830513	Very Low	Very Low	Very Low–Very Low			0	no STRING match	no STRING match	1648	2693	2	2	HTH_31;HTH_19;Phage_CI_repr;HTH_26;HTH_3	Helix-turn-helix domain; Bacteriophage CI repressor helix-turn-helix domain; Cro/C1-type HTH DNA-binding domain; Helix-turn-helix	GO:0003677;GO:0045892	HTH_19;HTH_26;HTH_3	Helix-turn-helix domain; Cro/C1-type HTH DNA-binding domain; Helix-turn-helix	
700643	fig|6666666.1036479.peg.2859	fig|6666666.1036479.peg.1982	0.5713612198829651	0.5150177334288917	Very Low	Very Low	Very Low–Very Low			0	no STRING match	no STRING match	1794	2833	1	1						
700900	fig|6666666.1036479.peg.694	fig|6666666.1036479.peg.1121	0.5713007390499115	0.5152066449822665	Low	Low	Low–Low			0	no STRING match	no STRING match	2263	2452	1	1	DUF772;DDE_Tnp_1;DDE_Tnp_1_6	Transposase domain (DUF772); Transposase DDE domain	GO:0003677;GO:0004803;GO:0006313	DUF772;DDE_Tnp_1;DDE_Tnp_1_6	Transposase domain (DUF772); Transposase DDE domain	GO:0003677;GO:0004803;GO:0006313
701326	fig|6666666.1036479.peg.2642	fig|6666666.1036479.peg.2168	0.5711999595165252	0.5155197824209347	Low	Low	Low–Low			0	no STRING match	no STRING match	1690	2917	2	1	DUF772;DDE_Tnp_1;DDE_Tnp_1_6	Transposase domain (DUF772); Transposase DDE domain	GO:0003677;GO:0004803;GO:0006313	DUF772;DDE_Tnp_1;DDE_Tnp_1_6	Transposase domain (DUF772); Transposase DDE domain	GO:0003677;GO:0004803;GO:0006313
701687	fig|6666666.1036479.peg.694	fig|6666666.1036479.peg.2168	0.5711181223392486	0.5157851406729514	Low	Low	Low–Low			0	no STRING match	no STRING match	2263	2917	1	1	DUF772;DDE_Tnp_1;DDE_Tnp_1_6	Transposase domain (DUF772); Transposase DDE domain	GO:0003677;GO:0004803;GO:0006313	DUF772;DDE_Tnp_1;DDE_Tnp_1_6	Transposase domain (DUF772); Transposase DDE domain	GO:0003677;GO:0004803;GO:0006313
701943	fig|6666666.1036479.peg.2833	fig|6666666.1036479.peg.1486	0.5710584700107575	0.5159733171619163	Very Low	Very Low	Very Low–Very Low			0	no STRING match	no STRING match	1776	2616	13	1	DDE_Tnp_1	Transposase DDE domain	GO:0003677;GO:0004803;GO:0006313	RuvC	Crossover junction endodeoxyribonuclease RuvC	GO:0004520;GO:0006281;GO:0006310
702040	fig|6666666.1036479.peg.2019	fig|6666666.1036479.peg.2223	0.5710396766662598	0.5160446184096882	Very Low	Very Low	Very Low–Very Low			0	no STRING match	no STRING match	2845	2939	1	1	NERD;UPF0102	Nuclease-related domain; Uncharacterised protein family UPF0102		RNase_H	RNase H	GO:0003676;GO:0004523
702060	fig|6666666.1036479.peg.2645	fig|6666666.1036479.peg.929	0.5710361540317536	0.5160593196978885	Low	Very Low	Very Low–Low			0	no STRING match	no STRING match	1693	2383	1	1	DUF5522	Family of unknown function (DUF5522)		DUF1599;DUF1599	Nucleotide modification associated domain 1	
702526	fig|6666666.1036479.peg.566	fig|6666666.1036479.peg.1244	0.570922464132309	0.5164018597129574	Very Low	Very Low	Very Low–Very Low			0	no STRING match	no STRING match	2209	2513	1	1	Acetyltransf_3;Acetyltransf_4;Acetyltransf_1	Acetyltransferase (GNAT) domain; Acetyltransferase (GNAT) family	GO:0016747	HTH_24;HTH_AsnC-type;HTH_11;AsnC_trans_reg	Winged helix-turn-helix DNA-binding; AsnC-type helix-turn-helix domain; HTH domain; Lrp/AsnC ligand binding domain	GO:0043565
702633	fig|6666666.1036479.peg.2689	fig|6666666.1036479.peg.3154	0.5708939671516419	0.5164805116048293	Low	High	Low–High			0	no STRING match	no STRING match	1709	1932	1	1	SecE	SecE/Sec61-gamma subunits of protein translocation complex	GO:0006605;GO:0006886;GO:0016020	YajC	Preprotein translocase subunit	
702953	fig|6666666.1036479.peg.282	fig|6666666.1036479.peg.2396	0.5708208978176117	0.5167157322160354	Very Low	Very Low	Very Low–Very Low			0	no STRING match	no STRING match	2109	3004	1	1						
703076	fig|6666666.1036479.peg.2642	fig|6666666.1036479.peg.694	0.5707927942276001	0.5168061451384678	Low	Low	Low–Low			0	no STRING match	no STRING match	1690	2263	2	1	DUF772;DDE_Tnp_1;DDE_Tnp_1_6	Transposase domain (DUF772); Transposase DDE domain	GO:0003677;GO:0004803;GO:0006313	DUF772;DDE_Tnp_1;DDE_Tnp_1_6	Transposase domain (DUF772); Transposase DDE domain	GO:0003677;GO:0004803;GO:0006313
703308	fig|6666666.1036479.peg.2837	fig|6666666.1036479.peg.1245	0.5707355499267578	0.5169766800815921	Very Low	Very Low	Very Low–Very Low	Hypothetical protein.	Hypothetical protein.	0	secondary STRING hit (STRING protein assigned to a better match)	secondary STRING hit (STRING protein assigned to a better match)	1780	2514	1	1	PDDEXK_2	PD-(D/E)XK nuclease family transposase		PDDEXK_2	PD-(D/E)XK nuclease family transposase	
703793	fig|6666666.1036479.peg.788	fig|6666666.1036479.peg.1376	0.570628148317337	0.5173331863204513	Very Low	Very Low	Very Low–Very Low	Hypothetical protein.	Hypothetical protein.	0	secondary STRING hit (STRING protein assigned to a better match)	secondary STRING hit (STRING protein assigned to a better match)	2319	2580	1	1	PDDEXK_2	PD-(D/E)XK nuclease family transposase		PDDEXK_2	PD-(D/E)XK nuclease family transposase	
703877	fig|6666666.1036479.peg.2971	fig|6666666.1036479.peg.3006	0.5706126093864441	0.5173949317308929	Very Low	Low	Very Low–Low		Integrase family protein; COG0582 Integrase; Belongs to the 'phage' integrase family.	0	no STRING match	secondary STRING hit (STRING protein assigned to a better match)	1852	1866	1	1	PadR	Transcriptional regulator PadR-like family		Phage_int_SAM_1;Phage_int_SAM_4;Phage_integrase	Phage integrase, N-terminal SAM-like domain; Phage integrase family	GO:0003677;GO:0006310;GO:0015074
704138	fig|6666666.1036479.peg.2645	fig|6666666.1036479.peg.2481	0.5705550730228424	0.5175867835419079	Low	Low	Low–Low			0	no STRING match	no STRING match	1693	3044	1	1	DUF5522	Family of unknown function (DUF5522)		CxxCxxCC	Putative zinc- or iron-chelating domain	
704275	fig|6666666.1036479.peg.1341	fig|6666666.1036479.peg.2481	0.5705174744129181	0.5176874873660805	Low	Low	Low–Low			0	no STRING match	no STRING match	2552	3044	1	1				CxxCxxCC	Putative zinc- or iron-chelating domain	
704286	fig|6666666.1036479.peg.483	fig|6666666.1036479.peg.2223	0.570514976978302	0.5176955730745907	Very Low	Very Low	Very Low–Very Low			0	no STRING match	no STRING match	2178	2939	1	1	Pyr_redox_2;FAD_binding_2;GIDA;NAD_binding_8	Pyridine nucleotide-disulphide oxidoreductase; FAD binding domain; Glucose inhibited division protein A; NAD(P)-binding Rossmann-like domain	GO:0016491	RNase_H	RNase H	GO:0003676;GO:0004523
704974	fig|6666666.1036479.peg.117	fig|6666666.1036479.peg.128	0.5703549981117249	0.5182012973886837	Low	Low	Low–Low			0	no STRING match	no STRING match	2063	2066	1	1	Thioredoxin;Thioredoxin_2;AhpC-TSA;TraF	Thioredoxin; Thioredoxin-like domain; AhpC/TSA family; F plasmid transfer operon protein	GO:0016209;GO:0016491	HTH_24;HTH_AsnC-type;HTH_11;AsnC_trans_reg	Winged helix-turn-helix DNA-binding; AsnC-type helix-turn-helix domain; HTH domain; Lrp/AsnC ligand binding domain	GO:0043565
705184	fig|6666666.1036479.peg.3016	fig|6666666.1036479.peg.2479	0.5703144192695617	0.5183556609147877	Very Low	Very Low	Very Low–Very Low	ATPase; COG0542 ATPases with chaperone activity, ATP-binding subunit; Belongs to the ClpA/ClpB family.		0	secondary STRING hit (STRING protein assigned to a better match)	no STRING match	1874	3043	1	1	Sigma54_activat;AAA_2;AAA_5;AAA	Sigma-54 interaction domain; AAA domain (Cdc48 subfamily); AAA domain (dynein-related subfamily); ATPase family associated with various cellular activities (AAA)	GO:0005524;GO:0006355;GO:0008134;GO:0016887			
705590	fig|6666666.1036479.peg.2407	fig|6666666.1036479.peg.2409	0.5702317774295806	0.5186540970652553	Very Low	Very Low	Very Low–Very Low			0	no STRING match	no STRING match	3009	3011	1	1						
705616	fig|6666666.1036479.peg.2859	fig|6666666.1036479.peg.2096	0.5702236771583558	0.5186732087399158	Very Low	Low	Very Low–Low			0	no STRING match	no STRING match	1794	2874	1	1				YjdM	PhnA domain	
706271	fig|6666666.1036479.peg.128	fig|6666666.1036479.peg.1072	0.5700674235820771	0.5191546759284782	Low	Low	Low–Low		COG2148 Sugar transferases involved in lipopolysaccharide synthesis.	0	no STRING match	secondary STRING hit (STRING protein assigned to a better match)	2066	2416	1	1	HTH_24;HTH_AsnC-type;HTH_11;AsnC_trans_reg	Winged helix-turn-helix DNA-binding; AsnC-type helix-turn-helix domain; HTH domain; Lrp/AsnC ligand binding domain	GO:0043565	Bac_transf	Bacterial sugar transferase	
706445	fig|6666666.1036479.peg.610	fig|6666666.1036479.peg.811	0.5700260519981384	0.5192825771358215	Low	Low	Low–Low			0	no STRING match	no STRING match	2226	2328	1	1	Sod_Cu	Copper/zinc superoxide dismutase (SODC)	GO:0006801;GO:0046872			
706761	fig|6666666.1036479.peg.735	fig|6666666.1036479.peg.1341	0.5699554145336151	0.5195148574893875	Very Low	Low	Very Low–Low	Putative methyltransferase; COG0863 DNA modification methylase; Belongs to the N(4)/N(6)-methyltransferase family.		0	secondary STRING hit (STRING protein assigned to a better match)	no STRING match	2293	2552	1	1	N6_N4_Mtase	DNA methylase	GO:0003677;GO:0008170			
706776	fig|6666666.1036479.peg.788	fig|6666666.1036479.peg.1245	0.569953203201294	0.5195258834555377	Very Low	Very Low	Very Low–Very Low	Hypothetical protein.	Hypothetical protein.	0	secondary STRING hit (STRING protein assigned to a better match)	secondary STRING hit (STRING protein assigned to a better match)	2319	2514	1	1	PDDEXK_2	PD-(D/E)XK nuclease family transposase		PDDEXK_2	PD-(D/E)XK nuclease family transposase	
707108	fig|6666666.1036479.peg.1709	fig|6666666.1036479.peg.2419	0.569877976179123	0.5197699248396641	Low	Very Low	Very Low–Low			0	no STRING match	no STRING match	2725	3016	1	1	ACR_tran	AcrB/AcrD/AcrF family	GO:0016020;GO:0022857;GO:0055085	Thioredoxin;Thioredoxin_6	Thioredoxin; Thioredoxin-like domain	
707163	fig|6666666.1036479.peg.3257	fig|6666666.1036479.peg.18	0.5698661267757416	0.5198103533822152	Very Low	Very Low	Very Low–Very Low			0	no STRING match	no STRING match	2007	2011	1	2				Peptidase_S78	Caudovirus prohead serine protease	
707327	fig|6666666.1036479.peg.282	fig|6666666.1036479.peg.2407	0.5698319911956787	0.5199309039454583	Very Low	Very Low	Very Low–Very Low			0	no STRING match	no STRING match	2109	3009	1	1						
707468	fig|6666666.1036479.peg.2971	fig|6666666.1036479.peg.1286	0.5697978794574737	0.5200345480272709	Very Low	Very Low	Very Low–Very Low			0	no STRING match	no STRING match	1852	2526	1	1	PadR	Transcriptional regulator PadR-like family		MraZ;MraZ	MraZ protein, putative antitoxin-like	
708242	fig|6666666.1036479.peg.3144	fig|6666666.1036479.peg.1244	0.5696070551872253	0.5206034878806255	Low	Very Low	Very Low–Low			0	no STRING match	no STRING match	1929	2513	1	1	DUF421	YetF C-terminal domain		HTH_24;HTH_AsnC-type;HTH_11;AsnC_trans_reg	Winged helix-turn-helix DNA-binding; AsnC-type helix-turn-helix domain; HTH domain; Lrp/AsnC ligand binding domain	GO:0043565
709148	fig|6666666.1036479.peg.2396	fig|6666666.1036479.peg.2408	0.5693941235542297	0.5212694562361027	Very Low	Very Low	Very Low–Very Low			0	no STRING match	no STRING match	3004	3010	1	1						
709379	fig|6666666.1036479.peg.2837	fig|6666666.1036479.peg.788	0.5693342745304107	0.521439256114817	Very Low	Very Low	Very Low–Very Low	Hypothetical protein.	Hypothetical protein.	0	secondary STRING hit (STRING protein assigned to a better match)	secondary STRING hit (STRING protein assigned to a better match)	1780	2319	1	1	PDDEXK_2	PD-(D/E)XK nuclease family transposase		PDDEXK_2	PD-(D/E)XK nuclease family transposase	
709398	fig|6666666.1036479.peg.2406	fig|6666666.1036479.peg.2409	0.569329422712326	0.5214532223386075	Very Low	Very Low	Very Low–Very Low			0	no STRING match	no STRING match	3008	3011	1	1						
709726	fig|6666666.1036479.peg.2689	fig|6666666.1036479.peg.1709	0.5692563712596893	0.5216943234650936	Low	Low	Low–Low			0	no STRING match	no STRING match	1709	2725	1	1	SecE	SecE/Sec61-gamma subunits of protein translocation complex	GO:0006605;GO:0006886;GO:0016020	ACR_tran	AcrB/AcrD/AcrF family	GO:0016020;GO:0022857;GO:0055085
710555	fig|6666666.1036479.peg.3177	fig|6666666.1036479.peg.3232	0.5690607845783233	0.5223036918609993	Low	Very Low	Very Low–Low			0	no STRING match	no STRING match	1940	1982	1	2						
710948	fig|6666666.1036479.peg.3144	fig|6666666.1036479.peg.128	0.5689657926559448	0.5225925721741368	Low	Low	Low–Low			0	no STRING match	no STRING match	1929	2066	1	1	DUF421	YetF C-terminal domain		HTH_24;HTH_AsnC-type;HTH_11;AsnC_trans_reg	Winged helix-turn-helix DNA-binding; AsnC-type helix-turn-helix domain; HTH domain; Lrp/AsnC ligand binding domain	GO:0043565
711674	fig|6666666.1036479.peg.3027	fig|6666666.1036479.peg.1863	0.5687990128993988	0.5231262289358105	Very Low	Very Low	Very Low–Very Low	COG3145 Alkylated DNA repair protein.		0	secondary STRING hit (STRING protein assigned to a better match)	no STRING match	1883	2777	1	1	2OG-FeII_Oxy_2	2OG-Fe(II) oxygenase superfamily		ThiS	ThiS family	
711866	fig|6666666.1036479.peg.2553	fig|6666666.1036479.peg.1629	0.5687571227550506	0.5232673613025342	Very Low	Very Low	Very Low–Very Low	Tyrosine recombinase XerD; COG0582 Integrase; Belongs to the 'phage' integrase family.	Tyrosine recombinase XerD; COG0582 Integrase; Belongs to the 'phage' integrase family.	0	secondary STRING hit (STRING protein assigned to a better match)	secondary STRING hit (STRING protein assigned to a better match)	1646	2691	1	2	Phage_int_SAM_5;Phage_integrase	Phage integrase SAM-like domain; Phage integrase family	GO:0003677;GO:0006310;GO:0015074	Phage_integrase	Phage integrase family	GO:0003677;GO:0006310;GO:0015074
711963	fig|6666666.1036479.peg.2822	fig|6666666.1036479.peg.3091	0.5687374174594879	0.5233386625503059	Very Low	Very Low	Very Low–Very Low			0	no STRING match	no STRING match	1769	1908	1	1	PTPS	6-pyruvoyl tetrahydropterin synthase		Rad17;TsaE	Rad17 P-loop domain; Threonylcarbamoyl adenosine biosynthesis protein TsaE	GO:0002949
712219	fig|6666666.1036479.peg.282	fig|6666666.1036479.peg.2406	0.5686794936656951	0.5235268390392708	Very Low	Very Low	Very Low–Very Low			0	no STRING match	no STRING match	2109	3008	1	1						
712634	fig|6666666.1036479.peg.163	fig|6666666.1036479.peg.1310	0.5685901582241059	0.5238318907694287	Very Low	Very Low	Very Low–Very Low			0	no STRING match	no STRING match	2070	2534	1	1				Flavodoxin_1;FAD_binding_1;NAD_binding_1	Flavodoxin; FAD binding domain; Oxidoreductase NAD-binding domain	GO:0010181;GO:0016491
713030	fig|6666666.1036479.peg.1072	fig|6666666.1036479.peg.1453	0.5685028910636902	0.5241229762757962	Low	Very Low	Very Low–Low	COG2148 Sugar transferases involved in lipopolysaccharide synthesis.		0	secondary STRING hit (STRING protein assigned to a better match)	no STRING match	2416	2607	1	1	Bac_transf	Bacterial sugar transferase				
713101	fig|6666666.1036479.peg.117	fig|6666666.1036479.peg.566	0.5684882700443268	0.5241751658489076	Low	Very Low	Very Low–Low			0	no STRING match	no STRING match	2063	2209	1	1	Thioredoxin;Thioredoxin_2;AhpC-TSA;TraF	Thioredoxin; Thioredoxin-like domain; AhpC/TSA family; F plasmid transfer operon protein	GO:0016209;GO:0016491	Acetyltransf_3;Acetyltransf_4;Acetyltransf_1	Acetyltransferase (GNAT) domain; Acetyltransferase (GNAT) family	GO:0016747
713721	fig|6666666.1036479.peg.413	fig|6666666.1036479.peg.1982	0.5683462858200073	0.5246309057831192	Very Low	Very Low	Very Low–Very Low			0	no STRING match	no STRING match	2151	2833	1	1	ACBP	Acyl CoA binding protein	GO:0000062			
713768	fig|6666666.1036479.peg.2971	fig|6666666.1036479.peg.128	0.5683369576931	0.5246654538103901	Very Low	Low	Very Low–Low			0	no STRING match	no STRING match	1852	2066	1	1	PadR	Transcriptional regulator PadR-like family		HTH_24;HTH_AsnC-type;HTH_11;AsnC_trans_reg	Winged helix-turn-helix DNA-binding; AsnC-type helix-turn-helix domain; HTH domain; Lrp/AsnC ligand binding domain	GO:0043565
713870	fig|6666666.1036479.peg.2883	fig|6666666.1036479.peg.624	0.568307626247406	0.5247404303802121	Very Low	Very Low	Very Low–Very Low	Integrase catalytic subunit; COG2801 Transposase and inactivated derivatives.		0	secondary STRING hit (STRING protein assigned to a better match)	no STRING match	1807	2233	8	1	HTH_28;HTH_29;rve_3	Helix-turn-helix domain; Winged helix-turn helix; Integrase core domain	GO:0015074	Methylase_S;Methylase_S	Type I restriction modification DNA specificity domain	GO:0003677
714307	fig|6666666.1036479.peg.3006	fig|6666666.1036479.peg.1182	0.5682073175907135	0.5250616535273903	Low	Very Low	Very Low–Low	Integrase family protein; COG0582 Integrase; Belongs to the 'phage' integrase family.		0	secondary STRING hit (STRING protein assigned to a better match)	no STRING match	1866	2490	1	1	Phage_int_SAM_1;Phage_int_SAM_4;Phage_integrase	Phage integrase, N-terminal SAM-like domain; Phage integrase family	GO:0003677;GO:0006310;GO:0015074	GerE	Bacterial regulatory proteins, luxR family	GO:0006355
714394	fig|6666666.1036479.peg.26	fig|6666666.1036479.peg.1403	0.5681889474391937	0.525125604131062	Low	High	Low–High			0	no STRING match	no STRING match	2013	2586	2	1				Thioredox_DsbH;Thioredoxin_7;Thioredoxin_2	Protein of unknown function, DUF255; Thioredoxin-like; Thioredoxin-like domain	
714636	fig|6666666.1036479.peg.1310	fig|6666666.1036479.peg.2057	0.5681291103363038	0.5253034897182866	Very Low	Medium	Very Low–Medium			0	no STRING match	no STRING match	2534	2857	1	1	Flavodoxin_1;FAD_binding_1;NAD_binding_1	Flavodoxin; FAD binding domain; Oxidoreductase NAD-binding domain	GO:0010181;GO:0016491	OSCP	ATP synthase delta (OSCP) subunit	GO:0015986;GO:0046933
714760	fig|6666666.1036479.peg.1616	fig|6666666.1036479.peg.1631	0.5681019783020019	0.525394637705129	Very Low	Very Low	Very Low–Very Low			0	no STRING match	no STRING match	2687	2693	2	2	HTH_31;HTH_19;HTH_3	Helix-turn-helix domain; Helix-turn-helix		HTH_19;HTH_26;HTH_3	Helix-turn-helix domain; Cro/C1-type HTH DNA-binding domain; Helix-turn-helix	
714843	fig|6666666.1036479.peg.685	fig|6666666.1036479.peg.1369	0.5680863440036774	0.5254556480511605	Very Low	Very Low	Very Low–Very Low		Integrase catalytic subunit; COG2801 Transposase and inactivated derivatives.	0	no STRING match	secondary STRING hit (STRING protein assigned to a better match)	2259	2577	1	3	PRA-PH;MazG	Phosphoribosyl-ATP pyrophosphohydrolase; MazG nucleotide pyrophosphohydrolase domain		HTH_28;HTH_29	Helix-turn-helix domain; Winged helix-turn helix	
715906	fig|6666666.1036479.peg.1369	fig|6666666.1036479.peg.1557	0.5678446292877197	0.5262370215190106	Very Low	Very Low	Very Low–Very Low	Integrase catalytic subunit; COG2801 Transposase and inactivated derivatives.		0	secondary STRING hit (STRING protein assigned to a better match)	no STRING match	2577	2651	3	1	HTH_28;HTH_29	Helix-turn-helix domain; Winged helix-turn helix		Glyoxalase;Glyoxalase_4	Glyoxalase/Bleomycin resistance protein/Dioxygenase superfamily	
716110	fig|6666666.1036479.peg.163	fig|6666666.1036479.peg.626	0.5678043782711029	0.5263869746586545	Very Low	Low	Very Low–Low			0	no STRING match	no STRING match	2070	2235	1	1				HsdM_N;N6_Mtase	HsdM N-terminal domain; N-6 DNA Methylase	GO:0003677;GO:0008170
716696	fig|6666666.1036479.peg.883	fig|6666666.1036479.peg.1376	0.567671924829483	0.5268177224029256	Very Low	Very Low	Very Low–Very Low	Rhs element Vgr protein; COG3501 Uncharacterized protein conserved in bacteria.	Hypothetical protein.	0	secondary STRING hit (STRING protein assigned to a better match)	secondary STRING hit (STRING protein assigned to a better match)	2358	2580	1	1	Phage_base_V;DUF2345	Type VI secretion system/phage-baseplate injector OB domain; Uncharacterized protein conserved in bacteria (DUF2345)		PDDEXK_2	PD-(D/E)XK nuclease family transposase	
717379	fig|6666666.1036479.peg.2971	fig|6666666.1036479.peg.2310	0.5675050735473632	0.5273197713949684	Very Low	Very Low	Very Low–Very Low			0	no STRING match	no STRING match	1852	2972	1	1	PadR	Transcriptional regulator PadR-like family		cNMP_binding	Cyclic nucleotide-binding domain	
717681	fig|6666666.1036479.peg.3124	fig|6666666.1036479.peg.2419	0.5674472451210022	0.5275417608467942	Very Low	Very Low	Very Low–Very Low			0	no STRING match	no STRING match	1920	3016	1	1	ACP_PD	Acyl carrier protein phosphodiesterase	GO:0006633;GO:0008770	Thioredoxin;Thioredoxin_6	Thioredoxin; Thioredoxin-like domain	
717761	fig|6666666.1036479.peg.3006	fig|6666666.1036479.peg.2452	0.5674246609210968	0.5276005659995957	Low	Very Low	Very Low–Low	Integrase family protein; COG0582 Integrase; Belongs to the 'phage' integrase family.	LytTR family two component transcriptional regulator; COG3279 Response regulator of the LytR/AlgR family.	0	secondary STRING hit (STRING protein assigned to a better match)	secondary STRING hit (STRING protein assigned to a better match)	1866	3029	1	1	Phage_int_SAM_1;Phage_int_SAM_4;Phage_integrase	Phage integrase, N-terminal SAM-like domain; Phage integrase family	GO:0003677;GO:0006310;GO:0015074	Response_reg;LytTR	Response regulator receiver domain; LytTr DNA-binding domain	GO:0000160;GO:0003677
718307	fig|6666666.1036479.peg.2883	fig|6666666.1036479.peg.1557	0.5673048436641693	0.5280019111674661	Very Low	Very Low	Very Low–Very Low	Integrase catalytic subunit; COG2801 Transposase and inactivated derivatives.		0	secondary STRING hit (STRING protein assigned to a better match)	no STRING match	1807	2651	8	1	HTH_28;HTH_29;rve_3	Helix-turn-helix domain; Winged helix-turn helix; Integrase core domain	GO:0015074	Glyoxalase;Glyoxalase_4	Glyoxalase/Bleomycin resistance protein/Dioxygenase superfamily	
719654	fig|6666666.1036479.peg.557	fig|6666666.1036479.peg.929	0.5670024931430817	0.5289920429277616	Very Low	Very Low	Very Low–Very Low			0	no STRING match	no STRING match	2202	2383	1	1	ThiJ_like;DJ-1_PfpI	ThiJ/PfpI family-like; DJ-1/PfpI family		DUF1599;DUF1599	Nucleotide modification associated domain 1	
720173	fig|6666666.1036479.peg.3251	fig|6666666.1036479.peg.413	0.5668911337852478	0.5293735413565613	Very Low	Very Low	Very Low–Very Low			0	no STRING match	no STRING match	2001	2151	3	1				ACBP	Acyl CoA binding protein	GO:0000062
720240	fig|6666666.1036479.peg.3247	fig|6666666.1036479.peg.626	0.5668785393238067	0.5294227906720327	Very Low	Low	Very Low–Low			0	no STRING match	no STRING match	1997	2235	2	1				HsdM_N;N6_Mtase	HsdM N-terminal domain; N-6 DNA Methylase	GO:0003677;GO:0008170
721251	fig|6666666.1036479.peg.566	fig|6666666.1036479.peg.1863	0.5666622757911682	0.5301659407905618	Very Low	Very Low	Very Low–Very Low			0	no STRING match	no STRING match	2209	2777	1	1	Acetyltransf_3;Acetyltransf_4;Acetyltransf_1	Acetyltransferase (GNAT) domain; Acetyltransferase (GNAT) family	GO:0016747	ThiS	ThiS family	
721376	fig|6666666.1036479.peg.929	fig|6666666.1036479.peg.2481	0.5666367948055268	0.5302578238418142	Very Low	Low	Very Low–Low			0	no STRING match	no STRING match	2383	3044	1	1	DUF1599;DUF1599	Nucleotide modification associated domain 1		CxxCxxCC	Putative zinc- or iron-chelating domain	
721912	fig|6666666.1036479.peg.3124	fig|6666666.1036479.peg.2481	0.5665023028850555	0.5306518183655843	Very Low	Low	Very Low–Low			0	no STRING match	no STRING match	1920	3044	1	1	ACP_PD	Acyl carrier protein phosphodiesterase	GO:0006633;GO:0008770	CxxCxxCC	Putative zinc- or iron-chelating domain	
722017	fig|6666666.1036479.peg.3232	fig|6666666.1036479.peg.657	0.566479104757309	0.5307290001286362	Very Low	Very Low	Very Low–Very Low			0	no STRING match	no STRING match	1982	2251	2	1				HTH_19;HTH_31;HTH_3	Helix-turn-helix domain; Helix-turn-helix	
722987	fig|6666666.1036479.peg.1182	fig|6666666.1036479.peg.2452	0.5662528276443481	0.5314420126063546	Very Low	Very Low	Very Low–Very Low		LytTR family two component transcriptional regulator; COG3279 Response regulator of the LytR/AlgR family.	0	no STRING match	secondary STRING hit (STRING protein assigned to a better match)	2490	3029	1	1	GerE	Bacterial regulatory proteins, luxR family	GO:0006355	Response_reg;LytTR	Response regulator receiver domain; LytTr DNA-binding domain	GO:0000160;GO:0003677
723102	fig|6666666.1036479.peg.3257	fig|6666666.1036479.peg.1982	0.5662265479564667	0.5315265450135068	Very Low	Very Low	Very Low–Very Low			0	no STRING match	no STRING match	2007	2833	1	1						
723307	fig|6666666.1036479.peg.624	fig|6666666.1036479.peg.1369	0.5661803543567657	0.5316772332175607	Very Low	Very Low	Very Low–Very Low		Integrase catalytic subunit; COG2801 Transposase and inactivated derivatives.	0	no STRING match	secondary STRING hit (STRING protein assigned to a better match)	2233	2577	1	3	Methylase_S;Methylase_S	Type I restriction modification DNA specificity domain	GO:0003677	HTH_28;HTH_29	Helix-turn-helix domain; Winged helix-turn helix	
723700	fig|6666666.1036479.peg.3144	fig|6666666.1036479.peg.2333	0.5660974442958832	0.5319661135306981	Low	Low	Low–Low			0	no STRING match	no STRING match	1929	2986	1	1	DUF421	YetF C-terminal domain		Oxidored_q2	NADH-ubiquinone/plastoquinone oxidoreductase chain 4L	
723964	fig|6666666.1036479.peg.2837	fig|6666666.1036479.peg.883	0.5660357773303986	0.5321601705349431	Very Low	Very Low	Very Low–Very Low	Hypothetical protein.	Rhs element Vgr protein; COG3501 Uncharacterized protein conserved in bacteria.	0	secondary STRING hit (STRING protein assigned to a better match)	secondary STRING hit (STRING protein assigned to a better match)	1780	2358	1	1	PDDEXK_2	PD-(D/E)XK nuclease family transposase		Phage_base_V;DUF2345	Type VI secretion system/phage-baseplate injector OB domain; Uncharacterized protein conserved in bacteria (DUF2345)	
723976	fig|6666666.1036479.peg.626	fig|6666666.1036479.peg.2057	0.5660341680049896	0.5321689913078633	Low	Medium	Low–Medium			0	no STRING match	no STRING match	2235	2857	1	1	HsdM_N;N6_Mtase	HsdM N-terminal domain; N-6 DNA Methylase	GO:0003677;GO:0008170	OSCP	ATP synthase delta (OSCP) subunit	GO:0015986;GO:0046933
724528	fig|6666666.1036479.peg.3016	fig|6666666.1036479.peg.658	0.5659171640872955	0.5325747468621937	Very Low	Very Low	Very Low–Very Low	ATPase; COG0542 ATPases with chaperone activity, ATP-binding subunit; Belongs to the ClpA/ClpB family.		0	secondary STRING hit (STRING protein assigned to a better match)	no STRING match	1874	2252	1	1	Sigma54_activat;AAA_2;AAA_5;AAA	Sigma-54 interaction domain; AAA domain (Cdc48 subfamily); AAA domain (dynein-related subfamily); ATPase family associated with various cellular activities (AAA)	GO:0005524;GO:0006355;GO:0008134;GO:0016887	HTH_19;HTH_31;HTH_3	Helix-turn-helix domain; Helix-turn-helix	
724880	fig|6666666.1036479.peg.2883	fig|6666666.1036479.peg.2122	0.5658384919166565	0.5328334895345205	Very Low	Very Low	Very Low–Very Low	Integrase catalytic subunit; COG2801 Transposase and inactivated derivatives.		0	secondary STRING hit (STRING protein assigned to a better match)	no STRING match	1807	2888	8	1	HTH_28;HTH_29;rve_3	Helix-turn-helix domain; Winged helix-turn helix; Integrase core domain	GO:0015074	ArsC	ArsC family	
724970	fig|6666666.1036479.peg.566	fig|6666666.1036479.peg.2128	0.565819388628006	0.5328996453314222	Very Low	Very Low	Very Low–Very Low			0	no STRING match	no STRING match	2209	2891	1	1	Acetyltransf_3;Acetyltransf_4;Acetyltransf_1	Acetyltransferase (GNAT) domain; Acetyltransferase (GNAT) family	GO:0016747	23S_rRNA_IVP	23S rRNA-intervening sequence protein	
725059	fig|6666666.1036479.peg.3238	fig|6666666.1036479.peg.2300	0.5657984554767609	0.5329650660639138	Very Low	Very Low	Very Low–Very Low			0	no STRING match	no STRING match	1988	2967	3	1						
726033	fig|6666666.1036479.peg.3232	fig|6666666.1036479.peg.658	0.5655954718589783	0.5336810187992723	Very Low	Very Low	Very Low–Very Low			0	no STRING match	no STRING match	1982	2252	2	1				HTH_19;HTH_31;HTH_3	Helix-turn-helix domain; Helix-turn-helix	
726297	fig|6666666.1036479.peg.2751	fig|6666666.1036479.peg.3124	0.5655455172061921	0.5338750758035172	Very Low	Very Low	Very Low–Very Low			0	no STRING match	no STRING match	1733	1920	1	1	DUF179	AlgH-like		ACP_PD	Acyl carrier protein phosphodiesterase	GO:0006633;GO:0008770
726473	fig|6666666.1036479.peg.3165	fig|6666666.1036479.peg.1863	0.5655003964900971	0.5340044471396806	Very Low	Very Low	Very Low–Very Low	23S rRNA mA1618 methyltransferase; Specifically methylates the adenine in position 1618 of 23S rRNA.		0	secondary STRING hit (STRING protein assigned to a better match)	no STRING match	1934	2777	1	1	Methyltransf_10;MTS	RNA methyltransferase; Methyltransferase small domain	GO:0008168	ThiS	ThiS family	
727008	fig|6666666.1036479.peg.2310	fig|6666666.1036479.peg.2452	0.5653828084468842	0.5343977065990407	Very Low	Very Low	Very Low–Very Low		LytTR family two component transcriptional regulator; COG3279 Response regulator of the LytR/AlgR family.	0	no STRING match	secondary STRING hit (STRING protein assigned to a better match)	2972	3029	1	1	cNMP_binding	Cyclic nucleotide-binding domain		Response_reg;LytTR	Response regulator receiver domain; LytTr DNA-binding domain	GO:0000160;GO:0003677
727330	fig|6666666.1036479.peg.2832	fig|6666666.1036479.peg.1903	0.5653142750263214	0.5346343973390668	Very Low	Very Low	Very Low–Very Low			0	no STRING match	no STRING match	1775	2789	1	1	DUF5655	Domain of unknown function (DUF5655)		KilA-N	KilA-N domain	
727986	fig|6666666.1036479.peg.883	fig|6666666.1036479.peg.1245	0.5651563227176666	0.5351165995920393	Very Low	Very Low	Very Low–Very Low	Rhs element Vgr protein; COG3501 Uncharacterized protein conserved in bacteria.	Hypothetical protein.	0	secondary STRING hit (STRING protein assigned to a better match)	secondary STRING hit (STRING protein assigned to a better match)	2358	2514	1	1	Phage_base_V;DUF2345	Type VI secretion system/phage-baseplate injector OB domain; Uncharacterized protein conserved in bacteria (DUF2345)		PDDEXK_2	PD-(D/E)XK nuclease family transposase	
728164	fig|6666666.1036479.peg.1182	fig|6666666.1036479.peg.2310	0.5651177346706391	0.5352474410570226	Very Low	Very Low	Very Low–Very Low			0	no STRING match	no STRING match	2490	2972	1	1	GerE	Bacterial regulatory proteins, luxR family	GO:0006355	cNMP_binding	Cyclic nucleotide-binding domain	
728177	fig|6666666.1036479.peg.1903	fig|6666666.1036479.peg.2015	0.5651142179965973	0.5352569968943529	Very Low	Low	Very Low–Low			0	no STRING match	no STRING match	2789	2843	1	1	KilA-N	KilA-N domain				
728178	fig|6666666.1036479.peg.2835	fig|6666666.1036479.peg.1903	0.5651140511035919	0.5352577319587629	Very Low	Very Low	Very Low–Very Low			0	no STRING match	no STRING match	1778	2789	1	1	DUF5655	Domain of unknown function (DUF5655)		KilA-N	KilA-N domain	
728234	fig|6666666.1036479.peg.1286	fig|6666666.1036479.peg.2419	0.5651000201702118	0.535298895565724	Very Low	Very Low	Very Low–Very Low			0	no STRING match	no STRING match	2526	3016	1	1	MraZ;MraZ	MraZ protein, putative antitoxin-like		Thioredoxin;Thioredoxin_6	Thioredoxin; Thioredoxin-like domain	
728334	fig|6666666.1036479.peg.2554	fig|6666666.1036479.peg.2837	0.5650738298892974	0.5353724020067259	Low	Very Low	Very Low–Low	Hypothetical protein.	Hypothetical protein.	0	secondary STRING hit (STRING protein assigned to a better match)	secondary STRING hit (STRING protein assigned to a better match)	1647	1780	1	1	Zn_ribbon_DnaG;Toprim_3;Toprim_2;MTBMA_p00010_2nd	CHC2 zinc finger; Toprim domain; Toprim-like; MTBMA_p00010 P-loop domain	GO:0003677;GO:0003899;GO:0006260;GO:0008270	PDDEXK_2	PD-(D/E)XK nuclease family transposase	
729436	fig|6666666.1036479.peg.2408	fig|6666666.1036479.peg.2409	0.5648421108722687	0.5361824429865667	Very Low	Very Low	Very Low–Very Low			0	no STRING match	no STRING match	3010	3011	1	1						
729511	fig|6666666.1036479.peg.3123	fig|6666666.1036479.peg.691	0.5648277640342713	0.5362375728173181	Very Low	Very Low	Very Low–Very Low			0	no STRING match	no STRING match	1919	2262	1	1	Redoxin;AhpC-TSA	Redoxin; AhpC/TSA family	GO:0016209;GO:0016491	ArsC	ArsC family	
730127	fig|6666666.1036479.peg.1631	fig|6666666.1036479.peg.2452	0.5646873831748962	0.5366903724938897	Very Low	Very Low	Very Low–Very Low		LytTR family two component transcriptional regulator; COG3279 Response regulator of the LytR/AlgR family.	0	no STRING match	secondary STRING hit (STRING protein assigned to a better match)	2693	3029	2	1	HTH_19;HTH_26;HTH_3	Helix-turn-helix domain; Cro/C1-type HTH DNA-binding domain; Helix-turn-helix		Response_reg;LytTR	Response regulator receiver domain; LytTr DNA-binding domain	GO:0000160;GO:0003677
730382	fig|6666666.1036479.peg.2096	fig|6666666.1036479.peg.2300	0.5646274566650391	0.5368778139184446	Low	Very Low	Very Low–Low			0	no STRING match	no STRING match	2874	2967	1	1	YjdM	PhnA domain				
730624	fig|6666666.1036479.peg.214	fig|6666666.1036479.peg.1403	0.5645744264125824	0.5370556995056692	Low	High	Low–High			0	no STRING match	no STRING match	2078	2586	1	1	DUF2147	Uncharacterized protein conserved in bacteria (DUF2147)		Thioredox_DsbH;Thioredoxin_7;Thioredoxin_2	Protein of unknown function, DUF255; Thioredoxin-like; Thioredoxin-like domain	
731088	fig|6666666.1036479.peg.557	fig|6666666.1036479.peg.2331	0.564460551738739	0.5373967693919179	Very Low	Low	Very Low–Low			0	no STRING match	no STRING match	2202	2984	1	1	ThiJ_like;DJ-1_PfpI	ThiJ/PfpI family-like; DJ-1/PfpI family		Fer4_10;Fer4;Fer4_8;Fer4_4;Fer4_16;Fer4_17;Fer4_7;Fer4_9;Fer4;Fer4_4	4Fe-4S dicluster domain; 4Fe-4S binding domain; 4Fe-4S double cluster binding domain	
731462	fig|6666666.1036479.peg.2554	fig|6666666.1036479.peg.1376	0.5643835544586182	0.537671683481265	Low	Very Low	Very Low–Low	Hypothetical protein.	Hypothetical protein.	0	secondary STRING hit (STRING protein assigned to a better match)	secondary STRING hit (STRING protein assigned to a better match)	1647	2580	1	1	Zn_ribbon_DnaG;Toprim_3;Toprim_2;MTBMA_p00010_2nd	CHC2 zinc finger; Toprim domain; Toprim-like; MTBMA_p00010 P-loop domain	GO:0003677;GO:0003899;GO:0006260;GO:0008270	PDDEXK_2	PD-(D/E)XK nuclease family transposase	
731635	fig|6666666.1036479.peg.282	fig|6666666.1036479.peg.2408	0.564343947172165	0.5377988496241983	Very Low	Very Low	Very Low–Very Low			0	no STRING match	no STRING match	2109	3010	1	1						
732305	fig|6666666.1036479.peg.2822	fig|6666666.1036479.peg.2122	0.56419677734375	0.538291342778911	Very Low	Very Low	Very Low–Very Low			0	no STRING match	no STRING match	1769	2888	1	1	PTPS	6-pyruvoyl tetrahydropterin synthase		ArsC	ArsC family	
732659	fig|6666666.1036479.peg.584	fig|6666666.1036479.peg.883	0.564128988981247	0.5385515555800577	Very Low	Very Low	Very Low–Very Low		Rhs element Vgr protein; COG3501 Uncharacterized protein conserved in bacteria.	0	no STRING match	secondary STRING hit (STRING protein assigned to a better match)	2215	2358	1	1				Phage_base_V;DUF2345	Type VI secretion system/phage-baseplate injector OB domain; Uncharacterized protein conserved in bacteria (DUF2345)	
732794	fig|6666666.1036479.peg.670	fig|6666666.1036479.peg.1403	0.5641030907630921	0.5386507892754102	Medium	High	Medium–High			0	no STRING match	no STRING match	2254	2586	1	1	Chalcone_3	Chalcone isomerase-like		Thioredox_DsbH;Thioredoxin_7;Thioredoxin_2	Protein of unknown function, DUF255; Thioredoxin-like; Thioredoxin-like domain	
732831	fig|6666666.1036479.peg.3016	fig|6666666.1036479.peg.657	0.5640956342220307	0.5386779866585809	Very Low	Very Low	Very Low–Very Low	ATPase; COG0542 ATPases with chaperone activity, ATP-binding subunit; Belongs to the ClpA/ClpB family.		0	secondary STRING hit (STRING protein assigned to a better match)	no STRING match	1874	2251	1	1	Sigma54_activat;AAA_2;AAA_5;AAA	Sigma-54 interaction domain; AAA domain (Cdc48 subfamily); AAA domain (dynein-related subfamily); ATPase family associated with various cellular activities (AAA)	GO:0005524;GO:0006355;GO:0008134;GO:0016887	HTH_19;HTH_31;HTH_3	Helix-turn-helix domain; Helix-turn-helix	
733035	fig|6666666.1036479.peg.2554	fig|6666666.1036479.peg.2140	0.564047658443451	0.5388279397982249	Low	Very Low	Very Low–Low	Hypothetical protein.		0	secondary STRING hit (STRING protein assigned to a better match)	no STRING match	1647	2898	1	1	Zn_ribbon_DnaG;Toprim_3;Toprim_2;MTBMA_p00010_2nd	CHC2 zinc finger; Toprim domain; Toprim-like; MTBMA_p00010 P-loop domain	GO:0003677;GO:0003899;GO:0006260;GO:0008270	SLFN_AlbA_2;HATPase_c_4	Schlafen, AlbA_2; Putative ATP-dependent DNA helicase recG C-terminal	
733235	fig|6666666.1036479.peg.2562	fig|6666666.1036479.peg.2140	0.5640039205551147	0.5389749526802287	Low	Very Low	Very Low–Low	Hypothetical protein.		0	secondary STRING hit (STRING protein assigned to a better match)	no STRING match	1654	2898	1	1	Zn_ribbon_DnaG;Toprim_3;Toprim_2;MTBMA_p00010_2nd	CHC2 zinc finger; Toprim domain; Toprim-like; MTBMA_p00010 P-loop domain	GO:0003677;GO:0003899;GO:0006260;GO:0008270	SLFN_AlbA_2;HATPase_c_4	Schlafen, AlbA_2; Putative ATP-dependent DNA helicase recG C-terminal	
733263	fig|6666666.1036479.peg.1616	fig|6666666.1036479.peg.2452	0.5639969766139984	0.5389955344837092	Very Low	Very Low	Very Low–Very Low		LytTR family two component transcriptional regulator; COG3279 Response regulator of the LytR/AlgR family.	0	no STRING match	secondary STRING hit (STRING protein assigned to a better match)	2687	3029	2	1	HTH_31;HTH_19;HTH_3	Helix-turn-helix domain; Helix-turn-helix		Response_reg;LytTR	Response regulator receiver domain; LytTr DNA-binding domain	GO:0000160;GO:0003677
733476	fig|6666666.1036479.peg.607	fig|6666666.1036479.peg.2128	0.5639535427093506	0.5391521032030432	Very Low	Very Low	Very Low–Very Low			0	no STRING match	no STRING match	2224	2891	1	1	23S_rRNA_IVP	23S rRNA-intervening sequence protein		23S_rRNA_IVP	23S rRNA-intervening sequence protein	
733663	fig|6666666.1036479.peg.3154	fig|6666666.1036479.peg.1709	0.5639098286628723	0.5392895602477167	High	Low	Low–High			0	no STRING match	no STRING match	1932	2725	1	1	YajC	Preprotein translocase subunit		ACR_tran	AcrB/AcrD/AcrF family	GO:0016020;GO:0022857;GO:0055085
733765	fig|6666666.1036479.peg.117	fig|6666666.1036479.peg.1182	0.5638866484165191	0.5393645368175386	Low	Very Low	Very Low–Low			0	no STRING match	no STRING match	2063	2490	1	1	Thioredoxin;Thioredoxin_2;AhpC-TSA;TraF	Thioredoxin; Thioredoxin-like domain; AhpC/TSA family; F plasmid transfer operon protein	GO:0016209;GO:0016491	GerE	Bacterial regulatory proteins, luxR family	GO:0006355
733844	fig|6666666.1036479.peg.2319	fig|6666666.1036479.peg.2333	0.5638625383377075	0.5394226069059301	High	Low	Low–High			0	no STRING match	no STRING match	2976	2986	1	1	Oxidored_q4	NADH-ubiquinone/plastoquinone oxidoreductase, chain 3	GO:0008137	Oxidored_q2	NADH-ubiquinone/plastoquinone oxidoreductase chain 4L	
734236	fig|6666666.1036479.peg.3027	fig|6666666.1036479.peg.1486	0.563779765367508	0.5397107521546576	Very Low	Very Low	Very Low–Very Low	COG3145 Alkylated DNA repair protein.		0	secondary STRING hit (STRING protein assigned to a better match)	no STRING match	1883	2616	1	1	2OG-FeII_Oxy_2	2OG-Fe(II) oxygenase superfamily		RuvC	Crossover junction endodeoxyribonuclease RuvC	GO:0004520;GO:0006281;GO:0006310
735569	fig|6666666.1036479.peg.2554	fig|6666666.1036479.peg.2832	0.5634954988956451	0.5406905930132128	Low	Very Low	Very Low–Low	Hypothetical protein.		0	secondary STRING hit (STRING protein assigned to a better match)	no STRING match	1647	1775	1	1	Zn_ribbon_DnaG;Toprim_3;Toprim_2;MTBMA_p00010_2nd	CHC2 zinc finger; Toprim domain; Toprim-like; MTBMA_p00010 P-loop domain	GO:0003677;GO:0003899;GO:0006260;GO:0008270	DUF5655	Domain of unknown function (DUF5655)	
735986	fig|6666666.1036479.peg.2832	fig|6666666.1036479.peg.2140	0.5634067833423615	0.5409971148721907	Very Low	Very Low	Very Low–Very Low			0	no STRING match	no STRING match	1775	2898	1	1	DUF5655	Domain of unknown function (DUF5655)		SLFN_AlbA_2;HATPase_c_4	Schlafen, AlbA_2; Putative ATP-dependent DNA helicase recG C-terminal	
736126	fig|6666666.1036479.peg.117	fig|6666666.1036479.peg.1557	0.5633788704872131	0.5411000238895933	Low	Very Low	Very Low–Low			0	no STRING match	no STRING match	2063	2651	1	1	Thioredoxin;Thioredoxin_2;AhpC-TSA;TraF	Thioredoxin; Thioredoxin-like domain; AhpC/TSA family; F plasmid transfer operon protein	GO:0016209;GO:0016491	Glyoxalase;Glyoxalase_4	Glyoxalase/Bleomycin resistance protein/Dioxygenase superfamily	
736661	fig|6666666.1036479.peg.2562	fig|6666666.1036479.peg.2832	0.5632710635662079	0.5414932833489534	Low	Very Low	Very Low–Low	Hypothetical protein.		0	secondary STRING hit (STRING protein assigned to a better match)	no STRING match	1654	1775	1	1	Zn_ribbon_DnaG;Toprim_3;Toprim_2;MTBMA_p00010_2nd	CHC2 zinc finger; Toprim domain; Toprim-like; MTBMA_p00010 P-loop domain	GO:0003677;GO:0003899;GO:0006260;GO:0008270	DUF5655	Domain of unknown function (DUF5655)	
736854	fig|6666666.1036479.peg.26	fig|6666666.1036479.peg.670	0.5632285296916961	0.5416351507800871	Low	Medium	Low–Medium			0	no STRING match	no STRING match	2013	2254	2	1				Chalcone_3	Chalcone isomerase-like	
737532	fig|6666666.1036479.peg.2835	fig|6666666.1036479.peg.2140	0.5630922675132751	0.5421335244500799	Very Low	Very Low	Very Low–Very Low			0	no STRING match	no STRING match	1778	2898	1	1	DUF5655	Domain of unknown function (DUF5655)		SLFN_AlbA_2;HATPase_c_4	Schlafen, AlbA_2; Putative ATP-dependent DNA helicase recG C-terminal	
737672	fig|6666666.1036479.peg.1570	fig|6666666.1036479.peg.1631	0.563064843416214	0.5422364334674826	Very Low	Very Low	Very Low–Very Low			0	no STRING match	no STRING match	2663	2693	1	2	HTH_31;HTH_3	Helix-turn-helix domain; Helix-turn-helix		HTH_19;HTH_26;HTH_3	Helix-turn-helix domain; Cro/C1-type HTH DNA-binding domain; Helix-turn-helix	
738204	fig|6666666.1036479.peg.566	fig|6666666.1036479.peg.624	0.5629365563392639	0.5426274877336127	Very Low	Very Low	Very Low–Very Low			0	no STRING match	no STRING match	2209	2233	1	1	Acetyltransf_3;Acetyltransf_4;Acetyltransf_1	Acetyltransferase (GNAT) domain; Acetyltransferase (GNAT) family	GO:0016747	Methylase_S;Methylase_S	Type I restriction modification DNA specificity domain	GO:0003677
739063	fig|6666666.1036479.peg.2562	fig|6666666.1036479.peg.2835	0.5627450227737427	0.5432589080618189	Low	Very Low	Very Low–Low	Hypothetical protein.		0	secondary STRING hit (STRING protein assigned to a better match)	no STRING match	1654	1778	1	1	Zn_ribbon_DnaG;Toprim_3;Toprim_2;MTBMA_p00010_2nd	CHC2 zinc finger; Toprim domain; Toprim-like; MTBMA_p00010 P-loop domain	GO:0003677;GO:0003899;GO:0006260;GO:0008270	DUF5655	Domain of unknown function (DUF5655)	
739321	fig|6666666.1036479.peg.282	fig|6666666.1036479.peg.2409	0.562687212228775	0.5434485546796038	Very Low	Very Low	Very Low–Very Low			0	no STRING match	no STRING match	2109	3011	1	1						
740139	fig|6666666.1036479.peg.2586	fig|6666666.1036479.peg.557	0.5624966025352478	0.5440498373669993	Very Low	Very Low	Very Low–Very Low			0	no STRING match	no STRING match	1663	2202	1	1	Peptidase_M28	Peptidase family M28		ThiJ_like;DJ-1_PfpI	ThiJ/PfpI family-like; DJ-1/PfpI family	
740288	fig|6666666.1036479.peg.1601	fig|6666666.1036479.peg.1616	0.5624651908874512	0.5441593619640921	Very Low	Very Low	Very Low–Very Low			0	no STRING match	no STRING match	2682	2687	2	2	HTH_31;HTH_19;HTH_26;HTH_3	Helix-turn-helix domain; Cro/C1-type HTH DNA-binding domain; Helix-turn-helix		HTH_31;HTH_19;HTH_3	Helix-turn-helix domain; Helix-turn-helix	
740362	fig|6666666.1036479.peg.3016	fig|6666666.1036479.peg.2310	0.5624489605426788	0.5442137567304335	Very Low	Very Low	Very Low–Very Low	ATPase; COG0542 ATPases with chaperone activity, ATP-binding subunit; Belongs to the ClpA/ClpB family.		0	secondary STRING hit (STRING protein assigned to a better match)	no STRING match	1874	2972	1	1	Sigma54_activat;AAA_2;AAA_5;AAA	Sigma-54 interaction domain; AAA domain (Cdc48 subfamily); AAA domain (dynein-related subfamily); ATPase family associated with various cellular activities (AAA)	GO:0005524;GO:0006355;GO:0008134;GO:0016887	cNMP_binding	Cyclic nucleotide-binding domain	
740654	fig|6666666.1036479.peg.2015	fig|6666666.1036479.peg.2482	0.5623767137527466	0.544428395538159	Low	Very Low	Very Low–Low			0	no STRING match	no STRING match	2843	3045	1	1				PAS_9;PAS_3	PAS domain; PAS fold	GO:0005515
741053	fig|6666666.1036479.peg.3251	fig|6666666.1036479.peg.2096	0.5622792601585388	0.5447216862377566	Very Low	Low	Very Low–Low			0	no STRING match	no STRING match	2001	2874	3	1				YjdM	PhnA domain	
741628	fig|6666666.1036479.peg.2553	fig|6666666.1036479.peg.2134	0.5621538996696472	0.5451443482735174	Very Low	Very Low	Very Low–Very Low	Tyrosine recombinase XerD; COG0582 Integrase; Belongs to the 'phage' integrase family.		0	secondary STRING hit (STRING protein assigned to a better match)	no STRING match	1646	2894	1	1	Phage_int_SAM_5;Phage_integrase	Phage integrase SAM-like domain; Phage integrase family	GO:0003677;GO:0006310;GO:0015074	AAA_14;DUF8612	AAA domain; Domain of unknown function (DUF8612)	
741629	fig|6666666.1036479.peg.2822	fig|6666666.1036479.peg.2823	0.5621537089347839	0.5451450833379274	Very Low	Very Low	Very Low–Very Low			0	no STRING match	no STRING match	1769	1770	1	1	PTPS	6-pyruvoyl tetrahydropterin synthase		Redoxin;AhpC-TSA	Redoxin; AhpC/TSA family	GO:0016209;GO:0016491
742314	fig|6666666.1036479.peg.624	fig|6666666.1036479.peg.1557	0.562003082036972	0.5456486024587904	Very Low	Very Low	Very Low–Very Low			0	no STRING match	no STRING match	2233	2651	1	1	Methylase_S;Methylase_S	Type I restriction modification DNA specificity domain	GO:0003677	Glyoxalase;Glyoxalase_4	Glyoxalase/Bleomycin resistance protein/Dioxygenase superfamily	
743625	fig|6666666.1036479.peg.626	fig|6666666.1036479.peg.2466	0.5617002129554749	0.5466122719003252	Low	Very Low	Very Low–Low		Hypothetical protein; COG0433 Predicted ATPase.	0	no STRING match	secondary STRING hit (STRING protein assigned to a better match)	2235	3037	1	1	HsdM_N;N6_Mtase	HsdM N-terminal domain; N-6 DNA Methylase	GO:0003677;GO:0008170	DUF87;HerA_C;TrwB_AAD_bind	Helicase HerA, central domain; Helicase HerA-like C-terminal; Type IV secretion-system coupling protein DNA-binding domain	
744050	fig|6666666.1036479.peg.3154	fig|6666666.1036479.peg.2317	0.5615978240966797	0.5469246742745834	High	Very Low	Very Low–High			0	no STRING match	no STRING match	1932	2975	1	1	YajC	Preprotein translocase subunit		Bac_DNA_binding;HU-HIG	Bacterial DNA-binding protein; HU domain fused to wHTH, Ig, or Glycine-rich motif	GO:0003677;GO:0030527
744397	fig|6666666.1036479.peg.26	fig|6666666.1036479.peg.2319	0.5615173041820526	0.5471797416248598	Low	High	Low–High			0	no STRING match	no STRING match	2013	2976	2	1				Oxidored_q4	NADH-ubiquinone/plastoquinone oxidoreductase, chain 3	GO:0008137
744460	fig|6666666.1036479.peg.1286	fig|6666666.1036479.peg.1709	0.5615009009838104	0.547226050682691	Very Low	Low	Very Low–Low			0	no STRING match	no STRING match	2526	2725	1	1	MraZ;MraZ	MraZ protein, putative antitoxin-like		ACR_tran	AcrB/AcrD/AcrF family	GO:0016020;GO:0022857;GO:0055085
744802	fig|6666666.1036479.peg.3226	fig|6666666.1036479.peg.1903	0.5614181280136108	0.5474774427109176	Very Low	Very Low	Very Low–Very Low			0	no STRING match	no STRING match	1976	2789	2	1				KilA-N	KilA-N domain	
745738	fig|6666666.1036479.peg.2954	fig|6666666.1036479.peg.2275	0.5611948549747467	0.5481654629986953	Very Low	Very Low	Very Low–Very Low			0	no STRING match	no STRING match	1845	2956	1	1				CRISPR_Cas2;PaaX_M	CRISPR associated protein Cas2; PaaX protein central Cas2-like domain	
745958	fig|6666666.1036479.peg.614	fig|6666666.1036479.peg.658	0.5611519932746887	0.5483271771688994	Very Low	Very Low	Very Low–Very Low			0	no STRING match	no STRING match	2229	2252	1	1				HTH_19;HTH_31;HTH_3	Helix-turn-helix domain; Helix-turn-helix	
746161	fig|6666666.1036479.peg.1453	fig|6666666.1036479.peg.1557	0.561106288433075	0.5484763952441333	Very Low	Very Low	Very Low–Very Low			0	no STRING match	no STRING match	2607	2651	1	1				Glyoxalase;Glyoxalase_4	Glyoxalase/Bleomycin resistance protein/Dioxygenase superfamily	
746537	fig|6666666.1036479.peg.3024	fig|6666666.1036479.peg.811	0.5610202848911285	0.5487527794623004	Low	Low	Low–Low			0	no STRING match	no STRING match	1881	2328	1	1	HTHP	Hexameric tyrosine-coordinated heme protein (HTHP)				
746722	fig|6666666.1036479.peg.1286	fig|6666666.1036479.peg.2310	0.5609801650047302	0.5488887663781539	Very Low	Very Low	Very Low–Very Low			0	no STRING match	no STRING match	2526	2972	1	1	MraZ;MraZ	MraZ protein, putative antitoxin-like		cNMP_binding	Cyclic nucleotide-binding domain	
747308	fig|6666666.1036479.peg.2128	fig|6666666.1036479.peg.2168	0.5608392179012298	0.549319514122425	Very Low	Low	Very Low–Low			0	no STRING match	no STRING match	2891	2917	1	1	23S_rRNA_IVP	23S rRNA-intervening sequence protein		DUF772;DDE_Tnp_1;DDE_Tnp_1_6	Transposase domain (DUF772); Transposase DDE domain	GO:0003677;GO:0004803;GO:0006313
748169	fig|6666666.1036479.peg.2954	fig|6666666.1036479.peg.1601	0.560647863149643	0.5499524045794513	Very Low	Very Low	Very Low–Very Low			0	no STRING match	no STRING match	1845	2682	1	2				HTH_31;HTH_19;HTH_26;HTH_3	Helix-turn-helix domain; Cro/C1-type HTH DNA-binding domain; Helix-turn-helix	
748366	fig|6666666.1036479.peg.2823	fig|6666666.1036479.peg.811	0.5606122791767121	0.550097212268225	Very Low	Low	Very Low–Low			0	no STRING match	no STRING match	1770	2328	1	1	Redoxin;AhpC-TSA	Redoxin; AhpC/TSA family	GO:0016209;GO:0016491			
748698	fig|6666666.1036479.peg.3101	fig|6666666.1036479.peg.483	0.5605411648750305	0.5503412536523513	Very Low	Very Low	Very Low–Very Low			0	no STRING match	no STRING match	1910	2178	1	1	Pribosyltran	Phosphoribosyl transferase domain		Pyr_redox_2;FAD_binding_2;GIDA;NAD_binding_8	Pyridine nucleotide-disulphide oxidoreductase; FAD binding domain; Glucose inhibited division protein A; NAD(P)-binding Rossmann-like domain	GO:0016491
748924	fig|6666666.1036479.peg.624	fig|6666666.1036479.peg.2128	0.5604935050010681	0.5505073782090155	Very Low	Very Low	Very Low–Very Low			0	no STRING match	no STRING match	2233	2891	1	1	Methylase_S;Methylase_S	Type I restriction modification DNA specificity domain	GO:0003677	23S_rRNA_IVP	23S rRNA-intervening sequence protein	
749308	fig|6666666.1036479.peg.694	fig|6666666.1036479.peg.2128	0.5604018867015839	0.5507896429424628	Low	Very Low	Very Low–Low			0	no STRING match	no STRING match	2263	2891	1	1	DUF772;DDE_Tnp_1;DDE_Tnp_1_6	Transposase domain (DUF772); Transposase DDE domain	GO:0003677;GO:0004803;GO:0006313	23S_rRNA_IVP	23S rRNA-intervening sequence protein	
749398	fig|6666666.1036479.peg.3123	fig|6666666.1036479.peg.483	0.5603935301303864	0.5508557987393645	Very Low	Very Low	Very Low–Very Low			0	no STRING match	no STRING match	1919	2178	1	1	Redoxin;AhpC-TSA	Redoxin; AhpC/TSA family	GO:0016209;GO:0016491	Pyr_redox_2;FAD_binding_2;GIDA;NAD_binding_8	Pyridine nucleotide-disulphide oxidoreductase; FAD binding domain; Glucose inhibited division protein A; NAD(P)-binding Rossmann-like domain	GO:0016491
749424	fig|6666666.1036479.peg.163	fig|6666666.1036479.peg.2466	0.5603863179683686	0.550874910414025	Very Low	Very Low	Very Low–Very Low		Hypothetical protein; COG0433 Predicted ATPase.	0	no STRING match	secondary STRING hit (STRING protein assigned to a better match)	2070	3037	1	1				DUF87;HerA_C;TrwB_AAD_bind	Helicase HerA, central domain; Helicase HerA-like C-terminal; Type IV secretion-system coupling protein DNA-binding domain	
749534	fig|6666666.1036479.peg.2543	fig|6666666.1036479.peg.3027	0.560361510515213	0.5509557674991271	Low	Very Low	Very Low–Low		COG3145 Alkylated DNA repair protein.	0	no STRING match	secondary STRING hit (STRING protein assigned to a better match)	1636	1883	1	1	DUF772;DDE_Tnp_1;DDE_Tnp_1_6	Transposase domain (DUF772); Transposase DDE domain	GO:0003677;GO:0004803;GO:0006313	2OG-FeII_Oxy_2	2OG-Fe(II) oxygenase superfamily	
750023	fig|6666666.1036479.peg.3027	fig|6666666.1036479.peg.1121	0.5602645158767701	0.5513152139956263	Very Low	Low	Very Low–Low	COG3145 Alkylated DNA repair protein.		0	secondary STRING hit (STRING protein assigned to a better match)	no STRING match	1883	2452	1	1	2OG-FeII_Oxy_2	2OG-Fe(II) oxygenase superfamily		DUF772;DDE_Tnp_1;DDE_Tnp_1_6	Transposase domain (DUF772); Transposase DDE domain	GO:0003677;GO:0004803;GO:0006313
750907	fig|6666666.1036479.peg.2751	fig|6666666.1036479.peg.2419	0.5600625157356263	0.5519650109340831	Very Low	Very Low	Very Low–Very Low			0	no STRING match	no STRING match	1733	3016	1	1	DUF179	AlgH-like		Thioredoxin;Thioredoxin_6	Thioredoxin; Thioredoxin-like domain	
751313	fig|6666666.1036479.peg.2642	fig|6666666.1036479.peg.3027	0.5599805235862731	0.5522634470845508	Low	Very Low	Very Low–Low		COG3145 Alkylated DNA repair protein.	0	no STRING match	secondary STRING hit (STRING protein assigned to a better match)	1690	1883	2	1	DUF772;DDE_Tnp_1;DDE_Tnp_1_6	Transposase domain (DUF772); Transposase DDE domain	GO:0003677;GO:0004803;GO:0006313	2OG-FeII_Oxy_2	2OG-Fe(II) oxygenase superfamily	
751620	fig|6666666.1036479.peg.418	fig|6666666.1036479.peg.785	0.5599109113216401	0.5524891118584266	Very Low	Very Low	Very Low–Very Low			0	no STRING match	no STRING match	2152	2316	1	1	RsfS	Ribosomal silencing factor during starvation		DUF1697	Protein of unknown function (DUF1697)	
751689	fig|6666666.1036479.peg.483	fig|6666666.1036479.peg.2263	0.5598913669586182	0.5525398313027179	Very Low	Very Low	Very Low–Very Low			0	no STRING match	no STRING match	2178	2952	1	1	Pyr_redox_2;FAD_binding_2;GIDA;NAD_binding_8	Pyridine nucleotide-disulphide oxidoreductase; FAD binding domain; Glucose inhibited division protein A; NAD(P)-binding Rossmann-like domain	GO:0016491	Asp_decarbox	Aspartate decarboxylase	GO:0004068;GO:0006523
751761	fig|6666666.1036479.peg.614	fig|6666666.1036479.peg.657	0.5598717093467712	0.5525927559402393	Very Low	Very Low	Very Low–Very Low			0	no STRING match	no STRING match	2229	2251	1	1				HTH_19;HTH_31;HTH_3	Helix-turn-helix domain; Helix-turn-helix	
752161	fig|6666666.1036479.peg.2823	fig|6666666.1036479.peg.1437	0.5597752571105957	0.5528867817042469	Very Low	Low	Very Low–Low			0	no STRING match	no STRING match	1770	2602	1	1	Redoxin;AhpC-TSA	Redoxin; AhpC/TSA family	GO:0016209;GO:0016491	Acetyltransf_1;Acetyltransf_10;Acetyltransf_7	Acetyltransferase (GNAT) family; Acetyltransferase (GNAT) domain	GO:0016747
752549	fig|6666666.1036479.peg.3247	fig|6666666.1036479.peg.2466	0.5596970438957214	0.5531719866953342	Very Low	Very Low	Very Low–Very Low		Hypothetical protein; COG0433 Predicted ATPase.	0	no STRING match	secondary STRING hit (STRING protein assigned to a better match)	1997	3037	2	1				DUF87;HerA_C;TrwB_AAD_bind	Helicase HerA, central domain; Helicase HerA-like C-terminal; Type IV secretion-system coupling protein DNA-binding domain	
753029	fig|6666666.1036479.peg.2553	fig|6666666.1036479.peg.785	0.5595849692821503	0.5535248176121432	Very Low	Very Low	Very Low–Very Low	Tyrosine recombinase XerD; COG0582 Integrase; Belongs to the 'phage' integrase family.		0	secondary STRING hit (STRING protein assigned to a better match)	no STRING match	1646	2316	1	1	Phage_int_SAM_5;Phage_integrase	Phage integrase SAM-like domain; Phage integrase family	GO:0003677;GO:0006310;GO:0015074	DUF1697	Protein of unknown function (DUF1697)	
753113	fig|6666666.1036479.peg.557	fig|6666666.1036479.peg.2481	0.5595678985118866	0.5535865630225848	Very Low	Low	Very Low–Low			0	no STRING match	no STRING match	2202	3044	1	1	ThiJ_like;DJ-1_PfpI	ThiJ/PfpI family-like; DJ-1/PfpI family		CxxCxxCC	Putative zinc- or iron-chelating domain	
753286	fig|6666666.1036479.peg.2833	fig|6666666.1036479.peg.418	0.5595252335071563	0.5537137291655181	Very Low	Very Low	Very Low–Very Low			0	no STRING match	no STRING match	1776	2152	13	1	DDE_Tnp_1	Transposase DDE domain	GO:0003677;GO:0004803;GO:0006313	RsfS	Ribosomal silencing factor during starvation	
754170	fig|6666666.1036479.peg.2562	fig|6666666.1036479.peg.1245	0.5593424081802368	0.5543635261039749	Low	Very Low	Very Low–Low	Hypothetical protein.	Hypothetical protein.	0	secondary STRING hit (STRING protein assigned to a better match)	secondary STRING hit (STRING protein assigned to a better match)	1654	2514	1	1	Zn_ribbon_DnaG;Toprim_3;Toprim_2;MTBMA_p00010_2nd	CHC2 zinc finger; Toprim domain; Toprim-like; MTBMA_p00010 P-loop domain	GO:0003677;GO:0003899;GO:0006260;GO:0008270	PDDEXK_2	PD-(D/E)XK nuclease family transposase	
755873	fig|6666666.1036479.peg.2823	fig|6666666.1036479.peg.1453	0.558994734287262	0.5556153407942371	Very Low	Very Low	Very Low–Very Low			0	no STRING match	no STRING match	1770	2607	1	1	Redoxin;AhpC-TSA	Redoxin; AhpC/TSA family	GO:0016209;GO:0016491			
756234	fig|6666666.1036479.peg.1286	fig|6666666.1036479.peg.1631	0.5589103102684021	0.5558806990462539	Very Low	Very Low	Very Low–Very Low			0	no STRING match	no STRING match	2526	2693	1	2	MraZ;MraZ	MraZ protein, putative antitoxin-like		HTH_19;HTH_26;HTH_3	Helix-turn-helix domain; Cro/C1-type HTH DNA-binding domain; Helix-turn-helix	
756787	fig|6666666.1036479.peg.2931	fig|6666666.1036479.peg.1453	0.5587927579879761	0.5562871896649944	Very Low	Very Low	Very Low–Very Low			0	no STRING match	no STRING match	1833	2607	1	1	DinB_2	DinB superfamily				
759036	fig|6666666.1036479.peg.2586	fig|6666666.1036479.peg.2119	0.5583110630512238	0.557940349523127	Very Low	Very Low	Very Low–Very Low			0	no STRING match	no STRING match	1663	2887	1	1	Peptidase_M28	Peptidase family M28				
759888	fig|6666666.1036479.peg.1601	fig|6666666.1036479.peg.2275	0.5581311464309693	0.5585666244004631	Very Low	Very Low	Very Low–Very Low			0	no STRING match	no STRING match	2682	2956	2	1	HTH_31;HTH_19;HTH_26;HTH_3	Helix-turn-helix domain; Cro/C1-type HTH DNA-binding domain; Helix-turn-helix		CRISPR_Cas2;PaaX_M	CRISPR associated protein Cas2; PaaX protein central Cas2-like domain	
760097	fig|6666666.1036479.peg.2822	fig|6666666.1036479.peg.2081	0.5580819249153137	0.5587202528621571	Very Low	Very Low	Very Low–Very Low			0	no STRING match	no STRING match	1769	2865	1	1	PTPS	6-pyruvoyl tetrahydropterin synthase		DNA_binding_1	6-O-methylguanine DNA methyltransferase, DNA binding domain	GO:0003824;GO:0006281
760348	fig|6666666.1036479.peg.2835	fig|6666666.1036479.peg.1601	0.5580205976963043	0.5589047540290718	Very Low	Very Low	Very Low–Very Low			0	no STRING match	no STRING match	1778	2682	1	2	DUF5655	Domain of unknown function (DUF5655)		HTH_31;HTH_19;HTH_26;HTH_3	Helix-turn-helix domain; Cro/C1-type HTH DNA-binding domain; Helix-turn-helix	
760450	fig|6666666.1036479.peg.3101	fig|6666666.1036479.peg.3123	0.5579963088035583	0.5589797305988937	Very Low	Very Low	Very Low–Very Low			0	no STRING match	no STRING match	1910	1919	1	1	Pribosyltran	Phosphoribosyl transferase domain		Redoxin;AhpC-TSA	Redoxin; AhpC/TSA family	GO:0016209;GO:0016491
760877	fig|6666666.1036479.peg.2954	fig|6666666.1036479.peg.2317	0.5579044938087463	0.5592936031019718	Very Low	Very Low	Very Low–Very Low			0	no STRING match	no STRING match	1845	2975	1	1				Bac_DNA_binding;HU-HIG	Bacterial DNA-binding protein; HU domain fused to wHTH, Ig, or Glycine-rich motif	GO:0003677;GO:0030527
761723	fig|6666666.1036479.peg.3123	fig|6666666.1036479.peg.3165	0.5577162802219391	0.5599154675928478	Very Low	Very Low	Very Low–Very Low		23S rRNA mA1618 methyltransferase; Specifically methylates the adenine in position 1618 of 23S rRNA.	0	no STRING match	secondary STRING hit (STRING protein assigned to a better match)	1919	1934	1	1	Redoxin;AhpC-TSA	Redoxin; AhpC/TSA family	GO:0016209;GO:0016491	Methyltransf_10;MTS	RNA methyltransferase; Methyltransferase small domain	GO:0008168
761856	fig|6666666.1036479.peg.2751	fig|6666666.1036479.peg.3016	0.5576924324035645	0.5600132311593803	Very Low	Very Low	Very Low–Very Low		ATPase; COG0542 ATPases with chaperone activity, ATP-binding subunit; Belongs to the ClpA/ClpB family.	0	no STRING match	secondary STRING hit (STRING protein assigned to a better match)	1733	1874	1	1	DUF179	AlgH-like		Sigma54_activat;AAA_2;AAA_5;AAA	Sigma-54 interaction domain; AAA domain (Cdc48 subfamily); AAA domain (dynein-related subfamily); ATPase family associated with various cellular activities (AAA)	GO:0005524;GO:0006355;GO:0008134;GO:0016887
763145	fig|6666666.1036479.peg.2823	fig|6666666.1036479.peg.610	0.5574114143848419	0.5609607291838947	Very Low	Low	Very Low–Low			0	no STRING match	no STRING match	1770	2226	1	1	Redoxin;AhpC-TSA	Redoxin; AhpC/TSA family	GO:0016209;GO:0016491	Sod_Cu	Copper/zinc superoxide dismutase (SODC)	GO:0006801;GO:0046872
763666	fig|6666666.1036479.peg.2954	fig|6666666.1036479.peg.2482	0.5572914123535156	0.5613436977415146	Very Low	Very Low	Very Low–Very Low			0	no STRING match	no STRING match	1845	3045	1	1				PAS_9;PAS_3	PAS domain; PAS fold	GO:0005515
763768	fig|6666666.1036479.peg.2825	fig|6666666.1036479.peg.3251	0.5572680771350861	0.5614186743113365	Very Low	Very Low	Very Low–Very Low			0	no STRING match	no STRING match	1771	2001	1	3						
765131	fig|6666666.1036479.peg.82	fig|6666666.1036479.peg.557	0.5569626092910767	0.5624205671021923	High	Very Low	Very Low–High			0	no STRING match	no STRING match	2048	2202	1	1	PTP-NADK	DSP-PTPase phosphatase fused to NAD+ Kinase		ThiJ_like;DJ-1_PfpI	ThiJ/PfpI family-like; DJ-1/PfpI family	
765192	fig|6666666.1036479.peg.2275	fig|6666666.1036479.peg.2482	0.5569487869739532	0.5624654060312034	Very Low	Very Low	Very Low–Very Low			0	no STRING match	no STRING match	2956	3045	1	1	CRISPR_Cas2;PaaX_M	CRISPR associated protein Cas2; PaaX protein central Cas2-like domain		PAS_9;PAS_3	PAS domain; PAS fold	GO:0005515
765559	fig|6666666.1036479.peg.2751	fig|6666666.1036479.peg.788	0.5568782329559326	0.5627351746696805	Very Low	Very Low	Very Low–Very Low		Hypothetical protein.	0	no STRING match	secondary STRING hit (STRING protein assigned to a better match)	1733	2319	1	1	DUF179	AlgH-like		PDDEXK_2	PD-(D/E)XK nuclease family transposase	
765771	fig|6666666.1036479.peg.82	fig|6666666.1036479.peg.1403	0.556836199760437	0.5628910083246045	High	High	High–High			0	no STRING match	no STRING match	2048	2586	1	1	PTP-NADK	DSP-PTPase phosphatase fused to NAD+ Kinase		Thioredox_DsbH;Thioredoxin_7;Thioredoxin_2	Protein of unknown function, DUF255; Thioredoxin-like; Thioredoxin-like domain	
766510	fig|6666666.1036479.peg.691	fig|6666666.1036479.peg.2250	0.5567016482353211	0.5634342209236084	Very Low	Very Low	Very Low–Very Low			0	no STRING match	no STRING match	2262	2948	1	1	ArsC	ArsC family		CYTH	CYTH domain	
767243	fig|6666666.1036479.peg.2822	fig|6666666.1036479.peg.2250	0.5565396130084992	0.5639730231361523	Very Low	Very Low	Very Low–Very Low			0	no STRING match	no STRING match	1769	2948	1	1	PTPS	6-pyruvoyl tetrahydropterin synthase		CYTH	CYTH domain	
767783	fig|6666666.1036479.peg.3101	fig|6666666.1036479.peg.691	0.5564217925071716	0.5643699579175625	Very Low	Very Low	Very Low–Very Low			0	no STRING match	no STRING match	1910	2262	1	1	Pribosyltran	Phosphoribosyl transferase domain		ArsC	ArsC family	
767901	fig|6666666.1036479.peg.425	fig|6666666.1036479.peg.657	0.5563880324363708	0.5644566955179448	Very Low	Very Low	Very Low–Very Low			0	no STRING match	no STRING match	2155	2251	1	1				HTH_19;HTH_31;HTH_3	Helix-turn-helix domain; Helix-turn-helix	
768047	fig|6666666.1036479.peg.3101	fig|6666666.1036479.peg.2263	0.5563556730747223	0.5645640149218075	Very Low	Very Low	Very Low–Very Low			0	no STRING match	no STRING match	1910	2952	1	1	Pribosyltran	Phosphoribosyl transferase domain		Asp_decarbox	Aspartate decarboxylase	GO:0004068;GO:0006523
768119	fig|6666666.1036479.peg.610	fig|6666666.1036479.peg.2331	0.5563392996788025	0.5646169395593289	Low	Low	Low–Low			0	no STRING match	no STRING match	2226	2984	1	1	Sod_Cu	Copper/zinc superoxide dismutase (SODC)	GO:0006801;GO:0046872	Fer4_10;Fer4;Fer4_8;Fer4_4;Fer4_16;Fer4_17;Fer4_7;Fer4_9;Fer4;Fer4_4	4Fe-4S dicluster domain; 4Fe-4S binding domain; 4Fe-4S double cluster binding domain	
768247	fig|6666666.1036479.peg.214	fig|6666666.1036479.peg.670	0.5563155889511109	0.5647110278038113	Low	Medium	Low–Medium			0	no STRING match	no STRING match	2078	2254	1	1	DUF2147	Uncharacterized protein conserved in bacteria (DUF2147)		Chalcone_3	Chalcone isomerase-like	
768352	fig|6666666.1036479.peg.1316	fig|6666666.1036479.peg.2250	0.5562890529632568	0.5647882095668633	Low	Very Low	Very Low–Low			0	no STRING match	no STRING match	2540	2948	1	1	PAPS_reduct	Phosphoadenosine phosphosulfate reductase domain	GO:0003824	CYTH	CYTH domain	
768573	fig|6666666.1036479.peg.607	fig|6666666.1036479.peg.1994	0.5562415838241577	0.5649506588014774	Very Low	Very Low	Very Low–Very Low			0	no STRING match	no STRING match	2224	2838	1	1	23S_rRNA_IVP	23S rRNA-intervening sequence protein		23S_rRNA_IVP	23S rRNA-intervening sequence protein	
769077	fig|6666666.1036479.peg.1708	fig|6666666.1036479.peg.2319	0.5561233341693879	0.565321131264127	Low	High	Low–High	Multidrug resistance protein precursor AcrB/AcrD/AcrF family protein; COG0841 Cation/multidrug efflux pump; Belongs to the resistance-nodulation-cell division (RND) (TC 2.A.6) family.		0	secondary STRING hit (STRING protein assigned to a better match)	no STRING match	2724	2976	1	1	ACR_tran;SecD_SecF_C	AcrB/AcrD/AcrF family; Protein export membrane protein SecD/SecF, C-terminal	GO:0016020;GO:0022857;GO:0055085	Oxidored_q4	NADH-ubiquinone/plastoquinone oxidoreductase, chain 3	GO:0008137
771163	fig|6666666.1036479.peg.2985	fig|6666666.1036479.peg.2119	0.5556684136390686	0.5668544756234265	Very Low	Very Low	Very Low–Very Low			0	no STRING match	no STRING match	1857	2887	1	1	DUF2007	Putative prokaryotic signal transducing protein				
771505	fig|6666666.1036479.peg.1709	fig|6666666.1036479.peg.2409	0.5556012749671936	0.5671058676516529	Low	Very Low	Very Low–Low			0	no STRING match	no STRING match	2725	3011	1	1	ACR_tran	AcrB/AcrD/AcrF family	GO:0016020;GO:0022857;GO:0055085			
771640	fig|6666666.1036479.peg.556	fig|6666666.1036479.peg.2263	0.5555696964263916	0.5672051013470055	Very Low	Very Low	Very Low–Very Low			0	no STRING match	no STRING match	2201	2952	1	1				Asp_decarbox	Aspartate decarboxylase	GO:0004068;GO:0006523
771996	fig|6666666.1036479.peg.1708	fig|6666666.1036479.peg.2333	0.5554973840713501	0.5674667842769723	Low	Low	Low–Low	Multidrug resistance protein precursor AcrB/AcrD/AcrF family protein; COG0841 Cation/multidrug efflux pump; Belongs to the resistance-nodulation-cell division (RND) (TC 2.A.6) family.		0	secondary STRING hit (STRING protein assigned to a better match)	no STRING match	2724	2986	1	1	ACR_tran;SecD_SecF_C	AcrB/AcrD/AcrF family; Protein export membrane protein SecD/SecF, C-terminal	GO:0016020;GO:0022857;GO:0055085	Oxidored_q2	NADH-ubiquinone/plastoquinone oxidoreductase chain 4L	
772214	fig|6666666.1036479.peg.691	fig|6666666.1036479.peg.1316	0.5554451107978821	0.5676270283183564	Very Low	Low	Very Low–Low			0	no STRING match	no STRING match	2262	2540	1	1	ArsC	ArsC family		PAPS_reduct	Phosphoadenosine phosphosulfate reductase domain	GO:0003824
772311	fig|6666666.1036479.peg.2209	fig|6666666.1036479.peg.2331	0.5554262876510621	0.5676983295661282	Low	Low	Low–Low			0	no STRING match	no STRING match	2937	2984	1	1	3-HAO;Cupin_2	3-hydroxyanthranilic acid dioxygenase; Cupin domain	GO:0000334;GO:0005506	Fer4_10;Fer4;Fer4_8;Fer4_4;Fer4_16;Fer4_17;Fer4_7;Fer4_9;Fer4;Fer4_4	4Fe-4S dicluster domain; 4Fe-4S binding domain; 4Fe-4S double cluster binding domain	
772837	fig|6666666.1036479.peg.788	fig|6666666.1036479.peg.1287	0.5553274691104889	0.5680849734457982	Very Low	Very Low	Very Low–Very Low	Hypothetical protein.		0	secondary STRING hit (STRING protein assigned to a better match)	no STRING match	2319	2527	1	1	PDDEXK_2	PD-(D/E)XK nuclease family transposase		FUR	Ferric uptake regulator family	GO:0003700;GO:0006355
773082	fig|6666666.1036479.peg.3220	fig|6666666.1036479.peg.607	0.5552739024162292	0.5682650642262528	Very Low	Very Low	Very Low–Very Low			0	no STRING match	no STRING match	1970	2224	1	1	Zeta_toxin	Zeta toxin	GO:0005524;GO:0016301	23S_rRNA_IVP	23S rRNA-intervening sequence protein	
773150	fig|6666666.1036479.peg.3123	fig|6666666.1036479.peg.2250	0.5552586793899537	0.5683150486061341	Very Low	Very Low	Very Low–Very Low			0	no STRING match	no STRING match	1919	2948	1	1	Redoxin;AhpC-TSA	Redoxin; AhpC/TSA family	GO:0016209;GO:0016491	CYTH	CYTH domain	
773623	fig|6666666.1036479.peg.2641	fig|6666666.1036479.peg.1287	0.5551646828651429	0.568662734072073	Very Low	Very Low	Very Low–Very Low			0	no STRING match	no STRING match	1689	2527	1	1	Bac_globin	Bacterial-like globin	GO:0019825	FUR	Ferric uptake regulator family	GO:0003700;GO:0006355
773976	fig|6666666.1036479.peg.3216	fig|6666666.1036479.peg.2275	0.5550961375236512	0.5689222118088098	Very Low	Very Low	Very Low–Very Low			0	no STRING match	no STRING match	1968	2956	1	1				CRISPR_Cas2;PaaX_M	CRISPR associated protein Cas2; PaaX protein central Cas2-like domain	
774353	fig|6666666.1036479.peg.2858	fig|6666666.1036479.peg.1932	0.5550167441368103	0.5691993310913869	Very Low	Very Low	Very Low–Very Low			0	no STRING match	no STRING match	1793	2799	1	1	HTH_31;HTH_3	Helix-turn-helix domain; Helix-turn-helix		HTH_24;HTH_AsnC-type;AsnC_trans_reg	Winged helix-turn-helix DNA-binding; AsnC-type helix-turn-helix domain; Lrp/AsnC ligand binding domain	GO:0043565
774981	fig|6666666.1036479.peg.1437	fig|6666666.1036479.peg.1453	0.5548878192901612	0.5696609515408788	Low	Very Low	Very Low–Low			0	no STRING match	no STRING match	2602	2607	1	1	Acetyltransf_1;Acetyltransf_10;Acetyltransf_7	Acetyltransferase (GNAT) family; Acetyltransferase (GNAT) domain	GO:0016747			
775277	fig|6666666.1036479.peg.2858	fig|6666666.1036479.peg.504	0.5548315465450286	0.5698785306062444	Very Low	Very Low	Very Low–Very Low			0	no STRING match	no STRING match	1793	2182	1	1	HTH_31;HTH_3	Helix-turn-helix domain; Helix-turn-helix		MarR_2;MarR	MarR family	GO:0003700;GO:0006355
776552	fig|6666666.1036479.peg.25	fig|6666666.1036479.peg.163	0.5545647799968719	0.5708157377290185	Very Low	Very Low	Very Low–Very Low			0	no STRING match	no STRING match	2012	2070	2	1						
777388	fig|6666666.1036479.peg.584	fig|6666666.1036479.peg.670	0.5543731868267059	0.5714302515757943	Very Low	Medium	Very Low–Medium			0	no STRING match	no STRING match	2215	2254	1	1				Chalcone_3	Chalcone isomerase-like	
777410	fig|6666666.1036479.peg.3243	fig|6666666.1036479.peg.159	0.5543704092502594	0.5714464229928148	Low	Low	Low–Low			0	no STRING match	no STRING match	1993	2069	2	1	Portal_Mu	Portal protein of Mu bacteriophage		Portal_Mu	Portal protein of Mu bacteriophage	
777679	fig|6666666.1036479.peg.2586	fig|6666666.1036479.peg.2331	0.5543145000934601	0.5716441553191098	Very Low	Low	Very Low–Low			0	no STRING match	no STRING match	1663	2984	1	1	Peptidase_M28	Peptidase family M28		Fer4_10;Fer4;Fer4_8;Fer4_4;Fer4_16;Fer4_17;Fer4_7;Fer4_9;Fer4;Fer4_4	4Fe-4S dicluster domain; 4Fe-4S binding domain; 4Fe-4S double cluster binding domain	
778235	fig|6666666.1036479.peg.2275	fig|6666666.1036479.peg.2317	0.5541999638080597	0.5720528511310804	Very Low	Very Low	Very Low–Very Low			0	no STRING match	no STRING match	2956	2975	1	1	CRISPR_Cas2;PaaX_M	CRISPR associated protein Cas2; PaaX protein central Cas2-like domain		Bac_DNA_binding;HU-HIG	Bacterial DNA-binding protein; HU domain fused to wHTH, Ig, or Glycine-rich motif	GO:0003677;GO:0030527
778508	fig|6666666.1036479.peg.3255	fig|6666666.1036479.peg.584	0.5541457414627076	0.5722535237150155	Very Low	Very Low	Very Low–Very Low			0	no STRING match	no STRING match	2005	2215	3	1	DUF2586;DUF2586_C	DUF2586, N-terminal domain; DUF2586, C-terminal domain				
779072	fig|6666666.1036479.peg.3165	fig|6666666.1036479.peg.691	0.5540374279022217	0.5726681000422662	Very Low	Very Low	Very Low–Very Low	23S rRNA mA1618 methyltransferase; Specifically methylates the adenine in position 1618 of 23S rRNA.		0	secondary STRING hit (STRING protein assigned to a better match)	no STRING match	1934	2262	1	1	Methyltransf_10;MTS	RNA methyltransferase; Methyltransferase small domain	GO:0008168	ArsC	ArsC family	
780112	fig|6666666.1036479.peg.1601	fig|6666666.1036479.peg.2482	0.5537947654724121	0.5734325670286858	Very Low	Very Low	Very Low–Very Low			0	no STRING match	no STRING match	2682	3045	2	1	HTH_31;HTH_19;HTH_26;HTH_3	Helix-turn-helix domain; Cro/C1-type HTH DNA-binding domain; Helix-turn-helix		PAS_9;PAS_3	PAS domain; PAS fold	GO:0005515
781440	fig|6666666.1036479.peg.3220	fig|6666666.1036479.peg.1994	0.5535152614116668	0.574408732565191	Very Low	Very Low	Very Low–Very Low			0	no STRING match	no STRING match	1970	2838	1	1	Zeta_toxin	Zeta toxin	GO:0005524;GO:0016301	23S_rRNA_IVP	23S rRNA-intervening sequence protein	
781667	fig|6666666.1036479.peg.2731	fig|6666666.1036479.peg.607	0.553469431400299	0.5745755921862653	Very Low	Very Low	Very Low–Very Low			0	no STRING match	no STRING match	1726	2224	1	1	Acyl-ACP_TE;4HBT_2;4HBT	Acyl-ACP thioesterase N-terminal domain; Thioesterase-like superfamily; Thioesterase superfamily	GO:0006633;GO:0016790	23S_rRNA_IVP	23S rRNA-intervening sequence protein	
782298	fig|6666666.1036479.peg.1744	fig|6666666.1036479.peg.2119	0.553344213962555	0.5750394178289873	Very Low	Very Low	Very Low–Very Low			0	no STRING match	no STRING match	2733	2887	1	1	Methyltransf_1N;DNA_binding_1	6-O-methylguanine DNA methyltransferase, ribonuclease-like domain; 6-O-methylguanine DNA methyltransferase, DNA binding domain	GO:0003824;GO:0003908;GO:0006281			
782608	fig|6666666.1036479.peg.2858	fig|6666666.1036479.peg.1570	0.5532793462276459	0.5752672877960932	Very Low	Very Low	Very Low–Very Low			0	no STRING match	no STRING match	1793	2663	1	1	HTH_31;HTH_3	Helix-turn-helix domain; Helix-turn-helix		HTH_31;HTH_3	Helix-turn-helix domain; Helix-turn-helix	
782703	fig|6666666.1036479.peg.418	fig|6666666.1036479.peg.1974	0.5532565593719483	0.5753371189150449	Very Low	Very Low	Very Low–Very Low			0	no STRING match	no STRING match	2152	2830	1	1	RsfS	Ribosomal silencing factor during starvation		4HBT	Thioesterase superfamily	
783806	fig|6666666.1036479.peg.82	fig|6666666.1036479.peg.214	0.5530208110809326	0.5761478949592959	High	Low	Low–High			0	no STRING match	no STRING match	2048	2078	1	1	PTP-NADK	DSP-PTPase phosphatase fused to NAD+ Kinase		DUF2147	Uncharacterized protein conserved in bacteria (DUF2147)	
783952	fig|6666666.1036479.peg.2751	fig|6666666.1036479.peg.2370	0.5529841363430024	0.5762552143631585	Very Low	Very Low	Very Low–Very Low			0	no STRING match	no STRING match	1733	2995	1	1	DUF179	AlgH-like		DUF525	ApaG domain	
784441	fig|6666666.1036479.peg.3226	fig|6666666.1036479.peg.1576	0.5528842151165009	0.5766146608596578	Very Low	Very Low	Very Low–Very Low		Hypothetical protein.	0	no STRING match	secondary STRING hit (STRING protein assigned to a better match)	1976	2667	2	2				MTBMA_p00010_2nd	MTBMA_p00010 P-loop domain	
784923	fig|6666666.1036479.peg.82	fig|6666666.1036479.peg.2331	0.5527885615825653	0.5769689619052869	High	Low	Low–High			0	no STRING match	no STRING match	2048	2984	1	1	PTP-NADK	DSP-PTPase phosphatase fused to NAD+ Kinase		Fer4_10;Fer4;Fer4_8;Fer4_4;Fer4_16;Fer4_17;Fer4_7;Fer4_9;Fer4;Fer4_4	4Fe-4S dicluster domain; 4Fe-4S binding domain; 4Fe-4S double cluster binding domain	
785043	fig|6666666.1036479.peg.785	fig|6666666.1036479.peg.1236	0.5527613043785096	0.5770571696344893	Very Low	Very Low	Very Low–Very Low			0	no STRING match	no STRING match	2316	2511	1	3	DUF1697	Protein of unknown function (DUF1697)		GIY-YIG	GIY-YIG catalytic domain	
785209	fig|6666666.1036479.peg.2989	fig|6666666.1036479.peg.2424	0.5527347564697266	0.5771791903265524	Low	Low	Low–Low	Von Willebrand factor, type A; COG2304 Uncharacterized protein containing a von Willebrand factor type A (vWA) domain.	Hypothetical protein; Catalyzes the removal of dipeptides from the N-terminus of oligopeptides.	0	secondary STRING hit (STRING protein assigned to a better match)	secondary STRING hit (STRING protein assigned to a better match)	1860	3019	1	1	vWF_A;VWA_3;VWA;VWA_2;YfbK_C	von Willebrand factor; von Willebrand factor type A domain; Uncharacterized protein YfbK, C-terminal		Peptidase_S46	Peptidase S46	GO:0008239;GO:0070009
786396	fig|6666666.1036479.peg.556	fig|6666666.1036479.peg.2341	0.5525002360343934	0.5780517117812448	Very Low	Low	Very Low–Low			0	no STRING match	no STRING match	2201	2988	1	1				ActD	Alternative complex III, ActD subunit	
786681	fig|6666666.1036479.peg.3021	fig|6666666.1036479.peg.623	0.5524332702159882	0.5782612051381002	Very Low	Very Low	Very Low–Very Low			0	no STRING match	no STRING match	1879	2232	1	1	DDE_Tnp_1;DDE_Tnp_1_6	Transposase DDE domain	GO:0003677;GO:0004803;GO:0006313			
788550	fig|6666666.1036479.peg.3255	fig|6666666.1036479.peg.2300	0.5520153909921646	0.5796350405204256	Very Low	Very Low	Very Low–Very Low			0	no STRING match	no STRING match	2005	2967	3	1	DUF2586;DUF2586_C	DUF2586, N-terminal domain; DUF2586, C-terminal domain				
788623	fig|6666666.1036479.peg.2985	fig|6666666.1036479.peg.2370	0.5520065248012542	0.579688700222357	Very Low	Very Low	Very Low–Very Low			0	no STRING match	no STRING match	1857	2995	1	1	DUF2007	Putative prokaryotic signal transducing protein		DUF525	ApaG domain	
788857	fig|6666666.1036479.peg.2931	fig|6666666.1036479.peg.1437	0.551961624622345	0.5798607052943014	Very Low	Low	Very Low–Low			0	no STRING match	no STRING match	1833	2602	1	1	DinB_2	DinB superfamily		Acetyltransf_1;Acetyltransf_10;Acetyltransf_7	Acetyltransferase (GNAT) family; Acetyltransferase (GNAT) domain	GO:0016747
789429	fig|6666666.1036479.peg.3226	fig|6666666.1036479.peg.2140	0.5518329679965973	0.5802811621368322	Very Low	Very Low	Very Low–Very Low			0	no STRING match	no STRING match	1976	2898	2	1				SLFN_AlbA_2;HATPase_c_4	Schlafen, AlbA_2; Putative ATP-dependent DNA helicase recG C-terminal	
789445	fig|6666666.1036479.peg.3021	fig|6666666.1036479.peg.1577	0.5518303692340851	0.5802929231673926	Very Low	Low	Very Low–Low			0	no STRING match	no STRING match	1879	2668	1	2	DDE_Tnp_1;DDE_Tnp_1_6	Transposase DDE domain	GO:0003677;GO:0004803;GO:0006313	Zn_ribbon_DnaG;Toprim_2	CHC2 zinc finger; Toprim-like	GO:0003677;GO:0003899;GO:0006260;GO:0008270
789738	fig|6666666.1036479.peg.3220	fig|6666666.1036479.peg.623	0.5517690122127533	0.5805082970395281	Very Low	Very Low	Very Low–Very Low			0	no STRING match	no STRING match	1970	2232	1	1	Zeta_toxin	Zeta toxin	GO:0005524;GO:0016301			
790412	fig|6666666.1036479.peg.2586	fig|6666666.1036479.peg.2370	0.5516274750232697	0.5810037304518808	Very Low	Very Low	Very Low–Very Low			0	no STRING match	no STRING match	1663	2995	1	1	Peptidase_M28	Peptidase family M28		DUF525	ApaG domain	
790475	fig|6666666.1036479.peg.2585	fig|6666666.1036479.peg.82	0.5516129970550537	0.581050039509712	Medium	High	Medium–High			0	no STRING match	no STRING match	1662	2048	1	1	Peptidase_M28	Peptidase family M28		PTP-NADK	DSP-PTPase phosphatase fused to NAD+ Kinase	
791115	fig|6666666.1036479.peg.3021	fig|6666666.1036479.peg.2119	0.5514693021774292	0.5815204807321241	Very Low	Very Low	Very Low–Very Low			0	no STRING match	no STRING match	1879	2887	1	1	DDE_Tnp_1;DDE_Tnp_1_6	Transposase DDE domain	GO:0003677;GO:0004803;GO:0006313			
791382	fig|6666666.1036479.peg.2119	fig|6666666.1036479.peg.2370	0.5514117479324341	0.5817167429295992	Very Low	Very Low	Very Low–Very Low			0	no STRING match	no STRING match	2887	2995	1	1				DUF525	ApaG domain	
792488	fig|6666666.1036479.peg.425	fig|6666666.1036479.peg.637	0.5511925935745239	0.5825297241670802	Very Low	Very Low	Very Low–Very Low			0	no STRING match	no STRING match	2155	2240	1	1				DUF6952	Family of unknown function (DUF6952)	
792646	fig|6666666.1036479.peg.418	fig|6666666.1036479.peg.2466	0.5511632919311523	0.5826458643438631	Very Low	Very Low	Very Low–Very Low		Hypothetical protein; COG0433 Predicted ATPase.	0	no STRING match	secondary STRING hit (STRING protein assigned to a better match)	2152	3037	1	1	RsfS	Ribosomal silencing factor during starvation		DUF87;HerA_C;TrwB_AAD_bind	Helicase HerA, central domain; Helicase HerA-like C-terminal; Type IV secretion-system coupling protein DNA-binding domain	
792679	fig|6666666.1036479.peg.3165	fig|6666666.1036479.peg.2250	0.5511525213718415	0.5826701214693938	Very Low	Very Low	Very Low–Very Low	23S rRNA mA1618 methyltransferase; Specifically methylates the adenine in position 1618 of 23S rRNA.		0	secondary STRING hit (STRING protein assigned to a better match)	no STRING match	1934	2948	1	1	Methyltransf_10;MTS	RNA methyltransferase; Methyltransferase small domain	GO:0008168	CYTH	CYTH domain	
793465	fig|6666666.1036479.peg.418	fig|6666666.1036479.peg.2242	0.5509806632995605	0.5832478820956686	Very Low	Very Low	Very Low–Very Low			0	no STRING match	no STRING match	2152	2945	1	1	RsfS	Ribosomal silencing factor during starvation		FeS_assembly_P	Iron-sulfur cluster assembly protein	
793547	fig|6666666.1036479.peg.2819	fig|6666666.1036479.peg.425	0.5509603083133697	0.5833081573772901	Very Low	Very Low	Very Low–Very Low			0	no STRING match	no STRING match	1767	2155	1	1						
794124	fig|6666666.1036479.peg.1287	fig|6666666.1036479.peg.1570	0.5508457005023957	0.5837322895418711	Very Low	Very Low	Very Low–Very Low			0	no STRING match	no STRING match	2527	2663	1	1	FUR	Ferric uptake regulator family	GO:0003700;GO:0006355	HTH_31;HTH_3	Helix-turn-helix domain; Helix-turn-helix	
794284	fig|6666666.1036479.peg.2586	fig|6666666.1036479.peg.2985	0.5508131921291352	0.5838498998474742	Very Low	Very Low	Very Low–Very Low			0	no STRING match	no STRING match	1663	1857	1	1	Peptidase_M28	Peptidase family M28		DUF2007	Putative prokaryotic signal transducing protein	
794322	fig|6666666.1036479.peg.2731	fig|6666666.1036479.peg.1932	0.5507989585399627	0.5838778322950549	Very Low	Very Low	Very Low–Very Low			0	no STRING match	no STRING match	1726	2799	1	1	Acyl-ACP_TE;4HBT_2;4HBT	Acyl-ACP thioesterase N-terminal domain; Thioesterase-like superfamily; Thioesterase superfamily	GO:0006633;GO:0016790	HTH_24;HTH_AsnC-type;AsnC_trans_reg	Winged helix-turn-helix DNA-binding; AsnC-type helix-turn-helix domain; Lrp/AsnC ligand binding domain	GO:0043565
795271	fig|6666666.1036479.peg.2949	fig|6666666.1036479.peg.2989	0.5505757093429565	0.5845754084201629	Low	Low	Low–Low	Putative nuclease.	Von Willebrand factor, type A; COG2304 Uncharacterized protein containing a von Willebrand factor type A (vWA) domain.	0	secondary STRING hit (STRING protein assigned to a better match)	secondary STRING hit (STRING protein assigned to a better match)	1844	1860	1	1	DUF1016_N;YhcG_C	DUF1016 N-terminal domain; YhcG PDDEXK nuclease domain		vWF_A;VWA_3;VWA;VWA_2;YfbK_C	von Willebrand factor; von Willebrand factor type A domain; Uncharacterized protein YfbK, C-terminal	
795363	fig|6666666.1036479.peg.504	fig|6666666.1036479.peg.1570	0.5505597949028015	0.5846430343458846	Very Low	Very Low	Very Low–Very Low			0	no STRING match	no STRING match	2182	2663	1	1	MarR_2;MarR	MarR family	GO:0003700;GO:0006355	HTH_31;HTH_3	Helix-turn-helix domain; Helix-turn-helix	
795436	fig|6666666.1036479.peg.2819	fig|6666666.1036479.peg.637	0.5505347728729248	0.584696694047816	Very Low	Very Low	Very Low–Very Low			0	no STRING match	no STRING match	1767	2240	1	1				DUF6952	Family of unknown function (DUF6952)	
795473	fig|6666666.1036479.peg.2731	fig|6666666.1036479.peg.2858	0.5505253911018372	0.5847238914309867	Very Low	Very Low	Very Low–Very Low			0	no STRING match	no STRING match	1726	1793	1	1	Acyl-ACP_TE;4HBT_2;4HBT	Acyl-ACP thioesterase N-terminal domain; Thioesterase-like superfamily; Thioesterase superfamily	GO:0006633;GO:0016790	HTH_31;HTH_3	Helix-turn-helix domain; Helix-turn-helix	
795542	fig|6666666.1036479.peg.1570	fig|6666666.1036479.peg.1932	0.5505127668380737	0.5847746108752779	Very Low	Very Low	Very Low–Very Low			0	no STRING match	no STRING match	2663	2799	1	1	HTH_31;HTH_3	Helix-turn-helix domain; Helix-turn-helix		HTH_24;HTH_AsnC-type;AsnC_trans_reg	Winged helix-turn-helix DNA-binding; AsnC-type helix-turn-helix domain; Lrp/AsnC ligand binding domain	GO:0043565
796698	fig|6666666.1036479.peg.504	fig|6666666.1036479.peg.1932	0.5502518117427826	0.5856243453332598	Very Low	Very Low	Very Low–Very Low			0	no STRING match	no STRING match	2182	2799	1	1	MarR_2;MarR	MarR family	GO:0003700;GO:0006355	HTH_24;HTH_AsnC-type;AsnC_trans_reg	Winged helix-turn-helix DNA-binding; AsnC-type helix-turn-helix domain; Lrp/AsnC ligand binding domain	GO:0043565
796735	fig|6666666.1036479.peg.2731	fig|6666666.1036479.peg.3220	0.5502451062202454	0.5856515427164305	Very Low	Very Low	Very Low–Very Low			0	no STRING match	no STRING match	1726	1970	1	1	Acyl-ACP_TE;4HBT_2;4HBT	Acyl-ACP thioesterase N-terminal domain; Thioesterase-like superfamily; Thioesterase superfamily	GO:0006633;GO:0016790	Zeta_toxin	Zeta toxin	GO:0005524;GO:0016301
796946	fig|6666666.1036479.peg.2731	fig|6666666.1036479.peg.504	0.5501922011375427	0.5858066413069445	Very Low	Very Low	Very Low–Very Low			0	no STRING match	no STRING match	1726	2182	1	1	Acyl-ACP_TE;4HBT_2;4HBT	Acyl-ACP thioesterase N-terminal domain; Thioesterase-like superfamily; Thioesterase superfamily	GO:0006633;GO:0016790	MarR_2;MarR	MarR family	GO:0003700;GO:0006355
797204	fig|6666666.1036479.peg.2858	fig|6666666.1036479.peg.1994	0.5501299738883972	0.5859962879247294	Very Low	Very Low	Very Low–Very Low			0	no STRING match	no STRING match	1793	2838	1	1	HTH_31;HTH_3	Helix-turn-helix domain; Helix-turn-helix		23S_rRNA_IVP	23S rRNA-intervening sequence protein	
797632	fig|6666666.1036479.peg.607	fig|6666666.1036479.peg.1932	0.5500263512134552	0.5863108954922175	Very Low	Very Low	Very Low–Very Low			0	no STRING match	no STRING match	2224	2799	1	1	23S_rRNA_IVP	23S rRNA-intervening sequence protein		HTH_24;HTH_AsnC-type;AsnC_trans_reg	Winged helix-turn-helix DNA-binding; AsnC-type helix-turn-helix domain; Lrp/AsnC ligand binding domain	GO:0043565
797807	fig|6666666.1036479.peg.3021	fig|6666666.1036479.peg.3175	0.5499872922897339	0.5864395317639708	Very Low	Low	Very Low–Low			0	no STRING match	no STRING match	1879	1939	1	1	DDE_Tnp_1;DDE_Tnp_1_6	Transposase DDE domain	GO:0003677;GO:0004803;GO:0006313			
798182	fig|6666666.1036479.peg.1316	fig|6666666.1036479.peg.2449	0.5499010503292083	0.5867151809177279	Low	Very Low	Very Low–Low			0	no STRING match	no STRING match	2540	3027	1	1	PAPS_reduct	Phosphoadenosine phosphosulfate reductase domain	GO:0003824	PRA-PH;MazG-like;MazG	Phosphoribosyl-ATP pyrophosphohydrolase; MazG-like family; MazG nucleotide pyrophosphohydrolase domain	GO:0009143;GO:0047429
799946	fig|6666666.1036479.peg.504	fig|6666666.1036479.peg.1236	0.5494910597801208	0.5880118345370013	Very Low	Very Low	Very Low–Very Low			0	no STRING match	no STRING match	2182	2511	1	3	MarR_2;MarR	MarR family	GO:0003700;GO:0006355	GIY-YIG	GIY-YIG catalytic domain	
800581	fig|6666666.1036479.peg.785	fig|6666666.1036479.peg.2117	0.5493607640266418	0.5884786004373633	Very Low	Very Low	Very Low–Very Low			0	no STRING match	no STRING match	2316	2885	1	1	DUF1697	Protein of unknown function (DUF1697)		ATP-synt_DE_N	ATP synthase, Delta/Epsilon chain, beta-sandwich domain	GO:0015986
800971	fig|6666666.1036479.peg.785	fig|6666666.1036479.peg.1974	0.5492768585681915	0.5887652755572707	Very Low	Very Low	Very Low–Very Low			0	no STRING match	no STRING match	2316	2830	1	1	DUF1697	Protein of unknown function (DUF1697)		4HBT	Thioesterase superfamily	
800982	fig|6666666.1036479.peg.1576	fig|6666666.1036479.peg.2482	0.5492738723754883	0.588773361265781	Very Low	Very Low	Very Low–Very Low	Hypothetical protein.		0	secondary STRING hit (STRING protein assigned to a better match)	no STRING match	2667	3045	2	1	MTBMA_p00010_2nd	MTBMA_p00010 P-loop domain		PAS_9;PAS_3	PAS domain; PAS fold	GO:0005515
801006	fig|6666666.1036479.peg.1974	fig|6666666.1036479.peg.2466	0.5492690682411194	0.5887910028116213	Very Low	Very Low	Very Low–Very Low		Hypothetical protein; COG0433 Predicted ATPase.	0	no STRING match	secondary STRING hit (STRING protein assigned to a better match)	2830	3037	1	1	4HBT	Thioesterase superfamily		DUF87;HerA_C;TrwB_AAD_bind	Helicase HerA, central domain; Helicase HerA-like C-terminal; Type IV secretion-system coupling protein DNA-binding domain	
801057	fig|6666666.1036479.peg.637	fig|6666666.1036479.peg.2300	0.5492543160915375	0.5888284910965323	Very Low	Very Low	Very Low–Very Low			0	no STRING match	no STRING match	2240	2967	1	1	DUF6952	Family of unknown function (DUF6952)				
802150	fig|6666666.1036479.peg.3220	fig|6666666.1036479.peg.1744	0.5490164041519165	0.589631916496683	Very Low	Very Low	Very Low–Very Low			0	no STRING match	no STRING match	1970	2733	1	1	Zeta_toxin	Zeta toxin	GO:0005524;GO:0016301	Methyltransf_1N;DNA_binding_1	6-O-methylguanine DNA methyltransferase, ribonuclease-like domain; 6-O-methylguanine DNA methyltransferase, DNA binding domain	GO:0003824;GO:0003908;GO:0006281
802175	fig|6666666.1036479.peg.1437	fig|6666666.1036479.peg.2081	0.5490121364593505	0.5896502931069335	Low	Very Low	Very Low–Low			0	no STRING match	no STRING match	2602	2865	1	1	Acetyltransf_1;Acetyltransf_10;Acetyltransf_7	Acetyltransferase (GNAT) family; Acetyltransferase (GNAT) domain	GO:0016747	DNA_binding_1	6-O-methylguanine DNA methyltransferase, DNA binding domain	GO:0003824;GO:0006281
803013	fig|6666666.1036479.peg.3021	fig|6666666.1036479.peg.3227	0.548812085390091	0.5902662770825293	Very Low	Low	Very Low–Low			0	no STRING match	no STRING match	1879	1977	1	2	DDE_Tnp_1;DDE_Tnp_1_6	Transposase DDE domain	GO:0003677;GO:0004803;GO:0006313	AAA_22	AAA domain	GO:0016887
803613	fig|6666666.1036479.peg.2949	fig|6666666.1036479.peg.3216	0.5486828684806824	0.5907073157285407	Low	Very Low	Very Low–Low	Putative nuclease.		0	secondary STRING hit (STRING protein assigned to a better match)	no STRING match	1844	1968	1	1	DUF1016_N;YhcG_C	DUF1016 N-terminal domain; YhcG PDDEXK nuclease domain				
803798	fig|6666666.1036479.peg.214	fig|6666666.1036479.peg.278	0.5486371159553528	0.5908433026443942	Low	Low	Low–Low			0	no STRING match	no STRING match	2078	2105	1	1	DUF2147	Uncharacterized protein conserved in bacteria (DUF2147)		Rieske	Rieske [2Fe-2S] domain	GO:0051537
803858	fig|6666666.1036479.peg.614	fig|6666666.1036479.peg.1287	0.5486238896846771	0.5908874065089954	Very Low	Very Low	Very Low–Very Low			0	no STRING match	no STRING match	2229	2527	1	1				FUR	Ferric uptake regulator family	GO:0003700;GO:0006355
803867	fig|6666666.1036479.peg.3165	fig|6666666.1036479.peg.1316	0.5486221313476562	0.5908940220886855	Very Low	Low	Very Low–Low	23S rRNA mA1618 methyltransferase; Specifically methylates the adenine in position 1618 of 23S rRNA.		0	secondary STRING hit (STRING protein assigned to a better match)	no STRING match	1934	2540	1	1	Methyltransf_10;MTS	RNA methyltransferase; Methyltransferase small domain	GO:0008168	PAPS_reduct	Phosphoadenosine phosphosulfate reductase domain	GO:0003824
804158	fig|6666666.1036479.peg.2812	fig|6666666.1036479.peg.214	0.5485566020011902	0.591107925832001	Medium	Low	Low–Medium			0	no STRING match	no STRING match	1763	2078	1	1	PBP	Phosphatidylethanolamine-binding protein		DUF2147	Uncharacterized protein conserved in bacteria (DUF2147)	
804528	fig|6666666.1036479.peg.1214	fig|6666666.1036479.peg.1287	0.5484709203243255	0.5913798996637081	Very Low	Very Low	Very Low–Very Low			0	no STRING match	no STRING match	2501	2527	1	1	MarR_2;HTH_5	MarR family; Bacterial regulatory protein, arsR family	GO:0003700;GO:0006355	FUR	Ferric uptake regulator family	GO:0003700;GO:0006355
805255	fig|6666666.1036479.peg.2609	fig|6666666.1036479.peg.614	0.5483025968074798	0.5919142914897918	Very Low	Very Low	Very Low–Very Low			0	no STRING match	no STRING match	1674	2229	1	1	ACT;ACT_AHAS_ss;ACT_5;ALS_ss_C	ACT domain; AHAS small subunit-like ACT domain; Small subunit of acetolactate synthase				
805863	fig|6666666.1036479.peg.610	fig|6666666.1036479.peg.915	0.5481596708297729	0.5923612106510833	Low	Medium	Low–Medium			0	no STRING match	no STRING match	2226	2375	1	1	Sod_Cu	Copper/zinc superoxide dismutase (SODC)	GO:0006801;GO:0046872	AhpC-TSA;GSHPx	AhpC/TSA family; Glutathione peroxidase	GO:0004601;GO:0006979;GO:0016209;GO:0016491
806300	fig|6666666.1036479.peg.3243	fig|6666666.1036479.peg.1576	0.5480563759803772	0.5926824337982616	Low	Very Low	Very Low–Low		Hypothetical protein.	0	no STRING match	secondary STRING hit (STRING protein assigned to a better match)	1993	2667	2	2	Portal_Mu	Portal protein of Mu bacteriophage		MTBMA_p00010_2nd	MTBMA_p00010 P-loop domain	
806371	fig|6666666.1036479.peg.1316	fig|6666666.1036479.peg.1437	0.5480378091335296	0.592734623371373	Low	Low	Low–Low			0	no STRING match	no STRING match	2540	2602	1	1	PAPS_reduct	Phosphoadenosine phosphosulfate reductase domain	GO:0003824	Acetyltransf_1;Acetyltransf_10;Acetyltransf_7	Acetyltransferase (GNAT) family; Acetyltransferase (GNAT) domain	GO:0016747
807278	fig|6666666.1036479.peg.2641	fig|6666666.1036479.peg.1214	0.5478258848190307	0.5934013267912601	Very Low	Very Low	Very Low–Very Low			0	no STRING match	no STRING match	1689	2501	1	1	Bac_globin	Bacterial-like globin	GO:0019825	MarR_2;HTH_5	MarR family; Bacterial regulatory protein, arsR family	GO:0003700;GO:0006355
807612	fig|6666666.1036479.peg.3024	fig|6666666.1036479.peg.2300	0.5477438271045685	0.5936468383042064	Low	Very Low	Very Low–Low			0	no STRING match	no STRING match	1881	2967	1	1	HTHP	Hexameric tyrosine-coordinated heme protein (HTHP)				
808565	fig|6666666.1036479.peg.1577	fig|6666666.1036479.peg.1744	0.5475306928157806	0.5943473546869544	Low	Very Low	Very Low–Low			0	no STRING match	no STRING match	2668	2733	2	1	Zn_ribbon_DnaG;Toprim_2	CHC2 zinc finger; Toprim-like	GO:0003677;GO:0003899;GO:0006260;GO:0008270	Methyltransf_1N;DNA_binding_1	6-O-methylguanine DNA methyltransferase, ribonuclease-like domain; 6-O-methylguanine DNA methyltransferase, DNA binding domain	GO:0003824;GO:0003908;GO:0006281
808909	fig|6666666.1036479.peg.623	fig|6666666.1036479.peg.1994	0.5474615931510926	0.594600216844001	Very Low	Very Low	Very Low–Very Low			0	no STRING match	no STRING match	2232	2838	1	1				23S_rRNA_IVP	23S rRNA-intervening sequence protein	
810200	fig|6666666.1036479.peg.159	fig|6666666.1036479.peg.1576	0.5471635222434997	0.5955491849973354	Low	Very Low	Very Low–Low		Hypothetical protein.	0	no STRING match	secondary STRING hit (STRING protein assigned to a better match)	2069	2667	1	2	Portal_Mu	Portal protein of Mu bacteriophage		MTBMA_p00010_2nd	MTBMA_p00010 P-loop domain	
812818	fig|6666666.1036479.peg.1576	fig|6666666.1036479.peg.2134	0.5466095447540283	0.5974735836227649	Very Low	Very Low	Very Low–Very Low	Hypothetical protein.		0	secondary STRING hit (STRING protein assigned to a better match)	no STRING match	2667	2894	2	1	MTBMA_p00010_2nd	MTBMA_p00010 P-loop domain		AAA_14;DUF8612	AAA domain; Domain of unknown function (DUF8612)	
813625	fig|6666666.1036479.peg.614	fig|6666666.1036479.peg.637	0.5464320957660675	0.5980667806016502	Very Low	Very Low	Very Low–Very Low			0	no STRING match	no STRING match	2229	2240	1	1				DUF6952	Family of unknown function (DUF6952)	
814811	fig|6666666.1036479.peg.3247	fig|6666666.1036479.peg.2193	0.5461834967136383	0.5989385669919327	Very Low	Low	Very Low–Low			0	no STRING match	no STRING match	1997	2935	2	1				Fe-S_biosyn	Iron-sulphur cluster biosynthesis	
814894	fig|6666666.1036479.peg.2641	fig|6666666.1036479.peg.2949	0.5461643099784851	0.5989995773379643	Very Low	Low	Very Low–Low		Putative nuclease.	0	no STRING match	secondary STRING hit (STRING protein assigned to a better match)	1689	1844	1	1	Bac_globin	Bacterial-like globin	GO:0019825	DUF1016_N;YhcG_C	DUF1016 N-terminal domain; YhcG PDDEXK nuclease domain	
815043	fig|6666666.1036479.peg.1236	fig|6666666.1036479.peg.1994	0.5461252808570862	0.5991091019350571	Very Low	Very Low	Very Low–Very Low			0	no STRING match	no STRING match	2511	2838	3	1	GIY-YIG	GIY-YIG catalytic domain		23S_rRNA_IVP	23S rRNA-intervening sequence protein	
815436	fig|6666666.1036479.peg.2989	fig|6666666.1036479.peg.3216	0.5460393309593201	0.5993979822481945	Low	Very Low	Very Low–Low	Von Willebrand factor, type A; COG2304 Uncharacterized protein containing a von Willebrand factor type A (vWA) domain.		0	secondary STRING hit (STRING protein assigned to a better match)	no STRING match	1860	1968	1	1	vWF_A;VWA_3;VWA;VWA_2;YfbK_C	von Willebrand factor; von Willebrand factor type A domain; Uncharacterized protein YfbK, C-terminal				
817160	fig|6666666.1036479.peg.1214	fig|6666666.1036479.peg.2317	0.5456487536430359	0.6006652332910671	Very Low	Very Low	Very Low–Very Low			0	no STRING match	no STRING match	2501	2975	1	1	MarR_2;HTH_5	MarR family; Bacterial regulatory protein, arsR family	GO:0003700;GO:0006355	Bac_DNA_binding;HU-HIG	Bacterial DNA-binding protein; HU domain fused to wHTH, Ig, or Glycine-rich motif	GO:0003677;GO:0030527
818687	fig|6666666.1036479.peg.1974	fig|6666666.1036479.peg.2241	0.5453188955783844	0.6017876766451661	Very Low	Very Low	Very Low–Very Low			0	no STRING match	no STRING match	2830	2944	1	1	4HBT	Thioesterase superfamily		SufE	Fe-S metabolism associated domain	
819038	fig|6666666.1036479.peg.3226	fig|6666666.1036479.peg.425	0.5452445983886719	0.6020456842530827	Very Low	Very Low	Very Low–Very Low			0	no STRING match	no STRING match	1976	2155	2	1						
819240	fig|6666666.1036479.peg.2585	fig|6666666.1036479.peg.2086	0.5451995491981506	0.6021941672639065	Medium	Medium	Medium–Medium			0	no STRING match	no STRING match	1662	2868	1	1	Peptidase_M28	Peptidase family M28		HMA	Heavy-metal-associated domain	GO:0046872
819625	fig|6666666.1036479.peg.3216	fig|6666666.1036479.peg.2134	0.5451063632965087	0.6024771670617638	Very Low	Very Low	Very Low–Very Low			0	no STRING match	no STRING match	1968	2894	1	1				AAA_14;DUF8612	AAA domain; Domain of unknown function (DUF8612)	
819996	fig|6666666.1036479.peg.2931	fig|6666666.1036479.peg.2370	0.5450204253196717	0.6027498759578808	Very Low	Very Low	Very Low–Very Low			0	no STRING match	no STRING match	1833	2995	1	1	DinB_2	DinB superfamily		DUF525	ApaG domain	
820214	fig|6666666.1036479.peg.2081	fig|6666666.1036479.peg.2449	0.5449699699878693	0.6029101199992649	Very Low	Very Low	Very Low–Very Low			0	no STRING match	no STRING match	2865	3027	1	1	DNA_binding_1	6-O-methylguanine DNA methyltransferase, DNA binding domain	GO:0003824;GO:0006281	PRA-PH;MazG-like;MazG	Phosphoribosyl-ATP pyrophosphohydrolase; MazG-like family; MazG nucleotide pyrophosphohydrolase domain	GO:0009143;GO:0047429
821253	fig|6666666.1036479.peg.2263	fig|6666666.1036479.peg.2341	0.5447276949882507	0.6036738519212747	Very Low	Low	Very Low–Low			0	no STRING match	no STRING match	2952	2988	1	1	Asp_decarbox	Aspartate decarboxylase	GO:0004068;GO:0006523	ActD	Alternative complex III, ActD subunit	
821558	fig|6666666.1036479.peg.2641	fig|6666666.1036479.peg.623	0.5446677267551422	0.6038980465663304	Very Low	Very Low	Very Low–Very Low			0	no STRING match	no STRING match	1689	2232	1	1	Bac_globin	Bacterial-like globin	GO:0019825			
821607	fig|6666666.1036479.peg.2949	fig|6666666.1036479.peg.2134	0.5446567952632904	0.6039340647224213	Low	Very Low	Very Low–Low	Putative nuclease.		0	secondary STRING hit (STRING protein assigned to a better match)	no STRING match	1844	2894	1	1	DUF1016_N;YhcG_C	DUF1016 N-terminal domain; YhcG PDDEXK nuclease domain		AAA_14;DUF8612	AAA domain; Domain of unknown function (DUF8612)	
821885	fig|6666666.1036479.peg.2319	fig|6666666.1036479.peg.2341	0.5445921838283538	0.6041384126284066	High	Low	Low–High			0	no STRING match	no STRING match	2976	2988	1	1	Oxidored_q4	NADH-ubiquinone/plastoquinone oxidoreductase, chain 3	GO:0008137	ActD	Alternative complex III, ActD subunit	
822661	fig|6666666.1036479.peg.2825	fig|6666666.1036479.peg.3255	0.5444147914648056	0.6047088226105812	Very Low	Very Low	Very Low–Very Low			0	no STRING match	no STRING match	1771	2005	1	3				DUF2586;DUF2586_C	DUF2586, N-terminal domain; DUF2586, C-terminal domain	
823088	fig|6666666.1036479.peg.592	fig|6666666.1036479.peg.1236	0.544335526227951	0.6050226951136594	Very Low	Very Low	Very Low–Very Low			0	no STRING match	no STRING match	2218	2511	1	3	MarR_2;HTH_24;HTH_AsnC-type;MarR;AsnC_trans_reg	MarR family; Winged helix-turn-helix DNA-binding; AsnC-type helix-turn-helix domain; Lrp/AsnC ligand binding domain	GO:0003700;GO:0006355;GO:0043565	GIY-YIG	GIY-YIG catalytic domain	
823925	fig|6666666.1036479.peg.3227	fig|6666666.1036479.peg.623	0.5441731870174408	0.6056379440248452	Low	Very Low	Very Low–Low			0	no STRING match	no STRING match	1977	2232	2	1	AAA_22	AAA domain	GO:0016887			
824077	fig|6666666.1036479.peg.2931	fig|6666666.1036479.peg.820	0.5441407561302185	0.6057496738151681	Very Low	Very Low	Very Low–Very Low			0	no STRING match	no STRING match	1833	2331	1	1	DinB_2	DinB superfamily		FabA;ApeI-like	FabA-like domain; ApeI dehydratase	
824762	fig|6666666.1036479.peg.481	fig|6666666.1036479.peg.802	0.5439742028713226	0.606253192936031	Low	Low	Low–Low			0	no STRING match	no STRING match	2177	2324	1	1	Rhodanese	Rhodanese-like domain		ClpS	ATP-dependent Clp protease adaptor protein ClpS	GO:0030163
825254	fig|6666666.1036479.peg.278	fig|6666666.1036479.peg.2086	0.5438535153865814	0.6066148446257603	Low	Medium	Low–Medium			0	no STRING match	no STRING match	2105	2868	1	1	Rieske	Rieske [2Fe-2S] domain	GO:0051537	HMA	Heavy-metal-associated domain	GO:0046872
825490	fig|6666666.1036479.peg.556	fig|6666666.1036479.peg.560	0.5438143491744996	0.6067883198265248	Very Low	Very Low	Very Low–Very Low			0	no STRING match	no STRING match	2201	2204	1	1				OsmC	OsmC-like protein	
825800	fig|6666666.1036479.peg.2989	fig|6666666.1036479.peg.670	0.5437441766262054	0.6070161897936307	Low	Medium	Low–Medium	Von Willebrand factor, type A; COG2304 Uncharacterized protein containing a von Willebrand factor type A (vWA) domain.		0	secondary STRING hit (STRING protein assigned to a better match)	no STRING match	1860	2254	1	1	vWF_A;VWA_3;VWA;VWA_2;YfbK_C	von Willebrand factor; von Willebrand factor type A domain; Uncharacterized protein YfbK, C-terminal		Chalcone_3	Chalcone isomerase-like	
826832	fig|6666666.1036479.peg.2931	fig|6666666.1036479.peg.2985	0.5435056447982788	0.6077747762647702	Very Low	Very Low	Very Low–Very Low			0	no STRING match	no STRING match	1833	1857	1	1	DinB_2	DinB superfamily		DUF2007	Putative prokaryotic signal transducing protein	
827245	fig|6666666.1036479.peg.802	fig|6666666.1036479.peg.2449	0.5434211850166321	0.608078357866108	Low	Very Low	Very Low–Low			0	no STRING match	no STRING match	2324	3027	1	1	ClpS	ATP-dependent Clp protease adaptor protein ClpS	GO:0030163	PRA-PH;MazG-like;MazG	Phosphoribosyl-ATP pyrophosphohydrolase; MazG-like family; MazG nucleotide pyrophosphohydrolase domain	GO:0009143;GO:0047429
827253	fig|6666666.1036479.peg.1236	fig|6666666.1036479.peg.2134	0.5434187531471253	0.6080842383813881	Very Low	Very Low	Very Low–Very Low			0	no STRING match	no STRING match	2511	2894	3	1	GIY-YIG	GIY-YIG catalytic domain		AAA_14;DUF8612	AAA domain; Domain of unknown function (DUF8612)	
828329	fig|6666666.1036479.peg.560	fig|6666666.1036479.peg.638	0.5431991755962372	0.6088751676865686	Very Low	Very Low	Very Low–Very Low			0	no STRING match	no STRING match	2204	2241	1	1	OsmC	OsmC-like protein		Thioredoxin	Thioredoxin	
828719	fig|6666666.1036479.peg.638	fig|6666666.1036479.peg.2263	0.5431068420410157	0.6091618428064759	Very Low	Very Low	Very Low–Very Low			0	no STRING match	no STRING match	2241	2952	1	1	Thioredoxin	Thioredoxin		Asp_decarbox	Aspartate decarboxylase	GO:0004068;GO:0006523
828906	fig|6666666.1036479.peg.556	fig|6666666.1036479.peg.638	0.5430674910545349	0.6092992998511495	Very Low	Very Low	Very Low–Very Low			0	no STRING match	no STRING match	2201	2241	1	1				Thioredoxin	Thioredoxin	
828939	fig|6666666.1036479.peg.584	fig|6666666.1036479.peg.1214	0.543057918548584	0.6093235569766801	Very Low	Very Low	Very Low–Very Low			0	no STRING match	no STRING match	2215	2501	1	1				MarR_2;HTH_5	MarR family; Bacterial regulatory protein, arsR family	GO:0003700;GO:0006355
829177	fig|6666666.1036479.peg.2585	fig|6666666.1036479.peg.2812	0.5429998993873596	0.6094985023062646	Medium	Medium	Medium–Medium			0	no STRING match	no STRING match	1662	1763	1	1	Peptidase_M28	Peptidase family M28		PBP	Phosphatidylethanolamine-binding protein	
829847	fig|6666666.1036479.peg.278	fig|6666666.1036479.peg.584	0.5428323566913604	0.6099909954609772	Low	Very Low	Very Low–Low			0	no STRING match	no STRING match	2105	2215	1	1	Rieske	Rieske [2Fe-2S] domain	GO:0051537			
830480	fig|6666666.1036479.peg.2117	fig|6666666.1036479.peg.2193	0.5426936566829681	0.6104562912325192	Very Low	Low	Very Low–Low			0	no STRING match	no STRING match	2885	2935	1	1	ATP-synt_DE_N	ATP synthase, Delta/Epsilon chain, beta-sandwich domain	GO:0015986	Fe-S_biosyn	Iron-sulphur cluster biosynthesis	
831168	fig|6666666.1036479.peg.2609	fig|6666666.1036479.peg.2746	0.5425463318824768	0.6109620155466122	Very Low	Very Low	Very Low–Very Low			0	no STRING match	no STRING match	1674	1730	1	1	ACT;ACT_AHAS_ss;ACT_5;ALS_ss_C	ACT domain; AHAS small subunit-like ACT domain; Small subunit of acetolactate synthase		DUF493	Protein of unknown function (DUF493)	
831510	fig|6666666.1036479.peg.1744	fig|6666666.1036479.peg.2081	0.5424772739410401	0.6112134075748388	Very Low	Very Low	Very Low–Very Low			0	no STRING match	no STRING match	2733	2865	1	1	Methyltransf_1N;DNA_binding_1	6-O-methylguanine DNA methyltransferase, ribonuclease-like domain; 6-O-methylguanine DNA methyltransferase, DNA binding domain	GO:0003824;GO:0003908;GO:0006281	DNA_binding_1	6-O-methylguanine DNA methyltransferase, DNA binding domain	GO:0003824;GO:0006281
832167	fig|6666666.1036479.peg.1974	fig|6666666.1036479.peg.2117	0.5423242926597596	0.6116963448922211	Very Low	Very Low	Very Low–Very Low			0	no STRING match	no STRING match	2830	2885	1	1	4HBT	Thioesterase superfamily		ATP-synt_DE_N	ATP synthase, Delta/Epsilon chain, beta-sandwich domain	GO:0015986
832411	fig|6666666.1036479.peg.99	fig|6666666.1036479.peg.915	0.5422588229179383	0.6118757006082658	High	Medium	Medium–High			0	no STRING match	no STRING match	2055	2375	1	1	SelR	SelR domain	GO:0033743	AhpC-TSA;GSHPx	AhpC/TSA family; Glutathione peroxidase	GO:0004601;GO:0006979;GO:0016209;GO:0016491
833195	fig|6666666.1036479.peg.3216	fig|6666666.1036479.peg.2317	0.5420749962329865	0.6124519911057207	Very Low	Very Low	Very Low–Very Low			0	no STRING match	no STRING match	1968	2975	1	1				Bac_DNA_binding;HU-HIG	Bacterial DNA-binding protein; HU domain fused to wHTH, Ig, or Glycine-rich motif	GO:0003677;GO:0030527
833619	fig|6666666.1036479.peg.2639	fig|6666666.1036479.peg.2641	0.5419806122779847	0.6127636584155687	Low	Very Low	Very Low–Low			0	no STRING match	no STRING match	1688	1689	1	1	Rhodanese	Rhodanese-like domain		Bac_globin	Bacterial-like globin	GO:0019825
835317	fig|6666666.1036479.peg.2819	fig|6666666.1036479.peg.2825	0.5415793478488922	0.6140117977837808	Very Low	Very Low	Very Low–Very Low			0	no STRING match	no STRING match	1767	1771	1	1						
835696	fig|6666666.1036479.peg.2985	fig|6666666.1036479.peg.1744	0.5414790034294128	0.6142903871951779	Very Low	Very Low	Very Low–Very Low			0	no STRING match	no STRING match	1857	2733	1	1	DUF2007	Putative prokaryotic signal transducing protein		Methyltransf_1N;DNA_binding_1	6-O-methylguanine DNA methyltransferase, ribonuclease-like domain; 6-O-methylguanine DNA methyltransferase, DNA binding domain	GO:0003824;GO:0003908;GO:0006281
836204	fig|6666666.1036479.peg.481	fig|6666666.1036479.peg.2449	0.541371363401413	0.6146637999154676	Low	Very Low	Very Low–Low			0	no STRING match	no STRING match	2177	3027	1	1	Rhodanese	Rhodanese-like domain		PRA-PH;MazG-like;MazG	Phosphoribosyl-ATP pyrophosphohydrolase; MazG-like family; MazG nucleotide pyrophosphohydrolase domain	GO:0009143;GO:0047429
836853	fig|6666666.1036479.peg.2861	fig|6666666.1036479.peg.3227	0.541218513250351	0.6151408567175699	Very Low	Low	Very Low–Low			0	no STRING match	no STRING match	1796	1977	1	2	N6_Mtase;Eco57I;TaqI_C	N-6 DNA Methylase; Eco57I restriction-modification methylase; TaqI-like C-terminal specificity domain	GO:0003677;GO:0006304;GO:0008170	AAA_22	AAA domain	GO:0016887
837134	fig|6666666.1036479.peg.592	fig|6666666.1036479.peg.638	0.5411562919616699	0.6153474098167852	Very Low	Very Low	Very Low–Very Low			0	no STRING match	no STRING match	2218	2241	1	1	MarR_2;HTH_24;HTH_AsnC-type;MarR;AsnC_trans_reg	MarR family; Winged helix-turn-helix DNA-binding; AsnC-type helix-turn-helix domain; Lrp/AsnC ligand binding domain	GO:0003700;GO:0006355;GO:0043565	Thioredoxin	Thioredoxin	
837196	fig|6666666.1036479.peg.99	fig|6666666.1036479.peg.2086	0.5411421418190002	0.6153929838102064	High	Medium	Medium–High			0	no STRING match	no STRING match	2055	2868	1	1	SelR	SelR domain	GO:0033743	HMA	Heavy-metal-associated domain	GO:0046872
838276	fig|6666666.1036479.peg.2609	fig|6666666.1036479.peg.1214	0.5408893704414368	0.6161868533730268	Very Low	Very Low	Very Low–Very Low			0	no STRING match	no STRING match	1674	2501	1	1	ACT;ACT_AHAS_ss;ACT_5;ALS_ss_C	ACT domain; AHAS small subunit-like ACT domain; Small subunit of acetolactate synthase		MarR_2;HTH_5	MarR family; Bacterial regulatory protein, arsR family	GO:0003700;GO:0006355
838277	fig|6666666.1036479.peg.3175	fig|6666666.1036479.peg.3227	0.5408893406391144	0.6161875884374368	Low	Low	Low–Low			0	no STRING match	no STRING match	1939	1977	1	2				AAA_22	AAA domain	GO:0016887
838508	fig|6666666.1036479.peg.2016	fig|6666666.1036479.peg.2241	0.5408371031284332	0.6163573883161512	Very Low	Very Low	Very Low–Very Low			0	no STRING match	no STRING match	2844	2944	1	1	Ferritin	Ferritin-like domain	GO:0008199	SufE	Fe-S metabolism associated domain	
838728	fig|6666666.1036479.peg.2812	fig|6666666.1036479.peg.915	0.5407899260520935	0.6165191024863553	Medium	Medium	Medium–Medium			0	no STRING match	no STRING match	1763	2375	1	1	PBP	Phosphatidylethanolamine-binding protein		AhpC-TSA;GSHPx	AhpC/TSA family; Glutathione peroxidase	GO:0004601;GO:0006979;GO:0016209;GO:0016491
838916	fig|6666666.1036479.peg.3175	fig|6666666.1036479.peg.1577	0.5407406389713287	0.6166572945954389	Low	Low	Low–Low			0	no STRING match	no STRING match	1939	2668	1	2				Zn_ribbon_DnaG;Toprim_2	CHC2 zinc finger; Toprim-like	GO:0003677;GO:0003899;GO:0006260;GO:0008270
839293	fig|6666666.1036479.peg.3227	fig|6666666.1036479.peg.1577	0.5406510293483734	0.6169344138780161	Low	Low	Low–Low			0	no STRING match	no STRING match	1977	2668	2	2	AAA_22	AAA domain	GO:0016887	Zn_ribbon_DnaG;Toprim_2	CHC2 zinc finger; Toprim-like	GO:0003677;GO:0003899;GO:0006260;GO:0008270
840353	fig|6666666.1036479.peg.2241	fig|6666666.1036479.peg.2242	0.5404044151306152	0.6177135821526362	Very Low	Very Low	Very Low–Very Low			0	no STRING match	no STRING match	2944	2945	1	1	SufE	Fe-S metabolism associated domain		FeS_assembly_P	Iron-sulfur cluster assembly protein	
841107	fig|6666666.1036479.peg.481	fig|6666666.1036479.peg.638	0.540246719121933	0.6182678207177904	Low	Very Low	Very Low–Low			0	no STRING match	no STRING match	2177	2241	1	1	Rhodanese	Rhodanese-like domain		Thioredoxin	Thioredoxin	
841548	fig|6666666.1036479.peg.3175	fig|6666666.1036479.peg.425	0.5401335716247558	0.6185919841226087	Low	Very Low	Very Low–Low			0	no STRING match	no STRING match	1939	2155	1	1						
841721	fig|6666666.1036479.peg.1577	fig|6666666.1036479.peg.2143	0.540092670917511	0.618719150265542	Low	Very Low	Very Low–Low			0	no STRING match	no STRING match	2668	2901	2	1	Zn_ribbon_DnaG;Toprim_2	CHC2 zinc finger; Toprim-like	GO:0003677;GO:0003899;GO:0006260;GO:0008270	NADAR	NADAR domain	
841749	fig|6666666.1036479.peg.2812	fig|6666666.1036479.peg.99	0.540088438987732	0.6187397320690226	Medium	High	Medium–High			0	no STRING match	no STRING match	1763	2055	1	1	PBP	Phosphatidylethanolamine-binding protein		SelR	SelR domain	GO:0033743
842692	fig|6666666.1036479.peg.2609	fig|6666666.1036479.peg.637	0.5398661732673645	0.6194328978076704	Very Low	Very Low	Very Low–Very Low			0	no STRING match	no STRING match	1674	2240	1	1	ACT;ACT_AHAS_ss;ACT_5;ALS_ss_C	ACT domain; AHAS small subunit-like ACT domain; Small subunit of acetolactate synthase		DUF6952	Family of unknown function (DUF6952)	
843044	fig|6666666.1036479.peg.2949	fig|6666666.1036479.peg.3226	0.5397964477539062	0.619691640479997	Low	Very Low	Very Low–Low	Putative nuclease.		0	secondary STRING hit (STRING protein assigned to a better match)	no STRING match	1844	1976	1	2	DUF1016_N;YhcG_C	DUF1016 N-terminal domain; YhcG PDDEXK nuclease domain				
843239	fig|6666666.1036479.peg.820	fig|6666666.1036479.peg.2081	0.5397421538829803	0.6198349780399508	Very Low	Very Low	Very Low–Very Low			0	no STRING match	no STRING match	2331	2865	1	1	FabA;ApeI-like	FabA-like domain; ApeI dehydratase		DNA_binding_1	6-O-methylguanine DNA methyltransferase, DNA binding domain	GO:0003824;GO:0006281
843292	fig|6666666.1036479.peg.3024	fig|6666666.1036479.peg.2209	0.5397295475006103	0.6198739364536817	Low	Low	Low–Low			0	no STRING match	no STRING match	1881	2937	1	1	HTHP	Hexameric tyrosine-coordinated heme protein (HTHP)		3-HAO;Cupin_2	3-hydroxyanthranilic acid dioxygenase; Cupin domain	GO:0000334;GO:0005506
844003	fig|6666666.1036479.peg.2016	fig|6666666.1036479.peg.2242	0.5395777821540833	0.6203965672492052	Very Low	Very Low	Very Low–Very Low			0	no STRING match	no STRING match	2844	2945	1	1	Ferritin	Ferritin-like domain	GO:0008199	FeS_assembly_P	Iron-sulfur cluster assembly protein	
845424	fig|6666666.1036479.peg.3247	fig|6666666.1036479.peg.840	0.539234721660614	0.6214410937758421	Very Low	Very Low	Very Low–Very Low			0	no STRING match	no STRING match	1997	2338	2	1				PP-binding	Phosphopantetheine attachment site	
845931	fig|6666666.1036479.peg.840	fig|6666666.1036479.peg.2117	0.5391300559043884	0.6218137714317217	Very Low	Very Low	Very Low–Very Low			0	no STRING match	no STRING match	2338	2885	1	1	PP-binding	Phosphopantetheine attachment site		ATP-synt_DE_N	ATP synthase, Delta/Epsilon chain, beta-sandwich domain	GO:0015986
846510	fig|6666666.1036479.peg.2861	fig|6666666.1036479.peg.592	0.5389816224575043	0.6222393737251226	Very Low	Very Low	Very Low–Very Low			0	no STRING match	no STRING match	1796	2218	1	1	N6_Mtase;Eco57I;TaqI_C	N-6 DNA Methylase; Eco57I restriction-modification methylase; TaqI-like C-terminal specificity domain	GO:0003677;GO:0006304;GO:0008170	MarR_2;HTH_24;HTH_AsnC-type;MarR;AsnC_trans_reg	MarR family; Winged helix-turn-helix DNA-binding; AsnC-type helix-turn-helix domain; Lrp/AsnC ligand binding domain	GO:0003700;GO:0006355;GO:0043565
847946	fig|6666666.1036479.peg.2143	fig|6666666.1036479.peg.2449	0.5386707723140717	0.6232949262179098	Very Low	Very Low	Very Low–Very Low			0	no STRING match	no STRING match	2901	3027	1	1	NADAR	NADAR domain		PRA-PH;MazG-like;MazG	Phosphoribosyl-ATP pyrophosphohydrolase; MazG-like family; MazG nucleotide pyrophosphohydrolase domain	GO:0009143;GO:0047429
848437	fig|6666666.1036479.peg.592	fig|6666666.1036479.peg.2117	0.5385462999343872	0.6236558428432292	Very Low	Very Low	Very Low–Very Low			0	no STRING match	no STRING match	2218	2885	1	1	MarR_2;HTH_24;HTH_AsnC-type;MarR;AsnC_trans_reg	MarR family; Winged helix-turn-helix DNA-binding; AsnC-type helix-turn-helix domain; Lrp/AsnC ligand binding domain	GO:0003700;GO:0006355;GO:0043565	ATP-synt_DE_N	ATP synthase, Delta/Epsilon chain, beta-sandwich domain	GO:0015986
849654	fig|6666666.1036479.peg.2861	fig|6666666.1036479.peg.3175	0.5382558703422546	0.6245504162302222	Very Low	Low	Very Low–Low			0	no STRING match	no STRING match	1796	1939	1	1	N6_Mtase;Eco57I;TaqI_C	N-6 DNA Methylase; Eco57I restriction-modification methylase; TaqI-like C-terminal specificity domain	GO:0003677;GO:0006304;GO:0008170			
851281	fig|6666666.1036479.peg.2585	fig|6666666.1036479.peg.278	0.5378672122955322	0.625746366025323	Medium	Low	Low–Medium			0	no STRING match	no STRING match	1662	2105	1	1	Peptidase_M28	Peptidase family M28		Rieske	Rieske [2Fe-2S] domain	GO:0051537
852955	fig|6666666.1036479.peg.840	fig|6666666.1036479.peg.2241	0.5374332189559936	0.6269768638476947	Very Low	Very Low	Very Low–Very Low			0	no STRING match	no STRING match	2338	2944	1	1	PP-binding	Phosphopantetheine attachment site		SufE	Fe-S metabolism associated domain	
853480	fig|6666666.1036479.peg.592	fig|6666666.1036479.peg.1708	0.5373199820518494	0.6273627726629546	Very Low	Low	Very Low–Low		Multidrug resistance protein precursor AcrB/AcrD/AcrF family protein; COG0841 Cation/multidrug efflux pump; Belongs to the resistance-nodulation-cell division (RND) (TC 2.A.6) family.	0	no STRING match	secondary STRING hit (STRING protein assigned to a better match)	2218	2724	1	1	MarR_2;HTH_24;HTH_AsnC-type;MarR;AsnC_trans_reg	MarR family; Winged helix-turn-helix DNA-binding; AsnC-type helix-turn-helix domain; Lrp/AsnC ligand binding domain	GO:0003700;GO:0006355;GO:0043565	ACR_tran;SecD_SecF_C	AcrB/AcrD/AcrF family; Protein export membrane protein SecD/SecF, C-terminal	GO:0016020;GO:0022857;GO:0055085
854535	fig|6666666.1036479.peg.2812	fig|6666666.1036479.peg.2086	0.5370907962322236	0.6281382656155245	Medium	Medium	Medium–Medium			0	no STRING match	no STRING match	1763	2868	1	1	PBP	Phosphatidylethanolamine-binding protein		HMA	Heavy-metal-associated domain	GO:0046872
854898	fig|6666666.1036479.peg.2989	fig|6666666.1036479.peg.3243	0.5369986891746521	0.6284050939963615	Low	Low	Low–Low	Von Willebrand factor, type A; COG2304 Uncharacterized protein containing a von Willebrand factor type A (vWA) domain.		0	secondary STRING hit (STRING protein assigned to a better match)	no STRING match	1860	1993	1	2	vWF_A;VWA_3;VWA;VWA_2;YfbK_C	von Willebrand factor; von Willebrand factor type A domain; Uncharacterized protein YfbK, C-terminal		Portal_Mu	Portal protein of Mu bacteriophage	
856033	fig|6666666.1036479.peg.915	fig|6666666.1036479.peg.2086	0.5367590069770813	0.629239392101733	Medium	Medium	Medium–Medium			0	no STRING match	no STRING match	2375	2868	1	1	AhpC-TSA;GSHPx	AhpC/TSA family; Glutathione peroxidase	GO:0004601;GO:0006979;GO:0016209;GO:0016491	HMA	Heavy-metal-associated domain	GO:0046872
859122	fig|6666666.1036479.peg.827	fig|6666666.1036479.peg.840	0.5360342264175415	0.6315100060642814	Very Low	Very Low	Very Low–Very Low			0	no STRING match	no STRING match	2333	2338	1	1	PP-binding	Phosphopantetheine attachment site		PP-binding	Phosphopantetheine attachment site	
861367	fig|6666666.1036479.peg.278	fig|6666666.1036479.peg.2209	0.5355181157588959	0.6331602256647739	Low	Low	Low–Low			0	no STRING match	no STRING match	2105	2937	1	1	Rieske	Rieske [2Fe-2S] domain	GO:0051537	3-HAO;Cupin_2	3-hydroxyanthranilic acid dioxygenase; Cupin domain	GO:0000334;GO:0005506
861548	fig|6666666.1036479.peg.820	fig|6666666.1036479.peg.2012	0.5354773998260498	0.6332932723229873	Very Low	Very Low	Very Low–Very Low			0	no STRING match	no STRING match	2331	2841	1	1	FabA;ApeI-like	FabA-like domain; ApeI dehydratase		HNOB	Haem-NO-binding	GO:0020037
862121	fig|6666666.1036479.peg.840	fig|6666666.1036479.peg.2193	0.5353414654731751	0.6337144642299282	Very Low	Low	Very Low–Low			0	no STRING match	no STRING match	2338	2935	1	1	PP-binding	Phosphopantetheine attachment site		Fe-S_biosyn	Iron-sulphur cluster biosynthesis	
862152	fig|6666666.1036479.peg.2585	fig|6666666.1036479.peg.99	0.5353356242179871	0.6337372512266387	Medium	High	Medium–High			0	no STRING match	no STRING match	1662	2055	1	1	Peptidase_M28	Peptidase family M28		SelR	SelR domain	GO:0033743
862624	fig|6666666.1036479.peg.481	fig|6666666.1036479.peg.863	0.5352264225482941	0.6340842016281677	Low	Low	Low–Low			0	no STRING match	no STRING match	2177	2343	1	1	Rhodanese	Rhodanese-like domain				
863682	fig|6666666.1036479.peg.2825	fig|6666666.1036479.peg.3243	0.534970173239708	0.6348618997739677	Very Low	Low	Very Low–Low			0	no STRING match	no STRING match	1771	1993	1	2				Portal_Mu	Portal protein of Mu bacteriophage	
865411	fig|6666666.1036479.peg.915	fig|6666666.1036479.peg.2306	0.5345789968967438	0.6361328261388904	Medium	Very Low	Very Low–Medium			0	no STRING match	no STRING match	2375	2968	1	1	AhpC-TSA;GSHPx	AhpC/TSA family; Glutathione peroxidase	GO:0004601;GO:0006979;GO:0016209;GO:0016491	Peptidase_M16	Insulinase (Peptidase family M16)	
866507	fig|6666666.1036479.peg.2825	fig|6666666.1036479.peg.159	0.5343181401491165	0.6369384567322711	Very Low	Low	Very Low–Low			0	no STRING match	no STRING match	1771	2069	1	1				Portal_Mu	Portal protein of Mu bacteriophage	
869364	fig|6666666.1036479.peg.99	fig|6666666.1036479.peg.863	0.5336458325386048	0.6390385357516952	High	Low	Low–High			0	no STRING match	no STRING match	2055	2343	1	1	SelR	SelR domain	GO:0033743			
869876	fig|6666666.1036479.peg.2193	fig|6666666.1036479.peg.2241	0.5335236668586731	0.6394148887296249	Low	Very Low	Very Low–Low			0	no STRING match	no STRING match	2935	2944	1	1	Fe-S_biosyn	Iron-sulphur cluster biosynthesis		SufE	Fe-S metabolism associated domain	
869891	fig|6666666.1036479.peg.827	fig|6666666.1036479.peg.2065	0.5335188388824463	0.6394259146957753	Very Low	Very Low	Very Low–Very Low			0	no STRING match	no STRING match	2333	2861	1	1	PP-binding	Phosphopantetheine attachment site		Biotin_lipoyl	Biotin-requiring enzyme	
870429	fig|6666666.1036479.peg.2602	fig|6666666.1036479.peg.2143	0.5333942115306854	0.6398213793483654	Very Low	Very Low	Very Low–Very Low			0	no STRING match	no STRING match	1668	2901	1	1	TPM_phosphatase	TPM domain		NADAR	NADAR domain	
872421	fig|6666666.1036479.peg.802	fig|6666666.1036479.peg.2209	0.5329231858253479	0.6412856276531231	Low	Low	Low–Low			0	no STRING match	no STRING match	2324	2937	1	1	ClpS	ATP-dependent Clp protease adaptor protein ClpS	GO:0030163	3-HAO;Cupin_2	3-hydroxyanthranilic acid dioxygenase; Cupin domain	GO:0000334;GO:0005506
873263	fig|6666666.1036479.peg.802	fig|6666666.1036479.peg.863	0.5327275991439819	0.6419045518863591	Low	Low	Low–Low			0	no STRING match	no STRING match	2324	2343	1	1	ClpS	ATP-dependent Clp protease adaptor protein ClpS	GO:0030163			
873717	fig|6666666.1036479.peg.820	fig|6666666.1036479.peg.2209	0.532614928483963	0.6422382711285076	Very Low	Low	Very Low–Low			0	no STRING match	no STRING match	2331	2937	1	1	FabA;ApeI-like	FabA-like domain; ApeI dehydratase		3-HAO;Cupin_2	3-hydroxyanthranilic acid dioxygenase; Cupin domain	GO:0000334;GO:0005506
874613	fig|6666666.1036479.peg.2083	fig|6666666.1036479.peg.2193	0.5323922276496887	0.6428968888398846	Low	Low	Low–Low			0	no STRING match	no STRING match	2866	2935	1	1	NifU	NifU-like domain	GO:0005506;GO:0016226;GO:0051536	Fe-S_biosyn	Iron-sulphur cluster biosynthesis	
874681	fig|6666666.1036479.peg.2639	fig|6666666.1036479.peg.2083	0.5323773622512817	0.6429468732197658	Low	Low	Low–Low			0	no STRING match	no STRING match	1688	2866	1	1	Rhodanese	Rhodanese-like domain		NifU	NifU-like domain	GO:0005506;GO:0016226;GO:0051536
875758	fig|6666666.1036479.peg.3243	fig|6666666.1036479.peg.2065	0.5321269810199738	0.6437385375893563	Low	Very Low	Very Low–Low			0	no STRING match	no STRING match	1993	2861	2	1	Portal_Mu	Portal protein of Mu bacteriophage		Biotin_lipoyl	Biotin-requiring enzyme	
876158	fig|6666666.1036479.peg.2609	fig|6666666.1036479.peg.2630	0.5320374608039856	0.6440325633533638	Very Low	Very Low	Very Low–Very Low			0	no STRING match	no STRING match	1674	1685	1	1	ACT;ACT_AHAS_ss;ACT_5;ALS_ss_C	ACT domain; AHAS small subunit-like ACT domain; Small subunit of acetolactate synthase				
876689	fig|6666666.1036479.peg.481	fig|6666666.1036479.peg.2143	0.5318902254104614	0.6444228825550838	Low	Very Low	Very Low–Low			0	no STRING match	no STRING match	2177	2901	1	1	Rhodanese	Rhodanese-like domain		NADAR	NADAR domain	
877286	fig|6666666.1036479.peg.159	fig|6666666.1036479.peg.2065	0.5317372351884841	0.6448617160078652	Low	Very Low	Very Low–Low			0	no STRING match	no STRING match	2069	2861	1	1	Portal_Mu	Portal protein of Mu bacteriophage		Biotin_lipoyl	Biotin-requiring enzyme	
877372	fig|6666666.1036479.peg.863	fig|6666666.1036479.peg.2083	0.531718498468399	0.6449249315471268	Low	Low	Low–Low			0	no STRING match	no STRING match	2343	2866	1	1				NifU	NifU-like domain	GO:0005506;GO:0016226;GO:0051536
877736	fig|6666666.1036479.peg.533	fig|6666666.1036479.peg.560	0.5316398918628693	0.6451924949923737	Very Low	Very Low	Very Low–Very Low			0	no STRING match	no STRING match	2190	2204	1	1	MiaE	tRNA-(MS[2]IO[6]A)-hydroxylase (MiaE)	GO:0006400;GO:0045301	OsmC	OsmC-like protein	
878683	fig|6666666.1036479.peg.863	fig|6666666.1036479.peg.2306	0.5314172387123108	0.6458886009886616	Low	Very Low	Very Low–Low			0	no STRING match	no STRING match	2343	2968	1	1				Peptidase_M16	Insulinase (Peptidase family M16)	
880344	fig|6666666.1036479.peg.2639	fig|6666666.1036479.peg.2242	0.5310447871685028	0.647109542973703	Low	Very Low	Very Low–Low			0	no STRING match	no STRING match	1688	2945	1	1	Rhodanese	Rhodanese-like domain		FeS_assembly_P	Iron-sulfur cluster assembly protein	
880642	fig|6666666.1036479.peg.2602	fig|6666666.1036479.peg.2639	0.5309735715389252	0.6473285921678887	Very Low	Low	Very Low–Low			0	no STRING match	no STRING match	1668	1688	1	1	TPM_phosphatase	TPM domain		Rhodanese	Rhodanese-like domain	
880709	fig|6666666.1036479.peg.2083	fig|6666666.1036479.peg.2143	0.5309562146663666	0.64737784148336	Low	Very Low	Very Low–Low			0	no STRING match	no STRING match	2866	2901	1	1	NifU	NifU-like domain	GO:0005506;GO:0016226;GO:0051536	NADAR	NADAR domain	
881112	fig|6666666.1036479.peg.1708	fig|6666666.1036479.peg.2016	0.5308657050132751	0.6476740724405976	Low	Very Low	Very Low–Low	Multidrug resistance protein precursor AcrB/AcrD/AcrF family protein; COG0841 Cation/multidrug efflux pump; Belongs to the resistance-nodulation-cell division (RND) (TC 2.A.6) family.		0	secondary STRING hit (STRING protein assigned to a better match)	no STRING match	2724	2844	1	1	ACR_tran;SecD_SecF_C	AcrB/AcrD/AcrF family; Protein export membrane protein SecD/SecF, C-terminal	GO:0016020;GO:0022857;GO:0055085	Ferritin	Ferritin-like domain	GO:0008199
882251	fig|6666666.1036479.peg.802	fig|6666666.1036479.peg.2083	0.5306043505668641	0.6485113108036091	Low	Low	Low–Low			0	no STRING match	no STRING match	2324	2866	1	1	ClpS	ATP-dependent Clp protease adaptor protein ClpS	GO:0030163	NifU	NifU-like domain	GO:0005506;GO:0016226;GO:0051536
882908	fig|6666666.1036479.peg.2065	fig|6666666.1036479.peg.2242	0.5304438263177872	0.6489942481209916	Very Low	Very Low	Very Low–Very Low			0	no STRING match	no STRING match	2861	2945	1	1	Biotin_lipoyl	Biotin-requiring enzyme		FeS_assembly_P	Iron-sulfur cluster assembly protein	
883144	fig|6666666.1036479.peg.3024	fig|6666666.1036479.peg.2306	0.5303880929946899	0.6491677233217561	Low	Very Low	Very Low–Low			0	no STRING match	no STRING match	1881	2968	1	1	HTHP	Hexameric tyrosine-coordinated heme protein (HTHP)		Peptidase_M16	Insulinase (Peptidase family M16)	
883651	fig|6666666.1036479.peg.2746	fig|6666666.1036479.peg.2819	0.5302794873714447	0.6495404009776357	Very Low	Very Low	Very Low–Very Low			0	no STRING match	no STRING match	1730	1767	1	1	DUF493	Protein of unknown function (DUF493)				
885512	fig|6666666.1036479.peg.95	fig|6666666.1036479.peg.2016	0.5298350393772125	0.6509083558446809	Very Low	Very Low	Very Low–Very Low			0	no STRING match	no STRING match	2054	2844	1	1	Ferritin	Ferritin-like domain	GO:0008199	Ferritin	Ferritin-like domain	GO:0008199
888095	fig|6666666.1036479.peg.560	fig|6666666.1036479.peg.2306	0.5292434811592102	0.6528070272157598	Very Low	Very Low	Very Low–Very Low			0	no STRING match	no STRING match	2204	2968	1	1	OsmC	OsmC-like protein		Peptidase_M16	Insulinase (Peptidase family M16)	
888291	fig|6666666.1036479.peg.2861	fig|6666666.1036479.peg.2012	0.5291932940483093	0.6529510998401235	Very Low	Very Low	Very Low–Very Low			0	no STRING match	no STRING match	1796	2841	1	1	N6_Mtase;Eco57I;TaqI_C	N-6 DNA Methylase; Eco57I restriction-modification methylase; TaqI-like C-terminal specificity domain	GO:0003677;GO:0006304;GO:0008170	HNOB	Haem-NO-binding	GO:0020037
888480	fig|6666666.1036479.peg.2819	fig|6666666.1036479.peg.3024	0.5291476488113404	0.6530900270136171	Very Low	Low	Very Low–Low			0	no STRING match	no STRING match	1767	1881	1	1				HTHP	Hexameric tyrosine-coordinated heme protein (HTHP)	
888583	fig|6666666.1036479.peg.820	fig|6666666.1036479.peg.2306	0.5291238009929657	0.653165738647849	Very Low	Very Low	Very Low–Very Low			0	no STRING match	no STRING match	2331	2968	1	1	FabA;ApeI-like	FabA-like domain; ApeI dehydratase		Peptidase_M16	Insulinase (Peptidase family M16)	
889218	fig|6666666.1036479.peg.2630	fig|6666666.1036479.peg.2012	0.5289743125438691	0.6536325045482111	Very Low	Very Low	Very Low–Very Low			0	no STRING match	no STRING match	1685	2841	1	1				HNOB	Haem-NO-binding	GO:0020037
889325	fig|6666666.1036479.peg.159	fig|6666666.1036479.peg.534	0.5289494872093201	0.653711156440083	Low	Very Low	Very Low–Low		Hypothetical protein.	0	no STRING match	secondary STRING hit (STRING protein assigned to a better match)	2069	2191	1	1	Portal_Mu	Portal protein of Mu bacteriophage		AIM24	Mitochondrial biogenesis AIM24	
889799	fig|6666666.1036479.peg.534	fig|6666666.1036479.peg.2424	0.5288480281829834	0.654059576970432	Very Low	Low	Very Low–Low	Hypothetical protein.	Hypothetical protein; Catalyzes the removal of dipeptides from the N-terminus of oligopeptides.	0	secondary STRING hit (STRING protein assigned to a better match)	secondary STRING hit (STRING protein assigned to a better match)	2191	3019	1	1	AIM24	Mitochondrial biogenesis AIM24		Peptidase_S46	Peptidase S46	GO:0008239;GO:0070009
890062	fig|6666666.1036479.peg.2639	fig|6666666.1036479.peg.2861	0.5288016200065613	0.6542528989102671	Low	Very Low	Very Low–Low			0	no STRING match	no STRING match	1688	1796	1	1	Rhodanese	Rhodanese-like domain		N6_Mtase;Eco57I;TaqI_C	N-6 DNA Methylase; Eco57I restriction-modification methylase; TaqI-like C-terminal specificity domain	GO:0003677;GO:0006304;GO:0008170
892572	fig|6666666.1036479.peg.2016	fig|6666666.1036479.peg.2065	0.5281899750232697	0.6560979105794145	Very Low	Very Low	Very Low–Very Low			0	no STRING match	no STRING match	2844	2861	1	1	Ferritin	Ferritin-like domain	GO:0008199	Biotin_lipoyl	Biotin-requiring enzyme	
895814	fig|6666666.1036479.peg.95	fig|6666666.1036479.peg.533	0.5274401366710663	0.6584809893966959	Very Low	Very Low	Very Low–Very Low			0	no STRING match	no STRING match	2054	2190	1	1	Ferritin	Ferritin-like domain	GO:0008199	MiaE	tRNA-(MS[2]IO[6]A)-hydroxylase (MiaE)	GO:0006400;GO:0045301
898958	fig|6666666.1036479.peg.2602	fig|6666666.1036479.peg.95	0.5267091751098633	0.6607920319017954	Very Low	Very Low	Very Low–Very Low			0	no STRING match	no STRING match	1668	2054	1	1	TPM_phosphatase	TPM domain		Ferritin	Ferritin-like domain	GO:0008199
899615	fig|6666666.1036479.peg.827	fig|6666666.1036479.peg.1708	0.5265444278717041	0.6612749692191778	Very Low	Low	Very Low–Low		Multidrug resistance protein precursor AcrB/AcrD/AcrF family protein; COG0841 Cation/multidrug efflux pump; Belongs to the resistance-nodulation-cell division (RND) (TC 2.A.6) family.	0	no STRING match	secondary STRING hit (STRING protein assigned to a better match)	2333	2724	1	1	PP-binding	Phosphopantetheine attachment site		ACR_tran;SecD_SecF_C	AcrB/AcrD/AcrF family; Protein export membrane protein SecD/SecF, C-terminal	GO:0016020;GO:0022857;GO:0055085
899920	fig|6666666.1036479.peg.2630	fig|6666666.1036479.peg.2746	0.5264857232570648	0.6614991638642336	Very Low	Very Low	Very Low–Very Low			0	no STRING match	no STRING match	1685	1730	1	1				DUF493	Protein of unknown function (DUF493)	
900782	fig|6666666.1036479.peg.95	fig|6666666.1036479.peg.560	0.5263079762458801	0.6621327893856699	Very Low	Very Low	Very Low–Very Low			0	no STRING match	no STRING match	2054	2204	1	1	Ferritin	Ferritin-like domain	GO:0008199	OsmC	OsmC-like protein	
904692	fig|6666666.1036479.peg.95	fig|6666666.1036479.peg.2012	0.5253693878650665	0.6650068912288439	Very Low	Very Low	Very Low–Very Low			0	no STRING match	no STRING match	2054	2841	1	1	Ferritin	Ferritin-like domain	GO:0008199	HNOB	Haem-NO-binding	GO:0020037
909107	fig|6666666.1036479.peg.738	fig|6666666.1036479.peg.2012	0.5243396282196044	0.6682522005990775	Very Low	Very Low	Very Low–Very Low			0	no STRING match	no STRING match	2296	2841	1	1	Fic	Fic/DOC family		HNOB	Haem-NO-binding	GO:0020037
911317	fig|6666666.1036479.peg.2630	fig|6666666.1036479.peg.738	0.5238301634788514	0.6698766929452193	Very Low	Very Low	Very Low–Very Low			0	no STRING match	no STRING match	1685	2296	1	1				Fic	Fic/DOC family	
913539	fig|6666666.1036479.peg.533	fig|6666666.1036479.peg.738	0.5233214557170868	0.6715100060642814	Very Low	Very Low	Very Low–Very Low			0	no STRING match	no STRING match	2190	2296	1	1	MiaE	tRNA-(MS[2]IO[6]A)-hydroxylase (MiaE)	GO:0006400;GO:0045301	Fic	Fic/DOC family	
918741	fig|6666666.1036479.peg.534	fig|6666666.1036479.peg.827	0.5221027791500091	0.6753338111251999	Very Low	Very Low	Very Low–Very Low	Hypothetical protein.		0	secondary STRING hit (STRING protein assigned to a better match)	no STRING match	2191	2333	1	1	AIM24	Mitochondrial biogenesis AIM24		PP-binding	Phosphopantetheine attachment site	
919533	fig|6666666.1036479.peg.2746	fig|6666666.1036479.peg.534	0.5219281136989593	0.6759159821379348	Very Low	Very Low	Very Low–Very Low		Hypothetical protein.	0	no STRING match	secondary STRING hit (STRING protein assigned to a better match)	1730	2191	1	1	DUF493	Protein of unknown function (DUF493)		AIM24	Mitochondrial biogenesis AIM24	
921111	fig|6666666.1036479.peg.2602	fig|6666666.1036479.peg.738	0.5215405106544495	0.6770759137769448	Very Low	Very Low	Very Low–Very Low			0	no STRING match	no STRING match	1668	2296	1	1	TPM_phosphatase	TPM domain		Fic	Fic/DOC family	
921166	fig|6666666.1036479.peg.2602	fig|6666666.1036479.peg.533	0.5215245187282562	0.6771163423194958	Very Low	Very Low	Very Low–Very Low			0	no STRING match	no STRING match	1668	2190	1	1	TPM_phosphatase	TPM domain		MiaE	tRNA-(MS[2]IO[6]A)-hydroxylase (MiaE)	GO:0006400;GO:0045301
928841	fig|6666666.1036479.peg.827	fig|6666666.1036479.peg.2424	0.5196505039930344	0.682757961666391	Very Low	Low	Very Low–Low		Hypothetical protein; Catalyzes the removal of dipeptides from the N-terminus of oligopeptides.	0	no STRING match	secondary STRING hit (STRING protein assigned to a better match)	2333	3019	1	1	PP-binding	Phosphopantetheine attachment site		Peptidase_S46	Peptidase S46	GO:0008239;GO:0070009
944777	fig|6666666.1036479.peg.3228	fig|6666666.1036479.peg.738	0.5158725798130035	0.6944719481044527	Very Low	Very Low	Very Low–Very Low			0	no STRING match	no STRING match	1978	2296	2	1	AAA_22	AAA domain	GO:0016887	Fic	Fic/DOC family	
946083	fig|6666666.1036479.peg.2630	fig|6666666.1036479.peg.534	0.5155513823032379	0.6954319422239373	Very Low	Very Low	Very Low–Very Low		Hypothetical protein.	0	no STRING match	secondary STRING hit (STRING protein assigned to a better match)	1685	2191	1	1				AIM24	Mitochondrial biogenesis AIM24	
950528	fig|6666666.1036479.peg.533	fig|6666666.1036479.peg.762	0.5144360601902008	0.6986993035264715	Very Low	Very Low	Very Low–Very Low			0	no STRING match	no STRING match	2190	2307	1	1	MiaE	tRNA-(MS[2]IO[6]A)-hydroxylase (MiaE)	GO:0006400;GO:0045301			
950694	fig|6666666.1036479.peg.2746	fig|6666666.1036479.peg.2424	0.5144006341695786	0.6988213242185346	Very Low	Low	Very Low–Low		Hypothetical protein; Catalyzes the removal of dipeptides from the N-terminus of oligopeptides.	0	no STRING match	secondary STRING hit (STRING protein assigned to a better match)	1730	3019	1	1	DUF493	Protein of unknown function (DUF493)		Peptidase_S46	Peptidase S46	GO:0008239;GO:0070009
976061	fig|6666666.1036479.peg.3228	fig|6666666.1036479.peg.762	0.5079402595758438	0.7174677031074848	Very Low	Very Low	Very Low–Very Low			0	no STRING match	no STRING match	1978	2307	2	1	AAA_22	AAA domain	GO:0016887			
993856	fig|6666666.1036479.peg.3228	fig|6666666.1036479.peg.2424	0.5033229798078537	0.7305481742837716	Very Low	Low	Very Low–Low		Hypothetical protein; Catalyzes the removal of dipeptides from the N-terminus of oligopeptides.	0	no STRING match	secondary STRING hit (STRING protein assigned to a better match)	1978	3019	2	1	AAA_22	AAA domain	GO:0016887	Peptidase_S46	Peptidase S46	GO:0008239;GO:0070009
