model,best_val_auc,test_auc,test_ap,best_epoch,feature_set
GCN,0.5,0.5,0.5,1,Biomni
GAT,0.5,0.5,0.5,1,Biomni
GraphSAGE,0.6824034334763949,0.681483752299203,0.6109827166471764,6,Biomni
GCN,0.5,0.5,0.5,1,Biomni+ESM
GAT,0.5,0.5,0.5,1,Biomni+ESM
GraphSAGE,0.6839362354383813,0.6793378295524218,0.6095915563045373,4,Biomni+ESM
GCN,0.5,0.5,0.5,1,Biomni+ESM+Node2Vec
GAT,0.5,0.5,0.5,1,Biomni+ESM+Node2Vec
GraphSAGE,0.6621704475781729,0.6569589209074187,0.5931335391379906,5,Biomni+ESM+Node2Vec
