rank,protein_a,protein_b,score,percentile_top,tier_a,tier_b,tier_pair,desc_a,desc_b,degree_b,isolated_reason_a,isolated_reason_b,seq_group_a,seq_group_b,n_identical_a,n_identical_b
1,fig|6666666.1036479.peg.3244,fig|6666666.1036479.peg.410,0.9932621598243714,2.0303414222135594e-06,Very Low,Very Low,Very Low–Very Low,,,0,no STRING match,no STRING match,2495,2584,3,1
2,fig|6666666.1036479.peg.12,fig|6666666.1036479.peg.410,0.9932621598243714,4.060682844427119e-06,Very Low,Very Low,Very Low–Very Low,,,0,no STRING match,no STRING match,2495,2584,3,1
3,fig|6666666.1036479.peg.160,fig|6666666.1036479.peg.410,0.9932621598243714,6.091024266640678e-06,Very Low,Very Low,Very Low–Very Low,,,0,no STRING match,no STRING match,2495,2584,3,1
4,fig|6666666.1036479.peg.3244,fig|6666666.1036479.peg.12,0.9930604815483093,8.121365688854238e-06,Very Low,Very Low,Very Low–Very Low,,,0,no STRING match,no STRING match,2495,2495,3,3
5,fig|6666666.1036479.peg.3244,fig|6666666.1036479.peg.160,0.9930604815483093,1.0151707111067797e-05,Very Low,Very Low,Very Low–Very Low,,,0,no STRING match,no STRING match,2495,2495,3,3
6,fig|6666666.1036479.peg.12,fig|6666666.1036479.peg.160,0.9930604815483093,1.2182048533281357e-05,Very Low,Very Low,Very Low–Very Low,,,0,no STRING match,no STRING match,2495,2495,3,3
7,fig|6666666.1036479.peg.410,fig|6666666.1036479.peg.1966,0.9859873354434967,1.4212389955494916e-05,Very Low,Very Low,Very Low–Very Low,,,0,no STRING match,no STRING match,2584,2946,1,1
8,fig|6666666.1036479.peg.410,fig|6666666.1036479.peg.1128,0.981739979982376,1.6242731377708475e-05,Very Low,Very Low,Very Low–Very Low,,,0,no STRING match,no STRING match,2584,2744,1,1
9,fig|6666666.1036479.peg.3244,fig|6666666.1036479.peg.1966,0.9788953483104705,1.8273072799922035e-05,Very Low,Very Low,Very Low–Very Low,,,0,no STRING match,no STRING match,2495,2946,3,1
10,fig|6666666.1036479.peg.12,fig|6666666.1036479.peg.1966,0.9788953483104705,2.0303414222135594e-05,Very Low,Very Low,Very Low–Very Low,,,0,no STRING match,no STRING match,2495,2946,3,1
11,fig|6666666.1036479.peg.160,fig|6666666.1036479.peg.1966,0.9788953483104705,2.2333755644349154e-05,Very Low,Very Low,Very Low–Very Low,,,0,no STRING match,no STRING match,2495,2946,3,1
12,fig|6666666.1036479.peg.2588,fig|6666666.1036479.peg.410,0.9670205056667328,2.4364097066562713e-05,Very Low,Very Low,Very Low–Very Low,,,0,no STRING match,no STRING match,2319,2584,1,1
13,fig|6666666.1036479.peg.3244,fig|6666666.1036479.peg.1128,0.9658119082450867,2.6394438488776273e-05,Very Low,Very Low,Very Low–Very Low,,,0,no STRING match,no STRING match,2495,2744,3,1
14,fig|6666666.1036479.peg.12,fig|6666666.1036479.peg.1128,0.9658119082450867,2.8424779910989832e-05,Very Low,Very Low,Very Low–Very Low,,,0,no STRING match,no STRING match,2495,2744,3,1
15,fig|6666666.1036479.peg.160,fig|6666666.1036479.peg.1128,0.9658119082450867,3.045512133320339e-05,Very Low,Very Low,Very Low–Very Low,,,0,no STRING match,no STRING match,2495,2744,3,1
16,fig|6666666.1036479.peg.2550,fig|6666666.1036479.peg.410,0.9649270594120025,3.248546275541695e-05,Very Low,Very Low,Very Low–Very Low,,,0,no STRING match,no STRING match,2300,2584,2,1
17,fig|6666666.1036479.peg.2558,fig|6666666.1036479.peg.410,0.9649270594120025,3.451580417763051e-05,Very Low,Very Low,Very Low–Very Low,,,0,no STRING match,no STRING match,2300,2584,2,1
18,fig|6666666.1036479.peg.2548,fig|6666666.1036479.peg.411,0.9640045166015625,3.654614559984407e-05,High,Low,Low–High,,Hypothetical protein.,0,no STRING match,secondary STRING hit (STRING protein assigned to a better match),2298,2585,1,1
19,fig|6666666.1036479.peg.1128,fig|6666666.1036479.peg.1966,0.9634048640727997,3.857648702205763e-05,Very Low,Very Low,Very Low–Very Low,,,0,no STRING match,no STRING match,2744,2946,1,1
20,fig|6666666.1036479.peg.3019,fig|6666666.1036479.peg.410,0.9629841923713685,4.060682844427119e-05,Very Low,Very Low,Very Low–Very Low,,,0,no STRING match,no STRING match,2432,2584,1,1
21,fig|6666666.1036479.peg.410,fig|6666666.1036479.peg.1602,0.9619913935661316,4.263716986648475e-05,Very Low,Very Low,Very Low–Very Low,,,0,no STRING match,no STRING match,2584,2860,1,2
22,fig|6666666.1036479.peg.410,fig|6666666.1036479.peg.1609,0.9619913935661316,4.466751128869831e-05,Very Low,Very Low,Very Low–Very Low,,,0,no STRING match,no STRING match,2584,2860,1,2
23,fig|6666666.1036479.peg.2548,fig|6666666.1036479.peg.370,0.9604782581329345,4.669785271091187e-05,High,High,High–High,,,0,no STRING match,no STRING match,2298,2579,1,1
24,fig|6666666.1036479.peg.2548,fig|6666666.1036479.peg.866,0.958914601802826,4.8728194133125426e-05,High,High,High–High,,,0,no STRING match,no STRING match,2298,2667,1,1
25,fig|6666666.1036479.peg.2672,fig|6666666.1036479.peg.861,0.9585880160331726,5.0758535555338986e-05,Medium,High,Medium–High,,,0,no STRING match,no STRING match,2341,2665,1,1
26,fig|6666666.1036479.peg.370,fig|6666666.1036479.peg.411,0.9559109091758728,5.2788876977552545e-05,High,Low,Low–High,,Hypothetical protein.,0,no STRING match,secondary STRING hit (STRING protein assigned to a better match),2579,2585,1,1
27,fig|6666666.1036479.peg.3019,fig|6666666.1036479.peg.3244,0.9551404595375061,5.4819218399766105e-05,Very Low,Very Low,Very Low–Very Low,,,0,no STRING match,no STRING match,2432,2495,1,3
28,fig|6666666.1036479.peg.3019,fig|6666666.1036479.peg.12,0.9551404595375061,5.6849559821979664e-05,Very Low,Very Low,Very Low–Very Low,,,0,no STRING match,no STRING match,2432,2495,1,3
29,fig|6666666.1036479.peg.3019,fig|6666666.1036479.peg.160,0.9551404595375061,5.8879901244193223e-05,Very Low,Very Low,Very Low–Very Low,,,0,no STRING match,no STRING match,2432,2495,1,3
30,fig|6666666.1036479.peg.370,fig|6666666.1036479.peg.866,0.9550280213356018,6.091024266640678e-05,High,High,High–High,,,0,no STRING match,no STRING match,2579,2667,1,1
31,fig|6666666.1036479.peg.2548,fig|6666666.1036479.peg.881,0.9549891591072083,6.294058408862034e-05,High,High,High–High,,,0,no STRING match,no STRING match,2298,2674,1,1
32,fig|6666666.1036479.peg.410,fig|6666666.1036479.peg.2484,0.9528494894504547,6.49709255108339e-05,Very Low,Very Low,Very Low–Very Low,,,0,no STRING match,no STRING match,2584,3046,1,1
33,fig|6666666.1036479.peg.411,fig|6666666.1036479.peg.881,0.9527668535709382,6.700126693304746e-05,Low,High,Low–High,Hypothetical protein.,,0,secondary STRING hit (STRING protein assigned to a better match),no STRING match,2585,2674,1,1
34,fig|6666666.1036479.peg.2548,fig|6666666.1036479.peg.861,0.9523992478847504,6.903160835526102e-05,High,High,High–High,,,0,no STRING match,no STRING match,2298,2665,1,1
35,fig|6666666.1036479.peg.411,fig|6666666.1036479.peg.866,0.9515358746051789,7.106194977747458e-05,Low,High,Low–High,Hypothetical protein.,,0,secondary STRING hit (STRING protein assigned to a better match),no STRING match,2585,2667,1,1
36,fig|6666666.1036479.peg.2550,fig|6666666.1036479.peg.3244,0.9508033573627472,7.309229119968814e-05,Very Low,Very Low,Very Low–Very Low,,,0,no STRING match,no STRING match,2300,2495,2,3
37,fig|6666666.1036479.peg.2550,fig|6666666.1036479.peg.12,0.9508033573627472,7.51226326219017e-05,Very Low,Very Low,Very Low–Very Low,,,0,no STRING match,no STRING match,2300,2495,2,3
38,fig|6666666.1036479.peg.2550,fig|6666666.1036479.peg.160,0.9508033573627472,7.715297404411526e-05,Very Low,Very Low,Very Low–Very Low,,,0,no STRING match,no STRING match,2300,2495,2,3
39,fig|6666666.1036479.peg.2558,fig|6666666.1036479.peg.3244,0.9508033573627472,7.918331546632882e-05,Very Low,Very Low,Very Low–Very Low,,,0,no STRING match,no STRING match,2300,2495,2,3
40,fig|6666666.1036479.peg.2558,fig|6666666.1036479.peg.12,0.9508033573627472,8.121365688854238e-05,Very Low,Very Low,Very Low–Very Low,,,0,no STRING match,no STRING match,2300,2495,2,3
41,fig|6666666.1036479.peg.2558,fig|6666666.1036479.peg.160,0.9508033573627472,8.324399831075594e-05,Very Low,Very Low,Very Low–Very Low,,,0,no STRING match,no STRING match,2300,2495,2,3
42,fig|6666666.1036479.peg.2672,fig|6666666.1036479.peg.2364,0.9499411284923553,8.52743397329695e-05,Medium,Medium,Medium–Medium,,,0,no STRING match,no STRING match,2341,3022,1,1
43,fig|6666666.1036479.peg.2672,fig|6666666.1036479.peg.2948,0.9496344745159149,8.730468115518306e-05,Medium,High,Medium–High,,,0,no STRING match,no STRING match,2341,2410,1,1
44,fig|6666666.1036479.peg.370,fig|6666666.1036479.peg.881,0.9495759904384613,8.933502257739661e-05,High,High,High–High,,,0,no STRING match,no STRING match,2579,2674,1,1
45,fig|6666666.1036479.peg.2672,fig|6666666.1036479.peg.573,0.949003404378891,9.136536399961017e-05,Medium,Very Low,Very Low–Medium,,Hypothetical protein.,0,no STRING match,secondary STRING hit (STRING protein assigned to a better match),2341,2601,1,1
46,fig|6666666.1036479.peg.410,fig|6666666.1036479.peg.1353,0.9484561562538147,9.339570542182373e-05,Very Low,Very Low,Very Low–Very Low,,,0,no STRING match,no STRING match,2584,2790,1,1
47,fig|6666666.1036479.peg.861,fig|6666666.1036479.peg.866,0.9480639874935151,9.54260468440373e-05,High,High,High–High,,,0,no STRING match,no STRING match,2665,2667,1,1
48,fig|6666666.1036479.peg.2548,fig|6666666.1036479.peg.2672,0.947605985403061,9.745638826625085e-05,High,Medium,Medium–High,,,0,no STRING match,no STRING match,2298,2341,1,1
49,fig|6666666.1036479.peg.2588,fig|6666666.1036479.peg.1966,0.9473745882511139,9.948672968846441e-05,Very Low,Very Low,Very Low–Very Low,,,0,no STRING match,no STRING match,2319,2946,1,1
50,fig|6666666.1036479.peg.866,fig|6666666.1036479.peg.881,0.9467963933944702,0.00010151707111067797,High,High,High–High,,,0,no STRING match,no STRING match,2667,2674,1,1
51,fig|6666666.1036479.peg.410,fig|6666666.1036479.peg.1119,0.9467479825019837,0.00010354741253289153,Very Low,Very Low,Very Low–Very Low,,,0,no STRING match,no STRING match,2584,2735,1,1
52,fig|6666666.1036479.peg.2548,fig|6666666.1036479.peg.1300,0.9462041437625885,0.00010557775395510509,High,Low,Low–High,,,0,no STRING match,no STRING match,2298,2763,1,1
53,fig|6666666.1036479.peg.2948,fig|6666666.1036479.peg.861,0.9461822509765625,0.00010760809537731865,High,High,High–High,,,0,no STRING match,no STRING match,2410,2665,1,1
54,fig|6666666.1036479.peg.2672,fig|6666666.1036479.peg.2988,0.945550125837326,0.00010963843679953221,Medium,Medium,Medium–Medium,,Hypothetical protein.,0,no STRING match,secondary STRING hit (STRING protein assigned to a better match),2341,2416,1,1
55,fig|6666666.1036479.peg.2672,fig|6666666.1036479.peg.3020,0.9454482853412628,0.00011166877822174577,Medium,Low,Low–Medium,,,0,no STRING match,no STRING match,2341,2433,1,1
56,fig|6666666.1036479.peg.2548,fig|6666666.1036479.peg.2960,0.9447133004665375,0.00011369911964395933,High,Low,Low–High,,,0,no STRING match,no STRING match,2298,2412,1,1
57,fig|6666666.1036479.peg.370,fig|6666666.1036479.peg.861,0.9445448696613312,0.00011572946106617289,High,High,High–High,,,0,no STRING match,no STRING match,2579,2665,1,1
58,fig|6666666.1036479.peg.411,fig|6666666.1036479.peg.1300,0.9441303312778473,0.00011775980248838645,Low,Low,Low–Low,Hypothetical protein.,,0,secondary STRING hit (STRING protein assigned to a better match),no STRING match,2585,2763,1,1
59,fig|6666666.1036479.peg.410,fig|6666666.1036479.peg.1116,0.9435544431209564,0.0001197901439106,Very Low,Very Low,Very Low–Very Low,,,0,no STRING match,no STRING match,2584,2732,1,1
60,fig|6666666.1036479.peg.2588,fig|6666666.1036479.peg.1128,0.9433848083019256,0.00012182048533281357,Very Low,Very Low,Very Low–Very Low,,,0,no STRING match,no STRING match,2319,2744,1,1
61,fig|6666666.1036479.peg.2672,fig|6666666.1036479.peg.1947,0.9430628478527069,0.00012385082675502713,Medium,Medium,Medium–Medium,,,0,no STRING match,no STRING match,2341,2930,1,1
62,fig|6666666.1036479.peg.2672,fig|6666666.1036479.peg.1308,0.942858773469925,0.00012588116817724068,Medium,Medium,Medium–Medium,,,0,no STRING match,no STRING match,2341,2764,1,1
63,fig|6666666.1036479.peg.2672,fig|6666666.1036479.peg.866,0.9424236118793488,0.00012791150959945424,Medium,High,Medium–High,,,0,no STRING match,no STRING match,2341,2667,1,1
64,fig|6666666.1036479.peg.573,fig|6666666.1036479.peg.861,0.9424175202846528,0.0001299418510216678,Very Low,High,Very Low–High,Hypothetical protein.,,0,secondary STRING hit (STRING protein assigned to a better match),no STRING match,2601,2665,1,1
65,fig|6666666.1036479.peg.3020,fig|6666666.1036479.peg.861,0.942178589105606,0.00013197219244388136,Low,High,Low–High,,,0,no STRING match,no STRING match,2433,2665,1,1
66,fig|6666666.1036479.peg.411,fig|6666666.1036479.peg.861,0.9420186638832092,0.00013400253386609492,Low,High,Low–High,Hypothetical protein.,,0,secondary STRING hit (STRING protein assigned to a better match),no STRING match,2585,2665,1,1
67,fig|6666666.1036479.peg.861,fig|6666666.1036479.peg.1947,0.9418539762496948,0.00013603287528830848,High,Medium,Medium–High,,,0,no STRING match,no STRING match,2665,2930,1,1
68,fig|6666666.1036479.peg.1602,fig|6666666.1036479.peg.1966,0.9411977529525757,0.00013806321671052204,Very Low,Very Low,Very Low–Very Low,,,0,no STRING match,no STRING match,2860,2946,2,1
69,fig|6666666.1036479.peg.1609,fig|6666666.1036479.peg.1966,0.9411977529525757,0.0001400935581327356,Very Low,Very Low,Very Low–Very Low,,,0,no STRING match,no STRING match,2860,2946,2,1
70,fig|6666666.1036479.peg.861,fig|6666666.1036479.peg.2364,0.9404970049858093,0.00014212389955494916,High,Medium,Medium–High,,,0,no STRING match,no STRING match,2665,3022,1,1
71,fig|6666666.1036479.peg.2550,fig|6666666.1036479.peg.1966,0.940172803401947,0.00014415424097716272,Very Low,Very Low,Very Low–Very Low,,,0,no STRING match,no STRING match,2300,2946,2,1
72,fig|6666666.1036479.peg.2558,fig|6666666.1036479.peg.1966,0.940172803401947,0.00014618458239937628,Very Low,Very Low,Very Low–Very Low,,,0,no STRING match,no STRING match,2300,2946,2,1
73,fig|6666666.1036479.peg.410,fig|6666666.1036479.peg.1113,0.9400839149951935,0.00014821492382158984,Very Low,Very Low,Very Low–Very Low,,,0,no STRING match,no STRING match,2584,2729,1,1
74,fig|6666666.1036479.peg.2960,fig|6666666.1036479.peg.411,0.9387781679630279,0.0001502452652438034,Low,Low,Low–Low,,Hypothetical protein.,0,no STRING match,secondary STRING hit (STRING protein assigned to a better match),2412,2585,1,1
75,fig|6666666.1036479.peg.411,fig|6666666.1036479.peg.1080,0.9386331737041473,0.00015227560666601696,Low,High,Low–High,Hypothetical protein.,,0,secondary STRING hit (STRING protein assigned to a better match),no STRING match,2585,2712,1,1
76,fig|6666666.1036479.peg.2672,fig|6666666.1036479.peg.2843,0.9385883808135986,0.00015430594808823052,Medium,Very Low,Very Low–Medium,,,0,no STRING match,no STRING match,2341,2370,1,1
77,fig|6666666.1036479.peg.370,fig|6666666.1036479.peg.1300,0.9385169327259064,0.00015633628951044408,High,Low,Low–High,,,0,no STRING match,no STRING match,2579,2763,1,1
78,fig|6666666.1036479.peg.2988,fig|6666666.1036479.peg.861,0.9383176624774933,0.00015836663093265764,Medium,High,Medium–High,Hypothetical protein.,,0,secondary STRING hit (STRING protein assigned to a better match),no STRING match,2416,2665,1,1
79,fig|6666666.1036479.peg.2548,fig|6666666.1036479.peg.3231,0.9381685137748719,0.0001603969723548712,High,Very Low,Very Low–High,,,0,no STRING match,no STRING match,2298,2482,1,2
80,fig|6666666.1036479.peg.2548,fig|6666666.1036479.peg.147,0.9381685137748719,0.00016242731377708475,High,Very Low,Very Low–High,,,0,no STRING match,no STRING match,2298,2482,1,2
81,fig|6666666.1036479.peg.2960,fig|6666666.1036479.peg.370,0.9381000161170959,0.00016445765519929831,Low,High,Low–High,,,0,no STRING match,no STRING match,2412,2579,1,1
82,fig|6666666.1036479.peg.2672,fig|6666666.1036479.peg.2920,0.9376400530338287,0.00016648799662151187,Medium,Very Low,Very Low–Medium,,,0,no STRING match,no STRING match,2341,2397,1,1
83,fig|6666666.1036479.peg.2672,fig|6666666.1036479.peg.370,0.9375796616077423,0.00016851833804372543,Medium,High,Medium–High,,,0,no STRING match,no STRING match,2341,2579,1,1
84,fig|6666666.1036479.peg.861,fig|6666666.1036479.peg.1308,0.9371991455554962,0.000170548679465939,High,Medium,Medium–High,,,0,no STRING match,no STRING match,2665,2764,1,1
85,fig|6666666.1036479.peg.1128,fig|6666666.1036479.peg.1602,0.9371937274932861,0.00017257902088815255,Very Low,Very Low,Very Low–Very Low,,,0,no STRING match,no STRING match,2744,2860,1,2
86,fig|6666666.1036479.peg.1128,fig|6666666.1036479.peg.1609,0.9371937274932861,0.0001746093623103661,Very Low,Very Low,Very Low–Very Low,,,0,no STRING match,no STRING match,2744,2860,1,2
87,fig|6666666.1036479.peg.3017,fig|6666666.1036479.peg.411,0.9366669058799744,0.00017663970373257967,Medium,Low,Low–Medium,,Hypothetical protein.,0,no STRING match,secondary STRING hit (STRING protein assigned to a better match),2430,2585,1,1
88,fig|6666666.1036479.peg.2960,fig|6666666.1036479.peg.866,0.936357057094574,0.00017867004515479323,Low,High,Low–High,,,0,no STRING match,no STRING match,2412,2667,1,1
89,fig|6666666.1036479.peg.2548,fig|6666666.1036479.peg.2948,0.9363523066043854,0.0001807003865770068,High,High,High–High,,,0,no STRING match,no STRING match,2298,2410,1,1
90,fig|6666666.1036479.peg.2672,fig|6666666.1036479.peg.3207,0.9361455976963043,0.00018273072799922035,Medium,Medium,Medium–Medium,,,0,no STRING match,no STRING match,2341,2468,1,1
91,fig|6666666.1036479.peg.2548,fig|6666666.1036479.peg.1080,0.9359807133674621,0.0001847610694214339,High,High,High–High,,,0,no STRING match,no STRING match,2298,2712,1,1
92,fig|6666666.1036479.peg.2672,fig|6666666.1036479.peg.411,0.935851389169693,0.00018679141084364747,Medium,Low,Low–Medium,,Hypothetical protein.,0,no STRING match,secondary STRING hit (STRING protein assigned to a better match),2341,2585,1,1
93,fig|6666666.1036479.peg.866,fig|6666666.1036479.peg.1300,0.9350791573524475,0.00018882175226586103,High,Low,Low–High,,,0,no STRING match,no STRING match,2667,2763,1,1
94,fig|6666666.1036479.peg.2588,fig|6666666.1036479.peg.3244,0.9350655436515808,0.0001908520936880746,Very Low,Very Low,Very Low–Very Low,,,0,no STRING match,no STRING match,2319,2495,1,3
95,fig|6666666.1036479.peg.2588,fig|6666666.1036479.peg.12,0.9350655436515808,0.00019288243511028815,Very Low,Very Low,Very Low–Very Low,,,0,no STRING match,no STRING match,2319,2495,1,3
96,fig|6666666.1036479.peg.2588,fig|6666666.1036479.peg.160,0.9350655436515808,0.0001949127765325017,Very Low,Very Low,Very Low–Very Low,,,0,no STRING match,no STRING match,2319,2495,1,3
97,fig|6666666.1036479.peg.861,fig|6666666.1036479.peg.1289,0.9348619997501373,0.00019694311795471526,High,Very Low,Very Low–High,,,0,no STRING match,no STRING match,2665,2762,1,1
98,fig|6666666.1036479.peg.2920,fig|6666666.1036479.peg.861,0.9348001956939698,0.00019897345937692882,Very Low,High,Very Low–High,,,0,no STRING match,no STRING match,2397,2665,1,1
99,fig|6666666.1036479.peg.2672,fig|6666666.1036479.peg.719,0.9346483051776886,0.00020100380079914238,Medium,Medium,Medium–Medium,,,0,no STRING match,no STRING match,2341,2630,1,1
100,fig|6666666.1036479.peg.2548,fig|6666666.1036479.peg.3017,0.9345465898513794,0.00020303414222135594,High,Medium,Medium–High,,,0,no STRING match,no STRING match,2298,2430,1,1
101,fig|6666666.1036479.peg.3231,fig|6666666.1036479.peg.411,0.9343682527542114,0.0002050644836435695,Very Low,Low,Very Low–Low,,Hypothetical protein.,0,no STRING match,secondary STRING hit (STRING protein assigned to a better match),2482,2585,2,1
102,fig|6666666.1036479.peg.147,fig|6666666.1036479.peg.411,0.9343682527542114,0.00020709482506578306,Very Low,Low,Very Low–Low,,Hypothetical protein.,0,no STRING match,secondary STRING hit (STRING protein assigned to a better match),2482,2585,2,1
103,fig|6666666.1036479.peg.3207,fig|6666666.1036479.peg.861,0.9341796398162842,0.00020912516648799662,Medium,High,Medium–High,,,0,no STRING match,no STRING match,2468,2665,1,1
104,fig|6666666.1036479.peg.3019,fig|6666666.1036479.peg.1966,0.933595621585846,0.00021115550791021018,Very Low,Very Low,Very Low–Very Low,,,0,no STRING match,no STRING match,2432,2946,1,1
105,fig|6666666.1036479.peg.881,fig|6666666.1036479.peg.1300,0.9329331994056702,0.00021318584933242374,High,Low,Low–High,,,0,no STRING match,no STRING match,2674,2763,1,1
106,fig|6666666.1036479.peg.2672,fig|6666666.1036479.peg.2436,0.9325704157352448,0.0002152161907546373,Medium,Medium,Medium–Medium,,,0,no STRING match,no STRING match,2341,3033,1,1
107,fig|6666666.1036479.peg.2672,fig|6666666.1036479.peg.1289,0.9321875631809234,0.00021724653217685086,Medium,Very Low,Very Low–Medium,,,0,no STRING match,no STRING match,2341,2762,1,1
108,fig|6666666.1036479.peg.573,fig|6666666.1036479.peg.2364,0.9321331024169922,0.00021927687359906442,Very Low,Medium,Very Low–Medium,Hypothetical protein.,,0,secondary STRING hit (STRING protein assigned to a better match),no STRING match,2601,3022,1,1
109,fig|6666666.1036479.peg.411,fig|6666666.1036479.peg.1566,0.9318291425704956,0.00022130721502127798,Low,High,Low–High,Hypothetical protein.,,0,secondary STRING hit (STRING protein assigned to a better match),no STRING match,2585,2838,1,1
110,fig|6666666.1036479.peg.2548,fig|6666666.1036479.peg.2348,0.9317492723464966,0.00022333755644349154,High,High,High–High,,,0,no STRING match,no STRING match,2298,3019,1,1
111,fig|6666666.1036479.peg.2672,fig|6666666.1036479.peg.2114,0.931713217496872,0.0002253678978657051,Medium,Very Low,Very Low–Medium,,"COG1629 Outer membrane receptor proteins, mostly Fe transport.",0,no STRING match,secondary STRING hit (STRING protein assigned to a better match),2341,2964,1,1
112,fig|6666666.1036479.peg.3121,fig|6666666.1036479.peg.410,0.9316963315010071,0.00022739823928791866,Very Low,Very Low,Very Low–Very Low,,,0,no STRING match,no STRING match,2446,2584,1,1
113,fig|6666666.1036479.peg.2548,fig|6666666.1036479.peg.38,0.931421834230423,0.00022942858071013222,High,Low,Low–High,,,0,no STRING match,no STRING match,2298,2526,1,2
114,fig|6666666.1036479.peg.2548,fig|6666666.1036479.peg.186,0.931421834230423,0.00023145892213234578,High,Low,Low–High,,,0,no STRING match,no STRING match,2298,2526,1,2
115,fig|6666666.1036479.peg.861,fig|6666666.1036479.peg.881,0.9313830018043519,0.00023348926355455933,High,High,High–High,,,0,no STRING match,no STRING match,2665,2674,1,1
116,fig|6666666.1036479.peg.2548,fig|6666666.1036479.peg.1566,0.9313770234584808,0.0002355196049767729,High,High,High–High,,,0,no STRING match,no STRING match,2298,2838,1,1
117,fig|6666666.1036479.peg.2548,fig|6666666.1036479.peg.1289,0.9313496947288513,0.00023754994639898645,High,Very Low,Very Low–High,,,0,no STRING match,no STRING match,2298,2762,1,1
118,fig|6666666.1036479.peg.3244,fig|6666666.1036479.peg.1353,0.9307164669036865,0.0002395802878212,Very Low,Very Low,Very Low–Very Low,,,0,no STRING match,no STRING match,2495,2790,3,1
119,fig|6666666.1036479.peg.12,fig|6666666.1036479.peg.1353,0.9307164669036865,0.00024161062924341357,Very Low,Very Low,Very Low–Very Low,,,0,no STRING match,no STRING match,2495,2790,3,1
120,fig|6666666.1036479.peg.160,fig|6666666.1036479.peg.1353,0.9307164669036865,0.00024364097066562713,Very Low,Very Low,Very Low–Very Low,,,0,no STRING match,no STRING match,2495,2790,3,1
121,fig|6666666.1036479.peg.2960,fig|6666666.1036479.peg.881,0.9306632936000824,0.0002456713120878407,Low,High,Low–High,,,0,no STRING match,no STRING match,2412,2674,1,1
122,fig|6666666.1036479.peg.2948,fig|6666666.1036479.peg.573,0.9303990244865418,0.00024770165351005425,High,Very Low,Very Low–High,,Hypothetical protein.,0,no STRING match,secondary STRING hit (STRING protein assigned to a better match),2410,2601,1,1
123,fig|6666666.1036479.peg.309,fig|6666666.1036479.peg.410,0.9300585269927979,0.0002497319949322678,Very Low,Very Low,Very Low–Very Low,,,0,no STRING match,no STRING match,2569,2584,1,1
124,fig|6666666.1036479.peg.2548,fig|6666666.1036479.peg.3020,0.9299425184726715,0.00025176233635448137,High,Low,Low–High,,,0,no STRING match,no STRING match,2298,2433,1,1
125,fig|6666666.1036479.peg.2548,fig|6666666.1036479.peg.89,0.9298316895961761,0.00025379267777669493,High,Very Low,Very Low–High,,,0,no STRING match,no STRING match,2298,2542,1,1
126,fig|6666666.1036479.peg.2948,fig|6666666.1036479.peg.2364,0.929761803150177,0.0002558230191989085,High,Medium,Medium–High,,,0,no STRING match,no STRING match,2410,3022,1,1
127,fig|6666666.1036479.peg.2548,fig|6666666.1036479.peg.1947,0.9297196745872498,0.00025785336062112205,High,Medium,Medium–High,,,0,no STRING match,no STRING match,2298,2930,1,1
128,fig|6666666.1036479.peg.2672,fig|6666666.1036479.peg.725,0.9296201944351197,0.0002598837020433356,Medium,Very Low,Very Low–Medium,,,0,no STRING match,no STRING match,2341,2636,1,1
129,fig|6666666.1036479.peg.2843,fig|6666666.1036479.peg.861,0.9295362174510956,0.00026191404346554917,Very Low,High,Very Low–High,,,0,no STRING match,no STRING match,2370,2665,1,1
130,fig|6666666.1036479.peg.2548,fig|6666666.1036479.peg.3207,0.9293617904186249,0.0002639443848877627,High,Medium,Medium–High,,,0,no STRING match,no STRING match,2298,2468,1,1
131,fig|6666666.1036479.peg.2672,fig|6666666.1036479.peg.728,0.9293496429920196,0.0002659747263099763,Medium,Medium,Medium–Medium,,,0,no STRING match,no STRING match,2341,2639,1,1
132,fig|6666666.1036479.peg.3244,fig|6666666.1036479.peg.1119,0.9293078005313873,0.00026800506773218984,Very Low,Very Low,Very Low–Very Low,,,0,no STRING match,no STRING match,2495,2735,3,1
133,fig|6666666.1036479.peg.12,fig|6666666.1036479.peg.1119,0.9293078005313873,0.0002700354091544034,Very Low,Very Low,Very Low–Very Low,,,0,no STRING match,no STRING match,2495,2735,3,1
134,fig|6666666.1036479.peg.160,fig|6666666.1036479.peg.1119,0.9293078005313873,0.00027206575057661696,Very Low,Very Low,Very Low–Very Low,,,0,no STRING match,no STRING match,2495,2735,3,1
135,fig|6666666.1036479.peg.866,fig|6666666.1036479.peg.1947,0.9289355576038361,0.0002740960919988305,High,Medium,Medium–High,,,0,no STRING match,no STRING match,2667,2930,1,1
136,fig|6666666.1036479.peg.2948,fig|6666666.1036479.peg.3020,0.9289314806461334,0.0002761264334210441,High,Low,Low–High,,,0,no STRING match,no STRING match,2410,2433,1,1
137,fig|6666666.1036479.peg.2948,fig|6666666.1036479.peg.866,0.9289263606071472,0.00027815677484325764,High,High,High–High,,,0,no STRING match,no STRING match,2410,2667,1,1
138,fig|6666666.1036479.peg.2948,fig|6666666.1036479.peg.2988,0.9287649512290954,0.0002801871162654712,High,Medium,Medium–High,,Hypothetical protein.,0,no STRING match,secondary STRING hit (STRING protein assigned to a better match),2410,2416,1,1
139,fig|6666666.1036479.peg.2988,fig|6666666.1036479.peg.2364,0.9286084532737732,0.00028221745768768476,Medium,Medium,Medium–Medium,Hypothetical protein.,,0,secondary STRING hit (STRING protein assigned to a better match),no STRING match,2416,3022,1,1
140,fig|6666666.1036479.peg.866,fig|6666666.1036479.peg.1289,0.9276946246623993,0.0002842477991098983,High,Very Low,Very Low–High,,,0,no STRING match,no STRING match,2667,2762,1,1
141,fig|6666666.1036479.peg.2843,fig|6666666.1036479.peg.573,0.9276465833187103,0.0002862781405321119,Very Low,Very Low,Very Low–Very Low,,Hypothetical protein.,0,no STRING match,secondary STRING hit (STRING protein assigned to a better match),2370,2601,1,1
142,fig|6666666.1036479.peg.3020,fig|6666666.1036479.peg.573,0.9273768901824951,0.00028830848195432544,Low,Very Low,Very Low–Low,,Hypothetical protein.,0,no STRING match,secondary STRING hit (STRING protein assigned to a better match),2433,2601,1,1
143,fig|6666666.1036479.peg.38,fig|6666666.1036479.peg.861,0.927136880159378,0.000290338823376539,Low,High,Low–High,,,0,no STRING match,no STRING match,2526,2665,2,1
144,fig|6666666.1036479.peg.186,fig|6666666.1036479.peg.861,0.927136880159378,0.00029236916479875256,Low,High,Low–High,,,0,no STRING match,no STRING match,2526,2665,2,1
145,fig|6666666.1036479.peg.861,fig|6666666.1036479.peg.2348,0.9271202683448792,0.0002943995062209661,High,High,High–High,,,0,no STRING match,no STRING match,2665,3019,1,1
146,fig|6666666.1036479.peg.2588,fig|6666666.1036479.peg.1602,0.9270883202552795,0.0002964298476431797,Very Low,Very Low,Very Low–Very Low,,,0,no STRING match,no STRING match,2319,2860,1,2
147,fig|6666666.1036479.peg.2588,fig|6666666.1036479.peg.1609,0.9270883202552795,0.00029846018906539324,Very Low,Very Low,Very Low–Very Low,,,0,no STRING match,no STRING match,2319,2860,1,2
148,fig|6666666.1036479.peg.411,fig|6666666.1036479.peg.2348,0.9268390595912933,0.0003004905304876068,Low,High,Low–High,Hypothetical protein.,,0,secondary STRING hit (STRING protein assigned to a better match),no STRING match,2585,3019,1,1
149,fig|6666666.1036479.peg.1602,fig|6666666.1036479.peg.1609,0.9267638146877288,0.00030252087190982036,Very Low,Very Low,Very Low–Very Low,,,0,no STRING match,no STRING match,2860,2860,2,2
150,fig|6666666.1036479.peg.3244,fig|6666666.1036479.peg.1116,0.9267481684684753,0.0003045512133320339,Very Low,Very Low,Very Low–Very Low,,,0,no STRING match,no STRING match,2495,2732,3,1
151,fig|6666666.1036479.peg.12,fig|6666666.1036479.peg.1116,0.9267481684684753,0.0003065815547542475,Very Low,Very Low,Very Low–Very Low,,,0,no STRING match,no STRING match,2495,2732,3,1
152,fig|6666666.1036479.peg.160,fig|6666666.1036479.peg.1116,0.9267481684684753,0.00030861189617646103,Very Low,Very Low,Very Low–Very Low,,,0,no STRING match,no STRING match,2495,2732,3,1
153,fig|6666666.1036479.peg.2948,fig|6666666.1036479.peg.1947,0.9267159104347229,0.0003106422375986746,High,Medium,Medium–High,,,0,no STRING match,no STRING match,2410,2930,1,1
154,fig|6666666.1036479.peg.2960,fig|6666666.1036479.peg.861,0.9266745209693908,0.00031267257902088815,Low,High,Low–High,,,0,no STRING match,no STRING match,2412,2665,1,1
155,fig|6666666.1036479.peg.2988,fig|6666666.1036479.peg.573,0.9264889359474182,0.0003147029204431017,Medium,Very Low,Very Low–Medium,Hypothetical protein.,Hypothetical protein.,0,secondary STRING hit (STRING protein assigned to a better match),secondary STRING hit (STRING protein assigned to a better match),2416,2601,1,1
156,fig|6666666.1036479.peg.3020,fig|6666666.1036479.peg.1947,0.9263632833957672,0.00031673326186531527,Low,Medium,Low–Medium,,,0,no STRING match,no STRING match,2433,2930,1,1
157,fig|6666666.1036479.peg.2672,fig|6666666.1036479.peg.2348,0.926185005903244,0.00031876360328752883,Medium,High,Medium–High,,,0,no STRING match,no STRING match,2341,3019,1,1
158,fig|6666666.1036479.peg.3020,fig|6666666.1036479.peg.866,0.9261072337627411,0.0003207939447097424,Low,High,Low–High,,,0,no STRING match,no STRING match,2433,2667,1,1
159,fig|6666666.1036479.peg.38,fig|6666666.1036479.peg.866,0.9259719312191009,0.00032282428613195595,Low,High,Low–High,,,0,no STRING match,no STRING match,2526,2667,2,1
160,fig|6666666.1036479.peg.186,fig|6666666.1036479.peg.866,0.9259719312191009,0.0003248546275541695,Low,High,Low–High,,,0,no STRING match,no STRING match,2526,2667,2,1
161,fig|6666666.1036479.peg.719,fig|6666666.1036479.peg.861,0.9259212434291839,0.00032688496897638307,Medium,High,Medium–High,,,0,no STRING match,no STRING match,2630,2665,1,1
162,fig|6666666.1036479.peg.861,fig|6666666.1036479.peg.1300,0.9258365035057068,0.00032891531039859663,High,Low,Low–High,,,0,no STRING match,no STRING match,2665,2763,1,1
163,fig|6666666.1036479.peg.861,fig|6666666.1036479.peg.2436,0.9257208287715912,0.0003309456518208102,High,Medium,Medium–High,,,0,no STRING match,no STRING match,2665,3033,1,1
164,fig|6666666.1036479.peg.2548,fig|6666666.1036479.peg.1308,0.9256057441234589,0.00033297599324302375,High,Medium,Medium–High,,,0,no STRING match,no STRING match,2298,2764,1,1
165,fig|6666666.1036479.peg.3020,fig|6666666.1036479.peg.2364,0.9255194783210754,0.0003350063346652373,Low,Medium,Low–Medium,,,0,no STRING match,no STRING match,2433,3022,1,1
166,fig|6666666.1036479.peg.2550,fig|6666666.1036479.peg.1128,0.9254279494285583,0.00033703667608745087,Very Low,Very Low,Very Low–Very Low,,,0,no STRING match,no STRING match,2300,2744,2,1
167,fig|6666666.1036479.peg.2558,fig|6666666.1036479.peg.1128,0.9254279494285583,0.0003390670175096644,Very Low,Very Low,Very Low–Very Low,,,0,no STRING match,no STRING match,2300,2744,2,1
168,fig|6666666.1036479.peg.573,fig|6666666.1036479.peg.1947,0.9252084255218506,0.000341097358931878,Very Low,Medium,Very Low–Medium,Hypothetical protein.,,0,secondary STRING hit (STRING protein assigned to a better match),no STRING match,2601,2930,1,1
169,fig|6666666.1036479.peg.370,fig|6666666.1036479.peg.1080,0.925192391872406,0.00034312770035409154,High,High,High–High,,,0,no STRING match,no STRING match,2579,2712,1,1
170,fig|6666666.1036479.peg.2548,fig|6666666.1036479.peg.2920,0.9251791179180145,0.0003451580417763051,High,Very Low,Very Low–High,,,0,no STRING match,no STRING match,2298,2397,1,1
171,fig|6666666.1036479.peg.2672,fig|6666666.1036479.peg.1657,0.9251701593399048,0.00034718838319851866,Medium,Medium,Medium–Medium,,,0,no STRING match,no STRING match,2341,2883,1,1
172,fig|6666666.1036479.peg.89,fig|6666666.1036479.peg.411,0.9251617550849914,0.0003492187246207322,Very Low,Low,Very Low–Low,,Hypothetical protein.,0,no STRING match,secondary STRING hit (STRING protein assigned to a better match),2542,2585,1,1
173,fig|6666666.1036479.peg.2948,fig|6666666.1036479.peg.1308,0.925059688091278,0.0003512490660429458,High,Medium,Medium–High,,,0,no STRING match,no STRING match,2410,2764,1,1
174,fig|6666666.1036479.peg.3231,fig|6666666.1036479.peg.861,0.9250381469726563,0.00035327940746515934,Very Low,High,Very Low–High,,,0,no STRING match,no STRING match,2482,2665,2,1
175,fig|6666666.1036479.peg.147,fig|6666666.1036479.peg.861,0.9250381469726563,0.0003553097488873729,Very Low,High,Very Low–High,,,0,no STRING match,no STRING match,2482,2665,2,1
176,fig|6666666.1036479.peg.3231,fig|6666666.1036479.peg.370,0.9248968124389648,0.00035734009030958646,Very Low,High,Very Low–High,,,0,no STRING match,no STRING match,2482,2579,2,1
177,fig|6666666.1036479.peg.147,fig|6666666.1036479.peg.370,0.9248968124389648,0.0003593704317318,Very Low,High,Very Low–High,,,0,no STRING match,no STRING match,2482,2579,2,1
178,fig|6666666.1036479.peg.2672,fig|6666666.1036479.peg.236,0.9245146751403809,0.0003614007731540136,Medium,Very Low,Very Low–Medium,,,0,no STRING match,no STRING match,2341,2552,1,1
179,fig|6666666.1036479.peg.2548,fig|6666666.1036479.peg.2679,0.924487692117691,0.00036343111457622714,High,Medium,Medium–High,,,0,no STRING match,no STRING match,2298,2342,1,1
180,fig|6666666.1036479.peg.2988,fig|6666666.1036479.peg.3020,0.9244095385074615,0.0003654614559984407,Medium,Low,Low–Medium,Hypothetical protein.,,0,secondary STRING hit (STRING protein assigned to a better match),no STRING match,2416,2433,1,1
181,fig|6666666.1036479.peg.3017,fig|6666666.1036479.peg.370,0.9244047164916992,0.00036749179742065426,Medium,High,Medium–High,,,0,no STRING match,no STRING match,2430,2579,1,1
182,fig|6666666.1036479.peg.728,fig|6666666.1036479.peg.861,0.9241547107696533,0.0003695221388428678,Medium,High,Medium–High,,,0,no STRING match,no STRING match,2639,2665,1,1
183,fig|6666666.1036479.peg.2672,fig|6666666.1036479.peg.2092,0.9240168929100037,0.0003715524802650814,Medium,Medium,Medium–Medium,,,0,no STRING match,no STRING match,2341,2954,1,1
184,fig|6666666.1036479.peg.1308,fig|6666666.1036479.peg.2364,0.9237841784954071,0.00037358282168729494,Medium,Medium,Medium–Medium,,,0,no STRING match,no STRING match,2764,3022,1,1
185,fig|6666666.1036479.peg.2672,fig|6666666.1036479.peg.38,0.9236577689647675,0.0003756131631095085,Medium,Low,Low–Medium,,,0,no STRING match,no STRING match,2341,2526,1,2
186,fig|6666666.1036479.peg.2672,fig|6666666.1036479.peg.186,0.9236577689647675,0.00037764350453172205,Medium,Low,Low–Medium,,,0,no STRING match,no STRING match,2341,2526,1,2
187,fig|6666666.1036479.peg.2948,fig|6666666.1036479.peg.370,0.9236064970493316,0.0003796738459539356,High,High,High–High,,,0,no STRING match,no STRING match,2410,2579,1,1
188,fig|6666666.1036479.peg.2548,fig|6666666.1036479.peg.2918,0.9236036479473114,0.0003817041873761492,High,Very Low,Very Low–High,,,0,no STRING match,no STRING match,2298,2396,1,1
189,fig|6666666.1036479.peg.1966,fig|6666666.1036479.peg.2484,0.9234208106994629,0.00038373452879836273,Very Low,Very Low,Very Low–Very Low,,,0,no STRING match,no STRING match,2946,3046,1,1
190,fig|6666666.1036479.peg.2948,fig|6666666.1036479.peg.411,0.9234171569347381,0.0003857648702205763,High,Low,Low–High,,Hypothetical protein.,0,no STRING match,secondary STRING hit (STRING protein assigned to a better match),2410,2585,1,1
191,fig|6666666.1036479.peg.725,fig|6666666.1036479.peg.861,0.9232801795005798,0.00038779521164278985,Very Low,High,Very Low–High,,,0,no STRING match,no STRING match,2636,2665,1,1
192,fig|6666666.1036479.peg.2548,fig|6666666.1036479.peg.1416,0.9232504665851593,0.0003898255530650034,High,Medium,Medium–High,,,0,no STRING match,no STRING match,2298,2817,1,1
193,fig|6666666.1036479.peg.2548,fig|6666666.1036479.peg.2988,0.9232388854026794,0.00039185589448721697,High,Medium,Medium–High,,Hypothetical protein.,0,no STRING match,secondary STRING hit (STRING protein assigned to a better match),2298,2416,1,1
194,fig|6666666.1036479.peg.881,fig|6666666.1036479.peg.1080,0.9230619192123413,0.00039388623590943053,High,High,High–High,,,0,no STRING match,no STRING match,2674,2712,1,1
195,fig|6666666.1036479.peg.861,fig|6666666.1036479.peg.2114,0.9230610370635987,0.0003959165773316441,High,Very Low,Very Low–High,,"COG1629 Outer membrane receptor proteins, mostly Fe transport.",0,no STRING match,secondary STRING hit (STRING protein assigned to a better match),2665,2964,1,1
196,fig|6666666.1036479.peg.38,fig|6666666.1036479.peg.370,0.9230570435523987,0.00039794691875385765,Low,High,Low–High,,,0,no STRING match,no STRING match,2526,2579,2,1
197,fig|6666666.1036479.peg.186,fig|6666666.1036479.peg.370,0.9230570435523987,0.0003999772601760712,Low,High,Low–High,,,0,no STRING match,no STRING match,2526,2579,2,1
198,fig|6666666.1036479.peg.411,fig|6666666.1036479.peg.2347,0.9230444550514221,0.00040200760159828477,Low,Low,Low–Low,Hypothetical protein.,,0,secondary STRING hit (STRING protein assigned to a better match),no STRING match,2585,3018,1,1
199,fig|6666666.1036479.peg.573,fig|6666666.1036479.peg.1308,0.9230084002017975,0.0004040379430204983,Very Low,Medium,Very Low–Medium,Hypothetical protein.,,0,secondary STRING hit (STRING protein assigned to a better match),no STRING match,2601,2764,1,1
200,fig|6666666.1036479.peg.2672,fig|6666666.1036479.peg.3222,0.9229735553264617,0.0004060682844427119,Medium,Medium,Medium–Medium,,,0,no STRING match,no STRING match,2341,2473,1,2
201,fig|6666666.1036479.peg.2672,fig|6666666.1036479.peg.138,0.9229735553264617,0.00040809862586492545,Medium,Medium,Medium–Medium,,,0,no STRING match,no STRING match,2341,2473,1,2
202,fig|6666666.1036479.peg.370,fig|6666666.1036479.peg.1566,0.9227692246437073,0.000410128967287139,High,High,High–High,,,0,no STRING match,no STRING match,2579,2838,1,1
203,fig|6666666.1036479.peg.861,fig|6666666.1036479.peg.2092,0.9227553069591522,0.00041215930870935256,High,Medium,Medium–High,,,0,no STRING match,no STRING match,2665,2954,1,1
204,fig|6666666.1036479.peg.3231,fig|6666666.1036479.peg.866,0.9227532863616943,0.0004141896501315661,Very Low,High,Very Low–High,,,0,no STRING match,no STRING match,2482,2667,2,1
205,fig|6666666.1036479.peg.147,fig|6666666.1036479.peg.866,0.9227532863616943,0.0004162199915537797,Very Low,High,Very Low–High,,,0,no STRING match,no STRING match,2482,2667,2,1
206,fig|6666666.1036479.peg.2672,fig|6666666.1036479.peg.2929,0.9225632846355438,0.00041825033297599324,Medium,Very Low,Very Low–Medium,,Hypothetical protein.,0,no STRING match,secondary STRING hit (STRING protein assigned to a better match),2341,2404,1,1
207,fig|6666666.1036479.peg.370,fig|6666666.1036479.peg.1289,0.9225584387779235,0.0004202806743982068,High,Very Low,Very Low–High,,,0,no STRING match,no STRING match,2579,2762,1,1
208,fig|6666666.1036479.peg.3017,fig|6666666.1036479.peg.881,0.9225529074668884,0.00042231101582042036,Medium,High,Medium–High,,,0,no STRING match,no STRING match,2430,2674,1,1
209,fig|6666666.1036479.peg.2918,fig|6666666.1036479.peg.411,0.9225379526615143,0.0004243413572426339,Very Low,Low,Very Low–Low,,Hypothetical protein.,0,no STRING match,secondary STRING hit (STRING protein assigned to a better match),2396,2585,1,1
210,fig|6666666.1036479.peg.2672,fig|6666666.1036479.peg.881,0.9224260866641998,0.0004263716986648475,Medium,High,Medium–High,,,0,no STRING match,no STRING match,2341,2674,1,1
211,fig|6666666.1036479.peg.370,fig|6666666.1036479.peg.1947,0.9222115993499755,0.00042840204008706104,High,Medium,Medium–High,,,0,no STRING match,no STRING match,2579,2930,1,1
212,fig|6666666.1036479.peg.2843,fig|6666666.1036479.peg.2364,0.9217404782772064,0.0004304323815092746,Very Low,Medium,Very Low–Medium,,,0,no STRING match,no STRING match,2370,3022,1,1
213,fig|6666666.1036479.peg.2920,fig|6666666.1036479.peg.2948,0.9217113137245179,0.00043246272293148816,Very Low,High,Very Low–High,,,0,no STRING match,no STRING match,2397,2410,1,1
214,fig|6666666.1036479.peg.370,fig|6666666.1036479.peg.2348,0.9216544151306152,0.0004344930643537017,High,High,High–High,,,0,no STRING match,no STRING match,2579,3019,1,1
215,fig|6666666.1036479.peg.866,fig|6666666.1036479.peg.2348,0.9216217875480652,0.0004365234057759153,High,High,High–High,,,0,no STRING match,no STRING match,2667,3019,1,1
216,fig|6666666.1036479.peg.2548,fig|6666666.1036479.peg.3223,0.9215770304203034,0.00043855374719812884,High,High,High–High,,,0,no STRING match,no STRING match,2298,2474,1,2
217,fig|6666666.1036479.peg.2548,fig|6666666.1036479.peg.139,0.9215770304203034,0.0004405840886203424,High,High,High–High,,,0,no STRING match,no STRING match,2298,2474,1,2
218,fig|6666666.1036479.peg.3222,fig|6666666.1036479.peg.861,0.9212099313735962,0.00044261443004255596,Medium,High,Medium–High,,,0,no STRING match,no STRING match,2473,2665,2,1
219,fig|6666666.1036479.peg.138,fig|6666666.1036479.peg.861,0.9212099313735962,0.0004446447714647695,Medium,High,Medium–High,,,0,no STRING match,no STRING match,2473,2665,2,1
220,fig|6666666.1036479.peg.3207,fig|6666666.1036479.peg.866,0.9211297512054444,0.0004466751128869831,Medium,High,Medium–High,,,0,no STRING match,no STRING match,2468,2667,1,1
221,fig|6666666.1036479.peg.1289,fig|6666666.1036479.peg.1947,0.9211226165294647,0.00044870545430919663,Very Low,Medium,Very Low–Medium,,,0,no STRING match,no STRING match,2762,2930,1,1
222,fig|6666666.1036479.peg.881,fig|6666666.1036479.peg.1566,0.9211199641227722,0.0004507357957314102,High,High,High–High,,,0,no STRING match,no STRING match,2674,2838,1,1
223,fig|6666666.1036479.peg.89,fig|6666666.1036479.peg.370,0.9209517896175384,0.00045276613715362375,Very Low,High,Very Low–High,,,0,no STRING match,no STRING match,2542,2579,1,1
224,fig|6666666.1036479.peg.3244,fig|6666666.1036479.peg.1602,0.9208327412605286,0.0004547964785758373,Very Low,Very Low,Very Low–Very Low,,,0,no STRING match,no STRING match,2495,2860,3,2
225,fig|6666666.1036479.peg.3244,fig|6666666.1036479.peg.1609,0.9208327412605286,0.00045682681999805087,Very Low,Very Low,Very Low–Very Low,,,0,no STRING match,no STRING match,2495,2860,3,2
226,fig|6666666.1036479.peg.12,fig|6666666.1036479.peg.1602,0.9208327412605286,0.00045885716142026443,Very Low,Very Low,Very Low–Very Low,,,0,no STRING match,no STRING match,2495,2860,3,2
227,fig|6666666.1036479.peg.12,fig|6666666.1036479.peg.1609,0.9208327412605286,0.000460887502842478,Very Low,Very Low,Very Low–Very Low,,,0,no STRING match,no STRING match,2495,2860,3,2
228,fig|6666666.1036479.peg.160,fig|6666666.1036479.peg.1602,0.9208327412605286,0.00046291784426469155,Very Low,Very Low,Very Low–Very Low,,,0,no STRING match,no STRING match,2495,2860,3,2
229,fig|6666666.1036479.peg.160,fig|6666666.1036479.peg.1609,0.9208327412605286,0.0004649481856869051,Very Low,Very Low,Very Low–Very Low,,,0,no STRING match,no STRING match,2495,2860,3,2
230,fig|6666666.1036479.peg.2672,fig|6666666.1036479.peg.3231,0.9207771718502045,0.00046697852710911867,Medium,Very Low,Very Low–Medium,,,0,no STRING match,no STRING match,2341,2482,1,2
231,fig|6666666.1036479.peg.2672,fig|6666666.1036479.peg.147,0.9207771718502045,0.00046900886853133223,Medium,Very Low,Very Low–Medium,,,0,no STRING match,no STRING match,2341,2482,1,2
232,fig|6666666.1036479.peg.2679,fig|6666666.1036479.peg.411,0.9205330550670624,0.0004710392099535458,Medium,Low,Low–Medium,,Hypothetical protein.,0,no STRING match,secondary STRING hit (STRING protein assigned to a better match),2342,2585,1,1
233,fig|6666666.1036479.peg.2948,fig|6666666.1036479.peg.3207,0.9204625368118287,0.00047306955137575935,High,Medium,Medium–High,,,0,no STRING match,no STRING match,2410,2468,1,1
234,fig|6666666.1036479.peg.2504,fig|6666666.1036479.peg.411,0.9204293668270112,0.0004750998927979729,Very Low,Low,Very Low–Low,,Hypothetical protein.,0,no STRING match,secondary STRING hit (STRING protein assigned to a better match),2268,2585,1,1
235,fig|6666666.1036479.peg.2506,fig|6666666.1036479.peg.411,0.920428991317749,0.00047713023422018647,Very Low,Low,Very Low–Low,,Hypothetical protein.,0,no STRING match,secondary STRING hit (STRING protein assigned to a better match),2270,2585,6,1
236,fig|6666666.1036479.peg.2516,fig|6666666.1036479.peg.411,0.920428991317749,0.0004791605756424,Very Low,Low,Very Low–Low,,Hypothetical protein.,0,no STRING match,secondary STRING hit (STRING protein assigned to a better match),2270,2585,6,1
237,fig|6666666.1036479.peg.2522,fig|6666666.1036479.peg.411,0.920428991317749,0.0004811909170646136,Very Low,Low,Very Low–Low,,Hypothetical protein.,0,no STRING match,secondary STRING hit (STRING protein assigned to a better match),2270,2585,6,1
238,fig|6666666.1036479.peg.411,fig|6666666.1036479.peg.974,0.920428991317749,0.00048322125848682714,Low,Very Low,Very Low–Low,Hypothetical protein.,,0,secondary STRING hit (STRING protein assigned to a better match),no STRING match,2585,2270,1,6
239,fig|6666666.1036479.peg.411,fig|6666666.1036479.peg.979,0.920428991317749,0.0004852515999090407,Low,Very Low,Very Low–Low,Hypothetical protein.,,0,secondary STRING hit (STRING protein assigned to a better match),no STRING match,2585,2270,1,6
240,fig|6666666.1036479.peg.411,fig|6666666.1036479.peg.2491,0.920428991317749,0.00048728194133125426,Low,Very Low,Very Low–Low,Hypothetical protein.,,0,secondary STRING hit (STRING protein assigned to a better match),no STRING match,2585,2270,1,6
241,fig|6666666.1036479.peg.2672,fig|6666666.1036479.peg.2960,0.9204075276851654,0.0004893122827534679,Medium,Low,Low–Medium,,,0,no STRING match,no STRING match,2341,2412,1,1
242,fig|6666666.1036479.peg.3020,fig|6666666.1036479.peg.1308,0.9202901542186737,0.0004913426241756814,Low,Medium,Low–Medium,,,0,no STRING match,no STRING match,2433,2764,1,1
243,fig|6666666.1036479.peg.2920,fig|6666666.1036479.peg.866,0.920153146982193,0.000493372965597895,Very Low,High,Very Low–High,,,0,no STRING match,no STRING match,2397,2667,1,1
244,fig|6666666.1036479.peg.2988,fig|6666666.1036479.peg.1947,0.9199310004711151,0.0004954033070201085,Medium,Medium,Medium–Medium,Hypothetical protein.,,0,secondary STRING hit (STRING protein assigned to a better match),no STRING match,2416,2930,1,1
245,fig|6666666.1036479.peg.2988,fig|6666666.1036479.peg.1308,0.919749504327774,0.0004974336484423221,Medium,Medium,Medium–Medium,Hypothetical protein.,,0,secondary STRING hit (STRING protein assigned to a better match),no STRING match,2416,2764,1,1
246,fig|6666666.1036479.peg.3020,fig|6666666.1036479.peg.370,0.9196873784065247,0.0004994639898645356,Low,High,Low–High,,,0,no STRING match,no STRING match,2433,2579,1,1
247,fig|6666666.1036479.peg.411,fig|6666666.1036479.peg.1289,0.9196821630001069,0.0005014943312867492,Low,Very Low,Very Low–Low,Hypothetical protein.,,0,secondary STRING hit (STRING protein assigned to a better match),no STRING match,2585,2762,1,1
248,fig|6666666.1036479.peg.3018,fig|6666666.1036479.peg.410,0.9195451736450195,0.0005035246727089627,Very Low,Very Low,Very Low–Very Low,,,0,no STRING match,no STRING match,2431,2584,1,1
249,fig|6666666.1036479.peg.2920,fig|6666666.1036479.peg.3020,0.9195165634155273,0.0005055550141311764,Very Low,Low,Very Low–Low,,,0,no STRING match,no STRING match,2397,2433,1,1
250,fig|6666666.1036479.peg.2920,fig|6666666.1036479.peg.573,0.9194289743900299,0.0005075853555533899,Very Low,Very Low,Very Low–Very Low,,Hypothetical protein.,0,no STRING match,secondary STRING hit (STRING protein assigned to a better match),2397,2601,1,1
251,fig|6666666.1036479.peg.573,fig|6666666.1036479.peg.866,0.9193992018699646,0.0005096156969756035,Very Low,High,Very Low–High,Hypothetical protein.,,0,secondary STRING hit (STRING protein assigned to a better match),no STRING match,2601,2667,1,1
252,fig|6666666.1036479.peg.2948,fig|6666666.1036479.peg.1289,0.9192995369434357,0.000511646038397817,High,Very Low,Very Low–High,,,0,no STRING match,no STRING match,2410,2762,1,1
253,fig|6666666.1036479.peg.411,fig|6666666.1036479.peg.1074,0.9192172765731812,0.0005136763798200306,Low,High,Low–High,Hypothetical protein.,,0,secondary STRING hit (STRING protein assigned to a better match),no STRING match,2585,2706,1,1
254,fig|6666666.1036479.peg.1947,fig|6666666.1036479.peg.2364,0.9191399872303009,0.0005157067212422441,Medium,Medium,Medium–Medium,,,0,no STRING match,no STRING match,2930,3022,1,1
255,fig|6666666.1036479.peg.3231,fig|6666666.1036479.peg.881,0.9190295994281769,0.0005177370626644577,Very Low,High,Very Low–High,,,0,no STRING match,no STRING match,2482,2674,2,1
256,fig|6666666.1036479.peg.147,fig|6666666.1036479.peg.881,0.9190295994281769,0.0005197674040866712,Very Low,High,Very Low–High,,,0,no STRING match,no STRING match,2482,2674,2,1
257,fig|6666666.1036479.peg.38,fig|6666666.1036479.peg.411,0.9189107716083527,0.0005217977455088848,Low,Low,Low–Low,,Hypothetical protein.,0,no STRING match,secondary STRING hit (STRING protein assigned to a better match),2526,2585,2,1
258,fig|6666666.1036479.peg.186,fig|6666666.1036479.peg.411,0.9189107716083527,0.0005238280869310983,Low,Low,Low–Low,,Hypothetical protein.,0,no STRING match,secondary STRING hit (STRING protein assigned to a better match),2526,2585,2,1
259,fig|6666666.1036479.peg.866,fig|6666666.1036479.peg.1308,0.9188785791397095,0.000525858428353312,High,Medium,Medium–High,,,0,no STRING match,no STRING match,2667,2764,1,1
260,fig|6666666.1036479.peg.2960,fig|6666666.1036479.peg.1300,0.9188746869564056,0.0005278887697755255,Low,Low,Low–Low,,,0,no STRING match,no STRING match,2412,2763,1,1
261,fig|6666666.1036479.peg.2920,fig|6666666.1036479.peg.1947,0.918869036436081,0.0005299191111977391,Very Low,Medium,Very Low–Medium,,,0,no STRING match,no STRING match,2397,2930,1,1
262,fig|6666666.1036479.peg.861,fig|6666666.1036479.peg.1657,0.9187536776065827,0.0005319494526199526,High,Medium,Medium–High,,,0,no STRING match,no STRING match,2665,2883,1,1
263,fig|6666666.1036479.peg.2548,fig|6666666.1036479.peg.573,0.9183000683784485,0.0005339797940421662,High,Very Low,Very Low–High,,Hypothetical protein.,0,no STRING match,secondary STRING hit (STRING protein assigned to a better match),2298,2601,1,1
264,fig|6666666.1036479.peg.2672,fig|6666666.1036479.peg.3184,0.918260145187378,0.0005360101354643797,Medium,Very Low,Very Low–Medium,,,0,no STRING match,no STRING match,2341,2457,1,1
265,fig|6666666.1036479.peg.2929,fig|6666666.1036479.peg.861,0.9182205319404602,0.0005380404768865933,Very Low,High,Very Low–High,Hypothetical protein.,,0,secondary STRING hit (STRING protein assigned to a better match),no STRING match,2404,2665,1,1
266,fig|6666666.1036479.peg.3207,fig|6666666.1036479.peg.370,0.9180371999740601,0.0005400708183088068,Medium,High,Medium–High,,,0,no STRING match,no STRING match,2468,2579,1,1
267,fig|6666666.1036479.peg.89,fig|6666666.1036479.peg.866,0.9180308401584625,0.0005421011597310204,Very Low,High,Very Low–High,,,0,no STRING match,no STRING match,2542,2667,1,1
268,fig|6666666.1036479.peg.2548,fig|6666666.1036479.peg.391,0.917977923154831,0.0005441315011532339,High,Medium,Medium–High,,,0,no STRING match,no STRING match,2298,2580,1,1
269,fig|6666666.1036479.peg.2548,fig|6666666.1036479.peg.728,0.9178815424442291,0.0005461618425754475,High,Medium,Medium–High,,,0,no STRING match,no STRING match,2298,2639,1,1
270,fig|6666666.1036479.peg.3017,fig|6666666.1036479.peg.866,0.9178404629230499,0.000548192183997661,Medium,High,Medium–High,,,0,no STRING match,no STRING match,2430,2667,1,1
271,fig|6666666.1036479.peg.2548,fig|6666666.1036479.peg.2364,0.9178094923496246,0.0005502225254198747,High,Medium,Medium–High,,,0,no STRING match,no STRING match,2298,3022,1,1
272,fig|6666666.1036479.peg.2548,fig|6666666.1036479.peg.2025,0.9177795588970185,0.0005522528668420882,High,Very Low,Very Low–High,,,0,no STRING match,no STRING match,2298,2950,1,1
273,fig|6666666.1036479.peg.3244,fig|6666666.1036479.peg.1113,0.917699521780014,0.0005542832082643018,Very Low,Very Low,Very Low–Very Low,,,0,no STRING match,no STRING match,2495,2729,3,1
274,fig|6666666.1036479.peg.12,fig|6666666.1036479.peg.1113,0.917699521780014,0.0005563135496865153,Very Low,Very Low,Very Low–Very Low,,,0,no STRING match,no STRING match,2495,2729,3,1
275,fig|6666666.1036479.peg.160,fig|6666666.1036479.peg.1113,0.917699521780014,0.0005583438911087289,Very Low,Very Low,Very Low–Very Low,,,0,no STRING match,no STRING match,2495,2729,3,1
276,fig|6666666.1036479.peg.1119,fig|6666666.1036479.peg.1966,0.9176612019538879,0.0005603742325309424,Very Low,Very Low,Very Low–Very Low,,,0,no STRING match,no STRING match,2735,2946,1,1
277,fig|6666666.1036479.peg.866,fig|6666666.1036479.peg.1080,0.9176547646522522,0.000562404573953156,High,High,High–High,,,0,no STRING match,no STRING match,2667,2712,1,1
278,fig|6666666.1036479.peg.2672,fig|6666666.1036479.peg.3010,0.9175932228565216,0.0005644349153753695,Medium,Low,Low–Medium,,,0,no STRING match,no STRING match,2341,2425,1,1
279,fig|6666666.1036479.peg.3207,fig|6666666.1036479.peg.411,0.9174676537513733,0.0005664652567975831,Medium,Low,Low–Medium,,Hypothetical protein.,0,no STRING match,secondary STRING hit (STRING protein assigned to a better match),2468,2585,1,1
280,fig|6666666.1036479.peg.2548,fig|6666666.1036479.peg.3077,0.9174107313156128,0.0005684955982197966,High,Medium,Medium–High,,,0,no STRING match,no STRING match,2298,2440,1,1
281,fig|6666666.1036479.peg.2672,fig|6666666.1036479.peg.1300,0.9173310935497284,0.0005705259396420103,Medium,Low,Low–Medium,,,0,no STRING match,no STRING match,2341,2763,1,1
282,fig|6666666.1036479.peg.236,fig|6666666.1036479.peg.861,0.9173263251781464,0.0005725562810642238,Very Low,High,Very Low–High,,,0,no STRING match,no STRING match,2552,2665,1,1
283,fig|6666666.1036479.peg.370,fig|6666666.1036479.peg.1416,0.9171204388141632,0.0005745866224864374,High,Medium,Medium–High,,,0,no STRING match,no STRING match,2579,2817,1,1
284,fig|6666666.1036479.peg.3231,fig|6666666.1036479.peg.1300,0.9170958876609803,0.0005766169639086509,Very Low,Low,Very Low–Low,,,0,no STRING match,no STRING match,2482,2763,2,1
285,fig|6666666.1036479.peg.147,fig|6666666.1036479.peg.1300,0.9170958876609803,0.0005786473053308645,Very Low,Low,Very Low–Low,,,0,no STRING match,no STRING match,2482,2763,2,1
286,fig|6666666.1036479.peg.3184,fig|6666666.1036479.peg.861,0.9170589864253997,0.000580677646753078,Very Low,High,Very Low–High,,,0,no STRING match,no STRING match,2457,2665,1,1
287,fig|6666666.1036479.peg.719,fig|6666666.1036479.peg.2364,0.9170387804508209,0.0005827079881752916,Medium,Medium,Medium–Medium,,,0,no STRING match,no STRING match,2630,3022,1,1
288,fig|6666666.1036479.peg.2523,fig|6666666.1036479.peg.411,0.9170281529426575,0.0005847383295975051,Low,Low,Low–Low,,Hypothetical protein.,0,no STRING match,secondary STRING hit (STRING protein assigned to a better match),2282,2585,1,1
289,fig|6666666.1036479.peg.411,fig|6666666.1036479.peg.1416,0.9167843341827393,0.0005867686710197187,Low,Medium,Low–Medium,Hypothetical protein.,,0,secondary STRING hit (STRING protein assigned to a better match),no STRING match,2585,2817,1,1
290,fig|6666666.1036479.peg.3020,fig|6666666.1036479.peg.1289,0.91672003865242,0.0005887990124419322,Low,Very Low,Very Low–Low,,,0,no STRING match,no STRING match,2433,2762,1,1
291,fig|6666666.1036479.peg.3020,fig|6666666.1036479.peg.411,0.9165942192077636,0.0005908293538641458,Low,Low,Low–Low,,Hypothetical protein.,0,no STRING match,secondary STRING hit (STRING protein assigned to a better match),2433,2585,1,1
292,fig|6666666.1036479.peg.2679,fig|6666666.1036479.peg.370,0.9165098965167999,0.0005928596952863594,Medium,High,Medium–High,,,0,no STRING match,no STRING match,2342,2579,1,1
293,fig|6666666.1036479.peg.3244,fig|6666666.1036479.peg.2484,0.9164066672325134,0.000594890036708573,Very Low,Very Low,Very Low–Very Low,,,0,no STRING match,no STRING match,2495,3046,3,1
294,fig|6666666.1036479.peg.12,fig|6666666.1036479.peg.2484,0.9164066672325134,0.0005969203781307865,Very Low,Very Low,Very Low–Very Low,,,0,no STRING match,no STRING match,2495,3046,3,1
295,fig|6666666.1036479.peg.160,fig|6666666.1036479.peg.2484,0.9164066672325134,0.0005989507195530001,Very Low,Very Low,Very Low–Very Low,,,0,no STRING match,no STRING match,2495,3046,3,1
296,fig|6666666.1036479.peg.2843,fig|6666666.1036479.peg.3020,0.916387140750885,0.0006009810609752136,Very Low,Low,Very Low–Low,,,0,no STRING match,no STRING match,2370,2433,1,1
297,fig|6666666.1036479.peg.1308,fig|6666666.1036479.peg.1947,0.9162358582019806,0.0006030114023974272,Medium,Medium,Medium–Medium,,,0,no STRING match,no STRING match,2764,2930,1,1
298,fig|6666666.1036479.peg.2843,fig|6666666.1036479.peg.2948,0.9161145865917206,0.0006050417438196407,Very Low,High,Very Low–High,,,0,no STRING match,no STRING match,2370,2410,1,1
299,fig|6666666.1036479.peg.2548,fig|6666666.1036479.peg.1074,0.9161023914813995,0.0006070720852418543,High,High,High–High,,,0,no STRING match,no STRING match,2298,2706,1,1
300,fig|6666666.1036479.peg.3010,fig|6666666.1036479.peg.861,0.9159981667995453,0.0006091024266640678,Low,High,Low–High,,,0,no STRING match,no STRING match,2425,2665,1,1
301,fig|6666666.1036479.peg.2672,fig|6666666.1036479.peg.2455,0.9157898962497711,0.0006111327680862814,Medium,Medium,Medium–Medium,,,0,no STRING match,no STRING match,2341,3038,1,1
302,fig|6666666.1036479.peg.2504,fig|6666666.1036479.peg.2548,0.9156444251537323,0.000613163109508495,Very Low,High,Very Low–High,,,0,no STRING match,no STRING match,2268,2298,1,1
303,fig|6666666.1036479.peg.866,fig|6666666.1036479.peg.1566,0.9156392097473145,0.0006151934509307086,High,High,High–High,,,0,no STRING match,no STRING match,2667,2838,1,1
304,fig|6666666.1036479.peg.2843,fig|6666666.1036479.peg.1947,0.9155630171298981,0.0006172237923529221,Very Low,Medium,Very Low–Medium,,,0,no STRING match,no STRING match,2370,2930,1,1
305,fig|6666666.1036479.peg.1353,fig|6666666.1036479.peg.1966,0.9154737532138825,0.0006192541337751357,Very Low,Very Low,Very Low–Very Low,,,0,no STRING match,no STRING match,2790,2946,1,1
306,fig|6666666.1036479.peg.3020,fig|6666666.1036479.peg.3207,0.9154205203056336,0.0006212844751973492,Low,Medium,Low–Medium,,,0,no STRING match,no STRING match,2433,2468,1,1
307,fig|6666666.1036479.peg.2988,fig|6666666.1036479.peg.866,0.9151915550231934,0.0006233148166195628,Medium,High,Medium–High,Hypothetical protein.,,0,secondary STRING hit (STRING protein assigned to a better match),no STRING match,2416,2667,1,1
308,fig|6666666.1036479.peg.2920,fig|6666666.1036479.peg.370,0.9150658249855042,0.0006253451580417763,Very Low,High,Very Low–High,,,0,no STRING match,no STRING match,2397,2579,1,1
309,fig|6666666.1036479.peg.3207,fig|6666666.1036479.peg.1947,0.9150504648685456,0.0006273754994639899,Medium,Medium,Medium–Medium,,,0,no STRING match,no STRING match,2468,2930,1,1
310,fig|6666666.1036479.peg.410,fig|6666666.1036479.peg.1954,0.9150357007980346,0.0006294058408862034,Very Low,Low,Very Low–Low,,,0,no STRING match,no STRING match,2584,2936,1,1
311,fig|6666666.1036479.peg.2920,fig|6666666.1036479.peg.2364,0.9150166273117065,0.000631436182308417,Very Low,Medium,Very Low–Medium,,,0,no STRING match,no STRING match,2397,3022,1,1
312,fig|6666666.1036479.peg.2920,fig|6666666.1036479.peg.2988,0.914962899684906,0.0006334665237306305,Very Low,Medium,Very Low–Medium,,Hypothetical protein.,0,no STRING match,secondary STRING hit (STRING protein assigned to a better match),2397,2416,1,1
313,fig|6666666.1036479.peg.89,fig|6666666.1036479.peg.881,0.9149416744709015,0.0006354968651528442,Very Low,High,Very Low–High,,,0,no STRING match,no STRING match,2542,2674,1,1
314,fig|6666666.1036479.peg.2918,fig|6666666.1036479.peg.370,0.9149040639400482,0.0006375272065750577,Very Low,High,Very Low–High,,,0,no STRING match,no STRING match,2396,2579,1,1
315,fig|6666666.1036479.peg.2506,fig|6666666.1036479.peg.2548,0.9147498607635498,0.0006395575479972713,Very Low,High,Very Low–High,,,0,no STRING match,no STRING match,2270,2298,6,1
316,fig|6666666.1036479.peg.2516,fig|6666666.1036479.peg.2548,0.9147498607635498,0.0006415878894194848,Very Low,High,Very Low–High,,,0,no STRING match,no STRING match,2270,2298,6,1
317,fig|6666666.1036479.peg.2522,fig|6666666.1036479.peg.2548,0.9147498607635498,0.0006436182308416984,Very Low,High,Very Low–High,,,0,no STRING match,no STRING match,2270,2298,6,1
318,fig|6666666.1036479.peg.2548,fig|6666666.1036479.peg.974,0.9147498607635498,0.0006456485722639119,High,Very Low,Very Low–High,,,0,no STRING match,no STRING match,2298,2270,1,6
319,fig|6666666.1036479.peg.2548,fig|6666666.1036479.peg.979,0.9147498607635498,0.0006476789136861255,High,Very Low,Very Low–High,,,0,no STRING match,no STRING match,2298,2270,1,6
320,fig|6666666.1036479.peg.2548,fig|6666666.1036479.peg.2491,0.9147498607635498,0.000649709255108339,High,Very Low,Very Low–High,,,0,no STRING match,no STRING match,2298,2270,1,6
321,fig|6666666.1036479.peg.866,fig|6666666.1036479.peg.1416,0.9144716322422027,0.0006517395965305526,High,Medium,Medium–High,,,0,no STRING match,no STRING match,2667,2817,1,1
322,fig|6666666.1036479.peg.3223,fig|6666666.1036479.peg.370,0.9143475472927094,0.0006537699379527661,High,High,High–High,,,0,no STRING match,no STRING match,2474,2579,2,1
323,fig|6666666.1036479.peg.139,fig|6666666.1036479.peg.370,0.9143475472927094,0.0006558002793749798,High,High,High–High,,,0,no STRING match,no STRING match,2474,2579,2,1
324,fig|6666666.1036479.peg.3077,fig|6666666.1036479.peg.411,0.9141703486442566,0.0006578306207971933,Medium,Low,Low–Medium,,Hypothetical protein.,0,no STRING match,secondary STRING hit (STRING protein assigned to a better match),2440,2585,1,1
325,fig|6666666.1036479.peg.2948,fig|6666666.1036479.peg.719,0.9141476333141327,0.0006598609622194069,High,Medium,Medium–High,,,0,no STRING match,no STRING match,2410,2630,1,1
326,fig|6666666.1036479.peg.3017,fig|6666666.1036479.peg.1300,0.9141419231891632,0.0006618913036416204,Medium,Low,Low–Medium,,,0,no STRING match,no STRING match,2430,2763,1,1
327,fig|6666666.1036479.peg.2114,fig|6666666.1036479.peg.2364,0.914060378074646,0.000663921645063834,Very Low,Medium,Very Low–Medium,"COG1629 Outer membrane receptor proteins, mostly Fe transport.",,0,secondary STRING hit (STRING protein assigned to a better match),no STRING match,2964,3022,1,1
328,fig|6666666.1036479.peg.3223,fig|6666666.1036479.peg.411,0.9140073359012604,0.0006659519864860475,High,Low,Low–High,,Hypothetical protein.,0,no STRING match,secondary STRING hit (STRING protein assigned to a better match),2474,2585,2,1
329,fig|6666666.1036479.peg.139,fig|6666666.1036479.peg.411,0.9140073359012604,0.0006679823279082611,High,Low,Low–High,,Hypothetical protein.,0,no STRING match,secondary STRING hit (STRING protein assigned to a better match),2474,2585,2,1
330,fig|6666666.1036479.peg.2920,fig|6666666.1036479.peg.1289,0.9139926731586456,0.0006700126693304746,Very Low,Very Low,Very Low–Very Low,,,0,no STRING match,no STRING match,2397,2762,1,1
331,fig|6666666.1036479.peg.2548,fig|6666666.1036479.peg.3010,0.9139488339424133,0.0006720430107526882,High,Low,Low–High,,,0,no STRING match,no STRING match,2298,2425,1,1
332,fig|6666666.1036479.peg.3231,fig|6666666.1036479.peg.147,0.9138903558254242,0.0006740733521749017,Very Low,Very Low,Very Low–Very Low,,,0,no STRING match,no STRING match,2482,2482,2,2
333,fig|6666666.1036479.peg.3033,fig|6666666.1036479.peg.411,0.9138812780380249,0.0006761036935971153,Low,Low,Low–Low,,Hypothetical protein.,0,no STRING match,secondary STRING hit (STRING protein assigned to a better match),2437,2585,1,1
334,fig|6666666.1036479.peg.370,fig|6666666.1036479.peg.1308,0.9137064576148987,0.0006781340350193288,High,Medium,Medium–High,,,0,no STRING match,no STRING match,2579,2764,1,1
335,fig|6666666.1036479.peg.3019,fig|6666666.1036479.peg.1128,0.9136092960834503,0.0006801643764415425,Very Low,Very Low,Very Low–Very Low,,,0,no STRING match,no STRING match,2432,2744,1,1
336,fig|6666666.1036479.peg.2364,fig|6666666.1036479.peg.2436,0.9135516822338104,0.000682194717863756,Medium,Medium,Medium–Medium,,,0,no STRING match,no STRING match,3022,3033,1,1
337,fig|6666666.1036479.peg.573,fig|6666666.1036479.peg.1289,0.9135236144065857,0.0006842250592859696,Very Low,Very Low,Very Low–Very Low,Hypothetical protein.,,0,secondary STRING hit (STRING protein assigned to a better match),no STRING match,2601,2762,1,1
338,fig|6666666.1036479.peg.3223,fig|6666666.1036479.peg.866,0.9133981764316559,0.0006862554007081831,High,High,High–High,,,0,no STRING match,no STRING match,2474,2667,2,1
339,fig|6666666.1036479.peg.139,fig|6666666.1036479.peg.866,0.9133981764316559,0.0006882857421303967,High,High,High–High,,,0,no STRING match,no STRING match,2474,2667,2,1
340,fig|6666666.1036479.peg.3207,fig|6666666.1036479.peg.573,0.9133960485458374,0.0006903160835526102,Medium,Very Low,Very Low–Medium,,Hypothetical protein.,0,no STRING match,secondary STRING hit (STRING protein assigned to a better match),2468,2601,1,1
341,fig|6666666.1036479.peg.573,fig|6666666.1036479.peg.2436,0.9133596062660218,0.0006923464249748238,Very Low,Medium,Very Low–Medium,Hypothetical protein.,,0,secondary STRING hit (STRING protein assigned to a better match),no STRING match,2601,3033,1,1
342,fig|6666666.1036479.peg.2672,fig|6666666.1036479.peg.942,0.9133102297782898,0.0006943767663970373,Medium,Very Low,Very Low–Medium,,,0,no STRING match,no STRING match,2341,2691,1,1
343,fig|6666666.1036479.peg.2988,fig|6666666.1036479.peg.3207,0.9132470965385437,0.0006964071078192509,Medium,Medium,Medium–Medium,Hypothetical protein.,,0,secondary STRING hit (STRING protein assigned to a better match),no STRING match,2416,2468,1,1
344,fig|6666666.1036479.peg.411,fig|6666666.1036479.peg.1308,0.9130870699882507,0.0006984374492414644,Low,Medium,Low–Medium,Hypothetical protein.,,0,secondary STRING hit (STRING protein assigned to a better match),no STRING match,2585,2764,1,1
345,fig|6666666.1036479.peg.2679,fig|6666666.1036479.peg.866,0.9128772139549255,0.0007004677906636781,Medium,High,Medium–High,,,0,no STRING match,no STRING match,2342,2667,1,1
346,fig|6666666.1036479.peg.861,fig|6666666.1036479.peg.942,0.9126061618328094,0.0007024981320858916,High,Very Low,Very Low–High,,,0,no STRING match,no STRING match,2665,2691,1,1
347,fig|6666666.1036479.peg.2672,fig|6666666.1036479.peg.3008,0.9124788761138916,0.0007045284735081052,Medium,Medium,Medium–Medium,,,0,no STRING match,no STRING match,2341,2423,1,1
348,fig|6666666.1036479.peg.3219,fig|6666666.1036479.peg.410,0.9124645888805389,0.0007065588149303187,Very Low,Very Low,Very Low–Very Low,,,0,no STRING match,no STRING match,2471,2584,1,1
349,fig|6666666.1036479.peg.411,fig|6666666.1036479.peg.1947,0.9124337315559388,0.0007085891563525323,Low,Medium,Low–Medium,Hypothetical protein.,,0,secondary STRING hit (STRING protein assigned to a better match),no STRING match,2585,2930,1,1
350,fig|6666666.1036479.peg.38,fig|6666666.1036479.peg.1289,0.9122656226158142,0.0007106194977747458,Low,Very Low,Very Low–Low,,,0,no STRING match,no STRING match,2526,2762,2,1
351,fig|6666666.1036479.peg.186,fig|6666666.1036479.peg.1289,0.9122656226158142,0.0007126498391969594,Low,Very Low,Very Low–Low,,,0,no STRING match,no STRING match,2526,2762,2,1
352,fig|6666666.1036479.peg.2988,fig|6666666.1036479.peg.719,0.9122107923030853,0.0007146801806191729,Medium,Medium,Medium–Medium,Hypothetical protein.,,0,secondary STRING hit (STRING protein assigned to a better match),no STRING match,2416,2630,1,1
353,fig|6666666.1036479.peg.411,fig|6666666.1036479.peg.2025,0.9122079372406006,0.0007167105220413865,Low,Very Low,Very Low–Low,Hypothetical protein.,,0,secondary STRING hit (STRING protein assigned to a better match),no STRING match,2585,2950,1,1
354,fig|6666666.1036479.peg.391,fig|6666666.1036479.peg.411,0.9120400905609131,0.0007187408634636,Medium,Low,Low–Medium,,Hypothetical protein.,0,no STRING match,secondary STRING hit (STRING protein assigned to a better match),2580,2585,1,1
355,fig|6666666.1036479.peg.38,fig|6666666.1036479.peg.881,0.9120065629482269,0.0007207712048858137,Low,High,Low–High,,,0,no STRING match,no STRING match,2526,2674,2,1
356,fig|6666666.1036479.peg.186,fig|6666666.1036479.peg.881,0.9120065629482269,0.0007228015463080272,Low,High,Low–High,,,0,no STRING match,no STRING match,2526,2674,2,1
357,fig|6666666.1036479.peg.2523,fig|6666666.1036479.peg.2548,0.9119869112968445,0.0007248318877302408,Low,High,Low–High,,,0,no STRING match,no STRING match,2282,2298,1,1
358,fig|6666666.1036479.peg.2948,fig|6666666.1036479.peg.2436,0.9119856715202331,0.0007268622291524543,High,Medium,Medium–High,,,0,no STRING match,no STRING match,2410,3033,1,1
359,fig|6666666.1036479.peg.2843,fig|6666666.1036479.peg.2988,0.9117341756820678,0.0007288925705746679,Very Low,Medium,Very Low–Medium,,Hypothetical protein.,0,no STRING match,secondary STRING hit (STRING protein assigned to a better match),2370,2416,1,1
360,fig|6666666.1036479.peg.2548,fig|6666666.1036479.peg.2114,0.9116220772266388,0.0007309229119968814,High,Very Low,Very Low–High,,"COG1629 Outer membrane receptor proteins, mostly Fe transport.",0,no STRING match,secondary STRING hit (STRING protein assigned to a better match),2298,2964,1,1
361,fig|6666666.1036479.peg.2672,fig|6666666.1036479.peg.3188,0.9115613281726838,0.000732953253419095,Medium,Medium,Medium–Medium,,,0,no STRING match,no STRING match,2341,2461,1,1
362,fig|6666666.1036479.peg.2548,fig|6666666.1036479.peg.2987,0.911536705493927,0.0007349835948413085,High,Very Low,Very Low–High,,,0,no STRING match,no STRING match,2298,2415,1,1
363,fig|6666666.1036479.peg.2920,fig|6666666.1036479.peg.411,0.9114773809909821,0.0007370139362635221,Very Low,Low,Very Low–Low,,Hypothetical protein.,0,no STRING match,secondary STRING hit (STRING protein assigned to a better match),2397,2585,1,1
364,fig|6666666.1036479.peg.573,fig|6666666.1036479.peg.725,0.9114499390125275,0.0007390442776857356,Very Low,Very Low,Very Low–Very Low,Hypothetical protein.,,0,secondary STRING hit (STRING protein assigned to a better match),no STRING match,2601,2636,1,1
365,fig|6666666.1036479.peg.3207,fig|6666666.1036479.peg.2364,0.9114148914813995,0.0007410746191079492,Medium,Medium,Medium–Medium,,,0,no STRING match,no STRING match,2468,3022,1,1
366,fig|6666666.1036479.peg.370,fig|6666666.1036479.peg.2025,0.9114036321640014,0.0007431049605301628,High,Very Low,Very Low–High,,,0,no STRING match,no STRING match,2579,2950,1,1
367,fig|6666666.1036479.peg.2948,fig|6666666.1036479.peg.728,0.9113702178001404,0.0007451353019523764,High,Medium,Medium–High,,,0,no STRING match,no STRING match,2410,2639,1,1
368,fig|6666666.1036479.peg.2509,fig|6666666.1036479.peg.2548,0.9112142503261567,0.0007471656433745899,Very Low,High,Very Low–High,,,0,no STRING match,no STRING match,2273,2298,15,1
369,fig|6666666.1036479.peg.2513,fig|6666666.1036479.peg.2548,0.9112142503261567,0.0007491959847968035,Very Low,High,Very Low–High,,,0,no STRING match,no STRING match,2273,2298,15,1
370,fig|6666666.1036479.peg.2519,fig|6666666.1036479.peg.2548,0.9112142503261567,0.000751226326219017,Very Low,High,Very Low–High,,,0,no STRING match,no STRING match,2273,2298,15,1
371,fig|6666666.1036479.peg.2526,fig|6666666.1036479.peg.2548,0.9112142503261567,0.0007532566676412306,Very Low,High,Very Low–High,,,0,no STRING match,no STRING match,2273,2298,15,1
372,fig|6666666.1036479.peg.2530,fig|6666666.1036479.peg.2548,0.9112142503261567,0.0007552870090634441,Very Low,High,Very Low–High,,,0,no STRING match,no STRING match,2273,2298,15,1
373,fig|6666666.1036479.peg.2534,fig|6666666.1036479.peg.2548,0.9112142503261567,0.0007573173504856577,Very Low,High,Very Low–High,,,0,no STRING match,no STRING match,2273,2298,15,1
374,fig|6666666.1036479.peg.2548,fig|6666666.1036479.peg.3173,0.9112142503261567,0.0007593476919078712,High,Very Low,Very Low–High,,,0,no STRING match,no STRING match,2298,2273,1,15
375,fig|6666666.1036479.peg.2548,fig|6666666.1036479.peg.971,0.9112142503261567,0.0007613780333300848,High,Very Low,Very Low–High,,,0,no STRING match,no STRING match,2298,2273,1,15
376,fig|6666666.1036479.peg.2548,fig|6666666.1036479.peg.976,0.9112142503261567,0.0007634083747522983,High,Very Low,Very Low–High,,,0,no STRING match,no STRING match,2298,2273,1,15
377,fig|6666666.1036479.peg.2548,fig|6666666.1036479.peg.981,0.9112142503261567,0.000765438716174512,High,Very Low,Very Low–High,,,0,no STRING match,no STRING match,2298,2273,1,15
378,fig|6666666.1036479.peg.2548,fig|6666666.1036479.peg.985,0.9112142503261567,0.0007674690575967255,High,Very Low,Very Low–High,,,0,no STRING match,no STRING match,2298,2273,1,15
379,fig|6666666.1036479.peg.2548,fig|6666666.1036479.peg.989,0.9112142503261567,0.0007694993990189391,High,Very Low,Very Low–High,,,0,no STRING match,no STRING match,2298,2273,1,15
380,fig|6666666.1036479.peg.2548,fig|6666666.1036479.peg.2489,0.9112142503261567,0.0007715297404411526,High,Very Low,Very Low–High,,,0,no STRING match,no STRING match,2298,2273,1,15
381,fig|6666666.1036479.peg.2548,fig|6666666.1036479.peg.2494,0.9112142503261567,0.0007735600818633662,High,Very Low,Very Low–High,,,0,no STRING match,no STRING match,2298,2273,1,15
382,fig|6666666.1036479.peg.2548,fig|6666666.1036479.peg.2498,0.9112142503261567,0.0007755904232855797,High,Very Low,Very Low–High,,,0,no STRING match,no STRING match,2298,2273,1,15
383,fig|6666666.1036479.peg.411,fig|6666666.1036479.peg.1494,0.9112094402313232,0.0007776207647077933,Low,Very Low,Very Low–Low,Hypothetical protein.,,0,secondary STRING hit (STRING protein assigned to a better match),no STRING match,2585,2824,1,1
384,fig|6666666.1036479.peg.2547,fig|6666666.1036479.peg.861,0.9111651003360748,0.0007796511061300068,Medium,High,Medium–High,,,0,no STRING match,no STRING match,2297,2665,1,1
385,fig|6666666.1036479.peg.2547,fig|6666666.1036479.peg.2548,0.9111593067646027,0.0007816814475522204,Medium,High,Medium–High,,,0,no STRING match,no STRING match,2297,2298,1,1
386,fig|6666666.1036479.peg.573,fig|6666666.1036479.peg.719,0.9111328661441803,0.0007837117889744339,Very Low,Medium,Very Low–Medium,Hypothetical protein.,,0,secondary STRING hit (STRING protein assigned to a better match),no STRING match,2601,2630,1,1
387,fig|6666666.1036479.peg.2920,fig|6666666.1036479.peg.1308,0.9110853254795075,0.0007857421303966476,Very Low,Medium,Very Low–Medium,,,0,no STRING match,no STRING match,2397,2764,1,1
388,fig|6666666.1036479.peg.2524,fig|6666666.1036479.peg.411,0.9110815286636352,0.0007877724718188611,Low,Low,Low–Low,,Hypothetical protein.,0,no STRING match,secondary STRING hit (STRING protein assigned to a better match),2283,2585,1,1
389,fig|6666666.1036479.peg.725,fig|6666666.1036479.peg.2364,0.9108870029449463,0.0007898028132410747,Very Low,Medium,Very Low–Medium,,,0,no STRING match,no STRING match,2636,3022,1,1
390,fig|6666666.1036479.peg.1128,fig|6666666.1036479.peg.2484,0.9108832120895386,0.0007918331546632882,Very Low,Very Low,Very Low–Very Low,,,0,no STRING match,no STRING match,2744,3046,1,1
391,fig|6666666.1036479.peg.866,fig|6666666.1036479.peg.2364,0.9108572602272034,0.0007938634960855018,High,Medium,Medium–High,,,0,no STRING match,no STRING match,2667,3022,1,1
392,fig|6666666.1036479.peg.573,fig|6666666.1036479.peg.2114,0.9108221292495727,0.0007958938375077153,Very Low,Very Low,Very Low–Very Low,Hypothetical protein.,"COG1629 Outer membrane receptor proteins, mostly Fe transport.",0,secondary STRING hit (STRING protein assigned to a better match),secondary STRING hit (STRING protein assigned to a better match),2601,2964,1,1
393,fig|6666666.1036479.peg.2988,fig|6666666.1036479.peg.370,0.9107915043830872,0.0007979241789299289,Medium,High,Medium–High,Hypothetical protein.,,0,secondary STRING hit (STRING protein assigned to a better match),no STRING match,2416,2579,1,1
394,fig|6666666.1036479.peg.2948,fig|6666666.1036479.peg.725,0.9107762336730957,0.0007999545203521424,High,Very Low,Very Low–High,,,0,no STRING match,no STRING match,2410,2636,1,1
395,fig|6666666.1036479.peg.47,fig|6666666.1036479.peg.410,0.9107261180877686,0.000801984861774356,Very Low,Very Low,Very Low–Very Low,,,0,no STRING match,no STRING match,2535,2584,1,1
396,fig|6666666.1036479.peg.2948,fig|6666666.1036479.peg.38,0.9105806469917297,0.0008040152031965695,High,Low,Low–High,,,0,no STRING match,no STRING match,2410,2526,1,2
397,fig|6666666.1036479.peg.2948,fig|6666666.1036479.peg.186,0.9105806469917297,0.0008060455446187831,High,Low,Low–High,,,0,no STRING match,no STRING match,2410,2526,1,2
398,fig|6666666.1036479.peg.1116,fig|6666666.1036479.peg.1966,0.9105403065681458,0.0008080758860409967,Very Low,Very Low,Very Low–Very Low,,,0,no STRING match,no STRING match,2732,2946,1,1
399,fig|6666666.1036479.peg.2539,fig|6666666.1036479.peg.2548,0.9105308711528778,0.0008101062274632103,Low,High,Low–High,,,0,no STRING match,no STRING match,2289,2298,1,1
400,fig|6666666.1036479.peg.2679,fig|6666666.1036479.peg.881,0.9105216860771179,0.0008121365688854238,Medium,High,Medium–High,,,0,no STRING match,no STRING match,2342,2674,1,1
401,fig|6666666.1036479.peg.861,fig|6666666.1036479.peg.2455,0.9105164587497712,0.0008141669103076374,High,Medium,Medium–High,,,0,no STRING match,no STRING match,2665,3038,1,1
402,fig|6666666.1036479.peg.38,fig|6666666.1036479.peg.1947,0.9104994416236878,0.0008161972517298509,Low,Medium,Low–Medium,,,0,no STRING match,no STRING match,2526,2930,2,1
403,fig|6666666.1036479.peg.186,fig|6666666.1036479.peg.1947,0.9104994416236878,0.0008182275931520645,Low,Medium,Low–Medium,,,0,no STRING match,no STRING match,2526,2930,2,1
404,fig|6666666.1036479.peg.2948,fig|6666666.1036479.peg.2114,0.9103929758071899,0.000820257934574278,High,Very Low,Very Low–High,,"COG1629 Outer membrane receptor proteins, mostly Fe transport.",0,no STRING match,secondary STRING hit (STRING protein assigned to a better match),2410,2964,1,1
405,fig|6666666.1036479.peg.881,fig|6666666.1036479.peg.1416,0.9103154897689819,0.0008222882759964916,High,Medium,Medium–High,,,0,no STRING match,no STRING match,2674,2817,1,1
406,fig|6666666.1036479.peg.881,fig|6666666.1036479.peg.2348,0.9102925896644593,0.0008243186174187051,High,High,High–High,,,0,no STRING match,no STRING match,2674,3019,1,1
407,fig|6666666.1036479.peg.2988,fig|6666666.1036479.peg.411,0.9102802455425263,0.0008263489588409187,Medium,Low,Low–Medium,Hypothetical protein.,Hypothetical protein.,0,secondary STRING hit (STRING protein assigned to a better match),secondary STRING hit (STRING protein assigned to a better match),2416,2585,1,1
408,fig|6666666.1036479.peg.1080,fig|6666666.1036479.peg.1300,0.910279780626297,0.0008283793002631322,High,Low,Low–High,,,0,no STRING match,no STRING match,2712,2763,1,1
409,fig|6666666.1036479.peg.2548,fig|6666666.1036479.peg.1567,0.9100384294986725,0.0008304096416853459,High,Low,Low–High,,,0,no STRING match,no STRING match,2298,2839,1,1
410,fig|6666666.1036479.peg.881,fig|6666666.1036479.peg.1289,0.9100279629230499,0.0008324399831075594,High,Very Low,Very Low–High,,,0,no STRING match,no STRING match,2674,2762,1,1
411,fig|6666666.1036479.peg.370,fig|6666666.1036479.peg.391,0.909923505783081,0.000834470324529773,High,Medium,Medium–High,,,0,no STRING match,no STRING match,2579,2580,1,1
412,fig|6666666.1036479.peg.1113,fig|6666666.1036479.peg.1966,0.9099129676818848,0.0008365006659519865,Very Low,Very Low,Very Low–Very Low,,,0,no STRING match,no STRING match,2729,2946,1,1
413,fig|6666666.1036479.peg.1947,fig|6666666.1036479.peg.2092,0.9098744451999664,0.0008385310073742001,Medium,Medium,Medium–Medium,,,0,no STRING match,no STRING match,2930,2954,1,1
414,fig|6666666.1036479.peg.2918,fig|6666666.1036479.peg.881,0.9098028421401978,0.0008405613487964136,Very Low,High,Very Low–High,,,0,no STRING match,no STRING match,2396,2674,1,1
415,fig|6666666.1036479.peg.370,fig|6666666.1036479.peg.573,0.9096496760845184,0.0008425916902186272,High,Very Low,Very Low–High,,Hypothetical protein.,0,no STRING match,secondary STRING hit (STRING protein assigned to a better match),2579,2601,1,1
416,fig|6666666.1036479.peg.2547,fig|6666666.1036479.peg.2672,0.9096438944339752,0.0008446220316408407,Medium,Medium,Medium–Medium,,,0,no STRING match,no STRING match,2297,2341,1,1
417,fig|6666666.1036479.peg.2548,fig|6666666.1036479.peg.942,0.9095811486244202,0.0008466523730630543,High,Very Low,Very Low–High,,,0,no STRING match,no STRING match,2298,2691,1,1
418,fig|6666666.1036479.peg.2548,fig|6666666.1036479.peg.719,0.9094220578670502,0.0008486827144852678,High,Medium,Medium–High,,,0,no STRING match,no STRING match,2298,2630,1,1
419,fig|6666666.1036479.peg.2843,fig|6666666.1036479.peg.1308,0.9093856513500214,0.0008507130559074815,Very Low,Medium,Very Low–Medium,,,0,no STRING match,no STRING match,2370,2764,1,1
420,fig|6666666.1036479.peg.3077,fig|6666666.1036479.peg.370,0.90937819480896,0.000852743397329695,Medium,High,Medium–High,,,0,no STRING match,no STRING match,2440,2579,1,1
421,fig|6666666.1036479.peg.2548,fig|6666666.1036479.peg.1494,0.9093490064144134,0.0008547737387519086,High,Very Low,Very Low–High,,,0,no STRING match,no STRING match,2298,2824,1,1
422,fig|6666666.1036479.peg.3207,fig|6666666.1036479.peg.1308,0.9092813074588776,0.0008568040801741221,Medium,Medium,Medium–Medium,,,0,no STRING match,no STRING match,2468,2764,1,1
423,fig|6666666.1036479.peg.3020,fig|6666666.1036479.peg.719,0.9091840624809265,0.0008588344215963357,Low,Medium,Low–Medium,,,0,no STRING match,no STRING match,2433,2630,1,1
424,fig|6666666.1036479.peg.2960,fig|6666666.1036479.peg.3231,0.909134966135025,0.0008608647630185492,Low,Very Low,Very Low–Low,,,0,no STRING match,no STRING match,2412,2482,1,2
425,fig|6666666.1036479.peg.2960,fig|6666666.1036479.peg.147,0.909134966135025,0.0008628951044407628,Low,Very Low,Very Low–Low,,,0,no STRING match,no STRING match,2412,2482,1,2
426,fig|6666666.1036479.peg.2988,fig|6666666.1036479.peg.1289,0.9091341018676757,0.0008649254458629763,Medium,Very Low,Very Low–Medium,Hypothetical protein.,,0,secondary STRING hit (STRING protein assigned to a better match),no STRING match,2416,2762,1,1
427,fig|6666666.1036479.peg.2918,fig|6666666.1036479.peg.866,0.9091323614120483,0.0008669557872851899,Very Low,High,Very Low–High,,,0,no STRING match,no STRING match,2396,2667,1,1
428,fig|6666666.1036479.peg.1300,fig|6666666.1036479.peg.1566,0.9087981939315796,0.0008689861287074034,Low,High,Low–High,,,0,no STRING match,no STRING match,2763,2838,1,1
429,fig|6666666.1036479.peg.2548,fig|6666666.1036479.peg.2347,0.9086606800556183,0.000871016470129617,High,Low,Low–High,,,0,no STRING match,no STRING match,2298,3018,1,1
430,fig|6666666.1036479.peg.573,fig|6666666.1036479.peg.2092,0.9086351513862609,0.0008730468115518306,Very Low,Medium,Very Low–Medium,Hypothetical protein.,,0,secondary STRING hit (STRING protein assigned to a better match),no STRING match,2601,2954,1,1
431,fig|6666666.1036479.peg.2827,fig|6666666.1036479.peg.410,0.9085434317588806,0.0008750771529740442,Very Low,Very Low,Very Low–Very Low,,,0,no STRING match,no STRING match,2360,2584,1,1
432,fig|6666666.1036479.peg.3020,fig|6666666.1036479.peg.725,0.9084921836853027,0.0008771074943962577,Low,Very Low,Very Low–Low,,,0,no STRING match,no STRING match,2433,2636,1,1
433,fig|6666666.1036479.peg.2548,fig|6666666.1036479.peg.3142,0.908419793844223,0.0008791378358184713,High,Low,Low–High,,,0,no STRING match,no STRING match,2298,2448,1,1
434,fig|6666666.1036479.peg.3008,fig|6666666.1036479.peg.861,0.9084144055843353,0.0008811681772406848,Medium,High,Medium–High,,,0,no STRING match,no STRING match,2423,2665,1,1
435,fig|6666666.1036479.peg.2532,fig|6666666.1036479.peg.411,0.9083449006080627,0.0008831985186628984,Low,Low,Low–Low,,Hypothetical protein.,0,no STRING match,secondary STRING hit (STRING protein assigned to a better match),2284,2585,4,1
436,fig|6666666.1036479.peg.3171,fig|6666666.1036479.peg.411,0.9083449006080627,0.0008852288600851119,Low,Low,Low–Low,,Hypothetical protein.,0,no STRING match,secondary STRING hit (STRING protein assigned to a better match),2284,2585,4,1
437,fig|6666666.1036479.peg.411,fig|6666666.1036479.peg.987,0.9083449006080627,0.0008872592015073255,Low,Low,Low–Low,Hypothetical protein.,,0,secondary STRING hit (STRING protein assigned to a better match),no STRING match,2585,2284,1,4
438,fig|6666666.1036479.peg.411,fig|6666666.1036479.peg.2492,0.9083449006080627,0.000889289542929539,Low,Low,Low–Low,Hypothetical protein.,,0,secondary STRING hit (STRING protein assigned to a better match),no STRING match,2585,2284,1,4
439,fig|6666666.1036479.peg.866,fig|6666666.1036479.peg.2025,0.9082776188850403,0.0008913198843517526,High,Very Low,Very Low–High,,,0,no STRING match,no STRING match,2667,2950,1,1
440,fig|6666666.1036479.peg.3222,fig|6666666.1036479.peg.573,0.9082462012767791,0.0008933502257739661,Medium,Very Low,Very Low–Medium,,Hypothetical protein.,0,no STRING match,secondary STRING hit (STRING protein assigned to a better match),2473,2601,2,1
441,fig|6666666.1036479.peg.138,fig|6666666.1036479.peg.573,0.9082462012767791,0.0008953805671961798,Medium,Very Low,Very Low–Medium,,Hypothetical protein.,0,no STRING match,secondary STRING hit (STRING protein assigned to a better match),2473,2601,2,1
442,fig|6666666.1036479.peg.2548,fig|6666666.1036479.peg.3033,0.9081737995147705,0.0008974109086183933,High,Low,Low–High,,,0,no STRING match,no STRING match,2298,2437,1,1
443,fig|6666666.1036479.peg.2948,fig|6666666.1036479.peg.881,0.9080472350120544,0.0008994412500406069,High,High,High–High,,,0,no STRING match,no STRING match,2410,2674,1,1
444,fig|6666666.1036479.peg.2920,fig|6666666.1036479.peg.3207,0.9080151200294495,0.0009014715914628204,Very Low,Medium,Very Low–Medium,,,0,no STRING match,no STRING match,2397,2468,1,1
445,fig|6666666.1036479.peg.2988,fig|6666666.1036479.peg.728,0.9079952716827393,0.000903501932885034,Medium,Medium,Medium–Medium,Hypothetical protein.,,0,secondary STRING hit (STRING protein assigned to a better match),no STRING match,2416,2639,1,1
446,fig|6666666.1036479.peg.1289,fig|6666666.1036479.peg.1300,0.9079224526882171,0.0009055322743072475,Very Low,Low,Very Low–Low,,,0,no STRING match,no STRING match,2762,2763,1,1
447,fig|6666666.1036479.peg.2550,fig|6666666.1036479.peg.2588,0.9079085290431976,0.0009075626157294611,Very Low,Very Low,Very Low–Very Low,,,0,no STRING match,no STRING match,2300,2319,2,1
448,fig|6666666.1036479.peg.2558,fig|6666666.1036479.peg.2588,0.9079085290431976,0.0009095929571516746,Very Low,Very Low,Very Low–Very Low,,,0,no STRING match,no STRING match,2300,2319,2,1
449,fig|6666666.1036479.peg.303,fig|6666666.1036479.peg.410,0.9079033017158509,0.0009116232985738882,Very Low,Very Low,Very Low–Very Low,,,0,no STRING match,no STRING match,2564,2584,3,1
450,fig|6666666.1036479.peg.305,fig|6666666.1036479.peg.410,0.9079033017158509,0.0009136536399961017,Very Low,Very Low,Very Low–Very Low,,,0,no STRING match,no STRING match,2564,2584,3,1
451,fig|6666666.1036479.peg.311,fig|6666666.1036479.peg.410,0.9079033017158509,0.0009156839814183154,Very Low,Very Low,Very Low–Very Low,,,0,no STRING match,no STRING match,2564,2584,3,1
452,fig|6666666.1036479.peg.2548,fig|6666666.1036479.peg.2929,0.9078870296478272,0.0009177143228405289,High,Very Low,Very Low–High,,Hypothetical protein.,0,no STRING match,secondary STRING hit (STRING protein assigned to a better match),2298,2404,1,1
453,fig|6666666.1036479.peg.2960,fig|6666666.1036479.peg.1289,0.907786762714386,0.0009197446642627425,Low,Very Low,Very Low–Low,,,0,no STRING match,no STRING match,2412,2762,1,1
454,fig|6666666.1036479.peg.2988,fig|6666666.1036479.peg.725,0.9077823400497437,0.000921775005684956,Medium,Very Low,Very Low–Medium,Hypothetical protein.,,0,secondary STRING hit (STRING protein assigned to a better match),no STRING match,2416,2636,1,1
455,fig|6666666.1036479.peg.411,fig|6666666.1036479.peg.1339,0.9076937019824982,0.0009238053471071696,Low,Very Low,Very Low–Low,Hypothetical protein.,,0,secondary STRING hit (STRING protein assigned to a better match),no STRING match,2585,2779,1,1
456,fig|6666666.1036479.peg.2988,fig|6666666.1036479.peg.2114,0.9076866984367371,0.0009258356885293831,Medium,Very Low,Very Low–Medium,Hypothetical protein.,"COG1629 Outer membrane receptor proteins, mostly Fe transport.",0,secondary STRING hit (STRING protein assigned to a better match),secondary STRING hit (STRING protein assigned to a better match),2416,2964,1,1
457,fig|6666666.1036479.peg.3207,fig|6666666.1036479.peg.1289,0.9076518476009369,0.0009278660299515967,Medium,Very Low,Very Low–Medium,,,0,no STRING match,no STRING match,2468,2762,1,1
458,fig|6666666.1036479.peg.3231,fig|6666666.1036479.peg.1289,0.9075957238674164,0.0009298963713738102,Very Low,Very Low,Very Low–Very Low,,,0,no STRING match,no STRING match,2482,2762,2,1
459,fig|6666666.1036479.peg.147,fig|6666666.1036479.peg.1289,0.9075957238674164,0.0009319267127960238,Very Low,Very Low,Very Low–Very Low,,,0,no STRING match,no STRING match,2482,2762,2,1
460,fig|6666666.1036479.peg.3020,fig|6666666.1036479.peg.2436,0.9075522303581238,0.0009339570542182373,Low,Medium,Low–Medium,,,0,no STRING match,no STRING match,2433,3033,1,1
461,fig|6666666.1036479.peg.309,fig|6666666.1036479.peg.1128,0.9074967741966248,0.000935987395640451,Very Low,Very Low,Very Low–Very Low,,,0,no STRING match,no STRING match,2569,2744,1,1
462,fig|6666666.1036479.peg.2509,fig|6666666.1036479.peg.411,0.9074954152107239,0.0009380177370626645,Very Low,Low,Very Low–Low,,Hypothetical protein.,0,no STRING match,secondary STRING hit (STRING protein assigned to a better match),2273,2585,15,1
463,fig|6666666.1036479.peg.2513,fig|6666666.1036479.peg.411,0.9074954152107239,0.0009400480784848781,Very Low,Low,Very Low–Low,,Hypothetical protein.,0,no STRING match,secondary STRING hit (STRING protein assigned to a better match),2273,2585,15,1
464,fig|6666666.1036479.peg.2519,fig|6666666.1036479.peg.411,0.9074954152107239,0.0009420784199070916,Very Low,Low,Very Low–Low,,Hypothetical protein.,0,no STRING match,secondary STRING hit (STRING protein assigned to a better match),2273,2585,15,1
465,fig|6666666.1036479.peg.2526,fig|6666666.1036479.peg.411,0.9074954152107239,0.0009441087613293052,Very Low,Low,Very Low–Low,,Hypothetical protein.,0,no STRING match,secondary STRING hit (STRING protein assigned to a better match),2273,2585,15,1
466,fig|6666666.1036479.peg.2530,fig|6666666.1036479.peg.411,0.9074954152107239,0.0009461391027515187,Very Low,Low,Very Low–Low,,Hypothetical protein.,0,no STRING match,secondary STRING hit (STRING protein assigned to a better match),2273,2585,15,1
467,fig|6666666.1036479.peg.2534,fig|6666666.1036479.peg.411,0.9074954152107239,0.0009481694441737323,Very Low,Low,Very Low–Low,,Hypothetical protein.,0,no STRING match,secondary STRING hit (STRING protein assigned to a better match),2273,2585,15,1
468,fig|6666666.1036479.peg.3173,fig|6666666.1036479.peg.411,0.9074954152107239,0.0009501997855959458,Very Low,Low,Very Low–Low,,Hypothetical protein.,0,no STRING match,secondary STRING hit (STRING protein assigned to a better match),2273,2585,15,1
469,fig|6666666.1036479.peg.411,fig|6666666.1036479.peg.971,0.9074954152107239,0.0009522301270181594,Low,Very Low,Very Low–Low,Hypothetical protein.,,0,secondary STRING hit (STRING protein assigned to a better match),no STRING match,2585,2273,1,15
470,fig|6666666.1036479.peg.411,fig|6666666.1036479.peg.976,0.9074954152107239,0.0009542604684403729,Low,Very Low,Very Low–Low,Hypothetical protein.,,0,secondary STRING hit (STRING protein assigned to a better match),no STRING match,2585,2273,1,15
471,fig|6666666.1036479.peg.411,fig|6666666.1036479.peg.981,0.9074954152107239,0.0009562908098625865,Low,Very Low,Very Low–Low,Hypothetical protein.,,0,secondary STRING hit (STRING protein assigned to a better match),no STRING match,2585,2273,1,15
472,fig|6666666.1036479.peg.411,fig|6666666.1036479.peg.985,0.9074954152107239,0.0009583211512848,Low,Very Low,Very Low–Low,Hypothetical protein.,,0,secondary STRING hit (STRING protein assigned to a better match),no STRING match,2585,2273,1,15
473,fig|6666666.1036479.peg.411,fig|6666666.1036479.peg.989,0.9074954152107239,0.0009603514927070137,Low,Very Low,Very Low–Low,Hypothetical protein.,,0,secondary STRING hit (STRING protein assigned to a better match),no STRING match,2585,2273,1,15
474,fig|6666666.1036479.peg.411,fig|6666666.1036479.peg.2489,0.9074954152107239,0.0009623818341292272,Low,Very Low,Very Low–Low,Hypothetical protein.,,0,secondary STRING hit (STRING protein assigned to a better match),no STRING match,2585,2273,1,15
475,fig|6666666.1036479.peg.411,fig|6666666.1036479.peg.2494,0.9074954152107239,0.0009644121755514408,Low,Very Low,Very Low–Low,Hypothetical protein.,,0,secondary STRING hit (STRING protein assigned to a better match),no STRING match,2585,2273,1,15
476,fig|6666666.1036479.peg.411,fig|6666666.1036479.peg.2498,0.9074954152107239,0.0009664425169736543,Low,Very Low,Very Low–Low,Hypothetical protein.,,0,secondary STRING hit (STRING protein assigned to a better match),no STRING match,2585,2273,1,15
477,fig|6666666.1036479.peg.2988,fig|6666666.1036479.peg.2436,0.9074598610401153,0.0009684728583958679,Medium,Medium,Medium–Medium,Hypothetical protein.,,0,secondary STRING hit (STRING protein assigned to a better match),no STRING match,2416,3033,1,1
478,fig|6666666.1036479.peg.2948,fig|6666666.1036479.peg.2960,0.9074434876441956,0.0009705031998180814,High,Low,Low–High,,,0,no STRING match,no STRING match,2410,2412,1,1
479,fig|6666666.1036479.peg.38,fig|6666666.1036479.peg.186,0.9073694288730622,0.000972533541240295,Low,Low,Low–Low,,,0,no STRING match,no STRING match,2526,2526,2,2
480,fig|6666666.1036479.peg.1289,fig|6666666.1036479.peg.1308,0.9072597026824951,0.0009745638826625085,Very Low,Medium,Very Low–Medium,,,0,no STRING match,no STRING match,2762,2764,1,1
481,fig|6666666.1036479.peg.307,fig|6666666.1036479.peg.410,0.9071966230869293,0.000976594224084722,Very Low,Very Low,Very Low–Very Low,,,0,no STRING match,no STRING match,2567,2584,1,1
482,fig|6666666.1036479.peg.236,fig|6666666.1036479.peg.573,0.907072788476944,0.0009786245655069358,Very Low,Very Low,Very Low–Very Low,,Hypothetical protein.,0,no STRING match,secondary STRING hit (STRING protein assigned to a better match),2552,2601,1,1
483,fig|6666666.1036479.peg.3222,fig|6666666.1036479.peg.1947,0.9069811403751373,0.0009806549069291493,Medium,Medium,Medium–Medium,,,0,no STRING match,no STRING match,2473,2930,2,1
484,fig|6666666.1036479.peg.138,fig|6666666.1036479.peg.1947,0.9069811403751373,0.0009826852483513628,Medium,Medium,Medium–Medium,,,0,no STRING match,no STRING match,2473,2930,2,1
485,fig|6666666.1036479.peg.2948,fig|6666666.1036479.peg.2348,0.9069021224975586,0.0009847155897735763,High,High,High–High,,,0,no STRING match,no STRING match,2410,3019,1,1
486,fig|6666666.1036479.peg.2532,fig|6666666.1036479.peg.2548,0.9067708313465118,0.00098674593119579,Low,High,Low–High,,,0,no STRING match,no STRING match,2284,2298,4,1
487,fig|6666666.1036479.peg.2548,fig|6666666.1036479.peg.3171,0.9067708313465118,0.0009887762726180035,High,Low,Low–High,,,0,no STRING match,no STRING match,2298,2284,1,4
488,fig|6666666.1036479.peg.2548,fig|6666666.1036479.peg.987,0.9067708313465118,0.000990806614040217,High,Low,Low–High,,,0,no STRING match,no STRING match,2298,2284,1,4
489,fig|6666666.1036479.peg.2548,fig|6666666.1036479.peg.2492,0.9067708313465118,0.0009928369554624305,High,Low,Low–High,,,0,no STRING match,no STRING match,2298,2284,1,4
490,fig|6666666.1036479.peg.2948,fig|6666666.1036479.peg.3231,0.9067634344100952,0.0009948672968846442,High,Very Low,Very Low–High,,,0,no STRING match,no STRING match,2410,2482,1,2
491,fig|6666666.1036479.peg.2948,fig|6666666.1036479.peg.147,0.9067634344100952,0.0009968976383068577,High,Very Low,Very Low–High,,,0,no STRING match,no STRING match,2410,2482,1,2
492,fig|6666666.1036479.peg.411,fig|6666666.1036479.peg.728,0.9067525625228882,0.0009989279797290712,Low,Medium,Low–Medium,Hypothetical protein.,,0,secondary STRING hit (STRING protein assigned to a better match),no STRING match,2585,2639,1,1
493,fig|6666666.1036479.peg.2960,fig|6666666.1036479.peg.38,0.9066177904605865,0.0010009583211512847,Low,Low,Low–Low,,,0,no STRING match,no STRING match,2412,2526,1,2
494,fig|6666666.1036479.peg.2960,fig|6666666.1036479.peg.186,0.9066177904605865,0.0010029886625734985,Low,Low,Low–Low,,,0,no STRING match,no STRING match,2412,2526,1,2
495,fig|6666666.1036479.peg.2918,fig|6666666.1036479.peg.1300,0.9065247595310211,0.001005019003995712,Very Low,Low,Very Low–Low,,,0,no STRING match,no STRING match,2396,2763,1,1
496,fig|6666666.1036479.peg.719,fig|6666666.1036479.peg.1308,0.9064670264720917,0.0010070493454179255,Medium,Medium,Medium–Medium,,,0,no STRING match,no STRING match,2630,2764,1,1
497,fig|6666666.1036479.peg.2827,fig|6666666.1036479.peg.3244,0.9064105570316314,0.001009079686840139,Very Low,Very Low,Very Low–Very Low,,,0,no STRING match,no STRING match,2360,2495,1,3
498,fig|6666666.1036479.peg.2827,fig|6666666.1036479.peg.12,0.9064105570316314,0.0010111100282623527,Very Low,Very Low,Very Low–Very Low,,,0,no STRING match,no STRING match,2360,2495,1,3
499,fig|6666666.1036479.peg.2827,fig|6666666.1036479.peg.160,0.9064105570316314,0.0010131403696845662,Very Low,Very Low,Very Low–Very Low,,,0,no STRING match,no STRING match,2360,2495,1,3
500,fig|6666666.1036479.peg.2548,fig|6666666.1036479.peg.2436,0.9063196837902069,0.0010151707111067797,High,Medium,Medium–High,,,0,no STRING match,no STRING match,2298,3033,1,1
501,fig|6666666.1036479.peg.728,fig|6666666.1036479.peg.866,0.9062970042228699,0.0010172010525289932,Medium,High,Medium–High,,,0,no STRING match,no STRING match,2639,2667,1,1
502,fig|6666666.1036479.peg.391,fig|6666666.1036479.peg.866,0.9062934696674347,0.001019231393951207,Medium,High,Medium–High,,,0,no STRING match,no STRING match,2580,2667,1,1
503,fig|6666666.1036479.peg.3020,fig|6666666.1036479.peg.728,0.9062508702278137,0.0010212617353734204,Low,Medium,Low–Medium,,,0,no STRING match,no STRING match,2433,2639,1,1
504,fig|6666666.1036479.peg.2843,fig|6666666.1036479.peg.2920,0.9061944544315338,0.001023292076795634,Very Low,Very Low,Very Low–Very Low,,,0,no STRING match,no STRING match,2370,2397,1,1
505,fig|6666666.1036479.peg.728,fig|6666666.1036479.peg.2364,0.906133645772934,0.0010253224182178475,Medium,Medium,Medium–Medium,,,0,no STRING match,no STRING match,2639,3022,1,1
506,fig|6666666.1036479.peg.3020,fig|6666666.1036479.peg.38,0.9060770392417907,0.0010273527596400612,Low,Low,Low–Low,,,0,no STRING match,no STRING match,2433,2526,1,2
507,fig|6666666.1036479.peg.3020,fig|6666666.1036479.peg.186,0.9060770392417907,0.0010293831010622747,Low,Low,Low–Low,,,0,no STRING match,no STRING match,2433,2526,1,2
508,fig|6666666.1036479.peg.861,fig|6666666.1036479.peg.1946,0.9059542179107666,0.0010314134424844882,High,Medium,Medium–High,,,0,no STRING match,no STRING match,2665,2929,1,1
509,fig|6666666.1036479.peg.2672,fig|6666666.1036479.peg.1946,0.9059073388576507,0.0010334437839067017,Medium,Medium,Medium–Medium,,,0,no STRING match,no STRING match,2341,2929,1,1
510,fig|6666666.1036479.peg.3223,fig|6666666.1036479.peg.881,0.9058978497982025,0.0010354741253289154,High,High,High–High,,,0,no STRING match,no STRING match,2474,2674,2,1
511,fig|6666666.1036479.peg.139,fig|6666666.1036479.peg.881,0.9058978497982025,0.001037504466751129,High,High,High–High,,,0,no STRING match,no STRING match,2474,2674,2,1
512,fig|6666666.1036479.peg.3188,fig|6666666.1036479.peg.861,0.9058457136154174,0.0010395348081733424,Medium,High,Medium–High,,,0,no STRING match,no STRING match,2461,2665,1,1
513,fig|6666666.1036479.peg.3010,fig|6666666.1036479.peg.411,0.9057737946510315,0.001041565149595556,Low,Low,Low–Low,,Hypothetical protein.,0,no STRING match,secondary STRING hit (STRING protein assigned to a better match),2425,2585,1,1
514,fig|6666666.1036479.peg.1289,fig|6666666.1036479.peg.2364,0.9057598888874054,0.0010435954910177697,Very Low,Medium,Very Low–Medium,,,0,no STRING match,no STRING match,2762,3022,1,1
515,fig|6666666.1036479.peg.2948,fig|6666666.1036479.peg.1657,0.9057574212551117,0.0010456258324399832,High,Medium,Medium–High,,,0,no STRING match,no STRING match,2410,2883,1,1
516,fig|6666666.1036479.peg.3010,fig|6666666.1036479.peg.866,0.9057218313217164,0.0010476561738621967,Low,High,Low–High,,,0,no STRING match,no STRING match,2425,2667,1,1
517,fig|6666666.1036479.peg.89,fig|6666666.1036479.peg.861,0.9056643486022949,0.0010496865152844102,Very Low,High,Very Low–High,,,0,no STRING match,no STRING match,2542,2665,1,1
518,fig|6666666.1036479.peg.2548,fig|6666666.1036479.peg.725,0.9056439995765686,0.001051716856706624,High,Very Low,Very Low–High,,,0,no STRING match,no STRING match,2298,2636,1,1
519,fig|6666666.1036479.peg.38,fig|6666666.1036479.peg.1300,0.9055873572826385,0.0010537471981288374,Low,Low,Low–Low,,,0,no STRING match,no STRING match,2526,2763,2,1
520,fig|6666666.1036479.peg.186,fig|6666666.1036479.peg.1300,0.9055873572826385,0.001055777539551051,Low,Low,Low–Low,,,0,no STRING match,no STRING match,2526,2763,2,1
521,fig|6666666.1036479.peg.2548,fig|6666666.1036479.peg.652,0.9055607438087463,0.0010578078809732644,High,Very Low,Very Low–High,,,0,no STRING match,no STRING match,2298,2615,1,1
522,fig|6666666.1036479.peg.2929,fig|6666666.1036479.peg.2948,0.9054837763309479,0.0010598382223954781,Very Low,High,Very Low–High,Hypothetical protein.,,0,secondary STRING hit (STRING protein assigned to a better match),no STRING match,2404,2410,1,1
523,fig|6666666.1036479.peg.881,fig|6666666.1036479.peg.2025,0.905308747291565,0.0010618685638176916,High,Very Low,Very Low–High,,,0,no STRING match,no STRING match,2674,2950,1,1
524,fig|6666666.1036479.peg.3020,fig|6666666.1036479.peg.2092,0.9052889287471771,0.0010638989052399051,Low,Medium,Low–Medium,,,0,no STRING match,no STRING match,2433,2954,1,1
525,fig|6666666.1036479.peg.1300,fig|6666666.1036479.peg.2348,0.9052740812301636,0.0010659292466621186,Low,High,Low–High,,,0,no STRING match,no STRING match,2763,3019,1,1
526,fig|6666666.1036479.peg.89,fig|6666666.1036479.peg.1300,0.9052280008792877,0.0010679595880843324,Very Low,Low,Very Low–Low,,,0,no STRING match,no STRING match,2542,2763,1,1
527,fig|6666666.1036479.peg.3020,fig|6666666.1036479.peg.2114,0.9050623714923859,0.0010699899295065459,Low,Very Low,Very Low–Low,,"COG1629 Outer membrane receptor proteins, mostly Fe transport.",0,no STRING match,secondary STRING hit (STRING protein assigned to a better match),2433,2964,1,1
528,fig|6666666.1036479.peg.2987,fig|6666666.1036479.peg.866,0.9049691021442413,0.0010720202709287594,Very Low,High,Very Low–High,,,0,no STRING match,no STRING match,2415,2667,1,1
529,fig|6666666.1036479.peg.2672,fig|6666666.1036479.peg.720,0.9049632549285889,0.0010740506123509729,Medium,High,Medium–High,,,0,no STRING match,no STRING match,2341,2631,1,1
530,fig|6666666.1036479.peg.3077,fig|6666666.1036479.peg.881,0.9048686683177948,0.0010760809537731866,Medium,High,Medium–High,,,0,no STRING match,no STRING match,2440,2674,1,1
531,fig|6666666.1036479.peg.2948,fig|6666666.1036479.peg.2092,0.9047329902648926,0.0010781112951954001,High,Medium,Medium–High,,,0,no STRING match,no STRING match,2410,2954,1,1
532,fig|6666666.1036479.peg.2506,fig|6666666.1036479.peg.370,0.9047077834606171,0.0010801416366176136,Very Low,High,Very Low–High,,,0,no STRING match,no STRING match,2270,2579,6,1
533,fig|6666666.1036479.peg.2516,fig|6666666.1036479.peg.370,0.9047077834606171,0.0010821719780398271,Very Low,High,Very Low–High,,,0,no STRING match,no STRING match,2270,2579,6,1
534,fig|6666666.1036479.peg.2522,fig|6666666.1036479.peg.370,0.9047077834606171,0.0010842023194620408,Very Low,High,Very Low–High,,,0,no STRING match,no STRING match,2270,2579,6,1
535,fig|6666666.1036479.peg.370,fig|6666666.1036479.peg.974,0.9047077834606171,0.0010862326608842543,High,Very Low,Very Low–High,,,0,no STRING match,no STRING match,2579,2270,1,6
536,fig|6666666.1036479.peg.370,fig|6666666.1036479.peg.979,0.9047077834606171,0.0010882630023064679,High,Very Low,Very Low–High,,,0,no STRING match,no STRING match,2579,2270,1,6
537,fig|6666666.1036479.peg.370,fig|6666666.1036479.peg.2491,0.9047077834606171,0.0010902933437286814,High,Very Low,Very Low–High,,,0,no STRING match,no STRING match,2579,2270,1,6
538,fig|6666666.1036479.peg.881,fig|6666666.1036479.peg.1947,0.9046613037586212,0.001092323685150895,High,Medium,Medium–High,,,0,no STRING match,no STRING match,2674,2930,1,1
539,fig|6666666.1036479.peg.725,fig|6666666.1036479.peg.1947,0.9045779764652252,0.0010943540265731086,Very Low,Medium,Very Low–Medium,,,0,no STRING match,no STRING match,2636,2930,1,1
540,fig|6666666.1036479.peg.1947,fig|6666666.1036479.peg.2436,0.9045740604400635,0.001096384367995322,Medium,Medium,Medium–Medium,,,0,no STRING match,no STRING match,2930,3033,1,1
541,fig|6666666.1036479.peg.2672,fig|6666666.1036479.peg.2106,0.9044240117073059,0.0010984147094175356,Medium,High,Medium–High,,Hypothetical protein.,0,no STRING match,secondary STRING hit (STRING protein assigned to a better match),2341,2959,1,1
542,fig|6666666.1036479.peg.370,fig|6666666.1036479.peg.728,0.9044037640094758,0.0011004450508397493,High,Medium,Medium–High,,,0,no STRING match,no STRING match,2579,2639,1,1
543,fig|6666666.1036479.peg.2948,fig|6666666.1036479.peg.1300,0.9043644547462464,0.0011024753922619628,High,Low,Low–High,,,0,no STRING match,no STRING match,2410,2763,1,1
544,fig|6666666.1036479.peg.1308,fig|6666666.1036479.peg.2436,0.9043423295021057,0.0011045057336841763,Medium,Medium,Medium–Medium,,,0,no STRING match,no STRING match,2764,3033,1,1
545,fig|6666666.1036479.peg.573,fig|6666666.1036479.peg.728,0.9043406844139099,0.0011065360751063898,Very Low,Medium,Very Low–Medium,Hypothetical protein.,,0,secondary STRING hit (STRING protein assigned to a better match),no STRING match,2601,2639,1,1
546,fig|6666666.1036479.peg.370,fig|6666666.1036479.peg.1074,0.9041824400424957,0.0011085664165286036,High,High,High–High,,,0,no STRING match,no STRING match,2579,2706,1,1
547,fig|6666666.1036479.peg.236,fig|6666666.1036479.peg.2364,0.9041571915149689,0.001110596757950817,Very Low,Medium,Very Low–Medium,,,0,no STRING match,no STRING match,2552,3022,1,1
548,fig|6666666.1036479.peg.2506,fig|6666666.1036479.peg.2516,0.9041076123714447,0.0011126270993730306,Very Low,Very Low,Very Low–Very Low,,,0,no STRING match,no STRING match,2270,2270,6,6
549,fig|6666666.1036479.peg.2506,fig|6666666.1036479.peg.2522,0.9041076123714447,0.001114657440795244,Very Low,Very Low,Very Low–Very Low,,,0,no STRING match,no STRING match,2270,2270,6,6
550,fig|6666666.1036479.peg.2506,fig|6666666.1036479.peg.974,0.9041076123714447,0.0011166877822174578,Very Low,Very Low,Very Low–Very Low,,,0,no STRING match,no STRING match,2270,2270,6,6
551,fig|6666666.1036479.peg.2506,fig|6666666.1036479.peg.979,0.9041076123714447,0.0011187181236396713,Very Low,Very Low,Very Low–Very Low,,,0,no STRING match,no STRING match,2270,2270,6,6
552,fig|6666666.1036479.peg.2506,fig|6666666.1036479.peg.2491,0.9041076123714447,0.0011207484650618848,Very Low,Very Low,Very Low–Very Low,,,0,no STRING match,no STRING match,2270,2270,6,6
553,fig|6666666.1036479.peg.2516,fig|6666666.1036479.peg.2522,0.9041076123714447,0.0011227788064840983,Very Low,Very Low,Very Low–Very Low,,,0,no STRING match,no STRING match,2270,2270,6,6
554,fig|6666666.1036479.peg.2516,fig|6666666.1036479.peg.974,0.9041076123714447,0.001124809147906312,Very Low,Very Low,Very Low–Very Low,,,0,no STRING match,no STRING match,2270,2270,6,6
555,fig|6666666.1036479.peg.2516,fig|6666666.1036479.peg.979,0.9041076123714447,0.0011268394893285255,Very Low,Very Low,Very Low–Very Low,,,0,no STRING match,no STRING match,2270,2270,6,6
556,fig|6666666.1036479.peg.2516,fig|6666666.1036479.peg.2491,0.9041076123714447,0.001128869830750739,Very Low,Very Low,Very Low–Very Low,,,0,no STRING match,no STRING match,2270,2270,6,6
557,fig|6666666.1036479.peg.2522,fig|6666666.1036479.peg.974,0.9041076123714447,0.0011309001721729525,Very Low,Very Low,Very Low–Very Low,,,0,no STRING match,no STRING match,2270,2270,6,6
558,fig|6666666.1036479.peg.2522,fig|6666666.1036479.peg.979,0.9041076123714447,0.0011329305135951663,Very Low,Very Low,Very Low–Very Low,,,0,no STRING match,no STRING match,2270,2270,6,6
559,fig|6666666.1036479.peg.2522,fig|6666666.1036479.peg.2491,0.9041076123714447,0.0011349608550173798,Very Low,Very Low,Very Low–Very Low,,,0,no STRING match,no STRING match,2270,2270,6,6
560,fig|6666666.1036479.peg.974,fig|6666666.1036479.peg.979,0.9041076123714447,0.0011369911964395933,Very Low,Very Low,Very Low–Very Low,,,0,no STRING match,no STRING match,2270,2270,6,6
561,fig|6666666.1036479.peg.974,fig|6666666.1036479.peg.2491,0.9041076123714447,0.0011390215378618068,Very Low,Very Low,Very Low–Very Low,,,0,no STRING match,no STRING match,2270,2270,6,6
562,fig|6666666.1036479.peg.979,fig|6666666.1036479.peg.2491,0.9041076123714447,0.0011410518792840205,Very Low,Very Low,Very Low–Very Low,,,0,no STRING match,no STRING match,2270,2270,6,6
563,fig|6666666.1036479.peg.411,fig|6666666.1036479.peg.2364,0.9040156245231629,0.001143082220706234,Low,Medium,Low–Medium,Hypothetical protein.,,0,secondary STRING hit (STRING protein assigned to a better match),no STRING match,2585,3022,1,1
564,fig|6666666.1036479.peg.370,fig|6666666.1036479.peg.2364,0.9037915468215942,0.0011451125621284475,High,Medium,Medium–High,,,0,no STRING match,no STRING match,2579,3022,1,1
565,fig|6666666.1036479.peg.3221,fig|6666666.1036479.peg.410,0.9037724077701569,0.001147142903550661,High,Very Low,Very Low–High,,,0,no STRING match,no STRING match,2472,2584,2,1
566,fig|6666666.1036479.peg.137,fig|6666666.1036479.peg.410,0.9037724077701569,0.0011491732449728747,High,Very Low,Very Low–High,,,0,no STRING match,no STRING match,2472,2584,2,1
567,fig|6666666.1036479.peg.2548,fig|6666666.1036479.peg.3107,0.9037383496761322,0.0011512035863950883,High,Very Low,Very Low–High,,,0,no STRING match,no STRING match,2298,2444,1,1
568,fig|6666666.1036479.peg.391,fig|6666666.1036479.peg.881,0.9037239491939545,0.0011532339278173018,Medium,High,Medium–High,,,0,no STRING match,no STRING match,2580,2674,1,1
569,fig|6666666.1036479.peg.2843,fig|6666666.1036479.peg.236,0.9037124216556549,0.0011552642692395153,Very Low,Very Low,Very Low–Very Low,,,0,no STRING match,no STRING match,2370,2552,1,1
570,fig|6666666.1036479.peg.2539,fig|6666666.1036479.peg.866,0.9036169528961182,0.001157294610661729,Low,High,Low–High,,,0,no STRING match,no STRING match,2289,2667,1,1
571,fig|6666666.1036479.peg.2987,fig|6666666.1036479.peg.370,0.903578120470047,0.0011593249520839425,Very Low,High,Very Low–High,,,0,no STRING match,no STRING match,2415,2579,1,1
572,fig|6666666.1036479.peg.2524,fig|6666666.1036479.peg.2548,0.9035692572593689,0.001161355293506156,Low,High,Low–High,,,0,no STRING match,no STRING match,2283,2298,1,1
573,fig|6666666.1036479.peg.2548,fig|6666666.1036479.peg.1657,0.9034202396869659,0.0011633856349283695,High,Medium,Medium–High,,,0,no STRING match,no STRING match,2298,2883,1,1
574,fig|6666666.1036479.peg.1308,fig|6666666.1036479.peg.2114,0.9033515155315399,0.0011654159763505832,Medium,Very Low,Very Low–Medium,,"COG1629 Outer membrane receptor proteins, mostly Fe transport.",0,no STRING match,secondary STRING hit (STRING protein assigned to a better match),2764,2964,1,1
575,fig|6666666.1036479.peg.3020,fig|6666666.1036479.peg.881,0.9033140778541565,0.0011674463177727967,Low,High,Low–High,,,0,no STRING match,no STRING match,2433,2674,1,1
576,fig|6666666.1036479.peg.318,fig|6666666.1036479.peg.410,0.9032923758029938,0.0011694766591950102,Low,Very Low,Very Low–Low,,,0,no STRING match,no STRING match,2576,2584,1,1
577,fig|6666666.1036479.peg.3077,fig|6666666.1036479.peg.866,0.9032319247722626,0.0011715070006172237,Medium,High,Medium–High,,,0,no STRING match,no STRING match,2440,2667,1,1
578,fig|6666666.1036479.peg.2960,fig|6666666.1036479.peg.89,0.9031724989414215,0.0011735373420394375,Low,Very Low,Very Low–Low,,,0,no STRING match,no STRING match,2412,2542,1,1
579,fig|6666666.1036479.peg.2504,fig|6666666.1036479.peg.370,0.9031658828258514,0.001175567683461651,Very Low,High,Very Low–High,,,0,no STRING match,no STRING match,2268,2579,1,1
580,fig|6666666.1036479.peg.3121,fig|6666666.1036479.peg.1966,0.9031639873981476,0.0011775980248838645,Very Low,Very Low,Very Low–Very Low,,,0,no STRING match,no STRING match,2446,2946,1,1
581,fig|6666666.1036479.peg.3020,fig|6666666.1036479.peg.2348,0.9031326234340668,0.001179628366306078,Low,High,Low–High,,,0,no STRING match,no STRING match,2433,3019,1,1
582,fig|6666666.1036479.peg.2672,fig|6666666.1036479.peg.1409,0.9030851662158966,0.0011816587077282917,Medium,Medium,Medium–Medium,,,0,no STRING match,no STRING match,2341,2812,1,1
583,fig|6666666.1036479.peg.2948,fig|6666666.1036479.peg.3222,0.9030494093894958,0.0011836890491505052,High,Medium,Medium–High,,,0,no STRING match,no STRING match,2410,2473,1,2
584,fig|6666666.1036479.peg.2948,fig|6666666.1036479.peg.138,0.9030494093894958,0.0011857193905727187,High,Medium,Medium–High,,,0,no STRING match,no STRING match,2410,2473,1,2
585,fig|6666666.1036479.peg.2506,fig|6666666.1036479.peg.881,0.903037142753601,0.0011877497319949322,Very Low,High,Very Low–High,,,0,no STRING match,no STRING match,2270,2674,6,1
586,fig|6666666.1036479.peg.2516,fig|6666666.1036479.peg.881,0.903037142753601,0.001189780073417146,Very Low,High,Very Low–High,,,0,no STRING match,no STRING match,2270,2674,6,1
587,fig|6666666.1036479.peg.2522,fig|6666666.1036479.peg.881,0.903037142753601,0.0011918104148393594,Very Low,High,Very Low–High,,,0,no STRING match,no STRING match,2270,2674,6,1
588,fig|6666666.1036479.peg.881,fig|6666666.1036479.peg.974,0.903037142753601,0.001193840756261573,High,Very Low,Very Low–High,,,0,no STRING match,no STRING match,2674,2270,1,6
589,fig|6666666.1036479.peg.881,fig|6666666.1036479.peg.979,0.903037142753601,0.0011958710976837865,High,Very Low,Very Low–High,,,0,no STRING match,no STRING match,2674,2270,1,6
590,fig|6666666.1036479.peg.881,fig|6666666.1036479.peg.2491,0.903037142753601,0.0011979014391060002,High,Very Low,Very Low–High,,,0,no STRING match,no STRING match,2674,2270,1,6
591,fig|6666666.1036479.peg.728,fig|6666666.1036479.peg.1947,0.902995640039444,0.0011999317805282137,Medium,Medium,Medium–Medium,,,0,no STRING match,no STRING match,2639,2930,1,1
592,fig|6666666.1036479.peg.1657,fig|6666666.1036479.peg.2364,0.902908456325531,0.0012019621219504272,Medium,Medium,Medium–Medium,,,0,no STRING match,no STRING match,2883,3022,1,1
593,fig|6666666.1036479.peg.3010,fig|6666666.1036479.peg.370,0.9028957962989808,0.0012039924633726407,Low,High,Low–High,,,0,no STRING match,no STRING match,2425,2579,1,1
594,fig|6666666.1036479.peg.3020,fig|6666666.1036479.peg.3222,0.9028878152370453,0.0012060228047948544,Low,Medium,Low–Medium,,,0,no STRING match,no STRING match,2433,2473,1,2
595,fig|6666666.1036479.peg.3020,fig|6666666.1036479.peg.138,0.9028878152370453,0.001208053146217068,Low,Medium,Low–Medium,,,0,no STRING match,no STRING match,2433,2473,1,2
596,fig|6666666.1036479.peg.3207,fig|6666666.1036479.peg.881,0.9027923941612244,0.0012100834876392814,Medium,High,Medium–High,,,0,no STRING match,no STRING match,2468,2674,1,1
597,fig|6666666.1036479.peg.2672,fig|6666666.1036479.peg.3015,0.9027870893478394,0.001212113829061495,Medium,Low,Low–Medium,,,0,no STRING match,no STRING match,2341,2428,1,1
598,fig|6666666.1036479.peg.1300,fig|6666666.1036479.peg.1947,0.9027580320835114,0.0012141441704837086,Low,Medium,Low–Medium,,,0,no STRING match,no STRING match,2763,2930,1,1
599,fig|6666666.1036479.peg.2948,fig|6666666.1036479.peg.236,0.9027310371398926,0.0012161745119059222,High,Very Low,Very Low–High,,,0,no STRING match,no STRING match,2410,2552,1,1
600,fig|6666666.1036479.peg.2987,fig|6666666.1036479.peg.411,0.902707439661026,0.0012182048533281357,Very Low,Low,Very Low–Low,,Hypothetical protein.,0,no STRING match,secondary STRING hit (STRING protein assigned to a better match),2415,2585,1,1
601,fig|6666666.1036479.peg.2539,fig|6666666.1036479.peg.370,0.9027050137519836,0.0012202351947503492,Low,High,Low–High,,,0,no STRING match,no STRING match,2289,2579,1,1
602,fig|6666666.1036479.peg.3142,fig|6666666.1036479.peg.411,0.9026810824871063,0.0012222655361725629,Low,Low,Low–Low,,Hypothetical protein.,0,no STRING match,secondary STRING hit (STRING protein assigned to a better match),2448,2585,1,1
603,fig|6666666.1036479.peg.2814,fig|6666666.1036479.peg.411,0.9026487469673157,0.0012242958775947764,Very Low,Low,Very Low–Low,,Hypothetical protein.,0,no STRING match,secondary STRING hit (STRING protein assigned to a better match),2358,2585,1,1
604,fig|6666666.1036479.peg.3017,fig|6666666.1036479.peg.1080,0.9026334524154663,0.00122632621901699,Medium,High,Medium–High,,,0,no STRING match,no STRING match,2430,2712,1,1
605,fig|6666666.1036479.peg.2588,fig|6666666.1036479.peg.309,0.902552604675293,0.0012283565604392034,Very Low,Very Low,Very Low–Very Low,,,0,no STRING match,no STRING match,2319,2569,1,1
606,fig|6666666.1036479.peg.2548,fig|6666666.1036479.peg.3213,0.902529388666153,0.0012303869018614171,High,Very Low,Very Low–High,,,0,no STRING match,no STRING match,2298,2470,1,1
607,fig|6666666.1036479.peg.866,fig|6666666.1036479.peg.2114,0.9024746060371399,0.0012324172432836306,High,Very Low,Very Low–High,,"COG1629 Outer membrane receptor proteins, mostly Fe transport.",0,no STRING match,secondary STRING hit (STRING protein assigned to a better match),2667,2964,1,1
608,fig|6666666.1036479.peg.2960,fig|6666666.1036479.peg.3017,0.9023990094661712,0.0012344475847058441,Low,Medium,Low–Medium,,,0,no STRING match,no STRING match,2412,2430,1,1
609,fig|6666666.1036479.peg.2679,fig|6666666.1036479.peg.1300,0.9023792266845703,0.0012364779261280576,Medium,Low,Low–Medium,,,0,no STRING match,no STRING match,2342,2763,1,1
610,fig|6666666.1036479.peg.725,fig|6666666.1036479.peg.1308,0.9023553967475891,0.0012385082675502714,Very Low,Medium,Very Low–Medium,,,0,no STRING match,no STRING match,2636,2764,1,1
611,fig|6666666.1036479.peg.573,fig|6666666.1036479.peg.1657,0.9023504137992859,0.0012405386089724849,Very Low,Medium,Very Low–Medium,Hypothetical protein.,,0,secondary STRING hit (STRING protein assigned to a better match),no STRING match,2601,2883,1,1
612,fig|6666666.1036479.peg.309,fig|6666666.1036479.peg.1966,0.9022801280021667,0.0012425689503946984,Very Low,Very Low,Very Low–Very Low,,,0,no STRING match,no STRING match,2569,2946,1,1
613,fig|6666666.1036479.peg.866,fig|6666666.1036479.peg.2436,0.9022413969039917,0.0012445992918169119,High,Medium,Medium–High,,,0,no STRING match,no STRING match,2667,3033,1,1
614,fig|6666666.1036479.peg.719,fig|6666666.1036479.peg.1947,0.9021548509597779,0.0012466296332391256,Medium,Medium,Medium–Medium,,,0,no STRING match,no STRING match,2630,2930,1,1
615,fig|6666666.1036479.peg.2504,fig|6666666.1036479.peg.881,0.902151244878769,0.001248659974661339,Very Low,High,Very Low–High,,,0,no STRING match,no STRING match,2268,2674,1,1
616,fig|6666666.1036479.peg.2548,fig|6666666.1036479.peg.1339,0.902139949798584,0.0012506903160835526,High,Very Low,Very Low–High,,,0,no STRING match,no STRING match,2298,2779,1,1
617,fig|6666666.1036479.peg.866,fig|6666666.1036479.peg.2092,0.9021253943443298,0.0012527206575057661,High,Medium,Medium–High,,,0,no STRING match,no STRING match,2667,2954,1,1
618,fig|6666666.1036479.peg.2843,fig|6666666.1036479.peg.725,0.9021137654781342,0.0012547509989279798,Very Low,Very Low,Very Low–Very Low,,,0,no STRING match,no STRING match,2370,2636,1,1
619,fig|6666666.1036479.peg.2548,fig|6666666.1036479.peg.2814,0.9020452678203583,0.0012567813403501933,High,Very Low,Very Low–High,,,0,no STRING match,no STRING match,2298,2358,1,1
620,fig|6666666.1036479.peg.881,fig|6666666.1036479.peg.1074,0.9020355582237244,0.0012588116817724068,High,High,High–High,,,0,no STRING match,no STRING match,2674,2706,1,1
621,fig|6666666.1036479.peg.2920,fig|6666666.1036479.peg.38,0.9020207643508911,0.0012608420231946204,Very Low,Low,Very Low–Low,,,0,no STRING match,no STRING match,2397,2526,1,2
622,fig|6666666.1036479.peg.2920,fig|6666666.1036479.peg.186,0.9020207643508911,0.001262872364616834,Very Low,Low,Very Low–Low,,,0,no STRING match,no STRING match,2397,2526,1,2
623,fig|6666666.1036479.peg.3231,fig|6666666.1036479.peg.38,0.9020087361335755,0.0012649027060390476,Very Low,Low,Very Low–Low,,,0,no STRING match,no STRING match,2482,2526,2,2
624,fig|6666666.1036479.peg.3231,fig|6666666.1036479.peg.186,0.9020087361335755,0.001266933047461261,Very Low,Low,Very Low–Low,,,0,no STRING match,no STRING match,2482,2526,2,2
625,fig|6666666.1036479.peg.38,fig|6666666.1036479.peg.147,0.9020087361335755,0.0012689633888834746,Low,Very Low,Very Low–Low,,,0,no STRING match,no STRING match,2526,2482,2,2
626,fig|6666666.1036479.peg.147,fig|6666666.1036479.peg.186,0.9020087361335755,0.0012709937303056883,Very Low,Low,Very Low–Low,,,0,no STRING match,no STRING match,2482,2526,2,2
627,fig|6666666.1036479.peg.411,fig|6666666.1036479.peg.1567,0.9018521726131439,0.0012730240717279018,Low,Low,Low–Low,Hypothetical protein.,,0,secondary STRING hit (STRING protein assigned to a better match),no STRING match,2585,2839,1,1
628,fig|6666666.1036479.peg.411,fig|6666666.1036479.peg.2114,0.9018412172794342,0.0012750544131501153,Low,Very Low,Very Low–Low,Hypothetical protein.,"COG1629 Outer membrane receptor proteins, mostly Fe transport.",0,secondary STRING hit (STRING protein assigned to a better match),secondary STRING hit (STRING protein assigned to a better match),2585,2964,1,1
629,fig|6666666.1036479.peg.2501,fig|6666666.1036479.peg.411,0.9017845034599304,0.0012770847545723288,High,Low,Low–High,,Hypothetical protein.,0,no STRING match,secondary STRING hit (STRING protein assigned to a better match),2265,2585,1,1
630,fig|6666666.1036479.peg.2843,fig|6666666.1036479.peg.1289,0.9017805814743042,0.0012791150959945425,Very Low,Very Low,Very Low–Very Low,,,0,no STRING match,no STRING match,2370,2762,1,1
631,fig|6666666.1036479.peg.3017,fig|6666666.1036479.peg.1566,0.901774787902832,0.001281145437416756,Medium,High,Medium–High,,,0,no STRING match,no STRING match,2430,2838,1,1
632,fig|6666666.1036479.peg.2509,fig|6666666.1036479.peg.370,0.9017074704170227,0.0012831757788389696,Very Low,High,Very Low–High,,,0,no STRING match,no STRING match,2273,2579,15,1
633,fig|6666666.1036479.peg.2513,fig|6666666.1036479.peg.370,0.9017074704170227,0.001285206120261183,Very Low,High,Very Low–High,,,0,no STRING match,no STRING match,2273,2579,15,1
634,fig|6666666.1036479.peg.2519,fig|6666666.1036479.peg.370,0.9017074704170227,0.0012872364616833968,Very Low,High,Very Low–High,,,0,no STRING match,no STRING match,2273,2579,15,1
635,fig|6666666.1036479.peg.2526,fig|6666666.1036479.peg.370,0.9017074704170227,0.0012892668031056103,Very Low,High,Very Low–High,,,0,no STRING match,no STRING match,2273,2579,15,1
636,fig|6666666.1036479.peg.2530,fig|6666666.1036479.peg.370,0.9017074704170227,0.0012912971445278238,Very Low,High,Very Low–High,,,0,no STRING match,no STRING match,2273,2579,15,1
637,fig|6666666.1036479.peg.2534,fig|6666666.1036479.peg.370,0.9017074704170227,0.0012933274859500373,Very Low,High,Very Low–High,,,0,no STRING match,no STRING match,2273,2579,15,1
638,fig|6666666.1036479.peg.3173,fig|6666666.1036479.peg.370,0.9017074704170227,0.001295357827372251,Very Low,High,Very Low–High,,,0,no STRING match,no STRING match,2273,2579,15,1
639,fig|6666666.1036479.peg.370,fig|6666666.1036479.peg.971,0.9017074704170227,0.0012973881687944645,High,Very Low,Very Low–High,,,0,no STRING match,no STRING match,2579,2273,1,15
640,fig|6666666.1036479.peg.370,fig|6666666.1036479.peg.976,0.9017074704170227,0.001299418510216678,High,Very Low,Very Low–High,,,0,no STRING match,no STRING match,2579,2273,1,15
641,fig|6666666.1036479.peg.370,fig|6666666.1036479.peg.981,0.9017074704170227,0.0013014488516388915,High,Very Low,Very Low–High,,,0,no STRING match,no STRING match,2579,2273,1,15
642,fig|6666666.1036479.peg.370,fig|6666666.1036479.peg.985,0.9017074704170227,0.0013034791930611053,High,Very Low,Very Low–High,,,0,no STRING match,no STRING match,2579,2273,1,15
643,fig|6666666.1036479.peg.370,fig|6666666.1036479.peg.989,0.9017074704170227,0.0013055095344833188,High,Very Low,Very Low–High,,,0,no STRING match,no STRING match,2579,2273,1,15
644,fig|6666666.1036479.peg.370,fig|6666666.1036479.peg.2489,0.9017074704170227,0.0013075398759055323,High,Very Low,Very Low–High,,,0,no STRING match,no STRING match,2579,2273,1,15
645,fig|6666666.1036479.peg.370,fig|6666666.1036479.peg.2494,0.9017074704170227,0.0013095702173277458,High,Very Low,Very Low–High,,,0,no STRING match,no STRING match,2579,2273,1,15
646,fig|6666666.1036479.peg.370,fig|6666666.1036479.peg.2498,0.9017074704170227,0.0013116005587499595,High,Very Low,Very Low–High,,,0,no STRING match,no STRING match,2579,2273,1,15
647,fig|6666666.1036479.peg.2843,fig|6666666.1036479.peg.2436,0.9016685605049133,0.001313630900172173,Very Low,Medium,Very Low–Medium,,,0,no STRING match,no STRING match,2370,3033,1,1
648,fig|6666666.1036479.peg.1947,fig|6666666.1036479.peg.2348,0.9016520082950592,0.0013156612415943865,Medium,High,Medium–High,,,0,no STRING match,no STRING match,2930,3019,1,1
649,fig|6666666.1036479.peg.2843,fig|6666666.1036479.peg.2092,0.901468688249588,0.0013176915830166,Very Low,Medium,Very Low–Medium,,,0,no STRING match,no STRING match,2370,2954,1,1
650,fig|6666666.1036479.peg.2960,fig|6666666.1036479.peg.1947,0.9014400780200958,0.0013197219244388137,Low,Medium,Low–Medium,,,0,no STRING match,no STRING match,2412,2930,1,1
651,fig|6666666.1036479.peg.2672,fig|6666666.1036479.peg.289,0.9014192044734954,0.0013217522658610272,Medium,High,Medium–High,,Hypothetical protein.,0,no STRING match,secondary STRING hit (STRING protein assigned to a better match),2341,2559,1,1
652,fig|6666666.1036479.peg.2960,fig|6666666.1036479.peg.1080,0.9013937532901763,0.0013237826072832407,Low,High,Low–High,,,0,no STRING match,no STRING match,2412,2712,1,1
653,fig|6666666.1036479.peg.3222,fig|6666666.1036479.peg.866,0.9013820111751556,0.0013258129487054543,Medium,High,Medium–High,,,0,no STRING match,no STRING match,2473,2667,2,1
654,fig|6666666.1036479.peg.138,fig|6666666.1036479.peg.866,0.9013820111751556,0.001327843290127668,Medium,High,Medium–High,,,0,no STRING match,no STRING match,2473,2667,2,1
655,fig|6666666.1036479.peg.411,fig|6666666.1036479.peg.2467,0.9013521552085877,0.0013298736315498815,Low,Low,Low–Low,Hypothetical protein.,,0,secondary STRING hit (STRING protein assigned to a better match),no STRING match,2585,3041,1,1
656,fig|6666666.1036479.peg.3184,fig|6666666.1036479.peg.573,0.901296865940094,0.001331903972972095,Very Low,Very Low,Very Low–Very Low,,Hypothetical protein.,0,no STRING match,secondary STRING hit (STRING protein assigned to a better match),2457,2601,1,1
657,fig|6666666.1036479.peg.2920,fig|6666666.1036479.peg.725,0.9012199580669403,0.0013339343143943085,Very Low,Very Low,Very Low–Very Low,,,0,no STRING match,no STRING match,2397,2636,1,1
658,fig|6666666.1036479.peg.2523,fig|6666666.1036479.peg.370,0.9012182652950287,0.0013359646558165222,Low,High,Low–High,,,0,no STRING match,no STRING match,2282,2579,1,1
659,fig|6666666.1036479.peg.2929,fig|6666666.1036479.peg.3020,0.9012085974216462,0.0013379949972387357,Very Low,Low,Very Low–Low,Hypothetical protein.,,0,secondary STRING hit (STRING protein assigned to a better match),no STRING match,2404,2433,1,1
660,fig|6666666.1036479.peg.2960,fig|6666666.1036479.peg.3020,0.9012048661708831,0.0013400253386609492,Low,Low,Low–Low,,,0,no STRING match,no STRING match,2412,2433,1,1
661,fig|6666666.1036479.peg.38,fig|6666666.1036479.peg.573,0.9011519134044648,0.0013420556800831627,Low,Very Low,Very Low–Low,,Hypothetical protein.,0,no STRING match,secondary STRING hit (STRING protein assigned to a better match),2526,2601,2,1
662,fig|6666666.1036479.peg.186,fig|6666666.1036479.peg.573,0.9011519134044648,0.0013440860215053765,Low,Very Low,Very Low–Low,,Hypothetical protein.,0,no STRING match,secondary STRING hit (STRING protein assigned to a better match),2526,2601,2,1
663,fig|6666666.1036479.peg.3020,fig|6666666.1036479.peg.1657,0.9011468648910522,0.00134611636292759,Low,Medium,Low–Medium,,,0,no STRING match,no STRING match,2433,2883,1,1
664,fig|6666666.1036479.peg.2948,fig|6666666.1036479.peg.3184,0.9010957598686218,0.0013481467043498035,High,Very Low,Very Low–High,,,0,no STRING match,no STRING match,2410,2457,1,1
665,fig|6666666.1036479.peg.2548,fig|6666666.1036479.peg.720,0.9009739041328431,0.001350177045772017,High,High,High–High,,,0,no STRING match,no STRING match,2298,2631,1,1
666,fig|6666666.1036479.peg.2843,fig|6666666.1036479.peg.3222,0.9009518682956695,0.0013522073871942307,Very Low,Medium,Very Low–Medium,,,0,no STRING match,no STRING match,2370,2473,1,2
667,fig|6666666.1036479.peg.2843,fig|6666666.1036479.peg.138,0.9009518682956695,0.0013542377286164442,Very Low,Medium,Very Low–Medium,,,0,no STRING match,no STRING match,2370,2473,1,2
668,fig|6666666.1036479.peg.2548,fig|6666666.1036479.peg.3078,0.9009457290172577,0.0013562680700386577,High,Medium,Medium–High,,,0,no STRING match,no STRING match,2298,2441,1,1
669,fig|6666666.1036479.peg.723,fig|6666666.1036479.peg.861,0.9008409857749939,0.0013582984114608712,High,High,High–High,,,0,no STRING match,no STRING match,2634,2665,1,1
670,fig|6666666.1036479.peg.2988,fig|6666666.1036479.peg.1657,0.9008364915847779,0.001360328752883085,Medium,Medium,Medium–Medium,Hypothetical protein.,,0,secondary STRING hit (STRING protein assigned to a better match),no STRING match,2416,2883,1,1
671,fig|6666666.1036479.peg.2550,fig|6666666.1036479.peg.2558,0.9008138239383697,0.0013623590943052984,Very Low,Very Low,Very Low–Very Low,,,0,no STRING match,no STRING match,2300,2300,2,2
672,fig|6666666.1036479.peg.3231,fig|6666666.1036479.peg.1947,0.9007457435131073,0.001364389435727512,Very Low,Medium,Very Low–Medium,,,0,no STRING match,no STRING match,2482,2930,2,1
673,fig|6666666.1036479.peg.147,fig|6666666.1036479.peg.1947,0.9007457435131073,0.0013664197771497254,Very Low,Medium,Very Low–Medium,,,0,no STRING match,no STRING match,2482,2930,2,1
674,fig|6666666.1036479.peg.2672,fig|6666666.1036479.peg.723,0.9007006227970124,0.0013684501185719392,Medium,High,Medium–High,,,0,no STRING match,no STRING match,2341,2634,1,1
675,fig|6666666.1036479.peg.2506,fig|6666666.1036479.peg.1300,0.9005772590637207,0.0013704804599941527,Very Low,Low,Very Low–Low,,,0,no STRING match,no STRING match,2270,2763,6,1
676,fig|6666666.1036479.peg.2516,fig|6666666.1036479.peg.1300,0.9005772590637207,0.0013725108014163662,Very Low,Low,Very Low–Low,,,0,no STRING match,no STRING match,2270,2763,6,1
677,fig|6666666.1036479.peg.2522,fig|6666666.1036479.peg.1300,0.9005772590637207,0.0013745411428385797,Very Low,Low,Very Low–Low,,,0,no STRING match,no STRING match,2270,2763,6,1
678,fig|6666666.1036479.peg.974,fig|6666666.1036479.peg.1300,0.9005772590637207,0.0013765714842607934,Very Low,Low,Very Low–Low,,,0,no STRING match,no STRING match,2270,2763,6,1
679,fig|6666666.1036479.peg.979,fig|6666666.1036479.peg.1300,0.9005772590637207,0.001378601825683007,Very Low,Low,Very Low–Low,,,0,no STRING match,no STRING match,2270,2763,6,1
680,fig|6666666.1036479.peg.1300,fig|6666666.1036479.peg.2491,0.9005772590637207,0.0013806321671052204,Low,Very Low,Very Low–Low,,,0,no STRING match,no STRING match,2763,2270,1,6
681,fig|6666666.1036479.peg.2672,fig|6666666.1036479.peg.3191,0.9005714952945709,0.001382662508527434,Medium,Medium,Medium–Medium,,,0,no STRING match,no STRING match,2341,2464,1,1
682,fig|6666666.1036479.peg.866,fig|6666666.1036479.peg.942,0.9005569815635681,0.0013846928499496476,High,Very Low,Very Low–High,,,0,no STRING match,no STRING match,2667,2691,1,1
683,fig|6666666.1036479.peg.3020,fig|6666666.1036479.peg.236,0.900518786907196,0.0013867231913718611,Low,Very Low,Very Low–Low,,,0,no STRING match,no STRING match,2433,2552,1,1
684,fig|6666666.1036479.peg.370,fig|6666666.1036479.peg.1567,0.9004443109035491,0.0013887535327940747,High,Low,Low–High,,,0,no STRING match,no STRING match,2579,2839,1,1
685,fig|6666666.1036479.peg.2988,fig|6666666.1036479.peg.2348,0.9004221141338349,0.0013907838742162882,Medium,High,Medium–High,Hypothetical protein.,,0,secondary STRING hit (STRING protein assigned to a better match),no STRING match,2416,3019,1,1
686,fig|6666666.1036479.peg.411,fig|6666666.1036479.peg.1082,0.9003564596176148,0.0013928142156385019,Low,Medium,Low–Medium,Hypothetical protein.,,0,secondary STRING hit (STRING protein assigned to a better match),no STRING match,2585,2714,1,1
687,fig|6666666.1036479.peg.2539,fig|6666666.1036479.peg.411,0.9003407597541809,0.0013948445570607154,Low,Low,Low–Low,,Hypothetical protein.,0,no STRING match,secondary STRING hit (STRING protein assigned to a better match),2289,2585,1,1
688,fig|6666666.1036479.peg.2547,fig|6666666.1036479.peg.866,0.9003393709659576,0.0013968748984829289,Medium,High,Medium–High,,,0,no STRING match,no STRING match,2297,2667,1,1
689,fig|6666666.1036479.peg.728,fig|6666666.1036479.peg.1308,0.9003000080585479,0.0013989052399051424,Medium,Medium,Medium–Medium,,,0,no STRING match,no STRING match,2639,2764,1,1
690,fig|6666666.1036479.peg.725,fig|6666666.1036479.peg.866,0.9002760827541352,0.0014009355813273561,Very Low,High,Very Low–High,,,0,no STRING match,no STRING match,2636,2667,1,1
691,fig|6666666.1036479.peg.3015,fig|6666666.1036479.peg.861,0.9002667903900147,0.0014029659227495696,Low,High,Low–High,,,0,no STRING match,no STRING match,2428,2665,1,1
692,fig|6666666.1036479.peg.1080,fig|6666666.1036479.peg.1566,0.9002555310726166,0.0014049962641717831,High,High,High–High,,,0,no STRING match,no STRING match,2712,2838,1,1
693,fig|6666666.1036479.peg.3020,fig|6666666.1036479.peg.3231,0.9001759171485901,0.0014070266055939966,Low,Very Low,Very Low–Low,,,0,no STRING match,no STRING match,2433,2482,1,2
694,fig|6666666.1036479.peg.3020,fig|6666666.1036479.peg.147,0.9001759171485901,0.0014090569470162104,Low,Very Low,Very Low–Low,,,0,no STRING match,no STRING match,2433,2482,1,2
695,fig|6666666.1036479.peg.2843,fig|6666666.1036479.peg.866,0.9001434445381165,0.0014110872884384239,Very Low,High,Very Low–High,,,0,no STRING match,no STRING match,2370,2667,1,1
696,fig|6666666.1036479.peg.2504,fig|6666666.1036479.peg.1300,0.90012286901474,0.0014131176298606374,Very Low,Low,Very Low–Low,,,0,no STRING match,no STRING match,2268,2763,1,1
697,fig|6666666.1036479.peg.2501,fig|6666666.1036479.peg.2548,0.9001029551029205,0.0014151479712828509,High,High,High–High,,,0,no STRING match,no STRING match,2265,2298,1,1
698,fig|6666666.1036479.peg.1119,fig|6666666.1036479.peg.1128,0.9000408470630645,0.0014171783127050646,Very Low,Very Low,Very Low–Very Low,,,0,no STRING match,no STRING match,2735,2744,1,1
699,fig|6666666.1036479.peg.3207,fig|6666666.1036479.peg.728,0.8999167561531067,0.001419208654127278,Medium,Medium,Medium–Medium,,,0,no STRING match,no STRING match,2468,2639,1,1
700,fig|6666666.1036479.peg.2548,fig|6666666.1036479.peg.3184,0.8999086856842041,0.0014212389955494916,High,Very Low,Very Low–High,,,0,no STRING match,no STRING match,2298,2457,1,1
701,fig|6666666.1036479.peg.3184,fig|6666666.1036479.peg.1947,0.8998930871486663,0.001423269336971705,Very Low,Medium,Very Low–Medium,,,0,no STRING match,no STRING match,2457,2930,1,1
702,fig|6666666.1036479.peg.2929,fig|6666666.1036479.peg.2988,0.8998814582824707,0.0014252996783939188,Very Low,Medium,Very Low–Medium,Hypothetical protein.,Hypothetical protein.,0,secondary STRING hit (STRING protein assigned to a better match),secondary STRING hit (STRING protein assigned to a better match),2404,2416,1,1
703,fig|6666666.1036479.peg.3223,fig|6666666.1036479.peg.861,0.8997631072998047,0.0014273300198161323,High,High,High–High,,,0,no STRING match,no STRING match,2474,2665,2,1
704,fig|6666666.1036479.peg.139,fig|6666666.1036479.peg.861,0.8997631072998047,0.0014293603612383458,High,High,High–High,,,0,no STRING match,no STRING match,2474,2665,2,1
705,fig|6666666.1036479.peg.2547,fig|6666666.1036479.peg.411,0.8997295260429382,0.0014313907026605593,Medium,Low,Low–Medium,,Hypothetical protein.,0,no STRING match,secondary STRING hit (STRING protein assigned to a better match),2297,2585,1,1
706,fig|6666666.1036479.peg.2523,fig|6666666.1036479.peg.881,0.8997129261493683,0.001433421044082773,Low,High,Low–High,,,0,no STRING match,no STRING match,2282,2674,1,1
707,fig|6666666.1036479.peg.861,fig|6666666.1036479.peg.2106,0.8996733069419861,0.0014354513855049866,High,High,High–High,,Hypothetical protein.,0,no STRING match,secondary STRING hit (STRING protein assigned to a better match),2665,2959,1,1
708,fig|6666666.1036479.peg.2548,fig|6666666.1036479.peg.2654,0.8996724843978882,0.0014374817269272,High,High,High–High,,,0,no STRING match,no STRING match,2298,2337,1,1
709,fig|6666666.1036479.peg.866,fig|6666666.1036479.peg.1567,0.8996484100818634,0.0014395120683494136,High,Low,Low–High,,,0,no STRING match,no STRING match,2667,2839,1,1
710,fig|6666666.1036479.peg.881,fig|6666666.1036479.peg.2347,0.8995006203651428,0.0014415424097716273,High,Low,Low–High,,,0,no STRING match,no STRING match,2674,3018,1,1
711,fig|6666666.1036479.peg.2960,fig|6666666.1036479.peg.1566,0.8994845390319824,0.0014435727511938408,Low,High,Low–High,,,0,no STRING match,no STRING match,2412,2838,1,1
712,fig|6666666.1036479.peg.3207,fig|6666666.1036479.peg.1300,0.8994757771492005,0.0014456030926160543,Medium,Low,Low–Medium,,,0,no STRING match,no STRING match,2468,2763,1,1
713,fig|6666666.1036479.peg.2654,fig|6666666.1036479.peg.411,0.8994299292564392,0.0014476334340382678,High,Low,Low–High,,Hypothetical protein.,0,no STRING match,secondary STRING hit (STRING protein assigned to a better match),2337,2585,1,1
714,fig|6666666.1036479.peg.2929,fig|6666666.1036479.peg.573,0.8994110703468323,0.0014496637754604815,Very Low,Very Low,Very Low–Very Low,Hypothetical protein.,Hypothetical protein.,0,secondary STRING hit (STRING protein assigned to a better match),secondary STRING hit (STRING protein assigned to a better match),2404,2601,1,1
715,fig|6666666.1036479.peg.411,fig|6666666.1036479.peg.652,0.8993903398513794,0.001451694116882695,Low,Very Low,Very Low–Low,Hypothetical protein.,,0,secondary STRING hit (STRING protein assigned to a better match),no STRING match,2585,2615,1,1
716,fig|6666666.1036479.peg.3207,fig|6666666.1036479.peg.38,0.8993867039680481,0.0014537244583049086,Medium,Low,Low–Medium,,,0,no STRING match,no STRING match,2468,2526,1,2
717,fig|6666666.1036479.peg.3207,fig|6666666.1036479.peg.186,0.8993867039680481,0.001455754799727122,Medium,Low,Low–Medium,,,0,no STRING match,no STRING match,2468,2526,1,2
718,fig|6666666.1036479.peg.720,fig|6666666.1036479.peg.861,0.8993661105632782,0.0014577851411493358,High,High,High–High,,,0,no STRING match,no STRING match,2631,2665,1,1
719,fig|6666666.1036479.peg.411,fig|6666666.1036479.peg.726,0.8993433535099029,0.0014598154825715493,Low,Very Low,Very Low–Low,Hypothetical protein.,,0,secondary STRING hit (STRING protein assigned to a better match),no STRING match,2585,2637,1,1
720,fig|6666666.1036479.peg.2929,fig|6666666.1036479.peg.2364,0.8992246150970459,0.0014618458239937628,Very Low,Medium,Very Low–Medium,Hypothetical protein.,,0,secondary STRING hit (STRING protein assigned to a better match),no STRING match,2404,3022,1,1
721,fig|6666666.1036479.peg.861,fig|6666666.1036479.peg.1080,0.8992043852806091,0.0014638761654159763,High,High,High–High,,,0,no STRING match,no STRING match,2665,2712,1,1
722,fig|6666666.1036479.peg.2672,fig|6666666.1036479.peg.1913,0.8991314888000488,0.00146590650683819,Medium,Very Low,Very Low–Medium,,,0,no STRING match,no STRING match,2341,2917,1,1
723,fig|6666666.1036479.peg.2948,fig|6666666.1036479.peg.3010,0.8991112232208252,0.0014679368482604035,High,Low,Low–High,,,0,no STRING match,no STRING match,2410,2425,1,1
724,fig|6666666.1036479.peg.1300,fig|6666666.1036479.peg.1416,0.8990628361701966,0.001469967189682617,Low,Medium,Low–Medium,,,0,no STRING match,no STRING match,2763,2817,1,1
725,fig|6666666.1036479.peg.2672,fig|6666666.1036479.peg.36,0.8989549815654755,0.0014719975311048305,Medium,Medium,Medium–Medium,,,0,no STRING match,no STRING match,2341,2524,1,2
726,fig|6666666.1036479.peg.2672,fig|6666666.1036479.peg.184,0.8989549815654755,0.0014740278725270443,Medium,Medium,Medium–Medium,,,0,no STRING match,no STRING match,2341,2524,1,2
727,fig|6666666.1036479.peg.2960,fig|6666666.1036479.peg.3207,0.8988802611827851,0.0014760582139492578,Low,Medium,Low–Medium,,,0,no STRING match,no STRING match,2412,2468,1,1
728,fig|6666666.1036479.peg.2672,fig|6666666.1036479.peg.1410,0.8988789677619934,0.0014780885553714713,Medium,Medium,Medium–Medium,,,0,no STRING match,no STRING match,2341,2813,1,1
729,fig|6666666.1036479.peg.3020,fig|6666666.1036479.peg.1300,0.8987890899181366,0.0014801188967936848,Low,Low,Low–Low,,,0,no STRING match,no STRING match,2433,2763,1,1
730,fig|6666666.1036479.peg.370,fig|6666666.1036479.peg.2114,0.8986862421035766,0.0014821492382158985,High,Very Low,Very Low–High,,"COG1629 Outer membrane receptor proteins, mostly Fe transport.",0,no STRING match,secondary STRING hit (STRING protein assigned to a better match),2579,2964,1,1
731,fig|6666666.1036479.peg.411,fig|6666666.1036479.peg.573,0.8986819565296174,0.001484179579638112,Low,Very Low,Very Low–Low,Hypothetical protein.,Hypothetical protein.,0,secondary STRING hit (STRING protein assigned to a better match),secondary STRING hit (STRING protein assigned to a better match),2585,2601,1,1
732,fig|6666666.1036479.peg.2920,fig|6666666.1036479.peg.881,0.8986810803413391,0.0014862099210603255,Very Low,High,Very Low–High,,,0,no STRING match,no STRING match,2397,2674,1,1
733,fig|6666666.1036479.peg.1289,fig|6666666.1036479.peg.2092,0.8986247420310974,0.001488240262482539,Very Low,Medium,Very Low–Medium,,,0,no STRING match,no STRING match,2762,2954,1,1
734,fig|6666666.1036479.peg.3184,fig|6666666.1036479.peg.1289,0.8985952436923981,0.0014902706039047527,Very Low,Very Low,Very Low–Very Low,,,0,no STRING match,no STRING match,2457,2762,1,1
735,fig|6666666.1036479.peg.2920,fig|6666666.1036479.peg.728,0.8985920667648315,0.0014923009453269662,Very Low,Medium,Very Low–Medium,,,0,no STRING match,no STRING match,2397,2639,1,1
736,fig|6666666.1036479.peg.3207,fig|6666666.1036479.peg.2348,0.8985679268836975,0.0014943312867491797,Medium,High,Medium–High,,,0,no STRING match,no STRING match,2468,3019,1,1
737,fig|6666666.1036479.peg.2920,fig|6666666.1036479.peg.719,0.8985516190528869,0.0014963616281713932,Very Low,Medium,Very Low–Medium,,,0,no STRING match,no STRING match,2397,2630,1,1
738,fig|6666666.1036479.peg.2548,fig|6666666.1036479.peg.726,0.8985511660575867,0.001498391969593607,High,Very Low,Very Low–High,,,0,no STRING match,no STRING match,2298,2637,1,1
739,fig|6666666.1036479.peg.3020,fig|6666666.1036479.peg.3184,0.898548173904419,0.0015004223110158205,Low,Very Low,Very Low–Low,,,0,no STRING match,no STRING match,2433,2457,1,1
740,fig|6666666.1036479.peg.411,fig|6666666.1036479.peg.719,0.8985141336917877,0.001502452652438034,Low,Medium,Low–Medium,Hypothetical protein.,,0,secondary STRING hit (STRING protein assigned to a better match),no STRING match,2585,2630,1,1
741,fig|6666666.1036479.peg.861,fig|6666666.1036479.peg.1409,0.8984995603561401,0.0015044829938602475,High,Medium,Medium–High,,,0,no STRING match,no STRING match,2665,2812,1,1
742,fig|6666666.1036479.peg.3184,fig|6666666.1036479.peg.866,0.8983973741531373,0.0015065133352824612,Very Low,High,Very Low–High,,,0,no STRING match,no STRING match,2457,2667,1,1
743,fig|6666666.1036479.peg.2988,fig|6666666.1036479.peg.2092,0.8982898116111755,0.0015085436767046747,Medium,Medium,Medium–Medium,Hypothetical protein.,,0,secondary STRING hit (STRING protein assigned to a better match),no STRING match,2416,2954,1,1
744,fig|6666666.1036479.peg.3017,fig|6666666.1036479.peg.3231,0.898174911737442,0.0015105740181268882,Medium,Very Low,Very Low–Medium,,,0,no STRING match,no STRING match,2430,2482,1,2
745,fig|6666666.1036479.peg.3017,fig|6666666.1036479.peg.147,0.898174911737442,0.0015126043595491017,Medium,Very Low,Very Low–Medium,,,0,no STRING match,no STRING match,2430,2482,1,2
746,fig|6666666.1036479.peg.2092,fig|6666666.1036479.peg.2364,0.8981632173061371,0.0015146347009713154,Medium,Medium,Medium–Medium,,,0,no STRING match,no STRING match,2954,3022,1,1
747,fig|6666666.1036479.peg.2348,fig|6666666.1036479.peg.2364,0.8981113076210022,0.001516665042393529,High,Medium,Medium–High,,,0,no STRING match,no STRING match,3019,3022,1,1
748,fig|6666666.1036479.peg.2929,fig|6666666.1036479.peg.1947,0.8981080174446106,0.0015186953838157425,Very Low,Medium,Very Low–Medium,Hypothetical protein.,,0,secondary STRING hit (STRING protein assigned to a better match),no STRING match,2404,2930,1,1
749,fig|6666666.1036479.peg.2988,fig|6666666.1036479.peg.236,0.8980943024158478,0.001520725725237956,Medium,Very Low,Very Low–Medium,Hypothetical protein.,,0,secondary STRING hit (STRING protein assigned to a better match),no STRING match,2416,2552,1,1
750,fig|6666666.1036479.peg.2920,fig|6666666.1036479.peg.3231,0.8980434536933899,0.0015227560666601697,Very Low,Very Low,Very Low–Very Low,,,0,no STRING match,no STRING match,2397,2482,1,2
751,fig|6666666.1036479.peg.2920,fig|6666666.1036479.peg.147,0.8980434536933899,0.0015247864080823832,Very Low,Very Low,Very Low–Very Low,,,0,no STRING match,no STRING match,2397,2482,1,2
752,fig|6666666.1036479.peg.3207,fig|6666666.1036479.peg.3231,0.8980235576629638,0.0015268167495045967,Medium,Very Low,Very Low–Medium,,,0,no STRING match,no STRING match,2468,2482,1,2
753,fig|6666666.1036479.peg.3207,fig|6666666.1036479.peg.147,0.8980235576629638,0.0015288470909268102,Medium,Very Low,Very Low–Medium,,,0,no STRING match,no STRING match,2468,2482,1,2
754,fig|6666666.1036479.peg.1947,fig|6666666.1036479.peg.2114,0.8980096757411957,0.001530877432349024,Medium,Very Low,Very Low–Medium,,"COG1629 Outer membrane receptor proteins, mostly Fe transport.",0,no STRING match,secondary STRING hit (STRING protein assigned to a better match),2930,2964,1,1
755,fig|6666666.1036479.peg.2509,fig|6666666.1036479.peg.866,0.8979640483856202,0.0015329077737712374,Very Low,High,Very Low–High,,,0,no STRING match,no STRING match,2273,2667,15,1
756,fig|6666666.1036479.peg.2513,fig|6666666.1036479.peg.866,0.8979640483856202,0.001534938115193451,Very Low,High,Very Low–High,,,0,no STRING match,no STRING match,2273,2667,15,1
757,fig|6666666.1036479.peg.2519,fig|6666666.1036479.peg.866,0.8979640483856202,0.0015369684566156644,Very Low,High,Very Low–High,,,0,no STRING match,no STRING match,2273,2667,15,1
758,fig|6666666.1036479.peg.2526,fig|6666666.1036479.peg.866,0.8979640483856202,0.0015389987980378782,Very Low,High,Very Low–High,,,0,no STRING match,no STRING match,2273,2667,15,1
759,fig|6666666.1036479.peg.2530,fig|6666666.1036479.peg.866,0.8979640483856202,0.0015410291394600917,Very Low,High,Very Low–High,,,0,no STRING match,no STRING match,2273,2667,15,1
760,fig|6666666.1036479.peg.2534,fig|6666666.1036479.peg.866,0.8979640483856202,0.0015430594808823052,Very Low,High,Very Low–High,,,0,no STRING match,no STRING match,2273,2667,15,1
761,fig|6666666.1036479.peg.3173,fig|6666666.1036479.peg.866,0.8979640483856202,0.0015450898223045187,Very Low,High,Very Low–High,,,0,no STRING match,no STRING match,2273,2667,15,1
762,fig|6666666.1036479.peg.866,fig|6666666.1036479.peg.971,0.8979640483856202,0.0015471201637267324,High,Very Low,Very Low–High,,,0,no STRING match,no STRING match,2667,2273,1,15
763,fig|6666666.1036479.peg.866,fig|6666666.1036479.peg.976,0.8979640483856202,0.001549150505148946,High,Very Low,Very Low–High,,,0,no STRING match,no STRING match,2667,2273,1,15
764,fig|6666666.1036479.peg.866,fig|6666666.1036479.peg.981,0.8979640483856202,0.0015511808465711594,High,Very Low,Very Low–High,,,0,no STRING match,no STRING match,2667,2273,1,15
765,fig|6666666.1036479.peg.866,fig|6666666.1036479.peg.985,0.8979640483856202,0.001553211187993373,High,Very Low,Very Low–High,,,0,no STRING match,no STRING match,2667,2273,1,15
766,fig|6666666.1036479.peg.866,fig|6666666.1036479.peg.989,0.8979640483856202,0.0015552415294155866,High,Very Low,Very Low–High,,,0,no STRING match,no STRING match,2667,2273,1,15
767,fig|6666666.1036479.peg.866,fig|6666666.1036479.peg.2489,0.8979640483856202,0.0015572718708378001,High,Very Low,Very Low–High,,,0,no STRING match,no STRING match,2667,2273,1,15
768,fig|6666666.1036479.peg.866,fig|6666666.1036479.peg.2494,0.8979640483856202,0.0015593022122600136,High,Very Low,Very Low–High,,,0,no STRING match,no STRING match,2667,2273,1,15
769,fig|6666666.1036479.peg.866,fig|6666666.1036479.peg.2498,0.8979640483856202,0.0015613325536822271,High,Very Low,Very Low–High,,,0,no STRING match,no STRING match,2667,2273,1,15
770,fig|6666666.1036479.peg.2548,fig|6666666.1036479.peg.1215,0.8979558110237121,0.0015633628951044409,High,Low,Low–High,,,0,no STRING match,no STRING match,2298,2751,1,1
771,fig|6666666.1036479.peg.411,fig|6666666.1036479.peg.1215,0.8977159917354584,0.0015653932365266544,Low,Low,Low–Low,Hypothetical protein.,,0,secondary STRING hit (STRING protein assigned to a better match),no STRING match,2585,2751,1,1
772,fig|6666666.1036479.peg.719,fig|6666666.1036479.peg.866,0.8976284205913544,0.0015674235779488679,Medium,High,Medium–High,,,0,no STRING match,no STRING match,2630,2667,1,1
773,fig|6666666.1036479.peg.2988,fig|6666666.1036479.peg.3231,0.8976190149784088,0.0015694539193710814,Medium,Very Low,Very Low–Medium,Hypothetical protein.,,0,secondary STRING hit (STRING protein assigned to a better match),no STRING match,2416,2482,1,2
774,fig|6666666.1036479.peg.2988,fig|6666666.1036479.peg.147,0.8976190149784088,0.001571484260793295,Medium,Very Low,Very Low–Medium,Hypothetical protein.,,0,secondary STRING hit (STRING protein assigned to a better match),no STRING match,2416,2482,1,2
775,fig|6666666.1036479.peg.2505,fig|6666666.1036479.peg.2548,0.8975520014762879,0.0015735146022155086,Very Low,High,Very Low–High,,,0,no STRING match,no STRING match,2269,2298,1,1
776,fig|6666666.1036479.peg.2547,fig|6666666.1036479.peg.370,0.8975395381450653,0.0015755449436377221,Medium,High,Medium–High,,,0,no STRING match,no STRING match,2297,2579,1,1
777,fig|6666666.1036479.peg.289,fig|6666666.1036479.peg.861,0.8975266814231873,0.0015775752850599356,High,High,High–High,Hypothetical protein.,,0,secondary STRING hit (STRING protein assigned to a better match),no STRING match,2559,2665,1,1
778,fig|6666666.1036479.peg.2988,fig|6666666.1036479.peg.38,0.8974689543247223,0.0015796056264821493,Medium,Low,Low–Medium,Hypothetical protein.,,0,secondary STRING hit (STRING protein assigned to a better match),no STRING match,2416,2526,1,2
779,fig|6666666.1036479.peg.2988,fig|6666666.1036479.peg.186,0.8974689543247223,0.0015816359679043629,Medium,Low,Low–Medium,Hypothetical protein.,,0,secondary STRING hit (STRING protein assigned to a better match),no STRING match,2416,2526,1,2
780,fig|6666666.1036479.peg.3231,fig|6666666.1036479.peg.2348,0.897457629442215,0.0015836663093265764,Very Low,High,Very Low–High,,,0,no STRING match,no STRING match,2482,3019,2,1
781,fig|6666666.1036479.peg.147,fig|6666666.1036479.peg.2348,0.897457629442215,0.0015856966507487899,Very Low,High,Very Low–High,,,0,no STRING match,no STRING match,2482,3019,2,1
782,fig|6666666.1036479.peg.2960,fig|6666666.1036479.peg.2348,0.8974481403827668,0.0015877269921710036,Low,High,Low–High,,,0,no STRING match,no STRING match,2412,3019,1,1
783,fig|6666666.1036479.peg.3033,fig|6666666.1036479.peg.370,0.8974460244178772,0.001589757333593217,Low,High,Low–High,,,0,no STRING match,no STRING match,2437,2579,1,1
784,fig|6666666.1036479.peg.1308,fig|6666666.1036479.peg.2348,0.8974432051181793,0.0015917876750154306,Medium,High,Medium–High,,,0,no STRING match,no STRING match,2764,3019,1,1
785,fig|6666666.1036479.peg.370,fig|6666666.1036479.peg.942,0.897424864768982,0.001593818016437644,High,Very Low,Very Low–High,,,0,no STRING match,no STRING match,2579,2691,1,1
786,fig|6666666.1036479.peg.3010,fig|6666666.1036479.peg.3020,0.8974124550819397,0.0015958483578598578,Low,Low,Low–Low,,,0,no STRING match,no STRING match,2425,2433,1,1
787,fig|6666666.1036479.peg.236,fig|6666666.1036479.peg.1947,0.8973556458950043,0.0015978786992820713,Very Low,Medium,Very Low–Medium,,,0,no STRING match,no STRING match,2552,2930,1,1
788,fig|6666666.1036479.peg.2920,fig|6666666.1036479.peg.2960,0.8973047018051148,0.0015999090407042848,Very Low,Low,Very Low–Low,,,0,no STRING match,no STRING match,2397,2412,1,1
789,fig|6666666.1036479.peg.2920,fig|6666666.1036479.peg.1300,0.8972497045993805,0.0016019393821264983,Very Low,Low,Very Low–Low,,,0,no STRING match,no STRING match,2397,2763,1,1
790,fig|6666666.1036479.peg.2920,fig|6666666.1036479.peg.2436,0.8971779763698577,0.001603969723548712,Very Low,Medium,Very Low–Medium,,,0,no STRING match,no STRING match,2397,3033,1,1
791,fig|6666666.1036479.peg.1657,fig|6666666.1036479.peg.1947,0.8971291244029999,0.0016060000649709256,Medium,Medium,Medium–Medium,,,0,no STRING match,no STRING match,2883,2930,1,1
792,fig|6666666.1036479.peg.410,fig|6666666.1036479.peg.882,0.8970109343528747,0.001608030406393139,Very Low,Very Low,Very Low–Very Low,,,0,no STRING match,no STRING match,2584,2675,1,1
793,fig|6666666.1036479.peg.157,fig|6666666.1036479.peg.410,0.8969967722892761,0.0016100607478153526,Very Low,Very Low,Very Low–Very Low,,,0,no STRING match,no STRING match,2547,2584,1,1
794,fig|6666666.1036479.peg.38,fig|6666666.1036479.peg.1308,0.8969671130180359,0.0016120910892375663,Low,Medium,Low–Medium,,,0,no STRING match,no STRING match,2526,2764,2,1
795,fig|6666666.1036479.peg.186,fig|6666666.1036479.peg.1308,0.8969671130180359,0.0016141214306597798,Low,Medium,Low–Medium,,,0,no STRING match,no STRING match,2526,2764,2,1
796,fig|6666666.1036479.peg.2987,fig|6666666.1036479.peg.861,0.8969643831253051,0.0016161517720819933,Very Low,High,Very Low–High,,,0,no STRING match,no STRING match,2415,2665,1,1
797,fig|6666666.1036479.peg.2948,fig|6666666.1036479.peg.942,0.8969335675239563,0.0016181821135042068,High,Very Low,Very Low–High,,,0,no STRING match,no STRING match,2410,2691,1,1
798,fig|6666666.1036479.peg.2539,fig|6666666.1036479.peg.861,0.8969316899776458,0.0016202124549264205,Low,High,Low–High,,,0,no STRING match,no STRING match,2289,2665,1,1
799,fig|6666666.1036479.peg.2520,fig|6666666.1036479.peg.2548,0.8969271898269653,0.001622242796348634,Very Low,High,Very Low–High,,,0,no STRING match,no STRING match,2280,2298,1,1
800,fig|6666666.1036479.peg.3017,fig|6666666.1036479.peg.861,0.8968991756439209,0.0016242731377708475,Medium,High,Medium–High,,,0,no STRING match,no STRING match,2430,2665,1,1
801,fig|6666666.1036479.peg.2920,fig|6666666.1036479.peg.2092,0.8968847930431366,0.001626303479193061,Very Low,Medium,Very Low–Medium,,,0,no STRING match,no STRING match,2397,2954,1,1
802,fig|6666666.1036479.peg.3213,fig|6666666.1036479.peg.866,0.8967942297458649,0.0016283338206152748,Very Low,High,Very Low–High,,,0,no STRING match,no STRING match,2470,2667,1,1
803,fig|6666666.1036479.peg.2548,fig|6666666.1036479.peg.2278,0.8967785120010376,0.0016303641620374883,High,Low,Low–High,,,0,no STRING match,no STRING match,2298,3005,1,1
804,fig|6666666.1036479.peg.3207,fig|6666666.1036479.peg.719,0.8967607021331787,0.0016323945034597018,Medium,Medium,Medium–Medium,,,0,no STRING match,no STRING match,2468,2630,1,1
805,fig|6666666.1036479.peg.2523,fig|6666666.1036479.peg.1300,0.8967420101165772,0.0016344248448819153,Low,Low,Low–Low,,,0,no STRING match,no STRING match,2282,2763,1,1
806,fig|6666666.1036479.peg.2672,fig|6666666.1036479.peg.887,0.8967160284519196,0.001636455186304129,Medium,Medium,Medium–Medium,,,0,no STRING match,no STRING match,2341,2680,1,1
807,fig|6666666.1036479.peg.3222,fig|6666666.1036479.peg.2364,0.896704512834549,0.0016384855277263425,Medium,Medium,Medium–Medium,,,0,no STRING match,no STRING match,2473,3022,2,1
808,fig|6666666.1036479.peg.138,fig|6666666.1036479.peg.2364,0.896704512834549,0.001640515869148556,Medium,Medium,Medium–Medium,,,0,no STRING match,no STRING match,2473,3022,2,1
809,fig|6666666.1036479.peg.861,fig|6666666.1036479.peg.887,0.8966893911361694,0.0016425462105707695,High,Medium,Medium–High,,,0,no STRING match,no STRING match,2665,2680,1,1
810,fig|6666666.1036479.peg.411,fig|6666666.1036479.peg.942,0.8966421723365784,0.0016445765519929832,Low,Very Low,Very Low–Low,Hypothetical protein.,,0,secondary STRING hit (STRING protein assigned to a better match),no STRING match,2585,2691,1,1
811,fig|6666666.1036479.peg.881,fig|6666666.1036479.peg.1308,0.8966154992580414,0.0016466068934151968,High,Medium,Medium–High,,,0,no STRING match,no STRING match,2674,2764,1,1
812,fig|6666666.1036479.peg.2672,fig|6666666.1036479.peg.2405,0.8965346395969391,0.0016486372348374103,Medium,Medium,Medium–Medium,,Hypothetical protein; COG0605 Superoxide dismutase.,0,no STRING match,secondary STRING hit (STRING protein assigned to a better match),2341,3029,1,1
813,fig|6666666.1036479.peg.411,fig|6666666.1036479.peg.720,0.8965104997158051,0.0016506675762596238,Low,High,Low–High,Hypothetical protein.,,0,secondary STRING hit (STRING protein assigned to a better match),no STRING match,2585,2631,1,1
814,fig|6666666.1036479.peg.2929,fig|6666666.1036479.peg.866,0.8963420033454895,0.0016526979176818375,Very Low,High,Very Low–High,Hypothetical protein.,,0,secondary STRING hit (STRING protein assigned to a better match),no STRING match,2404,2667,1,1
815,fig|6666666.1036479.peg.2548,fig|6666666.1036479.peg.2092,0.8962688684463501,0.001654728259104051,High,Medium,Medium–High,,,0,no STRING match,no STRING match,2298,2954,1,1
816,fig|6666666.1036479.peg.2672,fig|6666666.1036479.peg.2093,0.896213048696518,0.0016567586005262645,Medium,Medium,Medium–Medium,,,0,no STRING match,no STRING match,2341,2955,1,1
817,fig|6666666.1036479.peg.2672,fig|6666666.1036479.peg.89,0.8961666822433472,0.001658788941948478,Medium,Very Low,Very Low–Medium,,,0,no STRING match,no STRING match,2341,2542,1,1
818,fig|6666666.1036479.peg.2920,fig|6666666.1036479.peg.2114,0.896161037683487,0.0016608192833706917,Very Low,Very Low,Very Low–Very Low,,"COG1629 Outer membrane receptor proteins, mostly Fe transport.",0,no STRING match,secondary STRING hit (STRING protein assigned to a better match),2397,2964,1,1
819,fig|6666666.1036479.peg.370,fig|6666666.1036479.peg.652,0.8960713803768158,0.0016628496247929052,High,Very Low,Very Low–High,,,0,no STRING match,no STRING match,2579,2615,1,1
820,fig|6666666.1036479.peg.866,fig|6666666.1036479.peg.1074,0.8960609078407288,0.0016648799662151187,High,High,High–High,,,0,no STRING match,no STRING match,2667,2706,1,1
821,fig|6666666.1036479.peg.2532,fig|6666666.1036479.peg.370,0.8960512995719909,0.0016669103076373322,Low,High,Low–High,,,0,no STRING match,no STRING match,2284,2579,4,1
822,fig|6666666.1036479.peg.3171,fig|6666666.1036479.peg.370,0.8960512995719909,0.001668940649059546,Low,High,Low–High,,,0,no STRING match,no STRING match,2284,2579,4,1
823,fig|6666666.1036479.peg.370,fig|6666666.1036479.peg.987,0.8960512995719909,0.0016709709904817595,High,Low,Low–High,,,0,no STRING match,no STRING match,2579,2284,1,4
824,fig|6666666.1036479.peg.370,fig|6666666.1036479.peg.2492,0.8960512995719909,0.001673001331903973,High,Low,Low–High,,,0,no STRING match,no STRING match,2579,2284,1,4
825,fig|6666666.1036479.peg.309,fig|6666666.1036479.peg.1602,0.8960198819637298,0.0016750316733261865,Very Low,Very Low,Very Low–Very Low,,,0,no STRING match,no STRING match,2569,2860,1,2
826,fig|6666666.1036479.peg.309,fig|6666666.1036479.peg.1609,0.8960198819637298,0.0016770620147484002,Very Low,Very Low,Very Low–Very Low,,,0,no STRING match,no STRING match,2569,2860,1,2
827,fig|6666666.1036479.peg.725,fig|6666666.1036479.peg.1289,0.8959695219993591,0.0016790923561706137,Very Low,Very Low,Very Low–Very Low,,,0,no STRING match,no STRING match,2636,2762,1,1
828,fig|6666666.1036479.peg.3142,fig|6666666.1036479.peg.370,0.8959393382072449,0.0016811226975928272,Low,High,Low–High,,,0,no STRING match,no STRING match,2448,2579,1,1
829,fig|6666666.1036479.peg.861,fig|6666666.1036479.peg.1416,0.8959139943122864,0.0016831530390150407,High,Medium,Medium–High,,,0,no STRING match,no STRING match,2665,2817,1,1
830,fig|6666666.1036479.peg.2948,fig|6666666.1036479.peg.2455,0.8958794116973877,0.0016851833804372544,High,Medium,Medium–High,,,0,no STRING match,no STRING match,2410,3038,1,1
831,fig|6666666.1036479.peg.861,fig|6666666.1036479.peg.1410,0.8958479523658752,0.001687213721859468,High,Medium,Medium–High,,,0,no STRING match,no STRING match,2665,2813,1,1
832,fig|6666666.1036479.peg.3107,fig|6666666.1036479.peg.370,0.8958094656467438,0.0016892440632816814,Very Low,High,Very Low–High,,,0,no STRING match,no STRING match,2444,2579,1,1
833,fig|6666666.1036479.peg.370,fig|6666666.1036479.peg.2347,0.8957601130008698,0.001691274404703895,High,Low,Low–High,,,0,no STRING match,no STRING match,2579,3018,1,1
834,fig|6666666.1036479.peg.2988,fig|6666666.1036479.peg.3222,0.8957561671733856,0.0016933047461261087,Medium,Medium,Medium–Medium,Hypothetical protein.,,0,secondary STRING hit (STRING protein assigned to a better match),no STRING match,2416,2473,1,2
835,fig|6666666.1036479.peg.2988,fig|6666666.1036479.peg.138,0.8957561671733856,0.0016953350875483222,Medium,Medium,Medium–Medium,Hypothetical protein.,,0,secondary STRING hit (STRING protein assigned to a better match),no STRING match,2416,2473,1,2
836,fig|6666666.1036479.peg.2506,fig|6666666.1036479.peg.2523,0.8957330405712127,0.0016973654289705357,Very Low,Low,Very Low–Low,,,0,no STRING match,no STRING match,2270,2282,6,1
837,fig|6666666.1036479.peg.2516,fig|6666666.1036479.peg.2523,0.8957330405712127,0.0016993957703927492,Very Low,Low,Very Low–Low,,,0,no STRING match,no STRING match,2270,2282,6,1
838,fig|6666666.1036479.peg.2522,fig|6666666.1036479.peg.2523,0.8957330405712127,0.001701426111814963,Very Low,Low,Very Low–Low,,,0,no STRING match,no STRING match,2270,2282,6,1
839,fig|6666666.1036479.peg.2523,fig|6666666.1036479.peg.974,0.8957330405712127,0.0017034564532371764,Low,Very Low,Very Low–Low,,,0,no STRING match,no STRING match,2282,2270,1,6
840,fig|6666666.1036479.peg.2523,fig|6666666.1036479.peg.979,0.8957330405712127,0.00170548679465939,Low,Very Low,Very Low–Low,,,0,no STRING match,no STRING match,2282,2270,1,6
841,fig|6666666.1036479.peg.2523,fig|6666666.1036479.peg.2491,0.8957330405712127,0.0017075171360816034,Low,Very Low,Very Low–Low,,,0,no STRING match,no STRING match,2282,2270,1,6
842,fig|6666666.1036479.peg.2672,fig|6666666.1036479.peg.2454,0.8957016825675964,0.0017095474775038171,Medium,Medium,Medium–Medium,,,0,no STRING match,no STRING match,2341,3037,1,1
843,fig|6666666.1036479.peg.2679,fig|6666666.1036479.peg.861,0.8956381201744079,0.0017115778189260307,Medium,High,Medium–High,,,0,no STRING match,no STRING match,2342,2665,1,1
844,fig|6666666.1036479.peg.861,fig|6666666.1036479.peg.2093,0.8956171154975892,0.0017136081603482442,High,Medium,Medium–High,,,0,no STRING match,no STRING match,2665,2955,1,1
845,fig|6666666.1036479.peg.728,fig|6666666.1036479.peg.1289,0.8955773532390594,0.0017156385017704577,Medium,Very Low,Very Low–Medium,,,0,no STRING match,no STRING match,2639,2762,1,1
846,fig|6666666.1036479.peg.36,fig|6666666.1036479.peg.861,0.8954482614994049,0.0017176688431926714,Medium,High,Medium–High,,,0,no STRING match,no STRING match,2524,2665,2,1
847,fig|6666666.1036479.peg.184,fig|6666666.1036479.peg.861,0.8954482614994049,0.001719699184614885,Medium,High,Medium–High,,,0,no STRING match,no STRING match,2524,2665,2,1
848,fig|6666666.1036479.peg.2588,fig|6666666.1036479.peg.2484,0.89539675116539,0.0017217295260370984,Very Low,Very Low,Very Low–Very Low,,,0,no STRING match,no STRING match,2319,3046,1,1
849,fig|6666666.1036479.peg.2918,fig|6666666.1036479.peg.2960,0.8953936934471131,0.001723759867459312,Very Low,Low,Very Low–Low,,,0,no STRING match,no STRING match,2396,2412,1,1
850,fig|6666666.1036479.peg.2548,fig|6666666.1036479.peg.281,0.8953778982162476,0.0017257902088815256,High,Very Low,Very Low–High,,,0,no STRING match,no STRING match,2298,2558,1,1
851,fig|6666666.1036479.peg.3107,fig|6666666.1036479.peg.411,0.8953683137893677,0.0017278205503037391,Very Low,Low,Very Low–Low,,Hypothetical protein.,0,no STRING match,secondary STRING hit (STRING protein assigned to a better match),2444,2585,1,1
852,fig|6666666.1036479.peg.1308,fig|6666666.1036479.peg.1657,0.895259165763855,0.0017298508917259526,Medium,Medium,Medium–Medium,,,0,no STRING match,no STRING match,2764,2883,1,1
853,fig|6666666.1036479.peg.2672,fig|6666666.1036479.peg.1945,0.8952071130275726,0.0017318812331481661,Medium,Very Low,Very Low–Medium,,,0,no STRING match,no STRING match,2341,2928,1,1
854,fig|6666666.1036479.peg.2960,fig|6666666.1036479.peg.1308,0.8951577186584473,0.0017339115745703799,Low,Medium,Low–Medium,,,0,no STRING match,no STRING match,2412,2764,1,1
855,fig|6666666.1036479.peg.2548,fig|6666666.1036479.peg.3015,0.8951180577278137,0.0017359419159925934,High,Low,Low–High,,,0,no STRING match,no STRING match,2298,2428,1,1
856,fig|6666666.1036479.peg.2509,fig|6666666.1036479.peg.881,0.8950917840003967,0.0017379722574148069,Very Low,High,Very Low–High,,,0,no STRING match,no STRING match,2273,2674,15,1
857,fig|6666666.1036479.peg.2513,fig|6666666.1036479.peg.881,0.8950917840003967,0.0017400025988370204,Very Low,High,Very Low–High,,,0,no STRING match,no STRING match,2273,2674,15,1
858,fig|6666666.1036479.peg.2519,fig|6666666.1036479.peg.881,0.8950917840003967,0.001742032940259234,Very Low,High,Very Low–High,,,0,no STRING match,no STRING match,2273,2674,15,1
859,fig|6666666.1036479.peg.2526,fig|6666666.1036479.peg.881,0.8950917840003967,0.0017440632816814476,Very Low,High,Very Low–High,,,0,no STRING match,no STRING match,2273,2674,15,1
860,fig|6666666.1036479.peg.2530,fig|6666666.1036479.peg.881,0.8950917840003967,0.0017460936231036611,Very Low,High,Very Low–High,,,0,no STRING match,no STRING match,2273,2674,15,1
861,fig|6666666.1036479.peg.2534,fig|6666666.1036479.peg.881,0.8950917840003967,0.0017481239645258746,Very Low,High,Very Low–High,,,0,no STRING match,no STRING match,2273,2674,15,1
862,fig|6666666.1036479.peg.3173,fig|6666666.1036479.peg.881,0.8950917840003967,0.0017501543059480883,Very Low,High,Very Low–High,,,0,no STRING match,no STRING match,2273,2674,15,1
863,fig|6666666.1036479.peg.881,fig|6666666.1036479.peg.971,0.8950917840003967,0.0017521846473703018,High,Very Low,Very Low–High,,,0,no STRING match,no STRING match,2674,2273,1,15
864,fig|6666666.1036479.peg.881,fig|6666666.1036479.peg.976,0.8950917840003967,0.0017542149887925153,High,Very Low,Very Low–High,,,0,no STRING match,no STRING match,2674,2273,1,15
865,fig|6666666.1036479.peg.881,fig|6666666.1036479.peg.981,0.8950917840003967,0.0017562453302147289,High,Very Low,Very Low–High,,,0,no STRING match,no STRING match,2674,2273,1,15
866,fig|6666666.1036479.peg.881,fig|6666666.1036479.peg.985,0.8950917840003967,0.0017582756716369426,High,Very Low,Very Low–High,,,0,no STRING match,no STRING match,2674,2273,1,15
867,fig|6666666.1036479.peg.881,fig|6666666.1036479.peg.989,0.8950917840003967,0.001760306013059156,High,Very Low,Very Low–High,,,0,no STRING match,no STRING match,2674,2273,1,15
868,fig|6666666.1036479.peg.881,fig|6666666.1036479.peg.2489,0.8950917840003967,0.0017623363544813696,High,Very Low,Very Low–High,,,0,no STRING match,no STRING match,2674,2273,1,15
869,fig|6666666.1036479.peg.881,fig|6666666.1036479.peg.2494,0.8950917840003967,0.001764366695903583,High,Very Low,Very Low–High,,,0,no STRING match,no STRING match,2674,2273,1,15
870,fig|6666666.1036479.peg.881,fig|6666666.1036479.peg.2498,0.8950917840003967,0.0017663970373257968,High,Very Low,Very Low–High,,,0,no STRING match,no STRING match,2674,2273,1,15
871,fig|6666666.1036479.peg.2535,fig|6666666.1036479.peg.2548,0.8950395882129669,0.0017684273787480103,Very Low,High,Very Low–High,,,0,no STRING match,no STRING match,2285,2298,1,1
872,fig|6666666.1036479.peg.1289,fig|6666666.1036479.peg.2348,0.8950255870819092,0.0017704577201702238,Very Low,High,Very Low–High,,,0,no STRING match,no STRING match,2762,3019,1,1
873,fig|6666666.1036479.peg.2843,fig|6666666.1036479.peg.719,0.8950042724609375,0.0017724880615924373,Very Low,Medium,Very Low–Medium,,,0,no STRING match,no STRING match,2370,2630,1,1
874,fig|6666666.1036479.peg.573,fig|6666666.1036479.peg.2348,0.8949577152729035,0.001774518403014651,Very Low,High,Very Low–High,Hypothetical protein.,,0,secondary STRING hit (STRING protein assigned to a better match),no STRING match,2601,3019,1,1
875,fig|6666666.1036479.peg.2929,fig|6666666.1036479.peg.411,0.8949355840682983,0.0017765487444368646,Very Low,Low,Very Low–Low,Hypothetical protein.,Hypothetical protein.,0,secondary STRING hit (STRING protein assigned to a better match),secondary STRING hit (STRING protein assigned to a better match),2404,2585,1,1
876,fig|6666666.1036479.peg.2960,fig|6666666.1036479.peg.1416,0.8948885679244996,0.001778579085859078,Low,Medium,Low–Medium,,,0,no STRING match,no STRING match,2412,2817,1,1
877,fig|6666666.1036479.peg.3107,fig|6666666.1036479.peg.866,0.8948772847652435,0.0017806094272812916,Very Low,High,Very Low–High,,,0,no STRING match,no STRING match,2444,2667,1,1
878,fig|6666666.1036479.peg.861,fig|6666666.1036479.peg.889,0.8947693467140198,0.0017826397687035053,High,Low,Low–High,,,0,no STRING match,no STRING match,2665,2682,1,1
879,fig|6666666.1036479.peg.2843,fig|6666666.1036479.peg.2114,0.8947295069694519,0.0017846701101257188,Very Low,Very Low,Very Low–Very Low,,"COG1629 Outer membrane receptor proteins, mostly Fe transport.",0,no STRING match,secondary STRING hit (STRING protein assigned to a better match),2370,2964,1,1
880,fig|6666666.1036479.peg.2920,fig|6666666.1036479.peg.2348,0.894687557220459,0.0017867004515479323,Very Low,High,Very Low–High,,,0,no STRING match,no STRING match,2397,3019,1,1
881,fig|6666666.1036479.peg.3231,fig|6666666.1036479.peg.89,0.8946060180664063,0.0017887307929701458,Very Low,Very Low,Very Low–Very Low,,,0,no STRING match,no STRING match,2482,2542,2,1
882,fig|6666666.1036479.peg.89,fig|6666666.1036479.peg.147,0.8946060180664063,0.0017907611343923595,Very Low,Very Low,Very Low–Very Low,,,0,no STRING match,no STRING match,2542,2482,1,2
883,fig|6666666.1036479.peg.861,fig|6666666.1036479.peg.1617,0.8945840060710907,0.001792791475814573,High,Low,Low–High,,,0,no STRING match,no STRING match,2665,2864,1,2
884,fig|6666666.1036479.peg.861,fig|6666666.1036479.peg.1625,0.8945840060710907,0.0017948218172367865,High,Low,Low–High,,,0,no STRING match,no STRING match,2665,2864,1,2
885,fig|6666666.1036479.peg.3033,fig|6666666.1036479.peg.881,0.8945157408714295,0.001796852158659,Low,High,Low–High,,,0,no STRING match,no STRING match,2437,2674,1,1
886,fig|6666666.1036479.peg.2987,fig|6666666.1036479.peg.881,0.8944939970970154,0.0017988825000812138,Very Low,High,Very Low–High,,,0,no STRING match,no STRING match,2415,2674,1,1
887,fig|6666666.1036479.peg.3207,fig|6666666.1036479.peg.725,0.8944903790950776,0.0018009128415034273,Medium,Very Low,Very Low–Medium,,,0,no STRING match,no STRING match,2468,2636,1,1
888,fig|6666666.1036479.peg.2548,fig|6666666.1036479.peg.2455,0.8944630980491638,0.0018029431829256408,High,Medium,Medium–High,,,0,no STRING match,no STRING match,2298,3038,1,1
889,fig|6666666.1036479.peg.2843,fig|6666666.1036479.peg.3207,0.8944431364536285,0.0018049735243478543,Very Low,Medium,Very Low–Medium,,,0,no STRING match,no STRING match,2370,2468,1,1
890,fig|6666666.1036479.peg.3231,fig|6666666.1036479.peg.1308,0.8944391310214996,0.001807003865770068,Very Low,Medium,Very Low–Medium,,,0,no STRING match,no STRING match,2482,2764,2,1
891,fig|6666666.1036479.peg.147,fig|6666666.1036479.peg.1308,0.8944391310214996,0.0018090342071922815,Very Low,Medium,Very Low–Medium,,,0,no STRING match,no STRING match,2482,2764,2,1
892,fig|6666666.1036479.peg.236,fig|6666666.1036479.peg.1308,0.8944349467754364,0.001811064548614495,Very Low,Medium,Very Low–Medium,,,0,no STRING match,no STRING match,2552,2764,1,1
893,fig|6666666.1036479.peg.2672,fig|6666666.1036479.peg.1617,0.8944302201271057,0.0018130948900367085,Medium,Low,Low–Medium,,,0,no STRING match,no STRING match,2341,2864,1,2
894,fig|6666666.1036479.peg.2672,fig|6666666.1036479.peg.1625,0.8944302201271057,0.0018151252314589222,Medium,Low,Low–Medium,,,0,no STRING match,no STRING match,2341,2864,1,2
895,fig|6666666.1036479.peg.3077,fig|6666666.1036479.peg.1300,0.8943978726863862,0.0018171555728811357,Medium,Low,Low–Medium,,,0,no STRING match,no STRING match,2440,2763,1,1
896,fig|6666666.1036479.peg.370,fig|6666666.1036479.peg.2436,0.894379299879074,0.0018191859143033492,High,Medium,Medium–High,,,0,no STRING match,no STRING match,2579,3033,1,1
897,fig|6666666.1036479.peg.3222,fig|6666666.1036479.peg.1289,0.8943778693675994,0.0018212162557255628,Medium,Very Low,Very Low–Medium,,,0,no STRING match,no STRING match,2473,2762,2,1
898,fig|6666666.1036479.peg.138,fig|6666666.1036479.peg.1289,0.8943778693675994,0.0018232465971477765,Medium,Very Low,Very Low–Medium,,,0,no STRING match,no STRING match,2473,2762,2,1
899,fig|6666666.1036479.peg.2918,fig|6666666.1036479.peg.861,0.8943376660346984,0.00182527693856999,Very Low,High,Very Low–High,,,0,no STRING match,no STRING match,2396,2665,1,1
900,fig|6666666.1036479.peg.3010,fig|6666666.1036479.peg.1947,0.8942902266979218,0.0018273072799922035,Low,Medium,Low–Medium,,,0,no STRING match,no STRING match,2425,2930,1,1
901,fig|6666666.1036479.peg.3231,fig|6666666.1036479.peg.1080,0.8942306637763977,0.001829337621414417,Very Low,High,Very Low–High,,,0,no STRING match,no STRING match,2482,2712,2,1
902,fig|6666666.1036479.peg.147,fig|6666666.1036479.peg.1080,0.8942306637763977,0.0018313679628366307,Very Low,High,Very Low–High,,,0,no STRING match,no STRING match,2482,2712,2,1
903,fig|6666666.1036479.peg.866,fig|6666666.1036479.peg.1657,0.8942217230796814,0.0018333983042588442,High,Medium,Medium–High,,,0,no STRING match,no STRING match,2667,2883,1,1
904,fig|6666666.1036479.peg.3207,fig|6666666.1036479.peg.2436,0.8942004621028901,0.0018354286456810577,Medium,Medium,Medium–Medium,,,0,no STRING match,no STRING match,2468,3033,1,1
905,fig|6666666.1036479.peg.3213,fig|6666666.1036479.peg.370,0.8941799402236938,0.0018374589871032712,Very Low,High,Very Low–High,,,0,no STRING match,no STRING match,2470,2579,1,1
906,fig|6666666.1036479.peg.370,fig|6666666.1036479.peg.1494,0.8941550731658936,0.001839489328525485,High,Very Low,Very Low–High,,,0,no STRING match,no STRING match,2579,2824,1,1
907,fig|6666666.1036479.peg.2929,fig|6666666.1036479.peg.1289,0.8941040873527527,0.0018415196699476985,Very Low,Very Low,Very Low–Very Low,Hypothetical protein.,,0,secondary STRING hit (STRING protein assigned to a better match),no STRING match,2404,2762,1,1
908,fig|6666666.1036479.peg.719,fig|6666666.1036479.peg.2114,0.8940698325634002,0.001843550011369912,Medium,Very Low,Very Low–Medium,,"COG1629 Outer membrane receptor proteins, mostly Fe transport.",0,no STRING match,secondary STRING hit (STRING protein assigned to a better match),2630,2964,1,1
909,fig|6666666.1036479.peg.652,fig|6666666.1036479.peg.866,0.8940131306648255,0.0018455803527921255,Very Low,High,Very Low–High,,,0,no STRING match,no STRING match,2615,2667,1,1
910,fig|6666666.1036479.peg.2929,fig|6666666.1036479.peg.1308,0.8940087974071502,0.0018476106942143392,Very Low,Medium,Very Low–Medium,Hypothetical protein.,,0,secondary STRING hit (STRING protein assigned to a better match),no STRING match,2404,2764,1,1
911,fig|6666666.1036479.peg.3142,fig|6666666.1036479.peg.866,0.8939646720886231,0.0018496410356365527,Low,High,Low–High,,,0,no STRING match,no STRING match,2448,2667,1,1
912,fig|6666666.1036479.peg.1308,fig|6666666.1036479.peg.2092,0.893943190574646,0.0018516713770587662,Medium,Medium,Medium–Medium,,,0,no STRING match,no STRING match,2764,2954,1,1
913,fig|6666666.1036479.peg.2548,fig|6666666.1036479.peg.889,0.8938632428646087,0.0018537017184809797,High,Low,Low–High,,,0,no STRING match,no STRING match,2298,2682,1,1
914,fig|6666666.1036479.peg.2920,fig|6666666.1036479.peg.3222,0.8938596725463868,0.0018557320599031934,Very Low,Medium,Very Low–Medium,,,0,no STRING match,no STRING match,2397,2473,1,2
915,fig|6666666.1036479.peg.2920,fig|6666666.1036479.peg.138,0.8938596725463868,0.001857762401325407,Very Low,Medium,Very Low–Medium,,,0,no STRING match,no STRING match,2397,2473,1,2
916,fig|6666666.1036479.peg.2548,fig|6666666.1036479.peg.2467,0.8938144147396088,0.0018597927427476204,High,Low,Low–High,,,0,no STRING match,no STRING match,2298,3041,1,1
917,fig|6666666.1036479.peg.410,fig|6666666.1036479.peg.1565,0.8937667191028595,0.001861823084169834,Very Low,Very Low,Very Low–Very Low,,,0,no STRING match,no STRING match,2584,2837,1,1
918,fig|6666666.1036479.peg.2501,fig|6666666.1036479.peg.370,0.8937388837337494,0.0018638534255920477,High,High,High–High,,,0,no STRING match,no STRING match,2265,2579,1,1
919,fig|6666666.1036479.peg.1300,fig|6666666.1036479.peg.2025,0.8937211275100708,0.0018658837670142612,Low,Very Low,Very Low–Low,,,0,no STRING match,no STRING match,2763,2950,1,1
920,fig|6666666.1036479.peg.2548,fig|6666666.1036479.peg.740,0.8936346769332886,0.0018679141084364747,High,Very Low,Very Low–High,,,0,no STRING match,no STRING match,2298,2651,1,1
921,fig|6666666.1036479.peg.3121,fig|6666666.1036479.peg.1128,0.8936179995536804,0.0018699444498586882,Very Low,Very Low,Very Low–Very Low,,,0,no STRING match,no STRING match,2446,2744,1,1
922,fig|6666666.1036479.peg.2550,fig|6666666.1036479.peg.1602,0.8935981154441833,0.001871974791280902,Very Low,Very Low,Very Low–Very Low,,,0,no STRING match,no STRING match,2300,2860,2,2
923,fig|6666666.1036479.peg.2550,fig|6666666.1036479.peg.1609,0.8935981154441833,0.0018740051327031154,Very Low,Very Low,Very Low–Very Low,,,0,no STRING match,no STRING match,2300,2860,2,2
924,fig|6666666.1036479.peg.2558,fig|6666666.1036479.peg.1602,0.8935981154441833,0.001876035474125329,Very Low,Very Low,Very Low–Very Low,,,0,no STRING match,no STRING match,2300,2860,2,2
925,fig|6666666.1036479.peg.2558,fig|6666666.1036479.peg.1609,0.8935981154441833,0.0018780658155475424,Very Low,Very Low,Very Low–Very Low,,,0,no STRING match,no STRING match,2300,2860,2,2
926,fig|6666666.1036479.peg.861,fig|6666666.1036479.peg.1913,0.893452650308609,0.0018800961569697561,High,Very Low,Very Low–High,,,0,no STRING match,no STRING match,2665,2917,1,1
927,fig|6666666.1036479.peg.2548,fig|6666666.1036479.peg.3222,0.8934164702892303,0.0018821264983919696,High,Medium,Medium–High,,,0,no STRING match,no STRING match,2298,2473,1,2
928,fig|6666666.1036479.peg.2548,fig|6666666.1036479.peg.138,0.8934164702892303,0.0018841568398141832,High,Medium,Medium–High,,,0,no STRING match,no STRING match,2298,2473,1,2
929,fig|6666666.1036479.peg.2672,fig|6666666.1036479.peg.2761,0.8933758795261383,0.0018861871812363967,Medium,Low,Low–Medium,,,0,no STRING match,no STRING match,2341,2352,1,1
930,fig|6666666.1036479.peg.2843,fig|6666666.1036479.peg.3184,0.8933107495307923,0.0018882175226586104,Very Low,Very Low,Very Low–Very Low,,,0,no STRING match,no STRING match,2370,2457,1,1
931,fig|6666666.1036479.peg.2540,fig|6666666.1036479.peg.2548,0.8933082461357117,0.0018902478640808239,Medium,High,Medium–High,,,0,no STRING match,no STRING match,2290,2298,1,1
932,fig|6666666.1036479.peg.2920,fig|6666666.1036479.peg.2929,0.8932900488376617,0.0018922782055030374,Very Low,Very Low,Very Low–Very Low,,Hypothetical protein.,0,no STRING match,secondary STRING hit (STRING protein assigned to a better match),2397,2404,1,1
933,fig|6666666.1036479.peg.861,fig|6666666.1036479.peg.2405,0.8932756125926972,0.001894308546925251,High,Medium,Medium–High,,Hypothetical protein; COG0605 Superoxide dismutase.,0,no STRING match,secondary STRING hit (STRING protein assigned to a better match),2665,3029,1,1
934,fig|6666666.1036479.peg.2948,fig|6666666.1036479.peg.3008,0.8932646155357361,0.0018963388883474646,High,Medium,Medium–High,,,0,no STRING match,no STRING match,2410,2423,1,1
935,fig|6666666.1036479.peg.2547,fig|6666666.1036479.peg.2948,0.8932586252689362,0.0018983692297696781,Medium,High,Medium–High,,,0,no STRING match,no STRING match,2297,2410,1,1
936,fig|6666666.1036479.peg.1113,fig|6666666.1036479.peg.1128,0.8932417154312133,0.0019003995711918916,Very Low,Very Low,Very Low–Very Low,,,0,no STRING match,no STRING match,2729,2744,1,1
937,fig|6666666.1036479.peg.1946,fig|6666666.1036479.peg.1947,0.8932412981986999,0.0019024299126141051,Medium,Medium,Medium–Medium,,,0,no STRING match,no STRING match,2929,2930,1,1
938,fig|6666666.1036479.peg.2506,fig|6666666.1036479.peg.3017,0.8931714653968811,0.0019044602540363189,Very Low,Medium,Very Low–Medium,,,0,no STRING match,no STRING match,2270,2430,6,1
939,fig|6666666.1036479.peg.2516,fig|6666666.1036479.peg.3017,0.8931714653968811,0.0019064905954585324,Very Low,Medium,Very Low–Medium,,,0,no STRING match,no STRING match,2270,2430,6,1
940,fig|6666666.1036479.peg.2522,fig|6666666.1036479.peg.3017,0.8931714653968811,0.0019085209368807459,Very Low,Medium,Very Low–Medium,,,0,no STRING match,no STRING match,2270,2430,6,1
941,fig|6666666.1036479.peg.3017,fig|6666666.1036479.peg.974,0.8931714653968811,0.0019105512783029594,Medium,Very Low,Very Low–Medium,,,0,no STRING match,no STRING match,2430,2270,1,6
942,fig|6666666.1036479.peg.3017,fig|6666666.1036479.peg.979,0.8931714653968811,0.001912581619725173,Medium,Very Low,Very Low–Medium,,,0,no STRING match,no STRING match,2430,2270,1,6
943,fig|6666666.1036479.peg.3017,fig|6666666.1036479.peg.2491,0.8931714653968811,0.0019146119611473866,Medium,Very Low,Very Low–Medium,,,0,no STRING match,no STRING match,2430,2270,1,6
944,fig|6666666.1036479.peg.573,fig|6666666.1036479.peg.2455,0.8931344091892243,0.0019166423025696,Very Low,Medium,Very Low–Medium,Hypothetical protein.,,0,secondary STRING hit (STRING protein assigned to a better match),no STRING match,2601,3038,1,1
945,fig|6666666.1036479.peg.3207,fig|6666666.1036479.peg.2114,0.8930330872535706,0.0019186726439918136,Medium,Very Low,Very Low–Medium,,"COG1629 Outer membrane receptor proteins, mostly Fe transport.",0,no STRING match,secondary STRING hit (STRING protein assigned to a better match),2468,2964,1,1
946,fig|6666666.1036479.peg.38,fig|6666666.1036479.peg.2364,0.89302898645401,0.0019207029854140273,Low,Medium,Low–Medium,,,0,no STRING match,no STRING match,2526,3022,2,1
947,fig|6666666.1036479.peg.186,fig|6666666.1036479.peg.2364,0.89302898645401,0.0019227333268362408,Low,Medium,Low–Medium,,,0,no STRING match,no STRING match,2526,3022,2,1
948,fig|6666666.1036479.peg.3184,fig|6666666.1036479.peg.2364,0.893019849061966,0.0019247636682584543,Very Low,Medium,Very Low–Medium,,,0,no STRING match,no STRING match,2457,3022,1,1
949,fig|6666666.1036479.peg.370,fig|6666666.1036479.peg.719,0.893016117811203,0.0019267940096806678,High,Medium,Medium–High,,,0,no STRING match,no STRING match,2579,2630,1,1
950,fig|6666666.1036479.peg.2548,fig|6666666.1036479.peg.723,0.8929561972618103,0.0019288243511028816,High,High,High–High,,,0,no STRING match,no STRING match,2298,2634,1,1
951,fig|6666666.1036479.peg.2672,fig|6666666.1036479.peg.889,0.8929517447948456,0.001930854692525095,Medium,Low,Low–Medium,,,0,no STRING match,no STRING match,2341,2682,1,1
952,fig|6666666.1036479.peg.2918,fig|6666666.1036479.peg.3231,0.8929005265235901,0.0019328850339473086,Very Low,Very Low,Very Low–Very Low,,,0,no STRING match,no STRING match,2396,2482,1,2
953,fig|6666666.1036479.peg.2918,fig|6666666.1036479.peg.147,0.8929005265235901,0.001934915375369522,Very Low,Very Low,Very Low–Very Low,,,0,no STRING match,no STRING match,2396,2482,1,2
954,fig|6666666.1036479.peg.2960,fig|6666666.1036479.peg.2988,0.8927780449390411,0.0019369457167917358,Low,Medium,Low–Medium,,Hypothetical protein.,0,no STRING match,secondary STRING hit (STRING protein assigned to a better match),2412,2416,1,1
955,fig|6666666.1036479.peg.861,fig|6666666.1036479.peg.1706,0.8927689492702484,0.0019389760582139493,High,Very Low,Very Low–High,,,0,no STRING match,no STRING match,2665,2886,1,1
956,fig|6666666.1036479.peg.881,fig|6666666.1036479.peg.1567,0.8927659928798676,0.0019410063996361628,High,Low,Low–High,,,0,no STRING match,no STRING match,2674,2839,1,1
957,fig|6666666.1036479.peg.2672,fig|6666666.1036479.peg.724,0.892751944065094,0.0019430367410583763,Medium,Medium,Medium–Medium,,,0,no STRING match,no STRING match,2341,2635,1,1
958,fig|6666666.1036479.peg.861,fig|6666666.1036479.peg.1945,0.8927220523357391,0.00194506708248059,High,Very Low,Very Low–High,,,0,no STRING match,no STRING match,2665,2928,1,1
959,fig|6666666.1036479.peg.3020,fig|6666666.1036479.peg.2455,0.8926881372928619,0.0019470974239028035,Low,Medium,Low–Medium,,,0,no STRING match,no STRING match,2433,3038,1,1
960,fig|6666666.1036479.peg.2532,fig|6666666.1036479.peg.881,0.8926683962345123,0.001949127765325017,Low,High,Low–High,,,0,no STRING match,no STRING match,2284,2674,4,1
961,fig|6666666.1036479.peg.3171,fig|6666666.1036479.peg.881,0.8926683962345123,0.0019511581067472306,Low,High,Low–High,,,0,no STRING match,no STRING match,2284,2674,4,1
962,fig|6666666.1036479.peg.881,fig|6666666.1036479.peg.987,0.8926683962345123,0.001953188448169444,High,Low,Low–High,,,0,no STRING match,no STRING match,2674,2284,1,4
963,fig|6666666.1036479.peg.881,fig|6666666.1036479.peg.2492,0.8926683962345123,0.0019552187895916576,High,Low,Low–High,,,0,no STRING match,no STRING match,2674,2284,1,4
964,fig|6666666.1036479.peg.3020,fig|6666666.1036479.peg.942,0.8926575362682343,0.0019572491310138715,Low,Very Low,Very Low–Low,,,0,no STRING match,no STRING match,2433,2691,1,1
965,fig|6666666.1036479.peg.2988,fig|6666666.1036479.peg.881,0.8926535487174988,0.001959279472436085,Medium,High,Medium–High,Hypothetical protein.,,0,secondary STRING hit (STRING protein assigned to a better match),no STRING match,2416,2674,1,1
966,fig|6666666.1036479.peg.3010,fig|6666666.1036479.peg.573,0.8926533639431,0.0019613098138582985,Low,Very Low,Very Low–Low,,Hypothetical protein.,0,no STRING match,secondary STRING hit (STRING protein assigned to a better match),2425,2601,1,1
967,fig|6666666.1036479.peg.719,fig|6666666.1036479.peg.2436,0.8926195085048676,0.001963340155280512,Medium,Medium,Medium–Medium,,,0,no STRING match,no STRING match,2630,3033,1,1
968,fig|6666666.1036479.peg.719,fig|6666666.1036479.peg.725,0.8925625205039978,0.0019653704967027255,Medium,Very Low,Very Low–Medium,,,0,no STRING match,no STRING match,2630,2636,1,1
969,fig|6666666.1036479.peg.3191,fig|6666666.1036479.peg.861,0.8925442814826965,0.001967400838124939,Medium,High,Medium–High,,,0,no STRING match,no STRING match,2464,2665,1,1
970,fig|6666666.1036479.peg.2506,fig|6666666.1036479.peg.866,0.892520809173584,0.0019694311795471525,Very Low,High,Very Low–High,,,0,no STRING match,no STRING match,2270,2667,6,1
971,fig|6666666.1036479.peg.2516,fig|6666666.1036479.peg.866,0.892520809173584,0.001971461520969366,Very Low,High,Very Low–High,,,0,no STRING match,no STRING match,2270,2667,6,1
972,fig|6666666.1036479.peg.2522,fig|6666666.1036479.peg.866,0.892520809173584,0.00197349186239158,Very Low,High,Very Low–High,,,0,no STRING match,no STRING match,2270,2667,6,1
973,fig|6666666.1036479.peg.866,fig|6666666.1036479.peg.974,0.892520809173584,0.0019755222038137935,High,Very Low,Very Low–High,,,0,no STRING match,no STRING match,2667,2270,1,6
974,fig|6666666.1036479.peg.866,fig|6666666.1036479.peg.979,0.892520809173584,0.001977552545236007,High,Very Low,Very Low–High,,,0,no STRING match,no STRING match,2667,2270,1,6
975,fig|6666666.1036479.peg.866,fig|6666666.1036479.peg.2491,0.892520809173584,0.0019795828866582205,High,Very Low,Very Low–High,,,0,no STRING match,no STRING match,2667,2270,1,6
976,fig|6666666.1036479.peg.2548,fig|6666666.1036479.peg.3188,0.8924932181835175,0.001981613228080434,High,Medium,Medium–High,,,0,no STRING match,no STRING match,2298,2461,1,1
977,fig|6666666.1036479.peg.2539,fig|6666666.1036479.peg.881,0.8924447476863862,0.0019836435695026475,Low,High,Low–High,,,0,no STRING match,no STRING match,2289,2674,1,1
978,fig|6666666.1036479.peg.2960,fig|6666666.1036479.peg.573,0.8924341082572937,0.001985673910924861,Low,Very Low,Very Low–Low,,Hypothetical protein.,0,no STRING match,secondary STRING hit (STRING protein assigned to a better match),2412,2601,1,1
979,fig|6666666.1036479.peg.2672,fig|6666666.1036479.peg.1943,0.8924278855323792,0.0019877042523470745,Medium,Medium,Medium–Medium,,COG3103 SH3 domain protein.,0,no STRING match,secondary STRING hit (STRING protein assigned to a better match),2341,2926,1,1
980,fig|6666666.1036479.peg.2505,fig|6666666.1036479.peg.411,0.8924062073230743,0.0019897345937692885,Very Low,Low,Very Low–Low,,Hypothetical protein.,0,no STRING match,secondary STRING hit (STRING protein assigned to a better match),2269,2585,1,1
981,fig|6666666.1036479.peg.2960,fig|6666666.1036479.peg.2025,0.8923834085464477,0.001991764935191502,Low,Very Low,Very Low–Low,,,0,no STRING match,no STRING match,2412,2950,1,1
982,fig|6666666.1036479.peg.411,fig|6666666.1036479.peg.725,0.8923225045204163,0.0019937952766137155,Low,Very Low,Very Low–Low,Hypothetical protein.,,0,secondary STRING hit (STRING protein assigned to a better match),no STRING match,2585,2636,1,1
983,fig|6666666.1036479.peg.3222,fig|6666666.1036479.peg.1308,0.8923045873641968,0.001995825618035929,Medium,Medium,Medium–Medium,,,0,no STRING match,no STRING match,2473,2764,2,1
984,fig|6666666.1036479.peg.138,fig|6666666.1036479.peg.1308,0.8923045873641968,0.0019978559594581425,Medium,Medium,Medium–Medium,,,0,no STRING match,no STRING match,2473,2764,2,1
985,fig|6666666.1036479.peg.2988,fig|6666666.1036479.peg.3184,0.8922666072845459,0.001999886300880356,Medium,Very Low,Very Low–Medium,Hypothetical protein.,,0,secondary STRING hit (STRING protein assigned to a better match),no STRING match,2416,2457,1,1
986,fig|6666666.1036479.peg.2548,fig|6666666.1036479.peg.1181,0.8922544598579407,0.0020019166423025695,High,Very Low,Very Low–High,,,0,no STRING match,no STRING match,2298,2747,1,1
987,fig|6666666.1036479.peg.2517,fig|6666666.1036479.peg.2548,0.8920717537403107,0.002003946983724783,Medium,High,Medium–High,,,0,no STRING match,no STRING match,2279,2298,1,1
988,fig|6666666.1036479.peg.391,fig|6666666.1036479.peg.1300,0.8920499086380005,0.002005977325146997,Medium,Low,Low–Medium,,,0,no STRING match,no STRING match,2580,2763,1,1
989,fig|6666666.1036479.peg.719,fig|6666666.1036479.peg.728,0.8920309722423554,0.0020080076665692104,Medium,Medium,Medium–Medium,,,0,no STRING match,no STRING match,2630,2639,1,1
990,fig|6666666.1036479.peg.370,fig|6666666.1036479.peg.725,0.8920077681541443,0.002010038007991424,High,Very Low,Very Low–High,,,0,no STRING match,no STRING match,2579,2636,1,1
991,fig|6666666.1036479.peg.2929,fig|6666666.1036479.peg.370,0.8919687747955323,0.0020120683494136374,Very Low,High,Very Low–High,Hypothetical protein.,,0,secondary STRING hit (STRING protein assigned to a better match),no STRING match,2404,2579,1,1
992,fig|6666666.1036479.peg.3222,fig|6666666.1036479.peg.2092,0.8919608652591705,0.002014098690835851,Medium,Medium,Medium–Medium,,,0,no STRING match,no STRING match,2473,2954,2,1
993,fig|6666666.1036479.peg.138,fig|6666666.1036479.peg.2092,0.8919608652591705,0.0020161290322580645,Medium,Medium,Medium–Medium,,,0,no STRING match,no STRING match,2473,2954,2,1
994,fig|6666666.1036479.peg.2548,fig|6666666.1036479.peg.2145,0.8919414758682251,0.002018159373680278,High,Very Low,Very Low–High,,,0,no STRING match,no STRING match,2298,2973,1,1
995,fig|6666666.1036479.peg.1300,fig|6666666.1036479.peg.1494,0.8919219017028809,0.0020201897151024915,Low,Very Low,Very Low–Low,,,0,no STRING match,no STRING match,2763,2824,1,1
996,fig|6666666.1036479.peg.3222,fig|6666666.1036479.peg.138,0.8919154286384583,0.0020222200565247054,Medium,Medium,Medium–Medium,,,0,no STRING match,no STRING match,2473,2473,2,2
997,fig|6666666.1036479.peg.3008,fig|6666666.1036479.peg.573,0.8918942987918854,0.002024250397946919,Medium,Very Low,Very Low–Medium,,Hypothetical protein.,0,no STRING match,secondary STRING hit (STRING protein assigned to a better match),2423,2601,1,1
998,fig|6666666.1036479.peg.2679,fig|6666666.1036479.peg.2960,0.8918739199638367,0.0020262807393691324,Medium,Low,Low–Medium,,,0,no STRING match,no STRING match,2342,2412,1,1
999,fig|6666666.1036479.peg.2672,fig|6666666.1036479.peg.2924,0.8918721914291382,0.002028311080791346,Medium,Very Low,Very Low–Medium,,,0,no STRING match,no STRING match,2341,2401,1,1
1000,fig|6666666.1036479.peg.2960,fig|6666666.1036479.peg.3223,0.8918625235557556,0.0020303414222135594,Low,High,Low–High,,,0,no STRING match,no STRING match,2412,2474,1,2
1001,fig|6666666.1036479.peg.2960,fig|6666666.1036479.peg.139,0.8918625235557556,0.002032371763635773,Low,High,Low–High,,,0,no STRING match,no STRING match,2412,2474,1,2
1002,fig|6666666.1036479.peg.2920,fig|6666666.1036479.peg.3184,0.8918591380119324,0.0020344021050579864,Very Low,Very Low,Very Low–Very Low,,,0,no STRING match,no STRING match,2397,2457,1,1
1003,fig|6666666.1036479.peg.942,fig|6666666.1036479.peg.1947,0.8918546974658966,0.0020364324464802,Very Low,Medium,Very Low–Medium,,,0,no STRING match,no STRING match,2691,2930,1,1
1004,fig|6666666.1036479.peg.3010,fig|6666666.1036479.peg.1289,0.8917875468730927,0.002038462787902414,Low,Very Low,Very Low–Low,,,0,no STRING match,no STRING match,2425,2762,1,1
1005,fig|6666666.1036479.peg.3078,fig|6666666.1036479.peg.370,0.8917568862438202,0.0020404931293246274,Medium,High,Medium–High,,,0,no STRING match,no STRING match,2441,2579,1,1
1006,fig|6666666.1036479.peg.2550,fig|6666666.1036479.peg.3019,0.8916993856430053,0.002042523470746841,Very Low,Very Low,Very Low–Very Low,,,0,no STRING match,no STRING match,2300,2432,2,1
1007,fig|6666666.1036479.peg.2558,fig|6666666.1036479.peg.3019,0.8916993856430053,0.0020445538121690544,Very Low,Very Low,Very Low–Very Low,,,0,no STRING match,no STRING match,2300,2432,2,1
1008,fig|6666666.1036479.peg.2988,fig|6666666.1036479.peg.1300,0.8916718125343323,0.002046584153591268,Medium,Low,Low–Medium,Hypothetical protein.,,0,secondary STRING hit (STRING protein assigned to a better match),no STRING match,2416,2763,1,1
1009,fig|6666666.1036479.peg.2988,fig|6666666.1036479.peg.2455,0.8916237890720368,0.0020486144950134814,Medium,Medium,Medium–Medium,Hypothetical protein.,,0,secondary STRING hit (STRING protein assigned to a better match),no STRING match,2416,3038,1,1
1010,fig|6666666.1036479.peg.1300,fig|6666666.1036479.peg.1308,0.8916224896907806,0.002050644836435695,Low,Medium,Low–Medium,,,0,no STRING match,no STRING match,2763,2764,1,1
1011,fig|6666666.1036479.peg.2924,fig|6666666.1036479.peg.861,0.8916096389293671,0.0020526751778579084,Very Low,High,Very Low–High,,,0,no STRING match,no STRING match,2401,2665,1,1
1012,fig|6666666.1036479.peg.2504,fig|6666666.1036479.peg.866,0.8916080713272094,0.0020547055192801224,Very Low,High,Very Low–High,,,0,no STRING match,no STRING match,2268,2667,1,1
1013,fig|6666666.1036479.peg.2517,fig|6666666.1036479.peg.411,0.8915611803531647,0.002056735860702336,Medium,Low,Low–Medium,,Hypothetical protein.,0,no STRING match,secondary STRING hit (STRING protein assigned to a better match),2279,2585,1,1
1014,fig|6666666.1036479.peg.728,fig|6666666.1036479.peg.2348,0.8915491461753845,0.0020587662021245494,Medium,High,Medium–High,,,0,no STRING match,no STRING match,2639,3019,1,1
1015,fig|6666666.1036479.peg.2948,fig|6666666.1036479.peg.3188,0.8915279030799865,0.002060796543546763,High,Medium,Medium–High,,,0,no STRING match,no STRING match,2410,2461,1,1
1016,fig|6666666.1036479.peg.2654,fig|6666666.1036479.peg.370,0.8915192604064941,0.0020628268849689764,High,High,High–High,,,0,no STRING match,no STRING match,2337,2579,1,1
1017,fig|6666666.1036479.peg.89,fig|6666666.1036479.peg.1289,0.8914981484413147,0.00206485722639119,Very Low,Very Low,Very Low–Very Low,,,0,no STRING match,no STRING match,2542,2762,1,1
1018,fig|6666666.1036479.peg.3223,fig|6666666.1036479.peg.1300,0.8914760887622833,0.0020668875678134034,High,Low,Low–High,,,0,no STRING match,no STRING match,2474,2763,2,1
1019,fig|6666666.1036479.peg.139,fig|6666666.1036479.peg.1300,0.8914760887622833,0.002068917909235617,High,Low,Low–High,,,0,no STRING match,no STRING match,2474,2763,2,1
1020,fig|6666666.1036479.peg.2548,fig|6666666.1036479.peg.1704,0.891456001996994,0.002070948250657831,High,Very Low,Very Low–High,,,0,no STRING match,no STRING match,2298,2885,1,1
1021,fig|6666666.1036479.peg.2509,fig|6666666.1036479.peg.1300,0.8914538741111755,0.0020729785920800443,Very Low,Low,Very Low–Low,,,0,no STRING match,no STRING match,2273,2763,15,1
1022,fig|6666666.1036479.peg.2513,fig|6666666.1036479.peg.1300,0.8914538741111755,0.002075008933502258,Very Low,Low,Very Low–Low,,,0,no STRING match,no STRING match,2273,2763,15,1
1023,fig|6666666.1036479.peg.2519,fig|6666666.1036479.peg.1300,0.8914538741111755,0.0020770392749244714,Very Low,Low,Very Low–Low,,,0,no STRING match,no STRING match,2273,2763,15,1
1024,fig|6666666.1036479.peg.2526,fig|6666666.1036479.peg.1300,0.8914538741111755,0.002079069616346685,Very Low,Low,Very Low–Low,,,0,no STRING match,no STRING match,2273,2763,15,1
1025,fig|6666666.1036479.peg.2530,fig|6666666.1036479.peg.1300,0.8914538741111755,0.0020810999577688984,Very Low,Low,Very Low–Low,,,0,no STRING match,no STRING match,2273,2763,15,1
1026,fig|6666666.1036479.peg.2534,fig|6666666.1036479.peg.1300,0.8914538741111755,0.002083130299191112,Very Low,Low,Very Low–Low,,,0,no STRING match,no STRING match,2273,2763,15,1
1027,fig|6666666.1036479.peg.3173,fig|6666666.1036479.peg.1300,0.8914538741111755,0.0020851606406133254,Very Low,Low,Very Low–Low,,,0,no STRING match,no STRING match,2273,2763,15,1
1028,fig|6666666.1036479.peg.971,fig|6666666.1036479.peg.1300,0.8914538741111755,0.0020871909820355393,Very Low,Low,Very Low–Low,,,0,no STRING match,no STRING match,2273,2763,15,1
1029,fig|6666666.1036479.peg.976,fig|6666666.1036479.peg.1300,0.8914538741111755,0.002089221323457753,Very Low,Low,Very Low–Low,,,0,no STRING match,no STRING match,2273,2763,15,1
1030,fig|6666666.1036479.peg.981,fig|6666666.1036479.peg.1300,0.8914538741111755,0.0020912516648799663,Very Low,Low,Very Low–Low,,,0,no STRING match,no STRING match,2273,2763,15,1
1031,fig|6666666.1036479.peg.985,fig|6666666.1036479.peg.1300,0.8914538741111755,0.00209328200630218,Very Low,Low,Very Low–Low,,,0,no STRING match,no STRING match,2273,2763,15,1
1032,fig|6666666.1036479.peg.989,fig|6666666.1036479.peg.1300,0.8914538741111755,0.0020953123477243933,Very Low,Low,Very Low–Low,,,0,no STRING match,no STRING match,2273,2763,15,1
1033,fig|6666666.1036479.peg.1300,fig|6666666.1036479.peg.2489,0.8914538741111755,0.002097342689146607,Low,Very Low,Very Low–Low,,,0,no STRING match,no STRING match,2763,2273,1,15
1034,fig|6666666.1036479.peg.1300,fig|6666666.1036479.peg.2494,0.8914538741111755,0.0020993730305688203,Low,Very Low,Very Low–Low,,,0,no STRING match,no STRING match,2763,2273,1,15
1035,fig|6666666.1036479.peg.1300,fig|6666666.1036479.peg.2498,0.8914538741111755,0.002101403371991034,Low,Very Low,Very Low–Low,,,0,no STRING match,no STRING match,2763,2273,1,15
1036,fig|6666666.1036479.peg.2501,fig|6666666.1036479.peg.881,0.8914469003677368,0.002103433713413248,High,High,High–High,,,0,no STRING match,no STRING match,2265,2674,1,1
1037,fig|6666666.1036479.peg.2548,fig|6666666.1036479.peg.289,0.8914015233516693,0.0021054640548354613,High,High,High–High,,Hypothetical protein.,0,no STRING match,secondary STRING hit (STRING protein assigned to a better match),2298,2559,1,1
1038,fig|6666666.1036479.peg.861,fig|6666666.1036479.peg.1655,0.8913759887218475,0.002107494396257675,High,Medium,Medium–High,,,0,no STRING match,no STRING match,2665,2882,1,1
1039,fig|6666666.1036479.peg.2524,fig|6666666.1036479.peg.881,0.8913688778877258,0.0021095247376798883,Low,High,Low–High,,,0,no STRING match,no STRING match,2283,2674,1,1
1040,fig|6666666.1036479.peg.2548,fig|6666666.1036479.peg.3079,0.8913042426109314,0.002111555079102102,High,Very Low,Very Low–High,,,0,no STRING match,no STRING match,2298,2442,1,1
1041,fig|6666666.1036479.peg.3078,fig|6666666.1036479.peg.866,0.8912542879581451,0.0021135854205243153,Medium,High,Medium–High,,,0,no STRING match,no STRING match,2441,2667,1,1
1042,fig|6666666.1036479.peg.3010,fig|6666666.1036479.peg.2364,0.8912456393241882,0.002115615761946529,Low,Medium,Low–Medium,,,0,no STRING match,no STRING match,2425,3022,1,1
1043,fig|6666666.1036479.peg.2364,fig|6666666.1036479.peg.2455,0.8911646127700805,0.0021176461033687423,Medium,Medium,Medium–Medium,,,0,no STRING match,no STRING match,3022,3038,1,1
1044,fig|6666666.1036479.peg.370,fig|6666666.1036479.peg.1215,0.8911407947540283,0.0021196764447909563,High,Low,Low–High,,,0,no STRING match,no STRING match,2579,2751,1,1
1045,fig|6666666.1036479.peg.2988,fig|6666666.1036479.peg.3010,0.8911145448684692,0.0021217067862131698,Medium,Low,Low–Medium,Hypothetical protein.,,0,secondary STRING hit (STRING protein assigned to a better match),no STRING match,2416,2425,1,1
1046,fig|6666666.1036479.peg.1128,fig|6666666.1036479.peg.1353,0.8910769402980805,0.0021237371276353833,Very Low,Very Low,Very Low–Very Low,,,0,no STRING match,no STRING match,2744,2790,1,1
1047,fig|6666666.1036479.peg.2920,fig|6666666.1036479.peg.1657,0.8910713016986846,0.0021257674690575968,Very Low,Medium,Very Low–Medium,,,0,no STRING match,no STRING match,2397,2883,1,1
1048,fig|6666666.1036479.peg.942,fig|6666666.1036479.peg.1289,0.8910026252269745,0.0021277978104798103,Very Low,Very Low,Very Low–Very Low,,,0,no STRING match,no STRING match,2691,2762,1,1
1049,fig|6666666.1036479.peg.2524,fig|6666666.1036479.peg.370,0.8910004556179046,0.002129828151902024,Low,High,Low–High,,,0,no STRING match,no STRING match,2283,2579,1,1
1050,fig|6666666.1036479.peg.1947,fig|6666666.1036479.peg.2455,0.8909810364246369,0.0021318584933242373,Medium,Medium,Medium–Medium,,,0,no STRING match,no STRING match,2930,3038,1,1
1051,fig|6666666.1036479.peg.2672,fig|6666666.1036479.peg.2809,0.8909065008163453,0.002133888834746451,Medium,Very Low,Very Low–Medium,,,0,no STRING match,no STRING match,2341,2357,1,1
1052,fig|6666666.1036479.peg.1289,fig|6666666.1036479.peg.2436,0.8908784210681915,0.0021359191761686647,Very Low,Medium,Very Low–Medium,,,0,no STRING match,no STRING match,2762,3033,1,1
1053,fig|6666666.1036479.peg.724,fig|6666666.1036479.peg.861,0.8908774733543396,0.0021379495175908782,Medium,High,Medium–High,,,0,no STRING match,no STRING match,2635,2665,1,1
1054,fig|6666666.1036479.peg.2672,fig|6666666.1036479.peg.1080,0.8908551812171936,0.0021399798590130917,Medium,High,Medium–High,,,0,no STRING match,no STRING match,2341,2712,1,1
1055,fig|6666666.1036479.peg.573,fig|6666666.1036479.peg.1946,0.8908217966556549,0.0021420102004353053,Very Low,Medium,Very Low–Medium,Hypothetical protein.,,0,secondary STRING hit (STRING protein assigned to a better match),no STRING match,2601,2929,1,1
1056,fig|6666666.1036479.peg.2920,fig|6666666.1036479.peg.236,0.8907295405864716,0.0021440405418575188,Very Low,Very Low,Very Low–Very Low,,,0,no STRING match,no STRING match,2397,2552,1,1
1057,fig|6666666.1036479.peg.1080,fig|6666666.1036479.peg.2347,0.8907174646854401,0.0021460708832797323,High,Low,Low–High,,,0,no STRING match,no STRING match,2712,3018,1,1
1058,fig|6666666.1036479.peg.3018,fig|6666666.1036479.peg.1966,0.8906498551368713,0.0021481012247019458,Very Low,Very Low,Very Low–Very Low,,,0,no STRING match,no STRING match,2431,2946,1,1
1059,fig|6666666.1036479.peg.881,fig|6666666.1036479.peg.1494,0.8906045258045197,0.0021501315661241593,High,Very Low,Very Low–High,,,0,no STRING match,no STRING match,2674,2824,1,1
1060,fig|6666666.1036479.peg.2548,fig|6666666.1036479.peg.3004,0.8905536890029907,0.002152161907546373,High,Very Low,Very Low–High,,,0,no STRING match,no STRING match,2298,2419,1,1
1061,fig|6666666.1036479.peg.2504,fig|6666666.1036479.peg.2506,0.890476131439209,0.0021541922489685867,Very Low,Very Low,Very Low–Very Low,,,0,no STRING match,no STRING match,2268,2270,1,6
1062,fig|6666666.1036479.peg.2504,fig|6666666.1036479.peg.2516,0.890476131439209,0.0021562225903908002,Very Low,Very Low,Very Low–Very Low,,,0,no STRING match,no STRING match,2268,2270,1,6
1063,fig|6666666.1036479.peg.2504,fig|6666666.1036479.peg.2522,0.890476131439209,0.0021582529318130137,Very Low,Very Low,Very Low–Very Low,,,0,no STRING match,no STRING match,2268,2270,1,6
1064,fig|6666666.1036479.peg.2504,fig|6666666.1036479.peg.974,0.890476131439209,0.0021602832732352272,Very Low,Very Low,Very Low–Very Low,,,0,no STRING match,no STRING match,2268,2270,1,6
1065,fig|6666666.1036479.peg.2504,fig|6666666.1036479.peg.979,0.890476131439209,0.0021623136146574407,Very Low,Very Low,Very Low–Very Low,,,0,no STRING match,no STRING match,2268,2270,1,6
1066,fig|6666666.1036479.peg.2504,fig|6666666.1036479.peg.2491,0.890476131439209,0.0021643439560796542,Very Low,Very Low,Very Low–Very Low,,,0,no STRING match,no STRING match,2268,2270,1,6
1067,fig|6666666.1036479.peg.573,fig|6666666.1036479.peg.942,0.8904660105705261,0.0021663742975018677,Very Low,Very Low,Very Low–Very Low,Hypothetical protein.,,0,secondary STRING hit (STRING protein assigned to a better match),no STRING match,2601,2691,1,1
1068,fig|6666666.1036479.peg.3008,fig|6666666.1036479.peg.3020,0.8904450833797455,0.0021684046389240817,Medium,Low,Low–Medium,,,0,no STRING match,no STRING match,2423,2433,1,1
1069,fig|6666666.1036479.peg.2548,fig|6666666.1036479.peg.236,0.8904025852680206,0.002170434980346295,High,Very Low,Very Low–High,,,0,no STRING match,no STRING match,2298,2552,1,1
1070,fig|6666666.1036479.peg.2672,fig|6666666.1036479.peg.3223,0.8903802096843719,0.0021724653217685087,Medium,High,Medium–High,,,0,no STRING match,no STRING match,2341,2474,1,2
1071,fig|6666666.1036479.peg.2672,fig|6666666.1036479.peg.139,0.8903802096843719,0.002174495663190722,Medium,High,Medium–High,,,0,no STRING match,no STRING match,2341,2474,1,2
1072,fig|6666666.1036479.peg.2929,fig|6666666.1036479.peg.3207,0.8903729081153869,0.0021765260046129357,Very Low,Medium,Very Low–Medium,Hypothetical protein.,,0,secondary STRING hit (STRING protein assigned to a better match),no STRING match,2404,2468,1,1
1073,fig|6666666.1036479.peg.2540,fig|6666666.1036479.peg.411,0.8903225421905517,0.002178556346035149,Medium,Low,Low–Medium,,Hypothetical protein.,0,no STRING match,secondary STRING hit (STRING protein assigned to a better match),2290,2585,1,1
1074,fig|6666666.1036479.peg.725,fig|6666666.1036479.peg.2114,0.8901789247989654,0.0021805866874573627,Very Low,Very Low,Very Low–Very Low,,"COG1629 Outer membrane receptor proteins, mostly Fe transport.",0,no STRING match,secondary STRING hit (STRING protein assigned to a better match),2636,2964,1,1
1075,fig|6666666.1036479.peg.1300,fig|6666666.1036479.peg.2347,0.890165901184082,0.0021826170288795762,Low,Low,Low–Low,,,0,no STRING match,no STRING match,2763,3018,1,1
1076,fig|6666666.1036479.peg.3008,fig|6666666.1036479.peg.1947,0.890163779258728,0.00218464737030179,Medium,Medium,Medium–Medium,,,0,no STRING match,no STRING match,2423,2930,1,1
1077,fig|6666666.1036479.peg.3213,fig|6666666.1036479.peg.861,0.8900925815105438,0.0021866777117240037,Very Low,High,Very Low–High,,,0,no STRING match,no STRING match,2470,2665,1,1
1078,fig|6666666.1036479.peg.719,fig|6666666.1036479.peg.1289,0.8900780200958252,0.002188708053146217,Medium,Very Low,Very Low–Medium,,,0,no STRING match,no STRING match,2630,2762,1,1
1079,fig|6666666.1036479.peg.2672,fig|6666666.1036479.peg.1655,0.8900729119777679,0.0021907383945684307,Medium,Medium,Medium–Medium,,,0,no STRING match,no STRING match,2341,2882,1,1
1080,fig|6666666.1036479.peg.2918,fig|6666666.1036479.peg.3017,0.8900230050086975,0.002192768735990644,Very Low,Medium,Very Low–Medium,,,0,no STRING match,no STRING match,2396,2430,1,1
1081,fig|6666666.1036479.peg.2547,fig|6666666.1036479.peg.1947,0.8899991571903229,0.0021947990774128577,Medium,Medium,Medium–Medium,,,0,no STRING match,no STRING match,2297,2930,1,1
1082,fig|6666666.1036479.peg.38,fig|6666666.1036479.peg.89,0.8898845970630646,0.002196829418835071,Low,Very Low,Very Low–Low,,,0,no STRING match,no STRING match,2526,2542,2,1
1083,fig|6666666.1036479.peg.89,fig|6666666.1036479.peg.186,0.8898845970630646,0.0021988597602572847,Very Low,Low,Very Low–Low,,,0,no STRING match,no STRING match,2542,2526,1,2
1084,fig|6666666.1036479.peg.236,fig|6666666.1036479.peg.866,0.8898267865180969,0.0022008901016794986,Very Low,High,Very Low–High,,,0,no STRING match,no STRING match,2552,2667,1,1
1085,fig|6666666.1036479.peg.2988,fig|6666666.1036479.peg.942,0.8898065090179443,0.002202920443101712,Medium,Very Low,Very Low–Medium,Hypothetical protein.,,0,secondary STRING hit (STRING protein assigned to a better match),no STRING match,2416,2691,1,1
1086,fig|6666666.1036479.peg.725,fig|6666666.1036479.peg.2436,0.8897751271724701,0.0022049507845239256,Very Low,Medium,Very Low–Medium,,,0,no STRING match,no STRING match,2636,3033,1,1
1087,fig|6666666.1036479.peg.3231,fig|6666666.1036479.peg.2364,0.8897639572620392,0.002206981125946139,Very Low,Medium,Very Low–Medium,,,0,no STRING match,no STRING match,2482,3022,2,1
1088,fig|6666666.1036479.peg.147,fig|6666666.1036479.peg.2364,0.8897639572620392,0.0022090114673683527,Very Low,Medium,Very Low–Medium,,,0,no STRING match,no STRING match,2482,3022,2,1
1089,fig|6666666.1036479.peg.3010,fig|6666666.1036479.peg.881,0.889759647846222,0.002211041808790566,Low,High,Low–High,,,0,no STRING match,no STRING match,2425,2674,1,1
1090,fig|6666666.1036479.peg.866,fig|6666666.1036479.peg.2278,0.8897364556789398,0.0022130721502127797,High,Low,Low–High,,,0,no STRING match,no STRING match,2667,3005,1,1
1091,fig|6666666.1036479.peg.2532,fig|6666666.1036479.peg.1300,0.8896332144737243,0.002215102491634993,Low,Low,Low–Low,,,0,no STRING match,no STRING match,2284,2763,4,1
1092,fig|6666666.1036479.peg.3171,fig|6666666.1036479.peg.1300,0.8896332144737243,0.002217132833057207,Low,Low,Low–Low,,,0,no STRING match,no STRING match,2284,2763,4,1
1093,fig|6666666.1036479.peg.987,fig|6666666.1036479.peg.1300,0.8896332144737243,0.0022191631744794206,Low,Low,Low–Low,,,0,no STRING match,no STRING match,2284,2763,4,1
1094,fig|6666666.1036479.peg.1300,fig|6666666.1036479.peg.2492,0.8896332144737243,0.002221193515901634,Low,Low,Low–Low,,,0,no STRING match,no STRING match,2763,2284,1,4
1095,fig|6666666.1036479.peg.861,fig|6666666.1036479.peg.1567,0.8896250903606415,0.0022232238573238476,High,Low,Low–High,,,0,no STRING match,no STRING match,2665,2839,1,1
1096,fig|6666666.1036479.peg.3207,fig|6666666.1036479.peg.2092,0.889614075422287,0.002225254198746061,Medium,Medium,Medium–Medium,,,0,no STRING match,no STRING match,2468,2954,1,1
1097,fig|6666666.1036479.peg.3231,fig|6666666.1036479.peg.1566,0.8895910203456878,0.0022272845401682746,Very Low,High,Very Low–High,,,0,no STRING match,no STRING match,2482,2838,2,1
1098,fig|6666666.1036479.peg.147,fig|6666666.1036479.peg.1566,0.8895910203456878,0.002229314881590488,Very Low,High,Very Low–High,,,0,no STRING match,no STRING match,2482,2838,2,1
1099,fig|6666666.1036479.peg.3142,fig|6666666.1036479.peg.881,0.8895729124546051,0.0022313452230127017,Low,High,Low–High,,,0,no STRING match,no STRING match,2448,2674,1,1
1100,fig|6666666.1036479.peg.2504,fig|6666666.1036479.peg.3017,0.8895420908927918,0.0022333755644349156,Very Low,Medium,Very Low–Medium,,,0,no STRING match,no STRING match,2268,2430,1,1
1101,fig|6666666.1036479.peg.2523,fig|6666666.1036479.peg.866,0.8895288467407226,0.002235405905857129,Low,High,Low–High,,,0,no STRING match,no STRING match,2282,2667,1,1
1102,fig|6666666.1036479.peg.3017,fig|6666666.1036479.peg.89,0.8894173085689545,0.0022374362472793426,Medium,Very Low,Very Low–Medium,,,0,no STRING match,no STRING match,2430,2542,1,1
1103,fig|6666666.1036479.peg.861,fig|6666666.1036479.peg.1943,0.889407616853714,0.002239466588701556,High,Medium,Medium–High,,COG3103 SH3 domain protein.,0,no STRING match,secondary STRING hit (STRING protein assigned to a better match),2665,2926,1,1
1104,fig|6666666.1036479.peg.3213,fig|6666666.1036479.peg.411,0.8893904626369477,0.0022414969301237696,Very Low,Low,Very Low–Low,,Hypothetical protein.,0,no STRING match,secondary STRING hit (STRING protein assigned to a better match),2470,2585,1,1
1105,fig|6666666.1036479.peg.3231,fig|6666666.1036479.peg.573,0.8893871784210206,0.002243527271545983,Very Low,Very Low,Very Low–Very Low,,Hypothetical protein.,0,no STRING match,secondary STRING hit (STRING protein assigned to a better match),2482,2601,2,1
1106,fig|6666666.1036479.peg.147,fig|6666666.1036479.peg.573,0.8893871784210206,0.0022455576129681966,Very Low,Very Low,Very Low–Very Low,,Hypothetical protein.,0,no STRING match,secondary STRING hit (STRING protein assigned to a better match),2482,2601,2,1
1107,fig|6666666.1036479.peg.3017,fig|6666666.1036479.peg.2347,0.8893853068351746,0.00224758795439041,Medium,Low,Low–Medium,,,0,no STRING match,no STRING match,2430,3018,1,1
1108,fig|6666666.1036479.peg.3207,fig|6666666.1036479.peg.1657,0.889362895488739,0.002249618295812624,Medium,Medium,Medium–Medium,,,0,no STRING match,no STRING match,2468,2883,1,1
1109,fig|6666666.1036479.peg.411,fig|6666666.1036479.peg.2436,0.8893430292606354,0.0022516486372348376,Low,Medium,Low–Medium,Hypothetical protein.,,0,secondary STRING hit (STRING protein assigned to a better match),no STRING match,2585,3033,1,1
1110,fig|6666666.1036479.peg.2114,fig|6666666.1036479.peg.2436,0.8893080651760101,0.002253678978657051,Very Low,Medium,Very Low–Medium,"COG1629 Outer membrane receptor proteins, mostly Fe transport.",,0,secondary STRING hit (STRING protein assigned to a better match),no STRING match,2964,3033,1,1
1111,fig|6666666.1036479.peg.370,fig|6666666.1036479.peg.2092,0.8892507970333099,0.0022557093200792646,High,Medium,Medium–High,,,0,no STRING match,no STRING match,2579,2954,1,1
1112,fig|6666666.1036479.peg.861,fig|6666666.1036479.peg.2454,0.8892204940319062,0.002257739661501478,High,Medium,Medium–High,,,0,no STRING match,no STRING match,2665,3037,1,1
1113,fig|6666666.1036479.peg.740,fig|6666666.1036479.peg.861,0.889195191860199,0.0022597700029236916,Very Low,High,Very Low–High,,,0,no STRING match,no STRING match,2651,2665,1,1
1114,fig|6666666.1036479.peg.411,fig|6666666.1036479.peg.471,0.889191347360611,0.002261800344345905,Low,Low,Low–Low,Hypothetical protein.,,0,secondary STRING hit (STRING protein assigned to a better match),no STRING match,2585,2593,1,1
1115,fig|6666666.1036479.peg.2520,fig|6666666.1036479.peg.411,0.8891756355762481,0.0022638306857681186,Very Low,Low,Very Low–Low,,Hypothetical protein.,0,no STRING match,secondary STRING hit (STRING protein assigned to a better match),2280,2585,1,1
1116,fig|6666666.1036479.peg.2510,fig|6666666.1036479.peg.2548,0.8891688346862793,0.0022658610271903325,Very Low,High,Very Low–High,,,0,no STRING match,no STRING match,2274,2298,12,1
1117,fig|6666666.1036479.peg.2527,fig|6666666.1036479.peg.2548,0.8891688346862793,0.002267891368612546,Very Low,High,Very Low–High,,,0,no STRING match,no STRING match,2274,2298,12,1
1118,fig|6666666.1036479.peg.2531,fig|6666666.1036479.peg.2548,0.8891688346862793,0.0022699217100347596,Very Low,High,Very Low–High,,,0,no STRING match,no STRING match,2274,2298,12,1
1119,fig|6666666.1036479.peg.2548,fig|6666666.1036479.peg.3174,0.8891688346862793,0.002271952051456973,High,Very Low,Very Low–High,,,0,no STRING match,no STRING match,2298,2274,1,12
1120,fig|6666666.1036479.peg.2548,fig|6666666.1036479.peg.970,0.8891688346862793,0.0022739823928791866,High,Very Low,Very Low–High,,,0,no STRING match,no STRING match,2298,2274,1,12
1121,fig|6666666.1036479.peg.2548,fig|6666666.1036479.peg.975,0.8891688346862793,0.0022760127343014,High,Very Low,Very Low–High,,,0,no STRING match,no STRING match,2298,2274,1,12
1122,fig|6666666.1036479.peg.2548,fig|6666666.1036479.peg.980,0.8891688346862793,0.0022780430757236136,High,Very Low,Very Low–High,,,0,no STRING match,no STRING match,2298,2274,1,12
1123,fig|6666666.1036479.peg.2548,fig|6666666.1036479.peg.984,0.8891688346862793,0.002280073417145827,High,Very Low,Very Low–High,,,0,no STRING match,no STRING match,2298,2274,1,12
1124,fig|6666666.1036479.peg.2548,fig|6666666.1036479.peg.988,0.8891688346862793,0.002282103758568041,High,Very Low,Very Low–High,,,0,no STRING match,no STRING match,2298,2274,1,12
1125,fig|6666666.1036479.peg.2548,fig|6666666.1036479.peg.2490,0.8891688346862793,0.0022841340999902545,High,Very Low,Very Low–High,,,0,no STRING match,no STRING match,2298,2274,1,12
1126,fig|6666666.1036479.peg.2548,fig|6666666.1036479.peg.2495,0.8891688346862793,0.002286164441412468,High,Very Low,Very Low–High,,,0,no STRING match,no STRING match,2298,2274,1,12
1127,fig|6666666.1036479.peg.2548,fig|6666666.1036479.peg.2499,0.8891688346862793,0.0022881947828346815,High,Very Low,Very Low–High,,,0,no STRING match,no STRING match,2298,2274,1,12
1128,fig|6666666.1036479.peg.3184,fig|6666666.1036479.peg.1308,0.8891516208648682,0.002290225124256895,Very Low,Medium,Very Low–Medium,,,0,no STRING match,no STRING match,2457,2764,1,1
1129,fig|6666666.1036479.peg.2960,fig|6666666.1036479.peg.391,0.8891484856605529,0.0022922554656791085,Low,Medium,Low–Medium,,,0,no STRING match,no STRING match,2412,2580,1,1
1130,fig|6666666.1036479.peg.2506,fig|6666666.1036479.peg.2347,0.88914355635643,0.002294285807101322,Very Low,Low,Very Low–Low,,,0,no STRING match,no STRING match,2270,3018,6,1
1131,fig|6666666.1036479.peg.2516,fig|6666666.1036479.peg.2347,0.88914355635643,0.0022963161485235356,Very Low,Low,Very Low–Low,,,0,no STRING match,no STRING match,2270,3018,6,1
1132,fig|6666666.1036479.peg.2522,fig|6666666.1036479.peg.2347,0.88914355635643,0.0022983464899457495,Very Low,Low,Very Low–Low,,,0,no STRING match,no STRING match,2270,3018,6,1
1133,fig|6666666.1036479.peg.974,fig|6666666.1036479.peg.2347,0.88914355635643,0.002300376831367963,Very Low,Low,Very Low–Low,,,0,no STRING match,no STRING match,2270,3018,6,1
1134,fig|6666666.1036479.peg.979,fig|6666666.1036479.peg.2347,0.88914355635643,0.0023024071727901765,Very Low,Low,Very Low–Low,,,0,no STRING match,no STRING match,2270,3018,6,1
1135,fig|6666666.1036479.peg.2347,fig|6666666.1036479.peg.2491,0.88914355635643,0.00230443751421239,Low,Very Low,Very Low–Low,,,0,no STRING match,no STRING match,3018,2270,1,6
1136,fig|6666666.1036479.peg.3078,fig|6666666.1036479.peg.411,0.8890972852706909,0.0023064678556346035,Medium,Low,Low–Medium,,Hypothetical protein.,0,no STRING match,secondary STRING hit (STRING protein assigned to a better match),2441,2585,1,1
1137,fig|6666666.1036479.peg.2520,fig|6666666.1036479.peg.866,0.8890905857086182,0.002308498197056817,Very Low,High,Very Low–High,,,0,no STRING match,no STRING match,2280,2667,1,1
1138,fig|6666666.1036479.peg.2843,fig|6666666.1036479.peg.1946,0.88906409740448,0.0023105285384790305,Very Low,Medium,Very Low–Medium,,,0,no STRING match,no STRING match,2370,2929,1,1
1139,fig|6666666.1036479.peg.2535,fig|6666666.1036479.peg.411,0.8889883756637573,0.002312558879901244,Very Low,Low,Very Low–Low,,Hypothetical protein.,0,no STRING match,secondary STRING hit (STRING protein assigned to a better match),2285,2585,1,1
1140,fig|6666666.1036479.peg.411,fig|6666666.1036479.peg.817,0.8889369070529938,0.002314589221323458,Low,Low,Low–Low,Hypothetical protein.,Phospholipid/glycerol acyltransferase; COG4258 Predicted exporter.,0,secondary STRING hit (STRING protein assigned to a better match),secondary STRING hit (STRING protein assigned to a better match),2585,2663,1,1
1141,fig|6666666.1036479.peg.2548,fig|6666666.1036479.peg.659,0.8889152824878692,0.0023166195627456715,High,Very Low,Very Low–High,,,0,no STRING match,no STRING match,2298,2617,1,1
1142,fig|6666666.1036479.peg.411,fig|6666666.1036479.peg.1657,0.8888625741004944,0.002318649904167885,Low,Medium,Low–Medium,Hypothetical protein.,,0,secondary STRING hit (STRING protein assigned to a better match),no STRING match,2585,2883,1,1
1143,fig|6666666.1036479.peg.3184,fig|6666666.1036479.peg.370,0.8888500928878784,0.0023206802455900985,Very Low,High,Very Low–High,,,0,no STRING match,no STRING match,2457,2579,1,1
1144,fig|6666666.1036479.peg.411,fig|6666666.1036479.peg.1181,0.8888412356376648,0.002322710587012312,Low,Very Low,Very Low–Low,Hypothetical protein.,,0,secondary STRING hit (STRING protein assigned to a better match),no STRING match,2585,2747,1,1
1145,fig|6666666.1036479.peg.236,fig|6666666.1036479.peg.1289,0.8888277530670166,0.0023247409284345255,Very Low,Very Low,Very Low–Very Low,,,0,no STRING match,no STRING match,2552,2762,1,1
1146,fig|6666666.1036479.peg.652,fig|6666666.1036479.peg.881,0.8887946128845214,0.002326771269856739,Very Low,High,Very Low–High,,,0,no STRING match,no STRING match,2615,2674,1,1
1147,fig|6666666.1036479.peg.281,fig|6666666.1036479.peg.866,0.8887916803359985,0.0023288016112789525,Very Low,High,Very Low–High,,,0,no STRING match,no STRING match,2558,2667,1,1
1148,fig|6666666.1036479.peg.2547,fig|6666666.1036479.peg.1289,0.8887701690196991,0.0023308319527011664,Medium,Very Low,Very Low–Medium,,,0,no STRING match,no STRING match,2297,2762,1,1
1149,fig|6666666.1036479.peg.1289,fig|6666666.1036479.peg.1657,0.8886845111846924,0.00233286229412338,Very Low,Medium,Very Low–Medium,,,0,no STRING match,no STRING match,2762,2883,1,1
1150,fig|6666666.1036479.peg.2920,fig|6666666.1036479.peg.3010,0.888680511713028,0.0023348926355455935,Very Low,Low,Very Low–Low,,,0,no STRING match,no STRING match,2397,2425,1,1
1151,fig|6666666.1036479.peg.2548,fig|6666666.1036479.peg.3008,0.8886755049228668,0.002336922976967807,High,Medium,Medium–High,,,0,no STRING match,no STRING match,2298,2423,1,1
1152,fig|6666666.1036479.peg.2571,fig|6666666.1036479.peg.2672,0.8886656701564789,0.0023389533183900205,Medium,Medium,Medium–Medium,,,0,no STRING match,no STRING match,2316,2341,1,1
1153,fig|6666666.1036479.peg.2524,fig|6666666.1036479.peg.1300,0.8885893404483796,0.002340983659812234,Low,Low,Low–Low,,,0,no STRING match,no STRING match,2283,2763,1,1
1154,fig|6666666.1036479.peg.3010,fig|6666666.1036479.peg.1308,0.8885834217071533,0.0023430140012344475,Low,Medium,Low–Medium,,,0,no STRING match,no STRING match,2425,2764,1,1
1155,fig|6666666.1036479.peg.2548,fig|6666666.1036479.peg.2106,0.888573306798935,0.002345044342656661,High,High,High–High,,Hypothetical protein.,0,no STRING match,secondary STRING hit (STRING protein assigned to a better match),2298,2959,1,1
1156,fig|6666666.1036479.peg.2547,fig|6666666.1036479.peg.3020,0.8885342299938201,0.002347074684078875,Medium,Low,Low–Medium,,,0,no STRING match,no STRING match,2297,2433,1,1
1157,fig|6666666.1036479.peg.1289,fig|6666666.1036479.peg.2114,0.8885234892368317,0.0023491050255010884,Very Low,Very Low,Very Low–Very Low,,"COG1629 Outer membrane receptor proteins, mostly Fe transport.",0,no STRING match,secondary STRING hit (STRING protein assigned to a better match),2762,2964,1,1
1158,fig|6666666.1036479.peg.2548,fig|6666666.1036479.peg.2855,0.888472056388855,0.002351135366923302,High,Very Low,Very Low–High,,,0,no STRING match,no STRING match,2298,2374,1,1
1159,fig|6666666.1036479.peg.861,fig|6666666.1036479.peg.1092,0.8884666621685028,0.0023531657083455154,High,Very Low,Very Low–High,,,0,no STRING match,no STRING match,2665,2715,1,1
1160,fig|6666666.1036479.peg.370,fig|6666666.1036479.peg.2467,0.8884225070476532,0.002355196049767729,High,Low,Low–High,,,0,no STRING match,no STRING match,2579,3041,1,1
1161,fig|6666666.1036479.peg.3033,fig|6666666.1036479.peg.866,0.8884207785129548,0.0023572263911899424,Low,High,Low–High,,,0,no STRING match,no STRING match,2437,2667,1,1
1162,fig|6666666.1036479.peg.3004,fig|6666666.1036479.peg.411,0.8884100973606109,0.002359256732612156,Very Low,Low,Very Low–Low,,Hypothetical protein.,0,no STRING match,secondary STRING hit (STRING protein assigned to a better match),2419,2585,1,1
1163,fig|6666666.1036479.peg.2548,fig|6666666.1036479.peg.2843,0.8883973062038422,0.0023612870740343695,High,Very Low,Very Low–High,,,0,no STRING match,no STRING match,2298,2370,1,1
1164,fig|6666666.1036479.peg.2679,fig|6666666.1036479.peg.3017,0.8883771181106568,0.0023633174154565834,Medium,Medium,Medium–Medium,,,0,no STRING match,no STRING match,2342,2430,1,1
1165,fig|6666666.1036479.peg.881,fig|6666666.1036479.peg.1339,0.8883687794208527,0.002365347756878797,High,Very Low,Very Low–High,,,0,no STRING match,no STRING match,2674,2779,1,1
1166,fig|6666666.1036479.peg.728,fig|6666666.1036479.peg.2114,0.8883208990097046,0.0023673780983010104,Medium,Very Low,Very Low–Medium,,"COG1629 Outer membrane receptor proteins, mostly Fe transport.",0,no STRING match,secondary STRING hit (STRING protein assigned to a better match),2639,2964,1,1
1167,fig|6666666.1036479.peg.881,fig|6666666.1036479.peg.1215,0.8883140921592713,0.002369408439723224,High,Low,Low–High,,,0,no STRING match,no STRING match,2674,2751,1,1
1168,fig|6666666.1036479.peg.2843,fig|6666666.1036479.peg.1657,0.888313603401184,0.0023714387811454374,Very Low,Medium,Very Low–Medium,,,0,no STRING match,no STRING match,2370,2883,1,1
1169,fig|6666666.1036479.peg.2588,fig|6666666.1036479.peg.3019,0.888291984796524,0.002373469122567651,Very Low,Very Low,Very Low–Very Low,,,0,no STRING match,no STRING match,2319,2432,1,1
1170,fig|6666666.1036479.peg.728,fig|6666666.1036479.peg.881,0.8882795095443725,0.0023754994639898644,Medium,High,Medium–High,,,0,no STRING match,no STRING match,2639,2674,1,1
1171,fig|6666666.1036479.peg.370,fig|6666666.1036479.peg.2278,0.8882611453533172,0.002377529805412078,High,Low,Low–High,,,0,no STRING match,no STRING match,2579,3005,1,1
1172,fig|6666666.1036479.peg.3231,fig|6666666.1036479.peg.728,0.8882368683815003,0.002379560146834292,Very Low,Medium,Very Low–Medium,,,0,no STRING match,no STRING match,2482,2639,2,1
1173,fig|6666666.1036479.peg.147,fig|6666666.1036479.peg.728,0.8882368683815003,0.0023815904882565054,Very Low,Medium,Very Low–Medium,,,0,no STRING match,no STRING match,2482,2639,2,1
1174,fig|6666666.1036479.peg.2523,fig|6666666.1036479.peg.3017,0.8882278680801392,0.002383620829678719,Low,Medium,Low–Medium,,,0,no STRING match,no STRING match,2282,2430,1,1
1175,fig|6666666.1036479.peg.370,fig|6666666.1036479.peg.1339,0.8881731748580932,0.0023856511711009324,High,Very Low,Very Low–High,,,0,no STRING match,no STRING match,2579,2779,1,1
1176,fig|6666666.1036479.peg.2672,fig|6666666.1036479.peg.2327,0.8880915641784668,0.002387681512523146,Medium,Medium,Medium–Medium,,,0,no STRING match,no STRING match,2341,3016,1,1
1177,fig|6666666.1036479.peg.370,fig|6666666.1036479.peg.1657,0.8880761444568634,0.0023897118539453594,High,Medium,Medium–High,,,0,no STRING match,no STRING match,2579,2883,1,1
1178,fig|6666666.1036479.peg.725,fig|6666666.1036479.peg.728,0.8880674421787262,0.002391742195367573,Very Low,Medium,Very Low–Medium,,,0,no STRING match,no STRING match,2636,2639,1,1
1179,fig|6666666.1036479.peg.659,fig|6666666.1036479.peg.866,0.8879986703395844,0.0023937725367897864,Very Low,High,Very Low–High,,,0,no STRING match,no STRING match,2617,2667,1,1
1180,fig|6666666.1036479.peg.2506,fig|6666666.1036479.peg.1566,0.8879914283752441,0.0023958028782120003,Very Low,High,Very Low–High,,,0,no STRING match,no STRING match,2270,2838,6,1
1181,fig|6666666.1036479.peg.2516,fig|6666666.1036479.peg.1566,0.8879914283752441,0.002397833219634214,Very Low,High,Very Low–High,,,0,no STRING match,no STRING match,2270,2838,6,1
1182,fig|6666666.1036479.peg.2522,fig|6666666.1036479.peg.1566,0.8879914283752441,0.0023998635610564274,Very Low,High,Very Low–High,,,0,no STRING match,no STRING match,2270,2838,6,1
1183,fig|6666666.1036479.peg.974,fig|6666666.1036479.peg.1566,0.8879914283752441,0.002401893902478641,Very Low,High,Very Low–High,,,0,no STRING match,no STRING match,2270,2838,6,1
1184,fig|6666666.1036479.peg.979,fig|6666666.1036479.peg.1566,0.8879914283752441,0.0024039242439008544,Very Low,High,Very Low–High,,,0,no STRING match,no STRING match,2270,2838,6,1
1185,fig|6666666.1036479.peg.1566,fig|6666666.1036479.peg.2491,0.8879914283752441,0.002405954585323068,High,Very Low,Very Low–High,,,0,no STRING match,no STRING match,2838,2270,1,6
1186,fig|6666666.1036479.peg.3222,fig|6666666.1036479.peg.370,0.8879603683948517,0.0024079849267452814,Medium,High,Medium–High,,,0,no STRING match,no STRING match,2473,2579,2,1
1187,fig|6666666.1036479.peg.138,fig|6666666.1036479.peg.370,0.8879603683948517,0.002410015268167495,Medium,High,Medium–High,,,0,no STRING match,no STRING match,2473,2579,2,1
1188,fig|6666666.1036479.peg.1074,fig|6666666.1036479.peg.1080,0.8877620160579681,0.002412045609589709,High,High,High–High,,,0,no STRING match,no STRING match,2706,2712,1,1
1189,fig|6666666.1036479.peg.866,fig|6666666.1036479.peg.2455,0.8877501308917999,0.0024140759510119223,High,Medium,Medium–High,,,0,no STRING match,no STRING match,2667,3038,1,1
1190,fig|6666666.1036479.peg.861,fig|6666666.1036479.peg.1566,0.8877430498600006,0.002416106292434136,High,High,High–High,,,0,no STRING match,no STRING match,2665,2838,1,1
1191,fig|6666666.1036479.peg.728,fig|6666666.1036479.peg.1300,0.8876922309398652,0.0024181366338563493,Medium,Low,Low–Medium,,,0,no STRING match,no STRING match,2639,2763,1,1
1192,fig|6666666.1036479.peg.2539,fig|6666666.1036479.peg.2672,0.8876805663108825,0.002420166975278563,Low,Medium,Low–Medium,,,0,no STRING match,no STRING match,2289,2341,1,1
1193,fig|6666666.1036479.peg.1602,fig|6666666.1036479.peg.2484,0.887649542093277,0.0024221973167007763,Very Low,Very Low,Very Low–Very Low,,,0,no STRING match,no STRING match,2860,3046,2,1
1194,fig|6666666.1036479.peg.1609,fig|6666666.1036479.peg.2484,0.887649542093277,0.00242422765812299,Very Low,Very Low,Very Low–Very Low,,,0,no STRING match,no STRING match,2860,3046,2,1
1195,fig|6666666.1036479.peg.2672,fig|6666666.1036479.peg.3254,0.8876439809799195,0.0024262579995452034,Medium,High,Medium–High,,,0,no STRING match,no STRING match,2341,2505,1,3
1196,fig|6666666.1036479.peg.2672,fig|6666666.1036479.peg.22,0.8876439809799195,0.0024282883409674173,Medium,High,Medium–High,,,0,no STRING match,no STRING match,2341,2505,1,3
1197,fig|6666666.1036479.peg.2672,fig|6666666.1036479.peg.170,0.8876439809799195,0.002430318682389631,Medium,High,Medium–High,,,0,no STRING match,no STRING match,2341,2505,1,3
1198,fig|6666666.1036479.peg.2987,fig|6666666.1036479.peg.1300,0.8875709056854248,0.0024323490238118443,Very Low,Low,Very Low–Low,,,0,no STRING match,no STRING match,2415,2763,1,1
1199,fig|6666666.1036479.peg.2548,fig|6666666.1036479.peg.1655,0.8875299036502838,0.002434379365234058,High,Medium,Medium–High,,,0,no STRING match,no STRING match,2298,2882,1,1
1200,fig|6666666.1036479.peg.38,fig|6666666.1036479.peg.2348,0.8874589920043945,0.0024364097066562713,Low,High,Low–High,,,0,no STRING match,no STRING match,2526,3019,2,1
1201,fig|6666666.1036479.peg.186,fig|6666666.1036479.peg.2348,0.8874589920043945,0.002438440048078485,Low,High,Low–High,,,0,no STRING match,no STRING match,2526,3019,2,1
1202,fig|6666666.1036479.peg.1116,fig|6666666.1036479.peg.1128,0.8874537527561188,0.0024404703895006983,Very Low,Very Low,Very Low–Very Low,,,0,no STRING match,no STRING match,2732,2744,1,1
1203,fig|6666666.1036479.peg.2672,fig|6666666.1036479.peg.2987,0.8874521613121032,0.002442500730922912,Medium,Very Low,Very Low–Medium,,,0,no STRING match,no STRING match,2341,2415,1,1
1204,fig|6666666.1036479.peg.3142,fig|6666666.1036479.peg.861,0.8874299049377441,0.0024445310723451258,Low,High,Low–High,,,0,no STRING match,no STRING match,2448,2665,1,1
1205,fig|6666666.1036479.peg.3107,fig|6666666.1036479.peg.881,0.8874293208122254,0.0024465614137673393,Very Low,High,Very Low–High,,,0,no STRING match,no STRING match,2444,2674,1,1
1206,fig|6666666.1036479.peg.2988,fig|6666666.1036479.peg.3188,0.8874267995357513,0.0024485917551895528,Medium,Medium,Medium–Medium,Hypothetical protein.,,0,secondary STRING hit (STRING protein assigned to a better match),no STRING match,2416,2461,1,1
1207,fig|6666666.1036479.peg.411,fig|6666666.1036479.peg.740,0.8874084234237671,0.0024506220966117663,Low,Very Low,Very Low–Low,Hypothetical protein.,,0,secondary STRING hit (STRING protein assigned to a better match),no STRING match,2585,2651,1,1
1208,fig|6666666.1036479.peg.2520,fig|6666666.1036479.peg.370,0.8874050736427307,0.00245265243803398,Very Low,High,Very Low–High,,,0,no STRING match,no STRING match,2280,2579,1,1
1209,fig|6666666.1036479.peg.2672,fig|6666666.1036479.peg.2891,0.887391084432602,0.0024546827794561933,Medium,Medium,Medium–Medium,,,0,no STRING match,no STRING match,2341,2390,1,1
1210,fig|6666666.1036479.peg.3008,fig|6666666.1036479.peg.2364,0.8873883306980133,0.002456713120878407,Medium,Medium,Medium–Medium,,,0,no STRING match,no STRING match,2423,3022,1,1
1211,fig|6666666.1036479.peg.1074,fig|6666666.1036479.peg.1300,0.8873301386833191,0.0024587434623006203,High,Low,Low–High,,,0,no STRING match,no STRING match,2706,2763,1,1
1212,fig|6666666.1036479.peg.391,fig|6666666.1036479.peg.861,0.8872795343399048,0.0024607738037228342,Medium,High,Medium–High,,,0,no STRING match,no STRING match,2580,2665,1,1
1213,fig|6666666.1036479.peg.2920,fig|6666666.1036479.peg.942,0.8872225463390351,0.0024628041451450478,Very Low,Very Low,Very Low–Very Low,,,0,no STRING match,no STRING match,2397,2691,1,1
1214,fig|6666666.1036479.peg.2672,fig|6666666.1036479.peg.740,0.8872164011001586,0.0024648344865672613,Medium,Very Low,Very Low–Medium,,,0,no STRING match,no STRING match,2341,2651,1,1
1215,fig|6666666.1036479.peg.2987,fig|6666666.1036479.peg.1289,0.8871797025203705,0.0024668648279894748,Very Low,Very Low,Very Low–Very Low,,,0,no STRING match,no STRING match,2415,2762,1,1
1216,fig|6666666.1036479.peg.281,fig|6666666.1036479.peg.861,0.8871324002742768,0.0024688951694116883,Very Low,High,Very Low–High,,,0,no STRING match,no STRING match,2558,2665,1,1
1217,fig|6666666.1036479.peg.3020,fig|6666666.1036479.peg.3188,0.8871301472187042,0.0024709255108339018,Low,Medium,Low–Medium,,,0,no STRING match,no STRING match,2433,2461,1,1
1218,fig|6666666.1036479.peg.3188,fig|6666666.1036479.peg.2364,0.8871239602565766,0.0024729558522561153,Medium,Medium,Medium–Medium,,,0,no STRING match,no STRING match,2461,3022,1,1
1219,fig|6666666.1036479.peg.3207,fig|6666666.1036479.peg.3222,0.8870654940605164,0.0024749861936783288,Medium,Medium,Medium–Medium,,,0,no STRING match,no STRING match,2468,2473,1,2
1220,fig|6666666.1036479.peg.3207,fig|6666666.1036479.peg.138,0.8870654940605164,0.0024770165351005427,Medium,Medium,Medium–Medium,,,0,no STRING match,no STRING match,2468,2473,1,2
1221,fig|6666666.1036479.peg.303,fig|6666666.1036479.peg.1128,0.8870046019554139,0.0024790468765227562,Very Low,Very Low,Very Low–Very Low,,,0,no STRING match,no STRING match,2564,2744,3,1
1222,fig|6666666.1036479.peg.305,fig|6666666.1036479.peg.1128,0.8870046019554139,0.0024810772179449697,Very Low,Very Low,Very Low–Very Low,,,0,no STRING match,no STRING match,2564,2744,3,1
1223,fig|6666666.1036479.peg.311,fig|6666666.1036479.peg.1128,0.8870046019554139,0.0024831075593671832,Very Low,Very Low,Very Low–Very Low,,,0,no STRING match,no STRING match,2564,2744,3,1
1224,fig|6666666.1036479.peg.723,fig|6666666.1036479.peg.866,0.8869909524917603,0.0024851379007893967,High,High,High–High,,,0,no STRING match,no STRING match,2634,2667,1,1
1225,fig|6666666.1036479.peg.2506,fig|6666666.1036479.peg.2524,0.886953866481781,0.0024871682422116102,Very Low,Low,Very Low–Low,,,0,no STRING match,no STRING match,2270,2283,6,1
1226,fig|6666666.1036479.peg.2516,fig|6666666.1036479.peg.2524,0.886953866481781,0.0024891985836338238,Very Low,Low,Very Low–Low,,,0,no STRING match,no STRING match,2270,2283,6,1
1227,fig|6666666.1036479.peg.2522,fig|6666666.1036479.peg.2524,0.886953866481781,0.0024912289250560373,Very Low,Low,Very Low–Low,,,0,no STRING match,no STRING match,2270,2283,6,1
1228,fig|6666666.1036479.peg.2524,fig|6666666.1036479.peg.974,0.886953866481781,0.002493259266478251,Low,Very Low,Very Low–Low,,,0,no STRING match,no STRING match,2283,2270,1,6
1229,fig|6666666.1036479.peg.2524,fig|6666666.1036479.peg.979,0.886953866481781,0.0024952896079004647,Low,Very Low,Very Low–Low,,,0,no STRING match,no STRING match,2283,2270,1,6
1230,fig|6666666.1036479.peg.2524,fig|6666666.1036479.peg.2491,0.886953866481781,0.002497319949322678,Low,Very Low,Very Low–Low,,,0,no STRING match,no STRING match,2283,2270,1,6
1231,fig|6666666.1036479.peg.89,fig|6666666.1036479.peg.1566,0.8867710828781128,0.0024993502907448917,Very Low,High,Very Low–High,,,0,no STRING match,no STRING match,2542,2838,1,1
1232,fig|6666666.1036479.peg.866,fig|6666666.1036479.peg.1377,0.8867294311523437,0.0025013806321671052,High,Very Low,Very Low–High,,,0,no STRING match,no STRING match,2667,2809,1,1
1233,fig|6666666.1036479.peg.2548,fig|6666666.1036479.peg.714,0.8867243647575378,0.0025034109735893187,High,Low,Low–High,,,0,no STRING match,no STRING match,2298,2627,1,1
1234,fig|6666666.1036479.peg.2532,fig|6666666.1036479.peg.866,0.8867033183574676,0.0025054413150115322,Low,High,Low–High,,,0,no STRING match,no STRING match,2284,2667,4,1
1235,fig|6666666.1036479.peg.3171,fig|6666666.1036479.peg.866,0.8867033183574676,0.0025074716564337457,Low,High,Low–High,,,0,no STRING match,no STRING match,2284,2667,4,1
1236,fig|6666666.1036479.peg.866,fig|6666666.1036479.peg.987,0.8867033183574676,0.0025095019978559597,High,Low,Low–High,,,0,no STRING match,no STRING match,2667,2284,1,4
1237,fig|6666666.1036479.peg.866,fig|6666666.1036479.peg.2492,0.8867033183574676,0.002511532339278173,High,Low,Low–High,,,0,no STRING match,no STRING match,2667,2284,1,4
1238,fig|6666666.1036479.peg.3020,fig|6666666.1036479.peg.1946,0.8866943776607513,0.0025135626807003867,Low,Medium,Low–Medium,,,0,no STRING match,no STRING match,2433,2929,1,1
1239,fig|6666666.1036479.peg.2988,fig|6666666.1036479.peg.3008,0.8866185784339905,0.0025155930221226,Medium,Medium,Medium–Medium,Hypothetical protein.,,0,secondary STRING hit (STRING protein assigned to a better match),no STRING match,2416,2423,1,1
1240,fig|6666666.1036479.peg.2548,fig|6666666.1036479.peg.2497,0.8865703821182251,0.0025176233635448137,High,Very Low,Very Low–High,,,0,no STRING match,no STRING match,2298,3047,1,1
1241,fig|6666666.1036479.peg.866,fig|6666666.1036479.peg.1494,0.8865407526493072,0.002519653704967027,High,Very Low,Very Low–High,,,0,no STRING match,no STRING match,2667,2824,1,1
1242,fig|6666666.1036479.peg.2843,fig|6666666.1036479.peg.38,0.8864559829235077,0.0025216840463892407,Very Low,Low,Very Low–Low,,,0,no STRING match,no STRING match,2370,2526,1,2
1243,fig|6666666.1036479.peg.2843,fig|6666666.1036479.peg.186,0.8864559829235077,0.002523714387811454,Very Low,Low,Very Low–Low,,,0,no STRING match,no STRING match,2370,2526,1,2
1244,fig|6666666.1036479.peg.3188,fig|6666666.1036479.peg.573,0.8864452123641968,0.002525744729233668,Medium,Very Low,Very Low–Medium,,Hypothetical protein.,0,no STRING match,secondary STRING hit (STRING protein assigned to a better match),2461,2601,1,1
1245,fig|6666666.1036479.peg.3079,fig|6666666.1036479.peg.411,0.8864362716674805,0.0025277750706558817,Very Low,Low,Very Low–Low,,Hypothetical protein.,0,no STRING match,secondary STRING hit (STRING protein assigned to a better match),2442,2585,1,1
1246,fig|6666666.1036479.peg.866,fig|6666666.1036479.peg.1706,0.8864345610141754,0.002529805412078095,High,Very Low,Very Low–High,,,0,no STRING match,no STRING match,2667,2886,1,1
1247,fig|6666666.1036479.peg.1080,fig|6666666.1036479.peg.2348,0.8863904476165771,0.0025318357535003087,High,High,High–High,,,0,no STRING match,no STRING match,2712,3019,1,1
1248,fig|6666666.1036479.peg.2548,fig|6666666.1036479.peg.1377,0.8863565623760223,0.002533866094922522,High,Very Low,Very Low–High,,,0,no STRING match,no STRING match,2298,2809,1,1
1249,fig|6666666.1036479.peg.3121,fig|6666666.1036479.peg.3244,0.8862643778324127,0.0025358964363447357,Very Low,Very Low,Very Low–Very Low,,,0,no STRING match,no STRING match,2446,2495,1,3
1250,fig|6666666.1036479.peg.3121,fig|6666666.1036479.peg.12,0.8862643778324127,0.002537926777766949,Very Low,Very Low,Very Low–Very Low,,,0,no STRING match,no STRING match,2446,2495,1,3
1251,fig|6666666.1036479.peg.3121,fig|6666666.1036479.peg.160,0.8862643778324127,0.0025399571191891627,Very Low,Very Low,Very Low–Very Low,,,0,no STRING match,no STRING match,2446,2495,1,3
1252,fig|6666666.1036479.peg.2960,fig|6666666.1036479.peg.728,0.8862087965011597,0.0025419874606113766,Low,Medium,Low–Medium,,,0,no STRING match,no STRING match,2412,2639,1,1
1253,fig|6666666.1036479.peg.942,fig|6666666.1036479.peg.2364,0.8861842691898346,0.00254401780203359,Very Low,Medium,Very Low–Medium,,,0,no STRING match,no STRING match,2691,3022,1,1
1254,fig|6666666.1036479.peg.573,fig|6666666.1036479.peg.881,0.8861735463142395,0.0025460481434558036,Very Low,High,Very Low–High,Hypothetical protein.,,0,secondary STRING hit (STRING protein assigned to a better match),no STRING match,2601,2674,1,1
1255,fig|6666666.1036479.peg.3015,fig|6666666.1036479.peg.411,0.8861620843410491,0.002548078484878017,Low,Low,Low–Low,,Hypothetical protein.,0,no STRING match,secondary STRING hit (STRING protein assigned to a better match),2428,2585,1,1
1256,fig|6666666.1036479.peg.2548,fig|6666666.1036479.peg.2289,0.8861319065093994,0.0025501088263002306,High,Very Low,Very Low–High,,,0,no STRING match,no STRING match,2298,3006,1,1
1257,fig|6666666.1036479.peg.2654,fig|6666666.1036479.peg.881,0.8861230194568634,0.002552139167722444,High,High,High–High,,,0,no STRING match,no STRING match,2337,2674,1,1
1258,fig|6666666.1036479.peg.719,fig|6666666.1036479.peg.2348,0.8860838949680329,0.0025541695091446577,Medium,High,Medium–High,,,0,no STRING match,no STRING match,2630,3019,1,1
1259,fig|6666666.1036479.peg.1289,fig|6666666.1036479.peg.1946,0.8860676527023316,0.002556199850566871,Very Low,Medium,Very Low–Medium,,,0,no STRING match,no STRING match,2762,2929,1,1
1260,fig|6666666.1036479.peg.410,fig|6666666.1036479.peg.1360,0.8860644459724426,0.002558230191989085,Very Low,Very Low,Very Low–Very Low,,,0,no STRING match,no STRING match,2584,2796,1,1
1261,fig|6666666.1036479.peg.2571,fig|6666666.1036479.peg.861,0.8859391152858734,0.0025602605334112986,Medium,High,Medium–High,,,0,no STRING match,no STRING match,2316,2665,1,1
1262,fig|6666666.1036479.peg.2540,fig|6666666.1036479.peg.370,0.8858620584011078,0.002562290874833512,Medium,High,Medium–High,,,0,no STRING match,no STRING match,2290,2579,1,1
1263,fig|6666666.1036479.peg.2672,fig|6666666.1036479.peg.1962,0.8858502507209778,0.0025643212162557256,Medium,Medium,Medium–Medium,,,0,no STRING match,no STRING match,2341,2944,1,1
1264,fig|6666666.1036479.peg.2948,fig|6666666.1036479.peg.1946,0.8858061671257019,0.002566351557677939,High,Medium,Medium–High,,,0,no STRING match,no STRING match,2410,2929,1,1
1265,fig|6666666.1036479.peg.1,fig|6666666.1036479.peg.866,0.885748541355133,0.0025683818991001526,Very Low,High,Very Low–High,,,0,no STRING match,no STRING match,2509,2667,1,1
1266,fig|6666666.1036479.peg.2960,fig|6666666.1036479.peg.3077,0.885719358921051,0.002570412240522366,Low,Medium,Low–Medium,,,0,no STRING match,no STRING match,2412,2440,1,1
1267,fig|6666666.1036479.peg.728,fig|6666666.1036479.peg.2436,0.88567556142807,0.0025724425819445796,Medium,Medium,Medium–Medium,,,0,no STRING match,no STRING match,2639,3033,1,1
1268,fig|6666666.1036479.peg.861,fig|6666666.1036479.peg.1962,0.8856707274913788,0.0025744729233667936,High,Medium,Medium–High,,,0,no STRING match,no STRING match,2665,2944,1,1
1269,fig|6666666.1036479.peg.866,fig|6666666.1036479.peg.1946,0.8856481790542603,0.002576503264789007,High,Medium,Medium–High,,,0,no STRING match,no STRING match,2667,2929,1,1
1270,fig|6666666.1036479.peg.2679,fig|6666666.1036479.peg.1566,0.8855662107467651,0.0025785336062112206,Medium,High,Medium–High,,,0,no STRING match,no STRING match,2342,2838,1,1
1271,fig|6666666.1036479.peg.2547,fig|6666666.1036479.peg.881,0.8855421066284179,0.002580563947633434,Medium,High,Medium–High,,,0,no STRING match,no STRING match,2297,2674,1,1
1272,fig|6666666.1036479.peg.2672,fig|6666666.1036479.peg.1649,0.8855355501174926,0.0025825942890556476,Medium,Very Low,Very Low–Medium,,YD repeat-containing protein; COG3209 Rhs family protein.,0,no STRING match,secondary STRING hit (STRING protein assigned to a better match),2341,2879,1,1
1273,fig|6666666.1036479.peg.3184,fig|6666666.1036479.peg.38,0.8855337679386139,0.002584624630477861,Very Low,Low,Very Low–Low,,,0,no STRING match,no STRING match,2457,2526,1,2
1274,fig|6666666.1036479.peg.3184,fig|6666666.1036479.peg.186,0.8855337679386139,0.0025866549719000746,Very Low,Low,Very Low–Low,,,0,no STRING match,no STRING match,2457,2526,1,2
1275,fig|6666666.1036479.peg.3142,fig|6666666.1036479.peg.1300,0.8855164766311645,0.002588685313322288,Low,Low,Low–Low,,,0,no STRING match,no STRING match,2448,2763,1,1
1276,fig|6666666.1036479.peg.38,fig|6666666.1036479.peg.728,0.8854854941368103,0.002590715654744502,Low,Medium,Low–Medium,,,0,no STRING match,no STRING match,2526,2639,2,1
1277,fig|6666666.1036479.peg.186,fig|6666666.1036479.peg.728,0.8854854941368103,0.0025927459961667156,Low,Medium,Low–Medium,,,0,no STRING match,no STRING match,2526,2639,2,1
1278,fig|6666666.1036479.peg.281,fig|6666666.1036479.peg.370,0.8854550182819366,0.002594776337588929,Very Low,High,Very Low–High,,,0,no STRING match,no STRING match,2558,2579,1,1
1279,fig|6666666.1036479.peg.719,fig|6666666.1036479.peg.1657,0.8853984475135803,0.0025968066790111426,Medium,Medium,Medium–Medium,,,0,no STRING match,no STRING match,2630,2883,1,1
1280,fig|6666666.1036479.peg.2960,fig|6666666.1036479.peg.2364,0.8853922843933105,0.002598837020433356,Low,Medium,Low–Medium,,,0,no STRING match,no STRING match,2412,3022,1,1
1281,fig|6666666.1036479.peg.861,fig|6666666.1036479.peg.2025,0.8853176653385162,0.0026008673618555696,High,Very Low,Very Low–High,,,0,no STRING match,no STRING match,2665,2950,1,1
1282,fig|6666666.1036479.peg.370,fig|6666666.1036479.peg.1704,0.8853128552436829,0.002602897703277783,High,Very Low,Very Low–High,,,0,no STRING match,no STRING match,2579,2885,1,1
1283,fig|6666666.1036479.peg.236,fig|6666666.1036479.peg.725,0.8852940201759338,0.0026049280446999966,Very Low,Very Low,Very Low–Very Low,,,0,no STRING match,no STRING match,2552,2636,1,1
1284,fig|6666666.1036479.peg.2548,fig|6666666.1036479.peg.36,0.885211455821991,0.0026069583861222105,High,Medium,Medium–High,,,0,no STRING match,no STRING match,2298,2524,1,2
1285,fig|6666666.1036479.peg.2548,fig|6666666.1036479.peg.184,0.885211455821991,0.002608988727544424,High,Medium,Medium–High,,,0,no STRING match,no STRING match,2298,2524,1,2
1286,fig|6666666.1036479.peg.1566,fig|6666666.1036479.peg.2347,0.8852030754089355,0.0026110190689666375,High,Low,Low–High,,,0,no STRING match,no STRING match,2838,3018,1,1
1287,fig|6666666.1036479.peg.3244,fig|6666666.1036479.peg.1954,0.8851972222328186,0.002613049410388851,Very Low,Low,Very Low–Low,,,0,no STRING match,no STRING match,2495,2936,3,1
1288,fig|6666666.1036479.peg.12,fig|6666666.1036479.peg.1954,0.8851972222328186,0.0026150797518110645,Very Low,Low,Very Low–Low,,,0,no STRING match,no STRING match,2495,2936,3,1
1289,fig|6666666.1036479.peg.160,fig|6666666.1036479.peg.1954,0.8851972222328186,0.002617110093233278,Very Low,Low,Very Low–Low,,,0,no STRING match,no STRING match,2495,2936,3,1
1290,fig|6666666.1036479.peg.2960,fig|6666666.1036479.peg.2987,0.8851067900657654,0.0026191404346554916,Low,Very Low,Very Low–Low,,,0,no STRING match,no STRING match,2412,2415,1,1
1291,fig|6666666.1036479.peg.2548,fig|6666666.1036479.peg.3011,0.8850853919982911,0.002621170776077705,High,High,High–High,,,0,no STRING match,no STRING match,2298,2426,1,1
1292,fig|6666666.1036479.peg.2672,fig|6666666.1036479.peg.1706,0.8850725710391998,0.002623201117499919,Medium,Very Low,Very Low–Medium,,,0,no STRING match,no STRING match,2341,2886,1,1
1293,fig|6666666.1036479.peg.2588,fig|6666666.1036479.peg.303,0.8850558578968049,0.0026252314589221325,Very Low,Very Low,Very Low–Very Low,,,0,no STRING match,no STRING match,2319,2564,1,3
1294,fig|6666666.1036479.peg.2588,fig|6666666.1036479.peg.305,0.8850558578968049,0.002627261800344346,Very Low,Very Low,Very Low–Very Low,,,0,no STRING match,no STRING match,2319,2564,1,3
1295,fig|6666666.1036479.peg.2588,fig|6666666.1036479.peg.311,0.8850558578968049,0.0026292921417665595,Very Low,Very Low,Very Low–Very Low,,,0,no STRING match,no STRING match,2319,2564,1,3
1296,fig|6666666.1036479.peg.2672,fig|6666666.1036479.peg.721,0.8849924862384796,0.002631322483188773,Medium,High,Medium–High,,Yd repeat protein; COG3209 Rhs family protein.,0,no STRING match,secondary STRING hit (STRING protein assigned to a better match),2341,2632,1,1
1297,fig|6666666.1036479.peg.89,fig|6666666.1036479.peg.1080,0.8849851906299591,0.0026333528246109865,Very Low,High,Very Low–High,,,0,no STRING match,no STRING match,2542,2712,1,1
1298,fig|6666666.1036479.peg.1300,fig|6666666.1036479.peg.1567,0.8849603176116944,0.0026353831660332,Low,Low,Low–Low,,,0,no STRING match,no STRING match,2763,2839,1,1
1299,fig|6666666.1036479.peg.2506,fig|6666666.1036479.peg.1080,0.8849369883537292,0.0026374135074554135,Very Low,High,Very Low–High,,,0,no STRING match,no STRING match,2270,2712,6,1
1300,fig|6666666.1036479.peg.2516,fig|6666666.1036479.peg.1080,0.8849369883537292,0.0026394438488776275,Very Low,High,Very Low–High,,,0,no STRING match,no STRING match,2270,2712,6,1
1301,fig|6666666.1036479.peg.2522,fig|6666666.1036479.peg.1080,0.8849369883537292,0.002641474190299841,Very Low,High,Very Low–High,,,0,no STRING match,no STRING match,2270,2712,6,1
1302,fig|6666666.1036479.peg.974,fig|6666666.1036479.peg.1080,0.8849369883537292,0.0026435045317220545,Very Low,High,Very Low–High,,,0,no STRING match,no STRING match,2270,2712,6,1
1303,fig|6666666.1036479.peg.979,fig|6666666.1036479.peg.1080,0.8849369883537292,0.002645534873144268,Very Low,High,Very Low–High,,,0,no STRING match,no STRING match,2270,2712,6,1
1304,fig|6666666.1036479.peg.1080,fig|6666666.1036479.peg.2491,0.8849369883537292,0.0026475652145664815,High,Very Low,Very Low–High,,,0,no STRING match,no STRING match,2712,2270,1,6
1305,fig|6666666.1036479.peg.2505,fig|6666666.1036479.peg.370,0.8848974525928497,0.002649595555988695,Very Low,High,Very Low–High,,,0,no STRING match,no STRING match,2269,2579,1,1
1306,fig|6666666.1036479.peg.411,fig|6666666.1036479.peg.2278,0.8848607420921326,0.0026516258974109085,Low,Low,Low–Low,Hypothetical protein.,,0,secondary STRING hit (STRING protein assigned to a better match),no STRING match,2585,3005,1,1
1307,fig|6666666.1036479.peg.38,fig|6666666.1036479.peg.2092,0.8848564267158509,0.002653656238833122,Low,Medium,Low–Medium,,,0,no STRING match,no STRING match,2526,2954,2,1
1308,fig|6666666.1036479.peg.186,fig|6666666.1036479.peg.2092,0.8848564267158509,0.002655686580255336,Low,Medium,Low–Medium,,,0,no STRING match,no STRING match,2526,2954,2,1
1309,fig|6666666.1036479.peg.2948,fig|6666666.1036479.peg.2106,0.8848532736301422,0.0026577169216775495,High,High,High–High,,Hypothetical protein.,0,no STRING match,secondary STRING hit (STRING protein assigned to a better match),2410,2959,1,1
1310,fig|6666666.1036479.peg.3010,fig|6666666.1036479.peg.1300,0.884774261713028,0.002659747263099763,Low,Low,Low–Low,,,0,no STRING match,no STRING match,2425,2763,1,1
1311,fig|6666666.1036479.peg.1289,fig|6666666.1036479.peg.1706,0.8847731947898865,0.0026617776045219765,Very Low,Very Low,Very Low–Very Low,,,0,no STRING match,no STRING match,2762,2886,1,1
1312,fig|6666666.1036479.peg.2918,fig|6666666.1036479.peg.1289,0.8847445726394654,0.00266380794594419,Very Low,Very Low,Very Low–Very Low,,,0,no STRING match,no STRING match,2396,2762,1,1
1313,fig|6666666.1036479.peg.2672,fig|6666666.1036479.peg.3187,0.884713089466095,0.0026658382873664035,Medium,Very Low,Very Low–Medium,,Hypothetical protein.,0,no STRING match,secondary STRING hit (STRING protein assigned to a better match),2341,2460,1,1
1314,fig|6666666.1036479.peg.2672,fig|6666666.1036479.peg.885,0.884704864025116,0.002667868628788617,Medium,Medium,Medium–Medium,,,0,no STRING match,no STRING match,2341,2678,1,1
1315,fig|6666666.1036479.peg.2547,fig|6666666.1036479.peg.2988,0.8846634805202485,0.0026698989702108305,Medium,Medium,Medium–Medium,,Hypothetical protein.,0,no STRING match,secondary STRING hit (STRING protein assigned to a better match),2297,2416,1,1
1316,fig|6666666.1036479.peg.307,fig|6666666.1036479.peg.1128,0.8845983028411866,0.0026719293116330444,Very Low,Very Low,Very Low–Very Low,,,0,no STRING match,no STRING match,2567,2744,1,1
1317,fig|6666666.1036479.peg.2114,fig|6666666.1036479.peg.2348,0.8845810115337371,0.002673959653055258,Very Low,High,Very Low–High,"COG1629 Outer membrane receptor proteins, mostly Fe transport.",,0,secondary STRING hit (STRING protein assigned to a better match),no STRING match,2964,3019,1,1
1318,fig|6666666.1036479.peg.2679,fig|6666666.1036479.peg.3231,0.8845796048641205,0.0026759899944774714,Medium,Very Low,Very Low–Medium,,,0,no STRING match,no STRING match,2342,2482,1,2
1319,fig|6666666.1036479.peg.2679,fig|6666666.1036479.peg.147,0.8845796048641205,0.002678020335899685,Medium,Very Low,Very Low–Medium,,,0,no STRING match,no STRING match,2342,2482,1,2
1320,fig|6666666.1036479.peg.3033,fig|6666666.1036479.peg.1300,0.8845689296722412,0.0026800506773218984,Low,Low,Low–Low,,,0,no STRING match,no STRING match,2437,2763,1,1
1321,fig|6666666.1036479.peg.3184,fig|6666666.1036479.peg.3207,0.8845686852931977,0.002682081018744112,Very Low,Medium,Very Low–Medium,,,0,no STRING match,no STRING match,2457,2468,1,1
1322,fig|6666666.1036479.peg.3010,fig|6666666.1036479.peg.3207,0.8845530688762665,0.0026841113601663255,Low,Medium,Low–Medium,,,0,no STRING match,no STRING match,2425,2468,1,1
1323,fig|6666666.1036479.peg.2505,fig|6666666.1036479.peg.866,0.8845267534255982,0.002686141701588539,Very Low,High,Very Low–High,,,0,no STRING match,no STRING match,2269,2667,1,1
1324,fig|6666666.1036479.peg.2506,fig|6666666.1036479.peg.2532,0.8845158457756043,0.002688172043010753,Very Low,Low,Very Low–Low,,,0,no STRING match,no STRING match,2270,2284,6,4
1325,fig|6666666.1036479.peg.2506,fig|6666666.1036479.peg.3171,0.8845158457756043,0.0026902023844329664,Very Low,Low,Very Low–Low,,,0,no STRING match,no STRING match,2270,2284,6,4
1326,fig|6666666.1036479.peg.2506,fig|6666666.1036479.peg.987,0.8845158457756043,0.00269223272585518,Very Low,Low,Very Low–Low,,,0,no STRING match,no STRING match,2270,2284,6,4
1327,fig|6666666.1036479.peg.2506,fig|6666666.1036479.peg.2492,0.8845158457756043,0.0026942630672773934,Very Low,Low,Very Low–Low,,,0,no STRING match,no STRING match,2270,2284,6,4
1328,fig|6666666.1036479.peg.2516,fig|6666666.1036479.peg.2532,0.8845158457756043,0.002696293408699607,Very Low,Low,Very Low–Low,,,0,no STRING match,no STRING match,2270,2284,6,4
1329,fig|6666666.1036479.peg.2516,fig|6666666.1036479.peg.3171,0.8845158457756043,0.0026983237501218204,Very Low,Low,Very Low–Low,,,0,no STRING match,no STRING match,2270,2284,6,4
1330,fig|6666666.1036479.peg.2516,fig|6666666.1036479.peg.987,0.8845158457756043,0.002700354091544034,Very Low,Low,Very Low–Low,,,0,no STRING match,no STRING match,2270,2284,6,4
1331,fig|6666666.1036479.peg.2516,fig|6666666.1036479.peg.2492,0.8845158457756043,0.0027023844329662474,Very Low,Low,Very Low–Low,,,0,no STRING match,no STRING match,2270,2284,6,4
1332,fig|6666666.1036479.peg.2522,fig|6666666.1036479.peg.2532,0.8845158457756043,0.0027044147743884614,Very Low,Low,Very Low–Low,,,0,no STRING match,no STRING match,2270,2284,6,4
1333,fig|6666666.1036479.peg.2522,fig|6666666.1036479.peg.3171,0.8845158457756043,0.002706445115810675,Very Low,Low,Very Low–Low,,,0,no STRING match,no STRING match,2270,2284,6,4
1334,fig|6666666.1036479.peg.2522,fig|6666666.1036479.peg.987,0.8845158457756043,0.0027084754572328884,Very Low,Low,Very Low–Low,,,0,no STRING match,no STRING match,2270,2284,6,4
1335,fig|6666666.1036479.peg.2522,fig|6666666.1036479.peg.2492,0.8845158457756043,0.002710505798655102,Very Low,Low,Very Low–Low,,,0,no STRING match,no STRING match,2270,2284,6,4
1336,fig|6666666.1036479.peg.2532,fig|6666666.1036479.peg.974,0.8845158457756043,0.0027125361400773154,Low,Very Low,Very Low–Low,,,0,no STRING match,no STRING match,2284,2270,4,6
1337,fig|6666666.1036479.peg.2532,fig|6666666.1036479.peg.979,0.8845158457756043,0.002714566481499529,Low,Very Low,Very Low–Low,,,0,no STRING match,no STRING match,2284,2270,4,6
1338,fig|6666666.1036479.peg.2532,fig|6666666.1036479.peg.2491,0.8845158457756043,0.0027165968229217424,Low,Very Low,Very Low–Low,,,0,no STRING match,no STRING match,2284,2270,4,6
1339,fig|6666666.1036479.peg.3171,fig|6666666.1036479.peg.974,0.8845158457756043,0.002718627164343956,Low,Very Low,Very Low–Low,,,0,no STRING match,no STRING match,2284,2270,4,6
1340,fig|6666666.1036479.peg.3171,fig|6666666.1036479.peg.979,0.8845158457756043,0.00272065750576617,Low,Very Low,Very Low–Low,,,0,no STRING match,no STRING match,2284,2270,4,6
1341,fig|6666666.1036479.peg.3171,fig|6666666.1036479.peg.2491,0.8845158457756043,0.0027226878471883834,Low,Very Low,Very Low–Low,,,0,no STRING match,no STRING match,2284,2270,4,6
1342,fig|6666666.1036479.peg.974,fig|6666666.1036479.peg.987,0.8845158457756043,0.002724718188610597,Very Low,Low,Very Low–Low,,,0,no STRING match,no STRING match,2270,2284,6,4
1343,fig|6666666.1036479.peg.974,fig|6666666.1036479.peg.2492,0.8845158457756043,0.0027267485300328104,Very Low,Low,Very Low–Low,,,0,no STRING match,no STRING match,2270,2284,6,4
1344,fig|6666666.1036479.peg.979,fig|6666666.1036479.peg.987,0.8845158457756043,0.002728778871455024,Very Low,Low,Very Low–Low,,,0,no STRING match,no STRING match,2270,2284,6,4
1345,fig|6666666.1036479.peg.979,fig|6666666.1036479.peg.2492,0.8845158457756043,0.0027308092128772374,Very Low,Low,Very Low–Low,,,0,no STRING match,no STRING match,2270,2284,6,4
1346,fig|6666666.1036479.peg.987,fig|6666666.1036479.peg.2491,0.8845158457756043,0.002732839554299451,Low,Very Low,Very Low–Low,,,0,no STRING match,no STRING match,2284,2270,4,6
1347,fig|6666666.1036479.peg.2491,fig|6666666.1036479.peg.2492,0.8845158457756043,0.0027348698957216644,Very Low,Low,Very Low–Low,,,0,no STRING match,no STRING match,2270,2284,6,4
1348,fig|6666666.1036479.peg.1308,fig|6666666.1036479.peg.2455,0.8844957292079926,0.0027369002371438783,Medium,Medium,Medium–Medium,,,0,no STRING match,no STRING match,2764,3038,1,1
1349,fig|6666666.1036479.peg.2548,fig|6666666.1036479.peg.1617,0.884492963552475,0.002738930578566092,High,Low,Low–High,,,0,no STRING match,no STRING match,2298,2864,1,2
1350,fig|6666666.1036479.peg.2548,fig|6666666.1036479.peg.1625,0.884492963552475,0.0027409609199883053,High,Low,Low–High,,,0,no STRING match,no STRING match,2298,2864,1,2
1351,fig|6666666.1036479.peg.3008,fig|6666666.1036479.peg.866,0.8844584584236145,0.002742991261410519,Medium,High,Medium–High,,,0,no STRING match,no STRING match,2423,2667,1,1
1352,fig|6666666.1036479.peg.2509,fig|6666666.1036479.peg.861,0.8844560921192169,0.0027450216028327323,Very Low,High,Very Low–High,,,0,no STRING match,no STRING match,2273,2665,15,1
1353,fig|6666666.1036479.peg.2513,fig|6666666.1036479.peg.861,0.8844560921192169,0.002747051944254946,Very Low,High,Very Low–High,,,0,no STRING match,no STRING match,2273,2665,15,1
1354,fig|6666666.1036479.peg.2519,fig|6666666.1036479.peg.861,0.8844560921192169,0.0027490822856771594,Very Low,High,Very Low–High,,,0,no STRING match,no STRING match,2273,2665,15,1
1355,fig|6666666.1036479.peg.2526,fig|6666666.1036479.peg.861,0.8844560921192169,0.002751112627099373,Very Low,High,Very Low–High,,,0,no STRING match,no STRING match,2273,2665,15,1
1356,fig|6666666.1036479.peg.2530,fig|6666666.1036479.peg.861,0.8844560921192169,0.002753142968521587,Very Low,High,Very Low–High,,,0,no STRING match,no STRING match,2273,2665,15,1
1357,fig|6666666.1036479.peg.2534,fig|6666666.1036479.peg.861,0.8844560921192169,0.0027551733099438003,Very Low,High,Very Low–High,,,0,no STRING match,no STRING match,2273,2665,15,1
1358,fig|6666666.1036479.peg.3173,fig|6666666.1036479.peg.861,0.8844560921192169,0.002757203651366014,Very Low,High,Very Low–High,,,0,no STRING match,no STRING match,2273,2665,15,1
1359,fig|6666666.1036479.peg.861,fig|6666666.1036479.peg.971,0.8844560921192169,0.0027592339927882273,High,Very Low,Very Low–High,,,0,no STRING match,no STRING match,2665,2273,1,15
1360,fig|6666666.1036479.peg.861,fig|6666666.1036479.peg.976,0.8844560921192169,0.002761264334210441,High,Very Low,Very Low–High,,,0,no STRING match,no STRING match,2665,2273,1,15
1361,fig|6666666.1036479.peg.861,fig|6666666.1036479.peg.981,0.8844560921192169,0.0027632946756326543,High,Very Low,Very Low–High,,,0,no STRING match,no STRING match,2665,2273,1,15
1362,fig|6666666.1036479.peg.861,fig|6666666.1036479.peg.985,0.8844560921192169,0.002765325017054868,High,Very Low,Very Low–High,,,0,no STRING match,no STRING match,2665,2273,1,15
1363,fig|6666666.1036479.peg.861,fig|6666666.1036479.peg.989,0.8844560921192169,0.0027673553584770813,High,Very Low,Very Low–High,,,0,no STRING match,no STRING match,2665,2273,1,15
1364,fig|6666666.1036479.peg.861,fig|6666666.1036479.peg.2489,0.8844560921192169,0.0027693856998992953,High,Very Low,Very Low–High,,,0,no STRING match,no STRING match,2665,2273,1,15
1365,fig|6666666.1036479.peg.861,fig|6666666.1036479.peg.2494,0.8844560921192169,0.002771416041321509,High,Very Low,Very Low–High,,,0,no STRING match,no STRING match,2665,2273,1,15
1366,fig|6666666.1036479.peg.861,fig|6666666.1036479.peg.2498,0.8844560921192169,0.0027734463827437223,High,Very Low,Very Low–High,,,0,no STRING match,no STRING match,2665,2273,1,15
1367,fig|6666666.1036479.peg.411,fig|6666666.1036479.peg.714,0.8844257593154907,0.002775476724165936,Low,Low,Low–Low,Hypothetical protein.,,0,secondary STRING hit (STRING protein assigned to a better match),no STRING match,2585,2627,1,1
1368,fig|6666666.1036479.peg.3254,fig|6666666.1036479.peg.861,0.8844226777553559,0.0027775070655881493,High,High,High–High,,,0,no STRING match,no STRING match,2505,2665,3,1
1369,fig|6666666.1036479.peg.22,fig|6666666.1036479.peg.861,0.8844226777553559,0.002779537407010363,High,High,High–High,,,0,no STRING match,no STRING match,2505,2665,3,1
1370,fig|6666666.1036479.peg.170,fig|6666666.1036479.peg.861,0.8844226777553559,0.0027815677484325763,High,High,High–High,,,0,no STRING match,no STRING match,2505,2665,3,1
1371,fig|6666666.1036479.peg.3018,fig|6666666.1036479.peg.1128,0.8844155967235565,0.00278359808985479,Very Low,Very Low,Very Low–Very Low,,,0,no STRING match,no STRING match,2431,2744,1,1
1372,fig|6666666.1036479.peg.2539,fig|6666666.1036479.peg.1300,0.8843882203102111,0.0027856284312770038,Low,Low,Low–Low,,,0,no STRING match,no STRING match,2289,2763,1,1
1373,fig|6666666.1036479.peg.2929,fig|6666666.1036479.peg.725,0.8843594133853913,0.0027876587726992173,Very Low,Very Low,Very Low–Very Low,Hypothetical protein.,,0,secondary STRING hit (STRING protein assigned to a better match),no STRING match,2404,2636,1,1
1374,fig|6666666.1036479.peg.1,fig|6666666.1036479.peg.861,0.8843247056007385,0.0027896891141214308,Very Low,High,Very Low–High,,,0,no STRING match,no STRING match,2509,2665,1,1
1375,fig|6666666.1036479.peg.881,fig|6666666.1036479.peg.2364,0.8843210697174072,0.0027917194555436443,High,Medium,Medium–High,,,0,no STRING match,no STRING match,2674,3022,1,1
1376,fig|6666666.1036479.peg.2918,fig|6666666.1036479.peg.1566,0.8842489540576934,0.0027937497969658578,Very Low,High,Very Low–High,,,0,no STRING match,no STRING match,2396,2838,1,1
1377,fig|6666666.1036479.peg.866,fig|6666666.1036479.peg.1215,0.8842298746109009,0.0027957801383880713,High,Low,Low–High,,,0,no STRING match,no STRING match,2667,2751,1,1
1378,fig|6666666.1036479.peg.866,fig|6666666.1036479.peg.1704,0.8841805815696716,0.002797810479810285,High,Very Low,Very Low–High,,,0,no STRING match,no STRING match,2667,2885,1,1
1379,fig|6666666.1036479.peg.2814,fig|6666666.1036479.peg.370,0.8841257512569427,0.0027998408212324983,Very Low,High,Very Low–High,,,0,no STRING match,no STRING match,2358,2579,1,1
1380,fig|6666666.1036479.peg.2505,fig|6666666.1036479.peg.861,0.8841057896614075,0.0028018711626547122,Very Low,High,Very Low–High,,,0,no STRING match,no STRING match,2269,2665,1,1
1381,fig|6666666.1036479.peg.942,fig|6666666.1036479.peg.1308,0.8841025233268738,0.0028039015040769257,Very Low,Medium,Very Low–Medium,,,0,no STRING match,no STRING match,2691,2764,1,1
1382,fig|6666666.1036479.peg.2520,fig|6666666.1036479.peg.861,0.8839573323726654,0.0028059318454991392,Very Low,High,Very Low–High,,,0,no STRING match,no STRING match,2280,2665,1,1
1383,fig|6666666.1036479.peg.2548,fig|6666666.1036479.peg.887,0.8839522480964661,0.0028079621869213527,High,Medium,Medium–High,,,0,no STRING match,no STRING match,2298,2680,1,1
1384,fig|6666666.1036479.peg.3207,fig|6666666.1036479.peg.942,0.8839415907859802,0.0028099925283435663,Medium,Very Low,Very Low–Medium,,,0,no STRING match,no STRING match,2468,2691,1,1
1385,fig|6666666.1036479.peg.861,fig|6666666.1036479.peg.885,0.883923476934433,0.0028120228697657798,High,Medium,Medium–High,,,0,no STRING match,no STRING match,2665,2678,1,1
1386,fig|6666666.1036479.peg.3010,fig|6666666.1036479.peg.3231,0.8839034378528595,0.0028140532111879933,Low,Very Low,Very Low–Low,,,0,no STRING match,no STRING match,2425,2482,1,2
1387,fig|6666666.1036479.peg.3010,fig|6666666.1036479.peg.147,0.8839034378528595,0.0028160835526102068,Low,Very Low,Very Low–Low,,,0,no STRING match,no STRING match,2425,2482,1,2
1388,fig|6666666.1036479.peg.2672,fig|6666666.1036479.peg.2352,0.8838829517364502,0.0028181138940324207,Medium,Medium,Medium–Medium,,,0,no STRING match,no STRING match,2341,3020,1,1
1389,fig|6666666.1036479.peg.2948,fig|6666666.1036479.peg.89,0.8838599026203156,0.002820144235454634,High,Very Low,Very Low–High,,,0,no STRING match,no STRING match,2410,2542,1,1
1390,fig|6666666.1036479.peg.2960,fig|6666666.1036479.peg.3010,0.8838463366031647,0.0028221745768768477,Low,Low,Low–Low,,,0,no STRING match,no STRING match,2412,2425,1,1
1391,fig|6666666.1036479.peg.2654,fig|6666666.1036479.peg.866,0.8838440835475921,0.0028242049182990612,High,High,High–High,,,0,no STRING match,no STRING match,2337,2667,1,1
1392,fig|6666666.1036479.peg.411,fig|6666666.1036479.peg.889,0.8838355898857116,0.0028262352597212747,Low,Low,Low–Low,Hypothetical protein.,,0,secondary STRING hit (STRING protein assigned to a better match),no STRING match,2585,2682,1,1
1393,fig|6666666.1036479.peg.2672,fig|6666666.1036479.peg.1953,0.8837824285030365,0.0028282656011434882,Medium,Low,Low–Medium,,,0,no STRING match,no STRING match,2341,2935,1,1
1394,fig|6666666.1036479.peg.725,fig|6666666.1036479.peg.1657,0.8837646067142486,0.0028302959425657017,Very Low,Medium,Very Low–Medium,,,0,no STRING match,no STRING match,2636,2883,1,1
1395,fig|6666666.1036479.peg.2548,fig|6666666.1036479.peg.1409,0.8837353408336639,0.0028323262839879152,High,Medium,Medium–High,,,0,no STRING match,no STRING match,2298,2812,1,1
1396,fig|6666666.1036479.peg.2504,fig|6666666.1036479.peg.2523,0.8836930692195892,0.002834356625410129,Very Low,Low,Very Low–Low,,,0,no STRING match,no STRING match,2268,2282,1,1
1397,fig|6666666.1036479.peg.1954,fig|6666666.1036479.peg.1966,0.8836747229099273,0.0028363869668323427,Low,Very Low,Very Low–Low,,,0,no STRING match,no STRING match,2936,2946,1,1
1398,fig|6666666.1036479.peg.2548,fig|6666666.1036479.peg.1207,0.8836473047733306,0.002838417308254556,High,Low,Low–High,,,0,no STRING match,no STRING match,2298,2750,1,1
1399,fig|6666666.1036479.peg.38,fig|6666666.1036479.peg.725,0.8836159706115723,0.0028404476496767697,Low,Very Low,Very Low–Low,,,0,no STRING match,no STRING match,2526,2636,2,1
1400,fig|6666666.1036479.peg.186,fig|6666666.1036479.peg.725,0.8836159706115723,0.002842477991098983,Low,Very Low,Very Low–Low,,,0,no STRING match,no STRING match,2526,2636,2,1
1401,fig|6666666.1036479.peg.861,fig|6666666.1036479.peg.2327,0.8836067974567413,0.0028445083325211967,High,Medium,Medium–High,,,0,no STRING match,no STRING match,2665,3016,1,1
1402,fig|6666666.1036479.peg.3231,fig|6666666.1036479.peg.1494,0.8835985124111175,0.00284653867394341,Very Low,Very Low,Very Low–Very Low,,,0,no STRING match,no STRING match,2482,2824,2,1
1403,fig|6666666.1036479.peg.147,fig|6666666.1036479.peg.1494,0.8835985124111175,0.0028485690153656237,Very Low,Very Low,Very Low–Very Low,,,0,no STRING match,no STRING match,2482,2824,2,1
1404,fig|6666666.1036479.peg.2929,fig|6666666.1036479.peg.719,0.8835874676704407,0.0028505993567878377,Very Low,Medium,Very Low–Medium,Hypothetical protein.,,0,secondary STRING hit (STRING protein assigned to a better match),no STRING match,2404,2630,1,1
1405,fig|6666666.1036479.peg.2548,fig|6666666.1036479.peg.2556,0.8834621489048005,0.002852629698210051,High,High,High–High,,,0,no STRING match,no STRING match,2298,2306,1,2
1406,fig|6666666.1036479.peg.2548,fig|6666666.1036479.peg.2564,0.8834621489048005,0.0028546600396322647,High,High,High–High,,,0,no STRING match,no STRING match,2298,2306,1,2
1407,fig|6666666.1036479.peg.3213,fig|6666666.1036479.peg.881,0.883461058139801,0.002856690381054478,Very Low,High,Very Low–High,,,0,no STRING match,no STRING match,2470,2674,1,1
1408,fig|6666666.1036479.peg.370,fig|6666666.1036479.peg.659,0.8834533751010895,0.0028587207224766917,High,Very Low,Very Low–High,,,0,no STRING match,no STRING match,2579,2617,1,1
1409,fig|6666666.1036479.peg.2948,fig|6666666.1036479.peg.3015,0.8834472179412842,0.002860751063898905,High,Low,Low–High,,,0,no STRING match,no STRING match,2410,2428,1,1
1410,fig|6666666.1036479.peg.3017,fig|6666666.1036479.peg.2348,0.883384507894516,0.0028627814053211187,Medium,High,Medium–High,,,0,no STRING match,no STRING match,2430,3019,1,1
1411,fig|6666666.1036479.peg.2535,fig|6666666.1036479.peg.866,0.8833790779113769,0.002864811746743332,Very Low,High,Very Low–High,,,0,no STRING match,no STRING match,2285,2667,1,1
1412,fig|6666666.1036479.peg.2623,fig|6666666.1036479.peg.411,0.8833553791046143,0.002866842088165546,Very Low,Low,Very Low–Low,,Hypothetical protein.,0,no STRING match,secondary STRING hit (STRING protein assigned to a better match),2333,2585,1,1
1413,fig|6666666.1036479.peg.726,fig|6666666.1036479.peg.861,0.8833222627639771,0.0028688724295877596,Very Low,High,Very Low–High,,,0,no STRING match,no STRING match,2637,2665,1,1
1414,fig|6666666.1036479.peg.2539,fig|6666666.1036479.peg.2960,0.8833055675029755,0.002870902771009973,Low,Low,Low–Low,,,0,no STRING match,no STRING match,2289,2412,1,1
1415,fig|6666666.1036479.peg.2535,fig|6666666.1036479.peg.861,0.8832850873470306,0.0028729331124321866,Very Low,High,Very Low–High,,,0,no STRING match,no STRING match,2285,2665,1,1
1416,fig|6666666.1036479.peg.370,fig|6666666.1036479.peg.720,0.8832839787006378,0.0028749634538544,High,High,High–High,,,0,no STRING match,no STRING match,2579,2631,1,1
1417,fig|6666666.1036479.peg.2548,fig|6666666.1036479.peg.736,0.883250379562378,0.0028769937952766137,High,Very Low,Very Low–High,,,0,no STRING match,no STRING match,2298,2647,1,1
1418,fig|6666666.1036479.peg.2704,fig|6666666.1036479.peg.866,0.8832166910171508,0.002879024136698827,Medium,High,Medium–High,,,0,no STRING match,no STRING match,2345,2667,1,1
1419,fig|6666666.1036479.peg.2523,fig|6666666.1036479.peg.1566,0.8832066178321838,0.0028810544781210407,Low,High,Low–High,,,0,no STRING match,no STRING match,2282,2838,1,1
1420,fig|6666666.1036479.peg.866,fig|6666666.1036479.peg.1092,0.8831786513328552,0.0028830848195432546,High,Very Low,Very Low–High,,,0,no STRING match,no STRING match,2667,2715,1,1
1421,fig|6666666.1036479.peg.3015,fig|6666666.1036479.peg.866,0.8831564724445343,0.002885115160965468,Low,High,Low–High,,,0,no STRING match,no STRING match,2428,2667,1,1
1422,fig|6666666.1036479.peg.3077,fig|6666666.1036479.peg.1566,0.8831505298614502,0.0028871455023876816,Medium,High,Medium–High,,,0,no STRING match,no STRING match,2440,2838,1,1
1423,fig|6666666.1036479.peg.3078,fig|6666666.1036479.peg.881,0.8831132471561431,0.002889175843809895,Medium,High,Medium–High,,,0,no STRING match,no STRING match,2441,2674,1,1
1424,fig|6666666.1036479.peg.3207,fig|6666666.1036479.peg.236,0.8831078827381134,0.0028912061852321086,Medium,Very Low,Very Low–Medium,,,0,no STRING match,no STRING match,2468,2552,1,1
1425,fig|6666666.1036479.peg.2672,fig|6666666.1036479.peg.726,0.8830789923667908,0.002893236526654322,Medium,Very Low,Very Low–Medium,,,0,no STRING match,no STRING match,2341,2637,1,1
1426,fig|6666666.1036479.peg.3008,fig|6666666.1036479.peg.1289,0.8830788671970368,0.0028952668680765356,Medium,Very Low,Very Low–Medium,,,0,no STRING match,no STRING match,2423,2762,1,1
1427,fig|6666666.1036479.peg.881,fig|6666666.1036479.peg.2467,0.8830735087394714,0.002897297209498749,High,Low,Low–High,,,0,no STRING match,no STRING match,2674,3041,1,1
1428,fig|6666666.1036479.peg.2535,fig|6666666.1036479.peg.370,0.8830683112144471,0.002899327550920963,Very Low,High,Very Low–High,,,0,no STRING match,no STRING match,2285,2579,1,1
1429,fig|6666666.1036479.peg.3017,fig|6666666.1036479.peg.3077,0.8830491065979004,0.0029013578923431766,Medium,Medium,Medium–Medium,,,0,no STRING match,no STRING match,2430,2440,1,1
1430,fig|6666666.1036479.peg.725,fig|6666666.1036479.peg.2092,0.8829943418502808,0.00290338823376539,Very Low,Medium,Very Low–Medium,,,0,no STRING match,no STRING match,2636,2954,1,1
1431,fig|6666666.1036479.peg.2672,fig|6666666.1036479.peg.2404,0.8829836964607238,0.0029054185751876036,Medium,Medium,Medium–Medium,,Hypothetical protein; COG0605 Superoxide dismutase.,0,no STRING match,secondary STRING hit (STRING protein assigned to a better match),2341,3028,1,1
1432,fig|6666666.1036479.peg.3017,fig|6666666.1036479.peg.1416,0.8829836845397949,0.002907448916609817,Medium,Medium,Medium–Medium,,,0,no STRING match,no STRING match,2430,2817,1,1
1433,fig|6666666.1036479.peg.2504,fig|6666666.1036479.peg.1566,0.8829712629318237,0.0029094792580320306,Very Low,High,Very Low–High,,,0,no STRING match,no STRING match,2268,2838,1,1
1434,fig|6666666.1036479.peg.2679,fig|6666666.1036479.peg.1080,0.8829548180103302,0.002911509599454244,Medium,High,Medium–High,,,0,no STRING match,no STRING match,2342,2712,1,1
1435,fig|6666666.1036479.peg.2548,fig|6666666.1036479.peg.3012,0.8829500019550324,0.0029135399408764576,High,Low,Low–High,,,0,no STRING match,no STRING match,2298,2427,1,1
1436,fig|6666666.1036479.peg.2920,fig|6666666.1036479.peg.2455,0.8829405784606934,0.0029155702822986716,Very Low,Medium,Very Low–Medium,,,0,no STRING match,no STRING match,2397,3038,1,1
1437,fig|6666666.1036479.peg.2948,fig|6666666.1036479.peg.720,0.8828797399997711,0.002917600623720885,High,High,High–High,,,0,no STRING match,no STRING match,2410,2631,1,1
1438,fig|6666666.1036479.peg.3188,fig|6666666.1036479.peg.1947,0.8828738272190094,0.0029196309651430986,Medium,Medium,Medium–Medium,,,0,no STRING match,no STRING match,2461,2930,1,1
1439,fig|6666666.1036479.peg.2929,fig|6666666.1036479.peg.3231,0.8828715145587921,0.002921661306565312,Very Low,Very Low,Very Low–Very Low,Hypothetical protein.,,0,secondary STRING hit (STRING protein assigned to a better match),no STRING match,2404,2482,1,2
1440,fig|6666666.1036479.peg.2929,fig|6666666.1036479.peg.147,0.8828715145587921,0.0029236916479875256,Very Low,Very Low,Very Low–Very Low,Hypothetical protein.,,0,secondary STRING hit (STRING protein assigned to a better match),no STRING match,2404,2482,1,2
1441,fig|6666666.1036479.peg.2501,fig|6666666.1036479.peg.866,0.8828163862228393,0.002925721989409739,High,High,High–High,,,0,no STRING match,no STRING match,2265,2667,1,1
1442,fig|6666666.1036479.peg.2843,fig|6666666.1036479.peg.2929,0.8828163027763367,0.0029277523308319526,Very Low,Very Low,Very Low–Very Low,,Hypothetical protein.,0,no STRING match,secondary STRING hit (STRING protein assigned to a better match),2370,2404,1,1
1443,fig|6666666.1036479.peg.411,fig|6666666.1036479.peg.2145,0.8827983260154724,0.002929782672254166,Low,Very Low,Very Low–Low,Hypothetical protein.,,0,secondary STRING hit (STRING protein assigned to a better match),no STRING match,2585,2973,1,1
1444,fig|6666666.1036479.peg.2548,fig|6666666.1036479.peg.1410,0.8827629089355469,0.00293181301367638,High,Medium,Medium–High,,,0,no STRING match,no STRING match,2298,2813,1,1
1445,fig|6666666.1036479.peg.866,fig|6666666.1036479.peg.889,0.8827627897262573,0.0029338433550985935,High,Low,Low–High,,,0,no STRING match,no STRING match,2667,2682,1,1
1446,fig|6666666.1036479.peg.3107,fig|6666666.1036479.peg.861,0.8827332556247711,0.002935873696520807,Very Low,High,Very Low–High,,,0,no STRING match,no STRING match,2444,2665,1,1
1447,fig|6666666.1036479.peg.2092,fig|6666666.1036479.peg.2436,0.8827297031879425,0.0029379040379430205,Medium,Medium,Medium–Medium,,,0,no STRING match,no STRING match,2954,3033,1,1
1448,fig|6666666.1036479.peg.2548,fig|6666666.1036479.peg.3209,0.8827217936515808,0.002939934379365234,High,Medium,Medium–High,,,0,no STRING match,no STRING match,2298,2469,1,1
1449,fig|6666666.1036479.peg.1300,fig|6666666.1036479.peg.1339,0.8827031791210175,0.0029419647207874476,Low,Very Low,Very Low–Low,,,0,no STRING match,no STRING match,2763,2779,1,1
1450,fig|6666666.1036479.peg.2547,fig|6666666.1036479.peg.1300,0.8827013969421387,0.002943995062209661,Medium,Low,Low–Medium,,,0,no STRING match,no STRING match,2297,2763,1,1
1451,fig|6666666.1036479.peg.2540,fig|6666666.1036479.peg.881,0.8826741814613343,0.0029460254036318746,Medium,High,Medium–High,,,0,no STRING match,no STRING match,2290,2674,1,1
1452,fig|6666666.1036479.peg.281,fig|6666666.1036479.peg.411,0.8826644241809845,0.0029480557450540885,Very Low,Low,Very Low–Low,,Hypothetical protein.,0,no STRING match,secondary STRING hit (STRING protein assigned to a better match),2558,2585,1,1
1453,fig|6666666.1036479.peg.2843,fig|6666666.1036479.peg.728,0.8826309740543365,0.002950086086476302,Very Low,Medium,Very Low–Medium,,,0,no STRING match,no STRING match,2370,2639,1,1
1454,fig|6666666.1036479.peg.1416,fig|6666666.1036479.peg.1566,0.8826244711875916,0.0029521164278985155,Medium,High,Medium–High,,,0,no STRING match,no STRING match,2817,2838,1,1
1455,fig|6666666.1036479.peg.2548,fig|6666666.1036479.peg.1706,0.8826167523860932,0.002954146769320729,High,Very Low,Very Low–High,,,0,no STRING match,no STRING match,2298,2886,1,1
1456,fig|6666666.1036479.peg.573,fig|6666666.1036479.peg.1300,0.8825976312160492,0.0029561771107429425,Very Low,Low,Very Low–Low,Hypothetical protein.,,0,secondary STRING hit (STRING protein assigned to a better match),no STRING match,2601,2763,1,1
1457,fig|6666666.1036479.peg.2672,fig|6666666.1036479.peg.1416,0.8825924813747406,0.002958207452165156,Medium,Medium,Medium–Medium,,,0,no STRING match,no STRING match,2341,2817,1,1
1458,fig|6666666.1036479.peg.720,fig|6666666.1036479.peg.866,0.882577908039093,0.0029602377935873695,High,High,High–High,,,0,no STRING match,no STRING match,2631,2667,1,1
1459,fig|6666666.1036479.peg.236,fig|6666666.1036479.peg.2436,0.8825762927532196,0.002962268135009583,Very Low,Medium,Very Low–Medium,,,0,no STRING match,no STRING match,2552,3033,1,1
1460,fig|6666666.1036479.peg.2504,fig|6666666.1036479.peg.1080,0.8825595200061798,0.002964298476431797,Very Low,High,Very Low–High,,,0,no STRING match,no STRING match,2268,2712,1,1
1461,fig|6666666.1036479.peg.2588,fig|6666666.1036479.peg.1119,0.8825501441955567,0.0029663288178540105,Very Low,Very Low,Very Low–Very Low,,,0,no STRING match,no STRING match,2319,2735,1,1
1462,fig|6666666.1036479.peg.2948,fig|6666666.1036479.peg.1409,0.88253173828125,0.002968359159276224,High,Medium,Medium–High,,,0,no STRING match,no STRING match,2410,2812,1,1
1463,fig|6666666.1036479.peg.3012,fig|6666666.1036479.peg.411,0.8825101017951965,0.0029703895006984375,Low,Low,Low–Low,,Hypothetical protein.,0,no STRING match,secondary STRING hit (STRING protein assigned to a better match),2427,2585,1,1
1464,fig|6666666.1036479.peg.2918,fig|6666666.1036479.peg.1080,0.8825045943260192,0.002972419842120651,Very Low,High,Very Low–High,,,0,no STRING match,no STRING match,2396,2712,1,1
1465,fig|6666666.1036479.peg.2510,fig|6666666.1036479.peg.411,0.882501620054245,0.0029744501835428645,Very Low,Low,Very Low–Low,,Hypothetical protein.,0,no STRING match,secondary STRING hit (STRING protein assigned to a better match),2274,2585,12,1
1466,fig|6666666.1036479.peg.2527,fig|6666666.1036479.peg.411,0.882501620054245,0.002976480524965078,Very Low,Low,Very Low–Low,,Hypothetical protein.,0,no STRING match,secondary STRING hit (STRING protein assigned to a better match),2274,2585,12,1
1467,fig|6666666.1036479.peg.2531,fig|6666666.1036479.peg.411,0.882501620054245,0.0029785108663872915,Very Low,Low,Very Low–Low,,Hypothetical protein.,0,no STRING match,secondary STRING hit (STRING protein assigned to a better match),2274,2585,12,1
1468,fig|6666666.1036479.peg.3174,fig|6666666.1036479.peg.411,0.882501620054245,0.0029805412078095055,Very Low,Low,Very Low–Low,,Hypothetical protein.,0,no STRING match,secondary STRING hit (STRING protein assigned to a better match),2274,2585,12,1
1469,fig|6666666.1036479.peg.411,fig|6666666.1036479.peg.970,0.882501620054245,0.002982571549231719,Low,Very Low,Very Low–Low,Hypothetical protein.,,0,secondary STRING hit (STRING protein assigned to a better match),no STRING match,2585,2274,1,12
1470,fig|6666666.1036479.peg.411,fig|6666666.1036479.peg.975,0.882501620054245,0.0029846018906539325,Low,Very Low,Very Low–Low,Hypothetical protein.,,0,secondary STRING hit (STRING protein assigned to a better match),no STRING match,2585,2274,1,12
1471,fig|6666666.1036479.peg.411,fig|6666666.1036479.peg.980,0.882501620054245,0.002986632232076146,Low,Very Low,Very Low–Low,Hypothetical protein.,,0,secondary STRING hit (STRING protein assigned to a better match),no STRING match,2585,2274,1,12
1472,fig|6666666.1036479.peg.411,fig|6666666.1036479.peg.984,0.882501620054245,0.0029886625734983595,Low,Very Low,Very Low–Low,Hypothetical protein.,,0,secondary STRING hit (STRING protein assigned to a better match),no STRING match,2585,2274,1,12
1473,fig|6666666.1036479.peg.411,fig|6666666.1036479.peg.988,0.882501620054245,0.002990692914920573,Low,Very Low,Very Low–Low,Hypothetical protein.,,0,secondary STRING hit (STRING protein assigned to a better match),no STRING match,2585,2274,1,12
1474,fig|6666666.1036479.peg.411,fig|6666666.1036479.peg.2490,0.882501620054245,0.0029927232563427865,Low,Very Low,Very Low–Low,Hypothetical protein.,,0,secondary STRING hit (STRING protein assigned to a better match),no STRING match,2585,2274,1,12
1475,fig|6666666.1036479.peg.411,fig|6666666.1036479.peg.2495,0.882501620054245,0.002994753597765,Low,Very Low,Very Low–Low,Hypothetical protein.,,0,secondary STRING hit (STRING protein assigned to a better match),no STRING match,2585,2274,1,12
1476,fig|6666666.1036479.peg.411,fig|6666666.1036479.peg.2499,0.882501620054245,0.002996783939187214,Low,Very Low,Very Low–Low,Hypothetical protein.,,0,secondary STRING hit (STRING protein assigned to a better match),no STRING match,2585,2274,1,12
1477,fig|6666666.1036479.peg.2672,fig|6666666.1036479.peg.1554,0.8824664056301117,0.0029988142806094274,Medium,Medium,Medium–Medium,,,0,no STRING match,no STRING match,2341,2831,1,1
1478,fig|6666666.1036479.peg.881,fig|6666666.1036479.peg.942,0.8824550092220307,0.003000844622031641,High,Very Low,Very Low–High,,,0,no STRING match,no STRING match,2674,2691,1,1
1479,fig|6666666.1036479.peg.2948,fig|6666666.1036479.peg.723,0.8824469864368438,0.0030028749634538545,High,High,High–High,,,0,no STRING match,no STRING match,2410,2634,1,1
1480,fig|6666666.1036479.peg.2588,fig|6666666.1036479.peg.3121,0.8824232578277588,0.003004905304876068,Very Low,Very Low,Very Low–Very Low,,,0,no STRING match,no STRING match,2319,2446,1,1
1481,fig|6666666.1036479.peg.1092,fig|6666666.1036479.peg.1289,0.8824124991893768,0.0030069356462982815,Very Low,Very Low,Very Low–Very Low,,,0,no STRING match,no STRING match,2715,2762,1,1
1482,fig|6666666.1036479.peg.2667,fig|6666666.1036479.peg.410,0.8823857486248017,0.003008965987720495,Very Low,Very Low,Very Low–Very Low,,,0,no STRING match,no STRING match,2340,2584,1,1
1483,fig|6666666.1036479.peg.2672,fig|6666666.1036479.peg.2679,0.882291167974472,0.0030109963291427085,Medium,Medium,Medium–Medium,,,0,no STRING match,no STRING match,2341,2342,1,1
1484,fig|6666666.1036479.peg.2547,fig|6666666.1036479.peg.3207,0.8822811365127563,0.0030130266705649224,Medium,Medium,Medium–Medium,,,0,no STRING match,no STRING match,2297,2468,1,1
1485,fig|6666666.1036479.peg.2918,fig|6666666.1036479.peg.89,0.8822399854660035,0.003015057011987136,Very Low,Very Low,Very Low–Very Low,,,0,no STRING match,no STRING match,2396,2542,1,1
1486,fig|6666666.1036479.peg.3011,fig|6666666.1036479.peg.411,0.8821836173534393,0.0030170873534093494,High,Low,Low–High,,Hypothetical protein.,0,no STRING match,secondary STRING hit (STRING protein assigned to a better match),2426,2585,1,1
1487,fig|6666666.1036479.peg.2843,fig|6666666.1036479.peg.370,0.8821691036224365,0.003019117694831563,Very Low,High,Very Low–High,,,0,no STRING match,no STRING match,2370,2579,1,1
1488,fig|6666666.1036479.peg.2672,fig|6666666.1036479.peg.3017,0.8821661174297333,0.0030211480362537764,Medium,Medium,Medium–Medium,,,0,no STRING match,no STRING match,2341,2430,1,1
1489,fig|6666666.1036479.peg.2891,fig|6666666.1036479.peg.861,0.8821120083332061,0.00302317837767599,Medium,High,Medium–High,,,0,no STRING match,no STRING match,2390,2665,1,1
1490,fig|6666666.1036479.peg.411,fig|6666666.1036479.peg.1704,0.8820802211761475,0.0030252087190982034,Low,Very Low,Very Low–Low,Hypothetical protein.,,0,secondary STRING hit (STRING protein assigned to a better match),no STRING match,2585,2885,1,1
1491,fig|6666666.1036479.peg.2672,fig|6666666.1036479.peg.2158,0.8820600509643555,0.003027239060520417,Medium,Very Low,Very Low–Medium,,,0,no STRING match,no STRING match,2341,2979,1,1
1492,fig|6666666.1036479.peg.3222,fig|6666666.1036479.peg.2436,0.8820523798465729,0.003029269401942631,Medium,Medium,Medium–Medium,,,0,no STRING match,no STRING match,2473,3033,2,1
1493,fig|6666666.1036479.peg.138,fig|6666666.1036479.peg.2436,0.8820523798465729,0.0030312997433648444,Medium,Medium,Medium–Medium,,,0,no STRING match,no STRING match,2473,3033,2,1
1494,fig|6666666.1036479.peg.652,fig|6666666.1036479.peg.1300,0.8820514917373657,0.003033330084787058,Very Low,Low,Very Low–Low,,,0,no STRING match,no STRING match,2615,2763,1,1
1495,fig|6666666.1036479.peg.2948,fig|6666666.1036479.peg.289,0.8819975256919861,0.0030353604262092714,High,High,High–High,,Hypothetical protein.,0,no STRING match,secondary STRING hit (STRING protein assigned to a better match),2410,2559,1,1
1496,fig|6666666.1036479.peg.2517,fig|6666666.1036479.peg.370,0.8819884061813354,0.003037390767631485,Medium,High,Medium–High,,,0,no STRING match,no STRING match,2279,2579,1,1
1497,fig|6666666.1036479.peg.2548,fig|6666666.1036479.peg.2571,0.8819528043270111,0.0030394211090536984,High,Medium,Medium–High,,,0,no STRING match,no STRING match,2298,2316,1,1
1498,fig|6666666.1036479.peg.2929,fig|6666666.1036479.peg.728,0.8819394052028656,0.003041451450475912,Very Low,Medium,Very Low–Medium,Hypothetical protein.,,0,secondary STRING hit (STRING protein assigned to a better match),no STRING match,2404,2639,1,1
1499,fig|6666666.1036479.peg.2672,fig|6666666.1036479.peg.1092,0.8818774223327637,0.0030434817918981254,Medium,Very Low,Very Low–Medium,,,0,no STRING match,no STRING match,2341,2715,1,1
1500,fig|6666666.1036479.peg.2548,fig|6666666.1036479.peg.2969,0.8818629205226898,0.0030455121333203394,High,Very Low,Very Low–High,,,0,no STRING match,no STRING match,2298,2414,1,1
1501,fig|6666666.1036479.peg.3231,fig|6666666.1036479.peg.1416,0.8818499147891998,0.003047542474742553,Very Low,Medium,Very Low–Medium,,,0,no STRING match,no STRING match,2482,2817,2,1
1502,fig|6666666.1036479.peg.147,fig|6666666.1036479.peg.1416,0.8818499147891998,0.0030495728161647664,Very Low,Medium,Very Low–Medium,,,0,no STRING match,no STRING match,2482,2817,2,1
1503,fig|6666666.1036479.peg.652,fig|6666666.1036479.peg.861,0.8818288326263428,0.00305160315758698,Very Low,High,Very Low–High,,,0,no STRING match,no STRING match,2615,2665,1,1
1504,fig|6666666.1036479.peg.410,fig|6666666.1036479.peg.425,0.881799840927124,0.0030536334990091934,Very Low,Very Low,Very Low–Very Low,,,0,no STRING match,no STRING match,2584,2587,1,1
1505,fig|6666666.1036479.peg.2547,fig|6666666.1036479.peg.573,0.8817972600460052,0.003055663840431407,Medium,Very Low,Very Low–Medium,,Hypothetical protein.,0,no STRING match,secondary STRING hit (STRING protein assigned to a better match),2297,2601,1,1
1506,fig|6666666.1036479.peg.2547,fig|6666666.1036479.peg.2920,0.8817949235439301,0.0030576941818536204,Medium,Very Low,Very Low–Medium,,,0,no STRING match,no STRING match,2297,2397,1,1
1507,fig|6666666.1036479.peg.2548,fig|6666666.1036479.peg.2623,0.8817448556423187,0.003059724523275834,High,Very Low,Very Low–High,,,0,no STRING match,no STRING match,2298,2333,1,1
1508,fig|6666666.1036479.peg.1657,fig|6666666.1036479.peg.2436,0.8817378640174866,0.003061754864698048,Medium,Medium,Medium–Medium,,,0,no STRING match,no STRING match,2883,3033,1,1
1509,fig|6666666.1036479.peg.370,fig|6666666.1036479.peg.2455,0.8817110955715179,0.0030637852061202613,High,Medium,Medium–High,,,0,no STRING match,no STRING match,2579,3038,1,1
1510,fig|6666666.1036479.peg.2929,fig|6666666.1036479.peg.38,0.8817088842391968,0.003065815547542475,Very Low,Low,Very Low–Low,Hypothetical protein.,,0,secondary STRING hit (STRING protein assigned to a better match),no STRING match,2404,2526,1,2
1511,fig|6666666.1036479.peg.2929,fig|6666666.1036479.peg.186,0.8817088842391968,0.0030678458889646884,Very Low,Low,Very Low–Low,Hypothetical protein.,,0,secondary STRING hit (STRING protein assigned to a better match),no STRING match,2404,2526,1,2
1512,fig|6666666.1036479.peg.2588,fig|6666666.1036479.peg.307,0.8816858232021332,0.003069876230386902,Very Low,Very Low,Very Low–Very Low,,,0,no STRING match,no STRING match,2319,2567,1,1
1513,fig|6666666.1036479.peg.2548,fig|6666666.1036479.peg.1082,0.8816805899143219,0.0030719065718091154,High,Medium,Medium–High,,,0,no STRING match,no STRING match,2298,2714,1,1
1514,fig|6666666.1036479.peg.2548,fig|6666666.1036479.peg.2604,0.8816646933555603,0.003073936913231329,High,Low,Low–High,,,0,no STRING match,no STRING match,2298,2321,1,1
1515,fig|6666666.1036479.peg.370,fig|6666666.1036479.peg.2145,0.8816459834575653,0.0030759672546535424,High,Very Low,Very Low–High,,,0,no STRING match,no STRING match,2579,2973,1,1
1516,fig|6666666.1036479.peg.281,fig|6666666.1036479.peg.1289,0.8816215693950653,0.0030779975960757563,Very Low,Very Low,Very Low–Very Low,,,0,no STRING match,no STRING match,2558,2762,1,1
1517,fig|6666666.1036479.peg.2504,fig|6666666.1036479.peg.3231,0.8816171288490295,0.00308002793749797,Very Low,Very Low,Very Low–Very Low,,,0,no STRING match,no STRING match,2268,2482,1,2
1518,fig|6666666.1036479.peg.2504,fig|6666666.1036479.peg.147,0.8816171288490295,0.0030820582789201833,Very Low,Very Low,Very Low–Very Low,,,0,no STRING match,no STRING match,2268,2482,1,2
1519,fig|6666666.1036479.peg.2506,fig|6666666.1036479.peg.2918,0.881572824716568,0.003084088620342397,Very Low,Very Low,Very Low–Very Low,,,0,no STRING match,no STRING match,2270,2396,6,1
1520,fig|6666666.1036479.peg.2516,fig|6666666.1036479.peg.2918,0.881572824716568,0.0030861189617646103,Very Low,Very Low,Very Low–Very Low,,,0,no STRING match,no STRING match,2270,2396,6,1
1521,fig|6666666.1036479.peg.2522,fig|6666666.1036479.peg.2918,0.881572824716568,0.003088149303186824,Very Low,Very Low,Very Low–Very Low,,,0,no STRING match,no STRING match,2270,2396,6,1
1522,fig|6666666.1036479.peg.2918,fig|6666666.1036479.peg.974,0.881572824716568,0.0030901796446090373,Very Low,Very Low,Very Low–Very Low,,,0,no STRING match,no STRING match,2396,2270,1,6
1523,fig|6666666.1036479.peg.2918,fig|6666666.1036479.peg.979,0.881572824716568,0.003092209986031251,Very Low,Very Low,Very Low–Very Low,,,0,no STRING match,no STRING match,2396,2270,1,6
1524,fig|6666666.1036479.peg.2918,fig|6666666.1036479.peg.2491,0.881572824716568,0.003094240327453465,Very Low,Very Low,Very Low–Very Low,,,0,no STRING match,no STRING match,2396,2270,1,6
1525,fig|6666666.1036479.peg.2548,fig|6666666.1036479.peg.1092,0.8815689027309418,0.0030962706688756783,High,Very Low,Very Low–High,,,0,no STRING match,no STRING match,2298,2715,1,1
1526,fig|6666666.1036479.peg.236,fig|6666666.1036479.peg.719,0.8815545260906219,0.003098301010297892,Very Low,Medium,Very Low–Medium,,,0,no STRING match,no STRING match,2552,2630,1,1
1527,fig|6666666.1036479.peg.2523,fig|6666666.1036479.peg.2347,0.8815191149711609,0.0031003313517201053,Low,Low,Low–Low,,,0,no STRING match,no STRING match,2282,3018,1,1
1528,fig|6666666.1036479.peg.2548,fig|6666666.1036479.peg.2715,0.881473284959793,0.003102361693142319,High,Very Low,Very Low–High,,,0,no STRING match,no STRING match,2298,2348,1,1
1529,fig|6666666.1036479.peg.3008,fig|6666666.1036479.peg.1308,0.8814412415027618,0.0031043920345645323,Medium,Medium,Medium–Medium,,,0,no STRING match,no STRING match,2423,2764,1,1
1530,fig|6666666.1036479.peg.411,fig|6666666.1036479.peg.736,0.8814131498336792,0.003106422375986746,Low,Very Low,Very Low–Low,Hypothetical protein.,,0,secondary STRING hit (STRING protein assigned to a better match),no STRING match,2585,2647,1,1
1531,fig|6666666.1036479.peg.3107,fig|6666666.1036479.peg.1300,0.8813901901245117,0.0031084527174089593,Very Low,Low,Very Low–Low,,,0,no STRING match,no STRING match,2444,2763,1,1
1532,fig|6666666.1036479.peg.2548,fig|6666666.1036479.peg.817,0.8813556611537934,0.0031104830588311733,High,Low,Low–High,,Phospholipid/glycerol acyltransferase; COG4258 Predicted exporter.,0,no STRING match,secondary STRING hit (STRING protein assigned to a better match),2298,2663,1,1
1533,fig|6666666.1036479.peg.3207,fig|6666666.1036479.peg.2455,0.8813331484794616,0.0031125134002533868,Medium,Medium,Medium–Medium,,,0,no STRING match,no STRING match,2468,3038,1,1
1534,fig|6666666.1036479.peg.2548,fig|6666666.1036479.peg.2704,0.8813312530517579,0.0031145437416756003,High,Medium,Medium–High,,,0,no STRING match,no STRING match,2298,2345,1,1
1535,fig|6666666.1036479.peg.3188,fig|6666666.1036479.peg.866,0.881316351890564,0.0031165740830978138,Medium,High,Medium–High,,,0,no STRING match,no STRING match,2461,2667,1,1
1536,fig|6666666.1036479.peg.3010,fig|6666666.1036479.peg.38,0.8813147783279419,0.0031186044245200273,Low,Low,Low–Low,,,0,no STRING match,no STRING match,2425,2526,1,2
1537,fig|6666666.1036479.peg.3010,fig|6666666.1036479.peg.186,0.8813147783279419,0.003120634765942241,Low,Low,Low–Low,,,0,no STRING match,no STRING match,2425,2526,1,2
1538,fig|6666666.1036479.peg.2672,fig|6666666.1036479.peg.3213,0.8813071966171264,0.0031226651073644543,Medium,Very Low,Very Low–Medium,,,0,no STRING match,no STRING match,2341,2470,1,1
1539,fig|6666666.1036479.peg.2604,fig|6666666.1036479.peg.411,0.881305706501007,0.003124695448786668,Low,Low,Low–Low,,Hypothetical protein.,0,no STRING match,secondary STRING hit (STRING protein assigned to a better match),2321,2585,1,1
1540,fig|6666666.1036479.peg.2547,fig|6666666.1036479.peg.38,0.8812918782234191,0.0031267257902088817,Medium,Low,Low–Medium,,,0,no STRING match,no STRING match,2297,2526,1,2
1541,fig|6666666.1036479.peg.2547,fig|6666666.1036479.peg.186,0.8812918782234191,0.0031287561316310952,Medium,Low,Low–Medium,,,0,no STRING match,no STRING match,2297,2526,1,2
1542,fig|6666666.1036479.peg.573,fig|6666666.1036479.peg.1409,0.8812883079051972,0.0031307864730533088,Very Low,Medium,Very Low–Medium,Hypothetical protein.,,0,secondary STRING hit (STRING protein assigned to a better match),no STRING match,2601,2812,1,1
1543,fig|6666666.1036479.peg.1289,fig|6666666.1036479.peg.2455,0.881285160779953,0.0031328168144755223,Very Low,Medium,Very Low–Medium,,,0,no STRING match,no STRING match,2762,3038,1,1
1544,fig|6666666.1036479.peg.728,fig|6666666.1036479.peg.1657,0.8812818169593811,0.0031348471558977358,Medium,Medium,Medium–Medium,,,0,no STRING match,no STRING match,2639,2883,1,1
1545,fig|6666666.1036479.peg.3222,fig|6666666.1036479.peg.38,0.881276261806488,0.0031368774973199493,Medium,Low,Low–Medium,,,0,no STRING match,no STRING match,2473,2526,2,2
1546,fig|6666666.1036479.peg.3222,fig|6666666.1036479.peg.186,0.881276261806488,0.0031389078387421628,Medium,Low,Low–Medium,,,0,no STRING match,no STRING match,2473,2526,2,2
1547,fig|6666666.1036479.peg.38,fig|6666666.1036479.peg.138,0.881276261806488,0.0031409381801643763,Low,Medium,Low–Medium,,,0,no STRING match,no STRING match,2526,2473,2,2
1548,fig|6666666.1036479.peg.138,fig|6666666.1036479.peg.186,0.881276261806488,0.00314296852158659,Medium,Low,Low–Medium,,,0,no STRING match,no STRING match,2473,2526,2,2
1549,fig|6666666.1036479.peg.2548,fig|6666666.1036479.peg.885,0.881267112493515,0.0031449988630088037,High,Medium,Medium–High,,,0,no STRING match,no STRING match,2298,2678,1,1
1550,fig|6666666.1036479.peg.370,fig|6666666.1036479.peg.1377,0.8812637388706207,0.0031470292044310172,High,Very Low,Very Low–High,,,0,no STRING match,no STRING match,2579,2809,1,1
1551,fig|6666666.1036479.peg.866,fig|6666666.1036479.peg.2145,0.8812137603759765,0.0031490595458532307,High,Very Low,Very Low–High,,,0,no STRING match,no STRING match,2667,2973,1,1
1552,fig|6666666.1036479.peg.3184,fig|6666666.1036479.peg.411,0.8811694562435151,0.0031510898872754442,Very Low,Low,Very Low–Low,,Hypothetical protein.,0,no STRING match,secondary STRING hit (STRING protein assigned to a better match),2457,2585,1,1
1553,fig|6666666.1036479.peg.2501,fig|6666666.1036479.peg.1300,0.8811064481735229,0.0031531202286976577,High,Low,Low–High,,,0,no STRING match,no STRING match,2265,2763,1,1
1554,fig|6666666.1036479.peg.942,fig|6666666.1036479.peg.1300,0.8811026215553284,0.0031551505701198712,Very Low,Low,Very Low–Low,,,0,no STRING match,no STRING match,2691,2763,1,1
1555,fig|6666666.1036479.peg.370,fig|6666666.1036479.peg.726,0.881084817647934,0.0031571809115420848,High,Very Low,Very Low–High,,,0,no STRING match,no STRING match,2579,2637,1,1
1556,fig|6666666.1036479.peg.2920,fig|6666666.1036479.peg.3008,0.8810731172561646,0.0031592112529642987,Very Low,Medium,Very Low–Medium,,,0,no STRING match,no STRING match,2397,2423,1,1
1557,fig|6666666.1036479.peg.881,fig|6666666.1036479.peg.2114,0.8810192286968231,0.003161241594386512,High,Very Low,Very Low–High,,"COG1629 Outer membrane receptor proteins, mostly Fe transport.",0,no STRING match,secondary STRING hit (STRING protein assigned to a better match),2674,2964,1,1
1558,fig|6666666.1036479.peg.1300,fig|6666666.1036479.peg.2364,0.8810059368610382,0.0031632719358087257,Low,Medium,Low–Medium,,,0,no STRING match,no STRING match,2763,3022,1,1
1559,fig|6666666.1036479.peg.3015,fig|6666666.1036479.peg.370,0.8809718787670135,0.003165302277230939,Low,High,Low–High,,,0,no STRING match,no STRING match,2428,2579,1,1
1560,fig|6666666.1036479.peg.2623,fig|6666666.1036479.peg.2672,0.8807939648628235,0.0031673326186531527,Very Low,Medium,Very Low–Medium,,,0,no STRING match,no STRING match,2333,2341,1,1
1561,fig|6666666.1036479.peg.2843,fig|6666666.1036479.peg.3008,0.8807568609714508,0.003169362960075366,Very Low,Medium,Very Low–Medium,,,0,no STRING match,no STRING match,2370,2423,1,1
1562,fig|6666666.1036479.peg.3015,fig|6666666.1036479.peg.3020,0.8806514263153076,0.0031713933014975797,Low,Low,Low–Low,,,0,no STRING match,no STRING match,2428,2433,1,1
1563,fig|6666666.1036479.peg.1082,fig|6666666.1036479.peg.2347,0.8806505918502807,0.0031734236429197932,Medium,Low,Low–Medium,,,0,no STRING match,no STRING match,2714,3018,1,1
1564,fig|6666666.1036479.peg.1289,fig|6666666.1036479.peg.1416,0.8806331515312195,0.003175453984342007,Very Low,Medium,Very Low–Medium,,,0,no STRING match,no STRING match,2762,2817,1,1
1565,fig|6666666.1036479.peg.2506,fig|6666666.1036479.peg.3231,0.8806292176246643,0.0031774843257642207,Very Low,Very Low,Very Low–Very Low,,,0,no STRING match,no STRING match,2270,2482,6,2
1566,fig|6666666.1036479.peg.2506,fig|6666666.1036479.peg.147,0.8806292176246643,0.003179514667186434,Very Low,Very Low,Very Low–Very Low,,,0,no STRING match,no STRING match,2270,2482,6,2
1567,fig|6666666.1036479.peg.2516,fig|6666666.1036479.peg.3231,0.8806292176246643,0.0031815450086086477,Very Low,Very Low,Very Low–Very Low,,,0,no STRING match,no STRING match,2270,2482,6,2
1568,fig|6666666.1036479.peg.2516,fig|6666666.1036479.peg.147,0.8806292176246643,0.003183575350030861,Very Low,Very Low,Very Low–Very Low,,,0,no STRING match,no STRING match,2270,2482,6,2
1569,fig|6666666.1036479.peg.2522,fig|6666666.1036479.peg.3231,0.8806292176246643,0.0031856056914530747,Very Low,Very Low,Very Low–Very Low,,,0,no STRING match,no STRING match,2270,2482,6,2
1570,fig|6666666.1036479.peg.2522,fig|6666666.1036479.peg.147,0.8806292176246643,0.003187636032875288,Very Low,Very Low,Very Low–Very Low,,,0,no STRING match,no STRING match,2270,2482,6,2
1571,fig|6666666.1036479.peg.3231,fig|6666666.1036479.peg.974,0.8806292176246643,0.0031896663742975017,Very Low,Very Low,Very Low–Very Low,,,0,no STRING match,no STRING match,2482,2270,2,6
1572,fig|6666666.1036479.peg.3231,fig|6666666.1036479.peg.979,0.8806292176246643,0.0031916967157197156,Very Low,Very Low,Very Low–Very Low,,,0,no STRING match,no STRING match,2482,2270,2,6
1573,fig|6666666.1036479.peg.3231,fig|6666666.1036479.peg.2491,0.8806292176246643,0.003193727057141929,Very Low,Very Low,Very Low–Very Low,,,0,no STRING match,no STRING match,2482,2270,2,6
1574,fig|6666666.1036479.peg.147,fig|6666666.1036479.peg.974,0.8806292176246643,0.0031957573985641427,Very Low,Very Low,Very Low–Very Low,,,0,no STRING match,no STRING match,2482,2270,2,6
1575,fig|6666666.1036479.peg.147,fig|6666666.1036479.peg.979,0.8806292176246643,0.003197787739986356,Very Low,Very Low,Very Low–Very Low,,,0,no STRING match,no STRING match,2482,2270,2,6
1576,fig|6666666.1036479.peg.147,fig|6666666.1036479.peg.2491,0.8806292176246643,0.0031998180814085697,Very Low,Very Low,Very Low–Very Low,,,0,no STRING match,no STRING match,2482,2270,2,6
1577,fig|6666666.1036479.peg.2548,fig|6666666.1036479.peg.244,0.8806219339370728,0.003201848422830783,High,Very Low,Very Low–High,,,0,no STRING match,no STRING match,2298,2554,1,1
1578,fig|6666666.1036479.peg.2672,fig|6666666.1036479.peg.1919,0.8805642366409302,0.0032038787642529967,Medium,Very Low,Very Low–Medium,,,0,no STRING match,no STRING match,2341,2920,1,1
1579,fig|6666666.1036479.peg.3222,fig|6666666.1036479.peg.725,0.8805396854877472,0.00320590910567521,Medium,Very Low,Very Low–Medium,,,0,no STRING match,no STRING match,2473,2636,2,1
1580,fig|6666666.1036479.peg.138,fig|6666666.1036479.peg.725,0.8805396854877472,0.003207939447097424,Medium,Very Low,Very Low–Medium,,,0,no STRING match,no STRING match,2473,2636,2,1
1581,fig|6666666.1036479.peg.38,fig|6666666.1036479.peg.2436,0.8804847598075867,0.0032099697885196376,Low,Medium,Low–Medium,,,0,no STRING match,no STRING match,2526,3033,2,1
1582,fig|6666666.1036479.peg.186,fig|6666666.1036479.peg.2436,0.8804847598075867,0.003212000129941851,Low,Medium,Low–Medium,,,0,no STRING match,no STRING match,2526,3033,2,1
1583,fig|6666666.1036479.peg.2672,fig|6666666.1036479.peg.1894,0.8804764926433564,0.0032140304713640646,Medium,Medium,Medium–Medium,,Hypothetical protein.,0,no STRING match,secondary STRING hit (STRING protein assigned to a better match),2341,2912,1,1
1584,fig|6666666.1036479.peg.720,fig|6666666.1036479.peg.2364,0.8804677903652192,0.003216060812786278,High,Medium,Medium–High,,,0,no STRING match,no STRING match,2631,3022,1,1
1585,fig|6666666.1036479.peg.2987,fig|6666666.1036479.peg.38,0.8804206252098083,0.0032180911542084916,Very Low,Low,Very Low–Low,,,0,no STRING match,no STRING match,2415,2526,1,2
1586,fig|6666666.1036479.peg.2987,fig|6666666.1036479.peg.186,0.8804206252098083,0.003220121495630705,Very Low,Low,Very Low–Low,,,0,no STRING match,no STRING match,2415,2526,1,2
1587,fig|6666666.1036479.peg.2547,fig|6666666.1036479.peg.1308,0.8804096817970276,0.0032221518370529187,Medium,Medium,Medium–Medium,,,0,no STRING match,no STRING match,2297,2764,1,1
1588,fig|6666666.1036479.peg.2524,fig|6666666.1036479.peg.3017,0.8804050385951996,0.0032241821784751326,Low,Medium,Low–Medium,,,0,no STRING match,no STRING match,2283,2430,1,1
1589,fig|6666666.1036479.peg.861,fig|6666666.1036479.peg.2278,0.8803780615329743,0.003226212519897346,High,Low,Low–High,,,0,no STRING match,no STRING match,2665,3005,1,1
1590,fig|6666666.1036479.peg.3188,fig|6666666.1036479.peg.1308,0.8803717851638794,0.0032282428613195596,Medium,Medium,Medium–Medium,,,0,no STRING match,no STRING match,2461,2764,1,1
1591,fig|6666666.1036479.peg.2704,fig|6666666.1036479.peg.370,0.880351448059082,0.003230273202741773,Medium,High,Medium–High,,,0,no STRING match,no STRING match,2345,2579,1,1
1592,fig|6666666.1036479.peg.370,fig|6666666.1036479.peg.723,0.880346953868866,0.0032323035441639866,High,High,High–High,,,0,no STRING match,no STRING match,2579,2634,1,1
1593,fig|6666666.1036479.peg.725,fig|6666666.1036479.peg.2348,0.8803308844566345,0.0032343338855862,Very Low,High,Very Low–High,,,0,no STRING match,no STRING match,2636,3019,1,1
1594,fig|6666666.1036479.peg.2855,fig|6666666.1036479.peg.861,0.8803208827972412,0.0032363642270084136,Very Low,High,Very Low–High,,,0,no STRING match,no STRING match,2374,2665,1,1
1595,fig|6666666.1036479.peg.3213,fig|6666666.1036479.peg.1289,0.8803166747093201,0.003238394568430627,Very Low,Very Low,Very Low–Very Low,,,0,no STRING match,no STRING match,2470,2762,1,1
1596,fig|6666666.1036479.peg.2547,fig|6666666.1036479.peg.3231,0.8802992045879364,0.003240424909852841,Medium,Very Low,Very Low–Medium,,,0,no STRING match,no STRING match,2297,2482,1,2
1597,fig|6666666.1036479.peg.2547,fig|6666666.1036479.peg.147,0.8802992045879364,0.0032424552512750546,Medium,Very Low,Very Low–Medium,,,0,no STRING match,no STRING match,2297,2482,1,2
1598,fig|6666666.1036479.peg.2548,fig|6666666.1036479.peg.1471,0.8802679061889649,0.003244485592697268,High,Very Low,Very Low–High,,,0,no STRING match,no STRING match,2298,2822,1,1
1599,fig|6666666.1036479.peg.40,fig|6666666.1036479.peg.861,0.8801911890506744,0.0032465159341194816,Very Low,High,Very Low–High,,,0,no STRING match,no STRING match,2528,2665,2,1
1600,fig|6666666.1036479.peg.188,fig|6666666.1036479.peg.861,0.8801911890506744,0.003248546275541695,Very Low,High,Very Low–High,,,0,no STRING match,no STRING match,2528,2665,2,1
1601,fig|6666666.1036479.peg.410,fig|6666666.1036479.peg.1349,0.8801518499851226,0.0032505766169639086,Very Low,Very Low,Very Low–Very Low,,,0,no STRING match,no STRING match,2584,2787,1,1
1602,fig|6666666.1036479.peg.2504,fig|6666666.1036479.peg.2347,0.8801279962062836,0.003252606958386122,Very Low,Low,Very Low–Low,,,0,no STRING match,no STRING match,2268,3018,1,1
1603,fig|6666666.1036479.peg.1947,fig|6666666.1036479.peg.2093,0.880111825466156,0.0032546372998083356,Medium,Medium,Medium–Medium,,,0,no STRING match,no STRING match,2930,2955,1,1
1604,fig|6666666.1036479.peg.2918,fig|6666666.1036479.peg.38,0.880098432302475,0.0032566676412305495,Very Low,Low,Very Low–Low,,,0,no STRING match,no STRING match,2396,2526,1,2
1605,fig|6666666.1036479.peg.2918,fig|6666666.1036479.peg.186,0.880098432302475,0.003258697982652763,Very Low,Low,Very Low–Low,,,0,no STRING match,no STRING match,2396,2526,1,2
1606,fig|6666666.1036479.peg.2504,fig|6666666.1036479.peg.2960,0.880089408159256,0.0032607283240749766,Very Low,Low,Very Low–Low,,,0,no STRING match,no STRING match,2268,2412,1,1
1607,fig|6666666.1036479.peg.38,fig|6666666.1036479.peg.1416,0.8800843060016632,0.00326275866549719,Low,Medium,Low–Medium,,,0,no STRING match,no STRING match,2526,2817,2,1
1608,fig|6666666.1036479.peg.186,fig|6666666.1036479.peg.1416,0.8800843060016632,0.0032647890069194036,Low,Medium,Low–Medium,,,0,no STRING match,no STRING match,2526,2817,2,1
1609,fig|6666666.1036479.peg.2523,fig|6666666.1036479.peg.1080,0.8800822794437408,0.003266819348341617,Low,High,Low–High,,,0,no STRING match,no STRING match,2282,2712,1,1
1610,fig|6666666.1036479.peg.2814,fig|6666666.1036479.peg.861,0.8800712704658509,0.0032688496897638306,Very Low,High,Very Low–High,,,0,no STRING match,no STRING match,2358,2665,1,1
1611,fig|6666666.1036479.peg.3184,fig|6666666.1036479.peg.725,0.8800646483898162,0.003270880031186044,Very Low,Very Low,Very Low–Very Low,,,0,no STRING match,no STRING match,2457,2636,1,1
1612,fig|6666666.1036479.peg.2503,fig|6666666.1036479.peg.2548,0.880059152841568,0.003272910372608258,Very Low,High,Very Low–High,,,0,no STRING match,no STRING match,2267,2298,1,1
1613,fig|6666666.1036479.peg.3231,fig|6666666.1036479.peg.719,0.8800484418869019,0.0032749407140304715,Very Low,Medium,Very Low–Medium,,,0,no STRING match,no STRING match,2482,2630,2,1
1614,fig|6666666.1036479.peg.147,fig|6666666.1036479.peg.719,0.8800484418869019,0.003276971055452685,Very Low,Medium,Very Low–Medium,,,0,no STRING match,no STRING match,2482,2630,2,1
1615,fig|6666666.1036479.peg.2548,fig|6666666.1036479.peg.3254,0.88004230260849,0.0032790013968748985,High,High,High–High,,,0,no STRING match,no STRING match,2298,2505,1,3
1616,fig|6666666.1036479.peg.2548,fig|6666666.1036479.peg.22,0.88004230260849,0.003281031738297112,High,High,High–High,,,0,no STRING match,no STRING match,2298,2505,1,3
1617,fig|6666666.1036479.peg.2548,fig|6666666.1036479.peg.170,0.88004230260849,0.0032830620797193255,High,High,High–High,,,0,no STRING match,no STRING match,2298,2505,1,3
1618,fig|6666666.1036479.peg.861,fig|6666666.1036479.peg.1953,0.8800422728061676,0.003285092421141539,High,Low,Low–High,,,0,no STRING match,no STRING match,2665,2935,1,1
1619,fig|6666666.1036479.peg.2672,fig|6666666.1036479.peg.1567,0.8800374686717987,0.0032871227625637526,Medium,Low,Low–Medium,,,0,no STRING match,no STRING match,2341,2839,1,1
1620,fig|6666666.1036479.peg.370,fig|6666666.1036479.peg.1181,0.8800081849098206,0.0032891531039859665,High,Very Low,Very Low–High,,,0,no STRING match,no STRING match,2579,2747,1,1
1621,fig|6666666.1036479.peg.2504,fig|6666666.1036479.peg.2918,0.8799622058868408,0.00329118344540818,Very Low,Very Low,Very Low–Very Low,,,0,no STRING match,no STRING match,2268,2396,1,1
1622,fig|6666666.1036479.peg.2547,fig|6666666.1036479.peg.2364,0.8799482047557831,0.0032932137868303935,Medium,Medium,Medium–Medium,,,0,no STRING match,no STRING match,2297,3022,1,1
1623,fig|6666666.1036479.peg.89,fig|6666666.1036479.peg.1416,0.879944795370102,0.003295244128252607,Very Low,Medium,Very Low–Medium,,,0,no STRING match,no STRING match,2542,2817,1,1
1624,fig|6666666.1036479.peg.723,fig|6666666.1036479.peg.1947,0.8799400329589844,0.0032972744696748205,High,Medium,Medium–High,,,0,no STRING match,no STRING match,2634,2930,1,1
1625,fig|6666666.1036479.peg.38,fig|6666666.1036479.peg.942,0.8798550248146058,0.003299304811097034,Low,Very Low,Very Low–Low,,,0,no STRING match,no STRING match,2526,2691,2,1
1626,fig|6666666.1036479.peg.186,fig|6666666.1036479.peg.942,0.8798550248146058,0.0033013351525192475,Low,Very Low,Very Low–Low,,,0,no STRING match,no STRING match,2526,2691,2,1
1627,fig|6666666.1036479.peg.1706,fig|6666666.1036479.peg.1947,0.8798538208007812,0.003303365493941461,Very Low,Medium,Very Low–Medium,,,0,no STRING match,no STRING match,2886,2930,1,1
1628,fig|6666666.1036479.peg.2960,fig|6666666.1036479.peg.2114,0.8798266172409057,0.003305395835363675,Low,Very Low,Very Low–Low,,"COG1629 Outer membrane receptor proteins, mostly Fe transport.",0,no STRING match,secondary STRING hit (STRING protein assigned to a better match),2412,2964,1,1
1629,fig|6666666.1036479.peg.3231,fig|6666666.1036479.peg.2114,0.8797821044921875,0.0033074261767858885,Very Low,Very Low,Very Low–Very Low,,"COG1629 Outer membrane receptor proteins, mostly Fe transport.",0,no STRING match,secondary STRING hit (STRING protein assigned to a better match),2482,2964,2,1
1630,fig|6666666.1036479.peg.147,fig|6666666.1036479.peg.2114,0.8797821044921875,0.003309456518208102,Very Low,Very Low,Very Low–Very Low,,"COG1629 Outer membrane receptor proteins, mostly Fe transport.",0,no STRING match,secondary STRING hit (STRING protein assigned to a better match),2482,2964,2,1
1631,fig|6666666.1036479.peg.2536,fig|6666666.1036479.peg.2548,0.879772961139679,0.0033114868596303155,Very Low,High,Very Low–High,,,0,no STRING match,no STRING match,2286,2298,1,1
1632,fig|6666666.1036479.peg.2536,fig|6666666.1036479.peg.411,0.879763787984848,0.003313517201052529,Very Low,Low,Very Low–Low,,Hypothetical protein.,0,no STRING match,secondary STRING hit (STRING protein assigned to a better match),2286,2585,1,1
1633,fig|6666666.1036479.peg.370,fig|6666666.1036479.peg.889,0.8797495663166046,0.0033155475424747425,High,Low,Low–High,,,0,no STRING match,no STRING match,2579,2682,1,1
1634,fig|6666666.1036479.peg.2960,fig|6666666.1036479.peg.1567,0.879727965593338,0.003317577883896956,Low,Low,Low–Low,,,0,no STRING match,no STRING match,2412,2839,1,1
1635,fig|6666666.1036479.peg.411,fig|6666666.1036479.peg.2497,0.8796786427497864,0.0033196082253191695,Low,Very Low,Very Low–Low,Hypothetical protein.,,0,secondary STRING hit (STRING protein assigned to a better match),no STRING match,2585,3047,1,1
1636,fig|6666666.1036479.peg.3020,fig|6666666.1036479.peg.2106,0.8796541929244995,0.0033216385667413834,Low,High,Low–High,,Hypothetical protein.,0,no STRING match,secondary STRING hit (STRING protein assigned to a better match),2433,2959,1,1
1637,fig|6666666.1036479.peg.2517,fig|6666666.1036479.peg.881,0.8796404898166656,0.003323668908163597,Medium,High,Medium–High,,,0,no STRING match,no STRING match,2279,2674,1,1
1638,fig|6666666.1036479.peg.2539,fig|6666666.1036479.peg.1289,0.8795924127101898,0.0033256992495858105,Low,Very Low,Very Low–Low,,,0,no STRING match,no STRING match,2289,2762,1,1
1639,fig|6666666.1036479.peg.3231,fig|6666666.1036479.peg.725,0.8795629799365997,0.003327729591008024,Very Low,Very Low,Very Low–Very Low,,,0,no STRING match,no STRING match,2482,2636,2,1
1640,fig|6666666.1036479.peg.147,fig|6666666.1036479.peg.725,0.8795629799365997,0.0033297599324302375,Very Low,Very Low,Very Low–Very Low,,,0,no STRING match,no STRING match,2482,2636,2,1
1641,fig|6666666.1036479.peg.410,fig|6666666.1036479.peg.1347,0.8795301616191864,0.003331790273852451,Very Low,Very Low,Very Low–Very Low,,,0,no STRING match,no STRING match,2584,2785,1,3
1642,fig|6666666.1036479.peg.410,fig|6666666.1036479.peg.1351,0.8795301616191864,0.0033338206152746645,Very Low,Very Low,Very Low–Very Low,,,0,no STRING match,no STRING match,2584,2785,1,3
1643,fig|6666666.1036479.peg.410,fig|6666666.1036479.peg.1356,0.8795301616191864,0.003335850956696878,Very Low,Very Low,Very Low–Very Low,,,0,no STRING match,no STRING match,2584,2785,1,3
1644,fig|6666666.1036479.peg.236,fig|6666666.1036479.peg.2114,0.8795283973217011,0.003337881298119092,Very Low,Very Low,Very Low–Very Low,,"COG1629 Outer membrane receptor proteins, mostly Fe transport.",0,no STRING match,secondary STRING hit (STRING protein assigned to a better match),2552,2964,1,1
1645,fig|6666666.1036479.peg.861,fig|6666666.1036479.peg.2352,0.8794714093208313,0.0033399116395413054,High,Medium,Medium–High,,,0,no STRING match,no STRING match,2665,3020,1,1
1646,fig|6666666.1036479.peg.2524,fig|6666666.1036479.peg.2347,0.8794242680072785,0.003341941980963519,Low,Low,Low–Low,,,0,no STRING match,no STRING match,2283,3018,1,1
1647,fig|6666666.1036479.peg.2944,fig|6666666.1036479.peg.411,0.8794067144393921,0.0033439723223857324,Low,Low,Low–Low,,Hypothetical protein.,0,no STRING match,secondary STRING hit (STRING protein assigned to a better match),2407,2585,1,1
1648,fig|6666666.1036479.peg.3017,fig|6666666.1036479.peg.38,0.879371988773346,0.003346002663807946,Medium,Low,Low–Medium,,,0,no STRING match,no STRING match,2430,2526,1,2
1649,fig|6666666.1036479.peg.3017,fig|6666666.1036479.peg.186,0.879371988773346,0.0033480330052301594,Medium,Low,Low–Medium,,,0,no STRING match,no STRING match,2430,2526,1,2
1650,fig|6666666.1036479.peg.2523,fig|6666666.1036479.peg.2524,0.8793001532554626,0.003350063346652373,Low,Low,Low–Low,,,0,no STRING match,no STRING match,2282,2283,1,1
1651,fig|6666666.1036479.peg.573,fig|6666666.1036479.peg.2106,0.879294490814209,0.0033520936880745865,Very Low,High,Very Low–High,Hypothetical protein.,Hypothetical protein.,0,secondary STRING hit (STRING protein assigned to a better match),secondary STRING hit (STRING protein assigned to a better match),2601,2959,1,1
1652,fig|6666666.1036479.peg.2545,fig|6666666.1036479.peg.411,0.8792941629886627,0.0033541240294968004,Very Low,Low,Very Low–Low,,Hypothetical protein.,0,no STRING match,secondary STRING hit (STRING protein assigned to a better match),2295,2585,7,1
1653,fig|6666666.1036479.peg.2567,fig|6666666.1036479.peg.411,0.8792941629886627,0.003356154370919014,Very Low,Low,Very Low–Low,,Hypothetical protein.,0,no STRING match,secondary STRING hit (STRING protein assigned to a better match),2295,2585,7,1
1654,fig|6666666.1036479.peg.411,fig|6666666.1036479.peg.1573,0.8792941629886627,0.0033581847123412274,Low,Very Low,Very Low–Low,Hypothetical protein.,,0,secondary STRING hit (STRING protein assigned to a better match),no STRING match,2585,2295,1,7
1655,fig|6666666.1036479.peg.411,fig|6666666.1036479.peg.1586,0.8792941629886627,0.003360215053763441,Low,Very Low,Very Low–Low,Hypothetical protein.,,0,secondary STRING hit (STRING protein assigned to a better match),no STRING match,2585,2295,1,7
1656,fig|6666666.1036479.peg.411,fig|6666666.1036479.peg.1597,0.8792941629886627,0.0033622453951856544,Low,Very Low,Very Low–Low,Hypothetical protein.,,0,secondary STRING hit (STRING protein assigned to a better match),no STRING match,2585,2295,1,7
1657,fig|6666666.1036479.peg.411,fig|6666666.1036479.peg.1619,0.8792941629886627,0.003364275736607868,Low,Very Low,Very Low–Low,Hypothetical protein.,,0,secondary STRING hit (STRING protein assigned to a better match),no STRING match,2585,2295,1,7
1658,fig|6666666.1036479.peg.411,fig|6666666.1036479.peg.1643,0.8792941629886627,0.0033663060780300814,Low,Very Low,Very Low–Low,Hypothetical protein.,,0,secondary STRING hit (STRING protein assigned to a better match),no STRING match,2585,2295,1,7
1659,fig|6666666.1036479.peg.2501,fig|6666666.1036479.peg.2506,0.8792584300041199,0.003368336419452295,High,Very Low,Very Low–High,,,0,no STRING match,no STRING match,2265,2270,1,6
1660,fig|6666666.1036479.peg.2501,fig|6666666.1036479.peg.2516,0.8792584300041199,0.003370366760874509,High,Very Low,Very Low–High,,,0,no STRING match,no STRING match,2265,2270,1,6
1661,fig|6666666.1036479.peg.2501,fig|6666666.1036479.peg.2522,0.8792584300041199,0.0033723971022967224,High,Very Low,Very Low–High,,,0,no STRING match,no STRING match,2265,2270,1,6
1662,fig|6666666.1036479.peg.2501,fig|6666666.1036479.peg.974,0.8792584300041199,0.003374427443718936,High,Very Low,Very Low–High,,,0,no STRING match,no STRING match,2265,2270,1,6
1663,fig|6666666.1036479.peg.2501,fig|6666666.1036479.peg.979,0.8792584300041199,0.0033764577851411494,High,Very Low,Very Low–High,,,0,no STRING match,no STRING match,2265,2270,1,6
1664,fig|6666666.1036479.peg.2501,fig|6666666.1036479.peg.2491,0.8792584300041199,0.003378488126563363,High,Very Low,Very Low–High,,,0,no STRING match,no STRING match,2265,2270,1,6
1665,fig|6666666.1036479.peg.3017,fig|6666666.1036479.peg.1074,0.8792131066322326,0.0033805184679855764,Medium,High,Medium–High,,,0,no STRING match,no STRING match,2430,2706,1,1
1666,fig|6666666.1036479.peg.89,fig|6666666.1036479.peg.1947,0.8791786193847656,0.00338254880940779,Very Low,Medium,Very Low–Medium,,,0,no STRING match,no STRING match,2542,2930,1,1
1667,fig|6666666.1036479.peg.659,fig|6666666.1036479.peg.861,0.8791725277900696,0.0033845791508300034,Very Low,High,Very Low–High,,,0,no STRING match,no STRING match,2617,2665,1,1
1668,fig|6666666.1036479.peg.866,fig|6666666.1036479.peg.1409,0.8791085660457612,0.0033866094922522173,High,Medium,Medium–High,,,0,no STRING match,no STRING match,2667,2812,1,1
1669,fig|6666666.1036479.peg.2548,fig|6666666.1036479.peg.1962,0.8790788531303406,0.003388639833674431,High,Medium,Medium–High,,,0,no STRING match,no STRING match,2298,2944,1,1
1670,fig|6666666.1036479.peg.1657,fig|6666666.1036479.peg.2114,0.8790740430355072,0.0033906701750966444,Medium,Very Low,Very Low–Medium,,"COG1629 Outer membrane receptor proteins, mostly Fe transport.",0,no STRING match,secondary STRING hit (STRING protein assigned to a better match),2883,2964,1,1
1671,fig|6666666.1036479.peg.2960,fig|6666666.1036479.peg.942,0.8790687441825866,0.003392700516518858,Low,Very Low,Very Low–Low,,,0,no STRING match,no STRING match,2412,2691,1,1
1672,fig|6666666.1036479.peg.2948,fig|6666666.1036479.peg.887,0.8790557622909546,0.0033947308579410714,High,Medium,Medium–High,,,0,no STRING match,no STRING match,2410,2680,1,1
1673,fig|6666666.1036479.peg.2548,fig|6666666.1036479.peg.724,0.8790485084056854,0.003396761199363285,High,Medium,Medium–High,,,0,no STRING match,no STRING match,2298,2635,1,1
1674,fig|6666666.1036479.peg.881,fig|6666666.1036479.peg.2278,0.8790171921253205,0.0033987915407854984,High,Low,Low–High,,,0,no STRING match,no STRING match,2674,3005,1,1
1675,fig|6666666.1036479.peg.2348,fig|6666666.1036479.peg.2436,0.8789992868900299,0.003400821882207712,High,Medium,Medium–High,,,0,no STRING match,no STRING match,3019,3033,1,1
1676,fig|6666666.1036479.peg.2672,fig|6666666.1036479.peg.3142,0.878980177640915,0.003402852223629926,Medium,Low,Low–Medium,,,0,no STRING match,no STRING match,2341,2448,1,1
1677,fig|6666666.1036479.peg.861,fig|6666666.1036479.peg.2404,0.8789680123329162,0.0034048825650521393,High,Medium,Medium–High,,Hypothetical protein; COG0605 Superoxide dismutase.,0,no STRING match,secondary STRING hit (STRING protein assigned to a better match),2665,3028,1,1
1678,fig|6666666.1036479.peg.2512,fig|6666666.1036479.peg.2548,0.8789633393287659,0.003406912906474353,Very Low,High,Very Low–High,,,0,no STRING match,no STRING match,2276,2298,13,1
1679,fig|6666666.1036479.peg.2518,fig|6666666.1036479.peg.2548,0.8789633393287659,0.0034089432478965663,Very Low,High,Very Low–High,,,0,no STRING match,no STRING match,2276,2298,13,1
1680,fig|6666666.1036479.peg.2525,fig|6666666.1036479.peg.2548,0.8789633393287659,0.00341097358931878,Very Low,High,Very Low–High,,,0,no STRING match,no STRING match,2276,2298,13,1
1681,fig|6666666.1036479.peg.2529,fig|6666666.1036479.peg.2548,0.8789633393287659,0.0034130039307409933,Very Low,High,Very Low–High,,,0,no STRING match,no STRING match,2276,2298,13,1
1682,fig|6666666.1036479.peg.2533,fig|6666666.1036479.peg.2548,0.8789633393287659,0.003415034272163207,Very Low,High,Very Low–High,,,0,no STRING match,no STRING match,2276,2298,13,1
1683,fig|6666666.1036479.peg.2548,fig|6666666.1036479.peg.3172,0.8789633393287659,0.0034170646135854204,High,Very Low,Very Low–High,,,0,no STRING match,no STRING match,2298,2276,1,13
1684,fig|6666666.1036479.peg.2548,fig|6666666.1036479.peg.972,0.8789633393287659,0.0034190949550076343,High,Very Low,Very Low–High,,,0,no STRING match,no STRING match,2298,2276,1,13
1685,fig|6666666.1036479.peg.2548,fig|6666666.1036479.peg.977,0.8789633393287659,0.003421125296429848,High,Very Low,Very Low–High,,,0,no STRING match,no STRING match,2298,2276,1,13
1686,fig|6666666.1036479.peg.2548,fig|6666666.1036479.peg.982,0.8789633393287659,0.0034231556378520613,High,Very Low,Very Low–High,,,0,no STRING match,no STRING match,2298,2276,1,13
1687,fig|6666666.1036479.peg.2548,fig|6666666.1036479.peg.986,0.8789633393287659,0.003425185979274275,High,Very Low,Very Low–High,,,0,no STRING match,no STRING match,2298,2276,1,13
1688,fig|6666666.1036479.peg.2548,fig|6666666.1036479.peg.990,0.8789633393287659,0.0034272163206964883,High,Very Low,Very Low–High,,,0,no STRING match,no STRING match,2298,2276,1,13
1689,fig|6666666.1036479.peg.2548,fig|6666666.1036479.peg.2488,0.8789633393287659,0.003429246662118702,High,Very Low,Very Low–High,,,0,no STRING match,no STRING match,2298,2276,1,13
1690,fig|6666666.1036479.peg.2548,fig|6666666.1036479.peg.2493,0.8789633393287659,0.0034312770035409153,High,Very Low,Very Low–High,,,0,no STRING match,no STRING match,2298,2276,1,13
1691,fig|6666666.1036479.peg.2106,fig|6666666.1036479.peg.2364,0.8789577305316925,0.003433307344963129,High,Medium,Medium–High,Hypothetical protein.,,0,secondary STRING hit (STRING protein assigned to a better match),no STRING match,2959,3022,1,1
1692,fig|6666666.1036479.peg.2960,fig|6666666.1036479.peg.725,0.8789511561393738,0.0034353376863853428,Low,Very Low,Very Low–Low,,,0,no STRING match,no STRING match,2412,2636,1,1
1693,fig|6666666.1036479.peg.2672,fig|6666666.1036479.peg.2918,0.8789460241794587,0.0034373680278075563,Medium,Very Low,Very Low–Medium,,,0,no STRING match,no STRING match,2341,2396,1,1
1694,fig|6666666.1036479.peg.2545,fig|6666666.1036479.peg.2548,0.878941410779953,0.00343939836922977,Very Low,High,Very Low–High,,,0,no STRING match,no STRING match,2295,2298,7,1
1695,fig|6666666.1036479.peg.2548,fig|6666666.1036479.peg.2567,0.878941410779953,0.0034414287106519833,High,Very Low,Very Low–High,,,0,no STRING match,no STRING match,2298,2295,1,7
1696,fig|6666666.1036479.peg.2548,fig|6666666.1036479.peg.1573,0.878941410779953,0.003443459052074197,High,Very Low,Very Low–High,,,0,no STRING match,no STRING match,2298,2295,1,7
1697,fig|6666666.1036479.peg.2548,fig|6666666.1036479.peg.1586,0.878941410779953,0.0034454893934964103,High,Very Low,Very Low–High,,,0,no STRING match,no STRING match,2298,2295,1,7
1698,fig|6666666.1036479.peg.2548,fig|6666666.1036479.peg.1597,0.878941410779953,0.003447519734918624,High,Very Low,Very Low–High,,,0,no STRING match,no STRING match,2298,2295,1,7
1699,fig|6666666.1036479.peg.2548,fig|6666666.1036479.peg.1619,0.878941410779953,0.0034495500763408373,High,Very Low,Very Low–High,,,0,no STRING match,no STRING match,2298,2295,1,7
1700,fig|6666666.1036479.peg.2548,fig|6666666.1036479.peg.1643,0.878941410779953,0.0034515804177630512,High,Very Low,Very Low–High,,,0,no STRING match,no STRING match,2298,2295,1,7
1701,fig|6666666.1036479.peg.2506,fig|6666666.1036479.peg.2960,0.8789272129535675,0.0034536107591852648,Very Low,Low,Very Low–Low,,,0,no STRING match,no STRING match,2270,2412,6,1
1702,fig|6666666.1036479.peg.2516,fig|6666666.1036479.peg.2960,0.8789272129535675,0.0034556411006074783,Very Low,Low,Very Low–Low,,,0,no STRING match,no STRING match,2270,2412,6,1
1703,fig|6666666.1036479.peg.2522,fig|6666666.1036479.peg.2960,0.8789272129535675,0.0034576714420296918,Very Low,Low,Very Low–Low,,,0,no STRING match,no STRING match,2270,2412,6,1
1704,fig|6666666.1036479.peg.2960,fig|6666666.1036479.peg.974,0.8789272129535675,0.0034597017834519053,Low,Very Low,Very Low–Low,,,0,no STRING match,no STRING match,2412,2270,1,6
1705,fig|6666666.1036479.peg.2960,fig|6666666.1036479.peg.979,0.8789272129535675,0.0034617321248741188,Low,Very Low,Very Low–Low,,,0,no STRING match,no STRING match,2412,2270,1,6
1706,fig|6666666.1036479.peg.2960,fig|6666666.1036479.peg.2491,0.8789272129535675,0.0034637624662963323,Low,Very Low,Very Low–Low,,,0,no STRING match,no STRING match,2412,2270,1,6
1707,fig|6666666.1036479.peg.370,fig|6666666.1036479.peg.2497,0.8789254128932953,0.003465792807718546,High,Very Low,Very Low–High,,,0,no STRING match,no STRING match,2579,3047,1,1
1708,fig|6666666.1036479.peg.2988,fig|6666666.1036479.peg.720,0.8789161443710327,0.0034678231491407597,Medium,High,Medium–High,Hypothetical protein.,,0,secondary STRING hit (STRING protein assigned to a better match),no STRING match,2416,2631,1,1
1709,fig|6666666.1036479.peg.2679,fig|6666666.1036479.peg.1289,0.8788927733898163,0.0034698534905629732,Medium,Very Low,Very Low–Medium,,,0,no STRING match,no STRING match,2342,2762,1,1
1710,fig|6666666.1036479.peg.2948,fig|6666666.1036479.peg.1410,0.8788661777973175,0.0034718838319851867,High,Medium,Medium–High,,,0,no STRING match,no STRING match,2410,2813,1,1
1711,fig|6666666.1036479.peg.866,fig|6666666.1036479.peg.2106,0.8788500428199768,0.0034739141734074002,High,High,High–High,,Hypothetical protein.,0,no STRING match,secondary STRING hit (STRING protein assigned to a better match),2667,2959,1,1
1712,fig|6666666.1036479.peg.2988,fig|6666666.1036479.peg.2106,0.8788007974624634,0.0034759445148296137,Medium,High,Medium–High,Hypothetical protein.,Hypothetical protein.,0,secondary STRING hit (STRING protein assigned to a better match),secondary STRING hit (STRING protein assigned to a better match),2416,2959,1,1
1713,fig|6666666.1036479.peg.2548,fig|6666666.1036479.peg.40,0.8787676811218261,0.0034779748562518273,High,Very Low,Very Low–High,,,0,no STRING match,no STRING match,2298,2528,1,2
1714,fig|6666666.1036479.peg.2548,fig|6666666.1036479.peg.188,0.8787676811218261,0.0034800051976740408,High,Very Low,Very Low–High,,,0,no STRING match,no STRING match,2298,2528,1,2
1715,fig|6666666.1036479.peg.2948,fig|6666666.1036479.peg.36,0.87874516248703,0.0034820355390962543,High,Medium,Medium–High,,,0,no STRING match,no STRING match,2410,2524,1,2
1716,fig|6666666.1036479.peg.2948,fig|6666666.1036479.peg.184,0.87874516248703,0.003484065880518468,High,Medium,Medium–High,,,0,no STRING match,no STRING match,2410,2524,1,2
1717,fig|6666666.1036479.peg.2520,fig|6666666.1036479.peg.881,0.8787246227264405,0.0034860962219406817,Very Low,High,Very Low–High,,,0,no STRING match,no STRING match,2280,2674,1,1
1718,fig|6666666.1036479.peg.74,fig|6666666.1036479.peg.861,0.8787245154380798,0.003488126563362895,Very Low,High,Very Low–High,,,0,no STRING match,no STRING match,2538,2665,1,1
1719,fig|6666666.1036479.peg.2814,fig|6666666.1036479.peg.881,0.8787239968776703,0.0034901569047851087,Very Low,High,Very Low–High,,,0,no STRING match,no STRING match,2358,2674,1,1
1720,fig|6666666.1036479.peg.2679,fig|6666666.1036479.peg.89,0.8787103235721588,0.0034921872462073222,Medium,Very Low,Very Low–Medium,,,0,no STRING match,no STRING match,2342,2542,1,1
1721,fig|6666666.1036479.peg.2948,fig|6666666.1036479.peg.3191,0.878696060180664,0.0034942175876295357,High,Medium,Medium–High,,,0,no STRING match,no STRING match,2410,2464,1,1
1722,fig|6666666.1036479.peg.2548,fig|6666666.1036479.peg.1,0.8786840498447418,0.0034962479290517492,High,Very Low,Very Low–High,,,0,no STRING match,no STRING match,2298,2509,1,1
1723,fig|6666666.1036479.peg.3020,fig|6666666.1036479.peg.723,0.878663158416748,0.0034982782704739627,Low,High,Low–High,,,0,no STRING match,no STRING match,2433,2634,1,1
1724,fig|6666666.1036479.peg.289,fig|6666666.1036479.peg.411,0.8786342084407807,0.0035003086118961767,High,Low,Low–High,Hypothetical protein.,Hypothetical protein.,0,secondary STRING hit (STRING protein assigned to a better match),secondary STRING hit (STRING protein assigned to a better match),2559,2585,1,1
1725,fig|6666666.1036479.peg.3231,fig|6666666.1036479.peg.942,0.8786197960376739,0.00350233895331839,Very Low,Very Low,Very Low–Very Low,,,0,no STRING match,no STRING match,2482,2691,2,1
1726,fig|6666666.1036479.peg.147,fig|6666666.1036479.peg.942,0.8786197960376739,0.0035043692947406037,Very Low,Very Low,Very Low–Very Low,,,0,no STRING match,no STRING match,2482,2691,2,1
1727,fig|6666666.1036479.peg.2548,fig|6666666.1036479.peg.2327,0.8786180138587951,0.003506399636162817,High,Medium,Medium–High,,,0,no STRING match,no STRING match,2298,3016,1,1
1728,fig|6666666.1036479.peg.861,fig|6666666.1036479.peg.1494,0.8785752117633819,0.0035084299775850307,High,Very Low,Very Low–High,,,0,no STRING match,no STRING match,2665,2824,1,1
1729,fig|6666666.1036479.peg.3077,fig|6666666.1036479.peg.1080,0.8785343647003174,0.003510460319007244,Medium,High,Medium–High,,,0,no STRING match,no STRING match,2440,2712,1,1
1730,fig|6666666.1036479.peg.866,fig|6666666.1036479.peg.2497,0.8785294532775879,0.0035124906604294577,High,Very Low,Very Low–High,,,0,no STRING match,no STRING match,2667,3047,1,1
1731,fig|6666666.1036479.peg.3017,fig|6666666.1036479.peg.2025,0.8784893989562989,0.003514521001851671,Medium,Very Low,Very Low–Medium,,,0,no STRING match,no STRING match,2430,2950,1,1
1732,fig|6666666.1036479.peg.2761,fig|6666666.1036479.peg.2364,0.8784837365150452,0.003516551343273885,Low,Medium,Low–Medium,,,0,no STRING match,no STRING match,2352,3022,1,1
1733,fig|6666666.1036479.peg.36,fig|6666666.1036479.peg.866,0.8784676373004914,0.0035185816846960987,Medium,High,Medium–High,,,0,no STRING match,no STRING match,2524,2667,2,1
1734,fig|6666666.1036479.peg.184,fig|6666666.1036479.peg.866,0.8784676373004914,0.003520612026118312,Medium,High,Medium–High,,,0,no STRING match,no STRING match,2524,2667,2,1
1735,fig|6666666.1036479.peg.1080,fig|6666666.1036479.peg.1416,0.8784436285495758,0.0035226423675405257,High,Medium,Medium–High,,,0,no STRING match,no STRING match,2712,2817,1,1
1736,fig|6666666.1036479.peg.3017,fig|6666666.1036479.peg.1289,0.8784405171871186,0.003524672708962739,Medium,Very Low,Very Low–Medium,,,0,no STRING match,no STRING match,2430,2762,1,1
1737,fig|6666666.1036479.peg.411,fig|6666666.1036479.peg.770,0.8784290611743927,0.0035267030503849527,Low,Very Low,Very Low–Low,Hypothetical protein.,,0,secondary STRING hit (STRING protein assigned to a better match),no STRING match,2585,2656,1,1
1738,fig|6666666.1036479.peg.861,fig|6666666.1036479.peg.2158,0.8784100174903869,0.003528733391807166,High,Very Low,Very Low–High,,,0,no STRING match,no STRING match,2665,2979,1,1
1739,fig|6666666.1036479.peg.2547,fig|6666666.1036479.peg.2960,0.8783946514129639,0.0035307637332293797,Medium,Low,Low–Medium,,,0,no STRING match,no STRING match,2297,2412,1,1
1740,fig|6666666.1036479.peg.866,fig|6666666.1036479.peg.1617,0.8783712804317474,0.0035327940746515936,High,Low,Low–High,,,0,no STRING match,no STRING match,2667,2864,1,2
1741,fig|6666666.1036479.peg.866,fig|6666666.1036479.peg.1625,0.8783712804317474,0.003534824416073807,High,Low,Low–High,,,0,no STRING match,no STRING match,2667,2864,1,2
1742,fig|6666666.1036479.peg.3184,fig|6666666.1036479.peg.2092,0.878363960981369,0.0035368547574960206,Very Low,Medium,Very Low–Medium,,,0,no STRING match,no STRING match,2457,2954,1,1
1743,fig|6666666.1036479.peg.2920,fig|6666666.1036479.peg.1946,0.8783617138862609,0.003538885098918234,Very Low,Medium,Very Low–Medium,,,0,no STRING match,no STRING match,2397,2929,1,1
1744,fig|6666666.1036479.peg.2960,fig|6666666.1036479.peg.1074,0.8783577859401703,0.0035409154403404476,Low,High,Low–High,,,0,no STRING match,no STRING match,2412,2706,1,1
1745,fig|6666666.1036479.peg.411,fig|6666666.1036479.peg.2289,0.8783403217792511,0.003542945781762661,Low,Very Low,Very Low–Low,Hypothetical protein.,,0,secondary STRING hit (STRING protein assigned to a better match),no STRING match,2585,3006,1,1
1746,fig|6666666.1036479.peg.411,fig|6666666.1036479.peg.723,0.8782903492450714,0.0035449761231848747,Low,High,Low–High,Hypothetical protein.,,0,secondary STRING hit (STRING protein assigned to a better match),no STRING match,2585,2634,1,1
1747,fig|6666666.1036479.peg.303,fig|6666666.1036479.peg.1966,0.8782881557941437,0.003547006464607088,Very Low,Very Low,Very Low–Very Low,,,0,no STRING match,no STRING match,2564,2946,3,1
1748,fig|6666666.1036479.peg.305,fig|6666666.1036479.peg.1966,0.8782881557941437,0.003549036806029302,Very Low,Very Low,Very Low–Very Low,,,0,no STRING match,no STRING match,2564,2946,3,1
1749,fig|6666666.1036479.peg.311,fig|6666666.1036479.peg.1966,0.8782881557941437,0.0035510671474515156,Very Low,Very Low,Very Low–Very Low,,,0,no STRING match,no STRING match,2564,2946,3,1
1750,fig|6666666.1036479.peg.2809,fig|6666666.1036479.peg.861,0.8782770335674286,0.003553097488873729,Very Low,High,Very Low–High,,,0,no STRING match,no STRING match,2357,2665,1,1
1751,fig|6666666.1036479.peg.2532,fig|6666666.1036479.peg.3017,0.8782522141933441,0.0035551278302959426,Low,Medium,Low–Medium,,,0,no STRING match,no STRING match,2284,2430,4,1
1752,fig|6666666.1036479.peg.3017,fig|6666666.1036479.peg.3171,0.8782522141933441,0.003557158171718156,Medium,Low,Low–Medium,,,0,no STRING match,no STRING match,2430,2284,1,4
1753,fig|6666666.1036479.peg.3017,fig|6666666.1036479.peg.987,0.8782522141933441,0.0035591885131403696,Medium,Low,Low–Medium,,,0,no STRING match,no STRING match,2430,2284,1,4
1754,fig|6666666.1036479.peg.3017,fig|6666666.1036479.peg.2492,0.8782522141933441,0.003561218854562583,Medium,Low,Low–Medium,,,0,no STRING match,no STRING match,2430,2284,1,4
1755,fig|6666666.1036479.peg.3078,fig|6666666.1036479.peg.861,0.8782059252262115,0.0035632491959847966,Medium,High,Medium–High,,,0,no STRING match,no STRING match,2441,2665,1,1
1756,fig|6666666.1036479.peg.2509,fig|6666666.1036479.peg.2960,0.878184723854065,0.0035652795374070106,Very Low,Low,Very Low–Low,,,0,no STRING match,no STRING match,2273,2412,15,1
1757,fig|6666666.1036479.peg.2513,fig|6666666.1036479.peg.2960,0.878184723854065,0.003567309878829224,Very Low,Low,Very Low–Low,,,0,no STRING match,no STRING match,2273,2412,15,1
1758,fig|6666666.1036479.peg.2519,fig|6666666.1036479.peg.2960,0.878184723854065,0.0035693402202514376,Very Low,Low,Very Low–Low,,,0,no STRING match,no STRING match,2273,2412,15,1
1759,fig|6666666.1036479.peg.2526,fig|6666666.1036479.peg.2960,0.878184723854065,0.003571370561673651,Very Low,Low,Very Low–Low,,,0,no STRING match,no STRING match,2273,2412,15,1
1760,fig|6666666.1036479.peg.2530,fig|6666666.1036479.peg.2960,0.878184723854065,0.0035734009030958646,Very Low,Low,Very Low–Low,,,0,no STRING match,no STRING match,2273,2412,15,1
1761,fig|6666666.1036479.peg.2534,fig|6666666.1036479.peg.2960,0.878184723854065,0.003575431244518078,Very Low,Low,Very Low–Low,,,0,no STRING match,no STRING match,2273,2412,15,1
1762,fig|6666666.1036479.peg.2960,fig|6666666.1036479.peg.3173,0.878184723854065,0.0035774615859402916,Low,Very Low,Very Low–Low,,,0,no STRING match,no STRING match,2412,2273,1,15
1763,fig|6666666.1036479.peg.2960,fig|6666666.1036479.peg.971,0.878184723854065,0.003579491927362505,Low,Very Low,Very Low–Low,,,0,no STRING match,no STRING match,2412,2273,1,15
1764,fig|6666666.1036479.peg.2960,fig|6666666.1036479.peg.976,0.878184723854065,0.003581522268784719,Low,Very Low,Very Low–Low,,,0,no STRING match,no STRING match,2412,2273,1,15
1765,fig|6666666.1036479.peg.2960,fig|6666666.1036479.peg.981,0.878184723854065,0.0035835526102069326,Low,Very Low,Very Low–Low,,,0,no STRING match,no STRING match,2412,2273,1,15
1766,fig|6666666.1036479.peg.2960,fig|6666666.1036479.peg.985,0.878184723854065,0.003585582951629146,Low,Very Low,Very Low–Low,,,0,no STRING match,no STRING match,2412,2273,1,15
1767,fig|6666666.1036479.peg.2960,fig|6666666.1036479.peg.989,0.878184723854065,0.0035876132930513596,Low,Very Low,Very Low–Low,,,0,no STRING match,no STRING match,2412,2273,1,15
1768,fig|6666666.1036479.peg.2960,fig|6666666.1036479.peg.2489,0.878184723854065,0.003589643634473573,Low,Very Low,Very Low–Low,,,0,no STRING match,no STRING match,2412,2273,1,15
1769,fig|6666666.1036479.peg.2960,fig|6666666.1036479.peg.2494,0.878184723854065,0.0035916739758957866,Low,Very Low,Very Low–Low,,,0,no STRING match,no STRING match,2412,2273,1,15
1770,fig|6666666.1036479.peg.2960,fig|6666666.1036479.peg.2498,0.878184723854065,0.003593704317318,Low,Very Low,Very Low–Low,,,0,no STRING match,no STRING match,2412,2273,1,15
1771,fig|6666666.1036479.peg.370,fig|6666666.1036479.peg.1706,0.8781308948993682,0.0035957346587402136,High,Very Low,Very Low–High,,,0,no STRING match,no STRING match,2579,2886,1,1
1772,fig|6666666.1036479.peg.236,fig|6666666.1036479.peg.370,0.878121554851532,0.0035977650001624275,Very Low,High,Very Low–High,,,0,no STRING match,no STRING match,2552,2579,1,1
1773,fig|6666666.1036479.peg.38,fig|6666666.1036479.peg.719,0.8781202614307404,0.003599795341584641,Low,Medium,Low–Medium,,,0,no STRING match,no STRING match,2526,2630,2,1
1774,fig|6666666.1036479.peg.186,fig|6666666.1036479.peg.719,0.8781202614307404,0.0036018256830068545,Low,Medium,Low–Medium,,,0,no STRING match,no STRING match,2526,2630,2,1
1775,fig|6666666.1036479.peg.3191,fig|6666666.1036479.peg.573,0.8781111180782318,0.003603856024429068,Medium,Very Low,Very Low–Medium,,Hypothetical protein.,0,no STRING match,secondary STRING hit (STRING protein assigned to a better match),2464,2601,1,1
1776,fig|6666666.1036479.peg.3188,fig|6666666.1036479.peg.411,0.8781011521816253,0.0036058863658512815,Medium,Low,Low–Medium,,Hypothetical protein.,0,no STRING match,secondary STRING hit (STRING protein assigned to a better match),2461,2585,1,1
1777,fig|6666666.1036479.peg.2814,fig|6666666.1036479.peg.1300,0.8780989170074462,0.003607916707273495,Very Low,Low,Very Low–Low,,,0,no STRING match,no STRING match,2358,2763,1,1
1778,fig|6666666.1036479.peg.2855,fig|6666666.1036479.peg.411,0.878092908859253,0.0036099470486957086,Very Low,Low,Very Low–Low,,Hypothetical protein.,0,no STRING match,secondary STRING hit (STRING protein assigned to a better match),2374,2585,1,1
1779,fig|6666666.1036479.peg.2672,fig|6666666.1036479.peg.40,0.8780543029308319,0.003611977390117922,Medium,Very Low,Very Low–Medium,,,0,no STRING match,no STRING match,2341,2528,1,2
1780,fig|6666666.1036479.peg.2672,fig|6666666.1036479.peg.188,0.8780543029308319,0.003614007731540136,Medium,Very Low,Very Low–Medium,,,0,no STRING match,no STRING match,2341,2528,1,2
1781,fig|6666666.1036479.peg.2929,fig|6666666.1036479.peg.1300,0.878050684928894,0.0036160380729623495,Very Low,Low,Very Low–Low,Hypothetical protein.,,0,secondary STRING hit (STRING protein assigned to a better match),no STRING match,2404,2763,1,1
1782,fig|6666666.1036479.peg.3191,fig|6666666.1036479.peg.2364,0.8780323684215545,0.003618068414384563,Medium,Medium,Medium–Medium,,,0,no STRING match,no STRING match,2464,3022,1,1
1783,fig|6666666.1036479.peg.3020,fig|6666666.1036479.peg.1409,0.8780004143714905,0.0036200987558067765,Low,Medium,Low–Medium,,,0,no STRING match,no STRING match,2433,2812,1,1
1784,fig|6666666.1036479.peg.370,fig|6666666.1036479.peg.740,0.8779543995857239,0.00362212909722899,High,Very Low,Very Low–High,,,0,no STRING match,no STRING match,2579,2651,1,1
1785,fig|6666666.1036479.peg.89,fig|6666666.1036479.peg.2025,0.8778797924518585,0.0036241594386512035,Very Low,Very Low,Very Low–Very Low,,,0,no STRING match,no STRING match,2542,2950,1,1
1786,fig|6666666.1036479.peg.861,fig|6666666.1036479.peg.1377,0.8778788268566131,0.003626189780073417,High,Very Low,Very Low–High,,,0,no STRING match,no STRING match,2665,2809,1,1
1787,fig|6666666.1036479.peg.1,fig|6666666.1036479.peg.1289,0.8778630673885346,0.0036282201214956305,Very Low,Very Low,Very Low–Very Low,,,0,no STRING match,no STRING match,2509,2762,1,1
1788,fig|6666666.1036479.peg.2548,fig|6666666.1036479.peg.1447,0.8778416633605957,0.0036302504629178445,High,Low,Low–High,,,0,no STRING match,no STRING match,2298,2821,1,1
1789,fig|6666666.1036479.peg.2761,fig|6666666.1036479.peg.861,0.8778385043144226,0.003632280804340058,Low,High,Low–High,,,0,no STRING match,no STRING match,2352,2665,1,1
1790,fig|6666666.1036479.peg.3010,fig|6666666.1036479.peg.725,0.8778352558612823,0.0036343111457622715,Low,Very Low,Very Low–Low,,,0,no STRING match,no STRING match,2425,2636,1,1
1791,fig|6666666.1036479.peg.866,fig|6666666.1036479.peg.1655,0.8778095841407776,0.003636341487184485,High,Medium,Medium–High,,,0,no STRING match,no STRING match,2667,2882,1,1
1792,fig|6666666.1036479.peg.2960,fig|6666666.1036479.peg.3142,0.8778042674064637,0.0036383718286066985,Low,Low,Low–Low,,,0,no STRING match,no STRING match,2412,2448,1,1
1793,fig|6666666.1036479.peg.3028,fig|6666666.1036479.peg.411,0.8777872562408447,0.003640402170028912,High,Low,Low–High,Hypothetical protein; COG0697 Permeases of the drug/metabolite transporter (DMT) superfamily.,Hypothetical protein.,0,secondary STRING hit (STRING protein assigned to a better match),secondary STRING hit (STRING protein assigned to a better match),2435,2585,1,1
1794,fig|6666666.1036479.peg.2987,fig|6666666.1036479.peg.3231,0.8777637541294098,0.0036424325114511255,Very Low,Very Low,Very Low–Very Low,,,0,no STRING match,no STRING match,2415,2482,1,2
1795,fig|6666666.1036479.peg.2987,fig|6666666.1036479.peg.147,0.8777637541294098,0.003644462852873339,Very Low,Very Low,Very Low–Very Low,,,0,no STRING match,no STRING match,2415,2482,1,2
1796,fig|6666666.1036479.peg.2948,fig|6666666.1036479.peg.2405,0.8777606725692749,0.003646493194295553,High,Medium,Medium–High,,Hypothetical protein; COG0605 Superoxide dismutase.,0,no STRING match,secondary STRING hit (STRING protein assigned to a better match),2410,3029,1,1
1797,fig|6666666.1036479.peg.2814,fig|6666666.1036479.peg.866,0.8777567744255066,0.0036485235357177665,Very Low,High,Very Low–High,,,0,no STRING match,no STRING match,2358,2667,1,1
1798,fig|6666666.1036479.peg.881,fig|6666666.1036479.peg.1704,0.8777519226074219,0.00365055387713998,High,Very Low,Very Low–High,,,0,no STRING match,no STRING match,2674,2885,1,1
1799,fig|6666666.1036479.peg.740,fig|6666666.1036479.peg.866,0.8777490079402923,0.0036525842185621935,Very Low,High,Very Low–High,,,0,no STRING match,no STRING match,2651,2667,1,1
1800,fig|6666666.1036479.peg.2510,fig|6666666.1036479.peg.866,0.8777465224266052,0.003654614559984407,Very Low,High,Very Low–High,,,0,no STRING match,no STRING match,2274,2667,12,1
1801,fig|6666666.1036479.peg.2527,fig|6666666.1036479.peg.866,0.8777465224266052,0.0036566449014066205,Very Low,High,Very Low–High,,,0,no STRING match,no STRING match,2274,2667,12,1
1802,fig|6666666.1036479.peg.2531,fig|6666666.1036479.peg.866,0.8777465224266052,0.003658675242828834,Very Low,High,Very Low–High,,,0,no STRING match,no STRING match,2274,2667,12,1
1803,fig|6666666.1036479.peg.3174,fig|6666666.1036479.peg.866,0.8777465224266052,0.0036607055842510475,Very Low,High,Very Low–High,,,0,no STRING match,no STRING match,2274,2667,12,1
1804,fig|6666666.1036479.peg.866,fig|6666666.1036479.peg.970,0.8777465224266052,0.0036627359256732614,High,Very Low,Very Low–High,,,0,no STRING match,no STRING match,2667,2274,1,12
1805,fig|6666666.1036479.peg.866,fig|6666666.1036479.peg.975,0.8777465224266052,0.003664766267095475,High,Very Low,Very Low–High,,,0,no STRING match,no STRING match,2667,2274,1,12
1806,fig|6666666.1036479.peg.866,fig|6666666.1036479.peg.980,0.8777465224266052,0.0036667966085176884,High,Very Low,Very Low–High,,,0,no STRING match,no STRING match,2667,2274,1,12
1807,fig|6666666.1036479.peg.866,fig|6666666.1036479.peg.984,0.8777465224266052,0.003668826949939902,High,Very Low,Very Low–High,,,0,no STRING match,no STRING match,2667,2274,1,12
1808,fig|6666666.1036479.peg.866,fig|6666666.1036479.peg.988,0.8777465224266052,0.0036708572913621155,High,Very Low,Very Low–High,,,0,no STRING match,no STRING match,2667,2274,1,12
1809,fig|6666666.1036479.peg.866,fig|6666666.1036479.peg.2490,0.8777465224266052,0.003672887632784329,High,Very Low,Very Low–High,,,0,no STRING match,no STRING match,2667,2274,1,12
1810,fig|6666666.1036479.peg.866,fig|6666666.1036479.peg.2495,0.8777465224266052,0.0036749179742065425,High,Very Low,Very Low–High,,,0,no STRING match,no STRING match,2667,2274,1,12
1811,fig|6666666.1036479.peg.866,fig|6666666.1036479.peg.2499,0.8777465224266052,0.003676948315628756,High,Very Low,Very Low–High,,,0,no STRING match,no STRING match,2667,2274,1,12
1812,fig|6666666.1036479.peg.303,fig|6666666.1036479.peg.1602,0.877725750207901,0.00367897865705097,Very Low,Very Low,Very Low–Very Low,,,0,no STRING match,no STRING match,2564,2860,3,2
1813,fig|6666666.1036479.peg.303,fig|6666666.1036479.peg.1609,0.877725750207901,0.0036810089984731834,Very Low,Very Low,Very Low–Very Low,,,0,no STRING match,no STRING match,2564,2860,3,2
1814,fig|6666666.1036479.peg.305,fig|6666666.1036479.peg.1602,0.877725750207901,0.003683039339895397,Very Low,Very Low,Very Low–Very Low,,,0,no STRING match,no STRING match,2564,2860,3,2
1815,fig|6666666.1036479.peg.305,fig|6666666.1036479.peg.1609,0.877725750207901,0.0036850696813176104,Very Low,Very Low,Very Low–Very Low,,,0,no STRING match,no STRING match,2564,2860,3,2
1816,fig|6666666.1036479.peg.311,fig|6666666.1036479.peg.1602,0.877725750207901,0.003687100022739824,Very Low,Very Low,Very Low–Very Low,,,0,no STRING match,no STRING match,2564,2860,3,2
1817,fig|6666666.1036479.peg.311,fig|6666666.1036479.peg.1609,0.877725750207901,0.0036891303641620374,Very Low,Very Low,Very Low–Very Low,,,0,no STRING match,no STRING match,2564,2860,3,2
1818,fig|6666666.1036479.peg.2510,fig|6666666.1036479.peg.861,0.8777146816253663,0.003691160705584251,Very Low,High,Very Low–High,,,0,no STRING match,no STRING match,2274,2665,12,1
1819,fig|6666666.1036479.peg.2527,fig|6666666.1036479.peg.861,0.8777146816253663,0.0036931910470064644,Very Low,High,Very Low–High,,,0,no STRING match,no STRING match,2274,2665,12,1
1820,fig|6666666.1036479.peg.2531,fig|6666666.1036479.peg.861,0.8777146816253663,0.0036952213884286784,Very Low,High,Very Low–High,,,0,no STRING match,no STRING match,2274,2665,12,1
1821,fig|6666666.1036479.peg.3174,fig|6666666.1036479.peg.861,0.8777146816253663,0.003697251729850892,Very Low,High,Very Low–High,,,0,no STRING match,no STRING match,2274,2665,12,1
1822,fig|6666666.1036479.peg.861,fig|6666666.1036479.peg.970,0.8777146816253663,0.0036992820712731054,High,Very Low,Very Low–High,,,0,no STRING match,no STRING match,2665,2274,1,12
1823,fig|6666666.1036479.peg.861,fig|6666666.1036479.peg.975,0.8777146816253663,0.003701312412695319,High,Very Low,Very Low–High,,,0,no STRING match,no STRING match,2665,2274,1,12
1824,fig|6666666.1036479.peg.861,fig|6666666.1036479.peg.980,0.8777146816253663,0.0037033427541175324,High,Very Low,Very Low–High,,,0,no STRING match,no STRING match,2665,2274,1,12
1825,fig|6666666.1036479.peg.861,fig|6666666.1036479.peg.984,0.8777146816253663,0.003705373095539746,High,Very Low,Very Low–High,,,0,no STRING match,no STRING match,2665,2274,1,12
1826,fig|6666666.1036479.peg.861,fig|6666666.1036479.peg.988,0.8777146816253663,0.0037074034369619594,High,Very Low,Very Low–High,,,0,no STRING match,no STRING match,2665,2274,1,12
1827,fig|6666666.1036479.peg.861,fig|6666666.1036479.peg.2490,0.8777146816253663,0.003709433778384173,High,Very Low,Very Low–High,,,0,no STRING match,no STRING match,2665,2274,1,12
1828,fig|6666666.1036479.peg.861,fig|6666666.1036479.peg.2495,0.8777146816253663,0.003711464119806387,High,Very Low,Very Low–High,,,0,no STRING match,no STRING match,2665,2274,1,12
1829,fig|6666666.1036479.peg.861,fig|6666666.1036479.peg.2499,0.8777146816253663,0.0037134944612286004,High,Very Low,Very Low–High,,,0,no STRING match,no STRING match,2665,2274,1,12
1830,fig|6666666.1036479.peg.866,fig|6666666.1036479.peg.887,0.877678394317627,0.003715524802650814,High,Medium,Medium–High,,,0,no STRING match,no STRING match,2667,2680,1,1
1831,fig|6666666.1036479.peg.1409,fig|6666666.1036479.peg.1947,0.8776528358459472,0.0037175551440730274,Medium,Medium,Medium–Medium,,,0,no STRING match,no STRING match,2812,2930,1,1
1832,fig|6666666.1036479.peg.2679,fig|6666666.1036479.peg.38,0.8776257455348968,0.003719585485495241,Medium,Low,Low–Medium,,,0,no STRING match,no STRING match,2342,2526,1,2
1833,fig|6666666.1036479.peg.2679,fig|6666666.1036479.peg.186,0.8776257455348968,0.0037216158269174544,Medium,Low,Low–Medium,,,0,no STRING match,no STRING match,2342,2526,1,2
1834,fig|6666666.1036479.peg.2505,fig|6666666.1036479.peg.881,0.8776165544986725,0.003723646168339668,Very Low,High,Very Low–High,,,0,no STRING match,no STRING match,2269,2674,1,1
1835,fig|6666666.1036479.peg.861,fig|6666666.1036479.peg.1265,0.8775854110717773,0.0037256765097618814,High,Low,Low–High,,,0,no STRING match,no STRING match,2665,2760,1,1
1836,fig|6666666.1036479.peg.3079,fig|6666666.1036479.peg.370,0.8775819003582,0.0037277068511840953,Very Low,High,Very Low–High,,,0,no STRING match,no STRING match,2442,2579,1,1
1837,fig|6666666.1036479.peg.2672,fig|6666666.1036479.peg.1604,0.8775688827037811,0.003729737192606309,Medium,Very Low,Very Low–Medium,,YD repeat-containing protein; COG3209 Rhs family protein.,0,no STRING match,secondary STRING hit (STRING protein assigned to a better match),2341,2862,1,2
1838,fig|6666666.1036479.peg.2672,fig|6666666.1036479.peg.1611,0.8775688827037811,0.0037317675340285223,Medium,Very Low,Very Low–Medium,,YD repeat-containing protein; COG3209 Rhs family protein.,0,no STRING match,secondary STRING hit (STRING protein assigned to a better match),2341,2862,1,2
1839,fig|6666666.1036479.peg.2540,fig|6666666.1036479.peg.866,0.8775554001331329,0.003733797875450736,Medium,High,Medium–High,,,0,no STRING match,no STRING match,2290,2667,1,1
1840,fig|6666666.1036479.peg.2504,fig|6666666.1036479.peg.2524,0.8775271773338318,0.0037358282168729494,Very Low,Low,Very Low–Low,,,0,no STRING match,no STRING match,2268,2283,1,1
1841,fig|6666666.1036479.peg.866,fig|6666666.1036479.peg.1857,0.8774997174739838,0.003737858558295163,High,Medium,Medium–High,,,0,no STRING match,no STRING match,2667,2910,1,1
1842,fig|6666666.1036479.peg.1074,fig|6666666.1036479.peg.1566,0.8774852454662323,0.0037398888997173764,High,High,High–High,,,0,no STRING match,no STRING match,2706,2838,1,1
1843,fig|6666666.1036479.peg.2929,fig|6666666.1036479.peg.2114,0.8774724483489991,0.00374191924113959,Very Low,Very Low,Very Low–Very Low,Hypothetical protein.,"COG1629 Outer membrane receptor proteins, mostly Fe transport.",0,secondary STRING hit (STRING protein assigned to a better match),secondary STRING hit (STRING protein assigned to a better match),2404,2964,1,1
1844,fig|6666666.1036479.peg.2672,fig|6666666.1036479.peg.281,0.8774684607982636,0.003743949582561804,Medium,Very Low,Very Low–Medium,,,0,no STRING match,no STRING match,2341,2558,1,1
1845,fig|6666666.1036479.peg.3010,fig|6666666.1036479.peg.2348,0.8774326562881469,0.0037459799239840173,Low,High,Low–High,,,0,no STRING match,no STRING match,2425,3019,1,1
1846,fig|6666666.1036479.peg.3231,fig|6666666.1036479.peg.2025,0.8774129688739777,0.003748010265406231,Very Low,Very Low,Very Low–Very Low,,,0,no STRING match,no STRING match,2482,2950,2,1
1847,fig|6666666.1036479.peg.147,fig|6666666.1036479.peg.2025,0.8774129688739777,0.0037500406068284443,Very Low,Very Low,Very Low–Very Low,,,0,no STRING match,no STRING match,2482,2950,2,1
1848,fig|6666666.1036479.peg.1946,fig|6666666.1036479.peg.2092,0.8774089813232422,0.003752070948250658,Medium,Medium,Medium–Medium,,,0,no STRING match,no STRING match,2929,2954,1,1
1849,fig|6666666.1036479.peg.887,fig|6666666.1036479.peg.1947,0.8773997306823731,0.0037541012896728713,Medium,Medium,Medium–Medium,,,0,no STRING match,no STRING match,2680,2930,1,1
1850,fig|6666666.1036479.peg.1946,fig|6666666.1036479.peg.2364,0.8773953735828399,0.003756131631095085,Medium,Medium,Medium–Medium,,,0,no STRING match,no STRING match,2929,3022,1,1
1851,fig|6666666.1036479.peg.2855,fig|6666666.1036479.peg.866,0.8773759245872498,0.0037581619725172983,Very Low,High,Very Low–High,,,0,no STRING match,no STRING match,2374,2667,1,1
1852,fig|6666666.1036479.peg.2929,fig|6666666.1036479.peg.2436,0.877356481552124,0.0037601923139395123,Very Low,Medium,Very Low–Medium,Hypothetical protein.,,0,secondary STRING hit (STRING protein assigned to a better match),no STRING match,2404,3033,1,1
1853,fig|6666666.1036479.peg.2960,fig|6666666.1036479.peg.3213,0.8773486971855163,0.003762222655361726,Low,Very Low,Very Low–Low,,,0,no STRING match,no STRING match,2412,2470,1,1
1854,fig|6666666.1036479.peg.3223,fig|6666666.1036479.peg.1289,0.8773459792137146,0.0037642529967839393,High,Very Low,Very Low–High,,,0,no STRING match,no STRING match,2474,2762,2,1
1855,fig|6666666.1036479.peg.139,fig|6666666.1036479.peg.1289,0.8773459792137146,0.003766283338206153,High,Very Low,Very Low–High,,,0,no STRING match,no STRING match,2474,2762,2,1
1856,fig|6666666.1036479.peg.2548,fig|6666666.1036479.peg.2944,0.8773048758506775,0.0037683136796283663,High,Low,Low–High,,,0,no STRING match,no STRING match,2298,2407,1,1
1857,fig|6666666.1036479.peg.3142,fig|6666666.1036479.peg.3231,0.877280843257904,0.00377034402105058,Low,Very Low,Very Low–Low,,,0,no STRING match,no STRING match,2448,2482,1,2
1858,fig|6666666.1036479.peg.3142,fig|6666666.1036479.peg.147,0.877280843257904,0.0037723743624727933,Low,Very Low,Very Low–Low,,,0,no STRING match,no STRING match,2448,2482,1,2
1859,fig|6666666.1036479.peg.236,fig|6666666.1036479.peg.2092,0.8772593259811401,0.003774404703895007,Very Low,Medium,Very Low–Medium,,,0,no STRING match,no STRING match,2552,2954,1,1
1860,fig|6666666.1036479.peg.2505,fig|6666666.1036479.peg.2672,0.8772470355033875,0.0037764350453172208,Very Low,Medium,Very Low–Medium,,,0,no STRING match,no STRING match,2269,2341,1,1
1861,fig|6666666.1036479.peg.307,fig|6666666.1036479.peg.1966,0.8772346019744873,0.0037784653867394343,Very Low,Very Low,Very Low–Very Low,,,0,no STRING match,no STRING match,2567,2946,1,1
1862,fig|6666666.1036479.peg.866,fig|6666666.1036479.peg.2347,0.8772143125534058,0.0037804957281616478,High,Low,Low–High,,,0,no STRING match,no STRING match,2667,3018,1,1
1863,fig|6666666.1036479.peg.3017,fig|6666666.1036479.peg.391,0.8771697163581849,0.0037825260695838613,Medium,Medium,Medium–Medium,,,0,no STRING match,no STRING match,2430,2580,1,1
1864,fig|6666666.1036479.peg.3077,fig|6666666.1036479.peg.861,0.8771183252334595,0.0037845564110060748,Medium,High,Medium–High,,,0,no STRING match,no STRING match,2440,2665,1,1
1865,fig|6666666.1036479.peg.1128,fig|6666666.1036479.peg.1565,0.8771018266677857,0.0037865867524282883,Very Low,Very Low,Very Low–Very Low,,,0,no STRING match,no STRING match,2744,2837,1,1
1866,fig|6666666.1036479.peg.2510,fig|6666666.1036479.peg.370,0.8770887970924377,0.003788617093850502,Very Low,High,Very Low–High,,,0,no STRING match,no STRING match,2274,2579,12,1
1867,fig|6666666.1036479.peg.2527,fig|6666666.1036479.peg.370,0.8770887970924377,0.0037906474352727153,Very Low,High,Very Low–High,,,0,no STRING match,no STRING match,2274,2579,12,1
1868,fig|6666666.1036479.peg.2531,fig|6666666.1036479.peg.370,0.8770887970924377,0.0037926777766949292,Very Low,High,Very Low–High,,,0,no STRING match,no STRING match,2274,2579,12,1
1869,fig|6666666.1036479.peg.3174,fig|6666666.1036479.peg.370,0.8770887970924377,0.0037947081181171427,Very Low,High,Very Low–High,,,0,no STRING match,no STRING match,2274,2579,12,1
1870,fig|6666666.1036479.peg.370,fig|6666666.1036479.peg.970,0.8770887970924377,0.0037967384595393562,High,Very Low,Very Low–High,,,0,no STRING match,no STRING match,2579,2274,1,12
1871,fig|6666666.1036479.peg.370,fig|6666666.1036479.peg.975,0.8770887970924377,0.0037987688009615697,High,Very Low,Very Low–High,,,0,no STRING match,no STRING match,2579,2274,1,12
1872,fig|6666666.1036479.peg.370,fig|6666666.1036479.peg.980,0.8770887970924377,0.0038007991423837833,High,Very Low,Very Low–High,,,0,no STRING match,no STRING match,2579,2274,1,12
1873,fig|6666666.1036479.peg.370,fig|6666666.1036479.peg.984,0.8770887970924377,0.0038028294838059968,High,Very Low,Very Low–High,,,0,no STRING match,no STRING match,2579,2274,1,12
1874,fig|6666666.1036479.peg.370,fig|6666666.1036479.peg.988,0.8770887970924377,0.0038048598252282103,High,Very Low,Very Low–High,,,0,no STRING match,no STRING match,2579,2274,1,12
1875,fig|6666666.1036479.peg.370,fig|6666666.1036479.peg.2490,0.8770887970924377,0.0038068901666504238,High,Very Low,Very Low–High,,,0,no STRING match,no STRING match,2579,2274,1,12
1876,fig|6666666.1036479.peg.370,fig|6666666.1036479.peg.2495,0.8770887970924377,0.0038089205080726377,High,Very Low,Very Low–High,,,0,no STRING match,no STRING match,2579,2274,1,12
1877,fig|6666666.1036479.peg.370,fig|6666666.1036479.peg.2499,0.8770887970924377,0.003810950849494851,High,Very Low,Very Low–High,,,0,no STRING match,no STRING match,2579,2274,1,12
1878,fig|6666666.1036479.peg.391,fig|6666666.1036479.peg.1566,0.8770708918571473,0.0038129811909170647,Medium,High,Medium–High,,,0,no STRING match,no STRING match,2580,2838,1,1
1879,fig|6666666.1036479.peg.728,fig|6666666.1036479.peg.942,0.8770545601844788,0.0038150115323392782,Medium,Very Low,Very Low–Medium,,,0,no STRING match,no STRING match,2639,2691,1,1
1880,fig|6666666.1036479.peg.38,fig|6666666.1036479.peg.1657,0.8770433604717255,0.0038170418737614917,Low,Medium,Low–Medium,,,0,no STRING match,no STRING match,2526,2883,2,1
1881,fig|6666666.1036479.peg.186,fig|6666666.1036479.peg.1657,0.8770433604717255,0.0038190722151837052,Low,Medium,Low–Medium,,,0,no STRING match,no STRING match,2526,2883,2,1
1882,fig|6666666.1036479.peg.289,fig|6666666.1036479.peg.866,0.8770355522632599,0.0038211025566059187,High,High,High–High,Hypothetical protein.,,0,secondary STRING hit (STRING protein assigned to a better match),no STRING match,2559,2667,1,1
1883,fig|6666666.1036479.peg.2920,fig|6666666.1036479.peg.3188,0.8770309031009674,0.0038231328980281322,Very Low,Medium,Very Low–Medium,,,0,no STRING match,no STRING match,2397,2461,1,1
1884,fig|6666666.1036479.peg.573,fig|6666666.1036479.peg.1913,0.877012449502945,0.003825163239450346,Very Low,Very Low,Very Low–Very Low,Hypothetical protein.,,0,secondary STRING hit (STRING protein assigned to a better match),no STRING match,2601,2917,1,1
1885,fig|6666666.1036479.peg.2715,fig|6666666.1036479.peg.866,0.877012026309967,0.0038271935808725597,Very Low,High,Very Low–High,,,0,no STRING match,no STRING match,2348,2667,1,1
1886,fig|6666666.1036479.peg.2523,fig|6666666.1036479.peg.2532,0.8770047664642334,0.003829223922294773,Low,Low,Low–Low,,,0,no STRING match,no STRING match,2282,2284,1,4
1887,fig|6666666.1036479.peg.2523,fig|6666666.1036479.peg.3171,0.8770047664642334,0.0038312542637169867,Low,Low,Low–Low,,,0,no STRING match,no STRING match,2282,2284,1,4
1888,fig|6666666.1036479.peg.2523,fig|6666666.1036479.peg.987,0.8770047664642334,0.0038332846051392,Low,Low,Low–Low,,,0,no STRING match,no STRING match,2282,2284,1,4
1889,fig|6666666.1036479.peg.2523,fig|6666666.1036479.peg.2492,0.8770047664642334,0.0038353149465614137,Low,Low,Low–Low,,,0,no STRING match,no STRING match,2282,2284,1,4
1890,fig|6666666.1036479.peg.2679,fig|6666666.1036479.peg.2918,0.8770033597946167,0.003837345287983627,Medium,Very Low,Very Low–Medium,,,0,no STRING match,no STRING match,2342,2396,1,1
1891,fig|6666666.1036479.peg.1566,fig|6666666.1036479.peg.2025,0.8769485890865326,0.0038393756294058407,High,Very Low,Very Low–High,,,0,no STRING match,no STRING match,2838,2950,1,1
1892,fig|6666666.1036479.peg.3223,fig|6666666.1036479.peg.38,0.8769255757331849,0.0038414059708280547,High,Low,Low–High,,,0,no STRING match,no STRING match,2474,2526,2,2
1893,fig|6666666.1036479.peg.3223,fig|6666666.1036479.peg.186,0.8769255757331849,0.003843436312250268,High,Low,Low–High,,,0,no STRING match,no STRING match,2474,2526,2,2
1894,fig|6666666.1036479.peg.38,fig|6666666.1036479.peg.139,0.8769255757331849,0.0038454666536724817,Low,High,Low–High,,,0,no STRING match,no STRING match,2526,2474,2,2
1895,fig|6666666.1036479.peg.139,fig|6666666.1036479.peg.186,0.8769255757331849,0.003847496995094695,High,Low,Low–High,,,0,no STRING match,no STRING match,2474,2526,2,2
1896,fig|6666666.1036479.peg.2988,fig|6666666.1036479.peg.289,0.876912099123001,0.0038495273365169087,Medium,High,Medium–High,Hypothetical protein.,Hypothetical protein.,0,secondary STRING hit (STRING protein assigned to a better match),secondary STRING hit (STRING protein assigned to a better match),2416,2559,1,1
1897,fig|6666666.1036479.peg.728,fig|6666666.1036479.peg.2092,0.8768956184387207,0.003851557677939122,Medium,Medium,Medium–Medium,,,0,no STRING match,no STRING match,2639,2954,1,1
1898,fig|6666666.1036479.peg.2672,fig|6666666.1036479.peg.1784,0.8768937289714813,0.0038535880193613357,Medium,Very Low,Very Low–Medium,,,0,no STRING match,no STRING match,2341,2897,1,1
1899,fig|6666666.1036479.peg.3008,fig|6666666.1036479.peg.3207,0.8768777012825012,0.003855618360783549,Medium,Medium,Medium–Medium,,,0,no STRING match,no STRING match,2423,2468,1,1
1900,fig|6666666.1036479.peg.2548,fig|6666666.1036479.peg.2405,0.8768665075302124,0.003857648702205763,High,Medium,Medium–High,,Hypothetical protein; COG0605 Superoxide dismutase.,0,no STRING match,secondary STRING hit (STRING protein assigned to a better match),2298,3029,1,1
1901,fig|6666666.1036479.peg.866,fig|6666666.1036479.peg.2467,0.8768658101558685,0.0038596790436279766,High,Low,Low–High,,,0,no STRING match,no STRING match,2667,3041,1,1
1902,fig|6666666.1036479.peg.2672,fig|6666666.1036479.peg.2814,0.8768377482891083,0.00386170938505019,Medium,Very Low,Very Low–Medium,,,0,no STRING match,no STRING match,2341,2358,1,1
1903,fig|6666666.1036479.peg.2988,fig|6666666.1036479.peg.1946,0.8768154144287109,0.0038637397264724037,Medium,Medium,Medium–Medium,Hypothetical protein.,,0,secondary STRING hit (STRING protein assigned to a better match),no STRING match,2416,2929,1,1
1904,fig|6666666.1036479.peg.719,fig|6666666.1036479.peg.2092,0.8767983078956604,0.003865770067894617,Medium,Medium,Medium–Medium,,,0,no STRING match,no STRING match,2630,2954,1,1
1905,fig|6666666.1036479.peg.1409,fig|6666666.1036479.peg.2364,0.8767890870571137,0.0038678004093168307,Medium,Medium,Medium–Medium,,,0,no STRING match,no STRING match,2812,3022,1,1
1906,fig|6666666.1036479.peg.38,fig|6666666.1036479.peg.2114,0.8767744600772858,0.003869830750739044,Low,Very Low,Very Low–Low,,"COG1629 Outer membrane receptor proteins, mostly Fe transport.",0,no STRING match,secondary STRING hit (STRING protein assigned to a better match),2526,2964,2,1
1907,fig|6666666.1036479.peg.186,fig|6666666.1036479.peg.2114,0.8767744600772858,0.0038718610921612577,Low,Very Low,Very Low–Low,,"COG1629 Outer membrane receptor proteins, mostly Fe transport.",0,no STRING match,secondary STRING hit (STRING protein assigned to a better match),2526,2964,2,1
1908,fig|6666666.1036479.peg.2929,fig|6666666.1036479.peg.881,0.876769381761551,0.0038738914335834716,Very Low,High,Very Low–High,Hypothetical protein.,,0,secondary STRING hit (STRING protein assigned to a better match),no STRING match,2404,2674,1,1
1909,fig|6666666.1036479.peg.1947,fig|6666666.1036479.peg.2106,0.8767615556716919,0.003875921775005685,Medium,High,Medium–High,,Hypothetical protein.,0,no STRING match,secondary STRING hit (STRING protein assigned to a better match),2930,2959,1,1
1910,fig|6666666.1036479.peg.2918,fig|6666666.1036479.peg.1416,0.8767350077629089,0.0038779521164278986,Very Low,Medium,Very Low–Medium,,,0,no STRING match,no STRING match,2396,2817,1,1
1911,fig|6666666.1036479.peg.3004,fig|6666666.1036479.peg.370,0.8767036676406861,0.003879982457850112,Very Low,High,Very Low–High,,,0,no STRING match,no STRING match,2419,2579,1,1
1912,fig|6666666.1036479.peg.3017,fig|6666666.1036479.peg.1494,0.8766961455345154,0.0038820127992723256,Medium,Very Low,Very Low–Medium,,,0,no STRING match,no STRING match,2430,2824,1,1
1913,fig|6666666.1036479.peg.3020,fig|6666666.1036479.peg.89,0.8766958057880402,0.003884043140694539,Low,Very Low,Very Low–Low,,,0,no STRING match,no STRING match,2433,2542,1,1
1914,fig|6666666.1036479.peg.2960,fig|6666666.1036479.peg.652,0.8766619920730591,0.0038860734821167526,Low,Very Low,Very Low–Low,,,0,no STRING match,no STRING match,2412,2615,1,1
1915,fig|6666666.1036479.peg.2988,fig|6666666.1036479.peg.3015,0.8766549527645111,0.003888103823538966,Medium,Low,Low–Medium,Hypothetical protein.,,0,secondary STRING hit (STRING protein assigned to a better match),no STRING match,2416,2428,1,1
1916,fig|6666666.1036479.peg.411,fig|6666666.1036479.peg.659,0.876644366979599,0.00389013416496118,Low,Very Low,Very Low–Low,Hypothetical protein.,,0,secondary STRING hit (STRING protein assigned to a better match),no STRING match,2585,2617,1,1
1917,fig|6666666.1036479.peg.411,fig|6666666.1036479.peg.2455,0.87661714553833,0.0038921645063833936,Low,Medium,Low–Medium,Hypothetical protein.,,0,secondary STRING hit (STRING protein assigned to a better match),no STRING match,2585,3038,1,1
1918,fig|6666666.1036479.peg.3232,fig|6666666.1036479.peg.410,0.8765855610370636,0.003894194847805607,Very Low,Very Low,Very Low–Very Low,,,0,no STRING match,no STRING match,2483,2584,2,1
1919,fig|6666666.1036479.peg.148,fig|6666666.1036479.peg.410,0.8765855610370636,0.0038962251892278206,Very Low,Very Low,Very Low–Very Low,,,0,no STRING match,no STRING match,2483,2584,2,1
1920,fig|6666666.1036479.peg.3188,fig|6666666.1036479.peg.370,0.8765477120876313,0.003898255530650034,Medium,High,Medium–High,,,0,no STRING match,no STRING match,2461,2579,1,1
1921,fig|6666666.1036479.peg.721,fig|6666666.1036479.peg.861,0.8765466213226318,0.0039002858720722476,High,High,High–High,Yd repeat protein; COG3209 Rhs family protein.,,0,secondary STRING hit (STRING protein assigned to a better match),no STRING match,2632,2665,1,1
1922,fig|6666666.1036479.peg.3223,fig|6666666.1036479.peg.3231,0.8765432000160217,0.003902316213494461,High,Very Low,Very Low–High,,,0,no STRING match,no STRING match,2474,2482,2,2
1923,fig|6666666.1036479.peg.3223,fig|6666666.1036479.peg.147,0.8765432000160217,0.0039043465549166746,High,Very Low,Very Low–High,,,0,no STRING match,no STRING match,2474,2482,2,2
1924,fig|6666666.1036479.peg.3231,fig|6666666.1036479.peg.139,0.8765432000160217,0.003906376896338888,Very Low,High,Very Low–High,,,0,no STRING match,no STRING match,2482,2474,2,2
1925,fig|6666666.1036479.peg.139,fig|6666666.1036479.peg.147,0.8765432000160217,0.003908407237761102,High,Very Low,Very Low–High,,,0,no STRING match,no STRING match,2474,2482,2,2
1926,fig|6666666.1036479.peg.2548,fig|6666666.1036479.peg.1943,0.8765412211418152,0.003910437579183315,High,Medium,Medium–High,,COG3103 SH3 domain protein.,0,no STRING match,secondary STRING hit (STRING protein assigned to a better match),2298,2926,1,1
1927,fig|6666666.1036479.peg.2623,fig|6666666.1036479.peg.861,0.8765029370784759,0.003912467920605529,Very Low,High,Very Low–High,,,0,no STRING match,no STRING match,2333,2665,1,1
1928,fig|6666666.1036479.peg.723,fig|6666666.1036479.peg.1289,0.8764912128448487,0.003914498262027743,High,Very Low,Very Low–High,,,0,no STRING match,no STRING match,2634,2762,1,1
1929,fig|6666666.1036479.peg.3015,fig|6666666.1036479.peg.1947,0.8764739394187927,0.0039165286034499565,Low,Medium,Low–Medium,,,0,no STRING match,no STRING match,2428,2930,1,1
1930,fig|6666666.1036479.peg.3207,fig|6666666.1036479.peg.89,0.8764395654201508,0.00391855894487217,Medium,Very Low,Very Low–Medium,,,0,no STRING match,no STRING match,2468,2542,1,1
1931,fig|6666666.1036479.peg.3187,fig|6666666.1036479.peg.861,0.8764212489128113,0.0039205892862943835,Very Low,High,Very Low–High,Hypothetical protein.,,0,secondary STRING hit (STRING protein assigned to a better match),no STRING match,2460,2665,1,1
1932,fig|6666666.1036479.peg.719,fig|6666666.1036479.peg.881,0.8764172554016113,0.003922619627716597,Medium,High,Medium–High,,,0,no STRING match,no STRING match,2630,2674,1,1
1933,fig|6666666.1036479.peg.1300,fig|6666666.1036479.peg.2114,0.8764107406139374,0.0039246499691388105,Low,Very Low,Very Low–Low,,"COG1629 Outer membrane receptor proteins, mostly Fe transport.",0,no STRING match,secondary STRING hit (STRING protein assigned to a better match),2763,2964,1,1
1934,fig|6666666.1036479.peg.2843,fig|6666666.1036479.peg.2455,0.8763939678668976,0.003926680310561024,Very Low,Medium,Very Low–Medium,,,0,no STRING match,no STRING match,2370,3038,1,1
1935,fig|6666666.1036479.peg.2548,fig|6666666.1036479.peg.392,0.8762929379940033,0.0039287106519832376,High,Very Low,Very Low–High,,,0,no STRING match,no STRING match,2298,2581,1,1
1936,fig|6666666.1036479.peg.2948,fig|6666666.1036479.peg.1913,0.8762853741645813,0.003930740993405451,High,Very Low,Very Low–High,,,0,no STRING match,no STRING match,2410,2917,1,1
1937,fig|6666666.1036479.peg.861,fig|6666666.1036479.peg.1649,0.8762193202972413,0.0039327713348276646,High,Very Low,Very Low–High,,YD repeat-containing protein; COG3209 Rhs family protein.,0,no STRING match,secondary STRING hit (STRING protein assigned to a better match),2665,2879,1,1
1938,fig|6666666.1036479.peg.2505,fig|6666666.1036479.peg.1300,0.8762183427810669,0.003934801676249878,Very Low,Low,Very Low–Low,,,0,no STRING match,no STRING match,2269,2763,1,1
1939,fig|6666666.1036479.peg.2960,fig|6666666.1036479.peg.3107,0.8762167930603028,0.003936832017672092,Low,Very Low,Very Low–Low,,,0,no STRING match,no STRING match,2412,2444,1,1
1940,fig|6666666.1036479.peg.573,fig|6666666.1036479.peg.2093,0.8762018263339997,0.003938862359094305,Very Low,Medium,Very Low–Medium,Hypothetical protein.,,0,secondary STRING hit (STRING protein assigned to a better match),no STRING match,2601,2955,1,1
1941,fig|6666666.1036479.peg.2881,fig|6666666.1036479.peg.866,0.8761926054954529,0.003940892700516519,Very Low,High,Very Low–High,,,0,no STRING match,no STRING match,2383,2667,1,1
1942,fig|6666666.1036479.peg.410,fig|6666666.1036479.peg.614,0.8761853635311126,0.003942923041938732,Very Low,Very Low,Very Low–Very Low,,,0,no STRING match,no STRING match,2584,2607,1,1
1943,fig|6666666.1036479.peg.3188,fig|6666666.1036479.peg.3207,0.8761759221553802,0.003944953383360946,Medium,Medium,Medium–Medium,,,0,no STRING match,no STRING match,2461,2468,1,1
1944,fig|6666666.1036479.peg.2948,fig|6666666.1036479.peg.1617,0.8761587142944336,0.00394698372478316,High,Low,Low–High,,,0,no STRING match,no STRING match,2410,2864,1,2
1945,fig|6666666.1036479.peg.2948,fig|6666666.1036479.peg.1625,0.8761587142944336,0.0039490140662053735,High,Low,Low–High,,,0,no STRING match,no STRING match,2410,2864,1,2
1946,fig|6666666.1036479.peg.303,fig|6666666.1036479.peg.309,0.8761376917362214,0.003951044407627587,Very Low,Very Low,Very Low–Very Low,,,0,no STRING match,no STRING match,2564,2569,3,1
1947,fig|6666666.1036479.peg.305,fig|6666666.1036479.peg.309,0.8761376917362214,0.0039530747490498005,Very Low,Very Low,Very Low–Very Low,,,0,no STRING match,no STRING match,2564,2569,3,1
1948,fig|6666666.1036479.peg.309,fig|6666666.1036479.peg.311,0.8761376917362214,0.003955105090472014,Very Low,Very Low,Very Low–Very Low,,,0,no STRING match,no STRING match,2569,2564,1,3
1949,fig|6666666.1036479.peg.370,fig|6666666.1036479.peg.2289,0.8761329293251038,0.0039571354318942275,High,Very Low,Very Low–High,,,0,no STRING match,no STRING match,2579,3006,1,1
1950,fig|6666666.1036479.peg.2679,fig|6666666.1036479.peg.1416,0.8761329054832458,0.003959165773316441,Medium,Medium,Medium–Medium,,,0,no STRING match,no STRING match,2342,2817,1,1
1951,fig|6666666.1036479.peg.3033,fig|6666666.1036479.peg.1080,0.8761304616928101,0.0039611961147386545,Low,High,Low–High,,,0,no STRING match,no STRING match,2437,2712,1,1
1952,fig|6666666.1036479.peg.2523,fig|6666666.1036479.peg.2918,0.8761044025421143,0.003963226456160868,Low,Very Low,Very Low–Low,,,0,no STRING match,no STRING match,2282,2396,1,1
1953,fig|6666666.1036479.peg.2987,fig|6666666.1036479.peg.1947,0.8760828793048858,0.0039652567975830815,Very Low,Medium,Very Low–Medium,,,0,no STRING match,no STRING match,2415,2930,1,1
1954,fig|6666666.1036479.peg.866,fig|6666666.1036479.peg.2289,0.876075154542923,0.003967287139005295,High,Very Low,Very Low–High,,,0,no STRING match,no STRING match,2667,3006,1,1
1955,fig|6666666.1036479.peg.2715,fig|6666666.1036479.peg.861,0.8760718941688538,0.0039693174804275085,Very Low,High,Very Low–High,,,0,no STRING match,no STRING match,2348,2665,1,1
1956,fig|6666666.1036479.peg.3231,fig|6666666.1036479.peg.391,0.8760587513446808,0.003971347821849722,Very Low,Medium,Very Low–Medium,,,0,no STRING match,no STRING match,2482,2580,2,1
1957,fig|6666666.1036479.peg.147,fig|6666666.1036479.peg.391,0.8760587513446808,0.0039733781632719355,Very Low,Medium,Very Low–Medium,,,0,no STRING match,no STRING match,2482,2580,2,1
1958,fig|6666666.1036479.peg.2503,fig|6666666.1036479.peg.411,0.8760473191738128,0.003975408504694149,Very Low,Low,Very Low–Low,,Hypothetical protein.,0,no STRING match,secondary STRING hit (STRING protein assigned to a better match),2267,2585,1,1
1959,fig|6666666.1036479.peg.3020,fig|6666666.1036479.peg.3191,0.8760396778583527,0.0039774388461163625,Low,Medium,Low–Medium,,,0,no STRING match,no STRING match,2433,2464,1,1
1960,fig|6666666.1036479.peg.3020,fig|6666666.1036479.peg.720,0.8760246753692627,0.003979469187538577,Low,High,Low–High,,,0,no STRING match,no STRING match,2433,2631,1,1
1961,fig|6666666.1036479.peg.2588,fig|6666666.1036479.peg.3018,0.8760198295116425,0.00398149952896079,Very Low,Very Low,Very Low–Very Low,,,0,no STRING match,no STRING match,2319,2431,1,1
1962,fig|6666666.1036479.peg.2548,fig|6666666.1036479.peg.1946,0.8760152816772461,0.003983529870383004,High,Medium,Medium–High,,,0,no STRING match,no STRING match,2298,2929,1,1
1963,fig|6666666.1036479.peg.2535,fig|6666666.1036479.peg.2672,0.8760121643543244,0.003985560211805217,Very Low,Medium,Very Low–Medium,,,0,no STRING match,no STRING match,2285,2341,1,1
1964,fig|6666666.1036479.peg.2948,fig|6666666.1036479.peg.1080,0.8759980976581574,0.003987590553227431,High,High,High–High,,,0,no STRING match,no STRING match,2410,2712,1,1
1965,fig|6666666.1036479.peg.726,fig|6666666.1036479.peg.866,0.8759971141815186,0.0039896208946496444,Very Low,High,Very Low–High,,,0,no STRING match,no STRING match,2637,2667,1,1
1966,fig|6666666.1036479.peg.2988,fig|6666666.1036479.peg.1409,0.8759970188140869,0.003991651236071858,Medium,Medium,Medium–Medium,Hypothetical protein.,,0,secondary STRING hit (STRING protein assigned to a better match),no STRING match,2416,2812,1,1
1967,fig|6666666.1036479.peg.3184,fig|6666666.1036479.peg.3222,0.8759934186935425,0.0039936815774940715,Very Low,Medium,Very Low–Medium,,,0,no STRING match,no STRING match,2457,2473,1,2
1968,fig|6666666.1036479.peg.3184,fig|6666666.1036479.peg.138,0.8759934186935425,0.003995711918916285,Very Low,Medium,Very Low–Medium,,,0,no STRING match,no STRING match,2457,2473,1,2
1969,fig|6666666.1036479.peg.2843,fig|6666666.1036479.peg.3010,0.8759921193122864,0.0039977422603384985,Very Low,Low,Very Low–Low,,,0,no STRING match,no STRING match,2370,2425,1,1
1970,fig|6666666.1036479.peg.289,fig|6666666.1036479.peg.2364,0.875964081287384,0.003999772601760712,High,Medium,Medium–High,Hypothetical protein.,,0,secondary STRING hit (STRING protein assigned to a better match),no STRING match,2559,3022,1,1
1971,fig|6666666.1036479.peg.2588,fig|6666666.1036479.peg.1113,0.8759593605995178,0.0040018029431829255,Very Low,Very Low,Very Low–Very Low,,,0,no STRING match,no STRING match,2319,2729,1,1
1972,fig|6666666.1036479.peg.2548,fig|6666666.1036479.peg.1945,0.8759459674358367,0.004003833284605139,High,Very Low,Very Low–High,,,0,no STRING match,no STRING match,2298,2928,1,1
1973,fig|6666666.1036479.peg.3020,fig|6666666.1036479.peg.289,0.8759428083896637,0.0040058636260273525,Low,High,Low–High,,Hypothetical protein.,0,no STRING match,secondary STRING hit (STRING protein assigned to a better match),2433,2559,1,1
1974,fig|6666666.1036479.peg.2548,fig|6666666.1036479.peg.426,0.8759177982807159,0.004007893967449566,High,Very Low,Very Low–High,,,0,no STRING match,no STRING match,2298,2588,1,1
1975,fig|6666666.1036479.peg.2548,fig|6666666.1036479.peg.471,0.8758807361125946,0.0040099243088717795,High,Low,Low–High,,,0,no STRING match,no STRING match,2298,2593,1,1
1976,fig|6666666.1036479.peg.2548,fig|6666666.1036479.peg.731,0.8758791565895081,0.004011954650293994,High,Low,Low–High,,,0,no STRING match,no STRING match,2298,2642,1,1
1977,fig|6666666.1036479.peg.3020,fig|6666666.1036479.peg.1410,0.8758757054805756,0.004013984991716207,Low,Medium,Low–Medium,,,0,no STRING match,no STRING match,2433,2813,1,1
1978,fig|6666666.1036479.peg.2948,fig|6666666.1036479.peg.3223,0.8758664488792419,0.004016015333138421,High,High,High–High,,,0,no STRING match,no STRING match,2410,2474,1,2
1979,fig|6666666.1036479.peg.2948,fig|6666666.1036479.peg.139,0.8758664488792419,0.004018045674560634,High,High,High–High,,,0,no STRING match,no STRING match,2410,2474,1,2
1980,fig|6666666.1036479.peg.2501,fig|6666666.1036479.peg.1566,0.8758270442485809,0.004020076015982848,High,High,High–High,,,0,no STRING match,no STRING match,2265,2838,1,1
1981,fig|6666666.1036479.peg.2607,fig|6666666.1036479.peg.2608,0.8758233845233917,0.004022106357405061,Very Low,Very Low,Very Low–Very Low,,,0,no STRING match,no STRING match,2323,2324,1,1
1982,fig|6666666.1036479.peg.1289,fig|6666666.1036479.peg.2025,0.875786417722702,0.004024136698827275,Very Low,Very Low,Very Low–Very Low,,,0,no STRING match,no STRING match,2762,2950,1,1
1983,fig|6666666.1036479.peg.3222,fig|6666666.1036479.peg.1946,0.8757847726345063,0.004026167040249488,Medium,Medium,Medium–Medium,,,0,no STRING match,no STRING match,2473,2929,2,1
1984,fig|6666666.1036479.peg.138,fig|6666666.1036479.peg.1946,0.8757847726345063,0.004028197381671702,Medium,Medium,Medium–Medium,,,0,no STRING match,no STRING match,2473,2929,2,1
1985,fig|6666666.1036479.peg.2524,fig|6666666.1036479.peg.866,0.875777292251587,0.004030227723093915,Low,High,Low–High,,,0,no STRING match,no STRING match,2283,2667,1,1
1986,fig|6666666.1036479.peg.2506,fig|6666666.1036479.peg.2679,0.8757536828517913,0.004032258064516129,Very Low,Medium,Very Low–Medium,,,0,no STRING match,no STRING match,2270,2342,6,1
1987,fig|6666666.1036479.peg.2516,fig|6666666.1036479.peg.2679,0.8757536828517913,0.004034288405938342,Very Low,Medium,Very Low–Medium,,,0,no STRING match,no STRING match,2270,2342,6,1
1988,fig|6666666.1036479.peg.2522,fig|6666666.1036479.peg.2679,0.8757536828517913,0.004036318747360556,Very Low,Medium,Very Low–Medium,,,0,no STRING match,no STRING match,2270,2342,6,1
1989,fig|6666666.1036479.peg.2679,fig|6666666.1036479.peg.974,0.8757536828517913,0.0040383490887827694,Medium,Very Low,Very Low–Medium,,,0,no STRING match,no STRING match,2342,2270,1,6
1990,fig|6666666.1036479.peg.2679,fig|6666666.1036479.peg.979,0.8757536828517913,0.004040379430204983,Medium,Very Low,Very Low–Medium,,,0,no STRING match,no STRING match,2342,2270,1,6
1991,fig|6666666.1036479.peg.2679,fig|6666666.1036479.peg.2491,0.8757536828517913,0.0040424097716271964,Medium,Very Low,Very Low–Medium,,,0,no STRING match,no STRING match,2342,2270,1,6
1992,fig|6666666.1036479.peg.861,fig|6666666.1036479.peg.1554,0.8757462501525879,0.004044440113049411,High,Medium,Medium–High,,,0,no STRING match,no STRING match,2665,2831,1,1
1993,fig|6666666.1036479.peg.2679,fig|6666666.1036479.peg.2348,0.8757413327693939,0.004046470454471624,Medium,High,Medium–High,,,0,no STRING match,no STRING match,2342,3019,1,1
1994,fig|6666666.1036479.peg.3142,fig|6666666.1036479.peg.1289,0.8757165431976318,0.004048500795893838,Low,Very Low,Very Low–Low,,,0,no STRING match,no STRING match,2448,2762,1,1
1995,fig|6666666.1036479.peg.2523,fig|6666666.1036479.peg.3231,0.8756849110126496,0.004050531137316051,Low,Very Low,Very Low–Low,,,0,no STRING match,no STRING match,2282,2482,1,2
1996,fig|6666666.1036479.peg.2523,fig|6666666.1036479.peg.147,0.8756849110126496,0.004052561478738265,Low,Very Low,Very Low–Low,,,0,no STRING match,no STRING match,2282,2482,1,2
1997,fig|6666666.1036479.peg.3008,fig|6666666.1036479.peg.370,0.8756547689437866,0.004054591820160478,Medium,High,Medium–High,,,0,no STRING match,no STRING match,2423,2579,1,1
1998,fig|6666666.1036479.peg.3015,fig|6666666.1036479.peg.573,0.8756452798843384,0.004056622161582692,Low,Very Low,Very Low–Low,,Hypothetical protein.,0,no STRING match,secondary STRING hit (STRING protein assigned to a better match),2428,2601,1,1
1999,fig|6666666.1036479.peg.2524,fig|6666666.1036479.peg.1566,0.8756402611732483,0.004058652503004905,Low,High,Low–High,,,0,no STRING match,no STRING match,2283,2838,1,1
2000,fig|6666666.1036479.peg.866,fig|6666666.1036479.peg.1181,0.8755938291549683,0.004060682844427119,High,Very Low,Very Low–High,,,0,no STRING match,no STRING match,2667,2747,1,1
2001,fig|6666666.1036479.peg.2550,fig|6666666.1036479.peg.1119,0.8755484044551849,0.004062713185849332,Very Low,Very Low,Very Low–Very Low,,,0,no STRING match,no STRING match,2300,2735,2,1
2002,fig|6666666.1036479.peg.2558,fig|6666666.1036479.peg.1119,0.8755484044551849,0.004064743527271546,Very Low,Very Low,Very Low–Very Low,,,0,no STRING match,no STRING match,2300,2735,2,1
2003,fig|6666666.1036479.peg.2948,fig|6666666.1036479.peg.2093,0.8755391240119934,0.004066773868693759,High,Medium,Medium–High,,,0,no STRING match,no STRING match,2410,2955,1,1
2004,fig|6666666.1036479.peg.3213,fig|6666666.1036479.peg.1300,0.8755328416824341,0.004068804210115973,Very Low,Low,Very Low–Low,,,0,no STRING match,no STRING match,2470,2763,1,1
2005,fig|6666666.1036479.peg.2672,fig|6666666.1036479.peg.2386,0.8755020558834076,0.004070834551538186,Medium,Medium,Medium–Medium,,,0,no STRING match,no STRING match,2341,3027,1,1
2006,fig|6666666.1036479.peg.2988,fig|6666666.1036479.peg.3191,0.8755001544952392,0.0040728648929604,Medium,Medium,Medium–Medium,Hypothetical protein.,,0,secondary STRING hit (STRING protein assigned to a better match),no STRING match,2416,2464,1,1
2007,fig|6666666.1036479.peg.2929,fig|6666666.1036479.peg.2348,0.8754711449146271,0.004074895234382613,Very Low,High,Very Low–High,Hypothetical protein.,,0,secondary STRING hit (STRING protein assigned to a better match),no STRING match,2404,3019,1,1
2008,fig|6666666.1036479.peg.2839,fig|6666666.1036479.peg.866,0.8754479765892029,0.004076925575804828,Very Low,High,Very Low–High,,,0,no STRING match,no STRING match,2368,2667,1,1
2009,fig|6666666.1036479.peg.2960,fig|6666666.1036479.peg.1494,0.8754428446292877,0.004078955917227041,Low,Very Low,Very Low–Low,,,0,no STRING match,no STRING match,2412,2824,1,1
2010,fig|6666666.1036479.peg.3222,fig|6666666.1036479.peg.236,0.8754312813282012,0.004080986258649255,Medium,Very Low,Very Low–Medium,,,0,no STRING match,no STRING match,2473,2552,2,1
2011,fig|6666666.1036479.peg.138,fig|6666666.1036479.peg.236,0.8754312813282012,0.004083016600071468,Medium,Very Low,Very Low–Medium,,,0,no STRING match,no STRING match,2473,2552,2,1
2012,fig|6666666.1036479.peg.2929,fig|6666666.1036479.peg.2960,0.8754174470901489,0.004085046941493682,Very Low,Low,Very Low–Low,Hypothetical protein.,,0,secondary STRING hit (STRING protein assigned to a better match),no STRING match,2404,2412,1,1
2013,fig|6666666.1036479.peg.1913,fig|6666666.1036479.peg.2364,0.8754159927368164,0.004087077282915895,Very Low,Medium,Very Low–Medium,,,0,no STRING match,no STRING match,2917,3022,1,1
2014,fig|6666666.1036479.peg.861,fig|6666666.1036479.peg.1850,0.8754139184951782,0.004089107624338109,High,Very Low,Very Low–High,,,0,no STRING match,no STRING match,2665,2907,1,1
2015,fig|6666666.1036479.peg.2548,fig|6666666.1036479.peg.2854,0.8754088461399079,0.004091137965760322,High,Low,Low–High,,,0,no STRING match,no STRING match,2298,2373,1,1
2016,fig|6666666.1036479.peg.314,fig|6666666.1036479.peg.861,0.8753916084766388,0.004093168307182536,Very Low,High,Very Low–High,,,0,no STRING match,no STRING match,2572,2665,1,1
2017,fig|6666666.1036479.peg.1289,fig|6666666.1036479.peg.1567,0.8753893077373505,0.004095198648604749,Very Low,Low,Very Low–Low,,,0,no STRING match,no STRING match,2762,2839,1,1
2018,fig|6666666.1036479.peg.2672,fig|6666666.1036479.peg.2383,0.8753811895847321,0.004097228990026963,Medium,Very Low,Very Low–Medium,,Hypothetical protein.,0,no STRING match,secondary STRING hit (STRING protein assigned to a better match),2341,3024,1,1
2019,fig|6666666.1036479.peg.38,fig|6666666.1036479.peg.2025,0.8753626108169555,0.004099259331449176,Low,Very Low,Very Low–Low,,,0,no STRING match,no STRING match,2526,2950,2,1
2020,fig|6666666.1036479.peg.186,fig|6666666.1036479.peg.2025,0.8753626108169555,0.00410128967287139,Low,Very Low,Very Low–Low,,,0,no STRING match,no STRING match,2526,2950,2,1
2021,fig|6666666.1036479.peg.2895,fig|6666666.1036479.peg.861,0.8753409624099732,0.004103320014293603,Very Low,High,Very Low–High,,,0,no STRING match,no STRING match,2394,2665,1,1
2022,fig|6666666.1036479.peg.2948,fig|6666666.1036479.peg.1945,0.8753375589847565,0.004105350355715817,High,Very Low,Very Low–High,,,0,no STRING match,no STRING match,2410,2928,1,1
2023,fig|6666666.1036479.peg.887,fig|6666666.1036479.peg.1289,0.875330901145935,0.00410738069713803,Medium,Very Low,Very Low–Medium,,,0,no STRING match,no STRING match,2680,2762,1,1
2024,fig|6666666.1036479.peg.2509,fig|6666666.1036479.peg.3231,0.8752728939056397,0.004109411038560245,Very Low,Very Low,Very Low–Very Low,,,0,no STRING match,no STRING match,2273,2482,15,2
2025,fig|6666666.1036479.peg.2509,fig|6666666.1036479.peg.147,0.8752728939056397,0.004111441379982458,Very Low,Very Low,Very Low–Very Low,,,0,no STRING match,no STRING match,2273,2482,15,2
2026,fig|6666666.1036479.peg.2513,fig|6666666.1036479.peg.3231,0.8752728939056397,0.004113471721404672,Very Low,Very Low,Very Low–Very Low,,,0,no STRING match,no STRING match,2273,2482,15,2
2027,fig|6666666.1036479.peg.2513,fig|6666666.1036479.peg.147,0.8752728939056397,0.004115502062826885,Very Low,Very Low,Very Low–Very Low,,,0,no STRING match,no STRING match,2273,2482,15,2
2028,fig|6666666.1036479.peg.2519,fig|6666666.1036479.peg.3231,0.8752728939056397,0.004117532404249099,Very Low,Very Low,Very Low–Very Low,,,0,no STRING match,no STRING match,2273,2482,15,2
2029,fig|6666666.1036479.peg.2519,fig|6666666.1036479.peg.147,0.8752728939056397,0.004119562745671312,Very Low,Very Low,Very Low–Very Low,,,0,no STRING match,no STRING match,2273,2482,15,2
2030,fig|6666666.1036479.peg.2526,fig|6666666.1036479.peg.3231,0.8752728939056397,0.004121593087093526,Very Low,Very Low,Very Low–Very Low,,,0,no STRING match,no STRING match,2273,2482,15,2
2031,fig|6666666.1036479.peg.2526,fig|6666666.1036479.peg.147,0.8752728939056397,0.004123623428515739,Very Low,Very Low,Very Low–Very Low,,,0,no STRING match,no STRING match,2273,2482,15,2
2032,fig|6666666.1036479.peg.2530,fig|6666666.1036479.peg.3231,0.8752728939056397,0.004125653769937953,Very Low,Very Low,Very Low–Very Low,,,0,no STRING match,no STRING match,2273,2482,15,2
2033,fig|6666666.1036479.peg.2530,fig|6666666.1036479.peg.147,0.8752728939056397,0.004127684111360166,Very Low,Very Low,Very Low–Very Low,,,0,no STRING match,no STRING match,2273,2482,15,2
2034,fig|6666666.1036479.peg.2534,fig|6666666.1036479.peg.3231,0.8752728939056397,0.00412971445278238,Very Low,Very Low,Very Low–Very Low,,,0,no STRING match,no STRING match,2273,2482,15,2
2035,fig|6666666.1036479.peg.2534,fig|6666666.1036479.peg.147,0.8752728939056397,0.004131744794204593,Very Low,Very Low,Very Low–Very Low,,,0,no STRING match,no STRING match,2273,2482,15,2
2036,fig|6666666.1036479.peg.3173,fig|6666666.1036479.peg.3231,0.8752728939056397,0.004133775135626807,Very Low,Very Low,Very Low–Very Low,,,0,no STRING match,no STRING match,2273,2482,15,2
2037,fig|6666666.1036479.peg.3173,fig|6666666.1036479.peg.147,0.8752728939056397,0.00413580547704902,Very Low,Very Low,Very Low–Very Low,,,0,no STRING match,no STRING match,2273,2482,15,2
2038,fig|6666666.1036479.peg.3231,fig|6666666.1036479.peg.971,0.8752728939056397,0.004137835818471234,Very Low,Very Low,Very Low–Very Low,,,0,no STRING match,no STRING match,2482,2273,2,15
2039,fig|6666666.1036479.peg.3231,fig|6666666.1036479.peg.976,0.8752728939056397,0.004139866159893447,Very Low,Very Low,Very Low–Very Low,,,0,no STRING match,no STRING match,2482,2273,2,15
2040,fig|6666666.1036479.peg.3231,fig|6666666.1036479.peg.981,0.8752728939056397,0.004141896501315662,Very Low,Very Low,Very Low–Very Low,,,0,no STRING match,no STRING match,2482,2273,2,15
2041,fig|6666666.1036479.peg.3231,fig|6666666.1036479.peg.985,0.8752728939056397,0.004143926842737875,Very Low,Very Low,Very Low–Very Low,,,0,no STRING match,no STRING match,2482,2273,2,15
2042,fig|6666666.1036479.peg.3231,fig|6666666.1036479.peg.989,0.8752728939056397,0.004145957184160089,Very Low,Very Low,Very Low–Very Low,,,0,no STRING match,no STRING match,2482,2273,2,15
2043,fig|6666666.1036479.peg.3231,fig|6666666.1036479.peg.2489,0.8752728939056397,0.004147987525582302,Very Low,Very Low,Very Low–Very Low,,,0,no STRING match,no STRING match,2482,2273,2,15
2044,fig|6666666.1036479.peg.3231,fig|6666666.1036479.peg.2494,0.8752728939056397,0.004150017867004516,Very Low,Very Low,Very Low–Very Low,,,0,no STRING match,no STRING match,2482,2273,2,15
2045,fig|6666666.1036479.peg.3231,fig|6666666.1036479.peg.2498,0.8752728939056397,0.004152048208426729,Very Low,Very Low,Very Low–Very Low,,,0,no STRING match,no STRING match,2482,2273,2,15
2046,fig|6666666.1036479.peg.147,fig|6666666.1036479.peg.971,0.8752728939056397,0.004154078549848943,Very Low,Very Low,Very Low–Very Low,,,0,no STRING match,no STRING match,2482,2273,2,15
2047,fig|6666666.1036479.peg.147,fig|6666666.1036479.peg.976,0.8752728939056397,0.004156108891271156,Very Low,Very Low,Very Low–Very Low,,,0,no STRING match,no STRING match,2482,2273,2,15
2048,fig|6666666.1036479.peg.147,fig|6666666.1036479.peg.981,0.8752728939056397,0.00415813923269337,Very Low,Very Low,Very Low–Very Low,,,0,no STRING match,no STRING match,2482,2273,2,15
2049,fig|6666666.1036479.peg.147,fig|6666666.1036479.peg.985,0.8752728939056397,0.004160169574115583,Very Low,Very Low,Very Low–Very Low,,,0,no STRING match,no STRING match,2482,2273,2,15
2050,fig|6666666.1036479.peg.147,fig|6666666.1036479.peg.989,0.8752728939056397,0.004162199915537797,Very Low,Very Low,Very Low–Very Low,,,0,no STRING match,no STRING match,2482,2273,2,15
2051,fig|6666666.1036479.peg.147,fig|6666666.1036479.peg.2489,0.8752728939056397,0.00416423025696001,Very Low,Very Low,Very Low–Very Low,,,0,no STRING match,no STRING match,2482,2273,2,15
2052,fig|6666666.1036479.peg.147,fig|6666666.1036479.peg.2494,0.8752728939056397,0.004166260598382224,Very Low,Very Low,Very Low–Very Low,,,0,no STRING match,no STRING match,2482,2273,2,15
2053,fig|6666666.1036479.peg.147,fig|6666666.1036479.peg.2498,0.8752728939056397,0.004168290939804437,Very Low,Very Low,Very Low–Very Low,,,0,no STRING match,no STRING match,2482,2273,2,15
2054,fig|6666666.1036479.peg.3184,fig|6666666.1036479.peg.2436,0.8752505421638489,0.004170321281226651,Very Low,Medium,Very Low–Medium,,,0,no STRING match,no STRING match,2457,3033,1,1
2055,fig|6666666.1036479.peg.861,fig|6666666.1036479.peg.1894,0.875240558385849,0.004172351622648864,High,Medium,Medium–High,,Hypothetical protein.,0,no STRING match,secondary STRING hit (STRING protein assigned to a better match),2665,2912,1,1
2056,fig|6666666.1036479.peg.2924,fig|6666666.1036479.peg.1947,0.875221562385559,0.004174381964071079,Very Low,Medium,Very Low–Medium,,,0,no STRING match,no STRING match,2401,2930,1,1
2057,fig|6666666.1036479.peg.2535,fig|6666666.1036479.peg.881,0.8752136111259461,0.004176412305493292,Very Low,High,Very Low–High,,,0,no STRING match,no STRING match,2285,2674,1,1
2058,fig|6666666.1036479.peg.3015,fig|6666666.1036479.peg.2364,0.875212550163269,0.004178442646915506,Low,Medium,Low–Medium,,,0,no STRING match,no STRING match,2428,3022,1,1
2059,fig|6666666.1036479.peg.861,fig|6666666.1036479.peg.1074,0.8752049505710602,0.004180472988337719,High,High,High–High,,,0,no STRING match,no STRING match,2665,2706,1,1
2060,fig|6666666.1036479.peg.3188,fig|6666666.1036479.peg.1289,0.8751558601856232,0.004182503329759933,Medium,Very Low,Very Low–Medium,,,0,no STRING match,no STRING match,2461,2762,1,1
2061,fig|6666666.1036479.peg.2539,fig|6666666.1036479.peg.38,0.8751555800437927,0.004184533671182146,Low,Low,Low–Low,,,0,no STRING match,no STRING match,2289,2526,1,2
2062,fig|6666666.1036479.peg.2539,fig|6666666.1036479.peg.186,0.8751555800437927,0.00418656401260436,Low,Low,Low–Low,,,0,no STRING match,no STRING match,2289,2526,1,2
2063,fig|6666666.1036479.peg.3020,fig|6666666.1036479.peg.887,0.8751552999019623,0.004188594354026573,Low,Medium,Low–Medium,,,0,no STRING match,no STRING match,2433,2680,1,1
2064,fig|6666666.1036479.peg.881,fig|6666666.1036479.peg.1181,0.8751438915729522,0.004190624695448787,High,Very Low,Very Low–High,,,0,no STRING match,no STRING match,2674,2747,1,1
2065,fig|6666666.1036479.peg.370,fig|6666666.1036479.peg.714,0.8751434087753296,0.004192655036871,High,Low,Low–High,,,0,no STRING match,no STRING match,2579,2627,1,1
2066,fig|6666666.1036479.peg.3020,fig|6666666.1036479.peg.2093,0.875136548280716,0.004194685378293214,Low,Medium,Low–Medium,,,0,no STRING match,no STRING match,2433,2955,1,1
2067,fig|6666666.1036479.peg.89,fig|6666666.1036479.peg.2348,0.8751323997974396,0.004196715719715427,Very Low,High,Very Low–High,,,0,no STRING match,no STRING match,2542,3019,1,1
2068,fig|6666666.1036479.peg.573,fig|6666666.1036479.peg.723,0.8751021683216095,0.004198746061137641,Very Low,High,Very Low–High,Hypothetical protein.,,0,secondary STRING hit (STRING protein assigned to a better match),no STRING match,2601,2634,1,1
2069,fig|6666666.1036479.peg.2672,fig|6666666.1036479.peg.391,0.8750978350639343,0.004200776402559854,Medium,Medium,Medium–Medium,,,0,no STRING match,no STRING match,2341,2580,1,1
2070,fig|6666666.1036479.peg.866,fig|6666666.1036479.peg.1339,0.8750743687152862,0.004202806743982068,High,Very Low,Very Low–High,,,0,no STRING match,no STRING match,2667,2779,1,1
2071,fig|6666666.1036479.peg.1,fig|6666666.1036479.peg.370,0.8750437319278717,0.004204837085404281,Very Low,High,Very Low–High,,,0,no STRING match,no STRING match,2509,2579,1,1
2072,fig|6666666.1036479.peg.2523,fig|6666666.1036479.peg.2960,0.8750144064426422,0.004206867426826496,Low,Low,Low–Low,,,0,no STRING match,no STRING match,2282,2412,1,1
2073,fig|6666666.1036479.peg.861,fig|6666666.1036479.peg.2104,0.8749920845031738,0.004208897768248709,High,High,High–High,,,0,no STRING match,no STRING match,2665,2958,1,1
2074,fig|6666666.1036479.peg.2520,fig|6666666.1036479.peg.1300,0.8749914526939392,0.004210928109670923,Very Low,Low,Very Low–Low,,,0,no STRING match,no STRING match,2280,2763,1,1
2075,fig|6666666.1036479.peg.2588,fig|6666666.1036479.peg.882,0.8749728918075561,0.004212958451093136,Very Low,Very Low,Very Low–Very Low,,,0,no STRING match,no STRING match,2319,2675,1,1
2076,fig|6666666.1036479.peg.3010,fig|6666666.1036479.peg.719,0.8749645233154297,0.00421498879251535,Low,Medium,Low–Medium,,,0,no STRING match,no STRING match,2425,2630,1,1
2077,fig|6666666.1036479.peg.3223,fig|6666666.1036479.peg.1080,0.8749599993228913,0.004217019133937563,High,High,High–High,,,0,no STRING match,no STRING match,2474,2712,2,1
2078,fig|6666666.1036479.peg.139,fig|6666666.1036479.peg.1080,0.8749599993228913,0.004219049475359777,High,High,High–High,,,0,no STRING match,no STRING match,2474,2712,2,1
2079,fig|6666666.1036479.peg.573,fig|6666666.1036479.peg.2454,0.8749532520771026,0.00422107981678199,Very Low,Medium,Very Low–Medium,Hypothetical protein.,,0,secondary STRING hit (STRING protein assigned to a better match),no STRING match,2601,3037,1,1
2080,fig|6666666.1036479.peg.2520,fig|6666666.1036479.peg.2672,0.8749364733695983,0.004223110158204204,Very Low,Medium,Very Low–Medium,,,0,no STRING match,no STRING match,2280,2341,1,1
2081,fig|6666666.1036479.peg.2855,fig|6666666.1036479.peg.370,0.8749351680278779,0.004225140499626417,Very Low,High,Very Low–High,,,0,no STRING match,no STRING match,2374,2579,1,1
2082,fig|6666666.1036479.peg.882,fig|6666666.1036479.peg.1128,0.8748567938804627,0.004227170841048631,Very Low,Very Low,Very Low–Very Low,,,0,no STRING match,no STRING match,2675,2744,1,1
2083,fig|6666666.1036479.peg.3077,fig|6666666.1036479.peg.3231,0.8748521685600281,0.004229201182470844,Medium,Very Low,Very Low–Medium,,,0,no STRING match,no STRING match,2440,2482,1,2
2084,fig|6666666.1036479.peg.3077,fig|6666666.1036479.peg.147,0.8748521685600281,0.004231231523893058,Medium,Very Low,Very Low–Medium,,,0,no STRING match,no STRING match,2440,2482,1,2
2085,fig|6666666.1036479.peg.3107,fig|6666666.1036479.peg.1289,0.8748048722743988,0.004233261865315271,Very Low,Very Low,Very Low–Very Low,,,0,no STRING match,no STRING match,2444,2762,1,1
2086,fig|6666666.1036479.peg.2929,fig|6666666.1036479.peg.1657,0.8747159898281097,0.004235292206737485,Very Low,Medium,Very Low–Medium,Hypothetical protein.,,0,secondary STRING hit (STRING protein assigned to a better match),no STRING match,2404,2883,1,1
2087,fig|6666666.1036479.peg.2548,fig|6666666.1036479.peg.314,0.8747155785560607,0.004237322548159698,High,Very Low,Very Low–High,,,0,no STRING match,no STRING match,2298,2572,1,1
2088,fig|6666666.1036479.peg.89,fig|6666666.1036479.peg.391,0.8746873140335083,0.0042393528895819125,Very Low,Medium,Very Low–Medium,,,0,no STRING match,no STRING match,2542,2580,1,1
2089,fig|6666666.1036479.peg.1410,fig|6666666.1036479.peg.1947,0.8746444046497345,0.004241383231004126,Medium,Medium,Medium–Medium,,,0,no STRING match,no STRING match,2813,2930,1,1
2090,fig|6666666.1036479.peg.3213,fig|6666666.1036479.peg.38,0.8746374011039734,0.0042434135724263395,Very Low,Low,Very Low–Low,,,0,no STRING match,no STRING match,2470,2526,1,2
2091,fig|6666666.1036479.peg.3213,fig|6666666.1036479.peg.186,0.8746374011039734,0.004245443913848553,Very Low,Low,Very Low–Low,,,0,no STRING match,no STRING match,2470,2526,1,2
2092,fig|6666666.1036479.peg.36,fig|6666666.1036479.peg.573,0.8746371269226074,0.0042474742552707665,Medium,Very Low,Very Low–Medium,,Hypothetical protein.,0,no STRING match,secondary STRING hit (STRING protein assigned to a better match),2524,2601,2,1
2093,fig|6666666.1036479.peg.184,fig|6666666.1036479.peg.573,0.8746371269226074,0.00424950459669298,Medium,Very Low,Very Low–Medium,,Hypothetical protein.,0,no STRING match,secondary STRING hit (STRING protein assigned to a better match),2524,2601,2,1
2094,fig|6666666.1036479.peg.2672,fig|6666666.1036479.peg.1,0.874629819393158,0.0042515349381151936,Medium,Very Low,Very Low–Medium,,,0,no STRING match,no STRING match,2341,2509,1,1
2095,fig|6666666.1036479.peg.866,fig|6666666.1036479.peg.2093,0.8746211767196655,0.004253565279537407,High,Medium,Medium–High,,,0,no STRING match,no STRING match,2667,2955,1,1
2096,fig|6666666.1036479.peg.3017,fig|6666666.1036479.peg.3033,0.8746108472347259,0.0042555956209596206,Medium,Low,Low–Medium,,,0,no STRING match,no STRING match,2430,2437,1,1
2097,fig|6666666.1036479.peg.1617,fig|6666666.1036479.peg.1947,0.8745863676071167,0.004257625962381834,Low,Medium,Low–Medium,,,0,no STRING match,no STRING match,2864,2930,2,1
2098,fig|6666666.1036479.peg.1625,fig|6666666.1036479.peg.1947,0.8745863676071167,0.004259656303804048,Low,Medium,Low–Medium,,,0,no STRING match,no STRING match,2864,2930,2,1
2099,fig|6666666.1036479.peg.573,fig|6666666.1036479.peg.2405,0.8745605945587158,0.004261686645226261,Very Low,Medium,Very Low–Medium,Hypothetical protein.,Hypothetical protein; COG0605 Superoxide dismutase.,0,secondary STRING hit (STRING protein assigned to a better match),secondary STRING hit (STRING protein assigned to a better match),2601,3029,1,1
2100,fig|6666666.1036479.peg.2988,fig|6666666.1036479.peg.1410,0.8745587706565857,0.004263716986648475,Medium,Medium,Medium–Medium,Hypothetical protein.,,0,secondary STRING hit (STRING protein assigned to a better match),no STRING match,2416,2813,1,1
2101,fig|6666666.1036479.peg.2501,fig|6666666.1036479.peg.3017,0.8745281875133515,0.004265747328070688,High,Medium,Medium–High,,,0,no STRING match,no STRING match,2265,2430,1,1
2102,fig|6666666.1036479.peg.2672,fig|6666666.1036479.peg.2855,0.8745185911655426,0.004267777669492902,Medium,Very Low,Very Low–Medium,,,0,no STRING match,no STRING match,2341,2374,1,1
2103,fig|6666666.1036479.peg.866,fig|6666666.1036479.peg.1265,0.8744742274284363,0.004269808010915115,High,Low,Low–High,,,0,no STRING match,no STRING match,2667,2760,1,1
2104,fig|6666666.1036479.peg.2920,fig|6666666.1036479.peg.89,0.8744726777076721,0.0042718383523373295,Very Low,Very Low,Very Low–Very Low,,,0,no STRING match,no STRING match,2397,2542,1,1
2105,fig|6666666.1036479.peg.2672,fig|6666666.1036479.peg.48,0.8744691610336304,0.004273868693759543,Medium,Medium,Medium–Medium,,,0,no STRING match,no STRING match,2341,2536,1,1
2106,fig|6666666.1036479.peg.881,fig|6666666.1036479.peg.2436,0.8744552969932556,0.0042758990351817565,High,Medium,Medium–High,,,0,no STRING match,no STRING match,2674,3033,1,1
2107,fig|6666666.1036479.peg.3231,fig|6666666.1036479.peg.1657,0.8744457006454468,0.00427792937660397,Very Low,Medium,Very Low–Medium,,,0,no STRING match,no STRING match,2482,2883,2,1
2108,fig|6666666.1036479.peg.147,fig|6666666.1036479.peg.1657,0.8744457006454468,0.0042799597180261835,Very Low,Medium,Very Low–Medium,,,0,no STRING match,no STRING match,2482,2883,2,1
2109,fig|6666666.1036479.peg.281,fig|6666666.1036479.peg.881,0.8744440317153931,0.004281990059448397,Very Low,High,Very Low–High,,,0,no STRING match,no STRING match,2558,2674,1,1
2110,fig|6666666.1036479.peg.3020,fig|6666666.1036479.peg.36,0.874406921863556,0.0042840204008706105,Low,Medium,Low–Medium,,,0,no STRING match,no STRING match,2433,2524,1,2
2111,fig|6666666.1036479.peg.3020,fig|6666666.1036479.peg.184,0.874406921863556,0.004286050742292824,Low,Medium,Low–Medium,,,0,no STRING match,no STRING match,2433,2524,1,2
2112,fig|6666666.1036479.peg.3010,fig|6666666.1036479.peg.728,0.8744036018848419,0.0042880810837150375,Low,Medium,Low–Medium,,,0,no STRING match,no STRING match,2425,2639,1,1
2113,fig|6666666.1036479.peg.2918,fig|6666666.1036479.peg.2025,0.8744028627872467,0.004290111425137251,Very Low,Very Low,Very Low–Very Low,,,0,no STRING match,no STRING match,2396,2950,1,1
2114,fig|6666666.1036479.peg.2524,fig|6666666.1036479.peg.1080,0.8743861436843872,0.0042921417665594645,Low,High,Low–High,,,0,no STRING match,no STRING match,2283,2712,1,1
2115,fig|6666666.1036479.peg.1657,fig|6666666.1036479.peg.2348,0.8743624806404113,0.004294172107981678,Medium,High,Medium–High,,,0,no STRING match,no STRING match,2883,3019,1,1
2116,fig|6666666.1036479.peg.3015,fig|6666666.1036479.peg.1289,0.8743248581886292,0.0042962024494038915,Low,Very Low,Very Low–Low,,,0,no STRING match,no STRING match,2428,2762,1,1
2117,fig|6666666.1036479.peg.2604,fig|6666666.1036479.peg.370,0.8743064284324646,0.004298232790826105,Low,High,Low–High,,,0,no STRING match,no STRING match,2321,2579,1,1
2118,fig|6666666.1036479.peg.728,fig|6666666.1036479.peg.2455,0.8742933213710785,0.0043002631322483185,Medium,Medium,Medium–Medium,,,0,no STRING match,no STRING match,2639,3038,1,1
2119,fig|6666666.1036479.peg.725,fig|6666666.1036479.peg.881,0.8742268681526184,0.004302293473670532,Very Low,High,Very Low–High,,,0,no STRING match,no STRING match,2636,2674,1,1
2120,fig|6666666.1036479.peg.2517,fig|6666666.1036479.peg.866,0.8742260694503784,0.004304323815092746,Medium,High,Medium–High,,,0,no STRING match,no STRING match,2279,2667,1,1
2121,fig|6666666.1036479.peg.370,fig|6666666.1036479.peg.1092,0.874207466840744,0.00430635415651496,High,Very Low,Very Low–High,,,0,no STRING match,no STRING match,2579,2715,1,1
2122,fig|6666666.1036479.peg.392,fig|6666666.1036479.peg.861,0.8741771399974823,0.0043083844979371734,Very Low,High,Very Low–High,,,0,no STRING match,no STRING match,2581,2665,1,1
2123,fig|6666666.1036479.peg.38,fig|6666666.1036479.peg.236,0.8741557598114014,0.004310414839359387,Low,Very Low,Very Low–Low,,,0,no STRING match,no STRING match,2526,2552,2,1
2124,fig|6666666.1036479.peg.186,fig|6666666.1036479.peg.236,0.8741557598114014,0.0043124451807816004,Low,Very Low,Very Low–Low,,,0,no STRING match,no STRING match,2526,2552,2,1
2125,fig|6666666.1036479.peg.2539,fig|6666666.1036479.peg.3231,0.8741462588310241,0.004314475522203814,Low,Very Low,Very Low–Low,,,0,no STRING match,no STRING match,2289,2482,1,2
2126,fig|6666666.1036479.peg.2539,fig|6666666.1036479.peg.147,0.8741462588310241,0.0043165058636260275,Low,Very Low,Very Low–Low,,,0,no STRING match,no STRING match,2289,2482,1,2
2127,fig|6666666.1036479.peg.2948,fig|6666666.1036479.peg.889,0.8741369605064392,0.004318536205048241,High,Low,Low–High,,,0,no STRING match,no STRING match,2410,2682,1,1
2128,fig|6666666.1036479.peg.861,fig|6666666.1036479.peg.1959,0.8741232454776764,0.0043205665464704545,High,Low,Low–High,,,0,no STRING match,no STRING match,2665,2941,1,1
2129,fig|6666666.1036479.peg.3222,fig|6666666.1036479.peg.719,0.8741180777549744,0.004322596887892668,Medium,Medium,Medium–Medium,,,0,no STRING match,no STRING match,2473,2630,2,1
2130,fig|6666666.1036479.peg.138,fig|6666666.1036479.peg.719,0.8741180777549744,0.0043246272293148815,Medium,Medium,Medium–Medium,,,0,no STRING match,no STRING match,2473,2630,2,1
2131,fig|6666666.1036479.peg.370,fig|6666666.1036479.peg.1857,0.8740633428096771,0.004326657570737095,High,Medium,Medium–High,,,0,no STRING match,no STRING match,2579,2910,1,1
2132,fig|6666666.1036479.peg.1289,fig|6666666.1036479.peg.1377,0.8740589320659637,0.0043286879121593085,Very Low,Very Low,Very Low–Very Low,,,0,no STRING match,no STRING match,2762,2809,1,1
2133,fig|6666666.1036479.peg.659,fig|6666666.1036479.peg.1289,0.8740344166755676,0.004330718253581522,Very Low,Very Low,Very Low–Very Low,,,0,no STRING match,no STRING match,2617,2762,1,1
2134,fig|6666666.1036479.peg.861,fig|6666666.1036479.peg.1919,0.874031925201416,0.0043327485950037355,High,Very Low,Very Low–High,,,0,no STRING match,no STRING match,2665,2920,1,1
2135,fig|6666666.1036479.peg.318,fig|6666666.1036479.peg.1966,0.8740312814712524,0.004334778936425949,Low,Very Low,Very Low–Low,,,0,no STRING match,no STRING match,2576,2946,1,1
2136,fig|6666666.1036479.peg.1566,fig|6666666.1036479.peg.2348,0.8740073502063751,0.004336809277848163,High,High,High–High,,,0,no STRING match,no STRING match,2838,3019,1,1
2137,fig|6666666.1036479.peg.573,fig|6666666.1036479.peg.887,0.8739856362342835,0.004338839619270377,Very Low,Medium,Very Low–Medium,Hypothetical protein.,,0,secondary STRING hit (STRING protein assigned to a better match),no STRING match,2601,2680,1,1
2138,fig|6666666.1036479.peg.1308,fig|6666666.1036479.peg.1946,0.8739853858947754,0.00434086996069259,Medium,Medium,Medium–Medium,,,0,no STRING match,no STRING match,2764,2929,1,1
2139,fig|6666666.1036479.peg.2948,fig|6666666.1036479.peg.2454,0.8739753544330597,0.004342900302114804,High,Medium,Medium–High,,,0,no STRING match,no STRING match,2410,3037,1,1
2140,fig|6666666.1036479.peg.3020,fig|6666666.1036479.peg.1945,0.8739639282226562,0.004344930643537017,Low,Very Low,Very Low–Low,,,0,no STRING match,no STRING match,2433,2928,1,1
2141,fig|6666666.1036479.peg.370,fig|6666666.1036479.peg.2106,0.8739550113677979,0.004346960984959231,High,High,High–High,,Hypothetical protein.,0,no STRING match,secondary STRING hit (STRING protein assigned to a better match),2579,2959,1,1
2142,fig|6666666.1036479.peg.3010,fig|6666666.1036479.peg.2114,0.8739542365074158,0.004348991326381444,Low,Very Low,Very Low–Low,,"COG1629 Outer membrane receptor proteins, mostly Fe transport.",0,no STRING match,secondary STRING hit (STRING protein assigned to a better match),2425,2964,1,1
2143,fig|6666666.1036479.peg.36,fig|6666666.1036479.peg.1947,0.8739457547664642,0.004351021667803658,Medium,Medium,Medium–Medium,,,0,no STRING match,no STRING match,2524,2930,2,1
2144,fig|6666666.1036479.peg.184,fig|6666666.1036479.peg.1947,0.8739457547664642,0.004353052009225871,Medium,Medium,Medium–Medium,,,0,no STRING match,no STRING match,2524,2930,2,1
2145,fig|6666666.1036479.peg.107,fig|6666666.1036479.peg.861,0.8739338219165802,0.004355082350648085,Very Low,High,Very Low–High,,,0,no STRING match,no STRING match,2544,2665,1,1
2146,fig|6666666.1036479.peg.3184,fig|6666666.1036479.peg.236,0.8739104628562927,0.004357112692070298,Very Low,Very Low,Very Low–Very Low,,,0,no STRING match,no STRING match,2457,2552,1,1
2147,fig|6666666.1036479.peg.392,fig|6666666.1036479.peg.866,0.8739101111888885,0.004359143033492512,Very Low,High,Very Low–High,,,0,no STRING match,no STRING match,2581,2667,1,1
2148,fig|6666666.1036479.peg.2548,fig|6666666.1036479.peg.1913,0.873879474401474,0.0043611733749147254,High,Very Low,Very Low–High,,,0,no STRING match,no STRING match,2298,2917,1,1
2149,fig|6666666.1036479.peg.2672,fig|6666666.1036479.peg.2156,0.8738768637180329,0.004363203716336939,Medium,Very Low,Very Low–Medium,,,0,no STRING match,no STRING match,2341,2977,1,1
2150,fig|6666666.1036479.peg.3017,fig|6666666.1036479.peg.1339,0.873867517709732,0.0043652340577591525,Medium,Very Low,Very Low–Medium,,,0,no STRING match,no STRING match,2430,2779,1,1
2151,fig|6666666.1036479.peg.2960,fig|6666666.1036479.peg.3033,0.8738529860973359,0.004367264399181366,Low,Low,Low–Low,,,0,no STRING match,no STRING match,2412,2437,1,1
2152,fig|6666666.1036479.peg.3017,fig|6666666.1036479.peg.3223,0.8738493323326111,0.00436929474060358,Medium,High,Medium–High,,,0,no STRING match,no STRING match,2430,2474,1,2
2153,fig|6666666.1036479.peg.3017,fig|6666666.1036479.peg.139,0.8738493323326111,0.004371325082025794,Medium,High,Medium–High,,,0,no STRING match,no STRING match,2430,2474,1,2
2154,fig|6666666.1036479.peg.726,fig|6666666.1036479.peg.1300,0.8738412201404572,0.004373355423448007,Very Low,Low,Very Low–Low,,,0,no STRING match,no STRING match,2637,2763,1,1
2155,fig|6666666.1036479.peg.2548,fig|6666666.1036479.peg.107,0.8738327741622924,0.004375385764870221,High,Very Low,Very Low–High,,,0,no STRING match,no STRING match,2298,2544,1,1
2156,fig|6666666.1036479.peg.74,fig|6666666.1036479.peg.1289,0.8738226175308228,0.004377416106292434,Very Low,Very Low,Very Low–Very Low,,,0,no STRING match,no STRING match,2538,2762,1,1
2157,fig|6666666.1036479.peg.307,fig|6666666.1036479.peg.1602,0.8737999439239502,0.004379446447714648,Very Low,Very Low,Very Low–Very Low,,,0,no STRING match,no STRING match,2567,2860,1,2
2158,fig|6666666.1036479.peg.307,fig|6666666.1036479.peg.1609,0.8737999439239502,0.004381476789136861,Very Low,Very Low,Very Low–Very Low,,,0,no STRING match,no STRING match,2567,2860,1,2
2159,fig|6666666.1036479.peg.2548,fig|6666666.1036479.peg.1857,0.873778349161148,0.004383507130559075,High,Medium,Medium–High,,,0,no STRING match,no STRING match,2298,2910,1,1
2160,fig|6666666.1036479.peg.889,fig|6666666.1036479.peg.1289,0.8737736761569976,0.004385537471981288,Low,Very Low,Very Low–Low,,,0,no STRING match,no STRING match,2682,2762,1,1
2161,fig|6666666.1036479.peg.3222,fig|6666666.1036479.peg.728,0.8737426161766052,0.004387567813403502,Medium,Medium,Medium–Medium,,,0,no STRING match,no STRING match,2473,2639,2,1
2162,fig|6666666.1036479.peg.138,fig|6666666.1036479.peg.728,0.8737426161766052,0.004389598154825715,Medium,Medium,Medium–Medium,,,0,no STRING match,no STRING match,2473,2639,2,1
2163,fig|6666666.1036479.peg.881,fig|6666666.1036479.peg.2145,0.873725813627243,0.004391628496247929,High,Very Low,Very Low–High,,,0,no STRING match,no STRING match,2674,2973,1,1
2164,fig|6666666.1036479.peg.2535,fig|6666666.1036479.peg.1300,0.8736989200115204,0.004393658837670142,Very Low,Low,Very Low–Low,,,0,no STRING match,no STRING match,2285,2763,1,1
2165,fig|6666666.1036479.peg.370,fig|6666666.1036479.peg.1207,0.8736741125583649,0.004395689179092356,High,Low,Low–High,,,0,no STRING match,no STRING match,2579,2750,1,1
2166,fig|6666666.1036479.peg.38,fig|6666666.1036479.peg.1566,0.8736701905727386,0.004397719520514569,Low,High,Low–High,,,0,no STRING match,no STRING match,2526,2838,2,1
2167,fig|6666666.1036479.peg.186,fig|6666666.1036479.peg.1566,0.8736701905727386,0.004399749861936783,Low,High,Low–High,,,0,no STRING match,no STRING match,2526,2838,2,1
2168,fig|6666666.1036479.peg.289,fig|6666666.1036479.peg.370,0.8736553609371185,0.004401780203358997,High,High,High–High,Hypothetical protein.,,0,secondary STRING hit (STRING protein assigned to a better match),no STRING match,2559,2579,1,1
2169,fig|6666666.1036479.peg.2672,fig|6666666.1036479.peg.1959,0.8735856771469116,0.004403810544781211,Medium,Low,Low–Medium,,,0,no STRING match,no STRING match,2341,2941,1,1
2170,fig|6666666.1036479.peg.391,fig|6666666.1036479.peg.1080,0.8735838770866394,0.004405840886203424,Medium,High,Medium–High,,,0,no STRING match,no STRING match,2580,2712,1,1
2171,fig|6666666.1036479.peg.2948,fig|6666666.1036479.peg.724,0.8735741555690766,0.004407871227625638,High,Medium,Medium–High,,,0,no STRING match,no STRING match,2410,2635,1,1
2172,fig|6666666.1036479.peg.236,fig|6666666.1036479.peg.1657,0.8735611498355865,0.004409901569047851,Very Low,Medium,Very Low–Medium,,,0,no STRING match,no STRING match,2552,2883,1,1
2173,fig|6666666.1036479.peg.720,fig|6666666.1036479.peg.1308,0.8735525190830231,0.004411931910470065,High,Medium,Medium–High,,,0,no STRING match,no STRING match,2631,2764,1,1
2174,fig|6666666.1036479.peg.2588,fig|6666666.1036479.peg.1565,0.873537689447403,0.004413962251892278,Very Low,Very Low,Very Low–Very Low,,,0,no STRING match,no STRING match,2319,2837,1,1
2175,fig|6666666.1036479.peg.48,fig|6666666.1036479.peg.861,0.8734750509262085,0.004415992593314492,Medium,High,Medium–High,,,0,no STRING match,no STRING match,2536,2665,1,1
2176,fig|6666666.1036479.peg.289,fig|6666666.1036479.peg.1947,0.8734650909900665,0.004418022934736705,High,Medium,Medium–High,Hypothetical protein.,,0,secondary STRING hit (STRING protein assigned to a better match),no STRING match,2559,2930,1,1
2177,fig|6666666.1036479.peg.861,fig|6666666.1036479.peg.1115,0.8734645903110504,0.004420053276158919,High,Very Low,Very Low–High,,,0,no STRING match,no STRING match,2665,2731,1,1
2178,fig|6666666.1036479.peg.2960,fig|6666666.1036479.peg.719,0.873451191186905,0.004422083617581132,Low,Medium,Low–Medium,,,0,no STRING match,no STRING match,2412,2630,1,1
2179,fig|6666666.1036479.peg.2960,fig|6666666.1036479.peg.3184,0.873447448015213,0.004424113959003346,Low,Very Low,Very Low–Low,,,0,no STRING match,no STRING match,2412,2457,1,1
2180,fig|6666666.1036479.peg.659,fig|6666666.1036479.peg.881,0.8734448194503784,0.004426144300425559,Very Low,High,Very Low–High,,,0,no STRING match,no STRING match,2617,2674,1,1
2181,fig|6666666.1036479.peg.2948,fig|6666666.1036479.peg.2987,0.8734400033950805,0.004428174641847773,High,Very Low,Very Low–High,,,0,no STRING match,no STRING match,2410,2415,1,1
2182,fig|6666666.1036479.peg.861,fig|6666666.1036479.peg.1784,0.8734219431877136,0.004430204983269986,High,Very Low,Very Low–High,,,0,no STRING match,no STRING match,2665,2897,1,1
2183,fig|6666666.1036479.peg.236,fig|6666666.1036479.peg.728,0.8734159588813781,0.0044322353246922,Very Low,Medium,Very Low–Medium,,,0,no STRING match,no STRING match,2552,2639,1,1
2184,fig|6666666.1036479.peg.719,fig|6666666.1036479.peg.1300,0.8734060883522033,0.004434265666114414,Medium,Low,Low–Medium,,,0,no STRING match,no STRING match,2630,2763,1,1
2185,fig|6666666.1036479.peg.1945,fig|6666666.1036479.peg.1947,0.87339546084404,0.004436296007536628,Very Low,Medium,Very Low–Medium,,,0,no STRING match,no STRING match,2928,2930,1,1
2186,fig|6666666.1036479.peg.2532,fig|6666666.1036479.peg.1566,0.8733798146247864,0.004438326348958841,Low,High,Low–High,,,0,no STRING match,no STRING match,2284,2838,4,1
2187,fig|6666666.1036479.peg.3171,fig|6666666.1036479.peg.1566,0.8733798146247864,0.004440356690381055,Low,High,Low–High,,,0,no STRING match,no STRING match,2284,2838,4,1
2188,fig|6666666.1036479.peg.987,fig|6666666.1036479.peg.1566,0.8733798146247864,0.004442387031803268,Low,High,Low–High,,,0,no STRING match,no STRING match,2284,2838,4,1
2189,fig|6666666.1036479.peg.1566,fig|6666666.1036479.peg.2492,0.8733798146247864,0.004444417373225482,High,Low,Low–High,,,0,no STRING match,no STRING match,2838,2284,1,4
2190,fig|6666666.1036479.peg.719,fig|6666666.1036479.peg.2455,0.8733488857746124,0.004446447714647695,Medium,Medium,Medium–Medium,,,0,no STRING match,no STRING match,2630,3038,1,1
2191,fig|6666666.1036479.peg.861,fig|6666666.1036479.peg.1178,0.8733421683311462,0.004448478056069909,High,Very Low,Very Low–High,,,0,no STRING match,no STRING match,2665,2745,1,1
2192,fig|6666666.1036479.peg.411,fig|6666666.1036479.peg.1655,0.8733315527439117,0.004450508397492122,Low,Medium,Low–Medium,Hypothetical protein.,,0,secondary STRING hit (STRING protein assigned to a better match),no STRING match,2585,2882,1,1
2193,fig|6666666.1036479.peg.3020,fig|6666666.1036479.peg.1913,0.8732853472232819,0.004452538738914336,Low,Very Low,Very Low–Low,,,0,no STRING match,no STRING match,2433,2917,1,1
2194,fig|6666666.1036479.peg.2672,fig|6666666.1036479.peg.74,0.8732813715934753,0.004454569080336549,Medium,Very Low,Very Low–Medium,,,0,no STRING match,no STRING match,2341,2538,1,1
2195,fig|6666666.1036479.peg.726,fig|6666666.1036479.peg.881,0.8732702016830445,0.004456599421758763,Very Low,High,Very Low–High,,,0,no STRING match,no STRING match,2637,2674,1,1
2196,fig|6666666.1036479.peg.38,fig|6666666.1036479.peg.1080,0.8732527077198029,0.004458629763180976,Low,High,Low–High,,,0,no STRING match,no STRING match,2526,2712,2,1
2197,fig|6666666.1036479.peg.186,fig|6666666.1036479.peg.1080,0.8732527077198029,0.00446066010460319,Low,High,Low–High,,,0,no STRING match,no STRING match,2526,2712,2,1
2198,fig|6666666.1036479.peg.2960,fig|6666666.1036479.peg.2436,0.8732517957687378,0.004462690446025403,Low,Medium,Low–Medium,,,0,no STRING match,no STRING match,2412,3033,1,1
2199,fig|6666666.1036479.peg.551,fig|6666666.1036479.peg.861,0.8732502341270447,0.004464720787447617,Very Low,High,Very Low–High,,,0,no STRING match,no STRING match,2597,2665,1,1
2200,fig|6666666.1036479.peg.882,fig|6666666.1036479.peg.1966,0.8732440650463105,0.004466751128869831,Very Low,Very Low,Very Low–Very Low,,,0,no STRING match,no STRING match,2675,2946,1,1
2201,fig|6666666.1036479.peg.2506,fig|6666666.1036479.peg.3077,0.873240613937378,0.004468781470292045,Very Low,Medium,Very Low–Medium,,,0,no STRING match,no STRING match,2270,2440,6,1
2202,fig|6666666.1036479.peg.2516,fig|6666666.1036479.peg.3077,0.873240613937378,0.004470811811714258,Very Low,Medium,Very Low–Medium,,,0,no STRING match,no STRING match,2270,2440,6,1
2203,fig|6666666.1036479.peg.2522,fig|6666666.1036479.peg.3077,0.873240613937378,0.004472842153136472,Very Low,Medium,Very Low–Medium,,,0,no STRING match,no STRING match,2270,2440,6,1
2204,fig|6666666.1036479.peg.3077,fig|6666666.1036479.peg.974,0.873240613937378,0.004474872494558685,Medium,Very Low,Very Low–Medium,,,0,no STRING match,no STRING match,2440,2270,1,6
2205,fig|6666666.1036479.peg.3077,fig|6666666.1036479.peg.979,0.873240613937378,0.004476902835980899,Medium,Very Low,Very Low–Medium,,,0,no STRING match,no STRING match,2440,2270,1,6
2206,fig|6666666.1036479.peg.3077,fig|6666666.1036479.peg.2491,0.873240613937378,0.004478933177403112,Medium,Very Low,Very Low–Medium,,,0,no STRING match,no STRING match,2440,2270,1,6
2207,fig|6666666.1036479.peg.881,fig|6666666.1036479.peg.1082,0.8732298195362092,0.004480963518825326,High,Medium,Medium–High,,,0,no STRING match,no STRING match,2674,2714,1,1
2208,fig|6666666.1036479.peg.2509,fig|6666666.1036479.peg.3017,0.8732120513916015,0.004482993860247539,Very Low,Medium,Very Low–Medium,,,0,no STRING match,no STRING match,2273,2430,15,1
2209,fig|6666666.1036479.peg.2513,fig|6666666.1036479.peg.3017,0.8732120513916015,0.004485024201669753,Very Low,Medium,Very Low–Medium,,,0,no STRING match,no STRING match,2273,2430,15,1
2210,fig|6666666.1036479.peg.2519,fig|6666666.1036479.peg.3017,0.8732120513916015,0.004487054543091966,Very Low,Medium,Very Low–Medium,,,0,no STRING match,no STRING match,2273,2430,15,1
2211,fig|6666666.1036479.peg.2526,fig|6666666.1036479.peg.3017,0.8732120513916015,0.00448908488451418,Very Low,Medium,Very Low–Medium,,,0,no STRING match,no STRING match,2273,2430,15,1
2212,fig|6666666.1036479.peg.2530,fig|6666666.1036479.peg.3017,0.8732120513916015,0.004491115225936393,Very Low,Medium,Very Low–Medium,,,0,no STRING match,no STRING match,2273,2430,15,1
2213,fig|6666666.1036479.peg.2534,fig|6666666.1036479.peg.3017,0.8732120513916015,0.004493145567358607,Very Low,Medium,Very Low–Medium,,,0,no STRING match,no STRING match,2273,2430,15,1
2214,fig|6666666.1036479.peg.3017,fig|6666666.1036479.peg.3173,0.8732120513916015,0.00449517590878082,Medium,Very Low,Very Low–Medium,,,0,no STRING match,no STRING match,2430,2273,1,15
2215,fig|6666666.1036479.peg.3017,fig|6666666.1036479.peg.971,0.8732120513916015,0.004497206250203034,Medium,Very Low,Very Low–Medium,,,0,no STRING match,no STRING match,2430,2273,1,15
2216,fig|6666666.1036479.peg.3017,fig|6666666.1036479.peg.976,0.8732120513916015,0.004499236591625248,Medium,Very Low,Very Low–Medium,,,0,no STRING match,no STRING match,2430,2273,1,15
2217,fig|6666666.1036479.peg.3017,fig|6666666.1036479.peg.981,0.8732120513916015,0.004501266933047462,Medium,Very Low,Very Low–Medium,,,0,no STRING match,no STRING match,2430,2273,1,15
2218,fig|6666666.1036479.peg.3017,fig|6666666.1036479.peg.985,0.8732120513916015,0.004503297274469675,Medium,Very Low,Very Low–Medium,,,0,no STRING match,no STRING match,2430,2273,1,15
2219,fig|6666666.1036479.peg.3017,fig|6666666.1036479.peg.989,0.8732120513916015,0.004505327615891889,Medium,Very Low,Very Low–Medium,,,0,no STRING match,no STRING match,2430,2273,1,15
2220,fig|6666666.1036479.peg.3017,fig|6666666.1036479.peg.2489,0.8732120513916015,0.004507357957314102,Medium,Very Low,Very Low–Medium,,,0,no STRING match,no STRING match,2430,2273,1,15
2221,fig|6666666.1036479.peg.3017,fig|6666666.1036479.peg.2494,0.8732120513916015,0.004509388298736316,Medium,Very Low,Very Low–Medium,,,0,no STRING match,no STRING match,2430,2273,1,15
2222,fig|6666666.1036479.peg.3017,fig|6666666.1036479.peg.2498,0.8732120513916015,0.004511418640158529,Medium,Very Low,Very Low–Medium,,,0,no STRING match,no STRING match,2430,2273,1,15
2223,fig|6666666.1036479.peg.3079,fig|6666666.1036479.peg.866,0.8732076466083527,0.004513448981580743,Very Low,High,Very Low–High,,,0,no STRING match,no STRING match,2442,2667,1,1
2224,fig|6666666.1036479.peg.2514,fig|6666666.1036479.peg.2548,0.8731974542140961,0.004515479323002956,Very Low,High,Very Low–High,,,0,no STRING match,no STRING match,2277,2298,1,1
2225,fig|6666666.1036479.peg.2520,fig|6666666.1036479.peg.1289,0.8731637120246887,0.00451750966442517,Very Low,Very Low,Very Low–Very Low,,,0,no STRING match,no STRING match,2280,2762,1,1
2226,fig|6666666.1036479.peg.370,fig|6666666.1036479.peg.1655,0.8731503188610077,0.004519540005847383,High,Medium,Medium–High,,,0,no STRING match,no STRING match,2579,2882,1,1
2227,fig|6666666.1036479.peg.2672,fig|6666666.1036479.peg.1850,0.8731424152851105,0.004521570347269597,Medium,Very Low,Very Low–Medium,,,0,no STRING match,no STRING match,2341,2907,1,1
2228,fig|6666666.1036479.peg.1289,fig|6666666.1036479.peg.1617,0.8731228590011597,0.00452360068869181,Very Low,Low,Very Low–Low,,,0,no STRING match,no STRING match,2762,2864,1,2
2229,fig|6666666.1036479.peg.1289,fig|6666666.1036479.peg.1625,0.8731228590011597,0.004525631030114024,Very Low,Low,Very Low–Low,,,0,no STRING match,no STRING match,2762,2864,1,2
2230,fig|6666666.1036479.peg.411,fig|6666666.1036479.peg.1207,0.8731221139431,0.004527661371536237,Low,Low,Low–Low,Hypothetical protein.,,0,secondary STRING hit (STRING protein assigned to a better match),no STRING match,2585,2750,1,1
2231,fig|6666666.1036479.peg.2672,fig|6666666.1036479.peg.1957,0.8730923354625701,0.004529691712958451,Medium,Medium,Medium–Medium,,,0,no STRING match,no STRING match,2341,2939,1,1
2232,fig|6666666.1036479.peg.2988,fig|6666666.1036479.peg.36,0.8730732202529907,0.004531722054380665,Medium,Medium,Medium–Medium,Hypothetical protein.,,0,secondary STRING hit (STRING protein assigned to a better match),no STRING match,2416,2524,1,2
2233,fig|6666666.1036479.peg.2988,fig|6666666.1036479.peg.184,0.8730732202529907,0.004533752395802879,Medium,Medium,Medium–Medium,Hypothetical protein.,,0,secondary STRING hit (STRING protein assigned to a better match),no STRING match,2416,2524,1,2
2234,fig|6666666.1036479.peg.2948,fig|6666666.1036479.peg.1655,0.8730206310749054,0.004535782737225092,High,Medium,Medium–High,,,0,no STRING match,no STRING match,2410,2882,1,1
2235,fig|6666666.1036479.peg.3020,fig|6666666.1036479.peg.1617,0.8730065822601318,0.004537813078647306,Low,Low,Low–Low,,,0,no STRING match,no STRING match,2433,2864,1,2
2236,fig|6666666.1036479.peg.3020,fig|6666666.1036479.peg.1625,0.8730065822601318,0.004539843420069519,Low,Low,Low–Low,,,0,no STRING match,no STRING match,2433,2864,1,2
2237,fig|6666666.1036479.peg.3223,fig|6666666.1036479.peg.1566,0.8730027735233307,0.004541873761491733,High,High,High–High,,,0,no STRING match,no STRING match,2474,2838,2,1
2238,fig|6666666.1036479.peg.139,fig|6666666.1036479.peg.1566,0.8730027735233307,0.004543904102913946,High,High,High–High,,,0,no STRING match,no STRING match,2474,2838,2,1
2239,fig|6666666.1036479.peg.889,fig|6666666.1036479.peg.1947,0.8729915857315064,0.00454593444433616,Low,Medium,Low–Medium,,,0,no STRING match,no STRING match,2682,2930,1,1
2240,fig|6666666.1036479.peg.1092,fig|6666666.1036479.peg.1947,0.8729841351509094,0.004547964785758373,Very Low,Medium,Very Low–Medium,,,0,no STRING match,no STRING match,2715,2930,1,1
2241,fig|6666666.1036479.peg.1308,fig|6666666.1036479.peg.2106,0.8729764580726623,0.004549995127180587,Medium,High,Medium–High,,Hypothetical protein.,0,no STRING match,secondary STRING hit (STRING protein assigned to a better match),2764,2959,1,1
2242,fig|6666666.1036479.peg.725,fig|6666666.1036479.peg.2455,0.8729663252830505,0.0045520254686028,Very Low,Medium,Very Low–Medium,,,0,no STRING match,no STRING match,2636,3038,1,1
2243,fig|6666666.1036479.peg.2539,fig|6666666.1036479.peg.1947,0.8729653656482697,0.004554055810025014,Low,Medium,Low–Medium,,,0,no STRING match,no STRING match,2289,2930,1,1
2244,fig|6666666.1036479.peg.725,fig|6666666.1036479.peg.942,0.8729613304138184,0.004556086151447227,Very Low,Very Low,Very Low–Very Low,,,0,no STRING match,no STRING match,2636,2691,1,1
2245,fig|6666666.1036479.peg.36,fig|6666666.1036479.peg.370,0.872961300611496,0.004558116492869441,Medium,High,Medium–High,,,0,no STRING match,no STRING match,2524,2579,2,1
2246,fig|6666666.1036479.peg.184,fig|6666666.1036479.peg.370,0.872961300611496,0.004560146834291654,Medium,High,Medium–High,,,0,no STRING match,no STRING match,2524,2579,2,1
2247,fig|6666666.1036479.peg.2556,fig|6666666.1036479.peg.411,0.8729351401329041,0.004562177175713868,High,Low,Low–High,,Hypothetical protein.,0,no STRING match,secondary STRING hit (STRING protein assigned to a better match),2306,2585,2,1
2248,fig|6666666.1036479.peg.2564,fig|6666666.1036479.peg.411,0.8729351401329041,0.004564207517136082,High,Low,Low–High,,Hypothetical protein.,0,no STRING match,secondary STRING hit (STRING protein assigned to a better match),2306,2585,2,1
2249,fig|6666666.1036479.peg.2672,fig|6666666.1036479.peg.1344,0.8729304671287537,0.0045662378585582955,Medium,Very Low,Very Low–Medium,,,0,no STRING match,no STRING match,2341,2782,1,1
2250,fig|6666666.1036479.peg.1657,fig|6666666.1036479.peg.2092,0.8729093790054321,0.004568268199980509,Medium,Medium,Medium–Medium,,,0,no STRING match,no STRING match,2883,2954,1,1
2251,fig|6666666.1036479.peg.2960,fig|6666666.1036479.peg.3078,0.8729046165943146,0.0045702985414027225,Low,Medium,Low–Medium,,,0,no STRING match,no STRING match,2412,2441,1,1
2252,fig|6666666.1036479.peg.3079,fig|6666666.1036479.peg.881,0.8728920161724091,0.004572328882824936,Very Low,High,Very Low–High,,,0,no STRING match,no STRING match,2442,2674,1,1
2253,fig|6666666.1036479.peg.3004,fig|6666666.1036479.peg.881,0.8728750646114349,0.0045743592242471496,Very Low,High,Very Low–High,,,0,no STRING match,no STRING match,2419,2674,1,1
2254,fig|6666666.1036479.peg.3191,fig|6666666.1036479.peg.1947,0.8728743493556976,0.004576389565669363,Medium,Medium,Medium–Medium,,,0,no STRING match,no STRING match,2464,2930,1,1
2255,fig|6666666.1036479.peg.2506,fig|6666666.1036479.peg.1494,0.8728693008422852,0.004578419907091577,Very Low,Very Low,Very Low–Very Low,,,0,no STRING match,no STRING match,2270,2824,6,1
2256,fig|6666666.1036479.peg.2516,fig|6666666.1036479.peg.1494,0.8728693008422852,0.00458045024851379,Very Low,Very Low,Very Low–Very Low,,,0,no STRING match,no STRING match,2270,2824,6,1
2257,fig|6666666.1036479.peg.2522,fig|6666666.1036479.peg.1494,0.8728693008422852,0.004582480589936004,Very Low,Very Low,Very Low–Very Low,,,0,no STRING match,no STRING match,2270,2824,6,1
2258,fig|6666666.1036479.peg.974,fig|6666666.1036479.peg.1494,0.8728693008422852,0.004584510931358217,Very Low,Very Low,Very Low–Very Low,,,0,no STRING match,no STRING match,2270,2824,6,1
2259,fig|6666666.1036479.peg.979,fig|6666666.1036479.peg.1494,0.8728693008422852,0.004586541272780431,Very Low,Very Low,Very Low–Very Low,,,0,no STRING match,no STRING match,2270,2824,6,1
2260,fig|6666666.1036479.peg.1494,fig|6666666.1036479.peg.2491,0.8728693008422852,0.004588571614202644,Very Low,Very Low,Very Low–Very Low,,,0,no STRING match,no STRING match,2824,2270,1,6
2261,fig|6666666.1036479.peg.3223,fig|6666666.1036479.peg.1947,0.8728661000728607,0.004590601955624858,High,Medium,Medium–High,,,0,no STRING match,no STRING match,2474,2930,2,1
2262,fig|6666666.1036479.peg.139,fig|6666666.1036479.peg.1947,0.8728661000728607,0.004592632297047071,High,Medium,Medium–High,,,0,no STRING match,no STRING match,2474,2930,2,1
2263,fig|6666666.1036479.peg.3077,fig|6666666.1036479.peg.89,0.8728653848171234,0.004594662638469285,Medium,Very Low,Very Low–Medium,,,0,no STRING match,no STRING match,2440,2542,1,1
2264,fig|6666666.1036479.peg.2509,fig|6666666.1036479.peg.1289,0.8728594183921814,0.004596692979891499,Very Low,Very Low,Very Low–Very Low,,,0,no STRING match,no STRING match,2273,2762,15,1
2265,fig|6666666.1036479.peg.2513,fig|6666666.1036479.peg.1289,0.8728594183921814,0.0045987233213137125,Very Low,Very Low,Very Low–Very Low,,,0,no STRING match,no STRING match,2273,2762,15,1
2266,fig|6666666.1036479.peg.2519,fig|6666666.1036479.peg.1289,0.8728594183921814,0.004600753662735926,Very Low,Very Low,Very Low–Very Low,,,0,no STRING match,no STRING match,2273,2762,15,1
2267,fig|6666666.1036479.peg.2526,fig|6666666.1036479.peg.1289,0.8728594183921814,0.0046027840041581395,Very Low,Very Low,Very Low–Very Low,,,0,no STRING match,no STRING match,2273,2762,15,1
2268,fig|6666666.1036479.peg.2530,fig|6666666.1036479.peg.1289,0.8728594183921814,0.004604814345580353,Very Low,Very Low,Very Low–Very Low,,,0,no STRING match,no STRING match,2273,2762,15,1
2269,fig|6666666.1036479.peg.2534,fig|6666666.1036479.peg.1289,0.8728594183921814,0.0046068446870025665,Very Low,Very Low,Very Low–Very Low,,,0,no STRING match,no STRING match,2273,2762,15,1
2270,fig|6666666.1036479.peg.3173,fig|6666666.1036479.peg.1289,0.8728594183921814,0.00460887502842478,Very Low,Very Low,Very Low–Very Low,,,0,no STRING match,no STRING match,2273,2762,15,1
2271,fig|6666666.1036479.peg.971,fig|6666666.1036479.peg.1289,0.8728594183921814,0.0046109053698469935,Very Low,Very Low,Very Low–Very Low,,,0,no STRING match,no STRING match,2273,2762,15,1
2272,fig|6666666.1036479.peg.976,fig|6666666.1036479.peg.1289,0.8728594183921814,0.004612935711269207,Very Low,Very Low,Very Low–Very Low,,,0,no STRING match,no STRING match,2273,2762,15,1
2273,fig|6666666.1036479.peg.981,fig|6666666.1036479.peg.1289,0.8728594183921814,0.0046149660526914205,Very Low,Very Low,Very Low–Very Low,,,0,no STRING match,no STRING match,2273,2762,15,1
2274,fig|6666666.1036479.peg.985,fig|6666666.1036479.peg.1289,0.8728594183921814,0.004616996394113634,Very Low,Very Low,Very Low–Very Low,,,0,no STRING match,no STRING match,2273,2762,15,1
2275,fig|6666666.1036479.peg.989,fig|6666666.1036479.peg.1289,0.8728594183921814,0.0046190267355358475,Very Low,Very Low,Very Low–Very Low,,,0,no STRING match,no STRING match,2273,2762,15,1
2276,fig|6666666.1036479.peg.1289,fig|6666666.1036479.peg.2489,0.8728594183921814,0.004621057076958061,Very Low,Very Low,Very Low–Very Low,,,0,no STRING match,no STRING match,2762,2273,1,15
2277,fig|6666666.1036479.peg.1289,fig|6666666.1036479.peg.2494,0.8728594183921814,0.0046230874183802746,Very Low,Very Low,Very Low–Very Low,,,0,no STRING match,no STRING match,2762,2273,1,15
2278,fig|6666666.1036479.peg.1289,fig|6666666.1036479.peg.2498,0.8728594183921814,0.004625117759802488,Very Low,Very Low,Very Low–Very Low,,,0,no STRING match,no STRING match,2762,2273,1,15
2279,fig|6666666.1036479.peg.942,fig|6666666.1036479.peg.2348,0.8728587448596954,0.0046271481012247016,Very Low,High,Very Low–High,,,0,no STRING match,no STRING match,2691,3019,1,1
2280,fig|6666666.1036479.peg.2547,fig|6666666.1036479.peg.2348,0.8728452563285828,0.004629178442646916,Medium,High,Medium–High,,,0,no STRING match,no STRING match,2297,3019,1,1
2281,fig|6666666.1036479.peg.2948,fig|6666666.1036479.peg.1943,0.8728426396846771,0.0046312087840691294,High,Medium,Medium–High,,COG3103 SH3 domain protein.,0,no STRING match,secondary STRING hit (STRING protein assigned to a better match),2410,2926,1,1
2282,fig|6666666.1036479.peg.3184,fig|6666666.1036479.peg.3231,0.8728319466114044,0.004633239125491343,Very Low,Very Low,Very Low–Very Low,,,0,no STRING match,no STRING match,2457,2482,1,2
2283,fig|6666666.1036479.peg.3184,fig|6666666.1036479.peg.147,0.8728319466114044,0.0046352694669135565,Very Low,Very Low,Very Low–Very Low,,,0,no STRING match,no STRING match,2457,2482,1,2
2284,fig|6666666.1036479.peg.411,fig|6666666.1036479.peg.2106,0.8727611780166626,0.00463729980833577,Low,High,Low–High,Hypothetical protein.,Hypothetical protein.,0,secondary STRING hit (STRING protein assigned to a better match),secondary STRING hit (STRING protein assigned to a better match),2585,2959,1,1
2285,fig|6666666.1036479.peg.3231,fig|6666666.1036479.peg.1567,0.8727246642112731,0.0046393301497579835,Very Low,Low,Very Low–Low,,,0,no STRING match,no STRING match,2482,2839,2,1
2286,fig|6666666.1036479.peg.147,fig|6666666.1036479.peg.1567,0.8727246642112731,0.004641360491180197,Very Low,Low,Very Low–Low,,,0,no STRING match,no STRING match,2482,2839,2,1
2287,fig|6666666.1036479.peg.2920,fig|6666666.1036479.peg.3015,0.8726701378822327,0.0046433908326024105,Very Low,Low,Very Low–Low,,,0,no STRING match,no STRING match,2397,2428,1,1
2288,fig|6666666.1036479.peg.2854,fig|6666666.1036479.peg.861,0.8726254880428315,0.004645421174024624,Low,High,Low–High,,,0,no STRING match,no STRING match,2373,2665,1,1
2289,fig|6666666.1036479.peg.370,fig|6666666.1036479.peg.736,0.8726149678230286,0.0046474515154468375,High,Very Low,Very Low–High,,,0,no STRING match,no STRING match,2579,2647,1,1
2290,fig|6666666.1036479.peg.861,fig|6666666.1036479.peg.1344,0.8725832223892211,0.004649481856869051,High,Very Low,Very Low–High,,,0,no STRING match,no STRING match,2665,2782,1,1
2291,fig|6666666.1036479.peg.3184,fig|6666666.1036479.peg.728,0.8725538730621338,0.0046515121982912645,Very Low,Medium,Very Low–Medium,,,0,no STRING match,no STRING match,2457,2639,1,1
2292,fig|6666666.1036479.peg.3219,fig|6666666.1036479.peg.1966,0.8725481927394867,0.004653542539713478,Very Low,Very Low,Very Low–Very Low,,,0,no STRING match,no STRING match,2471,2946,1,1
2293,fig|6666666.1036479.peg.2924,fig|6666666.1036479.peg.1289,0.8725465714931488,0.0046555728811356915,Very Low,Very Low,Very Low–Very Low,,,0,no STRING match,no STRING match,2401,2762,1,1
2294,fig|6666666.1036479.peg.3078,fig|6666666.1036479.peg.1300,0.8725370824337005,0.004657603222557905,Medium,Low,Low–Medium,,,0,no STRING match,no STRING match,2441,2763,1,1
2295,fig|6666666.1036479.peg.3202,fig|6666666.1036479.peg.861,0.8725122511386871,0.0046596335639801185,Very Low,High,Very Low–High,,,0,no STRING match,no STRING match,2467,2665,1,1
2296,fig|6666666.1036479.peg.720,fig|6666666.1036479.peg.881,0.8725097060203553,0.004661663905402333,High,High,High–High,,,0,no STRING match,no STRING match,2631,2674,1,1
2297,fig|6666666.1036479.peg.2539,fig|6666666.1036479.peg.2948,0.8724968075752259,0.004663694246824546,Low,High,Low–High,,,0,no STRING match,no STRING match,2289,2410,1,1
2298,fig|6666666.1036479.peg.3020,fig|6666666.1036479.peg.2405,0.8724928736686707,0.00466572458824676,Low,Medium,Low–Medium,,Hypothetical protein; COG0605 Superoxide dismutase.,0,no STRING match,secondary STRING hit (STRING protein assigned to a better match),2433,3029,1,1
2299,fig|6666666.1036479.peg.2988,fig|6666666.1036479.peg.723,0.8724772691726684,0.004667754929668973,Medium,High,Medium–High,Hypothetical protein.,,0,secondary STRING hit (STRING protein assigned to a better match),no STRING match,2416,2634,1,1
2300,fig|6666666.1036479.peg.2881,fig|6666666.1036479.peg.861,0.8724439978599549,0.004669785271091187,Very Low,High,Very Low–High,,,0,no STRING match,no STRING match,2383,2665,1,1
2301,fig|6666666.1036479.peg.38,fig|6666666.1036479.peg.391,0.8724208176136017,0.0046718156125134,Low,Medium,Low–Medium,,,0,no STRING match,no STRING match,2526,2580,2,1
2302,fig|6666666.1036479.peg.186,fig|6666666.1036479.peg.391,0.8724208176136017,0.004673845953935614,Low,Medium,Low–Medium,,,0,no STRING match,no STRING match,2526,2580,2,1
2303,fig|6666666.1036479.peg.2092,fig|6666666.1036479.peg.2114,0.8724105358123779,0.004675876295357827,Medium,Very Low,Very Low–Medium,,"COG1629 Outer membrane receptor proteins, mostly Fe transport.",0,no STRING match,secondary STRING hit (STRING protein assigned to a better match),2954,2964,1,1
2304,fig|6666666.1036479.peg.3020,fig|6666666.1036479.peg.889,0.8723989963531494,0.004677906636780041,Low,Low,Low–Low,,,0,no STRING match,no STRING match,2433,2682,1,1
2305,fig|6666666.1036479.peg.2924,fig|6666666.1036479.peg.2948,0.8723678052425384,0.004679936978202254,Very Low,High,Very Low–High,,,0,no STRING match,no STRING match,2401,2410,1,1
2306,fig|6666666.1036479.peg.723,fig|6666666.1036479.peg.2364,0.872348952293396,0.004681967319624468,High,Medium,Medium–High,,,0,no STRING match,no STRING match,2634,3022,1,1
2307,fig|6666666.1036479.peg.289,fig|6666666.1036479.peg.573,0.8723464190959931,0.0046839976610466814,High,Very Low,Very Low–High,Hypothetical protein.,Hypothetical protein.,0,secondary STRING hit (STRING protein assigned to a better match),secondary STRING hit (STRING protein assigned to a better match),2559,2601,1,1
2308,fig|6666666.1036479.peg.3202,fig|6666666.1036479.peg.1289,0.8723453164100647,0.004686028002468895,Very Low,Very Low,Very Low–Very Low,,,0,no STRING match,no STRING match,2467,2762,1,1
2309,fig|6666666.1036479.peg.2547,fig|6666666.1036479.peg.728,0.8722748517990112,0.0046880583438911085,Medium,Medium,Medium–Medium,,,0,no STRING match,no STRING match,2297,2639,1,1
2310,fig|6666666.1036479.peg.2715,fig|6666666.1036479.peg.370,0.8722739815711975,0.004690088685313322,Very Low,High,Very Low–High,,,0,no STRING match,no STRING match,2348,2579,1,1
2311,fig|6666666.1036479.peg.2924,fig|6666666.1036479.peg.3020,0.8722663521766663,0.0046921190267355355,Very Low,Low,Very Low–Low,,,0,no STRING match,no STRING match,2401,2433,1,1
2312,fig|6666666.1036479.peg.2839,fig|6666666.1036479.peg.861,0.8722636818885803,0.00469414936815775,Very Low,High,Very Low–High,,,0,no STRING match,no STRING match,2368,2665,1,1
2313,fig|6666666.1036479.peg.1,fig|6666666.1036479.peg.1947,0.8722625195980072,0.004696179709579963,Very Low,Medium,Very Low–Medium,,,0,no STRING match,no STRING match,2509,2930,1,1
2314,fig|6666666.1036479.peg.2672,fig|6666666.1036479.peg.1412,0.8722446978092193,0.004698210051002177,Medium,Medium,Medium–Medium,,,0,no STRING match,no STRING match,2341,2815,1,1
2315,fig|6666666.1036479.peg.2548,fig|6666666.1036479.peg.2093,0.8722325921058655,0.00470024039242439,High,Medium,Medium–High,,,0,no STRING match,no STRING match,2298,2955,1,1
2316,fig|6666666.1036479.peg.1947,fig|6666666.1036479.peg.2405,0.8722257494926453,0.004702270733846604,Medium,Medium,Medium–Medium,,Hypothetical protein; COG0605 Superoxide dismutase.,0,no STRING match,secondary STRING hit (STRING protein assigned to a better match),2930,3029,1,1
2317,fig|6666666.1036479.peg.2364,fig|6666666.1036479.peg.2454,0.8722256720066071,0.004704301075268817,Medium,Medium,Medium–Medium,,,0,no STRING match,no STRING match,3022,3037,1,1
2318,fig|6666666.1036479.peg.573,fig|6666666.1036479.peg.1945,0.872214549779892,0.004706331416691031,Very Low,Very Low,Very Low–Very Low,Hypothetical protein.,,0,secondary STRING hit (STRING protein assigned to a better match),no STRING match,2601,2928,1,1
2319,fig|6666666.1036479.peg.2548,fig|6666666.1036479.peg.1784,0.872214287519455,0.004708361758113244,High,Very Low,Very Low–High,,,0,no STRING match,no STRING match,2298,2897,1,1
2320,fig|6666666.1036479.peg.866,fig|6666666.1036479.peg.1207,0.872204327583313,0.004710392099535458,High,Low,Low–High,,,0,no STRING match,no STRING match,2667,2750,1,1
2321,fig|6666666.1036479.peg.2548,fig|6666666.1036479.peg.1178,0.8721997976303101,0.004712422440957671,High,Very Low,Very Low–High,,,0,no STRING match,no STRING match,2298,2745,1,1
2322,fig|6666666.1036479.peg.573,fig|6666666.1036479.peg.1410,0.872180837392807,0.004714452782379885,Very Low,Medium,Very Low–Medium,Hypothetical protein.,,0,secondary STRING hit (STRING protein assigned to a better match),no STRING match,2601,2813,1,1
2323,fig|6666666.1036479.peg.866,fig|6666666.1036479.peg.1471,0.8721689701080322,0.004716483123802098,High,Very Low,Very Low–High,,,0,no STRING match,no STRING match,2667,2822,1,1
2324,fig|6666666.1036479.peg.652,fig|6666666.1036479.peg.1289,0.8721391022205353,0.004718513465224312,Very Low,Very Low,Very Low–Very Low,,,0,no STRING match,no STRING match,2615,2762,1,1
2325,fig|6666666.1036479.peg.38,fig|6666666.1036479.peg.1946,0.8721214354038238,0.004720543806646525,Low,Medium,Low–Medium,,,0,no STRING match,no STRING match,2526,2929,2,1
2326,fig|6666666.1036479.peg.186,fig|6666666.1036479.peg.1946,0.8721214354038238,0.004722574148068739,Low,Medium,Low–Medium,,,0,no STRING match,no STRING match,2526,2929,2,1
2327,fig|6666666.1036479.peg.725,fig|6666666.1036479.peg.1300,0.8721197545528412,0.004724604489490952,Very Low,Low,Very Low–Low,,,0,no STRING match,no STRING match,2636,2763,1,1
2328,fig|6666666.1036479.peg.411,fig|6666666.1036479.peg.1377,0.8721140027046204,0.004726634830913167,Low,Very Low,Very Low–Low,Hypothetical protein.,,0,secondary STRING hit (STRING protein assigned to a better match),no STRING match,2585,2809,1,1
2329,fig|6666666.1036479.peg.3209,fig|6666666.1036479.peg.411,0.8720861196517944,0.00472866517233538,Medium,Low,Low–Medium,,Hypothetical protein.,0,no STRING match,secondary STRING hit (STRING protein assigned to a better match),2469,2585,1,1
2330,fig|6666666.1036479.peg.861,fig|6666666.1036479.peg.1957,0.8720777332782745,0.004730695513757594,High,Medium,Medium–High,,,0,no STRING match,no STRING match,2665,2939,1,1
2331,fig|6666666.1036479.peg.861,fig|6666666.1036479.peg.1604,0.872061163187027,0.004732725855179807,High,Very Low,Very Low–High,,YD repeat-containing protein; COG3209 Rhs family protein.,0,no STRING match,secondary STRING hit (STRING protein assigned to a better match),2665,2862,1,2
2332,fig|6666666.1036479.peg.861,fig|6666666.1036479.peg.1611,0.872061163187027,0.004734756196602021,High,Very Low,Very Low–High,,YD repeat-containing protein; COG3209 Rhs family protein.,0,no STRING match,secondary STRING hit (STRING protein assigned to a better match),2665,2862,1,2
2333,fig|6666666.1036479.peg.2809,fig|6666666.1036479.peg.2364,0.8720076739788055,0.004736786538024234,Very Low,Medium,Very Low–Medium,,,0,no STRING match,no STRING match,2357,3022,1,1
2334,fig|6666666.1036479.peg.2969,fig|6666666.1036479.peg.866,0.8719727575778962,0.004738816879446448,Very Low,High,Very Low–High,,,0,no STRING match,no STRING match,2414,2667,1,1
2335,fig|6666666.1036479.peg.2556,fig|6666666.1036479.peg.861,0.8719610512256623,0.004740847220868661,High,High,High–High,,,0,no STRING match,no STRING match,2306,2665,2,1
2336,fig|6666666.1036479.peg.2564,fig|6666666.1036479.peg.861,0.8719610512256623,0.004742877562290875,High,High,High–High,,,0,no STRING match,no STRING match,2306,2665,2,1
2337,fig|6666666.1036479.peg.861,fig|6666666.1036479.peg.1496,0.8719523966312408,0.004744907903713088,High,Very Low,Very Low–High,,,0,no STRING match,no STRING match,2665,2826,1,1
2338,fig|6666666.1036479.peg.3254,fig|6666666.1036479.peg.866,0.8719190299510956,0.004746938245135302,High,High,High–High,,,0,no STRING match,no STRING match,2505,2667,3,1
2339,fig|6666666.1036479.peg.22,fig|6666666.1036479.peg.866,0.8719190299510956,0.004748968586557515,High,High,High–High,,,0,no STRING match,no STRING match,2505,2667,3,1
2340,fig|6666666.1036479.peg.170,fig|6666666.1036479.peg.866,0.8719190299510956,0.004750998927979729,High,High,High–High,,,0,no STRING match,no STRING match,2505,2667,3,1
2341,fig|6666666.1036479.peg.2548,fig|6666666.1036479.peg.2165,0.8719064354896545,0.004753029269401942,High,Very Low,Very Low–High,,,0,no STRING match,no STRING match,2298,2986,1,1
2342,fig|6666666.1036479.peg.281,fig|6666666.1036479.peg.1300,0.871899139881134,0.004755059610824156,Very Low,Low,Very Low–Low,,,0,no STRING match,no STRING match,2558,2763,1,1
2343,fig|6666666.1036479.peg.2987,fig|6666666.1036479.peg.89,0.8718880414962769,0.004757089952246369,Very Low,Very Low,Very Low–Very Low,,,0,no STRING match,no STRING match,2415,2542,1,1
2344,fig|6666666.1036479.peg.1410,fig|6666666.1036479.peg.2364,0.8718508064746857,0.004759120293668584,Medium,Medium,Medium–Medium,,,0,no STRING match,no STRING match,2813,3022,1,1
2345,fig|6666666.1036479.peg.861,fig|6666666.1036479.peg.1951,0.8718424081802368,0.004761150635090797,High,High,High–High,,,0,no STRING match,no STRING match,2665,2934,1,1
2346,fig|6666666.1036479.peg.2969,fig|6666666.1036479.peg.411,0.8718408644199371,0.004763180976513011,Very Low,Low,Very Low–Low,,Hypothetical protein.,0,no STRING match,secondary STRING hit (STRING protein assigned to a better match),2414,2585,1,1
2347,fig|6666666.1036479.peg.370,fig|6666666.1036479.peg.1409,0.8718240916728973,0.004765211317935224,High,Medium,Medium–High,,,0,no STRING match,no STRING match,2579,2812,1,1
2348,fig|6666666.1036479.peg.2501,fig|6666666.1036479.peg.2523,0.8718208372592926,0.004767241659357438,High,Low,Low–High,,,0,no STRING match,no STRING match,2265,2282,1,1
2349,fig|6666666.1036479.peg.2672,fig|6666666.1036479.peg.2895,0.8718198060989379,0.004769272000779651,Medium,Very Low,Very Low–Medium,,,0,no STRING match,no STRING match,2341,2394,1,1
2350,fig|6666666.1036479.peg.861,fig|6666666.1036479.peg.1412,0.8718104243278504,0.004771302342201865,High,Medium,Medium–High,,,0,no STRING match,no STRING match,2665,2815,1,1
2351,fig|6666666.1036479.peg.1416,fig|6666666.1036479.peg.2025,0.8717562019824981,0.004773332683624078,Medium,Very Low,Very Low–Medium,,,0,no STRING match,no STRING match,2817,2950,1,1
2352,fig|6666666.1036479.peg.2814,fig|6666666.1036479.peg.3231,0.8717476904392243,0.004775363025046292,Very Low,Very Low,Very Low–Very Low,,,0,no STRING match,no STRING match,2358,2482,1,2
2353,fig|6666666.1036479.peg.2814,fig|6666666.1036479.peg.147,0.8717476904392243,0.004777393366468505,Very Low,Very Low,Very Low–Very Low,,,0,no STRING match,no STRING match,2358,2482,1,2
2354,fig|6666666.1036479.peg.38,fig|6666666.1036479.peg.1567,0.8717316210269928,0.004779423707890719,Low,Low,Low–Low,,,0,no STRING match,no STRING match,2526,2839,2,1
2355,fig|6666666.1036479.peg.186,fig|6666666.1036479.peg.1567,0.8717316210269928,0.004781454049312932,Low,Low,Low–Low,,,0,no STRING match,no STRING match,2526,2839,2,1
2356,fig|6666666.1036479.peg.2509,fig|6666666.1036479.peg.2672,0.8716904520988464,0.004783484390735146,Very Low,Medium,Very Low–Medium,,,0,no STRING match,no STRING match,2273,2341,15,1
2357,fig|6666666.1036479.peg.2513,fig|6666666.1036479.peg.2672,0.8716904520988464,0.004785514732157359,Very Low,Medium,Very Low–Medium,,,0,no STRING match,no STRING match,2273,2341,15,1
2358,fig|6666666.1036479.peg.2519,fig|6666666.1036479.peg.2672,0.8716904520988464,0.004787545073579573,Very Low,Medium,Very Low–Medium,,,0,no STRING match,no STRING match,2273,2341,15,1
2359,fig|6666666.1036479.peg.2526,fig|6666666.1036479.peg.2672,0.8716904520988464,0.004789575415001786,Very Low,Medium,Very Low–Medium,,,0,no STRING match,no STRING match,2273,2341,15,1
2360,fig|6666666.1036479.peg.2530,fig|6666666.1036479.peg.2672,0.8716904520988464,0.004791605756424001,Very Low,Medium,Very Low–Medium,,,0,no STRING match,no STRING match,2273,2341,15,1
2361,fig|6666666.1036479.peg.2534,fig|6666666.1036479.peg.2672,0.8716904520988464,0.004793636097846214,Very Low,Medium,Very Low–Medium,,,0,no STRING match,no STRING match,2273,2341,15,1
2362,fig|6666666.1036479.peg.2672,fig|6666666.1036479.peg.3173,0.8716904520988464,0.004795666439268428,Medium,Very Low,Very Low–Medium,,,0,no STRING match,no STRING match,2341,2273,1,15
2363,fig|6666666.1036479.peg.2672,fig|6666666.1036479.peg.971,0.8716904520988464,0.004797696780690641,Medium,Very Low,Very Low–Medium,,,0,no STRING match,no STRING match,2341,2273,1,15
2364,fig|6666666.1036479.peg.2672,fig|6666666.1036479.peg.976,0.8716904520988464,0.004799727122112855,Medium,Very Low,Very Low–Medium,,,0,no STRING match,no STRING match,2341,2273,1,15
2365,fig|6666666.1036479.peg.2672,fig|6666666.1036479.peg.981,0.8716904520988464,0.004801757463535068,Medium,Very Low,Very Low–Medium,,,0,no STRING match,no STRING match,2341,2273,1,15
2366,fig|6666666.1036479.peg.2672,fig|6666666.1036479.peg.985,0.8716904520988464,0.004803787804957282,Medium,Very Low,Very Low–Medium,,,0,no STRING match,no STRING match,2341,2273,1,15
2367,fig|6666666.1036479.peg.2672,fig|6666666.1036479.peg.989,0.8716904520988464,0.004805818146379495,Medium,Very Low,Very Low–Medium,,,0,no STRING match,no STRING match,2341,2273,1,15
2368,fig|6666666.1036479.peg.2672,fig|6666666.1036479.peg.2489,0.8716904520988464,0.004807848487801709,Medium,Very Low,Very Low–Medium,,,0,no STRING match,no STRING match,2341,2273,1,15
2369,fig|6666666.1036479.peg.2672,fig|6666666.1036479.peg.2494,0.8716904520988464,0.004809878829223922,Medium,Very Low,Very Low–Medium,,,0,no STRING match,no STRING match,2341,2273,1,15
2370,fig|6666666.1036479.peg.2672,fig|6666666.1036479.peg.2498,0.8716904520988464,0.004811909170646136,Medium,Very Low,Very Low–Medium,,,0,no STRING match,no STRING match,2341,2273,1,15
2371,fig|6666666.1036479.peg.3184,fig|6666666.1036479.peg.719,0.8716768205165863,0.004813939512068349,Very Low,Medium,Very Low–Medium,,,0,no STRING match,no STRING match,2457,2630,1,1
2372,fig|6666666.1036479.peg.236,fig|6666666.1036479.peg.411,0.8716749846935272,0.004815969853490563,Very Low,Low,Very Low–Low,,Hypothetical protein.,0,no STRING match,secondary STRING hit (STRING protein assigned to a better match),2552,2585,1,1
2373,fig|6666666.1036479.peg.2672,fig|6666666.1036479.peg.1951,0.8716550648212433,0.004818000194912776,Medium,High,Medium–High,,,0,no STRING match,no STRING match,2341,2934,1,1
2374,fig|6666666.1036479.peg.866,fig|6666666.1036479.peg.1410,0.8716057777404785,0.00482003053633499,High,Medium,Medium–High,,,0,no STRING match,no STRING match,2667,2813,1,1
2375,fig|6666666.1036479.peg.1215,fig|6666666.1036479.peg.1300,0.8715987861156463,0.004822060877757203,Low,Low,Low–Low,,,0,no STRING match,no STRING match,2751,2763,1,1
2376,fig|6666666.1036479.peg.1080,fig|6666666.1036479.peg.2025,0.8715774357318878,0.004824091219179418,High,Very Low,Very Low–High,,,0,no STRING match,no STRING match,2712,2950,1,1
2377,fig|6666666.1036479.peg.2504,fig|6666666.1036479.peg.2532,0.8715731203556061,0.004826121560601631,Very Low,Low,Very Low–Low,,,0,no STRING match,no STRING match,2268,2284,1,4
2378,fig|6666666.1036479.peg.2504,fig|6666666.1036479.peg.3171,0.8715731203556061,0.004828151902023845,Very Low,Low,Very Low–Low,,,0,no STRING match,no STRING match,2268,2284,1,4
2379,fig|6666666.1036479.peg.2504,fig|6666666.1036479.peg.987,0.8715731203556061,0.004830182243446058,Very Low,Low,Very Low–Low,,,0,no STRING match,no STRING match,2268,2284,1,4
2380,fig|6666666.1036479.peg.2504,fig|6666666.1036479.peg.2492,0.8715731203556061,0.004832212584868272,Very Low,Low,Very Low–Low,,,0,no STRING match,no STRING match,2268,2284,1,4
2381,fig|6666666.1036479.peg.2504,fig|6666666.1036479.peg.2679,0.8715695261955261,0.004834242926290485,Very Low,Medium,Very Low–Medium,,,0,no STRING match,no STRING match,2268,2342,1,1
2382,fig|6666666.1036479.peg.3015,fig|6666666.1036479.peg.1308,0.8715627014636993,0.004836273267712699,Low,Medium,Low–Medium,,,0,no STRING match,no STRING match,2428,2764,1,1
2383,fig|6666666.1036479.peg.2512,fig|6666666.1036479.peg.866,0.8715526282787323,0.004838303609134912,Very Low,High,Very Low–High,,,0,no STRING match,no STRING match,2276,2667,13,1
2384,fig|6666666.1036479.peg.2518,fig|6666666.1036479.peg.866,0.8715526282787323,0.004840333950557126,Very Low,High,Very Low–High,,,0,no STRING match,no STRING match,2276,2667,13,1
2385,fig|6666666.1036479.peg.2525,fig|6666666.1036479.peg.866,0.8715526282787323,0.004842364291979339,Very Low,High,Very Low–High,,,0,no STRING match,no STRING match,2276,2667,13,1
2386,fig|6666666.1036479.peg.2529,fig|6666666.1036479.peg.866,0.8715526282787323,0.004844394633401553,Very Low,High,Very Low–High,,,0,no STRING match,no STRING match,2276,2667,13,1
2387,fig|6666666.1036479.peg.2533,fig|6666666.1036479.peg.866,0.8715526282787323,0.004846424974823766,Very Low,High,Very Low–High,,,0,no STRING match,no STRING match,2276,2667,13,1
2388,fig|6666666.1036479.peg.3172,fig|6666666.1036479.peg.866,0.8715526282787323,0.00484845531624598,Very Low,High,Very Low–High,,,0,no STRING match,no STRING match,2276,2667,13,1
2389,fig|6666666.1036479.peg.866,fig|6666666.1036479.peg.972,0.8715526282787323,0.004850485657668193,High,Very Low,Very Low–High,,,0,no STRING match,no STRING match,2667,2276,1,13
2390,fig|6666666.1036479.peg.866,fig|6666666.1036479.peg.977,0.8715526282787323,0.004852515999090407,High,Very Low,Very Low–High,,,0,no STRING match,no STRING match,2667,2276,1,13
2391,fig|6666666.1036479.peg.866,fig|6666666.1036479.peg.982,0.8715526282787323,0.00485454634051262,High,Very Low,Very Low–High,,,0,no STRING match,no STRING match,2667,2276,1,13
2392,fig|6666666.1036479.peg.866,fig|6666666.1036479.peg.986,0.8715526282787323,0.004856576681934835,High,Very Low,Very Low–High,,,0,no STRING match,no STRING match,2667,2276,1,13
2393,fig|6666666.1036479.peg.866,fig|6666666.1036479.peg.990,0.8715526282787323,0.004858607023357048,High,Very Low,Very Low–High,,,0,no STRING match,no STRING match,2667,2276,1,13
2394,fig|6666666.1036479.peg.866,fig|6666666.1036479.peg.2488,0.8715526282787323,0.004860637364779262,High,Very Low,Very Low–High,,,0,no STRING match,no STRING match,2667,2276,1,13
2395,fig|6666666.1036479.peg.866,fig|6666666.1036479.peg.2493,0.8715526282787323,0.004862667706201475,High,Very Low,Very Low–High,,,0,no STRING match,no STRING match,2667,2276,1,13
2396,fig|6666666.1036479.peg.2512,fig|6666666.1036479.peg.370,0.8715521574020386,0.004864698047623689,Very Low,High,Very Low–High,,,0,no STRING match,no STRING match,2276,2579,13,1
2397,fig|6666666.1036479.peg.2518,fig|6666666.1036479.peg.370,0.8715521574020386,0.004866728389045902,Very Low,High,Very Low–High,,,0,no STRING match,no STRING match,2276,2579,13,1
2398,fig|6666666.1036479.peg.2525,fig|6666666.1036479.peg.370,0.8715521574020386,0.004868758730468116,Very Low,High,Very Low–High,,,0,no STRING match,no STRING match,2276,2579,13,1
2399,fig|6666666.1036479.peg.2529,fig|6666666.1036479.peg.370,0.8715521574020386,0.004870789071890329,Very Low,High,Very Low–High,,,0,no STRING match,no STRING match,2276,2579,13,1
2400,fig|6666666.1036479.peg.2533,fig|6666666.1036479.peg.370,0.8715521574020386,0.004872819413312543,Very Low,High,Very Low–High,,,0,no STRING match,no STRING match,2276,2579,13,1
2401,fig|6666666.1036479.peg.3172,fig|6666666.1036479.peg.370,0.8715521574020386,0.004874849754734756,Very Low,High,Very Low–High,,,0,no STRING match,no STRING match,2276,2579,13,1
2402,fig|6666666.1036479.peg.370,fig|6666666.1036479.peg.972,0.8715521574020386,0.00487688009615697,High,Very Low,Very Low–High,,,0,no STRING match,no STRING match,2579,2276,1,13
2403,fig|6666666.1036479.peg.370,fig|6666666.1036479.peg.977,0.8715521574020386,0.004878910437579183,High,Very Low,Very Low–High,,,0,no STRING match,no STRING match,2579,2276,1,13
2404,fig|6666666.1036479.peg.370,fig|6666666.1036479.peg.982,0.8715521574020386,0.004880940779001397,High,Very Low,Very Low–High,,,0,no STRING match,no STRING match,2579,2276,1,13
2405,fig|6666666.1036479.peg.370,fig|6666666.1036479.peg.986,0.8715521574020386,0.00488297112042361,High,Very Low,Very Low–High,,,0,no STRING match,no STRING match,2579,2276,1,13
2406,fig|6666666.1036479.peg.370,fig|6666666.1036479.peg.990,0.8715521574020386,0.004885001461845824,High,Very Low,Very Low–High,,,0,no STRING match,no STRING match,2579,2276,1,13
2407,fig|6666666.1036479.peg.370,fig|6666666.1036479.peg.2488,0.8715521574020386,0.004887031803268037,High,Very Low,Very Low–High,,,0,no STRING match,no STRING match,2579,2276,1,13
2408,fig|6666666.1036479.peg.370,fig|6666666.1036479.peg.2493,0.8715521574020386,0.0048890621446902515,High,Very Low,Very Low–High,,,0,no STRING match,no STRING match,2579,2276,1,13
2409,fig|6666666.1036479.peg.2679,fig|6666666.1036479.peg.3077,0.8715515673160553,0.004891092486112465,Medium,Medium,Medium–Medium,,,0,no STRING match,no STRING match,2342,2440,1,1
2410,fig|6666666.1036479.peg.2523,fig|6666666.1036479.peg.2679,0.87152658700943,0.0048931228275346786,Low,Medium,Low–Medium,,,0,no STRING match,no STRING match,2282,2342,1,1
2411,fig|6666666.1036479.peg.2512,fig|6666666.1036479.peg.411,0.871521282196045,0.004895153168956892,Very Low,Low,Very Low–Low,,Hypothetical protein.,0,no STRING match,secondary STRING hit (STRING protein assigned to a better match),2276,2585,13,1
2412,fig|6666666.1036479.peg.2518,fig|6666666.1036479.peg.411,0.871521282196045,0.0048971835103791056,Very Low,Low,Very Low–Low,,Hypothetical protein.,0,no STRING match,secondary STRING hit (STRING protein assigned to a better match),2276,2585,13,1
2413,fig|6666666.1036479.peg.2525,fig|6666666.1036479.peg.411,0.871521282196045,0.004899213851801319,Very Low,Low,Very Low–Low,,Hypothetical protein.,0,no STRING match,secondary STRING hit (STRING protein assigned to a better match),2276,2585,13,1
2414,fig|6666666.1036479.peg.2529,fig|6666666.1036479.peg.411,0.871521282196045,0.004901244193223533,Very Low,Low,Very Low–Low,,Hypothetical protein.,0,no STRING match,secondary STRING hit (STRING protein assigned to a better match),2276,2585,13,1
2415,fig|6666666.1036479.peg.2533,fig|6666666.1036479.peg.411,0.871521282196045,0.004903274534645746,Very Low,Low,Very Low–Low,,Hypothetical protein.,0,no STRING match,secondary STRING hit (STRING protein assigned to a better match),2276,2585,13,1
2416,fig|6666666.1036479.peg.3172,fig|6666666.1036479.peg.411,0.871521282196045,0.00490530487606796,Very Low,Low,Very Low–Low,,Hypothetical protein.,0,no STRING match,secondary STRING hit (STRING protein assigned to a better match),2276,2585,13,1
2417,fig|6666666.1036479.peg.411,fig|6666666.1036479.peg.972,0.871521282196045,0.004907335217490173,Low,Very Low,Very Low–Low,Hypothetical protein.,,0,secondary STRING hit (STRING protein assigned to a better match),no STRING match,2585,2276,1,13
2418,fig|6666666.1036479.peg.411,fig|6666666.1036479.peg.977,0.871521282196045,0.004909365558912387,Low,Very Low,Very Low–Low,Hypothetical protein.,,0,secondary STRING hit (STRING protein assigned to a better match),no STRING match,2585,2276,1,13
2419,fig|6666666.1036479.peg.411,fig|6666666.1036479.peg.982,0.871521282196045,0.0049113959003346,Low,Very Low,Very Low–Low,Hypothetical protein.,,0,secondary STRING hit (STRING protein assigned to a better match),no STRING match,2585,2276,1,13
2420,fig|6666666.1036479.peg.411,fig|6666666.1036479.peg.986,0.871521282196045,0.004913426241756814,Low,Very Low,Very Low–Low,Hypothetical protein.,,0,secondary STRING hit (STRING protein assigned to a better match),no STRING match,2585,2276,1,13
2421,fig|6666666.1036479.peg.411,fig|6666666.1036479.peg.990,0.871521282196045,0.004915456583179027,Low,Very Low,Very Low–Low,Hypothetical protein.,,0,secondary STRING hit (STRING protein assigned to a better match),no STRING match,2585,2276,1,13
2422,fig|6666666.1036479.peg.411,fig|6666666.1036479.peg.2488,0.871521282196045,0.004917486924601241,Low,Very Low,Very Low–Low,Hypothetical protein.,,0,secondary STRING hit (STRING protein assigned to a better match),no STRING match,2585,2276,1,13
2423,fig|6666666.1036479.peg.411,fig|6666666.1036479.peg.2493,0.871521282196045,0.004919517266023454,Low,Very Low,Very Low–Low,Hypothetical protein.,,0,secondary STRING hit (STRING protein assigned to a better match),no STRING match,2585,2276,1,13
2424,fig|6666666.1036479.peg.2679,fig|6666666.1036479.peg.1947,0.8715041756629944,0.0049215476074456685,Medium,Medium,Medium–Medium,,,0,no STRING match,no STRING match,2342,2930,1,1
2425,fig|6666666.1036479.peg.3223,fig|6666666.1036479.peg.89,0.871487158536911,0.004923577948867882,High,Very Low,Very Low–High,,,0,no STRING match,no STRING match,2474,2542,2,1
2426,fig|6666666.1036479.peg.89,fig|6666666.1036479.peg.139,0.871487158536911,0.0049256082902900955,Very Low,High,Very Low–High,,,0,no STRING match,no STRING match,2542,2474,1,2
2427,fig|6666666.1036479.peg.2924,fig|6666666.1036479.peg.573,0.8714555740356446,0.004927638631712309,Very Low,Very Low,Very Low–Very Low,,Hypothetical protein.,0,no STRING match,secondary STRING hit (STRING protein assigned to a better match),2401,2601,1,1
2428,fig|6666666.1036479.peg.2548,fig|6666666.1036479.peg.1319,0.8714455366134644,0.0049296689731345225,High,High,High–High,,,0,no STRING match,no STRING match,2298,2773,1,1
2429,fig|6666666.1036479.peg.2672,fig|6666666.1036479.peg.1566,0.8714346885681152,0.004931699314556736,Medium,High,Medium–High,,,0,no STRING match,no STRING match,2341,2838,1,1
2430,fig|6666666.1036479.peg.36,fig|6666666.1036479.peg.2364,0.8714205145835876,0.0049337296559789495,Medium,Medium,Medium–Medium,,,0,no STRING match,no STRING match,2524,3022,2,1
2431,fig|6666666.1036479.peg.184,fig|6666666.1036479.peg.2364,0.8714205145835876,0.004935759997401163,Medium,Medium,Medium–Medium,,,0,no STRING match,no STRING match,2524,3022,2,1
2432,fig|6666666.1036479.peg.3004,fig|6666666.1036479.peg.866,0.871401309967041,0.0049377903388233765,Very Low,High,Very Low–High,,,0,no STRING match,no STRING match,2419,2667,1,1
2433,fig|6666666.1036479.peg.3019,fig|6666666.1036479.peg.1119,0.8713934302330018,0.00493982068024559,Very Low,Very Low,Very Low–Very Low,,,0,no STRING match,no STRING match,2432,2735,1,1
2434,fig|6666666.1036479.peg.2929,fig|6666666.1036479.peg.2092,0.8713776171207428,0.0049418510216678035,Very Low,Medium,Very Low–Medium,Hypothetical protein.,,0,secondary STRING hit (STRING protein assigned to a better match),no STRING match,2404,2954,1,1
2435,fig|6666666.1036479.peg.724,fig|6666666.1036479.peg.866,0.8713649272918701,0.004943881363090017,Medium,High,Medium–High,,,0,no STRING match,no STRING match,2635,2667,1,1
2436,fig|6666666.1036479.peg.1181,fig|6666666.1036479.peg.1300,0.8713642299175263,0.0049459117045122306,Very Low,Low,Very Low–Low,,,0,no STRING match,no STRING match,2747,2763,1,1
2437,fig|6666666.1036479.peg.881,fig|6666666.1036479.peg.2497,0.8713436663150788,0.004947942045934444,High,Very Low,Very Low–High,,,0,no STRING match,no STRING match,2674,3047,1,1
2438,fig|6666666.1036479.peg.411,fig|6666666.1036479.peg.787,0.8713222503662109,0.0049499723873566576,Low,Very Low,Very Low–Low,Hypothetical protein.,,0,secondary STRING hit (STRING protein assigned to a better match),no STRING match,2585,2660,1,1
2439,fig|6666666.1036479.peg.2548,fig|6666666.1036479.peg.1431,0.8712980031967164,0.004952002728778871,High,Very Low,Very Low–High,,,0,no STRING match,no STRING match,2298,2820,1,1
2440,fig|6666666.1036479.peg.2672,fig|6666666.1036479.peg.1632,0.8712742269039154,0.0049540330702010854,Medium,Very Low,Very Low–Medium,,,0,no STRING match,no STRING match,2341,2870,1,2
2441,fig|6666666.1036479.peg.2672,fig|6666666.1036479.peg.1639,0.8712742269039154,0.004956063411623299,Medium,Very Low,Very Low–Medium,,,0,no STRING match,no STRING match,2341,2870,1,2
2442,fig|6666666.1036479.peg.3222,fig|6666666.1036479.peg.2114,0.8712650954723358,0.0049580937530455125,Medium,Very Low,Very Low–Medium,,"COG1629 Outer membrane receptor proteins, mostly Fe transport.",0,no STRING match,secondary STRING hit (STRING protein assigned to a better match),2473,2964,2,1
2443,fig|6666666.1036479.peg.138,fig|6666666.1036479.peg.2114,0.8712650954723358,0.004960124094467726,Medium,Very Low,Very Low–Medium,,"COG1629 Outer membrane receptor proteins, mostly Fe transport.",0,no STRING match,secondary STRING hit (STRING protein assigned to a better match),2473,2964,2,1
2444,fig|6666666.1036479.peg.3010,fig|6666666.1036479.peg.2436,0.8712518513202667,0.0049621544358899395,Low,Medium,Low–Medium,,,0,no STRING match,no STRING match,2425,3033,1,1
2445,fig|6666666.1036479.peg.3231,fig|6666666.1036479.peg.2436,0.8712147057056427,0.004964184777312153,Very Low,Medium,Very Low–Medium,,,0,no STRING match,no STRING match,2482,3033,2,1
2446,fig|6666666.1036479.peg.147,fig|6666666.1036479.peg.2436,0.8712147057056427,0.0049662151187343665,Very Low,Medium,Very Low–Medium,,,0,no STRING match,no STRING match,2482,3033,2,1
2447,fig|6666666.1036479.peg.40,fig|6666666.1036479.peg.866,0.8712097346782685,0.00496824546015658,Very Low,High,Very Low–High,,,0,no STRING match,no STRING match,2528,2667,2,1
2448,fig|6666666.1036479.peg.188,fig|6666666.1036479.peg.866,0.8712097346782685,0.0049702758015787935,Very Low,High,Very Low–High,,,0,no STRING match,no STRING match,2528,2667,2,1
2449,fig|6666666.1036479.peg.244,fig|6666666.1036479.peg.370,0.8712018966674805,0.004972306143001007,Very Low,High,Very Low–High,,,0,no STRING match,no STRING match,2554,2579,1,1
2450,fig|6666666.1036479.peg.2988,fig|6666666.1036479.peg.887,0.8711913466453552,0.0049743364844232205,Medium,Medium,Medium–Medium,Hypothetical protein.,,0,secondary STRING hit (STRING protein assigned to a better match),no STRING match,2416,2680,1,1
2451,fig|6666666.1036479.peg.391,fig|6666666.1036479.peg.1289,0.871183705329895,0.004976366825845434,Medium,Very Low,Very Low–Medium,,,0,no STRING match,no STRING match,2580,2762,1,1
2452,fig|6666666.1036479.peg.2672,fig|6666666.1036479.peg.1603,0.8711357474327087,0.0049783971672676475,Medium,Very Low,Very Low–Medium,,,0,no STRING match,no STRING match,2341,2861,1,2
2453,fig|6666666.1036479.peg.2672,fig|6666666.1036479.peg.1610,0.8711357474327087,0.004980427508689861,Medium,Very Low,Very Low–Medium,,,0,no STRING match,no STRING match,2341,2861,1,2
2454,fig|6666666.1036479.peg.3202,fig|6666666.1036479.peg.866,0.8711181998252868,0.0049824578501120745,Very Low,High,Very Low–High,,,0,no STRING match,no STRING match,2467,2667,1,1
2455,fig|6666666.1036479.peg.861,fig|6666666.1036479.peg.1785,0.8711015999317169,0.004984488191534288,High,Very Low,Very Low–High,,,0,no STRING match,no STRING match,2665,2898,1,1
2456,fig|6666666.1036479.peg.1080,fig|6666666.1036479.peg.1082,0.8710998594760895,0.004986518532956502,High,Medium,Medium–High,,,0,no STRING match,no STRING match,2712,2714,1,1
2457,fig|6666666.1036479.peg.3142,fig|6666666.1036479.peg.38,0.8710952937602997,0.004988548874378716,Low,Low,Low–Low,,,0,no STRING match,no STRING match,2448,2526,1,2
2458,fig|6666666.1036479.peg.3142,fig|6666666.1036479.peg.186,0.8710952937602997,0.004990579215800929,Low,Low,Low–Low,,,0,no STRING match,no STRING match,2448,2526,1,2
2459,fig|6666666.1036479.peg.714,fig|6666666.1036479.peg.881,0.871087622642517,0.004992609557223143,Low,High,Low–High,,,0,no STRING match,no STRING match,2627,2674,1,1
2460,fig|6666666.1036479.peg.2505,fig|6666666.1036479.peg.1289,0.8710873782634735,0.004994639898645356,Very Low,Very Low,Very Low–Very Low,,,0,no STRING match,no STRING match,2269,2762,1,1
2461,fig|6666666.1036479.peg.1339,fig|6666666.1036479.peg.1566,0.871073991060257,0.00499667024006757,Very Low,High,Very Low–High,,,0,no STRING match,no STRING match,2779,2838,1,1
2462,fig|6666666.1036479.peg.3231,fig|6666666.1036479.peg.726,0.8710655033588409,0.004998700581489783,Very Low,Very Low,Very Low–Very Low,,,0,no STRING match,no STRING match,2482,2637,2,1
2463,fig|6666666.1036479.peg.147,fig|6666666.1036479.peg.726,0.8710655033588409,0.005000730922911997,Very Low,Very Low,Very Low–Very Low,,,0,no STRING match,no STRING match,2482,2637,2,1
2464,fig|6666666.1036479.peg.2672,fig|6666666.1036479.peg.314,0.8710397958755494,0.0050027612643342104,Medium,Very Low,Very Low–Medium,,,0,no STRING match,no STRING match,2341,2572,1,1
2465,fig|6666666.1036479.peg.2436,fig|6666666.1036479.peg.2455,0.8710163772106171,0.005004791605756424,Medium,Medium,Medium–Medium,,,0,no STRING match,no STRING match,3033,3038,1,1
2466,fig|6666666.1036479.peg.411,fig|6666666.1036479.peg.1447,0.8710092604160309,0.0050068219471786374,Low,Low,Low–Low,Hypothetical protein.,,0,secondary STRING hit (STRING protein assigned to a better match),no STRING match,2585,2821,1,1
2467,fig|6666666.1036479.peg.2604,fig|6666666.1036479.peg.881,0.8710078001022339,0.005008852288600851,Low,High,Low–High,,,0,no STRING match,no STRING match,2321,2674,1,1
2468,fig|6666666.1036479.peg.573,fig|6666666.1036479.peg.1617,0.8710075259208679,0.0050108826300230645,Very Low,Low,Very Low–Low,Hypothetical protein.,,0,secondary STRING hit (STRING protein assigned to a better match),no STRING match,2601,2864,1,2
2469,fig|6666666.1036479.peg.573,fig|6666666.1036479.peg.1625,0.8710075259208679,0.005012912971445278,Very Low,Low,Very Low–Low,Hypothetical protein.,,0,secondary STRING hit (STRING protein assigned to a better match),no STRING match,2601,2864,1,2
2470,fig|6666666.1036479.peg.2918,fig|6666666.1036479.peg.3077,0.8709628045558929,0.0050149433128674915,Very Low,Medium,Very Low–Medium,,,0,no STRING match,no STRING match,2396,2440,1,1
2471,fig|6666666.1036479.peg.411,fig|6666666.1036479.peg.731,0.870962381362915,0.005016973654289705,Low,Low,Low–Low,Hypothetical protein.,,0,secondary STRING hit (STRING protein assigned to a better match),no STRING match,2585,2642,1,1
2472,fig|6666666.1036479.peg.426,fig|6666666.1036479.peg.861,0.8709621250629425,0.005019003995711919,Very Low,High,Very Low–High,,,0,no STRING match,no STRING match,2588,2665,1,1
2473,fig|6666666.1036479.peg.551,fig|6666666.1036479.peg.866,0.8709263265132904,0.005021034337134133,Very Low,High,Very Low–High,,,0,no STRING match,no STRING match,2597,2667,1,1
2474,fig|6666666.1036479.peg.307,fig|6666666.1036479.peg.309,0.8709206581115723,0.005023064678556346,Very Low,Very Low,Very Low–Very Low,,,0,no STRING match,no STRING match,2567,2569,1,1
2475,fig|6666666.1036479.peg.3008,fig|6666666.1036479.peg.725,0.8709104418754577,0.00502509501997856,Medium,Very Low,Very Low–Medium,,,0,no STRING match,no STRING match,2423,2636,1,1
2476,fig|6666666.1036479.peg.370,fig|6666666.1036479.peg.1617,0.8708920061588288,0.005027125361400773,High,Low,Low–High,,,0,no STRING match,no STRING match,2579,2864,1,2
2477,fig|6666666.1036479.peg.370,fig|6666666.1036479.peg.1625,0.8708920061588288,0.005029155702822987,High,Low,Low–High,,,0,no STRING match,no STRING match,2579,2864,1,2
2478,fig|6666666.1036479.peg.2550,fig|6666666.1036479.peg.2484,0.8708834290504456,0.0050311860442452,Very Low,Very Low,Very Low–Very Low,,,0,no STRING match,no STRING match,2300,3046,2,1
2479,fig|6666666.1036479.peg.2558,fig|6666666.1036479.peg.2484,0.8708834290504456,0.005033216385667414,Very Low,Very Low,Very Low–Very Low,,,0,no STRING match,no STRING match,2300,3046,2,1
2480,fig|6666666.1036479.peg.244,fig|6666666.1036479.peg.411,0.8708716988563537,0.005035246727089627,Very Low,Low,Very Low–Low,,Hypothetical protein.,0,no STRING match,secondary STRING hit (STRING protein assigned to a better match),2554,2585,1,1
2481,fig|6666666.1036479.peg.881,fig|6666666.1036479.peg.1657,0.8708448052406311,0.005037277068511841,High,Medium,Medium–High,,,0,no STRING match,no STRING match,2674,2883,1,1
2482,fig|6666666.1036479.peg.2672,fig|6666666.1036479.peg.302,0.8708035886287689,0.005039307409934054,Medium,Medium,Medium–Medium,,Hypothetical protein.,0,no STRING match,secondary STRING hit (STRING protein assigned to a better match),2341,2563,1,1
2483,fig|6666666.1036479.peg.38,fig|6666666.1036479.peg.281,0.8707819819450379,0.005041337751356268,Low,Very Low,Very Low–Low,,,0,no STRING match,no STRING match,2526,2558,2,1
2484,fig|6666666.1036479.peg.186,fig|6666666.1036479.peg.281,0.8707819819450379,0.005043368092778481,Low,Very Low,Very Low–Low,,,0,no STRING match,no STRING match,2526,2558,2,1
2485,fig|6666666.1036479.peg.2918,fig|6666666.1036479.peg.1494,0.8707636594772339,0.005045398434200695,Very Low,Very Low,Very Low–Very Low,,,0,no STRING match,no STRING match,2396,2824,1,1
2486,fig|6666666.1036479.peg.2571,fig|6666666.1036479.peg.2948,0.8707606732845307,0.005047428775622908,Medium,High,Medium–High,,,0,no STRING match,no STRING match,2316,2410,1,1
2487,fig|6666666.1036479.peg.2517,fig|6666666.1036479.peg.1300,0.8707409024238586,0.005049459117045122,Medium,Low,Low–Medium,,,0,no STRING match,no STRING match,2279,2763,1,1
2488,fig|6666666.1036479.peg.1289,fig|6666666.1036479.peg.2093,0.8707279443740845,0.005051489458467336,Very Low,Medium,Very Low–Medium,,,0,no STRING match,no STRING match,2762,2955,1,1
2489,fig|6666666.1036479.peg.2548,fig|6666666.1036479.peg.2924,0.8707053363323212,0.00505351979988955,High,Very Low,Very Low–High,,,0,no STRING match,no STRING match,2298,2401,1,1
2490,fig|6666666.1036479.peg.1308,fig|6666666.1036479.peg.1409,0.8706857323646545,0.005055550141311763,Medium,Medium,Medium–Medium,,,0,no STRING match,no STRING match,2764,2812,1,1
2491,fig|6666666.1036479.peg.2672,fig|6666666.1036479.peg.3107,0.870664381980896,0.005057580482733977,Medium,Very Low,Very Low–Medium,,,0,no STRING match,no STRING match,2341,2444,1,1
2492,fig|6666666.1036479.peg.2535,fig|6666666.1036479.peg.1289,0.8706266403198242,0.00505961082415619,Very Low,Very Low,Very Low–Very Low,,,0,no STRING match,no STRING match,2285,2762,1,1
2493,fig|6666666.1036479.peg.2929,fig|6666666.1036479.peg.236,0.8705845236778259,0.005061641165578404,Very Low,Very Low,Very Low–Very Low,Hypothetical protein.,,0,secondary STRING hit (STRING protein assigned to a better match),no STRING match,2404,2552,1,1
2494,fig|6666666.1036479.peg.881,fig|6666666.1036479.peg.1377,0.8705477178096771,0.005063671507000617,High,Very Low,Very Low–High,,,0,no STRING match,no STRING match,2674,2809,1,1
2495,fig|6666666.1036479.peg.1080,fig|6666666.1036479.peg.1339,0.8705368995666504,0.005065701848422831,High,Very Low,Very Low–High,,,0,no STRING match,no STRING match,2712,2779,1,1
2496,fig|6666666.1036479.peg.2524,fig|6666666.1036479.peg.2918,0.8705335080623626,0.005067732189845044,Low,Very Low,Very Low–Low,,,0,no STRING match,no STRING match,2283,2396,1,1
2497,fig|6666666.1036479.peg.3221,fig|6666666.1036479.peg.1966,0.8705318093299865,0.005069762531267258,High,Very Low,Very Low–High,,,0,no STRING match,no STRING match,2472,2946,2,1
2498,fig|6666666.1036479.peg.137,fig|6666666.1036479.peg.1966,0.8705318093299865,0.005071792872689471,High,Very Low,Very Low–High,,,0,no STRING match,no STRING match,2472,2946,2,1
2499,fig|6666666.1036479.peg.2672,fig|6666666.1036479.peg.1961,0.870512318611145,0.005073823214111685,Medium,Medium,Medium–Medium,,,0,no STRING match,no STRING match,2341,2943,1,1
2500,fig|6666666.1036479.peg.2672,fig|6666666.1036479.peg.1127,0.8705097258090972,0.005075853555533898,Medium,Low,Low–Medium,,Hypothetical protein.,0,no STRING match,secondary STRING hit (STRING protein assigned to a better match),2341,2743,1,1
2501,fig|6666666.1036479.peg.2672,fig|6666666.1036479.peg.652,0.8704993307590485,0.005077883896956112,Medium,Very Low,Very Low–Medium,,,0,no STRING match,no STRING match,2341,2615,1,1
2502,fig|6666666.1036479.peg.2929,fig|6666666.1036479.peg.3184,0.8704841196537018,0.005079914238378325,Very Low,Very Low,Very Low–Very Low,Hypothetical protein.,,0,secondary STRING hit (STRING protein assigned to a better match),no STRING match,2404,2457,1,1
2503,fig|6666666.1036479.peg.2654,fig|6666666.1036479.peg.1300,0.870480215549469,0.005081944579800539,High,Low,Low–High,,,0,no STRING match,no STRING match,2337,2763,1,1
2504,fig|6666666.1036479.peg.3188,fig|6666666.1036479.peg.719,0.8704692542552948,0.005083974921222753,Medium,Medium,Medium–Medium,,,0,no STRING match,no STRING match,2461,2630,1,1
2505,fig|6666666.1036479.peg.2918,fig|6666666.1036479.peg.2348,0.8704645991325378,0.005086005262644967,Very Low,High,Very Low–High,,,0,no STRING match,no STRING match,2396,3019,1,1
2506,fig|6666666.1036479.peg.2988,fig|6666666.1036479.peg.2405,0.8704525113105774,0.00508803560406718,Medium,Medium,Medium–Medium,Hypothetical protein.,Hypothetical protein; COG0605 Superoxide dismutase.,0,secondary STRING hit (STRING protein assigned to a better match),secondary STRING hit (STRING protein assigned to a better match),2416,3029,1,1
2507,fig|6666666.1036479.peg.38,fig|6666666.1036479.peg.1706,0.8704459011554718,0.005090065945489394,Low,Very Low,Very Low–Low,,,0,no STRING match,no STRING match,2526,2886,2,1
2508,fig|6666666.1036479.peg.186,fig|6666666.1036479.peg.1706,0.8704459011554718,0.005092096286911607,Low,Very Low,Very Low–Low,,,0,no STRING match,no STRING match,2526,2886,2,1
2509,fig|6666666.1036479.peg.2948,fig|6666666.1036479.peg.1416,0.870435220003128,0.005094126628333821,High,Medium,Medium–High,,,0,no STRING match,no STRING match,2410,2817,1,1
2510,fig|6666666.1036479.peg.861,fig|6666666.1036479.peg.1471,0.8704267561435699,0.005096156969756034,High,Very Low,Very Low–High,,,0,no STRING match,no STRING match,2665,2822,1,1
2511,fig|6666666.1036479.peg.3020,fig|6666666.1036479.peg.2454,0.8704180836677551,0.005098187311178248,Low,Medium,Low–Medium,,,0,no STRING match,no STRING match,2433,3037,1,1
2512,fig|6666666.1036479.peg.2672,fig|6666666.1036479.peg.1785,0.8704134702682496,0.005100217652600461,Medium,Very Low,Very Low–Medium,,,0,no STRING match,no STRING match,2341,2898,1,1
2513,fig|6666666.1036479.peg.2988,fig|6666666.1036479.peg.1913,0.870412963628769,0.005102247994022675,Medium,Very Low,Very Low–Medium,Hypothetical protein.,,0,secondary STRING hit (STRING protein assigned to a better match),no STRING match,2416,2917,1,1
2514,fig|6666666.1036479.peg.2672,fig|6666666.1036479.peg.2025,0.8704096615314484,0.005104278335444888,Medium,Very Low,Very Low–Medium,,,0,no STRING match,no STRING match,2341,2950,1,1
2515,fig|6666666.1036479.peg.3184,fig|6666666.1036479.peg.881,0.8703872323036194,0.005106308676867102,Very Low,High,Very Low–High,,,0,no STRING match,no STRING match,2457,2674,1,1
2516,fig|6666666.1036479.peg.3008,fig|6666666.1036479.peg.38,0.870380163192749,0.005108339018289315,Medium,Low,Low–Medium,,,0,no STRING match,no STRING match,2423,2526,1,2
2517,fig|6666666.1036479.peg.3008,fig|6666666.1036479.peg.186,0.870380163192749,0.005110369359711529,Medium,Low,Low–Medium,,,0,no STRING match,no STRING match,2423,2526,1,2
2518,fig|6666666.1036479.peg.866,fig|6666666.1036479.peg.1913,0.8703800678253174,0.005112399701133742,High,Very Low,Very Low–High,,,0,no STRING match,no STRING match,2667,2917,1,1
2519,fig|6666666.1036479.peg.2988,fig|6666666.1036479.peg.1945,0.8703700006008148,0.005114430042555956,Medium,Very Low,Very Low–Medium,Hypothetical protein.,,0,secondary STRING hit (STRING protein assigned to a better match),no STRING match,2416,2928,1,1
2520,fig|6666666.1036479.peg.2540,fig|6666666.1036479.peg.1300,0.8703506410121917,0.00511646038397817,Medium,Low,Low–Medium,,,0,no STRING match,no STRING match,2290,2763,1,1
2521,fig|6666666.1036479.peg.2969,fig|6666666.1036479.peg.370,0.8703410983085632,0.005118490725400384,Very Low,High,Very Low–High,,,0,no STRING match,no STRING match,2414,2579,1,1
2522,fig|6666666.1036479.peg.866,fig|6666666.1036479.peg.2104,0.8703330457210541,0.005120521066822597,High,High,High–High,,,0,no STRING match,no STRING match,2667,2958,1,1
2523,fig|6666666.1036479.peg.714,fig|6666666.1036479.peg.866,0.8703145921230316,0.005122551408244811,Low,High,Low–High,,,0,no STRING match,no STRING match,2627,2667,1,1
2524,fig|6666666.1036479.peg.3020,fig|6666666.1036479.peg.1706,0.8703114926815033,0.005124581749667024,Low,Very Low,Very Low–Low,,,0,no STRING match,no STRING match,2433,2886,1,1
2525,fig|6666666.1036479.peg.2550,fig|6666666.1036479.peg.1353,0.8703090071678161,0.005126612091089238,Very Low,Very Low,Very Low–Very Low,,,0,no STRING match,no STRING match,2300,2790,2,1
2526,fig|6666666.1036479.peg.2558,fig|6666666.1036479.peg.1353,0.8703090071678161,0.005128642432511451,Very Low,Very Low,Very Low–Very Low,,,0,no STRING match,no STRING match,2300,2790,2,1
2527,fig|6666666.1036479.peg.1913,fig|6666666.1036479.peg.1947,0.8703082263469696,0.005130672773933665,Very Low,Medium,Very Low–Medium,,,0,no STRING match,no STRING match,2917,2930,1,1
2528,fig|6666666.1036479.peg.2948,fig|6666666.1036479.peg.740,0.8702824294567109,0.005132703115355878,High,Very Low,Very Low–High,,,0,no STRING match,no STRING match,2410,2651,1,1
2529,fig|6666666.1036479.peg.1289,fig|6666666.1036479.peg.1655,0.8702674448490143,0.005134733456778092,Very Low,Medium,Very Low–Medium,,,0,no STRING match,no STRING match,2762,2882,1,1
2530,fig|6666666.1036479.peg.1655,fig|6666666.1036479.peg.1947,0.8702658236026763,0.005136763798200305,Medium,Medium,Medium–Medium,,,0,no STRING match,no STRING match,2882,2930,1,1
2531,fig|6666666.1036479.peg.410,fig|6666666.1036479.peg.1358,0.8702626466751099,0.005138794139622519,Very Low,Very Low,Very Low–Very Low,,,0,no STRING match,no STRING match,2584,2794,1,1
2532,fig|6666666.1036479.peg.1080,fig|6666666.1036479.peg.1494,0.8702533125877381,0.005140824481044732,High,Very Low,Very Low–High,,,0,no STRING match,no STRING match,2712,2824,1,1
2533,fig|6666666.1036479.peg.719,fig|6666666.1036479.peg.942,0.8702470779418945,0.005142854822466946,Medium,Very Low,Very Low–Medium,,,0,no STRING match,no STRING match,2630,2691,1,1
2534,fig|6666666.1036479.peg.2987,fig|6666666.1036479.peg.3020,0.8702343821525573,0.005144885163889159,Very Low,Low,Very Low–Low,,,0,no STRING match,no STRING match,2415,2433,1,1
2535,fig|6666666.1036479.peg.2672,fig|6666666.1036479.peg.2278,0.8702233254909515,0.005146915505311373,Medium,Low,Low–Medium,,,0,no STRING match,no STRING match,2341,3005,1,1
2536,fig|6666666.1036479.peg.2510,fig|6666666.1036479.peg.2672,0.8702222466468811,0.005148945846733587,Very Low,Medium,Very Low–Medium,,,0,no STRING match,no STRING match,2274,2341,12,1
2537,fig|6666666.1036479.peg.2527,fig|6666666.1036479.peg.2672,0.8702222466468811,0.005150976188155801,Very Low,Medium,Very Low–Medium,,,0,no STRING match,no STRING match,2274,2341,12,1
2538,fig|6666666.1036479.peg.2531,fig|6666666.1036479.peg.2672,0.8702222466468811,0.005153006529578014,Very Low,Medium,Very Low–Medium,,,0,no STRING match,no STRING match,2274,2341,12,1
2539,fig|6666666.1036479.peg.2672,fig|6666666.1036479.peg.3174,0.8702222466468811,0.005155036871000228,Medium,Very Low,Very Low–Medium,,,0,no STRING match,no STRING match,2341,2274,1,12
2540,fig|6666666.1036479.peg.2672,fig|6666666.1036479.peg.970,0.8702222466468811,0.005157067212422441,Medium,Very Low,Very Low–Medium,,,0,no STRING match,no STRING match,2341,2274,1,12
2541,fig|6666666.1036479.peg.2672,fig|6666666.1036479.peg.975,0.8702222466468811,0.005159097553844655,Medium,Very Low,Very Low–Medium,,,0,no STRING match,no STRING match,2341,2274,1,12
2542,fig|6666666.1036479.peg.2672,fig|6666666.1036479.peg.980,0.8702222466468811,0.005161127895266868,Medium,Very Low,Very Low–Medium,,,0,no STRING match,no STRING match,2341,2274,1,12
2543,fig|6666666.1036479.peg.2672,fig|6666666.1036479.peg.984,0.8702222466468811,0.005163158236689082,Medium,Very Low,Very Low–Medium,,,0,no STRING match,no STRING match,2341,2274,1,12
2544,fig|6666666.1036479.peg.2672,fig|6666666.1036479.peg.988,0.8702222466468811,0.005165188578111295,Medium,Very Low,Very Low–Medium,,,0,no STRING match,no STRING match,2341,2274,1,12
2545,fig|6666666.1036479.peg.2672,fig|6666666.1036479.peg.2490,0.8702222466468811,0.005167218919533509,Medium,Very Low,Very Low–Medium,,,0,no STRING match,no STRING match,2341,2274,1,12
2546,fig|6666666.1036479.peg.2672,fig|6666666.1036479.peg.2495,0.8702222466468811,0.005169249260955722,Medium,Very Low,Very Low–Medium,,,0,no STRING match,no STRING match,2341,2274,1,12
2547,fig|6666666.1036479.peg.2672,fig|6666666.1036479.peg.2499,0.8702222466468811,0.005171279602377936,Medium,Very Low,Very Low–Medium,,,0,no STRING match,no STRING match,2341,2274,1,12
2548,fig|6666666.1036479.peg.3222,fig|6666666.1036479.peg.1657,0.8702125310897827,0.005173309943800149,Medium,Medium,Medium–Medium,,,0,no STRING match,no STRING match,2473,2883,2,1
2549,fig|6666666.1036479.peg.138,fig|6666666.1036479.peg.1657,0.8702125310897827,0.005175340285222363,Medium,Medium,Medium–Medium,,,0,no STRING match,no STRING match,2473,2883,2,1
2550,fig|6666666.1036479.peg.370,fig|6666666.1036479.peg.1471,0.8701656222343445,0.005177370626644576,High,Very Low,Very Low–High,,,0,no STRING match,no STRING match,2579,2822,1,1
2551,fig|6666666.1036479.peg.2672,fig|6666666.1036479.peg.732,0.8701615750789642,0.00517940096806679,Medium,Medium,Medium–Medium,,,0,no STRING match,no STRING match,2341,2643,1,1
2552,fig|6666666.1036479.peg.861,fig|6666666.1036479.peg.1632,0.8701555013656617,0.005181431309489004,High,Very Low,Very Low–High,,,0,no STRING match,no STRING match,2665,2870,1,2
2553,fig|6666666.1036479.peg.861,fig|6666666.1036479.peg.1639,0.8701555013656617,0.005183461650911218,High,Very Low,Very Low–High,,,0,no STRING match,no STRING match,2665,2870,1,2
2554,fig|6666666.1036479.peg.2672,fig|6666666.1036479.peg.2382,0.8701455116271972,0.005185491992333431,Medium,Very Low,Very Low–Medium,,Rhs element Vgr protein; COG3501 Uncharacterized protein conserved in bacteria.,0,no STRING match,secondary STRING hit (STRING protein assigned to a better match),2341,3023,1,1
2555,fig|6666666.1036479.peg.2548,fig|6666666.1036479.peg.2881,0.8701339662075043,0.005187522333755645,High,Very Low,Very Low–High,,,0,no STRING match,no STRING match,2298,2383,1,1
2556,fig|6666666.1036479.peg.2672,fig|6666666.1036479.peg.1949,0.870125150680542,0.005189552675177858,Medium,Medium,Medium–Medium,,,0,no STRING match,no STRING match,2341,2932,1,1
2557,fig|6666666.1036479.peg.3184,fig|6666666.1036479.peg.2114,0.8701210200786591,0.005191583016600072,Very Low,Very Low,Very Low–Very Low,,"COG1629 Outer membrane receptor proteins, mostly Fe transport.",0,no STRING match,secondary STRING hit (STRING protein assigned to a better match),2457,2964,1,1
2558,fig|6666666.1036479.peg.3004,fig|6666666.1036479.peg.1300,0.8701183557510376,0.005193613358022285,Very Low,Low,Very Low–Low,,,0,no STRING match,no STRING match,2419,2763,1,1
2559,fig|6666666.1036479.peg.1416,fig|6666666.1036479.peg.1947,0.8701146841049194,0.005195643699444499,Medium,Medium,Medium–Medium,,,0,no STRING match,no STRING match,2817,2930,1,1
2560,fig|6666666.1036479.peg.2548,fig|6666666.1036479.peg.2099,0.8701108753681183,0.005197674040866712,High,Low,Low–High,,,0,no STRING match,no STRING match,2298,2957,1,1
2561,fig|6666666.1036479.peg.573,fig|6666666.1036479.peg.720,0.870098477602005,0.005199704382288926,Very Low,High,Very Low–High,Hypothetical protein.,,0,secondary STRING hit (STRING protein assigned to a better match),no STRING match,2601,2631,1,1
2562,fig|6666666.1036479.peg.723,fig|6666666.1036479.peg.1308,0.870091724395752,0.005201734723711139,High,Medium,Medium–High,,,0,no STRING match,no STRING match,2634,2764,1,1
2563,fig|6666666.1036479.peg.2855,fig|6666666.1036479.peg.1289,0.8700901627540588,0.005203765065133353,Very Low,Very Low,Very Low–Very Low,,,0,no STRING match,no STRING match,2374,2762,1,1
2564,fig|6666666.1036479.peg.1947,fig|6666666.1036479.peg.2454,0.8700855135917663,0.005205795406555566,Medium,Medium,Medium–Medium,,,0,no STRING match,no STRING match,2930,3037,1,1
2565,fig|6666666.1036479.peg.2548,fig|6666666.1036479.peg.687,0.8700654804706573,0.00520782574797778,High,Very Low,Very Low–High,,,0,no STRING match,no STRING match,2298,2621,1,1
2566,fig|6666666.1036479.peg.2548,fig|6666666.1036479.peg.1265,0.8700636386871338,0.005209856089399993,High,Low,Low–High,,,0,no STRING match,no STRING match,2298,2760,1,1
2567,fig|6666666.1036479.peg.866,fig|6666666.1036479.peg.2405,0.870062118768692,0.005211886430822207,High,Medium,Medium–High,,Hypothetical protein; COG0605 Superoxide dismutase.,0,no STRING match,secondary STRING hit (STRING protein assigned to a better match),2667,3029,1,1
2568,fig|6666666.1036479.peg.1080,fig|6666666.1036479.peg.1289,0.8700610935688019,0.005213916772244421,High,Very Low,Very Low–High,,,0,no STRING match,no STRING match,2712,2762,1,1
2569,fig|6666666.1036479.peg.2364,fig|6666666.1036479.peg.2405,0.8700587093830109,0.0052159471136666346,Medium,Medium,Medium–Medium,,Hypothetical protein; COG0605 Superoxide dismutase.,0,no STRING match,secondary STRING hit (STRING protein assigned to a better match),3022,3029,1,1
2570,fig|6666666.1036479.peg.2504,fig|6666666.1036479.peg.89,0.8700534641742707,0.005217977455088848,Very Low,Very Low,Very Low–Very Low,,,0,no STRING match,no STRING match,2268,2542,1,1
2571,fig|6666666.1036479.peg.2839,fig|6666666.1036479.peg.1289,0.8700379252433776,0.005220007796511062,Very Low,Very Low,Very Low–Very Low,,,0,no STRING match,no STRING match,2368,2762,1,1
2572,fig|6666666.1036479.peg.724,fig|6666666.1036479.peg.1947,0.8700098752975464,0.005222038137933275,Medium,Medium,Medium–Medium,,,0,no STRING match,no STRING match,2635,2930,1,1
2573,fig|6666666.1036479.peg.2092,fig|6666666.1036479.peg.2348,0.8699834167957305,0.005224068479355489,Medium,High,Medium–High,,,0,no STRING match,no STRING match,2954,3019,1,1
2574,fig|6666666.1036479.peg.1300,fig|6666666.1036479.peg.2278,0.8699802279472351,0.005226098820777702,Low,Low,Low–Low,,,0,no STRING match,no STRING match,2763,3005,1,1
2575,fig|6666666.1036479.peg.861,fig|6666666.1036479.peg.2469,0.8699690520763397,0.005228129162199916,High,Very Low,Very Low–High,,,0,no STRING match,no STRING match,2665,3042,1,1
2576,fig|6666666.1036479.peg.2881,fig|6666666.1036479.peg.1289,0.8699559092521667,0.005230159503622129,Very Low,Very Low,Very Low–Very Low,,,0,no STRING match,no STRING match,2383,2762,1,1
2577,fig|6666666.1036479.peg.2588,fig|6666666.1036479.peg.1353,0.8699231326580048,0.005232189845044343,Very Low,Very Low,Very Low–Very Low,,,0,no STRING match,no STRING match,2319,2790,1,1
2578,fig|6666666.1036479.peg.2548,fig|6666666.1036479.peg.2104,0.8698807239532471,0.005234220186466556,High,High,High–High,,,0,no STRING match,no STRING match,2298,2958,1,1
2579,fig|6666666.1036479.peg.942,fig|6666666.1036479.peg.2114,0.8698720157146453,0.00523625052788877,Very Low,Very Low,Very Low–Very Low,,"COG1629 Outer membrane receptor proteins, mostly Fe transport.",0,no STRING match,secondary STRING hit (STRING protein assigned to a better match),2691,2964,1,1
2580,fig|6666666.1036479.peg.3033,fig|6666666.1036479.peg.1566,0.869866818189621,0.005238280869310983,Low,High,Low–High,,,0,no STRING match,no STRING match,2437,2838,1,1
2581,fig|6666666.1036479.peg.370,fig|6666666.1036479.peg.887,0.8698451817035675,0.005240311210733197,High,Medium,Medium–High,,,0,no STRING match,no STRING match,2579,2680,1,1
2582,fig|6666666.1036479.peg.2854,fig|6666666.1036479.peg.866,0.8698313117027283,0.00524234155215541,Low,High,Low–High,,,0,no STRING match,no STRING match,2373,2667,1,1
2583,fig|6666666.1036479.peg.2988,fig|6666666.1036479.peg.2454,0.8698269784450531,0.005244371893577624,Medium,Medium,Medium–Medium,Hypothetical protein.,,0,secondary STRING hit (STRING protein assigned to a better match),no STRING match,2416,3037,1,1
2584,fig|6666666.1036479.peg.2503,fig|6666666.1036479.peg.370,0.8697730660438537,0.005246402234999838,Very Low,High,Very Low–High,,,0,no STRING match,no STRING match,2267,2579,1,1
2585,fig|6666666.1036479.peg.289,fig|6666666.1036479.peg.1308,0.8697367787361145,0.0052484325764220515,High,Medium,Medium–High,Hypothetical protein.,,0,secondary STRING hit (STRING protein assigned to a better match),no STRING match,2559,2764,1,1
2586,fig|6666666.1036479.peg.3020,fig|6666666.1036479.peg.3223,0.8697258472442627,0.005250462917844265,Low,High,Low–High,,,0,no STRING match,no STRING match,2433,2474,1,2
2587,fig|6666666.1036479.peg.3020,fig|6666666.1036479.peg.139,0.8697258472442627,0.0052524932592664785,Low,High,Low–High,,,0,no STRING match,no STRING match,2433,2474,1,2
2588,fig|6666666.1036479.peg.1115,fig|6666666.1036479.peg.1289,0.869716203212738,0.005254523600688692,Very Low,Very Low,Very Low–Very Low,,,0,no STRING match,no STRING match,2731,2762,1,1
2589,fig|6666666.1036479.peg.38,fig|6666666.1036479.peg.1092,0.8697153925895691,0.0052565539421109055,Low,Very Low,Very Low–Low,,,0,no STRING match,no STRING match,2526,2715,2,1
2590,fig|6666666.1036479.peg.186,fig|6666666.1036479.peg.1092,0.8697153925895691,0.005258584283533119,Low,Very Low,Very Low–Low,,,0,no STRING match,no STRING match,2526,2715,2,1
2591,fig|6666666.1036479.peg.2960,fig|6666666.1036479.peg.1657,0.8697111666202545,0.0052606146249553325,Low,Medium,Low–Medium,,,0,no STRING match,no STRING match,2412,2883,1,1
2592,fig|6666666.1036479.peg.720,fig|6666666.1036479.peg.2348,0.8696979641914367,0.005262644966377546,High,High,High–High,,,0,no STRING match,no STRING match,2631,3019,1,1
2593,fig|6666666.1036479.peg.2532,fig|6666666.1036479.peg.2960,0.8696916282176972,0.0052646753077997595,Low,Low,Low–Low,,,0,no STRING match,no STRING match,2284,2412,4,1
2594,fig|6666666.1036479.peg.2960,fig|6666666.1036479.peg.3171,0.8696916282176972,0.005266705649221973,Low,Low,Low–Low,,,0,no STRING match,no STRING match,2412,2284,1,4
2595,fig|6666666.1036479.peg.2960,fig|6666666.1036479.peg.987,0.8696916282176972,0.0052687359906441866,Low,Low,Low–Low,,,0,no STRING match,no STRING match,2412,2284,1,4
2596,fig|6666666.1036479.peg.2960,fig|6666666.1036479.peg.2492,0.8696916282176972,0.0052707663320664,Low,Low,Low–Low,,,0,no STRING match,no STRING match,2412,2284,1,4
2597,fig|6666666.1036479.peg.3020,fig|6666666.1036479.peg.724,0.8696899533271789,0.005272796673488614,Low,Medium,Low–Medium,,,0,no STRING match,no STRING match,2433,2635,1,1
2598,fig|6666666.1036479.peg.2672,fig|6666666.1036479.peg.1265,0.8696605801582337,0.005274827014910827,Medium,Low,Low–Medium,,,0,no STRING match,no STRING match,2341,2760,1,1
2599,fig|6666666.1036479.peg.2843,fig|6666666.1036479.peg.942,0.8696260869503021,0.005276857356333041,Very Low,Very Low,Very Low–Very Low,,,0,no STRING match,no STRING match,2370,2691,1,1
2600,fig|6666666.1036479.peg.2506,fig|6666666.1036479.peg.1339,0.8695964038372039,0.005278887697755255,Very Low,Very Low,Very Low–Very Low,,,0,no STRING match,no STRING match,2270,2779,6,1
2601,fig|6666666.1036479.peg.2516,fig|6666666.1036479.peg.1339,0.8695964038372039,0.0052809180391774685,Very Low,Very Low,Very Low–Very Low,,,0,no STRING match,no STRING match,2270,2779,6,1
2602,fig|6666666.1036479.peg.2522,fig|6666666.1036479.peg.1339,0.8695964038372039,0.005282948380599682,Very Low,Very Low,Very Low–Very Low,,,0,no STRING match,no STRING match,2270,2779,6,1
2603,fig|6666666.1036479.peg.974,fig|6666666.1036479.peg.1339,0.8695964038372039,0.0052849787220218955,Very Low,Very Low,Very Low–Very Low,,,0,no STRING match,no STRING match,2270,2779,6,1
2604,fig|6666666.1036479.peg.979,fig|6666666.1036479.peg.1339,0.8695964038372039,0.005287009063444109,Very Low,Very Low,Very Low–Very Low,,,0,no STRING match,no STRING match,2270,2779,6,1
2605,fig|6666666.1036479.peg.1339,fig|6666666.1036479.peg.2491,0.8695964038372039,0.0052890394048663225,Very Low,Very Low,Very Low–Very Low,,,0,no STRING match,no STRING match,2779,2270,1,6
2606,fig|6666666.1036479.peg.3231,fig|6666666.1036479.peg.652,0.8695388793945312,0.005291069746288536,Very Low,Very Low,Very Low–Very Low,,,0,no STRING match,no STRING match,2482,2615,2,1
2607,fig|6666666.1036479.peg.147,fig|6666666.1036479.peg.652,0.8695388793945312,0.0052931000877107495,Very Low,Very Low,Very Low–Very Low,,,0,no STRING match,no STRING match,2482,2615,2,1
2608,fig|6666666.1036479.peg.2501,fig|6666666.1036479.peg.1080,0.8695376694202424,0.005295130429132963,High,High,High–High,,,0,no STRING match,no STRING match,2265,2712,1,1
2609,fig|6666666.1036479.peg.861,fig|6666666.1036479.peg.2145,0.8695340156555176,0.0052971607705551765,High,Very Low,Very Low–High,,,0,no STRING match,no STRING match,2665,2973,1,1
2610,fig|6666666.1036479.peg.866,fig|6666666.1036479.peg.885,0.8695251166820526,0.00529919111197739,High,Medium,Medium–High,,,0,no STRING match,no STRING match,2667,2678,1,1
2611,fig|6666666.1036479.peg.2548,fig|6666666.1036479.peg.2839,0.8695188760757446,0.0053012214533996035,High,Very Low,Very Low–High,,,0,no STRING match,no STRING match,2298,2368,1,1
2612,fig|6666666.1036479.peg.1289,fig|6666666.1036479.peg.1850,0.869518780708313,0.005303251794821817,Very Low,Very Low,Very Low–Very Low,,,0,no STRING match,no STRING match,2762,2907,1,1
2613,fig|6666666.1036479.peg.2920,fig|6666666.1036479.peg.723,0.8695067703723908,0.0053052821362440305,Very Low,High,Very Low–High,,,0,no STRING match,no STRING match,2397,2634,1,1
2614,fig|6666666.1036479.peg.2929,fig|6666666.1036479.peg.3010,0.8694928228855133,0.005307312477666244,Very Low,Low,Very Low–Low,Hypothetical protein.,,0,secondary STRING hit (STRING protein assigned to a better match),no STRING match,2404,2425,1,1
2615,fig|6666666.1036479.peg.866,fig|6666666.1036479.peg.1431,0.8694724202156067,0.0053093428190884575,High,Very Low,Very Low–High,,,0,no STRING match,no STRING match,2667,2820,1,1
2616,fig|6666666.1036479.peg.3188,fig|6666666.1036479.peg.728,0.8694710791110992,0.005311373160510672,Medium,Medium,Medium–Medium,,,0,no STRING match,no STRING match,2461,2639,1,1
2617,fig|6666666.1036479.peg.2532,fig|6666666.1036479.peg.1080,0.8694504857063293,0.005313403501932885,Low,High,Low–High,,,0,no STRING match,no STRING match,2284,2712,4,1
2618,fig|6666666.1036479.peg.3171,fig|6666666.1036479.peg.1080,0.8694504857063293,0.005315433843355099,Low,High,Low–High,,,0,no STRING match,no STRING match,2284,2712,4,1
2619,fig|6666666.1036479.peg.987,fig|6666666.1036479.peg.1080,0.8694504857063293,0.005317464184777312,Low,High,Low–High,,,0,no STRING match,no STRING match,2284,2712,4,1
2620,fig|6666666.1036479.peg.1080,fig|6666666.1036479.peg.2492,0.8694504857063293,0.005319494526199526,High,Low,Low–High,,,0,no STRING match,no STRING match,2712,2284,1,4
2621,fig|6666666.1036479.peg.714,fig|6666666.1036479.peg.1300,0.8694313883781433,0.005321524867621739,Low,Low,Low–Low,,,0,no STRING match,no STRING match,2627,2763,1,1
2622,fig|6666666.1036479.peg.2918,fig|6666666.1036479.peg.391,0.8694248795509338,0.005323555209043953,Very Low,Medium,Very Low–Medium,,,0,no STRING match,no STRING match,2396,2580,1,1
2623,fig|6666666.1036479.peg.3213,fig|6666666.1036479.peg.1947,0.8693477034568786,0.0053255855504661664,Very Low,Medium,Very Low–Medium,,,0,no STRING match,no STRING match,2470,2930,1,1
2624,fig|6666666.1036479.peg.3015,fig|6666666.1036479.peg.3207,0.869333702325821,0.00532761589188838,Low,Medium,Low–Medium,,,0,no STRING match,no STRING match,2428,2468,1,1
2625,fig|6666666.1036479.peg.3231,fig|6666666.1036479.peg.1074,0.8693305552005768,0.0053296462333105935,Very Low,High,Very Low–High,,,0,no STRING match,no STRING match,2482,2706,2,1
2626,fig|6666666.1036479.peg.147,fig|6666666.1036479.peg.1074,0.8693305552005768,0.005331676574732807,Very Low,High,Very Low–High,,,0,no STRING match,no STRING match,2482,2706,2,1
2627,fig|6666666.1036479.peg.1289,fig|6666666.1036479.peg.2278,0.8693234384059906,0.0053337069161550205,Very Low,Low,Very Low–Low,,,0,no STRING match,no STRING match,2762,3005,1,1
2628,fig|6666666.1036479.peg.3207,fig|6666666.1036479.peg.1080,0.8693224549293518,0.005335737257577234,Medium,High,Medium–High,,,0,no STRING match,no STRING match,2468,2712,1,1
2629,fig|6666666.1036479.peg.2556,fig|6666666.1036479.peg.866,0.869314169883728,0.0053377675989994475,High,High,High–High,,,0,no STRING match,no STRING match,2306,2667,2,1
2630,fig|6666666.1036479.peg.2564,fig|6666666.1036479.peg.866,0.869314169883728,0.005339797940421661,High,High,High–High,,,0,no STRING match,no STRING match,2306,2667,2,1
2631,fig|6666666.1036479.peg.244,fig|6666666.1036479.peg.866,0.8692955672740936,0.0053418282818438745,Very Low,High,Very Low–High,,,0,no STRING match,no STRING match,2554,2667,1,1
2632,fig|6666666.1036479.peg.2920,fig|6666666.1036479.peg.2106,0.8692917168140412,0.005343858623266089,Very Low,High,Very Low–High,,Hypothetical protein.,0,no STRING match,secondary STRING hit (STRING protein assigned to a better match),2397,2959,1,1
2633,fig|6666666.1036479.peg.2506,fig|6666666.1036479.peg.89,0.8692712903022766,0.005345888964688302,Very Low,Very Low,Very Low–Very Low,,,0,no STRING match,no STRING match,2270,2542,6,1
2634,fig|6666666.1036479.peg.2516,fig|6666666.1036479.peg.89,0.8692712903022766,0.005347919306110516,Very Low,Very Low,Very Low–Very Low,,,0,no STRING match,no STRING match,2270,2542,6,1
2635,fig|6666666.1036479.peg.2522,fig|6666666.1036479.peg.89,0.8692712903022766,0.005349949647532729,Very Low,Very Low,Very Low–Very Low,,,0,no STRING match,no STRING match,2270,2542,6,1
2636,fig|6666666.1036479.peg.89,fig|6666666.1036479.peg.974,0.8692712903022766,0.005351979988954943,Very Low,Very Low,Very Low–Very Low,,,0,no STRING match,no STRING match,2542,2270,1,6
2637,fig|6666666.1036479.peg.89,fig|6666666.1036479.peg.979,0.8692712903022766,0.005354010330377156,Very Low,Very Low,Very Low–Very Low,,,0,no STRING match,no STRING match,2542,2270,1,6
2638,fig|6666666.1036479.peg.89,fig|6666666.1036479.peg.2491,0.8692712903022766,0.00535604067179937,Very Low,Very Low,Very Low–Very Low,,,0,no STRING match,no STRING match,2542,2270,1,6
2639,fig|6666666.1036479.peg.1289,fig|6666666.1036479.peg.1410,0.8692444741725922,0.005358071013221583,Very Low,Medium,Very Low–Medium,,,0,no STRING match,no STRING match,2762,2813,1,1
2640,fig|6666666.1036479.peg.2504,fig|6666666.1036479.peg.1494,0.8692439496517181,0.005360101354643797,Very Low,Very Low,Very Low–Very Low,,,0,no STRING match,no STRING match,2268,2824,1,1
2641,fig|6666666.1036479.peg.391,fig|6666666.1036479.peg.1416,0.8692100763320922,0.00536213169606601,Medium,Medium,Medium–Medium,,,0,no STRING match,no STRING match,2580,2817,1,1
2642,fig|6666666.1036479.peg.2548,fig|6666666.1036479.peg.551,0.8692024767398834,0.005364162037488224,High,Very Low,Very Low–High,,,0,no STRING match,no STRING match,2298,2597,1,1
2643,fig|6666666.1036479.peg.3207,fig|6666666.1036479.peg.2106,0.8691967904567719,0.005366192378910437,Medium,High,Medium–High,,Hypothetical protein.,0,no STRING match,secondary STRING hit (STRING protein assigned to a better match),2468,2959,1,1
2644,fig|6666666.1036479.peg.3207,fig|6666666.1036479.peg.1946,0.8691868603229522,0.005368222720332651,Medium,Medium,Medium–Medium,,,0,no STRING match,no STRING match,2468,2929,1,1
2645,fig|6666666.1036479.peg.2532,fig|6666666.1036479.peg.3231,0.8691771686077118,0.005370253061754864,Low,Very Low,Very Low–Low,,,0,no STRING match,no STRING match,2284,2482,4,2
2646,fig|6666666.1036479.peg.2532,fig|6666666.1036479.peg.147,0.8691771686077118,0.005372283403177078,Low,Very Low,Very Low–Low,,,0,no STRING match,no STRING match,2284,2482,4,2
2647,fig|6666666.1036479.peg.3171,fig|6666666.1036479.peg.3231,0.8691771686077118,0.005374313744599291,Low,Very Low,Very Low–Low,,,0,no STRING match,no STRING match,2284,2482,4,2
2648,fig|6666666.1036479.peg.3171,fig|6666666.1036479.peg.147,0.8691771686077118,0.005376344086021506,Low,Very Low,Very Low–Low,,,0,no STRING match,no STRING match,2284,2482,4,2
2649,fig|6666666.1036479.peg.3231,fig|6666666.1036479.peg.987,0.8691771686077118,0.005378374427443719,Very Low,Low,Very Low–Low,,,0,no STRING match,no STRING match,2482,2284,2,4
2650,fig|6666666.1036479.peg.3231,fig|6666666.1036479.peg.2492,0.8691771686077118,0.005380404768865933,Very Low,Low,Very Low–Low,,,0,no STRING match,no STRING match,2482,2284,2,4
2651,fig|6666666.1036479.peg.147,fig|6666666.1036479.peg.987,0.8691771686077118,0.005382435110288146,Very Low,Low,Very Low–Low,,,0,no STRING match,no STRING match,2482,2284,2,4
2652,fig|6666666.1036479.peg.147,fig|6666666.1036479.peg.2492,0.8691771686077118,0.00538446545171036,Very Low,Low,Very Low–Low,,,0,no STRING match,no STRING match,2482,2284,2,4
2653,fig|6666666.1036479.peg.2920,fig|6666666.1036479.peg.1409,0.8691739082336426,0.005386495793132573,Very Low,Medium,Very Low–Medium,,,0,no STRING match,no STRING match,2397,2812,1,1
2654,fig|6666666.1036479.peg.89,fig|6666666.1036479.peg.1308,0.869170731306076,0.005388526134554787,Very Low,Medium,Very Low–Medium,,,0,no STRING match,no STRING match,2542,2764,1,1
2655,fig|6666666.1036479.peg.3184,fig|6666666.1036479.peg.1657,0.8691628694534301,0.005390556475977,Very Low,Medium,Very Low–Medium,,,0,no STRING match,no STRING match,2457,2883,1,1
2656,fig|6666666.1036479.peg.2539,fig|6666666.1036479.peg.3020,0.8691596031188965,0.005392586817399214,Low,Low,Low–Low,,,0,no STRING match,no STRING match,2289,2433,1,1
2657,fig|6666666.1036479.peg.1289,fig|6666666.1036479.peg.1945,0.8691174209117889,0.005394617158821427,Very Low,Very Low,Very Low–Very Low,,,0,no STRING match,no STRING match,2762,2928,1,1
2658,fig|6666666.1036479.peg.736,fig|6666666.1036479.peg.881,0.8690800964832306,0.005396647500243641,Very Low,High,Very Low–High,,,0,no STRING match,no STRING match,2647,2674,1,1
2659,fig|6666666.1036479.peg.2960,fig|6666666.1036479.peg.2347,0.8690612494945527,0.005398677841665854,Low,Low,Low–Low,,,0,no STRING match,no STRING match,2412,3018,1,1
2660,fig|6666666.1036479.peg.2672,fig|6666666.1036479.peg.2104,0.8690595984458923,0.005400708183088068,Medium,High,Medium–High,,,0,no STRING match,no STRING match,2341,2958,1,1
2661,fig|6666666.1036479.peg.47,fig|6666666.1036479.peg.1966,0.8690582334995269,0.005402738524510281,Very Low,Very Low,Very Low–Very Low,,,0,no STRING match,no STRING match,2535,2946,1,1
2662,fig|6666666.1036479.peg.882,fig|6666666.1036479.peg.1602,0.8690395832061768,0.005404768865932495,Very Low,Very Low,Very Low–Very Low,,,0,no STRING match,no STRING match,2675,2860,1,2
2663,fig|6666666.1036479.peg.882,fig|6666666.1036479.peg.1609,0.8690395832061768,0.005406799207354708,Very Low,Very Low,Very Low–Very Low,,,0,no STRING match,no STRING match,2675,2860,1,2
2664,fig|6666666.1036479.peg.2510,fig|6666666.1036479.peg.881,0.8690361142158508,0.005408829548776923,Very Low,High,Very Low–High,,,0,no STRING match,no STRING match,2274,2674,12,1
2665,fig|6666666.1036479.peg.2527,fig|6666666.1036479.peg.881,0.8690361142158508,0.005410859890199136,Very Low,High,Very Low–High,,,0,no STRING match,no STRING match,2274,2674,12,1
2666,fig|6666666.1036479.peg.2531,fig|6666666.1036479.peg.881,0.8690361142158508,0.00541289023162135,Very Low,High,Very Low–High,,,0,no STRING match,no STRING match,2274,2674,12,1
2667,fig|6666666.1036479.peg.3174,fig|6666666.1036479.peg.881,0.8690361142158508,0.005414920573043563,Very Low,High,Very Low–High,,,0,no STRING match,no STRING match,2274,2674,12,1
2668,fig|6666666.1036479.peg.881,fig|6666666.1036479.peg.970,0.8690361142158508,0.005416950914465777,High,Very Low,Very Low–High,,,0,no STRING match,no STRING match,2674,2274,1,12
2669,fig|6666666.1036479.peg.881,fig|6666666.1036479.peg.975,0.8690361142158508,0.00541898125588799,High,Very Low,Very Low–High,,,0,no STRING match,no STRING match,2674,2274,1,12
2670,fig|6666666.1036479.peg.881,fig|6666666.1036479.peg.980,0.8690361142158508,0.005421011597310204,High,Very Low,Very Low–High,,,0,no STRING match,no STRING match,2674,2274,1,12
2671,fig|6666666.1036479.peg.881,fig|6666666.1036479.peg.984,0.8690361142158508,0.005423041938732417,High,Very Low,Very Low–High,,,0,no STRING match,no STRING match,2674,2274,1,12
2672,fig|6666666.1036479.peg.881,fig|6666666.1036479.peg.988,0.8690361142158508,0.005425072280154631,High,Very Low,Very Low–High,,,0,no STRING match,no STRING match,2674,2274,1,12
2673,fig|6666666.1036479.peg.881,fig|6666666.1036479.peg.2490,0.8690361142158508,0.005427102621576844,High,Very Low,Very Low–High,,,0,no STRING match,no STRING match,2674,2274,1,12
2674,fig|6666666.1036479.peg.881,fig|6666666.1036479.peg.2495,0.8690361142158508,0.005429132962999058,High,Very Low,Very Low–High,,,0,no STRING match,no STRING match,2674,2274,1,12
2675,fig|6666666.1036479.peg.881,fig|6666666.1036479.peg.2499,0.8690361142158508,0.005431163304421271,High,Very Low,Very Low–High,,,0,no STRING match,no STRING match,2674,2274,1,12
2676,fig|6666666.1036479.peg.107,fig|6666666.1036479.peg.866,0.8690350711345672,0.005433193645843485,Very Low,High,Very Low–High,,,0,no STRING match,no STRING match,2544,2667,1,1
2677,fig|6666666.1036479.peg.2988,fig|6666666.1036479.peg.1943,0.8690272867679596,0.005435223987265698,Medium,Medium,Medium–Medium,Hypothetical protein.,COG3103 SH3 domain protein.,0,secondary STRING hit (STRING protein assigned to a better match),secondary STRING hit (STRING protein assigned to a better match),2416,2926,1,1
2678,fig|6666666.1036479.peg.2948,fig|6666666.1036479.peg.3017,0.8689641654491425,0.005437254328687912,High,Medium,Medium–High,,,0,no STRING match,no STRING match,2410,2430,1,1
2679,fig|6666666.1036479.peg.3107,fig|6666666.1036479.peg.38,0.8689502835273742,0.005439284670110125,Very Low,Low,Very Low–Low,,,0,no STRING match,no STRING match,2444,2526,1,2
2680,fig|6666666.1036479.peg.3107,fig|6666666.1036479.peg.186,0.8689502835273742,0.00544131501153234,Very Low,Low,Very Low–Low,,,0,no STRING match,no STRING match,2444,2526,1,2
2681,fig|6666666.1036479.peg.2548,fig|6666666.1036479.peg.2784,0.8689491331577301,0.005443345352954553,High,Very Low,Very Low–High,,,0,no STRING match,no STRING match,2298,2355,1,1
2682,fig|6666666.1036479.peg.3008,fig|6666666.1036479.peg.2436,0.8689460635185242,0.005445375694376767,Medium,Medium,Medium–Medium,,,0,no STRING match,no STRING match,2423,3033,1,1
2683,fig|6666666.1036479.peg.3020,fig|6666666.1036479.peg.1943,0.8689432442188263,0.00544740603579898,Low,Medium,Low–Medium,,COG3103 SH3 domain protein.,0,no STRING match,secondary STRING hit (STRING protein assigned to a better match),2433,2926,1,1
2684,fig|6666666.1036479.peg.866,fig|6666666.1036479.peg.1962,0.8689220786094666,0.005449436377221194,High,Medium,Medium–High,,,0,no STRING match,no STRING match,2667,2944,1,1
2685,fig|6666666.1036479.peg.370,fig|6666666.1036479.peg.1946,0.868917065858841,0.005451466718643407,High,Medium,Medium–High,,,0,no STRING match,no STRING match,2579,2929,1,1
2686,fig|6666666.1036479.peg.2715,fig|6666666.1036479.peg.1289,0.8689104497432709,0.005453497060065621,Very Low,Very Low,Very Low–Very Low,,,0,no STRING match,no STRING match,2348,2762,1,1
2687,fig|6666666.1036479.peg.1300,fig|6666666.1036479.peg.2145,0.8688778638839721,0.005455527401487834,Low,Very Low,Very Low–Low,,,0,no STRING match,no STRING match,2763,2973,1,1
2688,fig|6666666.1036479.peg.2548,fig|6666666.1036479.peg.2768,0.8688703238964081,0.005457557742910048,High,Very Low,Very Low–High,,,0,no STRING match,no STRING match,2298,2353,1,1
2689,fig|6666666.1036479.peg.861,fig|6666666.1036479.peg.1114,0.8688378691673279,0.005459588084332261,High,Very Low,Very Low–High,,,0,no STRING match,no STRING match,2665,2730,1,1
2690,fig|6666666.1036479.peg.2548,fig|6666666.1036479.peg.3189,0.8688364386558532,0.005461618425754475,High,Very Low,Very Low–High,,,0,no STRING match,no STRING match,2298,2462,1,1
2691,fig|6666666.1036479.peg.1289,fig|6666666.1036479.peg.1409,0.8688090920448304,0.005463648767176688,Very Low,Medium,Very Low–Medium,,,0,no STRING match,no STRING match,2762,2812,1,1
2692,fig|6666666.1036479.peg.887,fig|6666666.1036479.peg.2364,0.8688054978847504,0.005465679108598902,Medium,Medium,Medium–Medium,,,0,no STRING match,no STRING match,2680,3022,1,1
2693,fig|6666666.1036479.peg.2556,fig|6666666.1036479.peg.370,0.8688021838665009,0.005467709450021115,High,High,High–High,,,0,no STRING match,no STRING match,2306,2579,2,1
2694,fig|6666666.1036479.peg.2564,fig|6666666.1036479.peg.370,0.8688021838665009,0.005469739791443329,High,High,High–High,,,0,no STRING match,no STRING match,2306,2579,2,1
2695,fig|6666666.1036479.peg.74,fig|6666666.1036479.peg.1947,0.8687876462936401,0.005471770132865542,Very Low,Medium,Very Low–Medium,,,0,no STRING match,no STRING match,2538,2930,1,1
2696,fig|6666666.1036479.peg.2504,fig|6666666.1036479.peg.861,0.8687854290008545,0.005473800474287757,Very Low,High,Very Low–High,,,0,no STRING match,no STRING match,2268,2665,1,1
2697,fig|6666666.1036479.peg.2988,fig|6666666.1036479.peg.2093,0.8687784731388092,0.00547583081570997,Medium,Medium,Medium–Medium,Hypothetical protein.,,0,secondary STRING hit (STRING protein assigned to a better match),no STRING match,2416,2955,1,1
2698,fig|6666666.1036479.peg.3077,fig|6666666.1036479.peg.1416,0.8687650442123414,0.005477861157132184,Medium,Medium,Medium–Medium,,,0,no STRING match,no STRING match,2440,2817,1,1
2699,fig|6666666.1036479.peg.3008,fig|6666666.1036479.peg.411,0.8687339723110199,0.005479891498554397,Medium,Low,Low–Medium,,Hypothetical protein.,0,no STRING match,secondary STRING hit (STRING protein assigned to a better match),2423,2585,1,1
2700,fig|6666666.1036479.peg.38,fig|6666666.1036479.peg.2455,0.8687336504459381,0.005481921839976611,Low,Medium,Low–Medium,,,0,no STRING match,no STRING match,2526,3038,2,1
2701,fig|6666666.1036479.peg.186,fig|6666666.1036479.peg.2455,0.8687336504459381,0.005483952181398824,Low,Medium,Low–Medium,,,0,no STRING match,no STRING match,2526,3038,2,1
2702,fig|6666666.1036479.peg.3008,fig|6666666.1036479.peg.2092,0.868727833032608,0.005485982522821038,Medium,Medium,Medium–Medium,,,0,no STRING match,no STRING match,2423,2954,1,1
2703,fig|6666666.1036479.peg.281,fig|6666666.1036479.peg.1947,0.8687147974967957,0.005488012864243251,Very Low,Medium,Very Low–Medium,,,0,no STRING match,no STRING match,2558,2930,1,1
2704,fig|6666666.1036479.peg.3209,fig|6666666.1036479.peg.370,0.8687061905860901,0.005490043205665465,Medium,High,Medium–High,,,0,no STRING match,no STRING match,2469,2579,1,1
2705,fig|6666666.1036479.peg.2960,fig|6666666.1036479.peg.281,0.8686955332756042,0.005492073547087678,Low,Very Low,Very Low–Low,,,0,no STRING match,no STRING match,2412,2558,1,1
2706,fig|6666666.1036479.peg.318,fig|6666666.1036479.peg.1128,0.8686780035495758,0.005494103888509892,Low,Very Low,Very Low–Low,,,0,no STRING match,no STRING match,2576,2744,1,1
2707,fig|6666666.1036479.peg.2948,fig|6666666.1036479.peg.2327,0.8686672031879425,0.005496134229932105,High,Medium,Medium–High,,,0,no STRING match,no STRING match,2410,3016,1,1
2708,fig|6666666.1036479.peg.3020,fig|6666666.1036479.peg.1655,0.8686498045921326,0.005498164571354319,Low,Medium,Low–Medium,,,0,no STRING match,no STRING match,2433,2882,1,1
2709,fig|6666666.1036479.peg.866,fig|6666666.1036479.peg.1945,0.8686091423034668,0.005500194912776532,High,Very Low,Very Low–High,,,0,no STRING match,no STRING match,2667,2928,1,1
2710,fig|6666666.1036479.peg.1300,fig|6666666.1036479.peg.2467,0.8685594499111176,0.005502225254198746,Low,Low,Low–Low,,,0,no STRING match,no STRING match,2763,3041,1,1
2711,fig|6666666.1036479.peg.3018,fig|6666666.1036479.peg.1602,0.8685584485530853,0.005504255595620959,Very Low,Very Low,Very Low–Very Low,,,0,no STRING match,no STRING match,2431,2860,1,2
2712,fig|6666666.1036479.peg.3018,fig|6666666.1036479.peg.1609,0.8685584485530853,0.005506285937043174,Very Low,Very Low,Very Low–Very Low,,,0,no STRING match,no STRING match,2431,2860,1,2
2713,fig|6666666.1036479.peg.3207,fig|6666666.1036479.peg.720,0.8684951484203338,0.005508316278465387,Medium,High,Medium–High,,,0,no STRING match,no STRING match,2468,2631,1,1
2714,fig|6666666.1036479.peg.3019,fig|6666666.1036479.peg.1602,0.8684630930423737,0.005510346619887601,Very Low,Very Low,Very Low–Very Low,,,0,no STRING match,no STRING match,2432,2860,1,2
2715,fig|6666666.1036479.peg.3019,fig|6666666.1036479.peg.1609,0.8684630930423737,0.005512376961309814,Very Low,Very Low,Very Low–Very Low,,,0,no STRING match,no STRING match,2432,2860,1,2
2716,fig|6666666.1036479.peg.2679,fig|6666666.1036479.peg.2948,0.8684623003005981,0.005514407302732028,Medium,High,Medium–High,,,0,no STRING match,no STRING match,2342,2410,1,1
2717,fig|6666666.1036479.peg.2843,fig|6666666.1036479.peg.2348,0.8684548616409302,0.005516437644154241,Very Low,High,Very Low–High,,,0,no STRING match,no STRING match,2370,3019,1,1
2718,fig|6666666.1036479.peg.2588,fig|6666666.1036479.peg.1116,0.868441104888916,0.005518467985576455,Very Low,Very Low,Very Low–Very Low,,,0,no STRING match,no STRING match,2319,2732,1,1
2719,fig|6666666.1036479.peg.2924,fig|6666666.1036479.peg.866,0.8684323549270629,0.005520498326998668,Very Low,High,Very Low–High,,,0,no STRING match,no STRING match,2401,2667,1,1
2720,fig|6666666.1036479.peg.3011,fig|6666666.1036479.peg.370,0.868401288986206,0.005522528668420882,High,High,High–High,,,0,no STRING match,no STRING match,2426,2579,1,1
2721,fig|6666666.1036479.peg.2672,fig|6666666.1036479.peg.32,0.8683759331703186,0.005524559009843095,Medium,Low,Low–Medium,,,0,no STRING match,no STRING match,2341,2520,1,2
2722,fig|6666666.1036479.peg.2672,fig|6666666.1036479.peg.180,0.8683759331703186,0.005526589351265309,Medium,Low,Low–Medium,,,0,no STRING match,no STRING match,2341,2520,1,2
2723,fig|6666666.1036479.peg.861,fig|6666666.1036479.peg.2156,0.868368923664093,0.005528619692687522,High,Very Low,Very Low–High,,,0,no STRING match,no STRING match,2665,2977,1,1
2724,fig|6666666.1036479.peg.2948,fig|6666666.1036479.peg.3213,0.8683659195899963,0.005530650034109736,High,Very Low,Very Low–High,,,0,no STRING match,no STRING match,2410,2470,1,1
2725,fig|6666666.1036479.peg.881,fig|6666666.1036479.peg.2289,0.8683545708656311,0.005532680375531949,High,Very Low,Very Low–High,,,0,no STRING match,no STRING match,2674,3006,1,1
2726,fig|6666666.1036479.peg.3221,fig|6666666.1036479.peg.3244,0.8683456242084503,0.005534710716954163,High,Very Low,Very Low–High,,,0,no STRING match,no STRING match,2472,2495,2,3
2727,fig|6666666.1036479.peg.3221,fig|6666666.1036479.peg.12,0.8683456242084503,0.005536741058376376,High,Very Low,Very Low–High,,,0,no STRING match,no STRING match,2472,2495,2,3
2728,fig|6666666.1036479.peg.3221,fig|6666666.1036479.peg.160,0.8683456242084503,0.0055387713997985906,High,Very Low,Very Low–High,,,0,no STRING match,no STRING match,2472,2495,2,3
2729,fig|6666666.1036479.peg.3244,fig|6666666.1036479.peg.137,0.8683456242084503,0.005540801741220804,Very Low,High,Very Low–High,,,0,no STRING match,no STRING match,2495,2472,3,2
2730,fig|6666666.1036479.peg.12,fig|6666666.1036479.peg.137,0.8683456242084503,0.005542832082643018,Very Low,High,Very Low–High,,,0,no STRING match,no STRING match,2495,2472,3,2
2731,fig|6666666.1036479.peg.137,fig|6666666.1036479.peg.160,0.8683456242084503,0.005544862424065231,High,Very Low,Very Low–High,,,0,no STRING match,no STRING match,2472,2495,2,3
2732,fig|6666666.1036479.peg.1300,fig|6666666.1036479.peg.1657,0.868338668346405,0.005546892765487445,Low,Medium,Low–Medium,,,0,no STRING match,no STRING match,2763,2883,1,1
2733,fig|6666666.1036479.peg.861,fig|6666666.1036479.peg.2386,0.8683275580406189,0.005548923106909658,High,Medium,Medium–High,,,0,no STRING match,no STRING match,2665,3027,1,1
2734,fig|6666666.1036479.peg.2948,fig|6666666.1036479.peg.1706,0.868314552307129,0.005550953448331872,High,Very Low,Very Low–High,,,0,no STRING match,no STRING match,2410,2886,1,1
2735,fig|6666666.1036479.peg.411,fig|6666666.1036479.peg.2092,0.8683017730712891,0.005552983789754085,Low,Medium,Low–Medium,Hypothetical protein.,,0,secondary STRING hit (STRING protein assigned to a better match),no STRING match,2585,2954,1,1
2736,fig|6666666.1036479.peg.370,fig|6666666.1036479.peg.392,0.8682883083820343,0.005555014131176299,High,Very Low,Very Low–High,,,0,no STRING match,no STRING match,2579,2581,1,1
2737,fig|6666666.1036479.peg.573,fig|6666666.1036479.peg.724,0.8682758510112762,0.005557044472598512,Very Low,Medium,Very Low–Medium,Hypothetical protein.,,0,secondary STRING hit (STRING protein assigned to a better match),no STRING match,2601,2635,1,1
2738,fig|6666666.1036479.peg.861,fig|6666666.1036479.peg.2383,0.8682732343673706,0.005559074814020726,High,Very Low,Very Low–High,,Hypothetical protein.,0,no STRING match,secondary STRING hit (STRING protein assigned to a better match),2665,3024,1,1
2739,fig|6666666.1036479.peg.3107,fig|6666666.1036479.peg.3231,0.868255227804184,0.005561105155442939,Very Low,Very Low,Very Low–Very Low,,,0,no STRING match,no STRING match,2444,2482,1,2
2740,fig|6666666.1036479.peg.3107,fig|6666666.1036479.peg.147,0.868255227804184,0.005563135496865153,Very Low,Very Low,Very Low–Very Low,,,0,no STRING match,no STRING match,2444,2482,1,2
2741,fig|6666666.1036479.peg.2704,fig|6666666.1036479.peg.881,0.8682376325130463,0.005565165838287366,Medium,High,Medium–High,,,0,no STRING match,no STRING match,2345,2674,1,1
2742,fig|6666666.1036479.peg.2827,fig|6666666.1036479.peg.1966,0.8682338714599609,0.00556719617970958,Very Low,Very Low,Very Low–Very Low,,,0,no STRING match,no STRING match,2360,2946,1,1
2743,fig|6666666.1036479.peg.3188,fig|6666666.1036479.peg.725,0.8682273983955383,0.005569226521131793,Medium,Very Low,Very Low–Medium,,,0,no STRING match,no STRING match,2461,2636,1,1
2744,fig|6666666.1036479.peg.2843,fig|6666666.1036479.peg.3188,0.8681998968124389,0.0055712568625540075,Very Low,Medium,Very Low–Medium,,,0,no STRING match,no STRING match,2370,2461,1,1
2745,fig|6666666.1036479.peg.1289,fig|6666666.1036479.peg.2106,0.8681847095489502,0.005573287203976221,Very Low,High,Very Low–High,,Hypothetical protein.,0,no STRING match,secondary STRING hit (STRING protein assigned to a better match),2762,2959,1,1
2746,fig|6666666.1036479.peg.2548,fig|6666666.1036479.peg.1632,0.8681331753730774,0.0055753175453984345,High,Very Low,Very Low–High,,,0,no STRING match,no STRING match,2298,2870,1,2
2747,fig|6666666.1036479.peg.2548,fig|6666666.1036479.peg.1639,0.8681331753730774,0.005577347886820648,High,Very Low,Very Low–High,,,0,no STRING match,no STRING match,2298,2870,1,2
2748,fig|6666666.1036479.peg.3079,fig|6666666.1036479.peg.1300,0.8681054711341858,0.0055793782282428615,Very Low,Low,Very Low–Low,,,0,no STRING match,no STRING match,2442,2763,1,1
2749,fig|6666666.1036479.peg.3184,fig|6666666.1036479.peg.1300,0.8680685818195343,0.005581408569665075,Very Low,Low,Very Low–Low,,,0,no STRING match,no STRING match,2457,2763,1,1
2750,fig|6666666.1036479.peg.2918,fig|6666666.1036479.peg.2948,0.8680503368377686,0.0055834389110872885,Very Low,High,Very Low–High,,,0,no STRING match,no STRING match,2396,2410,1,1
2751,fig|6666666.1036479.peg.2114,fig|6666666.1036479.peg.2455,0.8680447638034821,0.005585469252509502,Very Low,Medium,Very Low–Medium,"COG1629 Outer membrane receptor proteins, mostly Fe transport.",,0,secondary STRING hit (STRING protein assigned to a better match),no STRING match,2964,3038,1,1
2752,fig|6666666.1036479.peg.2524,fig|6666666.1036479.peg.2960,0.8679852604866027,0.0055874995939317156,Low,Low,Low–Low,,,0,no STRING match,no STRING match,2283,2412,1,1
2753,fig|6666666.1036479.peg.1565,fig|6666666.1036479.peg.1602,0.8679776191711426,0.005589529935353929,Very Low,Very Low,Very Low–Very Low,,,0,no STRING match,no STRING match,2837,2860,1,2
2754,fig|6666666.1036479.peg.1565,fig|6666666.1036479.peg.1609,0.8679776191711426,0.0055915602767761426,Very Low,Very Low,Very Low–Very Low,,,0,no STRING match,no STRING match,2837,2860,1,2
2755,fig|6666666.1036479.peg.411,fig|6666666.1036479.peg.1617,0.8679653882980347,0.005593590618198356,Low,Low,Low–Low,Hypothetical protein.,,0,secondary STRING hit (STRING protein assigned to a better match),no STRING match,2585,2864,1,2
2756,fig|6666666.1036479.peg.411,fig|6666666.1036479.peg.1625,0.8679653882980347,0.00559562095962057,Low,Low,Low–Low,Hypothetical protein.,,0,secondary STRING hit (STRING protein assigned to a better match),no STRING match,2585,2864,1,2
2757,fig|6666666.1036479.peg.314,fig|6666666.1036479.peg.866,0.8679641008377075,0.005597651301042783,Very Low,High,Very Low–High,,,0,no STRING match,no STRING match,2572,2667,1,1
2758,fig|6666666.1036479.peg.720,fig|6666666.1036479.peg.1947,0.8679484605789185,0.005599681642464997,High,Medium,Medium–High,,,0,no STRING match,no STRING match,2631,2930,1,1
2759,fig|6666666.1036479.peg.3219,fig|6666666.1036479.peg.1128,0.8679473996162415,0.00560171198388721,Very Low,Very Low,Very Low–Very Low,,,0,no STRING match,no STRING match,2471,2744,1,1
2760,fig|6666666.1036479.peg.2988,fig|6666666.1036479.peg.89,0.8679466128349305,0.0056037423253094245,Medium,Very Low,Very Low–Medium,Hypothetical protein.,,0,secondary STRING hit (STRING protein assigned to a better match),no STRING match,2416,2542,1,1
2761,fig|6666666.1036479.peg.2679,fig|6666666.1036479.peg.391,0.8679169476032257,0.005605772666731638,Medium,Medium,Medium–Medium,,,0,no STRING match,no STRING match,2342,2580,1,1
2762,fig|6666666.1036479.peg.2092,fig|6666666.1036479.peg.2455,0.8679054915904999,0.0056078030081538515,Medium,Medium,Medium–Medium,,,0,no STRING match,no STRING match,2954,3038,1,1
2763,fig|6666666.1036479.peg.2571,fig|6666666.1036479.peg.411,0.8678932666778565,0.005609833349576065,Medium,Low,Low–Medium,,Hypothetical protein.,0,no STRING match,secondary STRING hit (STRING protein assigned to a better match),2316,2585,1,1
2764,fig|6666666.1036479.peg.861,fig|6666666.1036479.peg.1949,0.8678921222686767,0.0056118636909982785,High,Medium,Medium–High,,,0,no STRING match,no STRING match,2665,2932,1,1
2765,fig|6666666.1036479.peg.720,fig|6666666.1036479.peg.1300,0.867888206243515,0.005613894032420492,High,Low,Low–High,,,0,no STRING match,no STRING match,2631,2763,1,1
2766,fig|6666666.1036479.peg.3254,fig|6666666.1036479.peg.370,0.8678848385810852,0.0056159243738427055,High,High,High–High,,,0,no STRING match,no STRING match,2505,2579,3,1
2767,fig|6666666.1036479.peg.22,fig|6666666.1036479.peg.370,0.8678848385810852,0.005617954715264919,High,High,High–High,,,0,no STRING match,no STRING match,2505,2579,3,1
2768,fig|6666666.1036479.peg.170,fig|6666666.1036479.peg.370,0.8678848385810852,0.0056199850566871325,High,High,High–High,,,0,no STRING match,no STRING match,2505,2579,3,1
2769,fig|6666666.1036479.peg.2672,fig|6666666.1036479.peg.1343,0.8678786933422089,0.005622015398109346,Medium,Very Low,Very Low–Medium,,,0,no STRING match,no STRING match,2341,2781,1,1
2770,fig|6666666.1036479.peg.1074,fig|6666666.1036479.peg.2347,0.8678764998912811,0.0056240457395315595,High,Low,Low–High,,,0,no STRING match,no STRING match,2706,3018,1,1
2771,fig|6666666.1036479.peg.740,fig|6666666.1036479.peg.1289,0.8678568601608276,0.005626076080953773,Very Low,Very Low,Very Low–Very Low,,,0,no STRING match,no STRING match,2651,2762,1,1
2772,fig|6666666.1036479.peg.3223,fig|6666666.1036479.peg.2348,0.8678541362285614,0.0056281064223759865,High,High,High–High,,,0,no STRING match,no STRING match,2474,3019,2,1
2773,fig|6666666.1036479.peg.139,fig|6666666.1036479.peg.2348,0.8678541362285614,0.0056301367637982,High,High,High–High,,,0,no STRING match,no STRING match,2474,3019,2,1
2774,fig|6666666.1036479.peg.1416,fig|6666666.1036479.peg.2348,0.8678523302078247,0.0056321671052204135,Medium,High,Medium–High,,,0,no STRING match,no STRING match,2817,3019,1,1
2775,fig|6666666.1036479.peg.1300,fig|6666666.1036479.peg.1704,0.8678504407405854,0.005634197446642627,Low,Very Low,Very Low–Low,,,0,no STRING match,no STRING match,2763,2885,1,1
2776,fig|6666666.1036479.peg.2920,fig|6666666.1036479.peg.887,0.867820680141449,0.005636227788064841,Very Low,Medium,Very Low–Medium,,,0,no STRING match,no STRING match,2397,2680,1,1
2777,fig|6666666.1036479.peg.1494,fig|6666666.1036479.peg.1566,0.8677910149097443,0.005638258129487055,Very Low,High,Very Low–High,,,0,no STRING match,no STRING match,2824,2838,1,1
2778,fig|6666666.1036479.peg.2672,fig|6666666.1036479.peg.1178,0.8677910089492797,0.005640288470909268,Medium,Very Low,Very Low–Medium,,,0,no STRING match,no STRING match,2341,2745,1,1
2779,fig|6666666.1036479.peg.2505,fig|6666666.1036479.peg.3231,0.8677769899368286,0.005642318812331482,Very Low,Very Low,Very Low–Very Low,,,0,no STRING match,no STRING match,2269,2482,1,2
2780,fig|6666666.1036479.peg.2505,fig|6666666.1036479.peg.147,0.8677769899368286,0.005644349153753695,Very Low,Very Low,Very Low–Very Low,,,0,no STRING match,no STRING match,2269,2482,1,2
2781,fig|6666666.1036479.peg.289,fig|6666666.1036479.peg.1289,0.8677764594554901,0.005646379495175909,High,Very Low,Very Low–High,Hypothetical protein.,,0,secondary STRING hit (STRING protein assigned to a better match),no STRING match,2559,2762,1,1
2782,fig|6666666.1036479.peg.2510,fig|6666666.1036479.peg.1300,0.8677694618701934,0.0056484098365981224,Very Low,Low,Very Low–Low,,,0,no STRING match,no STRING match,2274,2763,12,1
2783,fig|6666666.1036479.peg.2527,fig|6666666.1036479.peg.1300,0.8677694618701934,0.005650440178020336,Very Low,Low,Very Low–Low,,,0,no STRING match,no STRING match,2274,2763,12,1
2784,fig|6666666.1036479.peg.2531,fig|6666666.1036479.peg.1300,0.8677694618701934,0.0056524705194425495,Very Low,Low,Very Low–Low,,,0,no STRING match,no STRING match,2274,2763,12,1
2785,fig|6666666.1036479.peg.3174,fig|6666666.1036479.peg.1300,0.8677694618701934,0.005654500860864763,Very Low,Low,Very Low–Low,,,0,no STRING match,no STRING match,2274,2763,12,1
2786,fig|6666666.1036479.peg.970,fig|6666666.1036479.peg.1300,0.8677694618701934,0.0056565312022869765,Very Low,Low,Very Low–Low,,,0,no STRING match,no STRING match,2274,2763,12,1
2787,fig|6666666.1036479.peg.975,fig|6666666.1036479.peg.1300,0.8677694618701934,0.00565856154370919,Very Low,Low,Very Low–Low,,,0,no STRING match,no STRING match,2274,2763,12,1
2788,fig|6666666.1036479.peg.980,fig|6666666.1036479.peg.1300,0.8677694618701934,0.0056605918851314035,Very Low,Low,Very Low–Low,,,0,no STRING match,no STRING match,2274,2763,12,1
2789,fig|6666666.1036479.peg.984,fig|6666666.1036479.peg.1300,0.8677694618701934,0.005662622226553617,Very Low,Low,Very Low–Low,,,0,no STRING match,no STRING match,2274,2763,12,1
2790,fig|6666666.1036479.peg.988,fig|6666666.1036479.peg.1300,0.8677694618701934,0.0056646525679758305,Very Low,Low,Very Low–Low,,,0,no STRING match,no STRING match,2274,2763,12,1
2791,fig|6666666.1036479.peg.1300,fig|6666666.1036479.peg.2490,0.8677694618701934,0.005666682909398044,Low,Very Low,Very Low–Low,,,0,no STRING match,no STRING match,2763,2274,1,12
2792,fig|6666666.1036479.peg.1300,fig|6666666.1036479.peg.2495,0.8677694618701934,0.005668713250820258,Low,Very Low,Very Low–Low,,,0,no STRING match,no STRING match,2763,2274,1,12
2793,fig|6666666.1036479.peg.1300,fig|6666666.1036479.peg.2499,0.8677694618701934,0.005670743592242472,Low,Very Low,Very Low–Low,,,0,no STRING match,no STRING match,2763,2274,1,12
2794,fig|6666666.1036479.peg.411,fig|6666666.1036479.peg.1471,0.8677669644355774,0.005672773933664685,Low,Very Low,Very Low–Low,Hypothetical protein.,,0,secondary STRING hit (STRING protein assigned to a better match),no STRING match,2585,2822,1,1
2795,fig|6666666.1036479.peg.740,fig|6666666.1036479.peg.1300,0.8677273273468018,0.005674804275086899,Very Low,Low,Very Low–Low,,,0,no STRING match,no STRING match,2651,2763,1,1
2796,fig|6666666.1036479.peg.3121,fig|6666666.1036479.peg.1602,0.8677155137062073,0.005676834616509112,Very Low,Very Low,Very Low–Very Low,,,0,no STRING match,no STRING match,2446,2860,1,2
2797,fig|6666666.1036479.peg.3121,fig|6666666.1036479.peg.1609,0.8677155137062073,0.005678864957931326,Very Low,Very Low,Very Low–Very Low,,,0,no STRING match,no STRING match,2446,2860,1,2
2798,fig|6666666.1036479.peg.2843,fig|6666666.1036479.peg.1913,0.8676980674266815,0.005680895299353539,Very Low,Very Low,Very Low–Very Low,,,0,no STRING match,no STRING match,2370,2917,1,1
2799,fig|6666666.1036479.peg.3224,fig|6666666.1036479.peg.861,0.8676964998245239,0.005682925640775753,Very Low,High,Very Low–High,,,0,no STRING match,no STRING match,2475,2665,2,1
2800,fig|6666666.1036479.peg.140,fig|6666666.1036479.peg.861,0.8676964998245239,0.005684955982197966,Very Low,High,Very Low–High,,,0,no STRING match,no STRING match,2475,2665,2,1
2801,fig|6666666.1036479.peg.2523,fig|6666666.1036479.peg.3077,0.8676581799983978,0.00568698632362018,Low,Medium,Low–Medium,,,0,no STRING match,no STRING match,2282,2440,1,1
2802,fig|6666666.1036479.peg.551,fig|6666666.1036479.peg.1289,0.8676525115966797,0.005689016665042393,Very Low,Very Low,Very Low–Very Low,,,0,no STRING match,no STRING match,2597,2762,1,1
2803,fig|6666666.1036479.peg.2672,fig|6666666.1036479.peg.1494,0.8676467359066009,0.005691047006464607,Medium,Very Low,Very Low–Medium,,,0,no STRING match,no STRING match,2341,2824,1,1
2804,fig|6666666.1036479.peg.3033,fig|6666666.1036479.peg.3231,0.8676388025283813,0.00569307734788682,Low,Very Low,Very Low–Low,,,0,no STRING match,no STRING match,2437,2482,1,2
2805,fig|6666666.1036479.peg.3033,fig|6666666.1036479.peg.147,0.8676388025283813,0.005695107689309034,Low,Very Low,Very Low–Low,,,0,no STRING match,no STRING match,2437,2482,1,2
2806,fig|6666666.1036479.peg.3008,fig|6666666.1036479.peg.719,0.8676313579082489,0.0056971380307312474,Medium,Medium,Medium–Medium,,,0,no STRING match,no STRING match,2423,2630,1,1
2807,fig|6666666.1036479.peg.2679,fig|6666666.1036479.peg.2025,0.8676308333873749,0.005699168372153461,Medium,Very Low,Very Low–Medium,,,0,no STRING match,no STRING match,2342,2950,1,1
2808,fig|6666666.1036479.peg.2988,fig|6666666.1036479.peg.889,0.8676302254199981,0.005701198713575675,Medium,Low,Low–Medium,Hypothetical protein.,,0,secondary STRING hit (STRING protein assigned to a better match),no STRING match,2416,2682,1,1
2809,fig|6666666.1036479.peg.411,fig|6666666.1036479.peg.885,0.8676039338111877,0.005703229054997889,Low,Medium,Low–Medium,Hypothetical protein.,,0,secondary STRING hit (STRING protein assigned to a better match),no STRING match,2585,2678,1,1
2810,fig|6666666.1036479.peg.2920,fig|6666666.1036479.peg.2987,0.8675939679145813,0.005705259396420102,Very Low,Very Low,Very Low–Very Low,,,0,no STRING match,no STRING match,2397,2415,1,1
2811,fig|6666666.1036479.peg.2960,fig|6666666.1036479.peg.2278,0.8675715863704682,0.005707289737842316,Low,Low,Low–Low,,,0,no STRING match,no STRING match,2412,3005,1,1
2812,fig|6666666.1036479.peg.1945,fig|6666666.1036479.peg.2364,0.8675597131252288,0.005709320079264529,Very Low,Medium,Very Low–Medium,,,0,no STRING match,no STRING match,2928,3022,1,1
2813,fig|6666666.1036479.peg.1289,fig|6666666.1036479.peg.1496,0.867544537782669,0.005711350420686743,Very Low,Very Low,Very Low–Very Low,,,0,no STRING match,no STRING match,2762,2826,1,1
2814,fig|6666666.1036479.peg.3184,fig|6666666.1036479.peg.1946,0.8675384402275086,0.005713380762108956,Very Low,Medium,Very Low–Medium,,,0,no STRING match,no STRING match,2457,2929,1,1
2815,fig|6666666.1036479.peg.2548,fig|6666666.1036479.peg.3191,0.8675302684307098,0.00571541110353117,High,Medium,Medium–High,,,0,no STRING match,no STRING match,2298,2464,1,1
2816,fig|6666666.1036479.peg.36,fig|6666666.1036479.peg.411,0.8675138056278229,0.005717441444953383,Medium,Low,Low–Medium,,Hypothetical protein.,0,no STRING match,secondary STRING hit (STRING protein assigned to a better match),2524,2585,2,1
2817,fig|6666666.1036479.peg.184,fig|6666666.1036479.peg.411,0.8675138056278229,0.005719471786375597,Medium,Low,Low–Medium,,Hypothetical protein.,0,no STRING match,secondary STRING hit (STRING protein assigned to a better match),2524,2585,2,1
2818,fig|6666666.1036479.peg.2960,fig|6666666.1036479.peg.1339,0.867513757944107,0.00572150212779781,Low,Very Low,Very Low–Low,,,0,no STRING match,no STRING match,2412,2779,1,1
2819,fig|6666666.1036479.peg.2929,fig|6666666.1036479.peg.3222,0.8674999237060547,0.005723532469220024,Very Low,Medium,Very Low–Medium,Hypothetical protein.,,0,secondary STRING hit (STRING protein assigned to a better match),no STRING match,2404,2473,1,2
2820,fig|6666666.1036479.peg.2929,fig|6666666.1036479.peg.138,0.8674999237060547,0.005725562810642237,Very Low,Medium,Very Low–Medium,Hypothetical protein.,,0,secondary STRING hit (STRING protein assigned to a better match),no STRING match,2404,2473,1,2
2821,fig|6666666.1036479.peg.3207,fig|6666666.1036479.peg.723,0.8674948811531067,0.005727593152064451,Medium,High,Medium–High,,,0,no STRING match,no STRING match,2468,2634,1,1
2822,fig|6666666.1036479.peg.3191,fig|6666666.1036479.peg.1308,0.867475825548172,0.005729623493486664,Medium,Medium,Medium–Medium,,,0,no STRING match,no STRING match,2464,2764,1,1
2823,fig|6666666.1036479.peg.2988,fig|6666666.1036479.peg.1617,0.8674163460731507,0.005731653834908878,Medium,Low,Low–Medium,Hypothetical protein.,,0,secondary STRING hit (STRING protein assigned to a better match),no STRING match,2416,2864,1,2
2824,fig|6666666.1036479.peg.2988,fig|6666666.1036479.peg.1625,0.8674163460731507,0.005733684176331092,Medium,Low,Low–Medium,Hypothetical protein.,,0,secondary STRING hit (STRING protein assigned to a better match),no STRING match,2416,2864,1,2
2825,fig|6666666.1036479.peg.2672,fig|6666666.1036479.peg.659,0.8673958361148835,0.005735714517753306,Medium,Very Low,Very Low–Medium,,,0,no STRING match,no STRING match,2341,2617,1,1
2826,fig|6666666.1036479.peg.1289,fig|6666666.1036479.peg.1566,0.8673778414726258,0.005737744859175519,Very Low,High,Very Low–High,,,0,no STRING match,no STRING match,2762,2838,1,1
2827,fig|6666666.1036479.peg.2895,fig|6666666.1036479.peg.1289,0.8673674166202545,0.005739775200597733,Very Low,Very Low,Very Low–Very Low,,,0,no STRING match,no STRING match,2394,2762,1,1
2828,fig|6666666.1036479.peg.740,fig|6666666.1036479.peg.881,0.8673589706420899,0.005741805542019946,Very Low,High,Very Low–High,,,0,no STRING match,no STRING match,2651,2674,1,1
2829,fig|6666666.1036479.peg.2532,fig|6666666.1036479.peg.3171,0.8673489272594452,0.00574383588344216,Low,Low,Low–Low,,,0,no STRING match,no STRING match,2284,2284,4,4
2830,fig|6666666.1036479.peg.2532,fig|6666666.1036479.peg.987,0.8673489272594452,0.005745866224864373,Low,Low,Low–Low,,,0,no STRING match,no STRING match,2284,2284,4,4
2831,fig|6666666.1036479.peg.2532,fig|6666666.1036479.peg.2492,0.8673489272594452,0.005747896566286587,Low,Low,Low–Low,,,0,no STRING match,no STRING match,2284,2284,4,4
2832,fig|6666666.1036479.peg.3171,fig|6666666.1036479.peg.987,0.8673489272594452,0.0057499269077088,Low,Low,Low–Low,,,0,no STRING match,no STRING match,2284,2284,4,4
2833,fig|6666666.1036479.peg.3171,fig|6666666.1036479.peg.2492,0.8673489272594452,0.005751957249131014,Low,Low,Low–Low,,,0,no STRING match,no STRING match,2284,2284,4,4
2834,fig|6666666.1036479.peg.987,fig|6666666.1036479.peg.2492,0.8673489272594452,0.005753987590553227,Low,Low,Low–Low,,,0,no STRING match,no STRING match,2284,2284,4,4
2835,fig|6666666.1036479.peg.38,fig|6666666.1036479.peg.723,0.8673474967479706,0.005756017931975441,Low,High,Low–High,,,0,no STRING match,no STRING match,2526,2634,2,1
2836,fig|6666666.1036479.peg.186,fig|6666666.1036479.peg.723,0.8673474967479706,0.005758048273397654,Low,High,Low–High,,,0,no STRING match,no STRING match,2526,2634,2,1
2837,fig|6666666.1036479.peg.107,fig|6666666.1036479.peg.1289,0.8673471868038177,0.005760078614819868,Very Low,Very Low,Very Low–Very Low,,,0,no STRING match,no STRING match,2544,2762,1,1
2838,fig|6666666.1036479.peg.3033,fig|6666666.1036479.peg.861,0.8673239111900329,0.005762108956242081,Low,High,Low–High,,,0,no STRING match,no STRING match,2437,2665,1,1
2839,fig|6666666.1036479.peg.411,fig|6666666.1036479.peg.1410,0.8673092186450958,0.005764139297664295,Low,Medium,Low–Medium,Hypothetical protein.,,0,secondary STRING hit (STRING protein assigned to a better match),no STRING match,2585,2813,1,1
2840,fig|6666666.1036479.peg.2672,fig|6666666.1036479.peg.879,0.8673078715801239,0.005766169639086509,Medium,Very Low,Very Low–Medium,,Rhs element Vgr protein; COG3501 Uncharacterized protein conserved in bacteria.,0,no STRING match,secondary STRING hit (STRING protein assigned to a better match),2341,2672,1,1
2841,fig|6666666.1036479.peg.861,fig|6666666.1036479.peg.1603,0.8673044860363006,0.005768199980508723,High,Very Low,Very Low–High,,,0,no STRING match,no STRING match,2665,2861,1,2
2842,fig|6666666.1036479.peg.861,fig|6666666.1036479.peg.1610,0.8673044860363006,0.005770230321930936,High,Very Low,Very Low–High,,,0,no STRING match,no STRING match,2665,2861,1,2
2843,fig|6666666.1036479.peg.2548,fig|6666666.1036479.peg.48,0.8673003911972046,0.00577226066335315,High,Medium,Medium–High,,,0,no STRING match,no STRING match,2298,2536,1,1
2844,fig|6666666.1036479.peg.861,fig|6666666.1036479.peg.2165,0.8672754883766174,0.005774291004775363,High,Very Low,Very Low–High,,,0,no STRING match,no STRING match,2665,2986,1,1
2845,fig|6666666.1036479.peg.866,fig|6666666.1036479.peg.2099,0.8672705829143524,0.005776321346197577,High,Low,Low–High,,,0,no STRING match,no STRING match,2667,2957,1,1
2846,fig|6666666.1036479.peg.2920,fig|6666666.1036479.peg.1706,0.8672614455223083,0.00577835168761979,Very Low,Very Low,Very Low–Very Low,,,0,no STRING match,no STRING match,2397,2886,1,1
2847,fig|6666666.1036479.peg.2672,fig|6666666.1036479.peg.1115,0.867246562242508,0.005780382029042004,Medium,Very Low,Very Low–Medium,,,0,no STRING match,no STRING match,2341,2731,1,1
2848,fig|6666666.1036479.peg.2548,fig|6666666.1036479.peg.1835,0.867236316204071,0.005782412370464217,High,Very Low,Very Low–High,,,0,no STRING match,no STRING match,2298,2906,1,1
2849,fig|6666666.1036479.peg.2571,fig|6666666.1036479.peg.866,0.8672298729419708,0.005784442711886431,Medium,High,Medium–High,,,0,no STRING match,no STRING match,2316,2667,1,1
2850,fig|6666666.1036479.peg.3207,fig|6666666.1036479.peg.289,0.8672281563282013,0.005786473053308644,Medium,High,Medium–High,,Hypothetical protein.,0,no STRING match,secondary STRING hit (STRING protein assigned to a better match),2468,2559,1,1
2851,fig|6666666.1036479.peg.2704,fig|6666666.1036479.peg.411,0.8672045946121216,0.005788503394730858,Medium,Low,Low–Medium,,Hypothetical protein.,0,no STRING match,secondary STRING hit (STRING protein assigned to a better match),2345,2585,1,1
2852,fig|6666666.1036479.peg.38,fig|6666666.1036479.peg.652,0.8671973586082459,0.005790533736153071,Low,Very Low,Very Low–Low,,,0,no STRING match,no STRING match,2526,2615,2,1
2853,fig|6666666.1036479.peg.186,fig|6666666.1036479.peg.652,0.8671973586082459,0.005792564077575285,Low,Very Low,Very Low–Low,,,0,no STRING match,no STRING match,2526,2615,2,1
2854,fig|6666666.1036479.peg.1308,fig|6666666.1036479.peg.1913,0.8671911180019378,0.005794594418997498,Medium,Very Low,Very Low–Medium,,,0,no STRING match,no STRING match,2764,2917,1,1
2855,fig|6666666.1036479.peg.411,fig|6666666.1036479.peg.2382,0.8671734809875489,0.005796624760419712,Low,Very Low,Very Low–Low,Hypothetical protein.,Rhs element Vgr protein; COG3501 Uncharacterized protein conserved in bacteria.,0,secondary STRING hit (STRING protein assigned to a better match),secondary STRING hit (STRING protein assigned to a better match),2585,3023,1,1
2856,fig|6666666.1036479.peg.861,fig|6666666.1036479.peg.1961,0.8670939803123474,0.005798655101841926,High,Medium,Medium–High,,,0,no STRING match,no STRING match,2665,2943,1,1
2857,fig|6666666.1036479.peg.3222,fig|6666666.1036479.peg.2348,0.8670792818069458,0.00580068544326414,Medium,High,Medium–High,,,0,no STRING match,no STRING match,2473,3019,2,1
2858,fig|6666666.1036479.peg.138,fig|6666666.1036479.peg.2348,0.8670792818069458,0.005802715784686353,Medium,High,Medium–High,,,0,no STRING match,no STRING match,2473,3019,2,1
2859,fig|6666666.1036479.peg.392,fig|6666666.1036479.peg.1289,0.8670743405818939,0.005804746126108567,Very Low,Very Low,Very Low–Very Low,,,0,no STRING match,no STRING match,2581,2762,1,1
2860,fig|6666666.1036479.peg.3223,fig|6666666.1036479.peg.1416,0.8670384049415588,0.00580677646753078,High,Medium,Medium–High,,,0,no STRING match,no STRING match,2474,2817,2,1
2861,fig|6666666.1036479.peg.139,fig|6666666.1036479.peg.1416,0.8670384049415588,0.005808806808952994,High,Medium,Medium–High,,,0,no STRING match,no STRING match,2474,2817,2,1
2862,fig|6666666.1036479.peg.1178,fig|6666666.1036479.peg.1289,0.8670171916484832,0.005810837150375207,Very Low,Very Low,Very Low–Very Low,,,0,no STRING match,no STRING match,2745,2762,1,1
2863,fig|6666666.1036479.peg.2715,fig|6666666.1036479.peg.411,0.8670167982578277,0.005812867491797421,Very Low,Low,Very Low–Low,,Hypothetical protein.,0,no STRING match,secondary STRING hit (STRING protein assigned to a better match),2348,2585,1,1
2864,fig|6666666.1036479.peg.2948,fig|6666666.1036479.peg.1962,0.8669930398464203,0.005814897833219634,High,Medium,Medium–High,,,0,no STRING match,no STRING match,2410,2944,1,1
2865,fig|6666666.1036479.peg.3017,fig|6666666.1036479.peg.3207,0.8669930160045624,0.005816928174641848,Medium,Medium,Medium–Medium,,,0,no STRING match,no STRING match,2430,2468,1,1
2866,fig|6666666.1036479.peg.2679,fig|6666666.1036479.peg.3207,0.8669415056705475,0.005818958516064061,Medium,Medium,Medium–Medium,,,0,no STRING match,no STRING match,2342,2468,1,1
2867,fig|6666666.1036479.peg.1300,fig|6666666.1036479.peg.2289,0.8669322073459625,0.005820988857486275,Low,Very Low,Very Low–Low,,,0,no STRING match,no STRING match,2763,3006,1,1
2868,fig|6666666.1036479.peg.2532,fig|6666666.1036479.peg.2918,0.8669291079044342,0.005823019198908488,Low,Very Low,Very Low–Low,,,0,no STRING match,no STRING match,2284,2396,4,1
2869,fig|6666666.1036479.peg.2918,fig|6666666.1036479.peg.3171,0.8669291079044342,0.005825049540330702,Very Low,Low,Very Low–Low,,,0,no STRING match,no STRING match,2396,2284,1,4
2870,fig|6666666.1036479.peg.2918,fig|6666666.1036479.peg.987,0.8669291079044342,0.005827079881752915,Very Low,Low,Very Low–Low,,,0,no STRING match,no STRING match,2396,2284,1,4
2871,fig|6666666.1036479.peg.2918,fig|6666666.1036479.peg.2492,0.8669291079044342,0.005829110223175129,Very Low,Low,Very Low–Low,,,0,no STRING match,no STRING match,2396,2284,1,4
2872,fig|6666666.1036479.peg.3015,fig|6666666.1036479.peg.3231,0.8669289708137512,0.005831140564597343,Low,Very Low,Very Low–Low,,,0,no STRING match,no STRING match,2428,2482,1,2
2873,fig|6666666.1036479.peg.3015,fig|6666666.1036479.peg.147,0.8669289708137512,0.005833170906019557,Low,Very Low,Very Low–Low,,,0,no STRING match,no STRING match,2428,2482,1,2
2874,fig|6666666.1036479.peg.3015,fig|6666666.1036479.peg.881,0.8669241487979888,0.00583520124744177,Low,High,Low–High,,,0,no STRING match,no STRING match,2428,2674,1,1
2875,fig|6666666.1036479.peg.2509,fig|6666666.1036479.peg.38,0.8668882012367248,0.005837231588863984,Very Low,Low,Very Low–Low,,,0,no STRING match,no STRING match,2273,2526,15,2
2876,fig|6666666.1036479.peg.2509,fig|6666666.1036479.peg.186,0.8668882012367248,0.005839261930286197,Very Low,Low,Very Low–Low,,,0,no STRING match,no STRING match,2273,2526,15,2
2877,fig|6666666.1036479.peg.2513,fig|6666666.1036479.peg.38,0.8668882012367248,0.005841292271708411,Very Low,Low,Very Low–Low,,,0,no STRING match,no STRING match,2273,2526,15,2
2878,fig|6666666.1036479.peg.2513,fig|6666666.1036479.peg.186,0.8668882012367248,0.005843322613130624,Very Low,Low,Very Low–Low,,,0,no STRING match,no STRING match,2273,2526,15,2
2879,fig|6666666.1036479.peg.2519,fig|6666666.1036479.peg.38,0.8668882012367248,0.005845352954552838,Very Low,Low,Very Low–Low,,,0,no STRING match,no STRING match,2273,2526,15,2
2880,fig|6666666.1036479.peg.2519,fig|6666666.1036479.peg.186,0.8668882012367248,0.005847383295975051,Very Low,Low,Very Low–Low,,,0,no STRING match,no STRING match,2273,2526,15,2
2881,fig|6666666.1036479.peg.2526,fig|6666666.1036479.peg.38,0.8668882012367248,0.005849413637397265,Very Low,Low,Very Low–Low,,,0,no STRING match,no STRING match,2273,2526,15,2
2882,fig|6666666.1036479.peg.2526,fig|6666666.1036479.peg.186,0.8668882012367248,0.005851443978819478,Very Low,Low,Very Low–Low,,,0,no STRING match,no STRING match,2273,2526,15,2
2883,fig|6666666.1036479.peg.2530,fig|6666666.1036479.peg.38,0.8668882012367248,0.005853474320241692,Very Low,Low,Very Low–Low,,,0,no STRING match,no STRING match,2273,2526,15,2
2884,fig|6666666.1036479.peg.2530,fig|6666666.1036479.peg.186,0.8668882012367248,0.005855504661663905,Very Low,Low,Very Low–Low,,,0,no STRING match,no STRING match,2273,2526,15,2
2885,fig|6666666.1036479.peg.2534,fig|6666666.1036479.peg.38,0.8668882012367248,0.005857535003086119,Very Low,Low,Very Low–Low,,,0,no STRING match,no STRING match,2273,2526,15,2
2886,fig|6666666.1036479.peg.2534,fig|6666666.1036479.peg.186,0.8668882012367248,0.005859565344508332,Very Low,Low,Very Low–Low,,,0,no STRING match,no STRING match,2273,2526,15,2
2887,fig|6666666.1036479.peg.3173,fig|6666666.1036479.peg.38,0.8668882012367248,0.005861595685930546,Very Low,Low,Very Low–Low,,,0,no STRING match,no STRING match,2273,2526,15,2
2888,fig|6666666.1036479.peg.3173,fig|6666666.1036479.peg.186,0.8668882012367248,0.00586362602735276,Very Low,Low,Very Low–Low,,,0,no STRING match,no STRING match,2273,2526,15,2
2889,fig|6666666.1036479.peg.38,fig|6666666.1036479.peg.971,0.8668882012367248,0.005865656368774974,Low,Very Low,Very Low–Low,,,0,no STRING match,no STRING match,2526,2273,2,15
2890,fig|6666666.1036479.peg.38,fig|6666666.1036479.peg.976,0.8668882012367248,0.005867686710197187,Low,Very Low,Very Low–Low,,,0,no STRING match,no STRING match,2526,2273,2,15
2891,fig|6666666.1036479.peg.38,fig|6666666.1036479.peg.981,0.8668882012367248,0.005869717051619401,Low,Very Low,Very Low–Low,,,0,no STRING match,no STRING match,2526,2273,2,15
2892,fig|6666666.1036479.peg.38,fig|6666666.1036479.peg.985,0.8668882012367248,0.005871747393041614,Low,Very Low,Very Low–Low,,,0,no STRING match,no STRING match,2526,2273,2,15
2893,fig|6666666.1036479.peg.38,fig|6666666.1036479.peg.989,0.8668882012367248,0.005873777734463828,Low,Very Low,Very Low–Low,,,0,no STRING match,no STRING match,2526,2273,2,15
2894,fig|6666666.1036479.peg.38,fig|6666666.1036479.peg.2489,0.8668882012367248,0.005875808075886041,Low,Very Low,Very Low–Low,,,0,no STRING match,no STRING match,2526,2273,2,15
2895,fig|6666666.1036479.peg.38,fig|6666666.1036479.peg.2494,0.8668882012367248,0.005877838417308255,Low,Very Low,Very Low–Low,,,0,no STRING match,no STRING match,2526,2273,2,15
2896,fig|6666666.1036479.peg.38,fig|6666666.1036479.peg.2498,0.8668882012367248,0.005879868758730468,Low,Very Low,Very Low–Low,,,0,no STRING match,no STRING match,2526,2273,2,15
2897,fig|6666666.1036479.peg.186,fig|6666666.1036479.peg.971,0.8668882012367248,0.005881899100152682,Low,Very Low,Very Low–Low,,,0,no STRING match,no STRING match,2526,2273,2,15
2898,fig|6666666.1036479.peg.186,fig|6666666.1036479.peg.976,0.8668882012367248,0.005883929441574895,Low,Very Low,Very Low–Low,,,0,no STRING match,no STRING match,2526,2273,2,15
2899,fig|6666666.1036479.peg.186,fig|6666666.1036479.peg.981,0.8668882012367248,0.005885959782997109,Low,Very Low,Very Low–Low,,,0,no STRING match,no STRING match,2526,2273,2,15
2900,fig|6666666.1036479.peg.186,fig|6666666.1036479.peg.985,0.8668882012367248,0.005887990124419322,Low,Very Low,Very Low–Low,,,0,no STRING match,no STRING match,2526,2273,2,15
2901,fig|6666666.1036479.peg.186,fig|6666666.1036479.peg.989,0.8668882012367248,0.005890020465841536,Low,Very Low,Very Low–Low,,,0,no STRING match,no STRING match,2526,2273,2,15
2902,fig|6666666.1036479.peg.186,fig|6666666.1036479.peg.2489,0.8668882012367248,0.005892050807263749,Low,Very Low,Very Low–Low,,,0,no STRING match,no STRING match,2526,2273,2,15
2903,fig|6666666.1036479.peg.186,fig|6666666.1036479.peg.2494,0.8668882012367248,0.005894081148685963,Low,Very Low,Very Low–Low,,,0,no STRING match,no STRING match,2526,2273,2,15
2904,fig|6666666.1036479.peg.186,fig|6666666.1036479.peg.2498,0.8668882012367248,0.005896111490108177,Low,Very Low,Very Low–Low,,,0,no STRING match,no STRING match,2526,2273,2,15
2905,fig|6666666.1036479.peg.2672,fig|6666666.1036479.peg.878,0.8668703377246857,0.0058981418315303905,Medium,Very Low,Very Low–Medium,,,0,no STRING match,no STRING match,2341,1858,1,4
2906,fig|6666666.1036479.peg.2672,fig|6666666.1036479.peg.2100,0.8668703377246857,0.005900172172952604,Medium,Very Low,Very Low–Medium,,,0,no STRING match,no STRING match,2341,1858,1,4
2907,fig|6666666.1036479.peg.2672,fig|6666666.1036479.peg.2381,0.8668703377246857,0.0059022025143748175,Medium,Very Low,Very Low–Medium,,,0,no STRING match,no STRING match,2341,1858,1,4
2908,fig|6666666.1036479.peg.1300,fig|6666666.1036479.peg.2436,0.866864550113678,0.005904232855797031,Low,Medium,Low–Medium,,,0,no STRING match,no STRING match,2763,3033,1,1
2909,fig|6666666.1036479.peg.2672,fig|6666666.1036479.peg.3224,0.8668645203113556,0.0059062631972192445,Medium,Very Low,Very Low–Medium,,,0,no STRING match,no STRING match,2341,2475,1,2
2910,fig|6666666.1036479.peg.2672,fig|6666666.1036479.peg.140,0.8668645203113556,0.005908293538641458,Medium,Very Low,Very Low–Medium,,,0,no STRING match,no STRING match,2341,2475,1,2
2911,fig|6666666.1036479.peg.2960,fig|6666666.1036479.peg.1215,0.8668563961982727,0.0059103238800636716,Low,Low,Low–Low,,,0,no STRING match,no STRING match,2412,2751,1,1
2912,fig|6666666.1036479.peg.2604,fig|6666666.1036479.peg.866,0.8668547213077545,0.005912354221485885,Low,High,Low–High,,,0,no STRING match,no STRING match,2321,2667,1,1
2913,fig|6666666.1036479.peg.3209,fig|6666666.1036479.peg.866,0.8668397307395935,0.005914384562908099,Medium,High,Medium–High,,,0,no STRING match,no STRING match,2469,2667,1,1
2914,fig|6666666.1036479.peg.2948,fig|6666666.1036479.peg.1092,0.866828727722168,0.005916414904330312,High,Very Low,Very Low–High,,,0,no STRING match,no STRING match,2410,2715,1,1
2915,fig|6666666.1036479.peg.2672,fig|6666666.1036479.peg.2715,0.8668284475803375,0.005918445245752526,Medium,Very Low,Very Low–Medium,,,0,no STRING match,no STRING match,2341,2348,1,1
2916,fig|6666666.1036479.peg.2503,fig|6666666.1036479.peg.866,0.8667889297008514,0.005920475587174739,Very Low,High,Very Low–High,,,0,no STRING match,no STRING match,2267,2667,1,1
2917,fig|6666666.1036479.peg.2548,fig|6666666.1036479.peg.770,0.8667759299278259,0.005922505928596953,High,Very Low,Very Low–High,,,0,no STRING match,no STRING match,2298,2656,1,1
2918,fig|6666666.1036479.peg.2881,fig|6666666.1036479.peg.370,0.8667622804641724,0.005924536270019166,Very Low,High,Very Low–High,,,0,no STRING match,no STRING match,2383,2579,1,1
2919,fig|6666666.1036479.peg.2348,fig|6666666.1036479.peg.2455,0.866762125492096,0.00592656661144138,High,Medium,Medium–High,,,0,no STRING match,no STRING match,3019,3038,1,1
2920,fig|6666666.1036479.peg.2948,fig|6666666.1036479.peg.726,0.8667545914649963,0.005928596952863594,High,Very Low,Very Low–High,,,0,no STRING match,no STRING match,2410,2637,1,1
2921,fig|6666666.1036479.peg.36,fig|6666666.1036479.peg.1308,0.8667528808116913,0.0059306272942858075,Medium,Medium,Medium–Medium,,,0,no STRING match,no STRING match,2524,2764,2,1
2922,fig|6666666.1036479.peg.184,fig|6666666.1036479.peg.1308,0.8667528808116913,0.005932657635708021,Medium,Medium,Medium–Medium,,,0,no STRING match,no STRING match,2524,2764,2,1
2923,fig|6666666.1036479.peg.3213,fig|6666666.1036479.peg.3231,0.8667451083660126,0.0059346879771302345,Very Low,Very Low,Very Low–Very Low,,,0,no STRING match,no STRING match,2470,2482,1,2
2924,fig|6666666.1036479.peg.3213,fig|6666666.1036479.peg.147,0.8667451083660126,0.005936718318552448,Very Low,Very Low,Very Low–Very Low,,,0,no STRING match,no STRING match,2470,2482,1,2
2925,fig|6666666.1036479.peg.2672,fig|6666666.1036479.peg.3078,0.8667275309562683,0.0059387486599746615,Medium,Medium,Medium–Medium,,,0,no STRING match,no STRING match,2341,2441,1,1
2926,fig|6666666.1036479.peg.2509,fig|6666666.1036479.peg.2918,0.86670703291893,0.005940779001396875,Very Low,Very Low,Very Low–Very Low,,,0,no STRING match,no STRING match,2273,2396,15,1
2927,fig|6666666.1036479.peg.2513,fig|6666666.1036479.peg.2918,0.86670703291893,0.0059428093428190885,Very Low,Very Low,Very Low–Very Low,,,0,no STRING match,no STRING match,2273,2396,15,1
2928,fig|6666666.1036479.peg.2519,fig|6666666.1036479.peg.2918,0.86670703291893,0.005944839684241302,Very Low,Very Low,Very Low–Very Low,,,0,no STRING match,no STRING match,2273,2396,15,1
2929,fig|6666666.1036479.peg.2526,fig|6666666.1036479.peg.2918,0.86670703291893,0.0059468700256635155,Very Low,Very Low,Very Low–Very Low,,,0,no STRING match,no STRING match,2273,2396,15,1
2930,fig|6666666.1036479.peg.2530,fig|6666666.1036479.peg.2918,0.86670703291893,0.005948900367085729,Very Low,Very Low,Very Low–Very Low,,,0,no STRING match,no STRING match,2273,2396,15,1
2931,fig|6666666.1036479.peg.2534,fig|6666666.1036479.peg.2918,0.86670703291893,0.0059509307085079425,Very Low,Very Low,Very Low–Very Low,,,0,no STRING match,no STRING match,2273,2396,15,1
2932,fig|6666666.1036479.peg.2918,fig|6666666.1036479.peg.3173,0.86670703291893,0.005952961049930156,Very Low,Very Low,Very Low–Very Low,,,0,no STRING match,no STRING match,2396,2273,1,15
2933,fig|6666666.1036479.peg.2918,fig|6666666.1036479.peg.971,0.86670703291893,0.0059549913913523695,Very Low,Very Low,Very Low–Very Low,,,0,no STRING match,no STRING match,2396,2273,1,15
2934,fig|6666666.1036479.peg.2918,fig|6666666.1036479.peg.976,0.86670703291893,0.005957021732774583,Very Low,Very Low,Very Low–Very Low,,,0,no STRING match,no STRING match,2396,2273,1,15
2935,fig|6666666.1036479.peg.2918,fig|6666666.1036479.peg.981,0.86670703291893,0.0059590520741967965,Very Low,Very Low,Very Low–Very Low,,,0,no STRING match,no STRING match,2396,2273,1,15
2936,fig|6666666.1036479.peg.2918,fig|6666666.1036479.peg.985,0.86670703291893,0.005961082415619011,Very Low,Very Low,Very Low–Very Low,,,0,no STRING match,no STRING match,2396,2273,1,15
2937,fig|6666666.1036479.peg.2918,fig|6666666.1036479.peg.989,0.86670703291893,0.005963112757041224,Very Low,Very Low,Very Low–Very Low,,,0,no STRING match,no STRING match,2396,2273,1,15
2938,fig|6666666.1036479.peg.2918,fig|6666666.1036479.peg.2489,0.86670703291893,0.005965143098463438,Very Low,Very Low,Very Low–Very Low,,,0,no STRING match,no STRING match,2396,2273,1,15
2939,fig|6666666.1036479.peg.2918,fig|6666666.1036479.peg.2494,0.86670703291893,0.0059671734398856514,Very Low,Very Low,Very Low–Very Low,,,0,no STRING match,no STRING match,2396,2273,1,15
2940,fig|6666666.1036479.peg.2918,fig|6666666.1036479.peg.2498,0.86670703291893,0.005969203781307865,Very Low,Very Low,Very Low–Very Low,,,0,no STRING match,no STRING match,2396,2273,1,15
2941,fig|6666666.1036479.peg.1617,fig|6666666.1036479.peg.2364,0.8667047083377838,0.0059712341227300784,Low,Medium,Low–Medium,,,0,no STRING match,no STRING match,2864,3022,2,1
2942,fig|6666666.1036479.peg.1625,fig|6666666.1036479.peg.2364,0.8667047083377838,0.005973264464152292,Low,Medium,Low–Medium,,,0,no STRING match,no STRING match,2864,3022,2,1
2943,fig|6666666.1036479.peg.2920,fig|6666666.1036479.peg.1410,0.8666826128959656,0.0059752948055745055,Very Low,Medium,Very Low–Medium,,,0,no STRING match,no STRING match,2397,2813,1,1
2944,fig|6666666.1036479.peg.881,fig|6666666.1036479.peg.889,0.8666815340518952,0.005977325146996719,High,Low,Low–High,,,0,no STRING match,no STRING match,2674,2682,1,1
2945,fig|6666666.1036479.peg.3207,fig|6666666.1036479.peg.3223,0.8666812896728515,0.0059793554884189325,Medium,High,Medium–High,,,0,no STRING match,no STRING match,2468,2474,1,2
2946,fig|6666666.1036479.peg.3207,fig|6666666.1036479.peg.139,0.8666812896728515,0.005981385829841146,Medium,High,Medium–High,,,0,no STRING match,no STRING match,2468,2474,1,2
2947,fig|6666666.1036479.peg.3033,fig|6666666.1036479.peg.2347,0.8666512846946717,0.0059834161712633595,Low,Low,Low–Low,,,0,no STRING match,no STRING match,2437,3018,1,1
2948,fig|6666666.1036479.peg.3020,fig|6666666.1036479.peg.740,0.866632491350174,0.005985446512685573,Low,Very Low,Very Low–Low,,,0,no STRING match,no STRING match,2433,2651,1,1
2949,fig|6666666.1036479.peg.2920,fig|6666666.1036479.peg.289,0.866621869802475,0.0059874768541077865,Very Low,High,Very Low–High,,Hypothetical protein.,0,no STRING match,secondary STRING hit (STRING protein assigned to a better match),2397,2559,1,1
2950,fig|6666666.1036479.peg.2536,fig|6666666.1036479.peg.370,0.8666114509105682,0.00598950719553,Very Low,High,Very Low–High,,,0,no STRING match,no STRING match,2286,2579,1,1
2951,fig|6666666.1036479.peg.1308,fig|6666666.1036479.peg.1410,0.8665969669818878,0.0059915375369522135,Medium,Medium,Medium–Medium,,,0,no STRING match,no STRING match,2764,2813,1,1
2952,fig|6666666.1036479.peg.1943,fig|6666666.1036479.peg.2364,0.8665935456752777,0.005993567878374428,Medium,Medium,Medium–Medium,COG3103 SH3 domain protein.,,0,secondary STRING hit (STRING protein assigned to a better match),no STRING match,2926,3022,1,1
2953,fig|6666666.1036479.peg.719,fig|6666666.1036479.peg.720,0.8665561258792878,0.005995598219796641,Medium,High,Medium–High,,,0,no STRING match,no STRING match,2630,2631,1,1
2954,fig|6666666.1036479.peg.2507,fig|6666666.1036479.peg.411,0.8665156364440918,0.005997628561218855,Low,Low,Low–Low,,Hypothetical protein.,0,no STRING match,secondary STRING hit (STRING protein assigned to a better match),2271,2585,1,1
2955,fig|6666666.1036479.peg.40,fig|6666666.1036479.peg.370,0.8665083944797516,0.005999658902641068,Very Low,High,Very Low–High,,,0,no STRING match,no STRING match,2528,2579,2,1
2956,fig|6666666.1036479.peg.188,fig|6666666.1036479.peg.370,0.8665083944797516,0.006001689244063282,Very Low,High,Very Low–High,,,0,no STRING match,no STRING match,2528,2579,2,1
2957,fig|6666666.1036479.peg.942,fig|6666666.1036479.peg.2436,0.8665078103542327,0.006003719585485495,Very Low,Medium,Very Low–Medium,,,0,no STRING match,no STRING match,2691,3033,1,1
2958,fig|6666666.1036479.peg.370,fig|6666666.1036479.peg.1410,0.8664476752281189,0.006005749926907709,High,Medium,Medium–High,,,0,no STRING match,no STRING match,2579,2813,1,1
2959,fig|6666666.1036479.peg.723,fig|6666666.1036479.peg.881,0.8664196968078614,0.006007780268329922,High,High,High–High,,,0,no STRING match,no STRING match,2634,2674,1,1
2960,fig|6666666.1036479.peg.2524,fig|6666666.1036479.peg.3231,0.8664187967777253,0.006009810609752136,Low,Very Low,Very Low–Low,,,0,no STRING match,no STRING match,2283,2482,1,2
2961,fig|6666666.1036479.peg.2524,fig|6666666.1036479.peg.147,0.8664187967777253,0.006011840951174349,Low,Very Low,Very Low–Low,,,0,no STRING match,no STRING match,2283,2482,1,2
2962,fig|6666666.1036479.peg.2918,fig|6666666.1036479.peg.2347,0.8664085626602173,0.006013871292596563,Very Low,Low,Very Low–Low,,,0,no STRING match,no STRING match,2396,3018,1,1
2963,fig|6666666.1036479.peg.2761,fig|6666666.1036479.peg.2988,0.8664077162742615,0.006015901634018776,Low,Medium,Low–Medium,,Hypothetical protein.,0,no STRING match,secondary STRING hit (STRING protein assigned to a better match),2352,2416,1,1
2964,fig|6666666.1036479.peg.1943,fig|6666666.1036479.peg.1947,0.8663940250873565,0.00601793197544099,Medium,Medium,Medium–Medium,COG3103 SH3 domain protein.,,0,secondary STRING hit (STRING protein assigned to a better match),no STRING match,2926,2930,1,1
2965,fig|6666666.1036479.peg.2672,fig|6666666.1036479.peg.1377,0.866379714012146,0.0060199623168632034,Medium,Very Low,Very Low–Medium,,,0,no STRING match,no STRING match,2341,2809,1,1
2966,fig|6666666.1036479.peg.2672,fig|6666666.1036479.peg.312,0.8663614332675934,0.006021992658285417,Medium,Medium,Medium–Medium,,,0,no STRING match,no STRING match,2341,2570,1,1
2967,fig|6666666.1036479.peg.889,fig|6666666.1036479.peg.1300,0.8663598239421845,0.0060240229997076305,Low,Low,Low–Low,,,0,no STRING match,no STRING match,2682,2763,1,1
2968,fig|6666666.1036479.peg.1289,fig|6666666.1036479.peg.2469,0.8663583278656006,0.006026053341129845,Very Low,Very Low,Very Low–Very Low,,,0,no STRING match,no STRING match,2762,3042,1,1
2969,fig|6666666.1036479.peg.2920,fig|6666666.1036479.peg.2093,0.8663309454917908,0.006028083682552058,Very Low,Medium,Very Low–Medium,,,0,no STRING match,no STRING match,2397,2955,1,1
2970,fig|6666666.1036479.peg.2843,fig|6666666.1036479.peg.1409,0.8663100183010102,0.006030114023974272,Very Low,Medium,Very Low–Medium,,,0,no STRING match,no STRING match,2370,2812,1,1
2971,fig|6666666.1036479.peg.3020,fig|6666666.1036479.peg.1092,0.8663059890270233,0.006032144365396485,Low,Very Low,Very Low–Low,,,0,no STRING match,no STRING match,2433,2715,1,1
2972,fig|6666666.1036479.peg.2093,fig|6666666.1036479.peg.2364,0.8663045704364777,0.006034174706818699,Medium,Medium,Medium–Medium,,,0,no STRING match,no STRING match,2955,3022,1,1
2973,fig|6666666.1036479.peg.309,fig|6666666.1036479.peg.1565,0.8663010478019715,0.006036205048240912,Very Low,Very Low,Very Low–Very Low,,,0,no STRING match,no STRING match,2569,2837,1,1
2974,fig|6666666.1036479.peg.370,fig|6666666.1036479.peg.885,0.8662820279598236,0.006038235389663126,High,Medium,Medium–High,,,0,no STRING match,no STRING match,2579,2678,1,1
2975,fig|6666666.1036479.peg.2550,fig|6666666.1036479.peg.1113,0.8662813782691956,0.006040265731085339,Very Low,Very Low,Very Low–Very Low,,,0,no STRING match,no STRING match,2300,2729,2,1
2976,fig|6666666.1036479.peg.2558,fig|6666666.1036479.peg.1113,0.8662813782691956,0.006042296072507553,Very Low,Very Low,Very Low–Very Low,,,0,no STRING match,no STRING match,2300,2729,2,1
2977,fig|6666666.1036479.peg.2509,fig|6666666.1036479.peg.1566,0.8662757813930512,0.006044326413929766,Very Low,High,Very Low–High,,,0,no STRING match,no STRING match,2273,2838,15,1
2978,fig|6666666.1036479.peg.2513,fig|6666666.1036479.peg.1566,0.8662757813930512,0.00604635675535198,Very Low,High,Very Low–High,,,0,no STRING match,no STRING match,2273,2838,15,1
2979,fig|6666666.1036479.peg.2519,fig|6666666.1036479.peg.1566,0.8662757813930512,0.006048387096774193,Very Low,High,Very Low–High,,,0,no STRING match,no STRING match,2273,2838,15,1
2980,fig|6666666.1036479.peg.2526,fig|6666666.1036479.peg.1566,0.8662757813930512,0.006050417438196407,Very Low,High,Very Low–High,,,0,no STRING match,no STRING match,2273,2838,15,1
2981,fig|6666666.1036479.peg.2530,fig|6666666.1036479.peg.1566,0.8662757813930512,0.00605244777961862,Very Low,High,Very Low–High,,,0,no STRING match,no STRING match,2273,2838,15,1
2982,fig|6666666.1036479.peg.2534,fig|6666666.1036479.peg.1566,0.8662757813930512,0.006054478121040834,Very Low,High,Very Low–High,,,0,no STRING match,no STRING match,2273,2838,15,1
2983,fig|6666666.1036479.peg.3173,fig|6666666.1036479.peg.1566,0.8662757813930512,0.006056508462463047,Very Low,High,Very Low–High,,,0,no STRING match,no STRING match,2273,2838,15,1
2984,fig|6666666.1036479.peg.971,fig|6666666.1036479.peg.1566,0.8662757813930512,0.006058538803885262,Very Low,High,Very Low–High,,,0,no STRING match,no STRING match,2273,2838,15,1
2985,fig|6666666.1036479.peg.976,fig|6666666.1036479.peg.1566,0.8662757813930512,0.006060569145307475,Very Low,High,Very Low–High,,,0,no STRING match,no STRING match,2273,2838,15,1
2986,fig|6666666.1036479.peg.981,fig|6666666.1036479.peg.1566,0.8662757813930512,0.006062599486729689,Very Low,High,Very Low–High,,,0,no STRING match,no STRING match,2273,2838,15,1
2987,fig|6666666.1036479.peg.985,fig|6666666.1036479.peg.1566,0.8662757813930512,0.006064629828151902,Very Low,High,Very Low–High,,,0,no STRING match,no STRING match,2273,2838,15,1
2988,fig|6666666.1036479.peg.989,fig|6666666.1036479.peg.1566,0.8662757813930512,0.006066660169574116,Very Low,High,Very Low–High,,,0,no STRING match,no STRING match,2273,2838,15,1
2989,fig|6666666.1036479.peg.1566,fig|6666666.1036479.peg.2489,0.8662757813930512,0.006068690510996329,High,Very Low,Very Low–High,,,0,no STRING match,no STRING match,2838,2273,1,15
2990,fig|6666666.1036479.peg.1566,fig|6666666.1036479.peg.2494,0.8662757813930512,0.006070720852418543,High,Very Low,Very Low–High,,,0,no STRING match,no STRING match,2838,2273,1,15
2991,fig|6666666.1036479.peg.1566,fig|6666666.1036479.peg.2498,0.8662757813930512,0.006072751193840756,High,Very Low,Very Low–High,,,0,no STRING match,no STRING match,2838,2273,1,15
2992,fig|6666666.1036479.peg.3207,fig|6666666.1036479.peg.1409,0.8662593841552735,0.00607478153526297,Medium,Medium,Medium–Medium,,,0,no STRING match,no STRING match,2468,2812,1,1
2993,fig|6666666.1036479.peg.1289,fig|6666666.1036479.peg.2405,0.8662547647953034,0.006076811876685183,Very Low,Medium,Very Low–Medium,,Hypothetical protein; COG0605 Superoxide dismutase.,0,no STRING match,secondary STRING hit (STRING protein assigned to a better match),2762,3029,1,1
2994,fig|6666666.1036479.peg.2843,fig|6666666.1036479.peg.2093,0.8662410020828247,0.006078842218107397,Very Low,Medium,Very Low–Medium,,,0,no STRING match,no STRING match,2370,2955,1,1
2995,fig|6666666.1036479.peg.861,fig|6666666.1036479.peg.2166,0.8662367224693298,0.00608087255952961,High,Very Low,Very Low–High,,,0,no STRING match,no STRING match,2665,2987,1,1
2996,fig|6666666.1036479.peg.3008,fig|6666666.1036479.peg.728,0.8662357032299042,0.006082902900951824,Medium,Medium,Medium–Medium,,,0,no STRING match,no STRING match,2423,2639,1,1
2997,fig|6666666.1036479.peg.2988,fig|6666666.1036479.peg.724,0.866230058670044,0.006084933242374037,Medium,Medium,Medium–Medium,Hypothetical protein.,,0,secondary STRING hit (STRING protein assigned to a better match),no STRING match,2416,2635,1,1
2998,fig|6666666.1036479.peg.2547,fig|6666666.1036479.peg.719,0.8661952078342438,0.006086963583796251,Medium,Medium,Medium–Medium,,,0,no STRING match,no STRING match,2297,2630,1,1
2999,fig|6666666.1036479.peg.2514,fig|6666666.1036479.peg.861,0.8661892116069794,0.006088993925218464,Very Low,High,Very Low–High,,,0,no STRING match,no STRING match,2277,2665,1,1
3000,fig|6666666.1036479.peg.1339,fig|6666666.1036479.peg.2347,0.8661761999130249,0.006091024266640679,Very Low,Low,Very Low–Low,,,0,no STRING match,no STRING match,2779,3018,1,1
3001,fig|6666666.1036479.peg.3015,fig|6666666.1036479.peg.1300,0.8661670088768005,0.006093054608062892,Low,Low,Low–Low,,,0,no STRING match,no STRING match,2428,2763,1,1
3002,fig|6666666.1036479.peg.2948,fig|6666666.1036479.peg.3254,0.8661630392074585,0.006095084949485106,High,High,High–High,,,0,no STRING match,no STRING match,2410,2505,1,3
3003,fig|6666666.1036479.peg.2948,fig|6666666.1036479.peg.22,0.8661630392074585,0.006097115290907319,High,High,High–High,,,0,no STRING match,no STRING match,2410,2505,1,3
3004,fig|6666666.1036479.peg.2948,fig|6666666.1036479.peg.170,0.8661630392074585,0.006099145632329533,High,High,High–High,,,0,no STRING match,no STRING match,2410,2505,1,3
3005,fig|6666666.1036479.peg.659,fig|6666666.1036479.peg.1300,0.866156256198883,0.006101175973751746,Very Low,Low,Very Low–Low,,,0,no STRING match,no STRING match,2617,2763,1,1
3006,fig|6666666.1036479.peg.2506,fig|6666666.1036479.peg.2509,0.866134661436081,0.00610320631517396,Very Low,Very Low,Very Low–Very Low,,,0,no STRING match,no STRING match,2270,2273,6,15
3007,fig|6666666.1036479.peg.2506,fig|6666666.1036479.peg.2513,0.866134661436081,0.006105236656596173,Very Low,Very Low,Very Low–Very Low,,,0,no STRING match,no STRING match,2270,2273,6,15
3008,fig|6666666.1036479.peg.2506,fig|6666666.1036479.peg.2519,0.866134661436081,0.006107266998018387,Very Low,Very Low,Very Low–Very Low,,,0,no STRING match,no STRING match,2270,2273,6,15
3009,fig|6666666.1036479.peg.2506,fig|6666666.1036479.peg.2526,0.866134661436081,0.0061092973394406,Very Low,Very Low,Very Low–Very Low,,,0,no STRING match,no STRING match,2270,2273,6,15
3010,fig|6666666.1036479.peg.2506,fig|6666666.1036479.peg.2530,0.866134661436081,0.006111327680862814,Very Low,Very Low,Very Low–Very Low,,,0,no STRING match,no STRING match,2270,2273,6,15
3011,fig|6666666.1036479.peg.2506,fig|6666666.1036479.peg.2534,0.866134661436081,0.006113358022285027,Very Low,Very Low,Very Low–Very Low,,,0,no STRING match,no STRING match,2270,2273,6,15
3012,fig|6666666.1036479.peg.2506,fig|6666666.1036479.peg.3173,0.866134661436081,0.006115388363707241,Very Low,Very Low,Very Low–Very Low,,,0,no STRING match,no STRING match,2270,2273,6,15
3013,fig|6666666.1036479.peg.2506,fig|6666666.1036479.peg.971,0.866134661436081,0.006117418705129454,Very Low,Very Low,Very Low–Very Low,,,0,no STRING match,no STRING match,2270,2273,6,15
3014,fig|6666666.1036479.peg.2506,fig|6666666.1036479.peg.976,0.866134661436081,0.006119449046551668,Very Low,Very Low,Very Low–Very Low,,,0,no STRING match,no STRING match,2270,2273,6,15
3015,fig|6666666.1036479.peg.2506,fig|6666666.1036479.peg.981,0.866134661436081,0.006121479387973881,Very Low,Very Low,Very Low–Very Low,,,0,no STRING match,no STRING match,2270,2273,6,15
3016,fig|6666666.1036479.peg.2506,fig|6666666.1036479.peg.985,0.866134661436081,0.006123509729396096,Very Low,Very Low,Very Low–Very Low,,,0,no STRING match,no STRING match,2270,2273,6,15
3017,fig|6666666.1036479.peg.2506,fig|6666666.1036479.peg.989,0.866134661436081,0.006125540070818309,Very Low,Very Low,Very Low–Very Low,,,0,no STRING match,no STRING match,2270,2273,6,15
3018,fig|6666666.1036479.peg.2506,fig|6666666.1036479.peg.2489,0.866134661436081,0.006127570412240523,Very Low,Very Low,Very Low–Very Low,,,0,no STRING match,no STRING match,2270,2273,6,15
3019,fig|6666666.1036479.peg.2506,fig|6666666.1036479.peg.2494,0.866134661436081,0.006129600753662736,Very Low,Very Low,Very Low–Very Low,,,0,no STRING match,no STRING match,2270,2273,6,15
3020,fig|6666666.1036479.peg.2506,fig|6666666.1036479.peg.2498,0.866134661436081,0.00613163109508495,Very Low,Very Low,Very Low–Very Low,,,0,no STRING match,no STRING match,2270,2273,6,15
3021,fig|6666666.1036479.peg.2509,fig|6666666.1036479.peg.2516,0.866134661436081,0.006133661436507163,Very Low,Very Low,Very Low–Very Low,,,0,no STRING match,no STRING match,2273,2270,15,6
3022,fig|6666666.1036479.peg.2509,fig|6666666.1036479.peg.2522,0.866134661436081,0.006135691777929377,Very Low,Very Low,Very Low–Very Low,,,0,no STRING match,no STRING match,2273,2270,15,6
3023,fig|6666666.1036479.peg.2509,fig|6666666.1036479.peg.974,0.866134661436081,0.00613772211935159,Very Low,Very Low,Very Low–Very Low,,,0,no STRING match,no STRING match,2273,2270,15,6
3024,fig|6666666.1036479.peg.2509,fig|6666666.1036479.peg.979,0.866134661436081,0.006139752460773804,Very Low,Very Low,Very Low–Very Low,,,0,no STRING match,no STRING match,2273,2270,15,6
3025,fig|6666666.1036479.peg.2509,fig|6666666.1036479.peg.2491,0.866134661436081,0.006141782802196017,Very Low,Very Low,Very Low–Very Low,,,0,no STRING match,no STRING match,2273,2270,15,6
3026,fig|6666666.1036479.peg.2513,fig|6666666.1036479.peg.2516,0.866134661436081,0.006143813143618231,Very Low,Very Low,Very Low–Very Low,,,0,no STRING match,no STRING match,2273,2270,15,6
3027,fig|6666666.1036479.peg.2513,fig|6666666.1036479.peg.2522,0.866134661436081,0.006145843485040444,Very Low,Very Low,Very Low–Very Low,,,0,no STRING match,no STRING match,2273,2270,15,6
3028,fig|6666666.1036479.peg.2513,fig|6666666.1036479.peg.974,0.866134661436081,0.006147873826462658,Very Low,Very Low,Very Low–Very Low,,,0,no STRING match,no STRING match,2273,2270,15,6
3029,fig|6666666.1036479.peg.2513,fig|6666666.1036479.peg.979,0.866134661436081,0.006149904167884871,Very Low,Very Low,Very Low–Very Low,,,0,no STRING match,no STRING match,2273,2270,15,6
3030,fig|6666666.1036479.peg.2513,fig|6666666.1036479.peg.2491,0.866134661436081,0.006151934509307085,Very Low,Very Low,Very Low–Very Low,,,0,no STRING match,no STRING match,2273,2270,15,6
3031,fig|6666666.1036479.peg.2516,fig|6666666.1036479.peg.2519,0.866134661436081,0.006153964850729298,Very Low,Very Low,Very Low–Very Low,,,0,no STRING match,no STRING match,2270,2273,6,15
3032,fig|6666666.1036479.peg.2516,fig|6666666.1036479.peg.2526,0.866134661436081,0.006155995192151513,Very Low,Very Low,Very Low–Very Low,,,0,no STRING match,no STRING match,2270,2273,6,15
3033,fig|6666666.1036479.peg.2516,fig|6666666.1036479.peg.2530,0.866134661436081,0.006158025533573726,Very Low,Very Low,Very Low–Very Low,,,0,no STRING match,no STRING match,2270,2273,6,15
3034,fig|6666666.1036479.peg.2516,fig|6666666.1036479.peg.2534,0.866134661436081,0.00616005587499594,Very Low,Very Low,Very Low–Very Low,,,0,no STRING match,no STRING match,2270,2273,6,15
3035,fig|6666666.1036479.peg.2516,fig|6666666.1036479.peg.3173,0.866134661436081,0.006162086216418153,Very Low,Very Low,Very Low–Very Low,,,0,no STRING match,no STRING match,2270,2273,6,15
3036,fig|6666666.1036479.peg.2516,fig|6666666.1036479.peg.971,0.866134661436081,0.006164116557840367,Very Low,Very Low,Very Low–Very Low,,,0,no STRING match,no STRING match,2270,2273,6,15
3037,fig|6666666.1036479.peg.2516,fig|6666666.1036479.peg.976,0.866134661436081,0.00616614689926258,Very Low,Very Low,Very Low–Very Low,,,0,no STRING match,no STRING match,2270,2273,6,15
3038,fig|6666666.1036479.peg.2516,fig|6666666.1036479.peg.981,0.866134661436081,0.006168177240684794,Very Low,Very Low,Very Low–Very Low,,,0,no STRING match,no STRING match,2270,2273,6,15
3039,fig|6666666.1036479.peg.2516,fig|6666666.1036479.peg.985,0.866134661436081,0.006170207582107007,Very Low,Very Low,Very Low–Very Low,,,0,no STRING match,no STRING match,2270,2273,6,15
3040,fig|6666666.1036479.peg.2516,fig|6666666.1036479.peg.989,0.866134661436081,0.006172237923529221,Very Low,Very Low,Very Low–Very Low,,,0,no STRING match,no STRING match,2270,2273,6,15
3041,fig|6666666.1036479.peg.2516,fig|6666666.1036479.peg.2489,0.866134661436081,0.006174268264951434,Very Low,Very Low,Very Low–Very Low,,,0,no STRING match,no STRING match,2270,2273,6,15
3042,fig|6666666.1036479.peg.2516,fig|6666666.1036479.peg.2494,0.866134661436081,0.006176298606373648,Very Low,Very Low,Very Low–Very Low,,,0,no STRING match,no STRING match,2270,2273,6,15
3043,fig|6666666.1036479.peg.2516,fig|6666666.1036479.peg.2498,0.866134661436081,0.006178328947795861,Very Low,Very Low,Very Low–Very Low,,,0,no STRING match,no STRING match,2270,2273,6,15
3044,fig|6666666.1036479.peg.2519,fig|6666666.1036479.peg.2522,0.866134661436081,0.006180359289218075,Very Low,Very Low,Very Low–Very Low,,,0,no STRING match,no STRING match,2273,2270,15,6
3045,fig|6666666.1036479.peg.2519,fig|6666666.1036479.peg.974,0.866134661436081,0.006182389630640288,Very Low,Very Low,Very Low–Very Low,,,0,no STRING match,no STRING match,2273,2270,15,6
3046,fig|6666666.1036479.peg.2519,fig|6666666.1036479.peg.979,0.866134661436081,0.006184419972062502,Very Low,Very Low,Very Low–Very Low,,,0,no STRING match,no STRING match,2273,2270,15,6
3047,fig|6666666.1036479.peg.2519,fig|6666666.1036479.peg.2491,0.866134661436081,0.006186450313484715,Very Low,Very Low,Very Low–Very Low,,,0,no STRING match,no STRING match,2273,2270,15,6
3048,fig|6666666.1036479.peg.2522,fig|6666666.1036479.peg.2526,0.866134661436081,0.00618848065490693,Very Low,Very Low,Very Low–Very Low,,,0,no STRING match,no STRING match,2270,2273,6,15
3049,fig|6666666.1036479.peg.2522,fig|6666666.1036479.peg.2530,0.866134661436081,0.006190510996329143,Very Low,Very Low,Very Low–Very Low,,,0,no STRING match,no STRING match,2270,2273,6,15
3050,fig|6666666.1036479.peg.2522,fig|6666666.1036479.peg.2534,0.866134661436081,0.006192541337751357,Very Low,Very Low,Very Low–Very Low,,,0,no STRING match,no STRING match,2270,2273,6,15
3051,fig|6666666.1036479.peg.2522,fig|6666666.1036479.peg.3173,0.866134661436081,0.00619457167917357,Very Low,Very Low,Very Low–Very Low,,,0,no STRING match,no STRING match,2270,2273,6,15
3052,fig|6666666.1036479.peg.2522,fig|6666666.1036479.peg.971,0.866134661436081,0.006196602020595784,Very Low,Very Low,Very Low–Very Low,,,0,no STRING match,no STRING match,2270,2273,6,15
3053,fig|6666666.1036479.peg.2522,fig|6666666.1036479.peg.976,0.866134661436081,0.006198632362017997,Very Low,Very Low,Very Low–Very Low,,,0,no STRING match,no STRING match,2270,2273,6,15
3054,fig|6666666.1036479.peg.2522,fig|6666666.1036479.peg.981,0.866134661436081,0.006200662703440211,Very Low,Very Low,Very Low–Very Low,,,0,no STRING match,no STRING match,2270,2273,6,15
3055,fig|6666666.1036479.peg.2522,fig|6666666.1036479.peg.985,0.866134661436081,0.006202693044862424,Very Low,Very Low,Very Low–Very Low,,,0,no STRING match,no STRING match,2270,2273,6,15
3056,fig|6666666.1036479.peg.2522,fig|6666666.1036479.peg.989,0.866134661436081,0.006204723386284638,Very Low,Very Low,Very Low–Very Low,,,0,no STRING match,no STRING match,2270,2273,6,15
3057,fig|6666666.1036479.peg.2522,fig|6666666.1036479.peg.2489,0.866134661436081,0.006206753727706851,Very Low,Very Low,Very Low–Very Low,,,0,no STRING match,no STRING match,2270,2273,6,15
3058,fig|6666666.1036479.peg.2522,fig|6666666.1036479.peg.2494,0.866134661436081,0.006208784069129065,Very Low,Very Low,Very Low–Very Low,,,0,no STRING match,no STRING match,2270,2273,6,15
3059,fig|6666666.1036479.peg.2522,fig|6666666.1036479.peg.2498,0.866134661436081,0.006210814410551278,Very Low,Very Low,Very Low–Very Low,,,0,no STRING match,no STRING match,2270,2273,6,15
3060,fig|6666666.1036479.peg.2526,fig|6666666.1036479.peg.974,0.866134661436081,0.006212844751973492,Very Low,Very Low,Very Low–Very Low,,,0,no STRING match,no STRING match,2273,2270,15,6
3061,fig|6666666.1036479.peg.2526,fig|6666666.1036479.peg.979,0.866134661436081,0.006214875093395705,Very Low,Very Low,Very Low–Very Low,,,0,no STRING match,no STRING match,2273,2270,15,6
3062,fig|6666666.1036479.peg.2526,fig|6666666.1036479.peg.2491,0.866134661436081,0.006216905434817919,Very Low,Very Low,Very Low–Very Low,,,0,no STRING match,no STRING match,2273,2270,15,6
3063,fig|6666666.1036479.peg.2530,fig|6666666.1036479.peg.974,0.866134661436081,0.006218935776240132,Very Low,Very Low,Very Low–Very Low,,,0,no STRING match,no STRING match,2273,2270,15,6
3064,fig|6666666.1036479.peg.2530,fig|6666666.1036479.peg.979,0.866134661436081,0.0062209661176623465,Very Low,Very Low,Very Low–Very Low,,,0,no STRING match,no STRING match,2273,2270,15,6
3065,fig|6666666.1036479.peg.2530,fig|6666666.1036479.peg.2491,0.866134661436081,0.00622299645908456,Very Low,Very Low,Very Low–Very Low,,,0,no STRING match,no STRING match,2273,2270,15,6
3066,fig|6666666.1036479.peg.2534,fig|6666666.1036479.peg.974,0.866134661436081,0.0062250268005067735,Very Low,Very Low,Very Low–Very Low,,,0,no STRING match,no STRING match,2273,2270,15,6
3067,fig|6666666.1036479.peg.2534,fig|6666666.1036479.peg.979,0.866134661436081,0.006227057141928987,Very Low,Very Low,Very Low–Very Low,,,0,no STRING match,no STRING match,2273,2270,15,6
3068,fig|6666666.1036479.peg.2534,fig|6666666.1036479.peg.2491,0.866134661436081,0.0062290874833512005,Very Low,Very Low,Very Low–Very Low,,,0,no STRING match,no STRING match,2273,2270,15,6
3069,fig|6666666.1036479.peg.3173,fig|6666666.1036479.peg.974,0.866134661436081,0.006231117824773414,Very Low,Very Low,Very Low–Very Low,,,0,no STRING match,no STRING match,2273,2270,15,6
3070,fig|6666666.1036479.peg.3173,fig|6666666.1036479.peg.979,0.866134661436081,0.0062331481661956276,Very Low,Very Low,Very Low–Very Low,,,0,no STRING match,no STRING match,2273,2270,15,6
3071,fig|6666666.1036479.peg.3173,fig|6666666.1036479.peg.2491,0.866134661436081,0.006235178507617841,Very Low,Very Low,Very Low–Very Low,,,0,no STRING match,no STRING match,2273,2270,15,6
3072,fig|6666666.1036479.peg.971,fig|6666666.1036479.peg.974,0.866134661436081,0.006237208849040055,Very Low,Very Low,Very Low–Very Low,,,0,no STRING match,no STRING match,2273,2270,15,6
3073,fig|6666666.1036479.peg.971,fig|6666666.1036479.peg.979,0.866134661436081,0.006239239190462268,Very Low,Very Low,Very Low–Very Low,,,0,no STRING match,no STRING match,2273,2270,15,6
3074,fig|6666666.1036479.peg.971,fig|6666666.1036479.peg.2491,0.866134661436081,0.006241269531884482,Very Low,Very Low,Very Low–Very Low,,,0,no STRING match,no STRING match,2273,2270,15,6
3075,fig|6666666.1036479.peg.974,fig|6666666.1036479.peg.976,0.866134661436081,0.006243299873306695,Very Low,Very Low,Very Low–Very Low,,,0,no STRING match,no STRING match,2270,2273,6,15
3076,fig|6666666.1036479.peg.974,fig|6666666.1036479.peg.981,0.866134661436081,0.006245330214728909,Very Low,Very Low,Very Low–Very Low,,,0,no STRING match,no STRING match,2270,2273,6,15
3077,fig|6666666.1036479.peg.974,fig|6666666.1036479.peg.985,0.866134661436081,0.006247360556151122,Very Low,Very Low,Very Low–Very Low,,,0,no STRING match,no STRING match,2270,2273,6,15
3078,fig|6666666.1036479.peg.974,fig|6666666.1036479.peg.989,0.866134661436081,0.006249390897573336,Very Low,Very Low,Very Low–Very Low,,,0,no STRING match,no STRING match,2270,2273,6,15
3079,fig|6666666.1036479.peg.974,fig|6666666.1036479.peg.2489,0.866134661436081,0.006251421238995549,Very Low,Very Low,Very Low–Very Low,,,0,no STRING match,no STRING match,2270,2273,6,15
3080,fig|6666666.1036479.peg.974,fig|6666666.1036479.peg.2494,0.866134661436081,0.0062534515804177635,Very Low,Very Low,Very Low–Very Low,,,0,no STRING match,no STRING match,2270,2273,6,15
3081,fig|6666666.1036479.peg.974,fig|6666666.1036479.peg.2498,0.866134661436081,0.006255481921839977,Very Low,Very Low,Very Low–Very Low,,,0,no STRING match,no STRING match,2270,2273,6,15
3082,fig|6666666.1036479.peg.976,fig|6666666.1036479.peg.979,0.866134661436081,0.0062575122632621905,Very Low,Very Low,Very Low–Very Low,,,0,no STRING match,no STRING match,2273,2270,15,6
3083,fig|6666666.1036479.peg.976,fig|6666666.1036479.peg.2491,0.866134661436081,0.006259542604684404,Very Low,Very Low,Very Low–Very Low,,,0,no STRING match,no STRING match,2273,2270,15,6
3084,fig|6666666.1036479.peg.979,fig|6666666.1036479.peg.981,0.866134661436081,0.0062615729461066175,Very Low,Very Low,Very Low–Very Low,,,0,no STRING match,no STRING match,2270,2273,6,15
3085,fig|6666666.1036479.peg.979,fig|6666666.1036479.peg.985,0.866134661436081,0.006263603287528831,Very Low,Very Low,Very Low–Very Low,,,0,no STRING match,no STRING match,2270,2273,6,15
3086,fig|6666666.1036479.peg.979,fig|6666666.1036479.peg.989,0.866134661436081,0.0062656336289510445,Very Low,Very Low,Very Low–Very Low,,,0,no STRING match,no STRING match,2270,2273,6,15
3087,fig|6666666.1036479.peg.979,fig|6666666.1036479.peg.2489,0.866134661436081,0.006267663970373258,Very Low,Very Low,Very Low–Very Low,,,0,no STRING match,no STRING match,2270,2273,6,15
3088,fig|6666666.1036479.peg.979,fig|6666666.1036479.peg.2494,0.866134661436081,0.0062696943117954715,Very Low,Very Low,Very Low–Very Low,,,0,no STRING match,no STRING match,2270,2273,6,15
3089,fig|6666666.1036479.peg.979,fig|6666666.1036479.peg.2498,0.866134661436081,0.006271724653217685,Very Low,Very Low,Very Low–Very Low,,,0,no STRING match,no STRING match,2270,2273,6,15
3090,fig|6666666.1036479.peg.981,fig|6666666.1036479.peg.2491,0.866134661436081,0.0062737549946398985,Very Low,Very Low,Very Low–Very Low,,,0,no STRING match,no STRING match,2273,2270,15,6
3091,fig|6666666.1036479.peg.985,fig|6666666.1036479.peg.2491,0.866134661436081,0.006275785336062112,Very Low,Very Low,Very Low–Very Low,,,0,no STRING match,no STRING match,2273,2270,15,6
3092,fig|6666666.1036479.peg.989,fig|6666666.1036479.peg.2491,0.866134661436081,0.0062778156774843255,Very Low,Very Low,Very Low–Very Low,,,0,no STRING match,no STRING match,2273,2270,15,6
3093,fig|6666666.1036479.peg.2489,fig|6666666.1036479.peg.2491,0.866134661436081,0.006279846018906539,Very Low,Very Low,Very Low–Very Low,,,0,no STRING match,no STRING match,2273,2270,15,6
3094,fig|6666666.1036479.peg.2491,fig|6666666.1036479.peg.2494,0.866134661436081,0.0062818763603287526,Very Low,Very Low,Very Low–Very Low,,,0,no STRING match,no STRING match,2270,2273,6,15
3095,fig|6666666.1036479.peg.2491,fig|6666666.1036479.peg.2498,0.866134661436081,0.006283906701750966,Very Low,Very Low,Very Low–Very Low,,,0,no STRING match,no STRING match,2270,2273,6,15
3096,fig|6666666.1036479.peg.2929,fig|6666666.1036479.peg.942,0.8661252140998841,0.00628593704317318,Very Low,Very Low,Very Low–Very Low,Hypothetical protein.,,0,secondary STRING hit (STRING protein assigned to a better match),no STRING match,2404,2691,1,1
3097,fig|6666666.1036479.peg.2843,fig|6666666.1036479.peg.3191,0.8661195516586304,0.006287967384595394,Very Low,Medium,Very Low–Medium,,,0,no STRING match,no STRING match,2370,2464,1,1
3098,fig|6666666.1036479.peg.1567,fig|6666666.1036479.peg.1947,0.8660769104957581,0.0062899977260176074,Low,Medium,Low–Medium,,,0,no STRING match,no STRING match,2839,2930,1,1
3099,fig|6666666.1036479.peg.2504,fig|6666666.1036479.peg.3077,0.8660552561283111,0.006292028067439821,Very Low,Medium,Very Low–Medium,,,0,no STRING match,no STRING match,2268,2440,1,1
3100,fig|6666666.1036479.peg.3231,fig|6666666.1036479.peg.720,0.8660539090633392,0.0062940584088620345,Very Low,High,Very Low–High,,,0,no STRING match,no STRING match,2482,2631,2,1
3101,fig|6666666.1036479.peg.147,fig|6666666.1036479.peg.720,0.8660539090633392,0.006296088750284248,Very Low,High,Very Low–High,,,0,no STRING match,no STRING match,2482,2631,2,1
3102,fig|6666666.1036479.peg.861,fig|6666666.1036479.peg.2289,0.8660366952419281,0.0062981190917064615,High,Very Low,Very Low–High,,,0,no STRING match,no STRING match,2665,3006,1,1
3103,fig|6666666.1036479.peg.1565,fig|6666666.1036479.peg.1966,0.8660224735736847,0.006300149433128675,Very Low,Very Low,Very Low–Very Low,,,0,no STRING match,no STRING match,2837,2946,1,1
3104,fig|6666666.1036479.peg.471,fig|6666666.1036479.peg.881,0.8660098493099213,0.0063021797745508885,Low,High,Low–High,,,0,no STRING match,no STRING match,2593,2674,1,1
3105,fig|6666666.1036479.peg.887,fig|6666666.1036479.peg.1308,0.8660076498985291,0.006304210115973102,Medium,Medium,Medium–Medium,,,0,no STRING match,no STRING match,2680,2764,1,1
3106,fig|6666666.1036479.peg.370,fig|6666666.1036479.peg.1082,0.8660069823265075,0.0063062404573953155,High,Medium,Medium–High,,,0,no STRING match,no STRING match,2579,2714,1,1
3107,fig|6666666.1036479.peg.2672,fig|6666666.1036479.peg.1074,0.865986567735672,0.006308270798817529,Medium,High,Medium–High,,,0,no STRING match,no STRING match,2341,2706,1,1
3108,fig|6666666.1036479.peg.1289,fig|6666666.1036479.peg.1494,0.8659519731998444,0.0063103011402397425,Very Low,Very Low,Very Low–Very Low,,,0,no STRING match,no STRING match,2762,2824,1,1
3109,fig|6666666.1036479.peg.2918,fig|6666666.1036479.peg.1947,0.8659502387046814,0.006312331481661956,Very Low,Medium,Very Low–Medium,,,0,no STRING match,no STRING match,2396,2930,1,1
3110,fig|6666666.1036479.peg.2960,fig|6666666.1036479.peg.2092,0.8659473121166229,0.0063143618230841695,Low,Medium,Low–Medium,,,0,no STRING match,no STRING match,2412,2954,1,1
3111,fig|6666666.1036479.peg.411,fig|6666666.1036479.peg.2327,0.8659356713294983,0.006316392164506383,Low,Medium,Low–Medium,Hypothetical protein.,,0,secondary STRING hit (STRING protein assigned to a better match),no STRING match,2585,3016,1,1
3112,fig|6666666.1036479.peg.312,fig|6666666.1036479.peg.861,0.8659288048744201,0.006318422505928597,Medium,High,Medium–High,,,0,no STRING match,no STRING match,2570,2665,1,1
3113,fig|6666666.1036479.peg.2891,fig|6666666.1036479.peg.2948,0.8658979892730713,0.006320452847350811,Medium,High,Medium–High,,,0,no STRING match,no STRING match,2390,2410,1,1
3114,fig|6666666.1036479.peg.3008,fig|6666666.1036479.peg.3222,0.8658947229385376,0.006322483188773024,Medium,Medium,Medium–Medium,,,0,no STRING match,no STRING match,2423,2473,1,2
3115,fig|6666666.1036479.peg.3008,fig|6666666.1036479.peg.138,0.8658947229385376,0.006324513530195238,Medium,Medium,Medium–Medium,,,0,no STRING match,no STRING match,2423,2473,1,2
3116,fig|6666666.1036479.peg.732,fig|6666666.1036479.peg.861,0.8658587336540222,0.006326543871617451,Medium,High,Medium–High,,,0,no STRING match,no STRING match,2643,2665,1,1
3117,fig|6666666.1036479.peg.2839,fig|6666666.1036479.peg.370,0.8658511400222778,0.006328574213039665,Very Low,High,Very Low–High,,,0,no STRING match,no STRING match,2368,2579,1,1
3118,fig|6666666.1036479.peg.2761,fig|6666666.1036479.peg.2948,0.8658456385135651,0.006330604554461878,Low,High,Low–High,,,0,no STRING match,no STRING match,2352,2410,1,1
3119,fig|6666666.1036479.peg.2809,fig|6666666.1036479.peg.2988,0.8658238828182221,0.006332634895884092,Very Low,Medium,Very Low–Medium,,Hypothetical protein.,0,no STRING match,secondary STRING hit (STRING protein assigned to a better match),2357,2416,1,1
3120,fig|6666666.1036479.peg.1080,fig|6666666.1036479.peg.2467,0.8658221185207366,0.006334665237306305,High,Low,Low–High,,,0,no STRING match,no STRING match,2712,3041,1,1
3121,fig|6666666.1036479.peg.2520,fig|6666666.1036479.peg.1947,0.8657938599586487,0.006336695578728519,Very Low,Medium,Very Low–Medium,,,0,no STRING match,no STRING match,2280,2930,1,1
3122,fig|6666666.1036479.peg.3010,fig|6666666.1036479.peg.1657,0.8657659471035004,0.006338725920150732,Low,Medium,Low–Medium,,,0,no STRING match,no STRING match,2425,2883,1,1
3123,fig|6666666.1036479.peg.2948,fig|6666666.1036479.peg.1567,0.8657532870769501,0.006340756261572946,High,Low,Low–High,,,0,no STRING match,no STRING match,2410,2839,1,1
3124,fig|6666666.1036479.peg.2541,fig|6666666.1036479.peg.2672,0.8657465398311615,0.0063427866029951594,Very Low,Medium,Very Low–Medium,,,0,no STRING match,no STRING match,2291,2341,1,1
3125,fig|6666666.1036479.peg.2547,fig|6666666.1036479.peg.725,0.8657315731048584,0.006344816944417373,Medium,Very Low,Very Low–Medium,,,0,no STRING match,no STRING match,2297,2636,1,1
3126,fig|6666666.1036479.peg.573,fig|6666666.1036479.peg.1706,0.8657206058502197,0.0063468472858395865,Very Low,Very Low,Very Low–Very Low,Hypothetical protein.,,0,secondary STRING hit (STRING protein assigned to a better match),no STRING match,2601,2886,1,1
3127,fig|6666666.1036479.peg.2535,fig|6666666.1036479.peg.3231,0.8656762897968292,0.0063488776272618,Very Low,Very Low,Very Low–Very Low,,,0,no STRING match,no STRING match,2285,2482,1,2
3128,fig|6666666.1036479.peg.2535,fig|6666666.1036479.peg.147,0.8656762897968292,0.006350907968684014,Very Low,Very Low,Very Low–Very Low,,,0,no STRING match,no STRING match,2285,2482,1,2
3129,fig|6666666.1036479.peg.2510,fig|6666666.1036479.peg.1289,0.8656755566596985,0.006352938310106228,Very Low,Very Low,Very Low–Very Low,,,0,no STRING match,no STRING match,2274,2762,12,1
3130,fig|6666666.1036479.peg.2527,fig|6666666.1036479.peg.1289,0.8656755566596985,0.006354968651528441,Very Low,Very Low,Very Low–Very Low,,,0,no STRING match,no STRING match,2274,2762,12,1
3131,fig|6666666.1036479.peg.2531,fig|6666666.1036479.peg.1289,0.8656755566596985,0.006356998992950655,Very Low,Very Low,Very Low–Very Low,,,0,no STRING match,no STRING match,2274,2762,12,1
3132,fig|6666666.1036479.peg.3174,fig|6666666.1036479.peg.1289,0.8656755566596985,0.006359029334372868,Very Low,Very Low,Very Low–Very Low,,,0,no STRING match,no STRING match,2274,2762,12,1
3133,fig|6666666.1036479.peg.970,fig|6666666.1036479.peg.1289,0.8656755566596985,0.006361059675795082,Very Low,Very Low,Very Low–Very Low,,,0,no STRING match,no STRING match,2274,2762,12,1
3134,fig|6666666.1036479.peg.975,fig|6666666.1036479.peg.1289,0.8656755566596985,0.006363090017217295,Very Low,Very Low,Very Low–Very Low,,,0,no STRING match,no STRING match,2274,2762,12,1
3135,fig|6666666.1036479.peg.980,fig|6666666.1036479.peg.1289,0.8656755566596985,0.006365120358639509,Very Low,Very Low,Very Low–Very Low,,,0,no STRING match,no STRING match,2274,2762,12,1
3136,fig|6666666.1036479.peg.984,fig|6666666.1036479.peg.1289,0.8656755566596985,0.006367150700061722,Very Low,Very Low,Very Low–Very Low,,,0,no STRING match,no STRING match,2274,2762,12,1
3137,fig|6666666.1036479.peg.988,fig|6666666.1036479.peg.1289,0.8656755566596985,0.006369181041483936,Very Low,Very Low,Very Low–Very Low,,,0,no STRING match,no STRING match,2274,2762,12,1
3138,fig|6666666.1036479.peg.1289,fig|6666666.1036479.peg.2490,0.8656755566596985,0.006371211382906149,Very Low,Very Low,Very Low–Very Low,,,0,no STRING match,no STRING match,2762,2274,1,12
3139,fig|6666666.1036479.peg.1289,fig|6666666.1036479.peg.2495,0.8656755566596985,0.006373241724328363,Very Low,Very Low,Very Low–Very Low,,,0,no STRING match,no STRING match,2762,2274,1,12
3140,fig|6666666.1036479.peg.1289,fig|6666666.1036479.peg.2499,0.8656755566596985,0.006375272065750576,Very Low,Very Low,Very Low–Very Low,,,0,no STRING match,no STRING match,2762,2274,1,12
3141,fig|6666666.1036479.peg.2672,fig|6666666.1036479.peg.2384,0.8656635344028473,0.00637730240717279,Medium,Medium,Medium–Medium,,,0,no STRING match,no STRING match,2341,3025,1,1
3142,fig|6666666.1036479.peg.2924,fig|6666666.1036479.peg.2988,0.8656582534313202,0.006379332748595003,Very Low,Medium,Very Low–Medium,,Hypothetical protein.,0,no STRING match,secondary STRING hit (STRING protein assigned to a better match),2401,2416,1,1
3143,fig|6666666.1036479.peg.724,fig|6666666.1036479.peg.1289,0.8656523108482361,0.006381363090017217,Medium,Very Low,Very Low–Medium,,,0,no STRING match,no STRING match,2635,2762,1,1
3144,fig|6666666.1036479.peg.2672,fig|6666666.1036479.peg.426,0.8656376779079438,0.006383393431439431,Medium,Very Low,Very Low–Medium,,,0,no STRING match,no STRING match,2341,2588,1,1
3145,fig|6666666.1036479.peg.2556,fig|6666666.1036479.peg.2672,0.8656282842159271,0.006385423772861645,High,Medium,Medium–High,,,0,no STRING match,no STRING match,2306,2341,2,1
3146,fig|6666666.1036479.peg.2564,fig|6666666.1036479.peg.2672,0.8656282842159271,0.006387454114283858,High,Medium,Medium–High,,,0,no STRING match,no STRING match,2306,2341,2,1
3147,fig|6666666.1036479.peg.2548,fig|6666666.1036479.peg.732,0.8656170725822449,0.006389484455706072,High,Medium,Medium–High,,,0,no STRING match,no STRING match,2298,2643,1,1
3148,fig|6666666.1036479.peg.736,fig|6666666.1036479.peg.1300,0.8656026065349579,0.006391514797128285,Very Low,Low,Very Low–Low,,,0,no STRING match,no STRING match,2647,2763,1,1
3149,fig|6666666.1036479.peg.2920,fig|6666666.1036479.peg.36,0.8656006932258606,0.006393545138550499,Very Low,Medium,Very Low–Medium,,,0,no STRING match,no STRING match,2397,2524,1,2
3150,fig|6666666.1036479.peg.2920,fig|6666666.1036479.peg.184,0.8656006932258606,0.006395575479972712,Very Low,Medium,Very Low–Medium,,,0,no STRING match,no STRING match,2397,2524,1,2
3151,fig|6666666.1036479.peg.2784,fig|6666666.1036479.peg.411,0.8655815124511719,0.006397605821394926,Very Low,Low,Very Low–Low,,Hypothetical protein.,0,no STRING match,secondary STRING hit (STRING protein assigned to a better match),2355,2585,1,1
3152,fig|6666666.1036479.peg.2506,fig|6666666.1036479.peg.1416,0.8655438244342804,0.006399636162817139,Very Low,Medium,Very Low–Medium,,,0,no STRING match,no STRING match,2270,2817,6,1
3153,fig|6666666.1036479.peg.2516,fig|6666666.1036479.peg.1416,0.8655438244342804,0.006401666504239353,Very Low,Medium,Very Low–Medium,,,0,no STRING match,no STRING match,2270,2817,6,1
3154,fig|6666666.1036479.peg.2522,fig|6666666.1036479.peg.1416,0.8655438244342804,0.006403696845661566,Very Low,Medium,Very Low–Medium,,,0,no STRING match,no STRING match,2270,2817,6,1
3155,fig|6666666.1036479.peg.974,fig|6666666.1036479.peg.1416,0.8655438244342804,0.00640572718708378,Very Low,Medium,Very Low–Medium,,,0,no STRING match,no STRING match,2270,2817,6,1
3156,fig|6666666.1036479.peg.979,fig|6666666.1036479.peg.1416,0.8655438244342804,0.006407757528505993,Very Low,Medium,Very Low–Medium,,,0,no STRING match,no STRING match,2270,2817,6,1
3157,fig|6666666.1036479.peg.1416,fig|6666666.1036479.peg.2491,0.8655438244342804,0.006409787869928207,Medium,Very Low,Very Low–Medium,,,0,no STRING match,no STRING match,2817,2270,1,6
3158,fig|6666666.1036479.peg.2948,fig|6666666.1036479.peg.3142,0.865538376569748,0.00641181821135042,High,Low,Low–High,,,0,no STRING match,no STRING match,2410,2448,1,1
3159,fig|6666666.1036479.peg.2672,fig|6666666.1036479.peg.31,0.8655320823192596,0.006413848552772634,Medium,Very Low,Very Low–Medium,,,0,no STRING match,no STRING match,2341,2519,1,2
3160,fig|6666666.1036479.peg.2672,fig|6666666.1036479.peg.179,0.8655320823192596,0.006415878894194848,Medium,Very Low,Very Low–Medium,,,0,no STRING match,no STRING match,2341,2519,1,2
3161,fig|6666666.1036479.peg.2523,fig|6666666.1036479.peg.1494,0.8655105113983155,0.006417909235617062,Low,Very Low,Very Low–Low,,,0,no STRING match,no STRING match,2282,2824,1,1
3162,fig|6666666.1036479.peg.2948,fig|6666666.1036479.peg.885,0.8655030369758606,0.006419939577039275,High,Medium,Medium–High,,,0,no STRING match,no STRING match,2410,2678,1,1
3163,fig|6666666.1036479.peg.2545,fig|6666666.1036479.peg.370,0.8654828369617462,0.006421969918461489,Very Low,High,Very Low–High,,,0,no STRING match,no STRING match,2295,2579,7,1
3164,fig|6666666.1036479.peg.2567,fig|6666666.1036479.peg.370,0.8654828369617462,0.006424000259883702,Very Low,High,Very Low–High,,,0,no STRING match,no STRING match,2295,2579,7,1
3165,fig|6666666.1036479.peg.370,fig|6666666.1036479.peg.1573,0.8654828369617462,0.006426030601305916,High,Very Low,Very Low–High,,,0,no STRING match,no STRING match,2579,2295,1,7
3166,fig|6666666.1036479.peg.370,fig|6666666.1036479.peg.1586,0.8654828369617462,0.006428060942728129,High,Very Low,Very Low–High,,,0,no STRING match,no STRING match,2579,2295,1,7
3167,fig|6666666.1036479.peg.370,fig|6666666.1036479.peg.1597,0.8654828369617462,0.006430091284150343,High,Very Low,Very Low–High,,,0,no STRING match,no STRING match,2579,2295,1,7
3168,fig|6666666.1036479.peg.370,fig|6666666.1036479.peg.1619,0.8654828369617462,0.006432121625572556,High,Very Low,Very Low–High,,,0,no STRING match,no STRING match,2579,2295,1,7
3169,fig|6666666.1036479.peg.370,fig|6666666.1036479.peg.1643,0.8654828369617462,0.00643415196699477,High,Very Low,Very Low–High,,,0,no STRING match,no STRING match,2579,2295,1,7
3170,fig|6666666.1036479.peg.2514,fig|6666666.1036479.peg.866,0.8654790818691254,0.006436182308416983,Very Low,High,Very Low–High,,,0,no STRING match,no STRING match,2277,2667,1,1
3171,fig|6666666.1036479.peg.2524,fig|6666666.1036479.peg.2532,0.8654775440692901,0.006438212649839197,Low,Low,Low–Low,,,0,no STRING match,no STRING match,2283,2284,1,4
3172,fig|6666666.1036479.peg.2524,fig|6666666.1036479.peg.3171,0.8654775440692901,0.00644024299126141,Low,Low,Low–Low,,,0,no STRING match,no STRING match,2283,2284,1,4
3173,fig|6666666.1036479.peg.2524,fig|6666666.1036479.peg.987,0.8654775440692901,0.006442273332683624,Low,Low,Low–Low,,,0,no STRING match,no STRING match,2283,2284,1,4
3174,fig|6666666.1036479.peg.2524,fig|6666666.1036479.peg.2492,0.8654775440692901,0.006444303674105837,Low,Low,Low–Low,,,0,no STRING match,no STRING match,2283,2284,1,4
3175,fig|6666666.1036479.peg.3231,fig|6666666.1036479.peg.740,0.8654737293720245,0.006446334015528051,Very Low,Very Low,Very Low–Very Low,,,0,no STRING match,no STRING match,2482,2651,2,1
3176,fig|6666666.1036479.peg.147,fig|6666666.1036479.peg.740,0.8654737293720245,0.006448364356950265,Very Low,Very Low,Very Low–Very Low,,,0,no STRING match,no STRING match,2482,2651,2,1
3177,fig|6666666.1036479.peg.3017,fig|6666666.1036479.peg.3142,0.8654732465744018,0.006450394698372479,Medium,Low,Low–Medium,,,0,no STRING match,no STRING match,2430,2448,1,1
3178,fig|6666666.1036479.peg.3010,fig|6666666.1036479.peg.2092,0.8654724299907685,0.006452425039794692,Low,Medium,Low–Medium,,,0,no STRING match,no STRING match,2425,2954,1,1
3179,fig|6666666.1036479.peg.2855,fig|6666666.1036479.peg.881,0.8654671311378479,0.006454455381216906,Very Low,High,Very Low–High,,,0,no STRING match,no STRING match,2374,2674,1,1
3180,fig|6666666.1036479.peg.411,fig|6666666.1036479.peg.887,0.8654583513736724,0.006456485722639119,Low,Medium,Low–Medium,Hypothetical protein.,,0,secondary STRING hit (STRING protein assigned to a better match),no STRING match,2585,2680,1,1
3181,fig|6666666.1036479.peg.2920,fig|6666666.1036479.peg.889,0.8654500186443329,0.006458516064061333,Very Low,Low,Very Low–Low,,,0,no STRING match,no STRING match,2397,2682,1,1
3182,fig|6666666.1036479.peg.573,fig|6666666.1036479.peg.1943,0.8654227912425995,0.006460546405483546,Very Low,Medium,Very Low–Medium,Hypothetical protein.,COG3103 SH3 domain protein.,0,secondary STRING hit (STRING protein assigned to a better match),secondary STRING hit (STRING protein assigned to a better match),2601,2926,1,1
3183,fig|6666666.1036479.peg.2509,fig|6666666.1036479.peg.2679,0.8654096066951752,0.00646257674690576,Very Low,Medium,Very Low–Medium,,,0,no STRING match,no STRING match,2273,2342,15,1
3184,fig|6666666.1036479.peg.2513,fig|6666666.1036479.peg.2679,0.8654096066951752,0.006464607088327973,Very Low,Medium,Very Low–Medium,,,0,no STRING match,no STRING match,2273,2342,15,1
3185,fig|6666666.1036479.peg.2519,fig|6666666.1036479.peg.2679,0.8654096066951752,0.006466637429750187,Very Low,Medium,Very Low–Medium,,,0,no STRING match,no STRING match,2273,2342,15,1
3186,fig|6666666.1036479.peg.2526,fig|6666666.1036479.peg.2679,0.8654096066951752,0.0064686677711724,Very Low,Medium,Very Low–Medium,,,0,no STRING match,no STRING match,2273,2342,15,1
3187,fig|6666666.1036479.peg.2530,fig|6666666.1036479.peg.2679,0.8654096066951752,0.006470698112594614,Very Low,Medium,Very Low–Medium,,,0,no STRING match,no STRING match,2273,2342,15,1
3188,fig|6666666.1036479.peg.2534,fig|6666666.1036479.peg.2679,0.8654096066951752,0.006472728454016827,Very Low,Medium,Very Low–Medium,,,0,no STRING match,no STRING match,2273,2342,15,1
3189,fig|6666666.1036479.peg.2679,fig|6666666.1036479.peg.3173,0.8654096066951752,0.006474758795439041,Medium,Very Low,Very Low–Medium,,,0,no STRING match,no STRING match,2342,2273,1,15
3190,fig|6666666.1036479.peg.2679,fig|6666666.1036479.peg.971,0.8654096066951752,0.006476789136861254,Medium,Very Low,Very Low–Medium,,,0,no STRING match,no STRING match,2342,2273,1,15
3191,fig|6666666.1036479.peg.2679,fig|6666666.1036479.peg.976,0.8654096066951752,0.006478819478283468,Medium,Very Low,Very Low–Medium,,,0,no STRING match,no STRING match,2342,2273,1,15
3192,fig|6666666.1036479.peg.2679,fig|6666666.1036479.peg.981,0.8654096066951752,0.006480849819705682,Medium,Very Low,Very Low–Medium,,,0,no STRING match,no STRING match,2342,2273,1,15
3193,fig|6666666.1036479.peg.2679,fig|6666666.1036479.peg.985,0.8654096066951752,0.006482880161127896,Medium,Very Low,Very Low–Medium,,,0,no STRING match,no STRING match,2342,2273,1,15
3194,fig|6666666.1036479.peg.2679,fig|6666666.1036479.peg.989,0.8654096066951752,0.006484910502550109,Medium,Very Low,Very Low–Medium,,,0,no STRING match,no STRING match,2342,2273,1,15
3195,fig|6666666.1036479.peg.2679,fig|6666666.1036479.peg.2489,0.8654096066951752,0.006486940843972323,Medium,Very Low,Very Low–Medium,,,0,no STRING match,no STRING match,2342,2273,1,15
3196,fig|6666666.1036479.peg.2679,fig|6666666.1036479.peg.2494,0.8654096066951752,0.006488971185394536,Medium,Very Low,Very Low–Medium,,,0,no STRING match,no STRING match,2342,2273,1,15
3197,fig|6666666.1036479.peg.2679,fig|6666666.1036479.peg.2498,0.8654096066951752,0.00649100152681675,Medium,Very Low,Very Low–Medium,,,0,no STRING match,no STRING match,2342,2273,1,15
3198,fig|6666666.1036479.peg.3231,fig|6666666.1036479.peg.1339,0.8653958082199097,0.006493031868238963,Very Low,Very Low,Very Low–Very Low,,,0,no STRING match,no STRING match,2482,2779,2,1
3199,fig|6666666.1036479.peg.147,fig|6666666.1036479.peg.1339,0.8653958082199097,0.006495062209661177,Very Low,Very Low,Very Low–Very Low,,,0,no STRING match,no STRING match,2482,2779,2,1
3200,fig|6666666.1036479.peg.1,fig|6666666.1036479.peg.38,0.8653700590133667,0.00649709255108339,Very Low,Low,Very Low–Low,,,0,no STRING match,no STRING match,2509,2526,1,2
3201,fig|6666666.1036479.peg.1,fig|6666666.1036479.peg.186,0.8653700590133667,0.006499122892505604,Very Low,Low,Very Low–Low,,,0,no STRING match,no STRING match,2509,2526,1,2
3202,fig|6666666.1036479.peg.3222,fig|6666666.1036479.peg.2455,0.8653687357902526,0.006501153233927817,Medium,Medium,Medium–Medium,,,0,no STRING match,no STRING match,2473,3038,2,1
3203,fig|6666666.1036479.peg.138,fig|6666666.1036479.peg.2455,0.8653687357902526,0.006503183575350031,Medium,Medium,Medium–Medium,,,0,no STRING match,no STRING match,2473,3038,2,1
3204,fig|6666666.1036479.peg.3188,fig|6666666.1036479.peg.2436,0.8653071761131287,0.006505213916772244,Medium,Medium,Medium–Medium,,,0,no STRING match,no STRING match,2461,3033,1,1
3205,fig|6666666.1036479.peg.40,fig|6666666.1036479.peg.411,0.8653007686138153,0.006507244258194458,Very Low,Low,Very Low–Low,,Hypothetical protein.,0,no STRING match,secondary STRING hit (STRING protein assigned to a better match),2528,2585,2,1
3206,fig|6666666.1036479.peg.188,fig|6666666.1036479.peg.411,0.8653007686138153,0.006509274599616671,Very Low,Low,Very Low–Low,,Hypothetical protein.,0,no STRING match,secondary STRING hit (STRING protein assigned to a better match),2528,2585,2,1
3207,fig|6666666.1036479.peg.3019,fig|6666666.1036479.peg.1353,0.865290492773056,0.006511304941038885,Very Low,Very Low,Very Low–Very Low,,,0,no STRING match,no STRING match,2432,2790,1,1
3208,fig|6666666.1036479.peg.2539,fig|6666666.1036479.peg.2920,0.8652867496013641,0.006513335282461099,Low,Very Low,Very Low–Low,,,0,no STRING match,no STRING match,2289,2397,1,1
3209,fig|6666666.1036479.peg.2761,fig|6666666.1036479.peg.573,0.8652654528617859,0.006515365623883313,Low,Very Low,Very Low–Low,,Hypothetical protein.,0,no STRING match,secondary STRING hit (STRING protein assigned to a better match),2352,2601,1,1
3210,fig|6666666.1036479.peg.2532,fig|6666666.1036479.peg.2679,0.8652395784854889,0.006517395965305526,Low,Medium,Low–Medium,,,0,no STRING match,no STRING match,2284,2342,4,1
3211,fig|6666666.1036479.peg.2679,fig|6666666.1036479.peg.3171,0.8652395784854889,0.00651942630672774,Medium,Low,Low–Medium,,,0,no STRING match,no STRING match,2342,2284,1,4
3212,fig|6666666.1036479.peg.2679,fig|6666666.1036479.peg.987,0.8652395784854889,0.006521456648149953,Medium,Low,Low–Medium,,,0,no STRING match,no STRING match,2342,2284,1,4
3213,fig|6666666.1036479.peg.2679,fig|6666666.1036479.peg.2492,0.8652395784854889,0.006523486989572167,Medium,Low,Low–Medium,,,0,no STRING match,no STRING match,2342,2284,1,4
3214,fig|6666666.1036479.peg.2918,fig|6666666.1036479.peg.2987,0.8652045369148255,0.00652551733099438,Very Low,Very Low,Very Low–Very Low,,,0,no STRING match,no STRING match,2396,2415,1,1
3215,fig|6666666.1036479.peg.2918,fig|6666666.1036479.peg.1339,0.8652021527290344,0.006527547672416594,Very Low,Very Low,Very Low–Very Low,,,0,no STRING match,no STRING match,2396,2779,1,1
3216,fig|6666666.1036479.peg.2548,fig|6666666.1036479.peg.3005,0.865200537443161,0.006529578013838807,High,Medium,Medium–High,,,0,no STRING match,no STRING match,2298,2420,1,1
3217,fig|6666666.1036479.peg.2672,fig|6666666.1036479.peg.392,0.8651879072189331,0.006531608355261021,Medium,Very Low,Very Low–Medium,,,0,no STRING match,no STRING match,2341,2581,1,1
3218,fig|6666666.1036479.peg.1300,fig|6666666.1036479.peg.2497,0.8651833236217499,0.006533638696683234,Low,Very Low,Very Low–Low,,,0,no STRING match,no STRING match,2763,3047,1,1
3219,fig|6666666.1036479.peg.2550,fig|6666666.1036479.peg.1116,0.8651751816272736,0.006535669038105448,Very Low,Very Low,Very Low–Very Low,,,0,no STRING match,no STRING match,2300,2732,2,1
3220,fig|6666666.1036479.peg.2558,fig|6666666.1036479.peg.1116,0.8651751816272736,0.006537699379527661,Very Low,Very Low,Very Low–Very Low,,,0,no STRING match,no STRING match,2300,2732,2,1
3221,fig|6666666.1036479.peg.2672,fig|6666666.1036479.peg.817,0.8651733636856079,0.006539729720949875,Medium,Low,Low–Medium,,Phospholipid/glycerol acyltransferase; COG4258 Predicted exporter.,0,no STRING match,secondary STRING hit (STRING protein assigned to a better match),2341,2663,1,1
3222,fig|6666666.1036479.peg.942,fig|6666666.1036479.peg.2092,0.8651727080345154,0.006541760062372088,Very Low,Medium,Very Low–Medium,,,0,no STRING match,no STRING match,2691,2954,1,1
3223,fig|6666666.1036479.peg.2548,fig|6666666.1036479.peg.2158,0.8651633501052857,0.006543790403794302,High,Very Low,Very Low–High,,,0,no STRING match,no STRING match,2298,2979,1,1
3224,fig|6666666.1036479.peg.370,fig|6666666.1036479.peg.1447,0.8651579976081848,0.006545820745216516,High,Low,Low–High,,,0,no STRING match,no STRING match,2579,2821,1,1
3225,fig|6666666.1036479.peg.881,fig|6666666.1036479.peg.1207,0.865154641866684,0.0065478510866387295,High,Low,Low–High,,,0,no STRING match,no STRING match,2674,2750,1,1
3226,fig|6666666.1036479.peg.31,fig|6666666.1036479.peg.861,0.8651401460170746,0.006549881428060943,Very Low,High,Very Low–High,,,0,no STRING match,no STRING match,2519,2665,2,1
3227,fig|6666666.1036479.peg.179,fig|6666666.1036479.peg.861,0.8651401460170746,0.0065519117694831566,Very Low,High,Very Low–High,,,0,no STRING match,no STRING match,2519,2665,2,1
3228,fig|6666666.1036479.peg.3207,fig|6666666.1036479.peg.1410,0.8651256620883941,0.00655394211090537,Medium,Medium,Medium–Medium,,,0,no STRING match,no STRING match,2468,2813,1,1
3229,fig|6666666.1036479.peg.2548,fig|6666666.1036479.peg.453,0.8651022911071777,0.0065559724523275836,High,Very Low,Very Low–High,,,0,no STRING match,no STRING match,2298,2592,1,1
3230,fig|6666666.1036479.peg.2679,fig|6666666.1036479.peg.3223,0.8650997877120972,0.006558002793749797,Medium,High,Medium–High,,,0,no STRING match,no STRING match,2342,2474,1,2
3231,fig|6666666.1036479.peg.2679,fig|6666666.1036479.peg.139,0.8650997877120972,0.006560033135172011,Medium,High,Medium–High,,,0,no STRING match,no STRING match,2342,2474,1,2
3232,fig|6666666.1036479.peg.3078,fig|6666666.1036479.peg.1289,0.8650921821594239,0.006562063476594224,Medium,Very Low,Very Low–Medium,,,0,no STRING match,no STRING match,2441,2762,1,1
3233,fig|6666666.1036479.peg.89,fig|6666666.1036479.peg.652,0.8650893688201904,0.006564093818016438,Very Low,Very Low,Very Low–Very Low,,,0,no STRING match,no STRING match,2542,2615,1,1
3234,fig|6666666.1036479.peg.881,fig|6666666.1036479.peg.2092,0.8650745749473572,0.006566124159438651,High,Medium,Medium–High,,,0,no STRING match,no STRING match,2674,2954,1,1
3235,fig|6666666.1036479.peg.2501,fig|6666666.1036479.peg.2347,0.8650738060474396,0.006568154500860865,High,Low,Low–High,,,0,no STRING match,no STRING match,2265,3018,1,1
3236,fig|6666666.1036479.peg.2572,fig|6666666.1036479.peg.2672,0.8650340139865875,0.006570184842283078,Very Low,Medium,Very Low–Medium,Yd repeat protein; COG3209 Rhs family protein.,,0,secondary STRING hit (STRING protein assigned to a better match),no STRING match,2317,2341,1,1
3237,fig|6666666.1036479.peg.36,fig|6666666.1036479.peg.1289,0.8650322675704956,0.006572215183705292,Medium,Very Low,Very Low–Medium,,,0,no STRING match,no STRING match,2524,2762,2,1
3238,fig|6666666.1036479.peg.184,fig|6666666.1036479.peg.1289,0.8650322675704956,0.006574245525127505,Medium,Very Low,Very Low–Medium,,,0,no STRING match,no STRING match,2524,2762,2,1
3239,fig|6666666.1036479.peg.2969,fig|6666666.1036479.peg.861,0.8650069415569306,0.006576275866549719,Very Low,High,Very Low–High,,,0,no STRING match,no STRING match,2414,2665,1,1
3240,fig|6666666.1036479.peg.370,fig|6666666.1036479.peg.724,0.8649933099746704,0.006578306207971933,High,Medium,Medium–High,,,0,no STRING match,no STRING match,2579,2635,1,1
3241,fig|6666666.1036479.peg.2672,fig|6666666.1036479.peg.551,0.8649893522262573,0.0065803365493941465,Medium,Very Low,Very Low–Medium,,,0,no STRING match,no STRING match,2341,2597,1,1
3242,fig|6666666.1036479.peg.3223,fig|6666666.1036479.peg.139,0.864973920583725,0.00658236689081636,High,High,High–High,,,0,no STRING match,no STRING match,2474,2474,2,2
3243,fig|6666666.1036479.peg.3020,fig|6666666.1036479.peg.1080,0.8649715542793274,0.0065843972322385735,Low,High,Low–High,,,0,no STRING match,no STRING match,2433,2712,1,1
3244,fig|6666666.1036479.peg.2548,fig|6666666.1036479.peg.31,0.8649596393108367,0.006586427573660787,High,Very Low,Very Low–High,,,0,no STRING match,no STRING match,2298,2519,1,2
3245,fig|6666666.1036479.peg.2548,fig|6666666.1036479.peg.179,0.8649596393108367,0.0065884579150830005,High,Very Low,Very Low–High,,,0,no STRING match,no STRING match,2298,2519,1,2
3246,fig|6666666.1036479.peg.2672,fig|6666666.1036479.peg.107,0.8648996770381927,0.006590488256505214,Medium,Very Low,Very Low–Medium,,,0,no STRING match,no STRING match,2341,2544,1,1
3247,fig|6666666.1036479.peg.2672,fig|6666666.1036479.peg.1496,0.864881718158722,0.0065925185979274275,Medium,Very Low,Very Low–Medium,,,0,no STRING match,no STRING match,2341,2826,1,1
3248,fig|6666666.1036479.peg.2920,fig|6666666.1036479.peg.1945,0.8648809969425202,0.006594548939349641,Very Low,Very Low,Very Low–Very Low,,,0,no STRING match,no STRING match,2397,2928,1,1
3249,fig|6666666.1036479.peg.3142,fig|6666666.1036479.peg.89,0.864880520105362,0.0065965792807718545,Low,Very Low,Very Low–Low,,,0,no STRING match,no STRING match,2448,2542,1,1
3250,fig|6666666.1036479.peg.2854,fig|6666666.1036479.peg.370,0.8648793458938598,0.006598609622194068,Low,High,Low–High,,,0,no STRING match,no STRING match,2373,2579,1,1
3251,fig|6666666.1036479.peg.2523,fig|6666666.1036479.peg.89,0.864848005771637,0.0066006399636162815,Low,Very Low,Very Low–Low,,,0,no STRING match,no STRING match,2282,2542,1,1
3252,fig|6666666.1036479.peg.3017,fig|6666666.1036479.peg.1082,0.8648401141166687,0.006602670305038495,Medium,Medium,Medium–Medium,,,0,no STRING match,no STRING match,2430,2714,1,1
3253,fig|6666666.1036479.peg.3207,fig|6666666.1036479.peg.36,0.8648266136646271,0.0066047006464607086,Medium,Medium,Medium–Medium,,,0,no STRING match,no STRING match,2468,2524,1,2
3254,fig|6666666.1036479.peg.3207,fig|6666666.1036479.peg.184,0.8648266136646271,0.006606730987882922,Medium,Medium,Medium–Medium,,,0,no STRING match,no STRING match,2468,2524,1,2
3255,fig|6666666.1036479.peg.2987,fig|6666666.1036479.peg.3017,0.8648095488548279,0.006608761329305136,Very Low,Medium,Very Low–Medium,,,0,no STRING match,no STRING match,2415,2430,1,1
3256,fig|6666666.1036479.peg.2854,fig|6666666.1036479.peg.1289,0.8647889077663422,0.00661079167072735,Low,Very Low,Very Low–Low,,,0,no STRING match,no STRING match,2373,2762,1,1
3257,fig|6666666.1036479.peg.2654,fig|6666666.1036479.peg.2960,0.8647792518138886,0.0066128220121495634,High,Low,Low–High,,,0,no STRING match,no STRING match,2337,2412,1,1
3258,fig|6666666.1036479.peg.2679,fig|6666666.1036479.peg.3020,0.8647765219211578,0.006614852353571777,Medium,Low,Low–Medium,,,0,no STRING match,no STRING match,2342,2433,1,1
3259,fig|6666666.1036479.peg.391,fig|6666666.1036479.peg.2025,0.8647466242313385,0.0066168826949939905,Medium,Very Low,Very Low–Medium,,,0,no STRING match,no STRING match,2580,2950,1,1
3260,fig|6666666.1036479.peg.2960,fig|6666666.1036479.peg.1704,0.8647415339946747,0.006618913036416204,Low,Very Low,Very Low–Low,,,0,no STRING match,no STRING match,2412,2885,1,1
3261,fig|6666666.1036479.peg.2809,fig|6666666.1036479.peg.2948,0.8647322237491608,0.0066209433778384175,Very Low,High,Very Low–High,,,0,no STRING match,no STRING match,2357,2410,1,1
3262,fig|6666666.1036479.peg.2988,fig|6666666.1036479.peg.2327,0.8647295415401459,0.006622973719260631,Medium,Medium,Medium–Medium,Hypothetical protein.,,0,secondary STRING hit (STRING protein assigned to a better match),no STRING match,2416,3016,1,1
3263,fig|6666666.1036479.peg.2571,fig|6666666.1036479.peg.370,0.8646982491016388,0.0066250040606828445,Medium,High,Medium–High,,,0,no STRING match,no STRING match,2316,2579,1,1
3264,fig|6666666.1036479.peg.736,fig|6666666.1036479.peg.866,0.8646951258182526,0.006627034402105058,Very Low,High,Very Low–High,,,0,no STRING match,no STRING match,2647,2667,1,1
3265,fig|6666666.1036479.peg.1308,fig|6666666.1036479.peg.2405,0.8646710515022278,0.0066290647435272715,Medium,Medium,Medium–Medium,,Hypothetical protein; COG0605 Superoxide dismutase.,0,no STRING match,secondary STRING hit (STRING protein assigned to a better match),2764,3029,1,1
3266,fig|6666666.1036479.peg.724,fig|6666666.1036479.peg.2364,0.8646565973758698,0.006631095084949485,Medium,Medium,Medium–Medium,,,0,no STRING match,no STRING match,2635,3022,1,1
3267,fig|6666666.1036479.peg.2920,fig|6666666.1036479.peg.3191,0.8646551489830017,0.0066331254263716985,Very Low,Medium,Very Low–Medium,,,0,no STRING match,no STRING match,2397,2464,1,1
3268,fig|6666666.1036479.peg.2920,fig|6666666.1036479.peg.720,0.8646507024765014,0.006635155767793912,Very Low,High,Very Low–High,,,0,no STRING match,no STRING match,2397,2631,1,1
3269,fig|6666666.1036479.peg.2548,fig|6666666.1036479.peg.1105,0.8646468818187714,0.0066371861092161255,High,Very Low,Very Low–High,,,0,no STRING match,no STRING match,2298,2722,1,1
3270,fig|6666666.1036479.peg.3020,fig|6666666.1036479.peg.3213,0.8646224975585938,0.006639216450638339,Low,Very Low,Very Low–Low,,,0,no STRING match,no STRING match,2433,2470,1,1
3271,fig|6666666.1036479.peg.2920,fig|6666666.1036479.peg.1617,0.8645964026451111,0.0066412467920605525,Very Low,Low,Very Low–Low,,,0,no STRING match,no STRING match,2397,2864,1,2
3272,fig|6666666.1036479.peg.2920,fig|6666666.1036479.peg.1625,0.8645964026451111,0.006643277133482767,Very Low,Low,Very Low–Low,,,0,no STRING match,no STRING match,2397,2864,1,2
3273,fig|6666666.1036479.peg.2509,fig|6666666.1036479.peg.89,0.8645590126514435,0.00664530747490498,Very Low,Very Low,Very Low–Very Low,,,0,no STRING match,no STRING match,2273,2542,15,1
3274,fig|6666666.1036479.peg.2513,fig|6666666.1036479.peg.89,0.8645590126514435,0.006647337816327194,Very Low,Very Low,Very Low–Very Low,,,0,no STRING match,no STRING match,2273,2542,15,1
3275,fig|6666666.1036479.peg.2519,fig|6666666.1036479.peg.89,0.8645590126514435,0.006649368157749407,Very Low,Very Low,Very Low–Very Low,,,0,no STRING match,no STRING match,2273,2542,15,1
3276,fig|6666666.1036479.peg.2526,fig|6666666.1036479.peg.89,0.8645590126514435,0.006651398499171621,Very Low,Very Low,Very Low–Very Low,,,0,no STRING match,no STRING match,2273,2542,15,1
3277,fig|6666666.1036479.peg.2530,fig|6666666.1036479.peg.89,0.8645590126514435,0.006653428840593834,Very Low,Very Low,Very Low–Very Low,,,0,no STRING match,no STRING match,2273,2542,15,1
3278,fig|6666666.1036479.peg.2534,fig|6666666.1036479.peg.89,0.8645590126514435,0.006655459182016048,Very Low,Very Low,Very Low–Very Low,,,0,no STRING match,no STRING match,2273,2542,15,1
3279,fig|6666666.1036479.peg.3173,fig|6666666.1036479.peg.89,0.8645590126514435,0.006657489523438261,Very Low,Very Low,Very Low–Very Low,,,0,no STRING match,no STRING match,2273,2542,15,1
3280,fig|6666666.1036479.peg.89,fig|6666666.1036479.peg.971,0.8645590126514435,0.006659519864860475,Very Low,Very Low,Very Low–Very Low,,,0,no STRING match,no STRING match,2542,2273,1,15
3281,fig|6666666.1036479.peg.89,fig|6666666.1036479.peg.976,0.8645590126514435,0.0066615502062826884,Very Low,Very Low,Very Low–Very Low,,,0,no STRING match,no STRING match,2542,2273,1,15
3282,fig|6666666.1036479.peg.89,fig|6666666.1036479.peg.981,0.8645590126514435,0.006663580547704902,Very Low,Very Low,Very Low–Very Low,,,0,no STRING match,no STRING match,2542,2273,1,15
3283,fig|6666666.1036479.peg.89,fig|6666666.1036479.peg.985,0.8645590126514435,0.0066656108891271154,Very Low,Very Low,Very Low–Very Low,,,0,no STRING match,no STRING match,2542,2273,1,15
3284,fig|6666666.1036479.peg.89,fig|6666666.1036479.peg.989,0.8645590126514435,0.006667641230549329,Very Low,Very Low,Very Low–Very Low,,,0,no STRING match,no STRING match,2542,2273,1,15
3285,fig|6666666.1036479.peg.89,fig|6666666.1036479.peg.2489,0.8645590126514435,0.0066696715719715425,Very Low,Very Low,Very Low–Very Low,,,0,no STRING match,no STRING match,2542,2273,1,15
3286,fig|6666666.1036479.peg.89,fig|6666666.1036479.peg.2494,0.8645590126514435,0.006671701913393756,Very Low,Very Low,Very Low–Very Low,,,0,no STRING match,no STRING match,2542,2273,1,15
3287,fig|6666666.1036479.peg.89,fig|6666666.1036479.peg.2498,0.8645590126514435,0.0066737322548159695,Very Low,Very Low,Very Low–Very Low,,,0,no STRING match,no STRING match,2542,2273,1,15
3288,fig|6666666.1036479.peg.3207,fig|6666666.1036479.peg.887,0.8645579278469085,0.006675762596238184,Medium,Medium,Medium–Medium,,,0,no STRING match,no STRING match,2468,2680,1,1
3289,fig|6666666.1036479.peg.3012,fig|6666666.1036479.peg.370,0.8645492553710937,0.006677792937660397,Low,High,Low–High,,,0,no STRING match,no STRING match,2427,2579,1,1
3290,fig|6666666.1036479.peg.2506,fig|6666666.1036479.peg.1082,0.8645329236984253,0.006679823279082611,Very Low,Medium,Very Low–Medium,,,0,no STRING match,no STRING match,2270,2714,6,1
3291,fig|6666666.1036479.peg.2516,fig|6666666.1036479.peg.1082,0.8645329236984253,0.006681853620504824,Very Low,Medium,Very Low–Medium,,,0,no STRING match,no STRING match,2270,2714,6,1
3292,fig|6666666.1036479.peg.2522,fig|6666666.1036479.peg.1082,0.8645329236984253,0.006683883961927038,Very Low,Medium,Very Low–Medium,,,0,no STRING match,no STRING match,2270,2714,6,1
3293,fig|6666666.1036479.peg.974,fig|6666666.1036479.peg.1082,0.8645329236984253,0.006685914303349251,Very Low,Medium,Very Low–Medium,,,0,no STRING match,no STRING match,2270,2714,6,1
3294,fig|6666666.1036479.peg.979,fig|6666666.1036479.peg.1082,0.8645329236984253,0.006687944644771465,Very Low,Medium,Very Low–Medium,,,0,no STRING match,no STRING match,2270,2714,6,1
3295,fig|6666666.1036479.peg.1082,fig|6666666.1036479.peg.2491,0.8645329236984253,0.006689974986193678,Medium,Very Low,Very Low–Medium,,,0,no STRING match,no STRING match,2714,2270,1,6
3296,fig|6666666.1036479.peg.38,fig|6666666.1036479.peg.2278,0.8645132899284362,0.006692005327615892,Low,Low,Low–Low,,,0,no STRING match,no STRING match,2526,3005,2,1
3297,fig|6666666.1036479.peg.186,fig|6666666.1036479.peg.2278,0.8645132899284362,0.006694035669038105,Low,Low,Low–Low,,,0,no STRING match,no STRING match,2526,3005,2,1
3298,fig|6666666.1036479.peg.2548,fig|6666666.1036479.peg.1850,0.8645100295543671,0.006696066010460319,High,Very Low,Very Low–High,,,0,no STRING match,no STRING match,2298,2907,1,1
3299,fig|6666666.1036479.peg.573,fig|6666666.1036479.peg.889,0.8644958376884461,0.006698096351882532,Very Low,Low,Very Low–Low,Hypothetical protein.,,0,secondary STRING hit (STRING protein assigned to a better match),no STRING match,2601,2682,1,1
3300,fig|6666666.1036479.peg.1080,fig|6666666.1036479.peg.1308,0.8644937336444855,0.006700126693304746,High,Medium,Medium–High,,,0,no STRING match,no STRING match,2712,2764,1,1
3301,fig|6666666.1036479.peg.3010,fig|6666666.1036479.peg.3184,0.864493727684021,0.006702157034726959,Low,Very Low,Very Low–Low,,,0,no STRING match,no STRING match,2425,2457,1,1
3302,fig|6666666.1036479.peg.866,fig|6666666.1036479.peg.2165,0.864492529630661,0.006704187376149173,High,Very Low,Very Low–High,,,0,no STRING match,no STRING match,2667,2986,1,1
3303,fig|6666666.1036479.peg.2503,fig|6666666.1036479.peg.881,0.8644866704940796,0.006706217717571386,Very Low,High,Very Low–High,,,0,no STRING match,no STRING match,2267,2674,1,1
3304,fig|6666666.1036479.peg.866,fig|6666666.1036479.peg.1496,0.8644849836826325,0.006708248058993601,High,Very Low,Very Low–High,,,0,no STRING match,no STRING match,2667,2826,1,1
3305,fig|6666666.1036479.peg.411,fig|6666666.1036479.peg.426,0.864473283290863,0.006710278400415814,Low,Very Low,Very Low–Low,Hypothetical protein.,,0,secondary STRING hit (STRING protein assigned to a better match),no STRING match,2585,2588,1,1
3306,fig|6666666.1036479.peg.2960,fig|6666666.1036479.peg.3222,0.8644412457942963,0.006712308741838028,Low,Medium,Low–Medium,,,0,no STRING match,no STRING match,2412,2473,1,2
3307,fig|6666666.1036479.peg.2960,fig|6666666.1036479.peg.138,0.8644412457942963,0.006714339083260241,Low,Medium,Low–Medium,,,0,no STRING match,no STRING match,2412,2473,1,2
3308,fig|6666666.1036479.peg.2987,fig|6666666.1036479.peg.3207,0.8643758475780488,0.006716369424682455,Very Low,Medium,Very Low–Medium,,,0,no STRING match,no STRING match,2415,2468,1,1
3309,fig|6666666.1036479.peg.3207,fig|6666666.1036479.peg.1416,0.8643706738948822,0.006718399766104668,Medium,Medium,Medium–Medium,,,0,no STRING match,no STRING match,2468,2817,1,1
3310,fig|6666666.1036479.peg.2672,fig|6666666.1036479.peg.2166,0.8643490850925446,0.006720430107526882,Medium,Very Low,Very Low–Medium,,,0,no STRING match,no STRING match,2341,2987,1,1
3311,fig|6666666.1036479.peg.370,fig|6666666.1036479.peg.1265,0.864348542690277,0.006722460448949095,High,Low,Low–High,,,0,no STRING match,no STRING match,2579,2760,1,1
3312,fig|6666666.1036479.peg.32,fig|6666666.1036479.peg.861,0.8643472194671631,0.006724490790371309,Low,High,Low–High,,,0,no STRING match,no STRING match,2520,2665,2,1
3313,fig|6666666.1036479.peg.180,fig|6666666.1036479.peg.861,0.8643472194671631,0.006726521131793522,Low,High,Low–High,,,0,no STRING match,no STRING match,2520,2665,2,1
3314,fig|6666666.1036479.peg.2672,fig|6666666.1036479.peg.2854,0.8643410325050354,0.006728551473215736,Medium,Low,Low–Medium,,,0,no STRING match,no STRING match,2341,2373,1,1
3315,fig|6666666.1036479.peg.2891,fig|6666666.1036479.peg.3020,0.8643387138843537,0.006730581814637949,Medium,Low,Low–Medium,,,0,no STRING match,no STRING match,2390,2433,1,1
3316,fig|6666666.1036479.peg.411,fig|6666666.1036479.peg.1784,0.864326536655426,0.006732612156060163,Low,Very Low,Very Low–Low,Hypothetical protein.,,0,secondary STRING hit (STRING protein assigned to a better match),no STRING match,2585,2897,1,1
3317,fig|6666666.1036479.peg.2520,fig|6666666.1036479.peg.2960,0.8643040597438812,0.006734642497482376,Very Low,Low,Very Low–Low,,,0,no STRING match,no STRING match,2280,2412,1,1
3318,fig|6666666.1036479.peg.3107,fig|6666666.1036479.peg.89,0.8643037557601929,0.00673667283890459,Very Low,Very Low,Very Low–Very Low,,,0,no STRING match,no STRING match,2444,2542,1,1
3319,fig|6666666.1036479.peg.573,fig|6666666.1036479.peg.1092,0.8643025934696198,0.006738703180326803,Very Low,Very Low,Very Low–Very Low,Hypothetical protein.,,0,secondary STRING hit (STRING protein assigned to a better match),no STRING match,2601,2715,1,1
3320,fig|6666666.1036479.peg.2505,fig|6666666.1036479.peg.2960,0.8643013775348664,0.006740733521749018,Very Low,Low,Very Low–Low,,,0,no STRING match,no STRING match,2269,2412,1,1
3321,fig|6666666.1036479.peg.411,fig|6666666.1036479.peg.1706,0.8642969608306885,0.006742763863171231,Low,Very Low,Very Low–Low,Hypothetical protein.,,0,secondary STRING hit (STRING protein assigned to a better match),no STRING match,2585,2886,1,1
3322,fig|6666666.1036479.peg.303,fig|6666666.1036479.peg.305,0.8642839372158051,0.006744794204593445,Very Low,Very Low,Very Low–Very Low,,,0,no STRING match,no STRING match,2564,2564,3,3
3323,fig|6666666.1036479.peg.303,fig|6666666.1036479.peg.311,0.8642839372158051,0.006746824546015658,Very Low,Very Low,Very Low–Very Low,,,0,no STRING match,no STRING match,2564,2564,3,3
3324,fig|6666666.1036479.peg.305,fig|6666666.1036479.peg.311,0.8642839372158051,0.006748854887437872,Very Low,Very Low,Very Low–Very Low,,,0,no STRING match,no STRING match,2564,2564,3,3
3325,fig|6666666.1036479.peg.3188,fig|6666666.1036479.peg.2114,0.8642821907997131,0.006750885228860085,Medium,Very Low,Very Low–Medium,,"COG1629 Outer membrane receptor proteins, mostly Fe transport.",0,no STRING match,secondary STRING hit (STRING protein assigned to a better match),2461,2964,1,1
3326,fig|6666666.1036479.peg.2948,fig|6666666.1036479.peg.281,0.8642808079719544,0.006752915570282299,High,Very Low,Very Low–High,,,0,no STRING match,no STRING match,2410,2558,1,1
3327,fig|6666666.1036479.peg.3077,fig|6666666.1036479.peg.38,0.864271342754364,0.006754945911704512,Medium,Low,Low–Medium,,,0,no STRING match,no STRING match,2440,2526,1,2
3328,fig|6666666.1036479.peg.3077,fig|6666666.1036479.peg.186,0.864271342754364,0.006756976253126726,Medium,Low,Low–Medium,,,0,no STRING match,no STRING match,2440,2526,1,2
3329,fig|6666666.1036479.peg.302,fig|6666666.1036479.peg.861,0.8642633140087128,0.006759006594548939,Medium,High,Medium–High,Hypothetical protein.,,0,secondary STRING hit (STRING protein assigned to a better match),no STRING match,2563,2665,1,1
3330,fig|6666666.1036479.peg.3028,fig|6666666.1036479.peg.2347,0.8642554759979248,0.006761036935971153,High,Low,Low–High,Hypothetical protein; COG0697 Permeases of the drug/metabolite transporter (DMT) superfamily.,,0,secondary STRING hit (STRING protein assigned to a better match),no STRING match,2435,3018,1,1
3331,fig|6666666.1036479.peg.725,fig|6666666.1036479.peg.1946,0.8642135560512543,0.006763067277393366,Very Low,Medium,Very Low–Medium,,,0,no STRING match,no STRING match,2636,2929,1,1
3332,fig|6666666.1036479.peg.2895,fig|6666666.1036479.peg.1947,0.8642114937305451,0.00676509761881558,Very Low,Medium,Very Low–Medium,,,0,no STRING match,no STRING match,2394,2930,1,1
3333,fig|6666666.1036479.peg.2672,fig|6666666.1036479.peg.1114,0.8642020761966706,0.006767127960237793,Medium,Very Low,Very Low–Medium,,,0,no STRING match,no STRING match,2341,2730,1,1
3334,fig|6666666.1036479.peg.2855,fig|6666666.1036479.peg.1300,0.8641834437847138,0.006769158301660007,Very Low,Low,Very Low–Low,,,0,no STRING match,no STRING match,2374,2763,1,1
3335,fig|6666666.1036479.peg.1289,fig|6666666.1036479.peg.1471,0.864148736000061,0.00677118864308222,Very Low,Very Low,Very Low–Very Low,,,0,no STRING match,no STRING match,2762,2822,1,1
3336,fig|6666666.1036479.peg.3231,fig|6666666.1036479.peg.2347,0.864129364490509,0.006773218984504435,Very Low,Low,Very Low–Low,,,0,no STRING match,no STRING match,2482,3018,2,1
3337,fig|6666666.1036479.peg.147,fig|6666666.1036479.peg.2347,0.864129364490509,0.006775249325926648,Very Low,Low,Very Low–Low,,,0,no STRING match,no STRING match,2482,3018,2,1
3338,fig|6666666.1036479.peg.659,fig|6666666.1036479.peg.1947,0.8641293048858643,0.006777279667348862,Very Low,Medium,Very Low–Medium,,,0,no STRING match,no STRING match,2617,2930,1,1
3339,fig|6666666.1036479.peg.2814,fig|6666666.1036479.peg.2960,0.8641107618808747,0.006779310008771075,Very Low,Low,Very Low–Low,,,0,no STRING match,no STRING match,2358,2412,1,1
3340,fig|6666666.1036479.peg.866,fig|6666666.1036479.peg.2469,0.8640820026397705,0.006781340350193289,High,Very Low,Very Low–High,,,0,no STRING match,no STRING match,2667,3042,1,1
3341,fig|6666666.1036479.peg.3020,fig|6666666.1036479.peg.1416,0.8640593349933624,0.006783370691615502,Low,Medium,Low–Medium,,,0,no STRING match,no STRING match,2433,2817,1,1
3342,fig|6666666.1036479.peg.3077,fig|6666666.1036479.peg.2025,0.864044451713562,0.006785401033037716,Medium,Very Low,Very Low–Medium,,,0,no STRING match,no STRING match,2440,2950,1,1
3343,fig|6666666.1036479.peg.2504,fig|6666666.1036479.peg.1339,0.864044064283371,0.006787431374459929,Very Low,Very Low,Very Low–Very Low,,,0,no STRING match,no STRING match,2268,2779,1,1
3344,fig|6666666.1036479.peg.3012,fig|6666666.1036479.peg.861,0.8640346467494965,0.006789461715882143,Low,High,Low–High,,,0,no STRING match,no STRING match,2427,2665,1,1
3345,fig|6666666.1036479.peg.2509,fig|6666666.1036479.peg.1080,0.8640195012092591,0.006791492057304356,Very Low,High,Very Low–High,,,0,no STRING match,no STRING match,2273,2712,15,1
3346,fig|6666666.1036479.peg.2513,fig|6666666.1036479.peg.1080,0.8640195012092591,0.00679352239872657,Very Low,High,Very Low–High,,,0,no STRING match,no STRING match,2273,2712,15,1
3347,fig|6666666.1036479.peg.2519,fig|6666666.1036479.peg.1080,0.8640195012092591,0.006795552740148783,Very Low,High,Very Low–High,,,0,no STRING match,no STRING match,2273,2712,15,1
3348,fig|6666666.1036479.peg.2526,fig|6666666.1036479.peg.1080,0.8640195012092591,0.006797583081570997,Very Low,High,Very Low–High,,,0,no STRING match,no STRING match,2273,2712,15,1
3349,fig|6666666.1036479.peg.2530,fig|6666666.1036479.peg.1080,0.8640195012092591,0.00679961342299321,Very Low,High,Very Low–High,,,0,no STRING match,no STRING match,2273,2712,15,1
3350,fig|6666666.1036479.peg.2534,fig|6666666.1036479.peg.1080,0.8640195012092591,0.006801643764415424,Very Low,High,Very Low–High,,,0,no STRING match,no STRING match,2273,2712,15,1
3351,fig|6666666.1036479.peg.3173,fig|6666666.1036479.peg.1080,0.8640195012092591,0.006803674105837637,Very Low,High,Very Low–High,,,0,no STRING match,no STRING match,2273,2712,15,1
3352,fig|6666666.1036479.peg.971,fig|6666666.1036479.peg.1080,0.8640195012092591,0.006805704447259852,Very Low,High,Very Low–High,,,0,no STRING match,no STRING match,2273,2712,15,1
3353,fig|6666666.1036479.peg.976,fig|6666666.1036479.peg.1080,0.8640195012092591,0.006807734788682065,Very Low,High,Very Low–High,,,0,no STRING match,no STRING match,2273,2712,15,1
3354,fig|6666666.1036479.peg.981,fig|6666666.1036479.peg.1080,0.8640195012092591,0.006809765130104279,Very Low,High,Very Low–High,,,0,no STRING match,no STRING match,2273,2712,15,1
3355,fig|6666666.1036479.peg.985,fig|6666666.1036479.peg.1080,0.8640195012092591,0.006811795471526492,Very Low,High,Very Low–High,,,0,no STRING match,no STRING match,2273,2712,15,1
3356,fig|6666666.1036479.peg.989,fig|6666666.1036479.peg.1080,0.8640195012092591,0.006813825812948706,Very Low,High,Very Low–High,,,0,no STRING match,no STRING match,2273,2712,15,1
3357,fig|6666666.1036479.peg.1080,fig|6666666.1036479.peg.2489,0.8640195012092591,0.006815856154370919,High,Very Low,Very Low–High,,,0,no STRING match,no STRING match,2712,2273,1,15
3358,fig|6666666.1036479.peg.1080,fig|6666666.1036479.peg.2494,0.8640195012092591,0.006817886495793133,High,Very Low,Very Low–High,,,0,no STRING match,no STRING match,2712,2273,1,15
3359,fig|6666666.1036479.peg.1080,fig|6666666.1036479.peg.2498,0.8640195012092591,0.006819916837215346,High,Very Low,Very Low–High,,,0,no STRING match,no STRING match,2712,2273,1,15
3360,fig|6666666.1036479.peg.2920,fig|6666666.1036479.peg.3223,0.864016854763031,0.00682194717863756,Very Low,High,Very Low–High,,,0,no STRING match,no STRING match,2397,2474,1,2
3361,fig|6666666.1036479.peg.2920,fig|6666666.1036479.peg.139,0.864016854763031,0.006823977520059773,Very Low,High,Very Low–High,,,0,no STRING match,no STRING match,2397,2474,1,2
3362,fig|6666666.1036479.peg.3222,fig|6666666.1036479.peg.411,0.8640164017677308,0.006826007861481987,Medium,Low,Low–Medium,,Hypothetical protein.,0,no STRING match,secondary STRING hit (STRING protein assigned to a better match),2473,2585,2,1
3363,fig|6666666.1036479.peg.138,fig|6666666.1036479.peg.411,0.8640164017677308,0.0068280382029042,Medium,Low,Low–Medium,,Hypothetical protein.,0,no STRING match,secondary STRING hit (STRING protein assigned to a better match),2473,2585,2,1
3364,fig|6666666.1036479.peg.2548,fig|6666666.1036479.peg.2454,0.8640082478523254,0.006830068544326414,High,Medium,Medium–High,,,0,no STRING match,no STRING match,2298,3037,1,1
3365,fig|6666666.1036479.peg.2506,fig|6666666.1036479.peg.2025,0.8640070140361786,0.006832098885748627,Very Low,Very Low,Very Low–Very Low,,,0,no STRING match,no STRING match,2270,2950,6,1
3366,fig|6666666.1036479.peg.2516,fig|6666666.1036479.peg.2025,0.8640070140361786,0.006834129227170841,Very Low,Very Low,Very Low–Very Low,,,0,no STRING match,no STRING match,2270,2950,6,1
3367,fig|6666666.1036479.peg.2522,fig|6666666.1036479.peg.2025,0.8640070140361786,0.006836159568593054,Very Low,Very Low,Very Low–Very Low,,,0,no STRING match,no STRING match,2270,2950,6,1
3368,fig|6666666.1036479.peg.974,fig|6666666.1036479.peg.2025,0.8640070140361786,0.006838189910015269,Very Low,Very Low,Very Low–Very Low,,,0,no STRING match,no STRING match,2270,2950,6,1
3369,fig|6666666.1036479.peg.979,fig|6666666.1036479.peg.2025,0.8640070140361786,0.006840220251437482,Very Low,Very Low,Very Low–Very Low,,,0,no STRING match,no STRING match,2270,2950,6,1
3370,fig|6666666.1036479.peg.2025,fig|6666666.1036479.peg.2491,0.8640070140361786,0.006842250592859696,Very Low,Very Low,Very Low–Very Low,,,0,no STRING match,no STRING match,2950,2270,1,6
3371,fig|6666666.1036479.peg.720,fig|6666666.1036479.peg.728,0.8639886975288391,0.006844280934281909,High,Medium,Medium–High,,,0,no STRING match,no STRING match,2631,2639,1,1
3372,fig|6666666.1036479.peg.411,fig|6666666.1036479.peg.879,0.8639878034591675,0.006846311275704123,Low,Very Low,Very Low–Low,Hypothetical protein.,Rhs element Vgr protein; COG3501 Uncharacterized protein conserved in bacteria.,0,secondary STRING hit (STRING protein assigned to a better match),secondary STRING hit (STRING protein assigned to a better match),2585,2672,1,1
3373,fig|6666666.1036479.peg.3254,fig|6666666.1036479.peg.411,0.8639712512493134,0.006848341617126336,High,Low,Low–High,,Hypothetical protein.,0,no STRING match,secondary STRING hit (STRING protein assigned to a better match),2505,2585,3,1
3374,fig|6666666.1036479.peg.22,fig|6666666.1036479.peg.411,0.8639712512493134,0.00685037195854855,High,Low,Low–High,,Hypothetical protein.,0,no STRING match,secondary STRING hit (STRING protein assigned to a better match),2505,2585,3,1
3375,fig|6666666.1036479.peg.170,fig|6666666.1036479.peg.411,0.8639712512493134,0.006852402299970763,High,Low,Low–High,,Hypothetical protein.,0,no STRING match,secondary STRING hit (STRING protein assigned to a better match),2505,2585,3,1
3376,fig|6666666.1036479.peg.1947,fig|6666666.1036479.peg.1962,0.8639460980892182,0.006854432641392977,Medium,Medium,Medium–Medium,,,0,no STRING match,no STRING match,2930,2944,1,1
3377,fig|6666666.1036479.peg.1657,fig|6666666.1036479.peg.2455,0.8639398694038392,0.00685646298281519,Medium,Medium,Medium–Medium,,,0,no STRING match,no STRING match,2883,3038,1,1
3378,fig|6666666.1036479.peg.2924,fig|6666666.1036479.peg.2364,0.863939642906189,0.006858493324237404,Very Low,Medium,Very Low–Medium,,,0,no STRING match,no STRING match,2401,3022,1,1
3379,fig|6666666.1036479.peg.38,fig|6666666.1036479.peg.1377,0.8639348864555358,0.006860523665659617,Low,Very Low,Very Low–Low,,,0,no STRING match,no STRING match,2526,2809,2,1
3380,fig|6666666.1036479.peg.186,fig|6666666.1036479.peg.1377,0.8639348864555358,0.006862554007081831,Low,Very Low,Very Low–Low,,,0,no STRING match,no STRING match,2526,2809,2,1
3381,fig|6666666.1036479.peg.236,fig|6666666.1036479.peg.2348,0.8639244973659516,0.006864584348504044,Very Low,High,Very Low–High,,,0,no STRING match,no STRING match,2552,3019,1,1
3382,fig|6666666.1036479.peg.3078,fig|6666666.1036479.peg.38,0.8639134407043457,0.006866614689926258,Medium,Low,Low–Medium,,,0,no STRING match,no STRING match,2441,2526,1,2
3383,fig|6666666.1036479.peg.3078,fig|6666666.1036479.peg.186,0.8639134407043457,0.006868645031348471,Medium,Low,Low–Medium,,,0,no STRING match,no STRING match,2441,2526,1,2
3384,fig|6666666.1036479.peg.38,fig|6666666.1036479.peg.887,0.863907265663147,0.0068706753727706855,Low,Medium,Low–Medium,,,0,no STRING match,no STRING match,2526,2680,2,1
3385,fig|6666666.1036479.peg.186,fig|6666666.1036479.peg.887,0.863907265663147,0.006872705714192899,Low,Medium,Low–Medium,,,0,no STRING match,no STRING match,2526,2680,2,1
3386,fig|6666666.1036479.peg.2512,fig|6666666.1036479.peg.881,0.8638756990432739,0.0068747360556151126,Very Low,High,Very Low–High,,,0,no STRING match,no STRING match,2276,2674,13,1
3387,fig|6666666.1036479.peg.2518,fig|6666666.1036479.peg.881,0.8638756990432739,0.006876766397037326,Very Low,High,Very Low–High,,,0,no STRING match,no STRING match,2276,2674,13,1
3388,fig|6666666.1036479.peg.2525,fig|6666666.1036479.peg.881,0.8638756990432739,0.00687879673845954,Very Low,High,Very Low–High,,,0,no STRING match,no STRING match,2276,2674,13,1
3389,fig|6666666.1036479.peg.2529,fig|6666666.1036479.peg.881,0.8638756990432739,0.006880827079881753,Very Low,High,Very Low–High,,,0,no STRING match,no STRING match,2276,2674,13,1
3390,fig|6666666.1036479.peg.2533,fig|6666666.1036479.peg.881,0.8638756990432739,0.006882857421303967,Very Low,High,Very Low–High,,,0,no STRING match,no STRING match,2276,2674,13,1
3391,fig|6666666.1036479.peg.3172,fig|6666666.1036479.peg.881,0.8638756990432739,0.00688488776272618,Very Low,High,Very Low–High,,,0,no STRING match,no STRING match,2276,2674,13,1
3392,fig|6666666.1036479.peg.881,fig|6666666.1036479.peg.972,0.8638756990432739,0.006886918104148394,High,Very Low,Very Low–High,,,0,no STRING match,no STRING match,2674,2276,1,13
3393,fig|6666666.1036479.peg.881,fig|6666666.1036479.peg.977,0.8638756990432739,0.006888948445570607,High,Very Low,Very Low–High,,,0,no STRING match,no STRING match,2674,2276,1,13
3394,fig|6666666.1036479.peg.881,fig|6666666.1036479.peg.982,0.8638756990432739,0.006890978786992821,High,Very Low,Very Low–High,,,0,no STRING match,no STRING match,2674,2276,1,13
3395,fig|6666666.1036479.peg.881,fig|6666666.1036479.peg.986,0.8638756990432739,0.006893009128415034,High,Very Low,Very Low–High,,,0,no STRING match,no STRING match,2674,2276,1,13
3396,fig|6666666.1036479.peg.881,fig|6666666.1036479.peg.990,0.8638756990432739,0.006895039469837248,High,Very Low,Very Low–High,,,0,no STRING match,no STRING match,2674,2276,1,13
3397,fig|6666666.1036479.peg.881,fig|6666666.1036479.peg.2488,0.8638756990432739,0.006897069811259461,High,Very Low,Very Low–High,,,0,no STRING match,no STRING match,2674,2276,1,13
3398,fig|6666666.1036479.peg.881,fig|6666666.1036479.peg.2493,0.8638756990432739,0.006899100152681675,High,Very Low,Very Low–High,,,0,no STRING match,no STRING match,2674,2276,1,13
3399,fig|6666666.1036479.peg.3142,fig|6666666.1036479.peg.1947,0.8638693869113923,0.006901130494103888,Low,Medium,Low–Medium,,,0,no STRING match,no STRING match,2448,2930,1,1
3400,fig|6666666.1036479.peg.2532,fig|6666666.1036479.peg.2347,0.8638550162315368,0.0069031608355261025,Low,Low,Low–Low,,,0,no STRING match,no STRING match,2284,3018,4,1
3401,fig|6666666.1036479.peg.3171,fig|6666666.1036479.peg.2347,0.8638550162315368,0.006905191176948316,Low,Low,Low–Low,,,0,no STRING match,no STRING match,2284,3018,4,1
3402,fig|6666666.1036479.peg.987,fig|6666666.1036479.peg.2347,0.8638550162315368,0.0069072215183705295,Low,Low,Low–Low,,,0,no STRING match,no STRING match,2284,3018,4,1
3403,fig|6666666.1036479.peg.2347,fig|6666666.1036479.peg.2492,0.8638550162315368,0.006909251859792743,Low,Low,Low–Low,,,0,no STRING match,no STRING match,3018,2284,1,4
3404,fig|6666666.1036479.peg.89,fig|6666666.1036479.peg.1567,0.8638474524021149,0.0069112822012149565,Very Low,Low,Very Low–Low,,,0,no STRING match,no STRING match,2542,2839,1,1
3405,fig|6666666.1036479.peg.2672,fig|6666666.1036479.peg.1970,0.8638057470321655,0.00691331254263717,Medium,Very Low,Very Low–Medium,,,0,no STRING match,no STRING match,2341,2948,1,1
3406,fig|6666666.1036479.peg.3231,fig|6666666.1036479.peg.2092,0.8637952744960785,0.0069153428840593835,Very Low,Medium,Very Low–Medium,,,0,no STRING match,no STRING match,2482,2954,2,1
3407,fig|6666666.1036479.peg.147,fig|6666666.1036479.peg.2092,0.8637952744960785,0.006917373225481597,Very Low,Medium,Very Low–Medium,,,0,no STRING match,no STRING match,2482,2954,2,1
3408,fig|6666666.1036479.peg.1308,fig|6666666.1036479.peg.1617,0.863789439201355,0.0069194035669038105,Medium,Low,Low–Medium,,,0,no STRING match,no STRING match,2764,2864,1,2
3409,fig|6666666.1036479.peg.1308,fig|6666666.1036479.peg.1625,0.863789439201355,0.006921433908326024,Medium,Low,Low–Medium,,,0,no STRING match,no STRING match,2764,2864,1,2
3410,fig|6666666.1036479.peg.2514,fig|6666666.1036479.peg.411,0.8637795329093934,0.0069234642497482375,Very Low,Low,Very Low–Low,,Hypothetical protein.,0,no STRING match,secondary STRING hit (STRING protein assigned to a better match),2277,2585,1,1
3411,fig|6666666.1036479.peg.3231,fig|6666666.1036479.peg.281,0.8637785375118255,0.006925494591170451,Very Low,Very Low,Very Low–Very Low,,,0,no STRING match,no STRING match,2482,2558,2,1
3412,fig|6666666.1036479.peg.147,fig|6666666.1036479.peg.281,0.8637785375118255,0.0069275249325926646,Very Low,Very Low,Very Low–Very Low,,,0,no STRING match,no STRING match,2482,2558,2,1
3413,fig|6666666.1036479.peg.2548,fig|6666666.1036479.peg.875,0.8637562572956086,0.006929555274014878,High,Very Low,Very Low–High,,,0,no STRING match,no STRING match,2298,2670,1,3
3414,fig|6666666.1036479.peg.2548,fig|6666666.1036479.peg.2097,0.8637562572956086,0.006931585615437092,High,Very Low,Very Low–High,,,0,no STRING match,no STRING match,2298,2670,1,3
3415,fig|6666666.1036479.peg.2548,fig|6666666.1036479.peg.2378,0.8637562572956086,0.006933615956859305,High,Very Low,Very Low–High,,,0,no STRING match,no STRING match,2298,2670,1,3
3416,fig|6666666.1036479.peg.370,fig|6666666.1036479.peg.1431,0.8637531280517579,0.0069356462982815194,High,Very Low,Very Low–High,,,0,no STRING match,no STRING match,2579,2820,1,1
3417,fig|6666666.1036479.peg.1946,fig|6666666.1036479.peg.2436,0.8637520849704743,0.006937676639703733,Medium,Medium,Medium–Medium,,,0,no STRING match,no STRING match,2929,3033,1,1
3418,fig|6666666.1036479.peg.2504,fig|6666666.1036479.peg.1416,0.8637507021427154,0.0069397069811259465,Very Low,Medium,Very Low–Medium,,,0,no STRING match,no STRING match,2268,2817,1,1
3419,fig|6666666.1036479.peg.2920,fig|6666666.1036479.peg.2405,0.8637499034404754,0.00694173732254816,Very Low,Medium,Very Low–Medium,,Hypothetical protein; COG0605 Superoxide dismutase.,0,no STRING match,secondary STRING hit (STRING protein assigned to a better match),2397,3029,1,1
3420,fig|6666666.1036479.peg.3207,fig|6666666.1036479.peg.889,0.8637389361858367,0.0069437676639703735,Medium,Low,Low–Medium,,,0,no STRING match,no STRING match,2468,2682,1,1
3421,fig|6666666.1036479.peg.1377,fig|6666666.1036479.peg.1947,0.863716459274292,0.006945798005392587,Very Low,Medium,Very Low–Medium,,,0,no STRING match,no STRING match,2809,2930,1,1
3422,fig|6666666.1036479.peg.244,fig|6666666.1036479.peg.881,0.8637138962745666,0.0069478283468148005,Very Low,High,Very Low–High,,,0,no STRING match,no STRING match,2554,2674,1,1
3423,fig|6666666.1036479.peg.2571,fig|6666666.1036479.peg.3020,0.8637125253677368,0.006949858688237014,Medium,Low,Low–Medium,,,0,no STRING match,no STRING match,2316,2433,1,1
3424,fig|6666666.1036479.peg.2571,fig|6666666.1036479.peg.2988,0.8637052655220032,0.0069518890296592275,Medium,Medium,Medium–Medium,,Hypothetical protein.,0,no STRING match,secondary STRING hit (STRING protein assigned to a better match),2316,2416,1,1
3425,fig|6666666.1036479.peg.1215,fig|6666666.1036479.peg.1566,0.8636951267719268,0.006953919371081441,Low,High,Low–High,,,0,no STRING match,no STRING match,2751,2838,1,1
3426,fig|6666666.1036479.peg.2920,fig|6666666.1036479.peg.2924,0.8636918723583221,0.0069559497125036545,Very Low,Very Low,Very Low–Very Low,,,0,no STRING match,no STRING match,2397,2401,1,1
3427,fig|6666666.1036479.peg.3017,fig|6666666.1036479.peg.1567,0.8636910140514373,0.006957980053925868,Medium,Low,Low–Medium,,,0,no STRING match,no STRING match,2430,2839,1,1
3428,fig|6666666.1036479.peg.47,fig|6666666.1036479.peg.1128,0.8636882305145264,0.0069600103953480815,Very Low,Very Low,Very Low–Very Low,,,0,no STRING match,no STRING match,2535,2744,1,1
3429,fig|6666666.1036479.peg.3219,fig|6666666.1036479.peg.3244,0.8636881291866303,0.006962040736770295,Very Low,Very Low,Very Low–Very Low,,,0,no STRING match,no STRING match,2471,2495,1,3
3430,fig|6666666.1036479.peg.3219,fig|6666666.1036479.peg.12,0.8636881291866303,0.0069640710781925085,Very Low,Very Low,Very Low–Very Low,,,0,no STRING match,no STRING match,2471,2495,1,3
3431,fig|6666666.1036479.peg.3219,fig|6666666.1036479.peg.160,0.8636881291866303,0.006966101419614722,Very Low,Very Low,Very Low–Very Low,,,0,no STRING match,no STRING match,2471,2495,1,3
3432,fig|6666666.1036479.peg.38,fig|6666666.1036479.peg.659,0.8636787116527558,0.006968131761036936,Low,Very Low,Very Low–Low,,,0,no STRING match,no STRING match,2526,2617,2,1
3433,fig|6666666.1036479.peg.186,fig|6666666.1036479.peg.659,0.8636787116527558,0.00697016210245915,Low,Very Low,Very Low–Low,,,0,no STRING match,no STRING match,2526,2617,2,1
3434,fig|6666666.1036479.peg.861,fig|6666666.1036479.peg.2382,0.8636380672454834,0.006972192443881363,High,Very Low,Very Low–High,,Rhs element Vgr protein; COG3501 Uncharacterized protein conserved in bacteria.,0,no STRING match,secondary STRING hit (STRING protein assigned to a better match),2665,3023,1,1
3435,fig|6666666.1036479.peg.2809,fig|6666666.1036479.peg.573,0.863634991645813,0.006974222785303577,Very Low,Very Low,Very Low–Very Low,,Hypothetical protein.,0,no STRING match,secondary STRING hit (STRING protein assigned to a better match),2357,2601,1,1
3436,fig|6666666.1036479.peg.426,fig|6666666.1036479.peg.866,0.8636337041854858,0.00697625312672579,Very Low,High,Very Low–High,,,0,no STRING match,no STRING match,2588,2667,1,1
3437,fig|6666666.1036479.peg.2547,fig|6666666.1036479.peg.2929,0.8636208713054657,0.006978283468148004,Medium,Very Low,Very Low–Medium,,Hypothetical protein.,0,no STRING match,secondary STRING hit (STRING protein assigned to a better match),2297,2404,1,1
3438,fig|6666666.1036479.peg.2548,fig|6666666.1036479.peg.2660,0.8636012256145478,0.006980313809570217,High,Very Low,Very Low–High,,,0,no STRING match,no STRING match,2298,2339,1,1
3439,fig|6666666.1036479.peg.107,fig|6666666.1036479.peg.370,0.8635970532894135,0.006982344150992431,Very Low,High,Very Low–High,,,0,no STRING match,no STRING match,2544,2579,1,1
3440,fig|6666666.1036479.peg.2929,fig|6666666.1036479.peg.2455,0.8635961294174195,0.0069843744924146444,Very Low,Medium,Very Low–Medium,Hypothetical protein.,,0,secondary STRING hit (STRING protein assigned to a better match),no STRING match,2404,3038,1,1
3441,fig|6666666.1036479.peg.89,fig|6666666.1036479.peg.1494,0.8635876417160034,0.006986404833836858,Very Low,Very Low,Very Low–Very Low,,,0,no STRING match,no STRING match,2542,2824,1,1
3442,fig|6666666.1036479.peg.2960,fig|6666666.1036479.peg.726,0.8635860860347748,0.0069884351752590715,Low,Very Low,Very Low–Low,,,0,no STRING match,no STRING match,2412,2637,1,1
3443,fig|6666666.1036479.peg.2768,fig|6666666.1036479.peg.866,0.863580447435379,0.006990465516681285,Very Low,High,Very Low–High,,,0,no STRING match,no STRING match,2353,2667,1,1
3444,fig|6666666.1036479.peg.740,fig|6666666.1036479.peg.1947,0.8635792851448059,0.0069924958581034985,Very Low,Medium,Very Low–Medium,,,0,no STRING match,no STRING match,2651,2930,1,1
3445,fig|6666666.1036479.peg.2988,fig|6666666.1036479.peg.1655,0.8635776042938232,0.006994526199525712,Medium,Medium,Medium–Medium,Hypothetical protein.,,0,secondary STRING hit (STRING protein assigned to a better match),no STRING match,2416,2882,1,1
3446,fig|6666666.1036479.peg.370,fig|6666666.1036479.peg.1962,0.8635751366615295,0.0069965565409479255,High,Medium,Medium–High,,,0,no STRING match,no STRING match,2579,2944,1,1
3447,fig|6666666.1036479.peg.2548,fig|6666666.1036479.peg.1951,0.8635345458984375,0.006998586882370139,High,High,High–High,,,0,no STRING match,no STRING match,2298,2934,1,1
3448,fig|6666666.1036479.peg.3202,fig|6666666.1036479.peg.1947,0.8634997248649597,0.007000617223792353,Very Low,Medium,Very Low–Medium,,,0,no STRING match,no STRING match,2467,2930,1,1
3449,fig|6666666.1036479.peg.3077,fig|6666666.1036479.peg.391,0.8634960949420929,0.007002647565214567,Medium,Medium,Medium–Medium,,,0,no STRING match,no STRING match,2440,2580,1,1
3450,fig|6666666.1036479.peg.2843,fig|6666666.1036479.peg.2454,0.8634953975677491,0.00700467790663678,Very Low,Medium,Very Low–Medium,,,0,no STRING match,no STRING match,2370,3037,1,1
3451,fig|6666666.1036479.peg.411,fig|6666666.1036479.peg.1409,0.8634932100772857,0.007006708248058994,Low,Medium,Low–Medium,Hypothetical protein.,,0,secondary STRING hit (STRING protein assigned to a better match),no STRING match,2585,2812,1,1
3452,fig|6666666.1036479.peg.2654,fig|6666666.1036479.peg.1080,0.8634626686573028,0.007008738589481207,High,High,High–High,,,0,no STRING match,no STRING match,2337,2712,1,1
3453,fig|6666666.1036479.peg.3244,fig|6666666.1036479.peg.47,0.8634238600730896,0.007010768930903421,Very Low,Very Low,Very Low–Very Low,,,0,no STRING match,no STRING match,2495,2535,3,1
3454,fig|6666666.1036479.peg.12,fig|6666666.1036479.peg.47,0.8634238600730896,0.007012799272325634,Very Low,Very Low,Very Low–Very Low,,,0,no STRING match,no STRING match,2495,2535,3,1
3455,fig|6666666.1036479.peg.47,fig|6666666.1036479.peg.160,0.8634238600730896,0.007014829613747848,Very Low,Very Low,Very Low–Very Low,,,0,no STRING match,no STRING match,2535,2495,1,3
3456,fig|6666666.1036479.peg.392,fig|6666666.1036479.peg.411,0.8634154558181762,0.007016859955170061,Very Low,Low,Very Low–Low,,Hypothetical protein.,0,no STRING match,secondary STRING hit (STRING protein assigned to a better match),2581,2585,1,1
3457,fig|6666666.1036479.peg.2672,fig|6666666.1036479.peg.3202,0.8633910953998566,0.007018890296592275,Medium,Very Low,Very Low–Medium,,,0,no STRING match,no STRING match,2341,2467,1,1
3458,fig|6666666.1036479.peg.2948,fig|6666666.1036479.peg.391,0.863381975889206,0.007020920638014488,High,Medium,Medium–High,,,0,no STRING match,no STRING match,2410,2580,1,1
3459,fig|6666666.1036479.peg.370,fig|6666666.1036479.peg.817,0.863380229473114,0.007022950979436702,High,Low,Low–High,,Phospholipid/glycerol acyltransferase; COG4258 Predicted exporter.,0,no STRING match,secondary STRING hit (STRING protein assigned to a better match),2579,2663,1,1
3460,fig|6666666.1036479.peg.1128,fig|6666666.1036479.peg.1954,0.8633798480033874,0.007024981320858915,Very Low,Low,Very Low–Low,,,0,no STRING match,no STRING match,2744,2936,1,1
3461,fig|6666666.1036479.peg.2506,fig|6666666.1036479.peg.3033,0.863370668888092,0.007027011662281129,Very Low,Low,Very Low–Low,,,0,no STRING match,no STRING match,2270,2437,6,1
3462,fig|6666666.1036479.peg.2516,fig|6666666.1036479.peg.3033,0.863370668888092,0.007029042003703342,Very Low,Low,Very Low–Low,,,0,no STRING match,no STRING match,2270,2437,6,1
3463,fig|6666666.1036479.peg.2522,fig|6666666.1036479.peg.3033,0.863370668888092,0.007031072345125556,Very Low,Low,Very Low–Low,,,0,no STRING match,no STRING match,2270,2437,6,1
3464,fig|6666666.1036479.peg.3033,fig|6666666.1036479.peg.974,0.863370668888092,0.00703310268654777,Low,Very Low,Very Low–Low,,,0,no STRING match,no STRING match,2437,2270,1,6
3465,fig|6666666.1036479.peg.3033,fig|6666666.1036479.peg.979,0.863370668888092,0.007035133027969984,Low,Very Low,Very Low–Low,,,0,no STRING match,no STRING match,2437,2270,1,6
3466,fig|6666666.1036479.peg.3033,fig|6666666.1036479.peg.2491,0.863370668888092,0.007037163369392197,Low,Very Low,Very Low–Low,,,0,no STRING match,no STRING match,2437,2270,1,6
3467,fig|6666666.1036479.peg.3020,fig|6666666.1036479.peg.1962,0.8633299827575683,0.007039193710814411,Low,Medium,Low–Medium,,,0,no STRING match,no STRING match,2433,2944,1,1
3468,fig|6666666.1036479.peg.3017,fig|6666666.1036479.peg.1947,0.8633082032203674,0.007041224052236624,Medium,Medium,Medium–Medium,,,0,no STRING match,no STRING match,2430,2930,1,1
3469,fig|6666666.1036479.peg.2920,fig|6666666.1036479.peg.1913,0.863307899236679,0.007043254393658838,Very Low,Very Low,Very Low–Very Low,,,0,no STRING match,no STRING match,2397,2917,1,1
3470,fig|6666666.1036479.peg.2540,fig|6666666.1036479.peg.1566,0.8632782220840454,0.007045284735081051,Medium,High,Medium–High,,,0,no STRING match,no STRING match,2290,2838,1,1
3471,fig|6666666.1036479.peg.861,fig|6666666.1036479.peg.1431,0.8632771611213684,0.007047315076503265,High,Very Low,Very Low–High,,,0,no STRING match,no STRING match,2665,2820,1,1
3472,fig|6666666.1036479.peg.3231,fig|6666666.1036479.peg.236,0.8632760167121887,0.007049345417925478,Very Low,Very Low,Very Low–Very Low,,,0,no STRING match,no STRING match,2482,2552,2,1
3473,fig|6666666.1036479.peg.147,fig|6666666.1036479.peg.236,0.8632760167121887,0.007051375759347692,Very Low,Very Low,Very Low–Very Low,,,0,no STRING match,no STRING match,2482,2552,2,1
3474,fig|6666666.1036479.peg.3184,fig|6666666.1036479.peg.942,0.8632758378982544,0.007053406100769905,Very Low,Very Low,Very Low–Very Low,,,0,no STRING match,no STRING match,2457,2691,1,1
3475,fig|6666666.1036479.peg.2920,fig|6666666.1036479.peg.1092,0.8632687568664551,0.007055436442192119,Very Low,Very Low,Very Low–Very Low,,,0,no STRING match,no STRING match,2397,2715,1,1
3476,fig|6666666.1036479.peg.2536,fig|6666666.1036479.peg.881,0.8632330477237702,0.007057466783614332,Very Low,High,Very Low–High,,,0,no STRING match,no STRING match,2286,2674,1,1
3477,fig|6666666.1036479.peg.2539,fig|6666666.1036479.peg.3207,0.8632297813892365,0.007059497125036546,Low,Medium,Low–Medium,,,0,no STRING match,no STRING match,2289,2468,1,1
3478,fig|6666666.1036479.peg.3010,fig|6666666.1036479.peg.236,0.8632194757461548,0.007061527466458759,Low,Very Low,Very Low–Low,,,0,no STRING match,no STRING match,2425,2552,1,1
3479,fig|6666666.1036479.peg.2548,fig|6666666.1036479.peg.2382,0.8632118999958038,0.007063557807880973,High,Very Low,Very Low–High,,Rhs element Vgr protein; COG3501 Uncharacterized protein conserved in bacteria.,0,no STRING match,secondary STRING hit (STRING protein assigned to a better match),2298,3023,1,1
3480,fig|6666666.1036479.peg.861,fig|6666666.1036479.peg.1181,0.8631929934024811,0.007065588149303187,High,Very Low,Very Low–High,,,0,no STRING match,no STRING match,2665,2747,1,1
3481,fig|6666666.1036479.peg.3191,fig|6666666.1036479.peg.1289,0.8631924510002136,0.007067618490725401,Medium,Very Low,Very Low–Medium,,,0,no STRING match,no STRING match,2464,2762,1,1
3482,fig|6666666.1036479.peg.2520,fig|6666666.1036479.peg.3231,0.863190335035324,0.007069648832147614,Very Low,Very Low,Very Low–Very Low,,,0,no STRING match,no STRING match,2280,2482,1,2
3483,fig|6666666.1036479.peg.2520,fig|6666666.1036479.peg.147,0.863190335035324,0.007071679173569828,Very Low,Very Low,Very Low–Very Low,,,0,no STRING match,no STRING match,2280,2482,1,2
3484,fig|6666666.1036479.peg.2918,fig|6666666.1036479.peg.3207,0.8631838619709015,0.007073709514992041,Very Low,Medium,Very Low–Medium,,,0,no STRING match,no STRING match,2396,2468,1,1
3485,fig|6666666.1036479.peg.411,fig|6666666.1036479.peg.1962,0.8631694734096527,0.007075739856414255,Low,Medium,Low–Medium,Hypothetical protein.,,0,secondary STRING hit (STRING protein assigned to a better match),no STRING match,2585,2944,1,1
3486,fig|6666666.1036479.peg.2520,fig|6666666.1036479.peg.38,0.8631639540195465,0.007077770197836468,Very Low,Low,Very Low–Low,,,0,no STRING match,no STRING match,2280,2526,1,2
3487,fig|6666666.1036479.peg.2520,fig|6666666.1036479.peg.186,0.8631639540195465,0.007079800539258682,Very Low,Low,Very Low–Low,,,0,no STRING match,no STRING match,2280,2526,1,2
3488,fig|6666666.1036479.peg.3189,fig|6666666.1036479.peg.866,0.8631609201431274,0.007081830880680895,Very Low,High,Very Low–High,,,0,no STRING match,no STRING match,2462,2667,1,1
3489,fig|6666666.1036479.peg.573,fig|6666666.1036479.peg.1655,0.8631363153457642,0.007083861222103109,Very Low,Medium,Very Low–Medium,Hypothetical protein.,,0,secondary STRING hit (STRING protein assigned to a better match),no STRING match,2601,2882,1,1
3490,fig|6666666.1036479.peg.2854,fig|6666666.1036479.peg.411,0.8631350517272949,0.007085891563525322,Low,Low,Low–Low,,Hypothetical protein.,0,no STRING match,secondary STRING hit (STRING protein assigned to a better match),2373,2585,1,1
3491,fig|6666666.1036479.peg.2891,fig|6666666.1036479.peg.2988,0.8631345808506012,0.007087921904947536,Medium,Medium,Medium–Medium,,Hypothetical protein.,0,no STRING match,secondary STRING hit (STRING protein assigned to a better match),2390,2416,1,1
3492,fig|6666666.1036479.peg.866,fig|6666666.1036479.peg.1943,0.8630943119525909,0.007089952246369749,High,Medium,Medium–High,,COG3103 SH3 domain protein.,0,no STRING match,secondary STRING hit (STRING protein assigned to a better match),2667,2926,1,1
3493,fig|6666666.1036479.peg.1289,fig|6666666.1036479.peg.2145,0.8630877315998078,0.007091982587791963,Very Low,Very Low,Very Low–Very Low,,,0,no STRING match,no STRING match,2762,2973,1,1
3494,fig|6666666.1036479.peg.1300,fig|6666666.1036479.peg.1706,0.8630746901035309,0.007094012929214176,Low,Very Low,Very Low–Low,,,0,no STRING match,no STRING match,2763,2886,1,1
3495,fig|6666666.1036479.peg.2843,fig|6666666.1036479.peg.2960,0.8630437314510345,0.00709604327063639,Very Low,Low,Very Low–Low,,,0,no STRING match,no STRING match,2370,2412,1,1
3496,fig|6666666.1036479.peg.3011,fig|6666666.1036479.peg.866,0.8630409717559815,0.007098073612058604,High,High,High–High,,,0,no STRING match,no STRING match,2426,2667,1,1
3497,fig|6666666.1036479.peg.2548,fig|6666666.1036479.peg.1919,0.8630307197570801,0.007100103953480818,High,Very Low,Very Low–High,,,0,no STRING match,no STRING match,2298,2920,1,1
3498,fig|6666666.1036479.peg.3008,fig|6666666.1036479.peg.3184,0.863010150194168,0.007102134294903031,Medium,Very Low,Very Low–Medium,,,0,no STRING match,no STRING match,2423,2457,1,1
3499,fig|6666666.1036479.peg.3011,fig|6666666.1036479.peg.881,0.8629971623420716,0.007104164636325245,High,High,High–High,,,0,no STRING match,no STRING match,2426,2674,1,1
3500,fig|6666666.1036479.peg.2547,fig|6666666.1036479.peg.2436,0.8629941999912262,0.007106194977747458,Medium,Medium,Medium–Medium,,,0,no STRING match,no STRING match,2297,3033,1,1
3501,fig|6666666.1036479.peg.370,fig|6666666.1036479.peg.2099,0.862993323802948,0.007108225319169672,High,Low,Low–High,,,0,no STRING match,no STRING match,2579,2957,1,1
3502,fig|6666666.1036479.peg.89,fig|6666666.1036479.peg.728,0.8629913330078125,0.007110255660591885,Very Low,Medium,Very Low–Medium,,,0,no STRING match,no STRING match,2542,2639,1,1
3503,fig|6666666.1036479.peg.2672,fig|6666666.1036479.peg.1481,0.8629756093025207,0.007112286002014099,Medium,Medium,Medium–Medium,,Hypothetical protein.,0,no STRING match,secondary STRING hit (STRING protein assigned to a better match),2341,288,1,3
3504,fig|6666666.1036479.peg.2672,fig|6666666.1036479.peg.1500,0.8629756093025207,0.007114316343436312,Medium,Medium,Medium–Medium,,Hypothetical protein.,0,no STRING match,secondary STRING hit (STRING protein assigned to a better match),2341,288,1,3
3505,fig|6666666.1036479.peg.3187,fig|6666666.1036479.peg.573,0.8629743456840515,0.007116346684858526,Very Low,Very Low,Very Low–Very Low,Hypothetical protein.,Hypothetical protein.,0,secondary STRING hit (STRING protein assigned to a better match),secondary STRING hit (STRING protein assigned to a better match),2460,2601,1,1
3506,fig|6666666.1036479.peg.721,fig|6666666.1036479.peg.2364,0.8629703879356384,0.007118377026280739,High,Medium,Medium–High,Yd repeat protein; COG3209 Rhs family protein.,,0,secondary STRING hit (STRING protein assigned to a better match),no STRING match,2632,3022,1,1
3507,fig|6666666.1036479.peg.2506,fig|6666666.1036479.peg.2348,0.8629658699035645,0.007120407367702953,Very Low,High,Very Low–High,,,0,no STRING match,no STRING match,2270,3019,6,1
3508,fig|6666666.1036479.peg.2516,fig|6666666.1036479.peg.2348,0.8629658699035645,0.007122437709125166,Very Low,High,Very Low–High,,,0,no STRING match,no STRING match,2270,3019,6,1
3509,fig|6666666.1036479.peg.2522,fig|6666666.1036479.peg.2348,0.8629658699035645,0.00712446805054738,Very Low,High,Very Low–High,,,0,no STRING match,no STRING match,2270,3019,6,1
3510,fig|6666666.1036479.peg.974,fig|6666666.1036479.peg.2348,0.8629658699035645,0.007126498391969593,Very Low,High,Very Low–High,,,0,no STRING match,no STRING match,2270,3019,6,1
3511,fig|6666666.1036479.peg.979,fig|6666666.1036479.peg.2348,0.8629658699035645,0.007128528733391807,Very Low,High,Very Low–High,,,0,no STRING match,no STRING match,2270,3019,6,1
3512,fig|6666666.1036479.peg.2348,fig|6666666.1036479.peg.2491,0.8629658699035645,0.007130559074814021,High,Very Low,Very Low–High,,,0,no STRING match,no STRING match,3019,2270,1,6
3513,fig|6666666.1036479.peg.1649,fig|6666666.1036479.peg.2364,0.8629416346549987,0.007132589416236235,Very Low,Medium,Very Low–Medium,YD repeat-containing protein; COG3209 Rhs family protein.,,0,secondary STRING hit (STRING protein assigned to a better match),no STRING match,2879,3022,1,1
3514,fig|6666666.1036479.peg.2960,fig|6666666.1036479.peg.3015,0.8629412114620209,0.007134619757658448,Low,Low,Low–Low,,,0,no STRING match,no STRING match,2412,2428,1,1
3515,fig|6666666.1036479.peg.2548,fig|6666666.1036479.peg.1110,0.8629363536834717,0.007136650099080662,High,Very Low,Very Low–High,,,0,no STRING match,no STRING match,2298,2727,1,1
3516,fig|6666666.1036479.peg.1494,fig|6666666.1036479.peg.2348,0.8629113733768463,0.007138680440502875,Very Low,High,Very Low–High,,,0,no STRING match,no STRING match,2824,3019,1,1
3517,fig|6666666.1036479.peg.370,fig|6666666.1036479.peg.551,0.8628686726093292,0.007140710781925089,High,Very Low,Very Low–High,,,0,no STRING match,no STRING match,2579,2597,1,1
3518,fig|6666666.1036479.peg.3231,fig|6666666.1036479.peg.2455,0.8628670394420623,0.007142741123347302,Very Low,Medium,Very Low–Medium,,,0,no STRING match,no STRING match,2482,3038,2,1
3519,fig|6666666.1036479.peg.147,fig|6666666.1036479.peg.2455,0.8628670394420623,0.007144771464769516,Very Low,Medium,Very Low–Medium,,,0,no STRING match,no STRING match,2482,3038,2,1
3520,fig|6666666.1036479.peg.2918,fig|6666666.1036479.peg.2920,0.8628435134887695,0.007146801806191729,Very Low,Very Low,Very Low–Very Low,,,0,no STRING match,no STRING match,2396,2397,1,1
3521,fig|6666666.1036479.peg.2672,fig|6666666.1036479.peg.2469,0.8628222942352295,0.007148832147613943,Medium,Very Low,Very Low–Medium,,,0,no STRING match,no STRING match,2341,3042,1,1
3522,fig|6666666.1036479.peg.3188,fig|6666666.1036479.peg.38,0.8628216564655304,0.007150862489036156,Medium,Low,Low–Medium,,,0,no STRING match,no STRING match,2461,2526,1,2
3523,fig|6666666.1036479.peg.3188,fig|6666666.1036479.peg.186,0.8628216564655304,0.00715289283045837,Medium,Low,Low–Medium,,,0,no STRING match,no STRING match,2461,2526,1,2
3524,fig|6666666.1036479.peg.3020,fig|6666666.1036479.peg.2327,0.8628195822238922,0.007154923171880583,Low,Medium,Low–Medium,,,0,no STRING match,no STRING match,2433,3016,1,1
3525,fig|6666666.1036479.peg.1300,fig|6666666.1036479.peg.2092,0.8628166615962982,0.007156953513302797,Low,Medium,Low–Medium,,,0,no STRING match,no STRING match,2763,2954,1,1
3526,fig|6666666.1036479.peg.2987,fig|6666666.1036479.peg.1416,0.862800133228302,0.00715898385472501,Very Low,Medium,Very Low–Medium,,,0,no STRING match,no STRING match,2415,2817,1,1
3527,fig|6666666.1036479.peg.1308,fig|6666666.1036479.peg.2093,0.8627940893173218,0.007161014196147224,Medium,Medium,Medium–Medium,,,0,no STRING match,no STRING match,2764,2955,1,1
3528,fig|6666666.1036479.peg.3017,fig|6666666.1036479.peg.3020,0.8627925157546997,0.007163044537569438,Medium,Low,Low–Medium,,,0,no STRING match,no STRING match,2430,2433,1,1
3529,fig|6666666.1036479.peg.3231,fig|6666666.1036479.peg.889,0.8627892255783081,0.007165074878991652,Very Low,Low,Very Low–Low,,,0,no STRING match,no STRING match,2482,2682,2,1
3530,fig|6666666.1036479.peg.147,fig|6666666.1036479.peg.889,0.8627892255783081,0.007167105220413865,Very Low,Low,Very Low–Low,,,0,no STRING match,no STRING match,2482,2682,2,1
3531,fig|6666666.1036479.peg.370,fig|6666666.1036479.peg.2093,0.8627699673175812,0.007169135561836079,High,Medium,Medium–High,,,0,no STRING match,no STRING match,2579,2955,1,1
3532,fig|6666666.1036479.peg.3189,fig|6666666.1036479.peg.370,0.862755411863327,0.007171165903258292,Very Low,High,Very Low–High,,,0,no STRING match,no STRING match,2462,2579,1,1
3533,fig|6666666.1036479.peg.2623,fig|6666666.1036479.peg.370,0.8627519905567169,0.007173196244680506,Very Low,High,Very Low–High,,,0,no STRING match,no STRING match,2333,2579,1,1
3534,fig|6666666.1036479.peg.2535,fig|6666666.1036479.peg.1947,0.8627286791801453,0.007175226586102719,Very Low,Medium,Very Low–Medium,,,0,no STRING match,no STRING match,2285,2930,1,1
3535,fig|6666666.1036479.peg.2548,fig|6666666.1036479.peg.1412,0.8627193748950959,0.007177256927524933,High,Medium,Medium–High,,,0,no STRING match,no STRING match,2298,2815,1,1
3536,fig|6666666.1036479.peg.1308,fig|6666666.1036479.peg.1945,0.8627184450626373,0.007179287268947146,Medium,Very Low,Very Low–Medium,,,0,no STRING match,no STRING match,2764,2928,1,1
3537,fig|6666666.1036479.peg.2548,fig|6666666.1036479.peg.1114,0.8626947641372681,0.00718131761036936,High,Very Low,Very Low–High,,,0,no STRING match,no STRING match,2298,2730,1,1
3538,fig|6666666.1036479.peg.2505,fig|6666666.1036479.peg.1947,0.8626857936382294,0.007183347951791573,Very Low,Medium,Very Low–Medium,,,0,no STRING match,no STRING match,2269,2930,1,1
3539,fig|6666666.1036479.peg.3184,fig|6666666.1036479.peg.2348,0.8626734375953674,0.007185378293213787,Very Low,High,Very Low–High,,,0,no STRING match,no STRING match,2457,3019,1,1
3540,fig|6666666.1036479.peg.2539,fig|6666666.1036479.peg.89,0.8626601994037628,0.007187408634636,Low,Very Low,Very Low–Low,,,0,no STRING match,no STRING match,2289,2542,1,1
3541,fig|6666666.1036479.peg.1308,fig|6666666.1036479.peg.2454,0.8626521706581116,0.007189438976058214,Medium,Medium,Medium–Medium,,,0,no STRING match,no STRING match,2764,3037,1,1
3542,fig|6666666.1036479.peg.3223,fig|6666666.1036479.peg.1308,0.8626300454139709,0.007191469317480427,High,Medium,Medium–High,,,0,no STRING match,no STRING match,2474,2764,2,1
3543,fig|6666666.1036479.peg.139,fig|6666666.1036479.peg.1308,0.8626300454139709,0.007193499658902641,High,Medium,Medium–High,,,0,no STRING match,no STRING match,2474,2764,2,1
3544,fig|6666666.1036479.peg.1115,fig|6666666.1036479.peg.1947,0.8626239240169525,0.007195530000324855,Very Low,Medium,Very Low–Medium,,,0,no STRING match,no STRING match,2731,2930,1,1
3545,fig|6666666.1036479.peg.2509,fig|6666666.1036479.peg.2348,0.8626224100589752,0.0071975603417470686,Very Low,High,Very Low–High,,,0,no STRING match,no STRING match,2273,3019,15,1
3546,fig|6666666.1036479.peg.2513,fig|6666666.1036479.peg.2348,0.8626224100589752,0.007199590683169282,Very Low,High,Very Low–High,,,0,no STRING match,no STRING match,2273,3019,15,1
3547,fig|6666666.1036479.peg.2519,fig|6666666.1036479.peg.2348,0.8626224100589752,0.007201621024591496,Very Low,High,Very Low–High,,,0,no STRING match,no STRING match,2273,3019,15,1
3548,fig|6666666.1036479.peg.2526,fig|6666666.1036479.peg.2348,0.8626224100589752,0.007203651366013709,Very Low,High,Very Low–High,,,0,no STRING match,no STRING match,2273,3019,15,1
3549,fig|6666666.1036479.peg.2530,fig|6666666.1036479.peg.2348,0.8626224100589752,0.007205681707435923,Very Low,High,Very Low–High,,,0,no STRING match,no STRING match,2273,3019,15,1
3550,fig|6666666.1036479.peg.2534,fig|6666666.1036479.peg.2348,0.8626224100589752,0.007207712048858136,Very Low,High,Very Low–High,,,0,no STRING match,no STRING match,2273,3019,15,1
3551,fig|6666666.1036479.peg.3173,fig|6666666.1036479.peg.2348,0.8626224100589752,0.00720974239028035,Very Low,High,Very Low–High,,,0,no STRING match,no STRING match,2273,3019,15,1
3552,fig|6666666.1036479.peg.971,fig|6666666.1036479.peg.2348,0.8626224100589752,0.007211772731702563,Very Low,High,Very Low–High,,,0,no STRING match,no STRING match,2273,3019,15,1
3553,fig|6666666.1036479.peg.976,fig|6666666.1036479.peg.2348,0.8626224100589752,0.007213803073124777,Very Low,High,Very Low–High,,,0,no STRING match,no STRING match,2273,3019,15,1
3554,fig|6666666.1036479.peg.981,fig|6666666.1036479.peg.2348,0.8626224100589752,0.00721583341454699,Very Low,High,Very Low–High,,,0,no STRING match,no STRING match,2273,3019,15,1
3555,fig|6666666.1036479.peg.985,fig|6666666.1036479.peg.2348,0.8626224100589752,0.007217863755969204,Very Low,High,Very Low–High,,,0,no STRING match,no STRING match,2273,3019,15,1
3556,fig|6666666.1036479.peg.989,fig|6666666.1036479.peg.2348,0.8626224100589752,0.007219894097391417,Very Low,High,Very Low–High,,,0,no STRING match,no STRING match,2273,3019,15,1
3557,fig|6666666.1036479.peg.2348,fig|6666666.1036479.peg.2489,0.8626224100589752,0.007221924438813631,High,Very Low,Very Low–High,,,0,no STRING match,no STRING match,3019,2273,1,15
3558,fig|6666666.1036479.peg.2348,fig|6666666.1036479.peg.2494,0.8626224100589752,0.007223954780235844,High,Very Low,Very Low–High,,,0,no STRING match,no STRING match,3019,2273,1,15
3559,fig|6666666.1036479.peg.2348,fig|6666666.1036479.peg.2498,0.8626224100589752,0.007225985121658058,High,Very Low,Very Low–High,,,0,no STRING match,no STRING match,3019,2273,1,15
3560,fig|6666666.1036479.peg.1300,fig|6666666.1036479.peg.1377,0.8625698626041413,0.007228015463080272,Low,Very Low,Very Low–Low,,,0,no STRING match,no STRING match,2763,2809,1,1
3561,fig|6666666.1036479.peg.2548,fig|6666666.1036479.peg.2891,0.8625585913658143,0.0072300458045024855,High,Medium,Medium–High,,,0,no STRING match,no STRING match,2298,2390,1,1
3562,fig|6666666.1036479.peg.314,fig|6666666.1036479.peg.1289,0.8625526309013367,0.007232076145924699,Very Low,Very Low,Very Low–Very Low,,,0,no STRING match,no STRING match,2572,2762,1,1
3563,fig|6666666.1036479.peg.3020,fig|6666666.1036479.peg.281,0.862518721818924,0.0072341064873469125,Low,Very Low,Very Low–Low,,,0,no STRING match,no STRING match,2433,2558,1,1
3564,fig|6666666.1036479.peg.2969,fig|6666666.1036479.peg.881,0.862507438659668,0.007236136828769126,Very Low,High,Very Low–High,,,0,no STRING match,no STRING match,2414,2674,1,1
3565,fig|6666666.1036479.peg.2891,fig|6666666.1036479.peg.1947,0.8624344348907471,0.0072381671701913395,Medium,Medium,Medium–Medium,,,0,no STRING match,no STRING match,2390,2930,1,1
3566,fig|6666666.1036479.peg.2960,fig|6666666.1036479.peg.2145,0.8624208152294159,0.007240197511613553,Low,Very Low,Very Low–Low,,,0,no STRING match,no STRING match,2412,2973,1,1
3567,fig|6666666.1036479.peg.1289,fig|6666666.1036479.peg.1959,0.8624141693115235,0.0072422278530357665,Very Low,Low,Very Low–Low,,,0,no STRING match,no STRING match,2762,2941,1,1
3568,fig|6666666.1036479.peg.2548,fig|6666666.1036479.peg.1953,0.8623931407928467,0.00724425819445798,High,Low,Low–High,,,0,no STRING match,no STRING match,2298,2935,1,1
3569,fig|6666666.1036479.peg.2523,fig|6666666.1036479.peg.1339,0.8623905599117279,0.0072462885358801936,Low,Very Low,Very Low–Low,,,0,no STRING match,no STRING match,2282,2779,1,1
3570,fig|6666666.1036479.peg.2504,fig|6666666.1036479.peg.2348,0.8623713314533233,0.007248318877302407,Very Low,High,Very Low–High,,,0,no STRING match,no STRING match,2268,3019,1,1
3571,fig|6666666.1036479.peg.3004,fig|6666666.1036479.peg.861,0.8623709976673126,0.0072503492187246206,Very Low,High,Very Low–High,,,0,no STRING match,no STRING match,2419,2665,1,1
3572,fig|6666666.1036479.peg.2548,fig|6666666.1036479.peg.787,0.8623690485954285,0.007252379560146834,High,Very Low,Very Low–High,,,0,no STRING match,no STRING match,2298,2660,1,1
3573,fig|6666666.1036479.peg.3017,fig|6666666.1036479.peg.652,0.8623487174510955,0.007254409901569048,Medium,Very Low,Very Low–Medium,,,0,no STRING match,no STRING match,2430,2615,1,1
3574,fig|6666666.1036479.peg.3017,fig|6666666.1036479.peg.1215,0.8623376488685608,0.007256440242991261,Medium,Low,Low–Medium,,,0,no STRING match,no STRING match,2430,2751,1,1
3575,fig|6666666.1036479.peg.3019,fig|6666666.1036479.peg.1116,0.8623359024524688,0.007258470584413475,Very Low,Very Low,Very Low–Very Low,,,0,no STRING match,no STRING match,2432,2732,1,1
3576,fig|6666666.1036479.peg.3015,fig|6666666.1036479.peg.38,0.8623126685619354,0.007260500925835689,Low,Low,Low–Low,,,0,no STRING match,no STRING match,2428,2526,1,2
3577,fig|6666666.1036479.peg.3015,fig|6666666.1036479.peg.186,0.8623126685619354,0.0072625312672579025,Low,Low,Low–Low,,,0,no STRING match,no STRING match,2428,2526,1,2
3578,fig|6666666.1036479.peg.236,fig|6666666.1036479.peg.1946,0.8623037874698639,0.007264561608680116,Very Low,Medium,Very Low–Medium,,,0,no STRING match,no STRING match,2552,2929,1,1
3579,fig|6666666.1036479.peg.2535,fig|6666666.1036479.peg.2960,0.8622949957847595,0.0072665919501023295,Very Low,Low,Very Low–Low,,,0,no STRING match,no STRING match,2285,2412,1,1
3580,fig|6666666.1036479.peg.942,fig|6666666.1036479.peg.1657,0.862294751405716,0.007268622291524543,Very Low,Medium,Very Low–Medium,,,0,no STRING match,no STRING match,2691,2883,1,1
3581,fig|6666666.1036479.peg.2948,fig|6666666.1036479.peg.3187,0.8622915983200073,0.0072706526329467565,High,Very Low,Very Low–High,,Hypothetical protein.,0,no STRING match,secondary STRING hit (STRING protein assigned to a better match),2410,2460,1,1
3582,fig|6666666.1036479.peg.1289,fig|6666666.1036479.peg.1962,0.8622908473014832,0.00727268297436897,Very Low,Medium,Very Low–Medium,,,0,no STRING match,no STRING match,2762,2944,1,1
3583,fig|6666666.1036479.peg.2548,fig|6666666.1036479.peg.1950,0.8622786283493042,0.0072747133157911835,High,Very Low,Very Low–High,,,0,no STRING match,no STRING match,2298,2933,1,1
3584,fig|6666666.1036479.peg.1074,fig|6666666.1036479.peg.2348,0.8622781932353973,0.007276743657213397,High,High,High–High,,,0,no STRING match,no STRING match,2706,3019,1,1
3585,fig|6666666.1036479.peg.370,fig|6666666.1036479.peg.471,0.8622743129730225,0.0072787739986356105,High,Low,Low–High,,,0,no STRING match,no STRING match,2579,2593,1,1
3586,fig|6666666.1036479.peg.2948,fig|6666666.1036479.peg.1953,0.862273532152176,0.007280804340057824,High,Low,Low–High,,,0,no STRING match,no STRING match,2410,2935,1,1
3587,fig|6666666.1036479.peg.2918,fig|6666666.1036479.peg.3223,0.8622564971446991,0.0072828346814800375,Very Low,High,Very Low–High,,,0,no STRING match,no STRING match,2396,2474,1,2
3588,fig|6666666.1036479.peg.2918,fig|6666666.1036479.peg.139,0.8622564971446991,0.007284865022902251,Very Low,High,Very Low–High,,,0,no STRING match,no STRING match,2396,2474,1,2
3589,fig|6666666.1036479.peg.89,fig|6666666.1036479.peg.573,0.862247085571289,0.0072868953643244645,Very Low,Very Low,Very Low–Very Low,,Hypothetical protein.,0,no STRING match,secondary STRING hit (STRING protein assigned to a better match),2542,2601,1,1
3590,fig|6666666.1036479.peg.861,fig|6666666.1036479.peg.2497,0.8622425436973572,0.007288925705746678,High,Very Low,Very Low–High,,,0,no STRING match,no STRING match,2665,3047,1,1
3591,fig|6666666.1036479.peg.2548,fig|6666666.1036479.peg.2163,0.8622372210025787,0.0072909560471688915,High,Very Low,Very Low–High,,,0,no STRING match,no STRING match,2298,2984,1,1
3592,fig|6666666.1036479.peg.2545,fig|6666666.1036479.peg.881,0.862235814332962,0.007292986388591106,Very Low,High,Very Low–High,,,0,no STRING match,no STRING match,2295,2674,7,1
3593,fig|6666666.1036479.peg.2567,fig|6666666.1036479.peg.881,0.862235814332962,0.007295016730013319,Very Low,High,Very Low–High,,,0,no STRING match,no STRING match,2295,2674,7,1
3594,fig|6666666.1036479.peg.881,fig|6666666.1036479.peg.1573,0.862235814332962,0.007297047071435533,High,Very Low,Very Low–High,,,0,no STRING match,no STRING match,2674,2295,1,7
3595,fig|6666666.1036479.peg.881,fig|6666666.1036479.peg.1586,0.862235814332962,0.007299077412857746,High,Very Low,Very Low–High,,,0,no STRING match,no STRING match,2674,2295,1,7
3596,fig|6666666.1036479.peg.881,fig|6666666.1036479.peg.1597,0.862235814332962,0.00730110775427996,High,Very Low,Very Low–High,,,0,no STRING match,no STRING match,2674,2295,1,7
3597,fig|6666666.1036479.peg.881,fig|6666666.1036479.peg.1619,0.862235814332962,0.0073031380957021734,High,Very Low,Very Low–High,,,0,no STRING match,no STRING match,2674,2295,1,7
3598,fig|6666666.1036479.peg.881,fig|6666666.1036479.peg.1643,0.862235814332962,0.007305168437124387,High,Very Low,Very Low–High,,,0,no STRING match,no STRING match,2674,2295,1,7
3599,fig|6666666.1036479.peg.370,fig|6666666.1036479.peg.2405,0.8622227489948273,0.0073071987785466004,High,Medium,Medium–High,,Hypothetical protein; COG0605 Superoxide dismutase.,0,no STRING match,secondary STRING hit (STRING protein assigned to a better match),2579,3029,1,1
3600,fig|6666666.1036479.peg.2514,fig|6666666.1036479.peg.370,0.8622206509113312,0.007309229119968814,Very Low,High,Very Low–High,,,0,no STRING match,no STRING match,2277,2579,1,1
3601,fig|6666666.1036479.peg.2843,fig|6666666.1036479.peg.3231,0.8621415853500366,0.0073112594613910275,Very Low,Very Low,Very Low–Very Low,,,0,no STRING match,no STRING match,2370,2482,1,2
3602,fig|6666666.1036479.peg.2843,fig|6666666.1036479.peg.147,0.8621415853500366,0.007313289802813241,Very Low,Very Low,Very Low–Very Low,,,0,no STRING match,no STRING match,2370,2482,1,2
3603,fig|6666666.1036479.peg.866,fig|6666666.1036479.peg.1178,0.8621237456798554,0.0073153201442354545,High,Very Low,Very Low–High,,,0,no STRING match,no STRING match,2667,2745,1,1
3604,fig|6666666.1036479.peg.2501,fig|6666666.1036479.peg.2504,0.8621140360832215,0.007317350485657668,High,Very Low,Very Low–High,,,0,no STRING match,no STRING match,2265,2268,1,1
3605,fig|6666666.1036479.peg.3188,fig|6666666.1036479.peg.2348,0.862100875377655,0.0073193808270798815,Medium,High,Medium–High,,,0,no STRING match,no STRING match,2461,3019,1,1
3606,fig|6666666.1036479.peg.2843,fig|6666666.1036479.peg.723,0.8620819330215455,0.007321411168502095,Very Low,High,Very Low–High,,,0,no STRING match,no STRING match,2370,2634,1,1
3607,fig|6666666.1036479.peg.1289,fig|6666666.1036479.peg.1913,0.8620726227760315,0.0073234415099243085,Very Low,Very Low,Very Low–Very Low,,,0,no STRING match,no STRING match,2762,2917,1,1
3608,fig|6666666.1036479.peg.2672,fig|6666666.1036479.peg.2478,0.8620644509792328,0.007325471851346523,Medium,Very Low,Very Low–Medium,,,0,no STRING match,no STRING match,2341,3044,1,1
3609,fig|6666666.1036479.peg.3008,fig|6666666.1036479.peg.236,0.8620456695556641,0.007327502192768736,Medium,Very Low,Very Low–Medium,,,0,no STRING match,no STRING match,2423,2552,1,1
3610,fig|6666666.1036479.peg.3222,fig|6666666.1036479.peg.942,0.8620135605335235,0.00732953253419095,Medium,Very Low,Very Low–Medium,,,0,no STRING match,no STRING match,2473,2691,2,1
3611,fig|6666666.1036479.peg.138,fig|6666666.1036479.peg.942,0.8620135605335235,0.007331562875613163,Medium,Very Low,Very Low–Medium,,,0,no STRING match,no STRING match,2473,2691,2,1
3612,fig|6666666.1036479.peg.861,fig|6666666.1036479.peg.1970,0.8620104670524598,0.007333593217035377,High,Very Low,Very Low–High,,,0,no STRING match,no STRING match,2665,2948,1,1
3613,fig|6666666.1036479.peg.2547,fig|6666666.1036479.peg.2843,0.8619966447353363,0.00733562355845759,Medium,Very Low,Very Low–Medium,,,0,no STRING match,no STRING match,2297,2370,1,1
3614,fig|6666666.1036479.peg.861,fig|6666666.1036479.peg.878,0.8619874894618988,0.007337653899879804,High,Very Low,Very Low–High,,,0,no STRING match,no STRING match,2665,1858,1,4
3615,fig|6666666.1036479.peg.861,fig|6666666.1036479.peg.2100,0.8619874894618988,0.007339684241302017,High,Very Low,Very Low–High,,,0,no STRING match,no STRING match,2665,1858,1,4
3616,fig|6666666.1036479.peg.861,fig|6666666.1036479.peg.2381,0.8619874894618988,0.007341714582724231,High,Very Low,Very Low–High,,,0,no STRING match,no STRING match,2665,1858,1,4
3617,fig|6666666.1036479.peg.3222,fig|6666666.1036479.peg.881,0.8619618117809296,0.007343744924146444,Medium,High,Medium–High,,,0,no STRING match,no STRING match,2473,2674,2,1
3618,fig|6666666.1036479.peg.138,fig|6666666.1036479.peg.881,0.8619618117809296,0.007345775265568658,Medium,High,Medium–High,,,0,no STRING match,no STRING match,2473,2674,2,1
3619,fig|6666666.1036479.peg.370,fig|6666666.1036479.peg.1913,0.861957311630249,0.007347805606990871,High,Very Low,Very Low–High,,,0,no STRING match,no STRING match,2579,2917,1,1
3620,fig|6666666.1036479.peg.2548,fig|6666666.1036479.peg.3202,0.8619563579559326,0.007349835948413085,High,Very Low,Very Low–High,,,0,no STRING match,no STRING match,2298,2467,1,1
3621,fig|6666666.1036479.peg.2839,fig|6666666.1036479.peg.1947,0.861953181028366,0.007351866289835298,Very Low,Medium,Very Low–Medium,,,0,no STRING match,no STRING match,2368,2930,1,1
3622,fig|6666666.1036479.peg.3010,fig|6666666.1036479.peg.942,0.8619145512580871,0.007353896631257512,Low,Very Low,Very Low–Low,,,0,no STRING match,no STRING match,2425,2691,1,1
3623,fig|6666666.1036479.peg.861,fig|6666666.1036479.peg.1704,0.8619130074977874,0.0073559269726797254,High,Very Low,Very Low–High,,,0,no STRING match,no STRING match,2665,2885,1,1
3624,fig|6666666.1036479.peg.411,fig|6666666.1036479.peg.1319,0.8619121074676513,0.00735795731410194,Low,High,Low–High,Hypothetical protein.,,0,secondary STRING hit (STRING protein assigned to a better match),no STRING match,2585,2773,1,1
3625,fig|6666666.1036479.peg.38,fig|6666666.1036479.peg.1617,0.8618827104568482,0.007359987655524153,Low,Low,Low–Low,,,0,no STRING match,no STRING match,2526,2864,2,2
3626,fig|6666666.1036479.peg.38,fig|6666666.1036479.peg.1625,0.8618827104568482,0.007362017996946367,Low,Low,Low–Low,,,0,no STRING match,no STRING match,2526,2864,2,2
3627,fig|6666666.1036479.peg.186,fig|6666666.1036479.peg.1617,0.8618827104568482,0.00736404833836858,Low,Low,Low–Low,,,0,no STRING match,no STRING match,2526,2864,2,2
3628,fig|6666666.1036479.peg.186,fig|6666666.1036479.peg.1625,0.8618827104568482,0.007366078679790794,Low,Low,Low–Low,,,0,no STRING match,no STRING match,2526,2864,2,2
3629,fig|6666666.1036479.peg.314,fig|6666666.1036479.peg.370,0.8618820309638977,0.007368109021213007,Very Low,High,Very Low–High,,,0,no STRING match,no STRING match,2572,2579,1,1
3630,fig|6666666.1036479.peg.2881,fig|6666666.1036479.peg.1947,0.8618802428245544,0.007370139362635221,Very Low,Medium,Very Low–Medium,,,0,no STRING match,no STRING match,2383,2930,1,1
3631,fig|6666666.1036479.peg.2969,fig|6666666.1036479.peg.1289,0.8618737876415252,0.007372169704057434,Very Low,Very Low,Very Low–Very Low,,,0,no STRING match,no STRING match,2414,2762,1,1
3632,fig|6666666.1036479.peg.866,fig|6666666.1036479.peg.1850,0.8618695199489593,0.007374200045479648,High,Very Low,Very Low–High,,,0,no STRING match,no STRING match,2667,2907,1,1
3633,fig|6666666.1036479.peg.2672,fig|6666666.1036479.peg.3077,0.861862576007843,0.007376230386901861,Medium,Medium,Medium–Medium,,,0,no STRING match,no STRING match,2341,2440,1,1
3634,fig|6666666.1036479.peg.2918,fig|6666666.1036479.peg.3020,0.8618584156036377,0.007378260728324075,Very Low,Low,Very Low–Low,,,0,no STRING match,no STRING match,2396,2433,1,1
3635,fig|6666666.1036479.peg.2843,fig|6666666.1036479.peg.2924,0.861825042963028,0.007380291069746288,Very Low,Very Low,Very Low–Very Low,,,0,no STRING match,no STRING match,2370,2401,1,1
3636,fig|6666666.1036479.peg.2948,fig|6666666.1036479.peg.2404,0.8618238151073456,0.007382321411168502,High,Medium,Medium–High,,Hypothetical protein; COG0605 Superoxide dismutase.,0,no STRING match,secondary STRING hit (STRING protein assigned to a better match),2410,3028,1,1
3637,fig|6666666.1036479.peg.2948,fig|6666666.1036479.peg.721,0.8618163704872132,0.007384351752590715,High,High,High–High,,Yd repeat protein; COG3209 Rhs family protein.,0,no STRING match,secondary STRING hit (STRING protein assigned to a better match),2410,2632,1,1
3638,fig|6666666.1036479.peg.866,fig|6666666.1036479.peg.1447,0.8618099570274353,0.007386382094012929,High,Low,Low–High,,,0,no STRING match,no STRING match,2667,2821,1,1
3639,fig|6666666.1036479.peg.3020,fig|6666666.1036479.peg.1,0.86180579662323,0.007388412435435142,Low,Very Low,Very Low–Low,,,0,no STRING match,no STRING match,2433,2509,1,1
3640,fig|6666666.1036479.peg.2988,fig|6666666.1036479.peg.740,0.8617948174476624,0.007390442776857357,Medium,Very Low,Very Low–Medium,Hypothetical protein.,,0,secondary STRING hit (STRING protein assigned to a better match),no STRING match,2416,2651,1,1
3641,fig|6666666.1036479.peg.3008,fig|6666666.1036479.peg.1657,0.8617936074733734,0.00739247311827957,Medium,Medium,Medium–Medium,,,0,no STRING match,no STRING match,2423,2883,1,1
3642,fig|6666666.1036479.peg.370,fig|6666666.1036479.peg.2104,0.8617921590805053,0.007394503459701784,High,High,High–High,,,0,no STRING match,no STRING match,2579,2958,1,1
3643,fig|6666666.1036479.peg.881,fig|6666666.1036479.peg.1706,0.8617872357368469,0.007396533801123997,High,Very Low,Very Low–High,,,0,no STRING match,no STRING match,2674,2886,1,1
3644,fig|6666666.1036479.peg.2672,fig|6666666.1036479.peg.35,0.8617707788944244,0.007398564142546211,Medium,Very Low,Very Low–Medium,,,0,no STRING match,no STRING match,2341,2523,1,2
3645,fig|6666666.1036479.peg.2672,fig|6666666.1036479.peg.183,0.8617707788944244,0.007400594483968424,Medium,Very Low,Very Low–Medium,,,0,no STRING match,no STRING match,2341,2523,1,2
3646,fig|6666666.1036479.peg.881,fig|6666666.1036479.peg.2455,0.8617620289325714,0.007402624825390638,High,Medium,Medium–High,,,0,no STRING match,no STRING match,2674,3038,1,1
3647,fig|6666666.1036479.peg.2768,fig|6666666.1036479.peg.370,0.8617523014545441,0.007404655166812851,Very Low,High,Very Low–High,,,0,no STRING match,no STRING match,2353,2579,1,1
3648,fig|6666666.1036479.peg.2948,fig|6666666.1036479.peg.1649,0.8617431104183197,0.007406685508235065,High,Very Low,Very Low–High,,YD repeat-containing protein; COG3209 Rhs family protein.,0,no STRING match,secondary STRING hit (STRING protein assigned to a better match),2410,2879,1,1
3649,fig|6666666.1036479.peg.720,fig|6666666.1036479.peg.1289,0.8617261588573456,0.007408715849657278,High,Very Low,Very Low–High,,,0,no STRING match,no STRING match,2631,2762,1,1
3650,fig|6666666.1036479.peg.3213,fig|6666666.1036479.peg.89,0.8616928219795227,0.007410746191079492,Very Low,Very Low,Very Low–Very Low,,,0,no STRING match,no STRING match,2470,2542,1,1
3651,fig|6666666.1036479.peg.866,fig|6666666.1036479.peg.2327,0.8616926670074463,0.007412776532501705,High,Medium,Medium–High,,,0,no STRING match,no STRING match,2667,3016,1,1
3652,fig|6666666.1036479.peg.1082,fig|6666666.1036479.peg.1566,0.8616791367530823,0.007414806873923919,Medium,High,Medium–High,,,0,no STRING match,no STRING match,2714,2838,1,1
3653,fig|6666666.1036479.peg.2920,fig|6666666.1036479.peg.3213,0.8616656482219696,0.007416837215346132,Very Low,Very Low,Very Low–Very Low,,,0,no STRING match,no STRING match,2397,2470,1,1
3654,fig|6666666.1036479.peg.1289,fig|6666666.1036479.peg.1943,0.8616488933563232,0.007418867556768346,Very Low,Medium,Very Low–Medium,,COG3103 SH3 domain protein.,0,no STRING match,secondary STRING hit (STRING protein assigned to a better match),2762,2926,1,1
3655,fig|6666666.1036479.peg.3020,fig|6666666.1036479.peg.885,0.8616309821605682,0.007420897898190559,Low,Medium,Low–Medium,,,0,no STRING match,no STRING match,2433,2678,1,1
3656,fig|6666666.1036479.peg.2672,fig|6666666.1036479.peg.2172,0.86162970662117,0.007422928239612774,Medium,Very Low,Very Low–Medium,,,0,no STRING match,no STRING match,2341,2992,1,1
3657,fig|6666666.1036479.peg.885,fig|6666666.1036479.peg.1947,0.861624014377594,0.007424958581034987,Medium,Medium,Medium–Medium,,,0,no STRING match,no STRING match,2678,2930,1,1
3658,fig|6666666.1036479.peg.2571,fig|6666666.1036479.peg.1947,0.861611407995224,0.007426988922457201,Medium,Medium,Medium–Medium,,,0,no STRING match,no STRING match,2316,2930,1,1
3659,fig|6666666.1036479.peg.411,fig|6666666.1036479.peg.1943,0.8615957140922547,0.007429019263879414,Low,Medium,Low–Medium,Hypothetical protein.,COG3103 SH3 domain protein.,0,secondary STRING hit (STRING protein assigned to a better match),secondary STRING hit (STRING protein assigned to a better match),2585,2926,1,1
3660,fig|6666666.1036479.peg.2948,fig|6666666.1036479.peg.2352,0.8615944862365723,0.007431049605301628,High,Medium,Medium–High,,,0,no STRING match,no STRING match,2410,3020,1,1
3661,fig|6666666.1036479.peg.3004,fig|6666666.1036479.peg.3231,0.8615925967693329,0.007433079946723841,Very Low,Very Low,Very Low–Very Low,,,0,no STRING match,no STRING match,2419,2482,1,2
3662,fig|6666666.1036479.peg.3004,fig|6666666.1036479.peg.147,0.8615925967693329,0.007435110288146055,Very Low,Very Low,Very Low–Very Low,,,0,no STRING match,no STRING match,2419,2482,1,2
3663,fig|6666666.1036479.peg.3010,fig|6666666.1036479.peg.3222,0.8615844309329986,0.007437140629568268,Low,Medium,Low–Medium,,,0,no STRING match,no STRING match,2425,2473,1,2
3664,fig|6666666.1036479.peg.3010,fig|6666666.1036479.peg.138,0.8615844309329986,0.007439170970990482,Low,Medium,Low–Medium,,,0,no STRING match,no STRING match,2425,2473,1,2
3665,fig|6666666.1036479.peg.1289,fig|6666666.1036479.peg.2289,0.8615801811218262,0.007441201312412695,Very Low,Very Low,Very Low–Very Low,,,0,no STRING match,no STRING match,2762,3006,1,1
3666,fig|6666666.1036479.peg.3015,fig|6666666.1036479.peg.725,0.8615577995777131,0.007443231653834909,Low,Very Low,Very Low–Low,,,0,no STRING match,no STRING match,2428,2636,1,1
3667,fig|6666666.1036479.peg.2891,fig|6666666.1036479.peg.573,0.8615476489067078,0.007445261995257122,Medium,Very Low,Very Low–Medium,,Hypothetical protein.,0,no STRING match,secondary STRING hit (STRING protein assigned to a better match),2390,2601,1,1
3668,fig|6666666.1036479.peg.3207,fig|6666666.1036479.peg.2093,0.8615191757678986,0.007447292336679336,Medium,Medium,Medium–Medium,,,0,no STRING match,no STRING match,2468,2955,1,1
3669,fig|6666666.1036479.peg.2523,fig|6666666.1036479.peg.1416,0.8615023493766785,0.007449322678101549,Low,Medium,Low–Medium,,,0,no STRING match,no STRING match,2282,2817,1,1
3670,fig|6666666.1036479.peg.2505,fig|6666666.1036479.peg.38,0.8614979445934295,0.007451353019523763,Very Low,Low,Very Low–Low,,,0,no STRING match,no STRING match,2269,2526,1,2
3671,fig|6666666.1036479.peg.2505,fig|6666666.1036479.peg.186,0.8614979445934295,0.007453383360945976,Very Low,Low,Very Low–Low,,,0,no STRING match,no STRING match,2269,2526,1,2
3672,fig|6666666.1036479.peg.3008,fig|6666666.1036479.peg.2114,0.8614765465259552,0.007455413702368191,Medium,Very Low,Very Low–Medium,,"COG1629 Outer membrane receptor proteins, mostly Fe transport.",0,no STRING match,secondary STRING hit (STRING protein assigned to a better match),2423,2964,1,1
3673,fig|6666666.1036479.peg.861,fig|6666666.1036479.peg.1343,0.8614573895931243,0.007457444043790404,High,Very Low,Very Low–High,,,0,no STRING match,no STRING match,2665,2781,1,1
3674,fig|6666666.1036479.peg.411,fig|6666666.1036479.peg.724,0.8614103376865387,0.007459474385212618,Low,Medium,Low–Medium,Hypothetical protein.,,0,secondary STRING hit (STRING protein assigned to a better match),no STRING match,2585,2635,1,1
3675,fig|6666666.1036479.peg.2506,fig|6666666.1036479.peg.1074,0.8613991618156434,0.007461504726634831,Very Low,High,Very Low–High,,,0,no STRING match,no STRING match,2270,2706,6,1
3676,fig|6666666.1036479.peg.2516,fig|6666666.1036479.peg.1074,0.8613991618156434,0.007463535068057045,Very Low,High,Very Low–High,,,0,no STRING match,no STRING match,2270,2706,6,1
3677,fig|6666666.1036479.peg.2522,fig|6666666.1036479.peg.1074,0.8613991618156434,0.007465565409479258,Very Low,High,Very Low–High,,,0,no STRING match,no STRING match,2270,2706,6,1
3678,fig|6666666.1036479.peg.974,fig|6666666.1036479.peg.1074,0.8613991618156434,0.007467595750901472,Very Low,High,Very Low–High,,,0,no STRING match,no STRING match,2270,2706,6,1
3679,fig|6666666.1036479.peg.979,fig|6666666.1036479.peg.1074,0.8613991618156434,0.007469626092323685,Very Low,High,Very Low–High,,,0,no STRING match,no STRING match,2270,2706,6,1
3680,fig|6666666.1036479.peg.1074,fig|6666666.1036479.peg.2491,0.8613991618156434,0.007471656433745899,High,Very Low,Very Low–High,,,0,no STRING match,no STRING match,2706,2270,1,6
3681,fig|6666666.1036479.peg.2504,fig|6666666.1036479.peg.2509,0.8613842606544495,0.007473686775168112,Very Low,Very Low,Very Low–Very Low,,,0,no STRING match,no STRING match,2268,2273,1,15
3682,fig|6666666.1036479.peg.2504,fig|6666666.1036479.peg.2513,0.8613842606544495,0.007475717116590326,Very Low,Very Low,Very Low–Very Low,,,0,no STRING match,no STRING match,2268,2273,1,15
3683,fig|6666666.1036479.peg.2504,fig|6666666.1036479.peg.2519,0.8613842606544495,0.007477747458012539,Very Low,Very Low,Very Low–Very Low,,,0,no STRING match,no STRING match,2268,2273,1,15
3684,fig|6666666.1036479.peg.2504,fig|6666666.1036479.peg.2526,0.8613842606544495,0.007479777799434753,Very Low,Very Low,Very Low–Very Low,,,0,no STRING match,no STRING match,2268,2273,1,15
3685,fig|6666666.1036479.peg.2504,fig|6666666.1036479.peg.2530,0.8613842606544495,0.007481808140856966,Very Low,Very Low,Very Low–Very Low,,,0,no STRING match,no STRING match,2268,2273,1,15
3686,fig|6666666.1036479.peg.2504,fig|6666666.1036479.peg.2534,0.8613842606544495,0.00748383848227918,Very Low,Very Low,Very Low–Very Low,,,0,no STRING match,no STRING match,2268,2273,1,15
3687,fig|6666666.1036479.peg.2504,fig|6666666.1036479.peg.3173,0.8613842606544495,0.007485868823701393,Very Low,Very Low,Very Low–Very Low,,,0,no STRING match,no STRING match,2268,2273,1,15
3688,fig|6666666.1036479.peg.2504,fig|6666666.1036479.peg.971,0.8613842606544495,0.007487899165123608,Very Low,Very Low,Very Low–Very Low,,,0,no STRING match,no STRING match,2268,2273,1,15
3689,fig|6666666.1036479.peg.2504,fig|6666666.1036479.peg.976,0.8613842606544495,0.007489929506545821,Very Low,Very Low,Very Low–Very Low,,,0,no STRING match,no STRING match,2268,2273,1,15
3690,fig|6666666.1036479.peg.2504,fig|6666666.1036479.peg.981,0.8613842606544495,0.007491959847968035,Very Low,Very Low,Very Low–Very Low,,,0,no STRING match,no STRING match,2268,2273,1,15
3691,fig|6666666.1036479.peg.2504,fig|6666666.1036479.peg.985,0.8613842606544495,0.007493990189390248,Very Low,Very Low,Very Low–Very Low,,,0,no STRING match,no STRING match,2268,2273,1,15
3692,fig|6666666.1036479.peg.2504,fig|6666666.1036479.peg.989,0.8613842606544495,0.007496020530812462,Very Low,Very Low,Very Low–Very Low,,,0,no STRING match,no STRING match,2268,2273,1,15
3693,fig|6666666.1036479.peg.2504,fig|6666666.1036479.peg.2489,0.8613842606544495,0.007498050872234675,Very Low,Very Low,Very Low–Very Low,,,0,no STRING match,no STRING match,2268,2273,1,15
3694,fig|6666666.1036479.peg.2504,fig|6666666.1036479.peg.2494,0.8613842606544495,0.007500081213656889,Very Low,Very Low,Very Low–Very Low,,,0,no STRING match,no STRING match,2268,2273,1,15
3695,fig|6666666.1036479.peg.2504,fig|6666666.1036479.peg.2498,0.8613842606544495,0.007502111555079102,Very Low,Very Low,Very Low–Very Low,,,0,no STRING match,no STRING match,2268,2273,1,15
3696,fig|6666666.1036479.peg.2920,fig|6666666.1036479.peg.1416,0.8613834023475647,0.007504141896501316,Very Low,Medium,Very Low–Medium,,,0,no STRING match,no STRING match,2397,2817,1,1
3697,fig|6666666.1036479.peg.2507,fig|6666666.1036479.peg.2548,0.8613827049732208,0.007506172237923529,Low,High,Low–High,,,0,no STRING match,no STRING match,2271,2298,1,1
3698,fig|6666666.1036479.peg.889,fig|6666666.1036479.peg.1308,0.8613524556159973,0.007508202579345743,Low,Medium,Low–Medium,,,0,no STRING match,no STRING match,2682,2764,1,1
3699,fig|6666666.1036479.peg.2506,fig|6666666.1036479.peg.2517,0.8613381266593934,0.007510232920767956,Very Low,Medium,Very Low–Medium,,,0,no STRING match,no STRING match,2270,2279,6,1
3700,fig|6666666.1036479.peg.2516,fig|6666666.1036479.peg.2517,0.8613381266593934,0.00751226326219017,Very Low,Medium,Very Low–Medium,,,0,no STRING match,no STRING match,2270,2279,6,1
3701,fig|6666666.1036479.peg.2517,fig|6666666.1036479.peg.2522,0.8613381266593934,0.007514293603612383,Medium,Very Low,Very Low–Medium,,,0,no STRING match,no STRING match,2279,2270,1,6
3702,fig|6666666.1036479.peg.2517,fig|6666666.1036479.peg.974,0.8613381266593934,0.007516323945034597,Medium,Very Low,Very Low–Medium,,,0,no STRING match,no STRING match,2279,2270,1,6
3703,fig|6666666.1036479.peg.2517,fig|6666666.1036479.peg.979,0.8613381266593934,0.00751835428645681,Medium,Very Low,Very Low–Medium,,,0,no STRING match,no STRING match,2279,2270,1,6
3704,fig|6666666.1036479.peg.2517,fig|6666666.1036479.peg.2491,0.8613381266593934,0.0075203846278790246,Medium,Very Low,Very Low–Medium,,,0,no STRING match,no STRING match,2279,2270,1,6
3705,fig|6666666.1036479.peg.38,fig|6666666.1036479.peg.889,0.8613316118717194,0.007522414969301238,Low,Low,Low–Low,,,0,no STRING match,no STRING match,2526,2682,2,1
3706,fig|6666666.1036479.peg.186,fig|6666666.1036479.peg.889,0.8613316118717194,0.007524445310723452,Low,Low,Low–Low,,,0,no STRING match,no STRING match,2526,2682,2,1
3707,fig|6666666.1036479.peg.728,fig|6666666.1036479.peg.2106,0.8613256275653839,0.007526475652145665,Medium,High,Medium–High,,Hypothetical protein.,0,no STRING match,secondary STRING hit (STRING protein assigned to a better match),2639,2959,1,1
3708,fig|6666666.1036479.peg.2843,fig|6666666.1036479.peg.2106,0.861325079202652,0.007528505993567879,Very Low,High,Very Low–High,,Hypothetical protein.,0,no STRING match,secondary STRING hit (STRING protein assigned to a better match),2370,2959,1,1
3709,fig|6666666.1036479.peg.720,fig|6666666.1036479.peg.2114,0.8613184571266175,0.007530536334990092,High,Very Low,Very Low–High,,"COG1629 Outer membrane receptor proteins, mostly Fe transport.",0,no STRING match,secondary STRING hit (STRING protein assigned to a better match),2631,2964,1,1
3710,fig|6666666.1036479.peg.3188,fig|6666666.1036479.peg.3231,0.8613166451454163,0.007532566676412306,Medium,Very Low,Very Low–Medium,,,0,no STRING match,no STRING match,2461,2482,1,2
3711,fig|6666666.1036479.peg.3188,fig|6666666.1036479.peg.147,0.8613166451454163,0.007534597017834519,Medium,Very Low,Very Low–Medium,,,0,no STRING match,no STRING match,2461,2482,1,2
3712,fig|6666666.1036479.peg.2679,fig|6666666.1036479.peg.2920,0.8612936198711395,0.007536627359256733,Medium,Very Low,Very Low–Medium,,,0,no STRING match,no STRING match,2342,2397,1,1
3713,fig|6666666.1036479.peg.370,fig|6666666.1036479.peg.1945,0.8612846970558167,0.007538657700678946,High,Very Low,Very Low–High,,,0,no STRING match,no STRING match,2579,2928,1,1
3714,fig|6666666.1036479.peg.2092,fig|6666666.1036479.peg.2093,0.8612603545188904,0.00754068804210116,Medium,Medium,Medium–Medium,,,0,no STRING match,no STRING match,2954,2955,1,1
3715,fig|6666666.1036479.peg.3209,fig|6666666.1036479.peg.861,0.8612535655498504,0.007542718383523373,Medium,High,Medium–High,,,0,no STRING match,no STRING match,2469,2665,1,1
3716,fig|6666666.1036479.peg.2327,fig|6666666.1036479.peg.2364,0.8612532496452332,0.007544748724945587,Medium,Medium,Medium–Medium,,,0,no STRING match,no STRING match,3016,3022,1,1
3717,fig|6666666.1036479.peg.2843,fig|6666666.1036479.peg.74,0.8612430095672607,0.0075467790663678,Very Low,Very Low,Very Low–Very Low,,,0,no STRING match,no STRING match,2370,2538,1,1
3718,fig|6666666.1036479.peg.861,fig|6666666.1036479.peg.2163,0.8612076699733734,0.007548809407790014,High,Very Low,Very Low–High,,,0,no STRING match,no STRING match,2665,2984,1,1
3719,fig|6666666.1036479.peg.3020,fig|6666666.1036479.peg.3187,0.861202496290207,0.007550839749212227,Low,Very Low,Very Low–Low,,Hypothetical protein.,0,no STRING match,secondary STRING hit (STRING protein assigned to a better match),2433,2460,1,1
3720,fig|6666666.1036479.peg.2918,fig|6666666.1036479.peg.3142,0.8611998558044434,0.0075528700906344415,Very Low,Low,Very Low–Low,,,0,no STRING match,no STRING match,2396,2448,1,1
3721,fig|6666666.1036479.peg.2704,fig|6666666.1036479.peg.861,0.8611994504928588,0.007554900432056655,Medium,High,Medium–High,,,0,no STRING match,no STRING match,2345,2665,1,1
3722,fig|6666666.1036479.peg.370,fig|6666666.1036479.peg.2165,0.8611965835094452,0.0075569307734788685,High,Very Low,Very Low–High,,,0,no STRING match,no STRING match,2579,2986,1,1
3723,fig|6666666.1036479.peg.2505,fig|6666666.1036479.peg.2948,0.8611935913562775,0.007558961114901082,Very Low,High,Very Low–High,,,0,no STRING match,no STRING match,2269,2410,1,1
3724,fig|6666666.1036479.peg.411,fig|6666666.1036479.peg.1092,0.8611778855323792,0.0075609914563232955,Low,Very Low,Very Low–Low,Hypothetical protein.,,0,secondary STRING hit (STRING protein assigned to a better match),no STRING match,2585,2715,1,1
3725,fig|6666666.1036479.peg.74,fig|6666666.1036479.peg.866,0.8611589550971985,0.007563021797745509,Very Low,High,Very Low–High,,,0,no STRING match,no STRING match,2538,2667,1,1
3726,fig|6666666.1036479.peg.2548,fig|6666666.1036479.peg.299,0.8611412405967712,0.0075650521391677225,High,Low,Low–High,,,0,no STRING match,no STRING match,2298,2560,1,1
3727,fig|6666666.1036479.peg.370,fig|6666666.1036479.peg.426,0.8611379981040954,0.007567082480589936,High,Very Low,Very Low–High,,,0,no STRING match,no STRING match,2579,2588,1,1
3728,fig|6666666.1036479.peg.2891,fig|6666666.1036479.peg.2364,0.8611316025257111,0.0075691128220121496,Medium,Medium,Medium–Medium,,,0,no STRING match,no STRING match,2390,3022,1,1
3729,fig|6666666.1036479.peg.38,fig|6666666.1036479.peg.1655,0.861123114824295,0.007571143163434363,Low,Medium,Low–Medium,,,0,no STRING match,no STRING match,2526,2882,2,1
3730,fig|6666666.1036479.peg.186,fig|6666666.1036479.peg.1655,0.861123114824295,0.007573173504856577,Low,Medium,Low–Medium,,,0,no STRING match,no STRING match,2526,2882,2,1
3731,fig|6666666.1036479.peg.370,fig|6666666.1036479.peg.687,0.86111860871315,0.00757520384627879,High,Very Low,Very Low–High,,,0,no STRING match,no STRING match,2579,2621,1,1
3732,fig|6666666.1036479.peg.426,fig|6666666.1036479.peg.1289,0.8611133217811584,0.007577234187701004,Very Low,Very Low,Very Low–Very Low,,,0,no STRING match,no STRING match,2588,2762,1,1
3733,fig|6666666.1036479.peg.3207,fig|6666666.1036479.peg.2405,0.8611058592796326,0.007579264529123217,Medium,Medium,Medium–Medium,,Hypothetical protein; COG0605 Superoxide dismutase.,0,no STRING match,secondary STRING hit (STRING protein assigned to a better match),2468,3029,1,1
3734,fig|6666666.1036479.peg.687,fig|6666666.1036479.peg.866,0.8611033797264099,0.007581294870545431,Very Low,High,Very Low–High,,,0,no STRING match,no STRING match,2621,2667,1,1
3735,fig|6666666.1036479.peg.1850,fig|6666666.1036479.peg.1947,0.8611000180244446,0.007583325211967644,Very Low,Medium,Very Low–Medium,,,0,no STRING match,no STRING match,2907,2930,1,1
3736,fig|6666666.1036479.peg.1265,fig|6666666.1036479.peg.1947,0.8610946595668793,0.0075853555533898585,Low,Medium,Low–Medium,,,0,no STRING match,no STRING match,2760,2930,1,1
3737,fig|6666666.1036479.peg.2929,fig|6666666.1036479.peg.3008,0.8610843122005463,0.007587385894812072,Very Low,Medium,Very Low–Medium,Hypothetical protein.,,0,secondary STRING hit (STRING protein assigned to a better match),no STRING match,2404,2423,1,1
3738,fig|6666666.1036479.peg.889,fig|6666666.1036479.peg.2364,0.8610742628574372,0.0075894162362342855,Low,Medium,Low–Medium,,,0,no STRING match,no STRING match,2682,3022,1,1
3739,fig|6666666.1036479.peg.3170,fig|6666666.1036479.peg.410,0.8610619902610779,0.007591446577656499,Very Low,Very Low,Very Low–Very Low,,,0,no STRING match,no STRING match,2450,2584,2,1
3740,fig|6666666.1036479.peg.410,fig|6666666.1036479.peg.992,0.8610619902610779,0.0075934769190787125,Very Low,Very Low,Very Low–Very Low,,,0,no STRING match,no STRING match,2584,2450,1,2
3741,fig|6666666.1036479.peg.2920,fig|6666666.1036479.peg.724,0.8610530734062195,0.007595507260500926,Very Low,Medium,Very Low–Medium,,,0,no STRING match,no STRING match,2397,2635,1,1
3742,fig|6666666.1036479.peg.573,fig|6666666.1036479.peg.2352,0.8610476791858673,0.0075975376019231395,Very Low,Medium,Very Low–Medium,Hypothetical protein.,,0,secondary STRING hit (STRING protein assigned to a better match),no STRING match,2601,3020,1,1
3743,fig|6666666.1036479.peg.1082,fig|6666666.1036479.peg.1300,0.8610473930835724,0.007599567943345353,Medium,Low,Low–Medium,,,0,no STRING match,no STRING match,2714,2763,1,1
3744,fig|6666666.1036479.peg.3207,fig|6666666.1036479.peg.1945,0.8610313832759857,0.0076015982847675665,Medium,Very Low,Very Low–Medium,,,0,no STRING match,no STRING match,2468,2928,1,1
3745,fig|6666666.1036479.peg.74,fig|6666666.1036479.peg.573,0.8610247373580933,0.00760362862618978,Very Low,Very Low,Very Low–Very Low,,Hypothetical protein.,0,no STRING match,secondary STRING hit (STRING protein assigned to a better match),2538,2601,1,1
3746,fig|6666666.1036479.peg.2960,fig|6666666.1036479.peg.2455,0.8610055565834045,0.0076056589676119935,Low,Medium,Low–Medium,,,0,no STRING match,no STRING match,2412,3038,1,1
3747,fig|6666666.1036479.peg.2948,fig|6666666.1036479.peg.2158,0.8610043525695801,0.007607689309034207,High,Very Low,Very Low–High,,,0,no STRING match,no STRING match,2410,2979,1,1
3748,fig|6666666.1036479.peg.2547,fig|6666666.1036479.peg.1657,0.860997474193573,0.0076097196504564205,Medium,Medium,Medium–Medium,,,0,no STRING match,no STRING match,2297,2883,1,1
3749,fig|6666666.1036479.peg.2538,fig|6666666.1036479.peg.2672,0.8609947681427002,0.007611749991878634,Very Low,Medium,Very Low–Medium,,,0,no STRING match,no STRING match,2288,2341,1,1
3750,fig|6666666.1036479.peg.3020,fig|6666666.1036479.peg.1953,0.86098592877388,0.0076137803333008475,Low,Low,Low–Low,,,0,no STRING match,no STRING match,2433,2935,1,1
3751,fig|6666666.1036479.peg.1207,fig|6666666.1036479.peg.1300,0.8609811425209045,0.007615810674723061,Low,Low,Low–Low,,,0,no STRING match,no STRING match,2750,2763,1,1
3752,fig|6666666.1036479.peg.2547,fig|6666666.1036479.peg.2114,0.8609731137752533,0.007617841016145275,Medium,Very Low,Very Low–Medium,,"COG1629 Outer membrane receptor proteins, mostly Fe transport.",0,no STRING match,secondary STRING hit (STRING protein assigned to a better match),2297,2964,1,1
3753,fig|6666666.1036479.peg.2501,fig|6666666.1036479.peg.2524,0.8609707593917847,0.007619871357567489,High,Low,Low–High,,,0,no STRING match,no STRING match,2265,2283,1,1
3754,fig|6666666.1036479.peg.2960,fig|6666666.1036479.peg.1181,0.8609628975391388,0.007621901698989702,Low,Very Low,Very Low–Low,,,0,no STRING match,no STRING match,2412,2747,1,1
3755,fig|6666666.1036479.peg.2920,fig|6666666.1036479.peg.281,0.8609511315822601,0.007623932040411916,Very Low,Very Low,Very Low–Very Low,,,0,no STRING match,no STRING match,2397,2558,1,1
3756,fig|6666666.1036479.peg.2540,fig|6666666.1036479.peg.3017,0.8609490096569061,0.0076259623818341294,Medium,Medium,Medium–Medium,,,0,no STRING match,no STRING match,2290,2430,1,1
3757,fig|6666666.1036479.peg.2855,fig|6666666.1036479.peg.38,0.8609469592571258,0.007627992723256343,Very Low,Low,Very Low–Low,,,0,no STRING match,no STRING match,2374,2526,1,2
3758,fig|6666666.1036479.peg.2855,fig|6666666.1036479.peg.186,0.8609469592571258,0.0076300230646785564,Very Low,Low,Very Low–Low,,,0,no STRING match,no STRING match,2374,2526,1,2
3759,fig|6666666.1036479.peg.2672,fig|6666666.1036479.peg.2881,0.8609468400478363,0.00763205340610077,Medium,Very Low,Very Low–Medium,,,0,no STRING match,no STRING match,2341,2383,1,1
3760,fig|6666666.1036479.peg.724,fig|6666666.1036479.peg.1308,0.8609455347061157,0.0076340837475229835,Medium,Medium,Medium–Medium,,,0,no STRING match,no STRING match,2635,2764,1,1
3761,fig|6666666.1036479.peg.2672,fig|6666666.1036479.peg.2839,0.8609376668930053,0.007636114088945197,Medium,Very Low,Very Low–Medium,,,0,no STRING match,no STRING match,2341,2368,1,1
3762,fig|6666666.1036479.peg.2960,fig|6666666.1036479.peg.659,0.8609309792518616,0.0076381444303674105,Low,Very Low,Very Low–Low,,,0,no STRING match,no STRING match,2412,2617,1,1
3763,fig|6666666.1036479.peg.719,fig|6666666.1036479.peg.2106,0.8609238803386688,0.007640174771789624,Medium,High,Medium–High,,Hypothetical protein.,0,no STRING match,secondary STRING hit (STRING protein assigned to a better match),2630,2959,1,1
3764,fig|6666666.1036479.peg.1300,fig|6666666.1036479.peg.2455,0.8609116852283478,0.0076422051132118375,Low,Medium,Low–Medium,,,0,no STRING match,no STRING match,2763,3038,1,1
3765,fig|6666666.1036479.peg.2672,fig|6666666.1036479.peg.2923,0.8609097063541412,0.007644235454634051,Medium,Medium,Medium–Medium,,,0,no STRING match,no STRING match,2341,2400,1,1
3766,fig|6666666.1036479.peg.861,fig|6666666.1036479.peg.879,0.8608900964260101,0.0076462657960562645,High,Very Low,Very Low–High,,Rhs element Vgr protein; COG3501 Uncharacterized protein conserved in bacteria.,0,no STRING match,secondary STRING hit (STRING protein assigned to a better match),2665,2672,1,1
3767,fig|6666666.1036479.peg.3189,fig|6666666.1036479.peg.411,0.860880321264267,0.007648296137478478,Very Low,Low,Very Low–Low,,Hypothetical protein.,0,no STRING match,secondary STRING hit (STRING protein assigned to a better match),2462,2585,1,1
3768,fig|6666666.1036479.peg.2548,fig|6666666.1036479.peg.1785,0.8608705759048462,0.007650326478900692,High,Very Low,Very Low–High,,,0,no STRING match,no STRING match,2298,2898,1,1
3769,fig|6666666.1036479.peg.2960,fig|6666666.1036479.peg.236,0.8608698308467865,0.007652356820322906,Low,Very Low,Very Low–Low,,,0,no STRING match,no STRING match,2412,2552,1,1
3770,fig|6666666.1036479.peg.2501,fig|6666666.1036479.peg.2960,0.8608696460723877,0.007654387161745119,High,Low,Low–High,,,0,no STRING match,no STRING match,2265,2412,1,1
3771,fig|6666666.1036479.peg.2715,fig|6666666.1036479.peg.881,0.860868614912033,0.007656417503167333,Very Low,High,Very Low–High,,,0,no STRING match,no STRING match,2348,2674,1,1
3772,fig|6666666.1036479.peg.551,fig|6666666.1036479.peg.1947,0.8608636021614074,0.007658447844589546,Very Low,Medium,Very Low–Medium,,,0,no STRING match,no STRING match,2597,2930,1,1
3773,fig|6666666.1036479.peg.573,fig|6666666.1036479.peg.1649,0.8608388364315033,0.00766047818601176,Very Low,Very Low,Very Low–Very Low,Hypothetical protein.,YD repeat-containing protein; COG3209 Rhs family protein.,0,secondary STRING hit (STRING protein assigned to a better match),secondary STRING hit (STRING protein assigned to a better match),2601,2879,1,1
3774,fig|6666666.1036479.peg.3020,fig|6666666.1036479.peg.3254,0.8608208656311035,0.007662508527433973,Low,High,Low–High,,,0,no STRING match,no STRING match,2433,2505,1,3
3775,fig|6666666.1036479.peg.3020,fig|6666666.1036479.peg.22,0.8608208656311035,0.007664538868856187,Low,High,Low–High,,,0,no STRING match,no STRING match,2433,2505,1,3
3776,fig|6666666.1036479.peg.3020,fig|6666666.1036479.peg.170,0.8608208656311035,0.0076665692102784,Low,High,Low–High,,,0,no STRING match,no STRING match,2433,2505,1,3
3777,fig|6666666.1036479.peg.2623,fig|6666666.1036479.peg.866,0.8608114778995514,0.007668599551700614,Very Low,High,Very Low–High,,,0,no STRING match,no STRING match,2333,2667,1,1
3778,fig|6666666.1036479.peg.2843,fig|6666666.1036479.peg.887,0.8607995271682739,0.007670629893122827,Very Low,Medium,Very Low–Medium,,,0,no STRING match,no STRING match,2370,2680,1,1
3779,fig|6666666.1036479.peg.35,fig|6666666.1036479.peg.861,0.8607961535453796,0.007672660234545041,Very Low,High,Very Low–High,,,0,no STRING match,no STRING match,2523,2665,2,1
3780,fig|6666666.1036479.peg.183,fig|6666666.1036479.peg.861,0.8607961535453796,0.007674690575967254,Very Low,High,Very Low–High,,,0,no STRING match,no STRING match,2523,2665,2,1
3781,fig|6666666.1036479.peg.3187,fig|6666666.1036479.peg.2364,0.8607651472091675,0.007676720917389468,Very Low,Medium,Very Low–Medium,Hypothetical protein.,,0,secondary STRING hit (STRING protein assigned to a better match),no STRING match,2460,3022,1,1
3782,fig|6666666.1036479.peg.2501,fig|6666666.1036479.peg.2532,0.860763031244278,0.0076787512588116814,High,Low,Low–High,,,0,no STRING match,no STRING match,2265,2284,1,4
3783,fig|6666666.1036479.peg.2501,fig|6666666.1036479.peg.3171,0.860763031244278,0.007680781600233895,High,Low,Low–High,,,0,no STRING match,no STRING match,2265,2284,1,4
3784,fig|6666666.1036479.peg.2501,fig|6666666.1036479.peg.987,0.860763031244278,0.007682811941656109,High,Low,Low–High,,,0,no STRING match,no STRING match,2265,2284,1,4
3785,fig|6666666.1036479.peg.2501,fig|6666666.1036479.peg.2492,0.860763031244278,0.007684842283078323,High,Low,Low–High,,,0,no STRING match,no STRING match,2265,2284,1,4
3786,fig|6666666.1036479.peg.2920,fig|6666666.1036479.peg.1655,0.8607500672340394,0.007686872624500536,Very Low,Medium,Very Low–Medium,,,0,no STRING match,no STRING match,2397,2882,1,1
3787,fig|6666666.1036479.peg.1947,fig|6666666.1036479.peg.2469,0.8607182443141937,0.00768890296592275,Medium,Very Low,Very Low–Medium,,,0,no STRING match,no STRING match,2930,3042,1,1
3788,fig|6666666.1036479.peg.2960,fig|6666666.1036479.peg.2467,0.8607048213481903,0.007690933307344963,Low,Low,Low–Low,,,0,no STRING match,no STRING match,2412,3041,1,1
3789,fig|6666666.1036479.peg.2532,fig|6666666.1036479.peg.861,0.8607005178928375,0.007692963648767177,Low,High,Low–High,,,0,no STRING match,no STRING match,2284,2665,4,1
3790,fig|6666666.1036479.peg.3171,fig|6666666.1036479.peg.861,0.8607005178928375,0.00769499399018939,Low,High,Low–High,,,0,no STRING match,no STRING match,2284,2665,4,1
3791,fig|6666666.1036479.peg.861,fig|6666666.1036479.peg.987,0.8607005178928375,0.007697024331611604,High,Low,Low–High,,,0,no STRING match,no STRING match,2665,2284,1,4
3792,fig|6666666.1036479.peg.861,fig|6666666.1036479.peg.2492,0.8607005178928375,0.007699054673033817,High,Low,Low–High,,,0,no STRING match,no STRING match,2665,2284,1,4
3793,fig|6666666.1036479.peg.2535,fig|6666666.1036479.peg.38,0.860693734884262,0.007701085014456031,Very Low,Low,Very Low–Low,,,0,no STRING match,no STRING match,2285,2526,1,2
3794,fig|6666666.1036479.peg.2535,fig|6666666.1036479.peg.186,0.860693734884262,0.007703115355878244,Very Low,Low,Very Low–Low,,,0,no STRING match,no STRING match,2285,2526,1,2
3795,fig|6666666.1036479.peg.453,fig|6666666.1036479.peg.866,0.8606860041618347,0.007705145697300458,Very Low,High,Very Low–High,,,0,no STRING match,no STRING match,2592,2667,1,1
3796,fig|6666666.1036479.peg.1308,fig|6666666.1036479.peg.1943,0.8606672704219818,0.007707176038722671,Medium,Medium,Medium–Medium,,COG3103 SH3 domain protein.,0,no STRING match,secondary STRING hit (STRING protein assigned to a better match),2764,2926,1,1
3797,fig|6666666.1036479.peg.2960,fig|6666666.1036479.peg.740,0.860663253068924,0.007709206380144885,Low,Very Low,Very Low–Low,,,0,no STRING match,no STRING match,2412,2651,1,1
3798,fig|6666666.1036479.peg.208,fig|6666666.1036479.peg.861,0.8606514751911163,0.007711236721567098,Low,High,Low–High,,,0,no STRING match,no STRING match,2550,2665,1,1
3799,fig|6666666.1036479.peg.3231,fig|6666666.1036479.peg.1181,0.8606433212757111,0.007713267062989312,Very Low,Very Low,Very Low–Very Low,,,0,no STRING match,no STRING match,2482,2747,2,1
3800,fig|6666666.1036479.peg.147,fig|6666666.1036479.peg.1181,0.8606433212757111,0.007715297404411526,Very Low,Very Low,Very Low–Very Low,,,0,no STRING match,no STRING match,2482,2747,2,1
3801,fig|6666666.1036479.peg.3207,fig|6666666.1036479.peg.1617,0.8606429040431977,0.00771732774583374,Medium,Low,Low–Medium,,,0,no STRING match,no STRING match,2468,2864,1,2
3802,fig|6666666.1036479.peg.3207,fig|6666666.1036479.peg.1625,0.8606429040431977,0.007719358087255953,Medium,Low,Low–Medium,,,0,no STRING match,no STRING match,2468,2864,1,2
3803,fig|6666666.1036479.peg.38,fig|6666666.1036479.peg.1494,0.8606277406215668,0.007721388428678167,Low,Very Low,Very Low–Low,,,0,no STRING match,no STRING match,2526,2824,2,1
3804,fig|6666666.1036479.peg.186,fig|6666666.1036479.peg.1494,0.8606277406215668,0.00772341877010038,Low,Very Low,Very Low–Low,,,0,no STRING match,no STRING match,2526,2824,2,1
3805,fig|6666666.1036479.peg.2920,fig|6666666.1036479.peg.2454,0.8606155455112457,0.007725449111522594,Very Low,Medium,Very Low–Medium,,,0,no STRING match,no STRING match,2397,3037,1,1
3806,fig|6666666.1036479.peg.2679,fig|6666666.1036479.peg.2987,0.8606138706207276,0.007727479452944807,Medium,Very Low,Very Low–Medium,,,0,no STRING match,no STRING match,2342,2415,1,1
3807,fig|6666666.1036479.peg.2960,fig|6666666.1036479.peg.720,0.8606106340885162,0.007729509794367021,Low,High,Low–High,,,0,no STRING match,no STRING match,2412,2631,1,1
3808,fig|6666666.1036479.peg.2504,fig|6666666.1036479.peg.2025,0.8606026470661163,0.007731540135789234,Very Low,Very Low,Very Low–Very Low,,,0,no STRING match,no STRING match,2268,2950,1,1
3809,fig|6666666.1036479.peg.2809,fig|6666666.1036479.peg.3020,0.8605969190597534,0.007733570477211448,Very Low,Low,Very Low–Low,,,0,no STRING match,no STRING match,2357,2433,1,1
3810,fig|6666666.1036479.peg.1947,fig|6666666.1036479.peg.2352,0.8605957925319672,0.007735600818633661,Medium,Medium,Medium–Medium,,,0,no STRING match,no STRING match,2930,3020,1,1
3811,fig|6666666.1036479.peg.3233,fig|6666666.1036479.peg.410,0.8605908691883087,0.007737631160055875,Very Low,Very Low,Very Low–Very Low,,,0,no STRING match,no STRING match,2484,2584,2,1
3812,fig|6666666.1036479.peg.149,fig|6666666.1036479.peg.410,0.8605908691883087,0.007739661501478088,Very Low,Very Low,Very Low–Very Low,,,0,no STRING match,no STRING match,2484,2584,2,1
3813,fig|6666666.1036479.peg.2918,fig|6666666.1036479.peg.3107,0.8605895400047302,0.007741691842900302,Very Low,Very Low,Very Low–Very Low,,,0,no STRING match,no STRING match,2396,2444,1,1
3814,fig|6666666.1036479.peg.2672,fig|6666666.1036479.peg.1471,0.8605890393257141,0.007743722184322515,Medium,Very Low,Very Low–Medium,,,0,no STRING match,no STRING match,2341,2822,1,1
3815,fig|6666666.1036479.peg.2517,fig|6666666.1036479.peg.3017,0.8605871438980103,0.007745752525744729,Medium,Medium,Medium–Medium,,,0,no STRING match,no STRING match,2279,2430,1,1
3816,fig|6666666.1036479.peg.2672,fig|6666666.1036479.peg.3185,0.8605815470218658,0.007747782867166943,Medium,Very Low,Very Low–Medium,,,0,no STRING match,no STRING match,2341,2458,1,1
3817,fig|6666666.1036479.peg.2672,fig|6666666.1036479.peg.1755,0.8605683267116546,0.007749813208589157,Medium,Medium,Medium–Medium,,Hypothetical protein.,0,no STRING match,secondary STRING hit (STRING protein assigned to a better match),2341,2892,1,1
3818,fig|6666666.1036479.peg.3015,fig|6666666.1036479.peg.728,0.8605563223361969,0.00775184355001137,Low,Medium,Low–Medium,,,0,no STRING match,no STRING match,2428,2639,1,1
3819,fig|6666666.1036479.peg.3012,fig|6666666.1036479.peg.866,0.8605253159999847,0.007753873891433584,Low,High,Low–High,,,0,no STRING match,no STRING match,2427,2667,1,1
3820,fig|6666666.1036479.peg.3020,fig|6666666.1036479.peg.726,0.8605237483978272,0.007755904232855797,Low,Very Low,Very Low–Low,,,0,no STRING match,no STRING match,2433,2637,1,1
3821,fig|6666666.1036479.peg.2506,fig|6666666.1036479.peg.391,0.8604826927185059,0.007757934574278011,Very Low,Medium,Very Low–Medium,,,0,no STRING match,no STRING match,2270,2580,6,1
3822,fig|6666666.1036479.peg.2516,fig|6666666.1036479.peg.391,0.8604826927185059,0.007759964915700224,Very Low,Medium,Very Low–Medium,,,0,no STRING match,no STRING match,2270,2580,6,1
3823,fig|6666666.1036479.peg.2522,fig|6666666.1036479.peg.391,0.8604826927185059,0.007761995257122438,Very Low,Medium,Very Low–Medium,,,0,no STRING match,no STRING match,2270,2580,6,1
3824,fig|6666666.1036479.peg.391,fig|6666666.1036479.peg.974,0.8604826927185059,0.007764025598544651,Medium,Very Low,Very Low–Medium,,,0,no STRING match,no STRING match,2580,2270,1,6
3825,fig|6666666.1036479.peg.391,fig|6666666.1036479.peg.979,0.8604826927185059,0.007766055939966865,Medium,Very Low,Very Low–Medium,,,0,no STRING match,no STRING match,2580,2270,1,6
3826,fig|6666666.1036479.peg.391,fig|6666666.1036479.peg.2491,0.8604826927185059,0.007768086281389078,Medium,Very Low,Very Low–Medium,,,0,no STRING match,no STRING match,2580,2270,1,6
3827,fig|6666666.1036479.peg.2814,fig|6666666.1036479.peg.2948,0.8604815781116486,0.007770116622811292,Very Low,High,Very Low–High,,,0,no STRING match,no STRING match,2358,2410,1,1
3828,fig|6666666.1036479.peg.3010,fig|6666666.1036479.peg.89,0.8604796051979064,0.007772146964233505,Low,Very Low,Very Low–Low,,,0,no STRING match,no STRING match,2425,2542,1,1
3829,fig|6666666.1036479.peg.3191,fig|6666666.1036479.peg.866,0.860472559928894,0.007774177305655719,Medium,High,Medium–High,,,0,no STRING match,no STRING match,2464,2667,1,1
3830,fig|6666666.1036479.peg.3020,fig|6666666.1036479.peg.1567,0.8604707479476928,0.007776207647077932,Low,Low,Low–Low,,,0,no STRING match,no STRING match,2433,2839,1,1
3831,fig|6666666.1036479.peg.2948,fig|6666666.1036479.peg.1566,0.8604464709758759,0.007778237988500146,High,High,High–High,,,0,no STRING match,no STRING match,2410,2838,1,1
3832,fig|6666666.1036479.peg.2509,fig|6666666.1036479.peg.1947,0.8604239284992218,0.00778026832992236,Very Low,Medium,Very Low–Medium,,,0,no STRING match,no STRING match,2273,2930,15,1
3833,fig|6666666.1036479.peg.2513,fig|6666666.1036479.peg.1947,0.8604239284992218,0.007782298671344574,Very Low,Medium,Very Low–Medium,,,0,no STRING match,no STRING match,2273,2930,15,1
3834,fig|6666666.1036479.peg.2519,fig|6666666.1036479.peg.1947,0.8604239284992218,0.007784329012766787,Very Low,Medium,Very Low–Medium,,,0,no STRING match,no STRING match,2273,2930,15,1
3835,fig|6666666.1036479.peg.2526,fig|6666666.1036479.peg.1947,0.8604239284992218,0.007786359354189001,Very Low,Medium,Very Low–Medium,,,0,no STRING match,no STRING match,2273,2930,15,1
3836,fig|6666666.1036479.peg.2530,fig|6666666.1036479.peg.1947,0.8604239284992218,0.007788389695611214,Very Low,Medium,Very Low–Medium,,,0,no STRING match,no STRING match,2273,2930,15,1
3837,fig|6666666.1036479.peg.2534,fig|6666666.1036479.peg.1947,0.8604239284992218,0.007790420037033428,Very Low,Medium,Very Low–Medium,,,0,no STRING match,no STRING match,2273,2930,15,1
3838,fig|6666666.1036479.peg.3173,fig|6666666.1036479.peg.1947,0.8604239284992218,0.007792450378455641,Very Low,Medium,Very Low–Medium,,,0,no STRING match,no STRING match,2273,2930,15,1
3839,fig|6666666.1036479.peg.971,fig|6666666.1036479.peg.1947,0.8604239284992218,0.007794480719877855,Very Low,Medium,Very Low–Medium,,,0,no STRING match,no STRING match,2273,2930,15,1
3840,fig|6666666.1036479.peg.976,fig|6666666.1036479.peg.1947,0.8604239284992218,0.007796511061300068,Very Low,Medium,Very Low–Medium,,,0,no STRING match,no STRING match,2273,2930,15,1
3841,fig|6666666.1036479.peg.981,fig|6666666.1036479.peg.1947,0.8604239284992218,0.007798541402722282,Very Low,Medium,Very Low–Medium,,,0,no STRING match,no STRING match,2273,2930,15,1
3842,fig|6666666.1036479.peg.985,fig|6666666.1036479.peg.1947,0.8604239284992218,0.007800571744144495,Very Low,Medium,Very Low–Medium,,,0,no STRING match,no STRING match,2273,2930,15,1
3843,fig|6666666.1036479.peg.989,fig|6666666.1036479.peg.1947,0.8604239284992218,0.007802602085566709,Very Low,Medium,Very Low–Medium,,,0,no STRING match,no STRING match,2273,2930,15,1
3844,fig|6666666.1036479.peg.1947,fig|6666666.1036479.peg.2489,0.8604239284992218,0.007804632426988922,Medium,Very Low,Very Low–Medium,,,0,no STRING match,no STRING match,2930,2273,1,15
3845,fig|6666666.1036479.peg.1947,fig|6666666.1036479.peg.2494,0.8604239284992218,0.007806662768411136,Medium,Very Low,Very Low–Medium,,,0,no STRING match,no STRING match,2930,2273,1,15
3846,fig|6666666.1036479.peg.1947,fig|6666666.1036479.peg.2498,0.8604239284992218,0.007808693109833349,Medium,Very Low,Very Low–Medium,,,0,no STRING match,no STRING match,2930,2273,1,15
3847,fig|6666666.1036479.peg.861,fig|6666666.1036479.peg.1127,0.8604051470756531,0.007810723451255563,High,Low,Low–High,,Hypothetical protein.,0,no STRING match,secondary STRING hit (STRING protein assigned to a better match),2665,2743,1,1
3848,fig|6666666.1036479.peg.2547,fig|6666666.1036479.peg.89,0.8603879332542419,0.007812753792677776,Medium,Very Low,Very Low–Medium,,,0,no STRING match,no STRING match,2297,2542,1,1
3849,fig|6666666.1036479.peg.2547,fig|6666666.1036479.peg.2092,0.8603858411312103,0.00781478413409999,Medium,Medium,Medium–Medium,,,0,no STRING match,no STRING match,2297,2954,1,1
3850,fig|6666666.1036479.peg.3019,fig|6666666.1036479.peg.1113,0.860377436876297,0.007816814475522203,Very Low,Very Low,Very Low–Very Low,,,0,no STRING match,no STRING match,2432,2729,1,1
3851,fig|6666666.1036479.peg.2855,fig|6666666.1036479.peg.2960,0.860376501083374,0.007818844816944417,Very Low,Low,Very Low–Low,,,0,no STRING match,no STRING match,2374,2412,1,1
3852,fig|6666666.1036479.peg.289,fig|6666666.1036479.peg.881,0.8603666067123413,0.00782087515836663,High,High,High–High,Hypothetical protein.,,0,secondary STRING hit (STRING protein assigned to a better match),no STRING match,2559,2674,1,1
3853,fig|6666666.1036479.peg.471,fig|6666666.1036479.peg.2347,0.8603644371032715,0.007822905499788844,Low,Low,Low–Low,,,0,no STRING match,no STRING match,2593,3018,1,1
3854,fig|6666666.1036479.peg.2672,fig|6666666.1036479.peg.1754,0.860361760854721,0.007824935841211057,Medium,Medium,Medium–Medium,,Hypothetical protein.,0,no STRING match,secondary STRING hit (STRING protein assigned to a better match),2341,2891,1,1
3855,fig|6666666.1036479.peg.3191,fig|6666666.1036479.peg.3207,0.8603523552417756,0.00782696618263327,Medium,Medium,Medium–Medium,,,0,no STRING match,no STRING match,2464,2468,1,1
3856,fig|6666666.1036479.peg.2918,fig|6666666.1036479.peg.652,0.8603472113609314,0.007828996524055486,Very Low,Very Low,Very Low–Very Low,,,0,no STRING match,no STRING match,2396,2615,1,1
3857,fig|6666666.1036479.peg.3015,fig|6666666.1036479.peg.719,0.8603468418121338,0.0078310268654777,Low,Medium,Low–Medium,,,0,no STRING match,no STRING match,2428,2630,1,1
3858,fig|6666666.1036479.peg.3077,fig|6666666.1036479.peg.1289,0.8603366255760193,0.007833057206899913,Medium,Very Low,Very Low–Medium,,,0,no STRING match,no STRING match,2440,2762,1,1
3859,fig|6666666.1036479.peg.817,fig|6666666.1036479.peg.861,0.8603335916996002,0.007835087548322127,Low,High,Low–High,Phospholipid/glycerol acyltransferase; COG4258 Predicted exporter.,,0,secondary STRING hit (STRING protein assigned to a better match),no STRING match,2663,2665,1,1
3860,fig|6666666.1036479.peg.2509,fig|6666666.1036479.peg.2523,0.8603312313556671,0.00783711788974434,Very Low,Low,Very Low–Low,,,0,no STRING match,no STRING match,2273,2282,15,1
3861,fig|6666666.1036479.peg.2513,fig|6666666.1036479.peg.2523,0.8603312313556671,0.007839148231166554,Very Low,Low,Very Low–Low,,,0,no STRING match,no STRING match,2273,2282,15,1
3862,fig|6666666.1036479.peg.2519,fig|6666666.1036479.peg.2523,0.8603312313556671,0.007841178572588767,Very Low,Low,Very Low–Low,,,0,no STRING match,no STRING match,2273,2282,15,1
3863,fig|6666666.1036479.peg.2523,fig|6666666.1036479.peg.2526,0.8603312313556671,0.00784320891401098,Low,Very Low,Very Low–Low,,,0,no STRING match,no STRING match,2282,2273,1,15
3864,fig|6666666.1036479.peg.2523,fig|6666666.1036479.peg.2530,0.8603312313556671,0.007845239255433194,Low,Very Low,Very Low–Low,,,0,no STRING match,no STRING match,2282,2273,1,15
3865,fig|6666666.1036479.peg.2523,fig|6666666.1036479.peg.2534,0.8603312313556671,0.007847269596855408,Low,Very Low,Very Low–Low,,,0,no STRING match,no STRING match,2282,2273,1,15
3866,fig|6666666.1036479.peg.2523,fig|6666666.1036479.peg.3173,0.8603312313556671,0.007849299938277621,Low,Very Low,Very Low–Low,,,0,no STRING match,no STRING match,2282,2273,1,15
3867,fig|6666666.1036479.peg.2523,fig|6666666.1036479.peg.971,0.8603312313556671,0.007851330279699835,Low,Very Low,Very Low–Low,,,0,no STRING match,no STRING match,2282,2273,1,15
3868,fig|6666666.1036479.peg.2523,fig|6666666.1036479.peg.976,0.8603312313556671,0.007853360621122048,Low,Very Low,Very Low–Low,,,0,no STRING match,no STRING match,2282,2273,1,15
3869,fig|6666666.1036479.peg.2523,fig|6666666.1036479.peg.981,0.8603312313556671,0.007855390962544262,Low,Very Low,Very Low–Low,,,0,no STRING match,no STRING match,2282,2273,1,15
3870,fig|6666666.1036479.peg.2523,fig|6666666.1036479.peg.985,0.8603312313556671,0.007857421303966475,Low,Very Low,Very Low–Low,,,0,no STRING match,no STRING match,2282,2273,1,15
3871,fig|6666666.1036479.peg.2523,fig|6666666.1036479.peg.989,0.8603312313556671,0.007859451645388689,Low,Very Low,Very Low–Low,,,0,no STRING match,no STRING match,2282,2273,1,15
3872,fig|6666666.1036479.peg.2523,fig|6666666.1036479.peg.2489,0.8603312313556671,0.007861481986810902,Low,Very Low,Very Low–Low,,,0,no STRING match,no STRING match,2282,2273,1,15
3873,fig|6666666.1036479.peg.2523,fig|6666666.1036479.peg.2494,0.8603312313556671,0.007863512328233116,Low,Very Low,Very Low–Low,,,0,no STRING match,no STRING match,2282,2273,1,15
3874,fig|6666666.1036479.peg.2523,fig|6666666.1036479.peg.2498,0.8603312313556671,0.007865542669655329,Low,Very Low,Very Low–Low,,,0,no STRING match,no STRING match,2282,2273,1,15
3875,fig|6666666.1036479.peg.2501,fig|6666666.1036479.peg.2679,0.8603251218795777,0.007867573011077543,High,Medium,Medium–High,,,0,no STRING match,no STRING match,2265,2342,1,1
3876,fig|6666666.1036479.peg.236,fig|6666666.1036479.peg.2455,0.8603185713291168,0.007869603352499756,Very Low,Medium,Very Low–Medium,,,0,no STRING match,no STRING match,2552,3038,1,1
3877,fig|6666666.1036479.peg.2548,fig|6666666.1036479.peg.2703,0.8603082358837127,0.00787163369392197,High,Very Low,Very Low–High,,,0,no STRING match,no STRING match,2298,2344,1,1
3878,fig|6666666.1036479.peg.2548,fig|6666666.1036479.peg.879,0.8602891445159913,0.007873664035344183,High,Very Low,Very Low–High,,Rhs element Vgr protein; COG3501 Uncharacterized protein conserved in bacteria.,0,no STRING match,secondary STRING hit (STRING protein assigned to a better match),2298,2672,1,1
3879,fig|6666666.1036479.peg.723,fig|6666666.1036479.peg.1300,0.8602858781814575,0.007875694376766397,High,Low,Low–High,,,0,no STRING match,no STRING match,2634,2763,1,1
3880,fig|6666666.1036479.peg.2843,fig|6666666.1036479.peg.2405,0.8602687358856201,0.00787772471818861,Very Low,Medium,Very Low–Medium,,Hypothetical protein; COG0605 Superoxide dismutase.,0,no STRING match,secondary STRING hit (STRING protein assigned to a better match),2370,3029,1,1
3881,fig|6666666.1036479.peg.866,fig|6666666.1036479.peg.2454,0.860267287492752,0.007879755059610824,High,Medium,Medium–High,,,0,no STRING match,no STRING match,2667,3037,1,1
3882,fig|6666666.1036479.peg.2679,fig|6666666.1036479.peg.1494,0.8602605998516083,0.007881785401033037,Medium,Very Low,Very Low–Medium,,,0,no STRING match,no STRING match,2342,2824,1,1
3883,fig|6666666.1036479.peg.1080,fig|6666666.1036479.peg.1947,0.8602598667144775,0.00788381574245525,High,Medium,Medium–High,,,0,no STRING match,no STRING match,2712,2930,1,1
3884,fig|6666666.1036479.peg.2547,fig|6666666.1036479.peg.3184,0.8602580249309539,0.007885846083877464,Medium,Very Low,Very Low–Medium,,,0,no STRING match,no STRING match,2297,2457,1,1
3885,fig|6666666.1036479.peg.3185,fig|6666666.1036479.peg.861,0.8602548360824585,0.007887876425299678,Very Low,High,Very Low–High,,,0,no STRING match,no STRING match,2458,2665,1,1
3886,fig|6666666.1036479.peg.2536,fig|6666666.1036479.peg.1300,0.860254031419754,0.007889906766721891,Very Low,Low,Very Low–Low,,,0,no STRING match,no STRING match,2286,2763,1,1
3887,fig|6666666.1036479.peg.411,fig|6666666.1036479.peg.1632,0.8602391541004181,0.007891937108144105,Low,Very Low,Very Low–Low,Hypothetical protein.,,0,secondary STRING hit (STRING protein assigned to a better match),no STRING match,2585,2870,1,2
3888,fig|6666666.1036479.peg.411,fig|6666666.1036479.peg.1639,0.8602391541004181,0.00789396744956632,Low,Very Low,Very Low–Low,Hypothetical protein.,,0,secondary STRING hit (STRING protein assigned to a better match),no STRING match,2585,2870,1,2
3889,fig|6666666.1036479.peg.881,fig|6666666.1036479.peg.1857,0.8602386355400086,0.007895997790988533,High,Medium,Medium–High,,,0,no STRING match,no STRING match,2674,2910,1,1
3890,fig|6666666.1036479.peg.2988,fig|6666666.1036479.peg.1080,0.8602367103099823,0.007898028132410747,Medium,High,Medium–High,Hypothetical protein.,,0,secondary STRING hit (STRING protein assigned to a better match),no STRING match,2416,2712,1,1
3891,fig|6666666.1036479.peg.3107,fig|6666666.1036479.peg.1947,0.8602340519428253,0.00790005847383296,Very Low,Medium,Very Low–Medium,,,0,no STRING match,no STRING match,2444,2930,1,1
3892,fig|6666666.1036479.peg.2988,fig|6666666.1036479.peg.3187,0.8602203011512757,0.007902088815255174,Medium,Very Low,Very Low–Medium,Hypothetical protein.,Hypothetical protein.,0,secondary STRING hit (STRING protein assigned to a better match),secondary STRING hit (STRING protein assigned to a better match),2416,2460,1,1
3893,fig|6666666.1036479.peg.3020,fig|6666666.1036479.peg.2352,0.8601999342441559,0.007904119156677387,Low,Medium,Low–Medium,,,0,no STRING match,no STRING match,2433,3020,1,1
3894,fig|6666666.1036479.peg.2944,fig|6666666.1036479.peg.370,0.8601926565170288,0.007906149498099601,Low,High,Low–High,,,0,no STRING match,no STRING match,2407,2579,1,1
3895,fig|6666666.1036479.peg.2761,fig|6666666.1036479.peg.1308,0.8601843655109406,0.007908179839521814,Low,Medium,Low–Medium,,,0,no STRING match,no STRING match,2352,2764,1,1
3896,fig|6666666.1036479.peg.3020,fig|6666666.1036479.peg.3142,0.8601660847663879,0.007910210180944028,Low,Low,Low–Low,,,0,no STRING match,no STRING match,2433,2448,1,1
3897,fig|6666666.1036479.peg.881,fig|6666666.1036479.peg.1655,0.8601649165153503,0.007912240522366241,High,Medium,Medium–High,,,0,no STRING match,no STRING match,2674,2882,1,1
3898,fig|6666666.1036479.peg.2509,fig|6666666.1036479.peg.1416,0.8601577699184417,0.007914270863788455,Very Low,Medium,Very Low–Medium,,,0,no STRING match,no STRING match,2273,2817,15,1
3899,fig|6666666.1036479.peg.2513,fig|6666666.1036479.peg.1416,0.8601577699184417,0.007916301205210668,Very Low,Medium,Very Low–Medium,,,0,no STRING match,no STRING match,2273,2817,15,1
3900,fig|6666666.1036479.peg.2519,fig|6666666.1036479.peg.1416,0.8601577699184417,0.007918331546632882,Very Low,Medium,Very Low–Medium,,,0,no STRING match,no STRING match,2273,2817,15,1
3901,fig|6666666.1036479.peg.2526,fig|6666666.1036479.peg.1416,0.8601577699184417,0.007920361888055096,Very Low,Medium,Very Low–Medium,,,0,no STRING match,no STRING match,2273,2817,15,1
3902,fig|6666666.1036479.peg.2530,fig|6666666.1036479.peg.1416,0.8601577699184417,0.007922392229477309,Very Low,Medium,Very Low–Medium,,,0,no STRING match,no STRING match,2273,2817,15,1
3903,fig|6666666.1036479.peg.2534,fig|6666666.1036479.peg.1416,0.8601577699184417,0.007924422570899523,Very Low,Medium,Very Low–Medium,,,0,no STRING match,no STRING match,2273,2817,15,1
3904,fig|6666666.1036479.peg.3173,fig|6666666.1036479.peg.1416,0.8601577699184417,0.007926452912321736,Very Low,Medium,Very Low–Medium,,,0,no STRING match,no STRING match,2273,2817,15,1
3905,fig|6666666.1036479.peg.971,fig|6666666.1036479.peg.1416,0.8601577699184417,0.00792848325374395,Very Low,Medium,Very Low–Medium,,,0,no STRING match,no STRING match,2273,2817,15,1
3906,fig|6666666.1036479.peg.976,fig|6666666.1036479.peg.1416,0.8601577699184417,0.007930513595166163,Very Low,Medium,Very Low–Medium,,,0,no STRING match,no STRING match,2273,2817,15,1
3907,fig|6666666.1036479.peg.981,fig|6666666.1036479.peg.1416,0.8601577699184417,0.007932543936588377,Very Low,Medium,Very Low–Medium,,,0,no STRING match,no STRING match,2273,2817,15,1
3908,fig|6666666.1036479.peg.985,fig|6666666.1036479.peg.1416,0.8601577699184417,0.00793457427801059,Very Low,Medium,Very Low–Medium,,,0,no STRING match,no STRING match,2273,2817,15,1
3909,fig|6666666.1036479.peg.989,fig|6666666.1036479.peg.1416,0.8601577699184417,0.007936604619432804,Very Low,Medium,Very Low–Medium,,,0,no STRING match,no STRING match,2273,2817,15,1
3910,fig|6666666.1036479.peg.1416,fig|6666666.1036479.peg.2489,0.8601577699184417,0.007938634960855017,Medium,Very Low,Very Low–Medium,,,0,no STRING match,no STRING match,2817,2273,1,15
3911,fig|6666666.1036479.peg.1416,fig|6666666.1036479.peg.2494,0.8601577699184417,0.00794066530227723,Medium,Very Low,Very Low–Medium,,,0,no STRING match,no STRING match,2817,2273,1,15
3912,fig|6666666.1036479.peg.1416,fig|6666666.1036479.peg.2498,0.8601577699184417,0.007942695643699444,Medium,Very Low,Very Low–Medium,,,0,no STRING match,no STRING match,2817,2273,1,15
3913,fig|6666666.1036479.peg.2920,fig|6666666.1036479.peg.740,0.8601399838924408,0.007944725985121658,Very Low,Very Low,Very Low–Very Low,,,0,no STRING match,no STRING match,2397,2651,1,1
3914,fig|6666666.1036479.peg.3077,fig|6666666.1036479.peg.2347,0.8601396560668946,0.007946756326543871,Medium,Low,Low–Medium,,,0,no STRING match,no STRING match,2440,3018,1,1
3915,fig|6666666.1036479.peg.2987,fig|6666666.1036479.peg.2025,0.8601054728031159,0.007948786667966085,Very Low,Very Low,Very Low–Very Low,,,0,no STRING match,no STRING match,2415,2950,1,1
3916,fig|6666666.1036479.peg.2988,fig|6666666.1036479.peg.1649,0.8601048290729523,0.007950817009388298,Medium,Very Low,Very Low–Medium,Hypothetical protein.,YD repeat-containing protein; COG3209 Rhs family protein.,0,secondary STRING hit (STRING protein assigned to a better match),secondary STRING hit (STRING protein assigned to a better match),2416,2879,1,1
3917,fig|6666666.1036479.peg.370,fig|6666666.1036479.peg.2327,0.8600996673107147,0.007952847350810512,High,Medium,Medium–High,,,0,no STRING match,no STRING match,2579,3016,1,1
3918,fig|6666666.1036479.peg.2988,fig|6666666.1036479.peg.1962,0.8600932896137238,0.007954877692232725,Medium,Medium,Medium–Medium,Hypothetical protein.,,0,secondary STRING hit (STRING protein assigned to a better match),no STRING match,2416,2944,1,1
3919,fig|6666666.1036479.peg.2924,fig|6666666.1036479.peg.1308,0.8600779235363006,0.007956908033654939,Very Low,Medium,Very Low–Medium,,,0,no STRING match,no STRING match,2401,2764,1,1
3920,fig|6666666.1036479.peg.1947,fig|6666666.1036479.peg.2278,0.8600643634796142,0.007958938375077154,Medium,Low,Low–Medium,,,0,no STRING match,no STRING match,2930,3005,1,1
3921,fig|6666666.1036479.peg.2920,fig|6666666.1036479.peg.3017,0.8600568532943725,0.007960968716499367,Very Low,Medium,Very Low–Medium,,,0,no STRING match,no STRING match,2397,2430,1,1
3922,fig|6666666.1036479.peg.289,fig|6666666.1036479.peg.728,0.8600391745567322,0.00796299905792158,High,Medium,Medium–High,Hypothetical protein.,,0,secondary STRING hit (STRING protein assigned to a better match),no STRING match,2559,2639,1,1
3923,fig|6666666.1036479.peg.573,fig|6666666.1036479.peg.721,0.8600248456001282,0.007965029399343794,Very Low,High,Very Low–High,Hypothetical protein.,Yd repeat protein; COG3209 Rhs family protein.,0,secondary STRING hit (STRING protein assigned to a better match),secondary STRING hit (STRING protein assigned to a better match),2601,2632,1,1
3924,fig|6666666.1036479.peg.1947,fig|6666666.1036479.peg.1959,0.8600109875202179,0.007967059740766008,Medium,Low,Low–Medium,,,0,no STRING match,no STRING match,2930,2941,1,1
3925,fig|6666666.1036479.peg.1496,fig|6666666.1036479.peg.1947,0.8599993169307709,0.007969090082188221,Very Low,Medium,Very Low–Medium,,,0,no STRING match,no STRING match,2826,2930,1,1
3926,fig|6666666.1036479.peg.3231,fig|6666666.1036479.peg.289,0.8599973559379578,0.007971120423610435,Very Low,High,Very Low–High,,Hypothetical protein.,0,no STRING match,secondary STRING hit (STRING protein assigned to a better match),2482,2559,2,1
3927,fig|6666666.1036479.peg.147,fig|6666666.1036479.peg.289,0.8599973559379578,0.007973150765032648,Very Low,High,Very Low–High,,Hypothetical protein.,0,no STRING match,secondary STRING hit (STRING protein assigned to a better match),2482,2559,2,1
3928,fig|6666666.1036479.peg.2547,fig|6666666.1036479.peg.3010,0.8599927067756653,0.007975181106454862,Medium,Low,Low–Medium,,,0,no STRING match,no STRING match,2297,2425,1,1
3929,fig|6666666.1036479.peg.3231,fig|6666666.1036479.peg.723,0.8599904537200928,0.007977211447877075,Very Low,High,Very Low–High,,,0,no STRING match,no STRING match,2482,2634,2,1
3930,fig|6666666.1036479.peg.147,fig|6666666.1036479.peg.723,0.8599904537200928,0.007979241789299289,Very Low,High,Very Low–High,,,0,no STRING match,no STRING match,2482,2634,2,1
3931,fig|6666666.1036479.peg.1566,fig|6666666.1036479.peg.1567,0.8599814176559448,0.007981272130721502,High,Low,Low–High,,,0,no STRING match,no STRING match,2838,2839,1,1
3932,fig|6666666.1036479.peg.40,fig|6666666.1036479.peg.1289,0.8599783420562744,0.007983302472143716,Very Low,Very Low,Very Low–Very Low,,,0,no STRING match,no STRING match,2528,2762,2,1
3933,fig|6666666.1036479.peg.188,fig|6666666.1036479.peg.1289,0.8599783420562744,0.00798533281356593,Very Low,Very Low,Very Low–Very Low,,,0,no STRING match,no STRING match,2528,2762,2,1
3934,fig|6666666.1036479.peg.2548,fig|6666666.1036479.peg.2928,0.8599675714969635,0.007987363154988143,High,Very Low,Very Low–High,,,0,no STRING match,no STRING match,2298,2403,1,1
3935,fig|6666666.1036479.peg.2918,fig|6666666.1036479.peg.3033,0.8599655330181122,0.007989393496410356,Very Low,Low,Very Low–Low,,,0,no STRING match,no STRING match,2396,2437,1,1
3936,fig|6666666.1036479.peg.726,fig|6666666.1036479.peg.1289,0.8599573016166687,0.00799142383783257,Very Low,Very Low,Very Low–Very Low,,,0,no STRING match,no STRING match,2637,2762,1,1
3937,fig|6666666.1036479.peg.2855,fig|6666666.1036479.peg.3231,0.8599556386470795,0.007993454179254783,Very Low,Very Low,Very Low–Very Low,,,0,no STRING match,no STRING match,2374,2482,1,2
3938,fig|6666666.1036479.peg.2855,fig|6666666.1036479.peg.147,0.8599556386470795,0.007995484520676997,Very Low,Very Low,Very Low–Very Low,,,0,no STRING match,no STRING match,2374,2482,1,2
3939,fig|6666666.1036479.peg.2539,fig|6666666.1036479.peg.3017,0.8599391043186188,0.00799751486209921,Low,Medium,Low–Medium,,,0,no STRING match,no STRING match,2289,2430,1,1
3940,fig|6666666.1036479.peg.725,fig|6666666.1036479.peg.2106,0.8599281191825867,0.007999545203521424,Very Low,High,Very Low–High,,Hypothetical protein.,0,no STRING match,secondary STRING hit (STRING protein assigned to a better match),2636,2959,1,1
3941,fig|6666666.1036479.peg.3207,fig|6666666.1036479.peg.1655,0.8599240183830261,0.008001575544943637,Medium,Medium,Medium–Medium,,,0,no STRING match,no STRING match,2468,2882,1,1
3942,fig|6666666.1036479.peg.31,fig|6666666.1036479.peg.411,0.8599200665950775,0.008003605886365851,Very Low,Low,Very Low–Low,,Hypothetical protein.,0,no STRING match,secondary STRING hit (STRING protein assigned to a better match),2519,2585,2,1
3943,fig|6666666.1036479.peg.179,fig|6666666.1036479.peg.411,0.8599200665950775,0.008005636227788064,Very Low,Low,Very Low–Low,,Hypothetical protein.,0,no STRING match,secondary STRING hit (STRING protein assigned to a better match),2519,2585,2,1
3944,fig|6666666.1036479.peg.3079,fig|6666666.1036479.peg.861,0.8599153101444245,0.008007666569210278,Very Low,High,Very Low–High,,,0,no STRING match,no STRING match,2442,2665,1,1
3945,fig|6666666.1036479.peg.3017,fig|6666666.1036479.peg.2467,0.8599150955677033,0.008009696910632491,Medium,Low,Low–Medium,,,0,no STRING match,no STRING match,2430,3041,1,1
3946,fig|6666666.1036479.peg.3015,fig|6666666.1036479.peg.2348,0.8598999738693237,0.008011727252054705,Low,High,Low–High,,,0,no STRING match,no STRING match,2428,3019,1,1
3947,fig|6666666.1036479.peg.1655,fig|6666666.1036479.peg.2364,0.8598980009555817,0.008013757593476918,Medium,Medium,Medium–Medium,,,0,no STRING match,no STRING match,2882,3022,1,1
3948,fig|6666666.1036479.peg.2987,fig|6666666.1036479.peg.1566,0.8598967850208282,0.008015787934899132,Very Low,High,Very Low–High,,,0,no STRING match,no STRING match,2415,2838,1,1
3949,fig|6666666.1036479.peg.2503,fig|6666666.1036479.peg.1300,0.8598893523216248,0.008017818276321345,Very Low,Low,Very Low–Low,,,0,no STRING match,no STRING match,2267,2763,1,1
3950,fig|6666666.1036479.peg.2535,fig|6666666.1036479.peg.2948,0.8598886072635651,0.008019848617743559,Very Low,High,Very Low–High,,,0,no STRING match,no STRING match,2285,2410,1,1
3951,fig|6666666.1036479.peg.2548,fig|6666666.1036479.peg.1649,0.8598886072635651,0.008021878959165772,High,Very Low,Very Low–High,,YD repeat-containing protein; COG3209 Rhs family protein.,0,no STRING match,secondary STRING hit (STRING protein assigned to a better match),2298,2879,1,1
3952,fig|6666666.1036479.peg.3209,fig|6666666.1036479.peg.881,0.859879469871521,0.008023909300587988,Medium,High,Medium–High,,,0,no STRING match,no STRING match,2469,2674,1,1
3953,fig|6666666.1036479.peg.89,fig|6666666.1036479.peg.1074,0.859875476360321,0.008025939642010201,Very Low,High,Very Low–High,,,0,no STRING match,no STRING match,2542,2706,1,1
3954,fig|6666666.1036479.peg.2548,fig|6666666.1036479.peg.1851,0.8598752737045288,0.008027969983432415,High,Very Low,Very Low–High,,,0,no STRING match,no STRING match,2298,2908,1,1
3955,fig|6666666.1036479.peg.2505,fig|6666666.1036479.peg.3020,0.8598344147205352,0.008030000324854628,Very Low,Low,Very Low–Low,,,0,no STRING match,no STRING match,2269,2433,1,1
3956,fig|6666666.1036479.peg.3188,fig|6666666.1036479.peg.1657,0.8598079562187195,0.008032030666276842,Medium,Medium,Medium–Medium,,,0,no STRING match,no STRING match,2461,2883,1,1
3957,fig|6666666.1036479.peg.2923,fig|6666666.1036479.peg.861,0.8597886145114899,0.008034061007699055,Medium,High,Medium–High,,,0,no STRING match,no STRING match,2400,2665,1,1
3958,fig|6666666.1036479.peg.2944,fig|6666666.1036479.peg.881,0.859785670042038,0.008036091349121269,Low,High,Low–High,,,0,no STRING match,no STRING match,2407,2674,1,1
3959,fig|6666666.1036479.peg.391,fig|6666666.1036479.peg.2348,0.8597835779190064,0.008038121690543482,Medium,High,Medium–High,,,0,no STRING match,no STRING match,2580,3019,1,1
3960,fig|6666666.1036479.peg.3020,fig|6666666.1036479.peg.2158,0.8597833573818207,0.008040152031965696,Low,Very Low,Very Low–Low,,,0,no STRING match,no STRING match,2433,2979,1,1
3961,fig|6666666.1036479.peg.2960,fig|6666666.1036479.peg.723,0.8597774982452393,0.00804218237338791,Low,High,Low–High,,,0,no STRING match,no STRING match,2412,2634,1,1
3962,fig|6666666.1036479.peg.2920,fig|6666666.1036479.peg.1943,0.8597669959068298,0.008044212714810123,Very Low,Medium,Very Low–Medium,,COG3103 SH3 domain protein.,0,no STRING match,secondary STRING hit (STRING protein assigned to a better match),2397,2926,1,1
3963,fig|6666666.1036479.peg.2536,fig|6666666.1036479.peg.866,0.8597655773162842,0.008046243056232336,Very Low,High,Very Low–High,,,0,no STRING match,no STRING match,2286,2667,1,1
3964,fig|6666666.1036479.peg.861,fig|6666666.1036479.peg.894,0.8597556233406067,0.00804827339765455,High,Very Low,Very Low–High,,,0,no STRING match,no STRING match,2665,2686,1,1
3965,fig|6666666.1036479.peg.866,fig|6666666.1036479.peg.1115,0.8597347855567932,0.008050303739076763,High,Very Low,Very Low–High,,,0,no STRING match,no STRING match,2667,2731,1,1
3966,fig|6666666.1036479.peg.3142,fig|6666666.1036479.peg.1566,0.8597280085086823,0.008052334080498977,Low,High,Low–High,,,0,no STRING match,no STRING match,2448,2838,1,1
3967,fig|6666666.1036479.peg.3077,fig|6666666.1036479.peg.2348,0.8597265005111694,0.00805436442192119,Medium,High,Medium–High,,,0,no STRING match,no STRING match,2440,3019,1,1
3968,fig|6666666.1036479.peg.2929,fig|6666666.1036479.peg.3188,0.8597113132476807,0.008056394763343404,Very Low,Medium,Very Low–Medium,Hypothetical protein.,,0,secondary STRING hit (STRING protein assigned to a better match),no STRING match,2404,2461,1,1
3969,fig|6666666.1036479.peg.3254,fig|6666666.1036479.peg.573,0.8597080826759338,0.008058425104765617,High,Very Low,Very Low–High,,Hypothetical protein.,0,no STRING match,secondary STRING hit (STRING protein assigned to a better match),2505,2601,3,1
3970,fig|6666666.1036479.peg.22,fig|6666666.1036479.peg.573,0.8597080826759338,0.00806045544618783,High,Very Low,Very Low–High,,Hypothetical protein.,0,no STRING match,secondary STRING hit (STRING protein assigned to a better match),2505,2601,3,1
3971,fig|6666666.1036479.peg.170,fig|6666666.1036479.peg.573,0.8597080826759338,0.008062485787610044,High,Very Low,Very Low–High,,Hypothetical protein.,0,no STRING match,secondary STRING hit (STRING protein assigned to a better match),2505,2601,3,1
3972,fig|6666666.1036479.peg.2541,fig|6666666.1036479.peg.861,0.8597059726715088,0.008064516129032258,Very Low,High,Very Low–High,,,0,no STRING match,no STRING match,2291,2665,1,1
3973,fig|6666666.1036479.peg.885,fig|6666666.1036479.peg.1289,0.8597021639347077,0.008066546470454471,Medium,Very Low,Very Low–Medium,,,0,no STRING match,no STRING match,2678,2762,1,1
3974,fig|6666666.1036479.peg.2520,fig|6666666.1036479.peg.3020,0.8597007393836975,0.008068576811876685,Very Low,Low,Very Low–Low,,,0,no STRING match,no STRING match,2280,2433,1,1
3975,fig|6666666.1036479.peg.2672,fig|6666666.1036479.peg.3012,0.8596998393535614,0.008070607153298898,Medium,Low,Low–Medium,,,0,no STRING match,no STRING match,2341,2427,1,1
3976,fig|6666666.1036479.peg.2969,fig|6666666.1036479.peg.1300,0.859695416688919,0.008072637494721112,Very Low,Low,Very Low–Low,,,0,no STRING match,no STRING match,2414,2763,1,1
3977,fig|6666666.1036479.peg.2960,fig|6666666.1036479.peg.1092,0.8596833050251007,0.008074667836143325,Low,Very Low,Very Low–Low,,,0,no STRING match,no STRING match,2412,2715,1,1
3978,fig|6666666.1036479.peg.2571,fig|6666666.1036479.peg.2364,0.8596733331680297,0.008076698177565539,Medium,Medium,Medium–Medium,,,0,no STRING match,no STRING match,2316,3022,1,1
3979,fig|6666666.1036479.peg.2545,fig|6666666.1036479.peg.1300,0.8596657454967499,0.008078728518987752,Very Low,Low,Very Low–Low,,,0,no STRING match,no STRING match,2295,2763,7,1
3980,fig|6666666.1036479.peg.2567,fig|6666666.1036479.peg.1300,0.8596657454967499,0.008080758860409966,Very Low,Low,Very Low–Low,,,0,no STRING match,no STRING match,2295,2763,7,1
3981,fig|6666666.1036479.peg.1300,fig|6666666.1036479.peg.1573,0.8596657454967499,0.00808278920183218,Low,Very Low,Very Low–Low,,,0,no STRING match,no STRING match,2763,2295,1,7
3982,fig|6666666.1036479.peg.1300,fig|6666666.1036479.peg.1586,0.8596657454967499,0.008084819543254393,Low,Very Low,Very Low–Low,,,0,no STRING match,no STRING match,2763,2295,1,7
3983,fig|6666666.1036479.peg.1300,fig|6666666.1036479.peg.1597,0.8596657454967499,0.008086849884676606,Low,Very Low,Very Low–Low,,,0,no STRING match,no STRING match,2763,2295,1,7
3984,fig|6666666.1036479.peg.1300,fig|6666666.1036479.peg.1619,0.8596657454967499,0.008088880226098822,Low,Very Low,Very Low–Low,,,0,no STRING match,no STRING match,2763,2295,1,7
3985,fig|6666666.1036479.peg.1300,fig|6666666.1036479.peg.1643,0.8596657454967499,0.008090910567521035,Low,Very Low,Very Low–Low,,,0,no STRING match,no STRING match,2763,2295,1,7
3986,fig|6666666.1036479.peg.1119,fig|6666666.1036479.peg.1602,0.8596605718135834,0.008092940908943249,Very Low,Very Low,Very Low–Very Low,,,0,no STRING match,no STRING match,2735,2860,1,2
3987,fig|6666666.1036479.peg.1119,fig|6666666.1036479.peg.1609,0.8596605718135834,0.008094971250365462,Very Low,Very Low,Very Low–Very Low,,,0,no STRING match,no STRING match,2735,2860,1,2
3988,fig|6666666.1036479.peg.2556,fig|6666666.1036479.peg.881,0.8596567392349244,0.008097001591787676,High,High,High–High,,,0,no STRING match,no STRING match,2306,2674,2,1
3989,fig|6666666.1036479.peg.2564,fig|6666666.1036479.peg.881,0.8596567392349244,0.00809903193320989,High,High,High–High,,,0,no STRING match,no STRING match,2306,2674,2,1
3990,fig|6666666.1036479.peg.2504,fig|6666666.1036479.peg.3033,0.8596498191356658,0.008101062274632103,Very Low,Low,Very Low–Low,,,0,no STRING match,no STRING match,2268,2437,1,1
3991,fig|6666666.1036479.peg.3248,fig|6666666.1036479.peg.410,0.8596408009529114,0.008103092616054316,Very Low,Very Low,Very Low–Very Low,,,0,no STRING match,no STRING match,2499,2584,3,1
3992,fig|6666666.1036479.peg.16,fig|6666666.1036479.peg.410,0.8596408009529114,0.00810512295747653,Very Low,Very Low,Very Low–Very Low,,,0,no STRING match,no STRING match,2499,2584,3,1
3993,fig|6666666.1036479.peg.164,fig|6666666.1036479.peg.410,0.8596408009529114,0.008107153298898743,Very Low,Very Low,Very Low–Very Low,,,0,no STRING match,no STRING match,2499,2584,3,1
3994,fig|6666666.1036479.peg.2960,fig|6666666.1036479.peg.1377,0.8596316576004028,0.008109183640320957,Low,Very Low,Very Low–Low,,,0,no STRING match,no STRING match,2412,2809,1,1
3995,fig|6666666.1036479.peg.3011,fig|6666666.1036479.peg.861,0.8596258878707885,0.00811121398174317,High,High,High–High,,,0,no STRING match,no STRING match,2426,2665,1,1
3996,fig|6666666.1036479.peg.3254,fig|6666666.1036479.peg.1947,0.8596228718757629,0.008113244323165384,High,Medium,Medium–High,,,0,no STRING match,no STRING match,2505,2930,3,1
3997,fig|6666666.1036479.peg.22,fig|6666666.1036479.peg.1947,0.8596228718757629,0.008115274664587597,High,Medium,Medium–High,,,0,no STRING match,no STRING match,2505,2930,3,1
3998,fig|6666666.1036479.peg.170,fig|6666666.1036479.peg.1947,0.8596228718757629,0.00811730500600981,High,Medium,Medium–High,,,0,no STRING match,no STRING match,2505,2930,3,1
3999,fig|6666666.1036479.peg.728,fig|6666666.1036479.peg.1080,0.859601616859436,0.008119335347432024,Medium,High,Medium–High,,,0,no STRING match,no STRING match,2639,2712,1,1
4000,fig|6666666.1036479.peg.3223,fig|6666666.1036479.peg.2025,0.8595992803573609,0.008121365688854238,High,Very Low,Very Low–High,,,0,no STRING match,no STRING match,2474,2950,2,1
4001,fig|6666666.1036479.peg.139,fig|6666666.1036479.peg.2025,0.8595992803573609,0.008123396030276451,High,Very Low,Very Low–High,,,0,no STRING match,no STRING match,2474,2950,2,1
4002,fig|6666666.1036479.peg.2571,fig|6666666.1036479.peg.573,0.8595972955226898,0.008125426371698665,Medium,Very Low,Very Low–Medium,,Hypothetical protein.,0,no STRING match,secondary STRING hit (STRING protein assigned to a better match),2316,2601,1,1
4003,fig|6666666.1036479.peg.2988,fig|6666666.1036479.peg.1953,0.859586215019226,0.008127456713120878,Medium,Low,Low–Medium,Hypothetical protein.,,0,secondary STRING hit (STRING protein assigned to a better match),no STRING match,2416,2935,1,1
4004,fig|6666666.1036479.peg.1,fig|6666666.1036479.peg.881,0.8595840394496918,0.008129487054543092,Very Low,High,Very Low–High,,,0,no STRING match,no STRING match,2509,2674,1,1
4005,fig|6666666.1036479.peg.289,fig|6666666.1036479.peg.719,0.8595767378807068,0.008131517395965305,High,Medium,Medium–High,Hypothetical protein.,,0,secondary STRING hit (STRING protein assigned to a better match),no STRING match,2559,2630,1,1
4006,fig|6666666.1036479.peg.2510,fig|6666666.1036479.peg.3231,0.8595448315143586,0.008133547737387519,Very Low,Very Low,Very Low–Very Low,,,0,no STRING match,no STRING match,2274,2482,12,2
4007,fig|6666666.1036479.peg.2510,fig|6666666.1036479.peg.147,0.8595448315143586,0.008135578078809732,Very Low,Very Low,Very Low–Very Low,,,0,no STRING match,no STRING match,2274,2482,12,2
4008,fig|6666666.1036479.peg.2527,fig|6666666.1036479.peg.3231,0.8595448315143586,0.008137608420231946,Very Low,Very Low,Very Low–Very Low,,,0,no STRING match,no STRING match,2274,2482,12,2
4009,fig|6666666.1036479.peg.2527,fig|6666666.1036479.peg.147,0.8595448315143586,0.00813963876165416,Very Low,Very Low,Very Low–Very Low,,,0,no STRING match,no STRING match,2274,2482,12,2
4010,fig|6666666.1036479.peg.2531,fig|6666666.1036479.peg.3231,0.8595448315143586,0.008141669103076373,Very Low,Very Low,Very Low–Very Low,,,0,no STRING match,no STRING match,2274,2482,12,2
4011,fig|6666666.1036479.peg.2531,fig|6666666.1036479.peg.147,0.8595448315143586,0.008143699444498586,Very Low,Very Low,Very Low–Very Low,,,0,no STRING match,no STRING match,2274,2482,12,2
4012,fig|6666666.1036479.peg.3174,fig|6666666.1036479.peg.3231,0.8595448315143586,0.0081457297859208,Very Low,Very Low,Very Low–Very Low,,,0,no STRING match,no STRING match,2274,2482,12,2
4013,fig|6666666.1036479.peg.3174,fig|6666666.1036479.peg.147,0.8595448315143586,0.008147760127343013,Very Low,Very Low,Very Low–Very Low,,,0,no STRING match,no STRING match,2274,2482,12,2
4014,fig|6666666.1036479.peg.3231,fig|6666666.1036479.peg.970,0.8595448315143586,0.008149790468765227,Very Low,Very Low,Very Low–Very Low,,,0,no STRING match,no STRING match,2482,2274,2,12
4015,fig|6666666.1036479.peg.3231,fig|6666666.1036479.peg.975,0.8595448315143586,0.00815182081018744,Very Low,Very Low,Very Low–Very Low,,,0,no STRING match,no STRING match,2482,2274,2,12
4016,fig|6666666.1036479.peg.3231,fig|6666666.1036479.peg.980,0.8595448315143586,0.008153851151609656,Very Low,Very Low,Very Low–Very Low,,,0,no STRING match,no STRING match,2482,2274,2,12
4017,fig|6666666.1036479.peg.3231,fig|6666666.1036479.peg.984,0.8595448315143586,0.008155881493031869,Very Low,Very Low,Very Low–Very Low,,,0,no STRING match,no STRING match,2482,2274,2,12
4018,fig|6666666.1036479.peg.3231,fig|6666666.1036479.peg.988,0.8595448315143586,0.008157911834454083,Very Low,Very Low,Very Low–Very Low,,,0,no STRING match,no STRING match,2482,2274,2,12
4019,fig|6666666.1036479.peg.3231,fig|6666666.1036479.peg.2490,0.8595448315143586,0.008159942175876296,Very Low,Very Low,Very Low–Very Low,,,0,no STRING match,no STRING match,2482,2274,2,12
4020,fig|6666666.1036479.peg.3231,fig|6666666.1036479.peg.2495,0.8595448315143586,0.00816197251729851,Very Low,Very Low,Very Low–Very Low,,,0,no STRING match,no STRING match,2482,2274,2,12
4021,fig|6666666.1036479.peg.3231,fig|6666666.1036479.peg.2499,0.8595448315143586,0.008164002858720723,Very Low,Very Low,Very Low–Very Low,,,0,no STRING match,no STRING match,2482,2274,2,12
4022,fig|6666666.1036479.peg.147,fig|6666666.1036479.peg.970,0.8595448315143586,0.008166033200142937,Very Low,Very Low,Very Low–Very Low,,,0,no STRING match,no STRING match,2482,2274,2,12
4023,fig|6666666.1036479.peg.147,fig|6666666.1036479.peg.975,0.8595448315143586,0.00816806354156515,Very Low,Very Low,Very Low–Very Low,,,0,no STRING match,no STRING match,2482,2274,2,12
4024,fig|6666666.1036479.peg.147,fig|6666666.1036479.peg.980,0.8595448315143586,0.008170093882987364,Very Low,Very Low,Very Low–Very Low,,,0,no STRING match,no STRING match,2482,2274,2,12
4025,fig|6666666.1036479.peg.147,fig|6666666.1036479.peg.984,0.8595448315143586,0.008172124224409577,Very Low,Very Low,Very Low–Very Low,,,0,no STRING match,no STRING match,2482,2274,2,12
4026,fig|6666666.1036479.peg.147,fig|6666666.1036479.peg.988,0.8595448315143586,0.00817415456583179,Very Low,Very Low,Very Low–Very Low,,,0,no STRING match,no STRING match,2482,2274,2,12
4027,fig|6666666.1036479.peg.147,fig|6666666.1036479.peg.2490,0.8595448315143586,0.008176184907254004,Very Low,Very Low,Very Low–Very Low,,,0,no STRING match,no STRING match,2482,2274,2,12
4028,fig|6666666.1036479.peg.147,fig|6666666.1036479.peg.2495,0.8595448315143586,0.008178215248676218,Very Low,Very Low,Very Low–Very Low,,,0,no STRING match,no STRING match,2482,2274,2,12
4029,fig|6666666.1036479.peg.147,fig|6666666.1036479.peg.2499,0.8595448315143586,0.008180245590098431,Very Low,Very Low,Very Low–Very Low,,,0,no STRING match,no STRING match,2482,2274,2,12
4030,fig|6666666.1036479.peg.2347,fig|6666666.1036479.peg.2467,0.8595388531684875,0.008182275931520645,Low,Low,Low–Low,,,0,no STRING match,no STRING match,3018,3041,1,1
4031,fig|6666666.1036479.peg.370,fig|6666666.1036479.peg.731,0.8595385134220124,0.008184306272942858,High,Low,Low–High,,,0,no STRING match,no STRING match,2579,2642,1,1
4032,fig|6666666.1036479.peg.573,fig|6666666.1036479.peg.2404,0.8595375120639801,0.008186336614365072,Very Low,Medium,Very Low–Medium,Hypothetical protein.,Hypothetical protein; COG0605 Superoxide dismutase.,0,secondary STRING hit (STRING protein assigned to a better match),secondary STRING hit (STRING protein assigned to a better match),2601,3028,1,1
4033,fig|6666666.1036479.peg.2672,fig|6666666.1036479.peg.1753,0.8595335602760314,0.008188366955787285,Medium,Medium,Medium–Medium,,Hypothetical protein.,0,no STRING match,secondary STRING hit (STRING protein assigned to a better match),2341,2890,1,1
4034,fig|6666666.1036479.peg.2539,fig|6666666.1036479.peg.2348,0.8595281660556793,0.008190397297209499,Low,High,Low–High,,,0,no STRING match,no STRING match,2289,3019,1,1
4035,fig|6666666.1036479.peg.391,fig|6666666.1036479.peg.1947,0.8595257043838501,0.008192427638631712,Medium,Medium,Medium–Medium,,,0,no STRING match,no STRING match,2580,2930,1,1
4036,fig|6666666.1036479.peg.1308,fig|6666666.1036479.peg.1655,0.8595160245895386,0.008194457980053926,Medium,Medium,Medium–Medium,,,0,no STRING match,no STRING match,2764,2882,1,1
4037,fig|6666666.1036479.peg.894,fig|6666666.1036479.peg.1289,0.8595096290111541,0.00819648832147614,Very Low,Very Low,Very Low–Very Low,,,0,no STRING match,no STRING match,2686,2762,1,1
4038,fig|6666666.1036479.peg.208,fig|6666666.1036479.peg.866,0.859480482339859,0.008198518662898353,Low,High,Low–High,,,0,no STRING match,no STRING match,2550,2667,1,1
4039,fig|6666666.1036479.peg.1947,fig|6666666.1036479.peg.1953,0.859479832649231,0.008200549004320566,Medium,Low,Low–Medium,,,0,no STRING match,no STRING match,2930,2935,1,1
4040,fig|6666666.1036479.peg.2654,fig|6666666.1036479.peg.3017,0.8594769537448883,0.00820257934574278,High,Medium,Medium–High,,,0,no STRING match,no STRING match,2337,2430,1,1
4041,fig|6666666.1036479.peg.411,fig|6666666.1036479.peg.1178,0.8594559848308563,0.008204609687164993,Low,Very Low,Very Low–Low,Hypothetical protein.,,0,secondary STRING hit (STRING protein assigned to a better match),no STRING match,2585,2745,1,1
4042,fig|6666666.1036479.peg.2918,fig|6666666.1036479.peg.1567,0.8594296693801879,0.008206640028587207,Very Low,Low,Very Low–Low,,,0,no STRING match,no STRING match,2396,2839,1,1
4043,fig|6666666.1036479.peg.3078,fig|6666666.1036479.peg.3231,0.8594195306301117,0.00820867037000942,Medium,Very Low,Very Low–Medium,,,0,no STRING match,no STRING match,2441,2482,1,2
4044,fig|6666666.1036479.peg.3078,fig|6666666.1036479.peg.147,0.8594195306301117,0.008210700711431634,Medium,Very Low,Very Low–Medium,,,0,no STRING match,no STRING match,2441,2482,1,2
4045,fig|6666666.1036479.peg.2960,fig|6666666.1036479.peg.889,0.8593999683856964,0.008212731052853847,Low,Low,Low–Low,,,0,no STRING match,no STRING match,2412,2682,1,1
4046,fig|6666666.1036479.peg.1080,fig|6666666.1036479.peg.1215,0.8593753755092621,0.00821476139427606,High,Low,Low–High,,,0,no STRING match,no STRING match,2712,2751,1,1
4047,fig|6666666.1036479.peg.2506,fig|6666666.1036479.peg.861,0.8593417048454285,0.008216791735698274,Very Low,High,Very Low–High,,,0,no STRING match,no STRING match,2270,2665,6,1
4048,fig|6666666.1036479.peg.2516,fig|6666666.1036479.peg.861,0.8593417048454285,0.00821882207712049,Very Low,High,Very Low–High,,,0,no STRING match,no STRING match,2270,2665,6,1
4049,fig|6666666.1036479.peg.2522,fig|6666666.1036479.peg.861,0.8593417048454285,0.008220852418542703,Very Low,High,Very Low–High,,,0,no STRING match,no STRING match,2270,2665,6,1
4050,fig|6666666.1036479.peg.861,fig|6666666.1036479.peg.974,0.8593417048454285,0.008222882759964916,High,Very Low,Very Low–High,,,0,no STRING match,no STRING match,2665,2270,1,6
4051,fig|6666666.1036479.peg.861,fig|6666666.1036479.peg.979,0.8593417048454285,0.00822491310138713,High,Very Low,Very Low–High,,,0,no STRING match,no STRING match,2665,2270,1,6
4052,fig|6666666.1036479.peg.861,fig|6666666.1036479.peg.2491,0.8593417048454285,0.008226943442809343,High,Very Low,Very Low–High,,,0,no STRING match,no STRING match,2665,2270,1,6
4053,fig|6666666.1036479.peg.2987,fig|6666666.1036479.peg.573,0.8593224048614502,0.008228973784231557,Very Low,Very Low,Very Low–Very Low,,Hypothetical protein.,0,no STRING match,secondary STRING hit (STRING protein assigned to a better match),2415,2601,1,1
4054,fig|6666666.1036479.peg.2948,fig|6666666.1036479.peg.40,0.8593221247196198,0.00823100412565377,High,Very Low,Very Low–High,,,0,no STRING match,no STRING match,2410,2528,1,2
4055,fig|6666666.1036479.peg.2948,fig|6666666.1036479.peg.188,0.8593221247196198,0.008233034467075984,High,Very Low,Very Low–High,,,0,no STRING match,no STRING match,2410,2528,1,2
4056,fig|6666666.1036479.peg.1265,fig|6666666.1036479.peg.1289,0.8593194842338562,0.008235064808498197,Low,Very Low,Very Low–Low,,,0,no STRING match,no STRING match,2760,2762,1,1
4057,fig|6666666.1036479.peg.2539,fig|6666666.1036479.peg.573,0.859292060136795,0.008237095149920411,Low,Very Low,Very Low–Low,,Hypothetical protein.,0,no STRING match,secondary STRING hit (STRING protein assigned to a better match),2289,2601,1,1
4058,fig|6666666.1036479.peg.3020,fig|6666666.1036479.peg.74,0.8592896580696106,0.008239125491342624,Low,Very Low,Very Low–Low,,,0,no STRING match,no STRING match,2433,2538,1,1
4059,fig|6666666.1036479.peg.2548,fig|6666666.1036479.peg.564,0.8592857658863068,0.008241155832764838,High,Very Low,Very Low–High,,,0,no STRING match,no STRING match,2298,2600,1,1
4060,fig|6666666.1036479.peg.1289,fig|6666666.1036479.peg.2165,0.8592576801776886,0.008243186174187052,Very Low,Very Low,Very Low–Very Low,,,0,no STRING match,no STRING match,2762,2986,1,1
4061,fig|6666666.1036479.peg.2524,fig|6666666.1036479.peg.1339,0.8592526972293854,0.008245216515609265,Low,Very Low,Very Low–Low,,,0,no STRING match,no STRING match,2283,2779,1,1
4062,fig|6666666.1036479.peg.2548,fig|6666666.1036479.peg.2155,0.8592475831508637,0.008247246857031479,High,Very Low,Very Low–High,,,0,no STRING match,no STRING match,2298,2976,1,1
4063,fig|6666666.1036479.peg.392,fig|6666666.1036479.peg.1947,0.8592280864715576,0.008249277198453692,Very Low,Medium,Very Low–Medium,,,0,no STRING match,no STRING match,2581,2930,1,1
4064,fig|6666666.1036479.peg.411,fig|6666666.1036479.peg.1835,0.8592222988605499,0.008251307539875906,Low,Very Low,Very Low–Low,Hypothetical protein.,,0,secondary STRING hit (STRING protein assigned to a better match),no STRING match,2585,2906,1,1
4065,fig|6666666.1036479.peg.2988,fig|6666666.1036479.peg.3254,0.8592196404933929,0.008253337881298119,Medium,High,Medium–High,Hypothetical protein.,,0,secondary STRING hit (STRING protein assigned to a better match),no STRING match,2416,2505,1,3
4066,fig|6666666.1036479.peg.2988,fig|6666666.1036479.peg.22,0.8592196404933929,0.008255368222720333,Medium,High,Medium–High,Hypothetical protein.,,0,secondary STRING hit (STRING protein assigned to a better match),no STRING match,2416,2505,1,3
4067,fig|6666666.1036479.peg.2988,fig|6666666.1036479.peg.170,0.8592196404933929,0.008257398564142546,Medium,High,Medium–High,Hypothetical protein.,,0,secondary STRING hit (STRING protein assigned to a better match),no STRING match,2416,2505,1,3
4068,fig|6666666.1036479.peg.2523,fig|6666666.1036479.peg.2348,0.8592081367969513,0.00825942890556476,Low,High,Low–High,,,0,no STRING match,no STRING match,2282,3019,1,1
4069,fig|6666666.1036479.peg.3012,fig|6666666.1036479.peg.881,0.8591921627521515,0.008261459246986973,Low,High,Low–High,,,0,no STRING match,no STRING match,2427,2674,1,1
4070,fig|6666666.1036479.peg.3184,fig|6666666.1036479.peg.2455,0.8591674029827118,0.008263489588409187,Very Low,Medium,Very Low–Medium,,,0,no STRING match,no STRING match,2457,3038,1,1
4071,fig|6666666.1036479.peg.866,fig|6666666.1036479.peg.1951,0.8591596901416778,0.0082655199298314,High,High,High–High,,,0,no STRING match,no STRING match,2667,2934,1,1
4072,fig|6666666.1036479.peg.2960,fig|6666666.1036479.peg.3004,0.85915247797966,0.008267550271253614,Low,Very Low,Very Low–Low,,,0,no STRING match,no STRING match,2412,2419,1,1
4073,fig|6666666.1036479.peg.1114,fig|6666666.1036479.peg.1289,0.8591458261013031,0.008269580612675827,Very Low,Very Low,Very Low–Very Low,,,0,no STRING match,no STRING match,2730,2762,1,1
4074,fig|6666666.1036479.peg.2987,fig|6666666.1036479.peg.1308,0.8591342031955719,0.00827161095409804,Very Low,Medium,Very Low–Medium,,,0,no STRING match,no STRING match,2415,2764,1,1
4075,fig|6666666.1036479.peg.2532,fig|6666666.1036479.peg.3077,0.859113997220993,0.008273641295520254,Low,Medium,Low–Medium,,,0,no STRING match,no STRING match,2284,2440,4,1
4076,fig|6666666.1036479.peg.3077,fig|6666666.1036479.peg.3171,0.859113997220993,0.008275671636942468,Medium,Low,Low–Medium,,,0,no STRING match,no STRING match,2440,2284,1,4
4077,fig|6666666.1036479.peg.3077,fig|6666666.1036479.peg.987,0.859113997220993,0.008277701978364681,Medium,Low,Low–Medium,,,0,no STRING match,no STRING match,2440,2284,1,4
4078,fig|6666666.1036479.peg.3077,fig|6666666.1036479.peg.2492,0.859113997220993,0.008279732319786895,Medium,Low,Low–Medium,,,0,no STRING match,no STRING match,2440,2284,1,4
4079,fig|6666666.1036479.peg.3020,fig|6666666.1036479.peg.2404,0.8591100454330445,0.008281762661209108,Low,Medium,Low–Medium,,Hypothetical protein; COG0605 Superoxide dismutase.,0,no STRING match,secondary STRING hit (STRING protein assigned to a better match),2433,3028,1,1
4080,fig|6666666.1036479.peg.3017,fig|6666666.1036479.peg.3107,0.8590951681137085,0.008283793002631323,Medium,Very Low,Very Low–Medium,,,0,no STRING match,no STRING match,2430,2444,1,1
4081,fig|6666666.1036479.peg.2535,fig|6666666.1036479.peg.3020,0.8590277791023254,0.008285823344053537,Very Low,Low,Very Low–Low,,,0,no STRING match,no STRING match,2285,2433,1,1
4082,fig|6666666.1036479.peg.3223,fig|6666666.1036479.peg.391,0.8590179681777954,0.00828785368547575,High,Medium,Medium–High,,,0,no STRING match,no STRING match,2474,2580,2,1
4083,fig|6666666.1036479.peg.139,fig|6666666.1036479.peg.391,0.8590179681777954,0.008289884026897964,High,Medium,Medium–High,,,0,no STRING match,no STRING match,2474,2580,2,1
4084,fig|6666666.1036479.peg.881,fig|6666666.1036479.peg.1471,0.858997505903244,0.008291914368320177,High,Very Low,Very Low–High,,,0,no STRING match,no STRING match,2674,2822,1,1
4085,fig|6666666.1036479.peg.2855,fig|6666666.1036479.peg.1947,0.8589883983135224,0.008293944709742391,Very Low,Medium,Very Low–Medium,,,0,no STRING match,no STRING match,2374,2930,1,1
4086,fig|6666666.1036479.peg.2948,fig|6666666.1036479.peg.1894,0.8589853882789612,0.008295975051164604,High,Medium,Medium–High,,Hypothetical protein.,0,no STRING match,secondary STRING hit (STRING protein assigned to a better match),2410,2912,1,1
4087,fig|6666666.1036479.peg.861,fig|6666666.1036479.peg.2384,0.858980017900467,0.008298005392586818,High,Medium,Medium–High,,,0,no STRING match,no STRING match,2665,3025,1,1
4088,fig|6666666.1036479.peg.861,fig|6666666.1036479.peg.1105,0.8589385330677033,0.008300035734009031,High,Very Low,Very Low–High,,,0,no STRING match,no STRING match,2665,2722,1,1
4089,fig|6666666.1036479.peg.1947,fig|6666666.1036479.peg.2327,0.8589293837547303,0.008302066075431245,Medium,Medium,Medium–Medium,,,0,no STRING match,no STRING match,2930,3016,1,1
4090,fig|6666666.1036479.peg.2524,fig|6666666.1036479.peg.2679,0.8588802814483643,0.008304096416853458,Low,Medium,Low–Medium,,,0,no STRING match,no STRING match,2283,2342,1,1
4091,fig|6666666.1036479.peg.1289,fig|6666666.1036479.peg.2454,0.8588508367538452,0.008306126758275672,Very Low,Medium,Very Low–Medium,,,0,no STRING match,no STRING match,2762,3037,1,1
4092,fig|6666666.1036479.peg.3188,fig|6666666.1036479.peg.881,0.8588506937026977,0.008308157099697885,Medium,High,Medium–High,,,0,no STRING match,no STRING match,2461,2674,1,1
4093,fig|6666666.1036479.peg.1080,fig|6666666.1036479.peg.1567,0.8588505804538726,0.008310187441120099,High,Low,Low–High,,,0,no STRING match,no STRING match,2712,2839,1,1
4094,fig|6666666.1036479.peg.2920,fig|6666666.1036479.peg.1,0.858847689628601,0.008312217782542312,Very Low,Very Low,Very Low–Very Low,,,0,no STRING match,no STRING match,2397,2509,1,1
4095,fig|6666666.1036479.peg.2960,fig|6666666.1036479.peg.3079,0.8588383078575135,0.008314248123964526,Low,Very Low,Very Low–Low,,,0,no STRING match,no STRING match,2412,2442,1,1
4096,fig|6666666.1036479.peg.652,fig|6666666.1036479.peg.1566,0.8588121235370636,0.00831627846538674,Very Low,High,Very Low–High,,,0,no STRING match,no STRING match,2615,2838,1,1
4097,fig|6666666.1036479.peg.1300,fig|6666666.1036479.peg.1471,0.8587902307510376,0.008318308806808953,Low,Very Low,Very Low–Low,,,0,no STRING match,no STRING match,2763,2822,1,1
4098,fig|6666666.1036479.peg.3142,fig|6666666.1036479.peg.1080,0.858776432275772,0.008320339148231166,Low,High,Low–High,,,0,no STRING match,no STRING match,2448,2712,1,1
4099,fig|6666666.1036479.peg.289,fig|6666666.1036479.peg.1300,0.858770203590393,0.00832236948965338,High,Low,Low–High,Hypothetical protein.,,0,secondary STRING hit (STRING protein assigned to a better match),no STRING match,2559,2763,1,1
4100,fig|6666666.1036479.peg.2523,fig|6666666.1036479.peg.861,0.8587675809860229,0.008324399831075593,Low,High,Low–High,,,0,no STRING match,no STRING match,2282,2665,1,1
4101,fig|6666666.1036479.peg.881,fig|6666666.1036479.peg.1447,0.8587671399116517,0.008326430172497807,High,Low,Low–High,,,0,no STRING match,no STRING match,2674,2821,1,1
4102,fig|6666666.1036479.peg.731,fig|6666666.1036479.peg.861,0.8587512135505676,0.00832846051392002,Low,High,Low–High,,,0,no STRING match,no STRING match,2642,2665,1,1
4103,fig|6666666.1036479.peg.2843,fig|6666666.1036479.peg.411,0.8587453305721283,0.008330490855342234,Very Low,Low,Very Low–Low,,Hypothetical protein.,0,no STRING match,secondary STRING hit (STRING protein assigned to a better match),2370,2585,1,1
4104,fig|6666666.1036479.peg.2654,fig|6666666.1036479.peg.1566,0.858742481470108,0.008332521196764447,High,High,High–High,,,0,no STRING match,no STRING match,2337,2838,1,1
4105,fig|6666666.1036479.peg.3008,fig|6666666.1036479.peg.3231,0.858733206987381,0.008334551538186661,Medium,Very Low,Very Low–Medium,,,0,no STRING match,no STRING match,2423,2482,1,2
4106,fig|6666666.1036479.peg.3008,fig|6666666.1036479.peg.147,0.858733206987381,0.008336581879608874,Medium,Very Low,Very Low–Medium,,,0,no STRING match,no STRING match,2423,2482,1,2
4107,fig|6666666.1036479.peg.3020,fig|6666666.1036479.peg.1649,0.8587317168712616,0.008338612221031088,Low,Very Low,Very Low–Low,,YD repeat-containing protein; COG3209 Rhs family protein.,0,no STRING match,secondary STRING hit (STRING protein assigned to a better match),2433,2879,1,1
4108,fig|6666666.1036479.peg.2540,fig|6666666.1036479.peg.2960,0.8587291002273559,0.008340642562453301,Medium,Low,Low–Medium,,,0,no STRING match,no STRING match,2290,2412,1,1
4109,fig|6666666.1036479.peg.2988,fig|6666666.1036479.peg.885,0.858727616071701,0.008342672903875515,Medium,Medium,Medium–Medium,Hypothetical protein.,,0,secondary STRING hit (STRING protein assigned to a better match),no STRING match,2416,2678,1,1
4110,fig|6666666.1036479.peg.2524,fig|6666666.1036479.peg.3077,0.8587244927883149,0.008344703245297728,Low,Medium,Low–Medium,,,0,no STRING match,no STRING match,2283,2440,1,1
4111,fig|6666666.1036479.peg.3222,fig|6666666.1036479.peg.2093,0.8587136149406434,0.008346733586719942,Medium,Medium,Medium–Medium,,,0,no STRING match,no STRING match,2473,2955,2,1
4112,fig|6666666.1036479.peg.138,fig|6666666.1036479.peg.2093,0.8587136149406434,0.008348763928142157,Medium,Medium,Medium–Medium,,,0,no STRING match,no STRING match,2473,2955,2,1
4113,fig|6666666.1036479.peg.411,fig|6666666.1036479.peg.732,0.8587021887302398,0.00835079426956437,Low,Medium,Low–Medium,Hypothetical protein.,,0,secondary STRING hit (STRING protein assigned to a better match),no STRING match,2585,2643,1,1
4114,fig|6666666.1036479.peg.2988,fig|6666666.1036479.peg.721,0.8586986303329468,0.008352824610986584,Medium,High,Medium–High,Hypothetical protein.,Yd repeat protein; COG3209 Rhs family protein.,0,secondary STRING hit (STRING protein assigned to a better match),secondary STRING hit (STRING protein assigned to a better match),2416,2632,1,1
4115,fig|6666666.1036479.peg.3207,fig|6666666.1036479.peg.740,0.8586964786052704,0.008354854952408798,Medium,Very Low,Very Low–Medium,,,0,no STRING match,no STRING match,2468,2651,1,1
4116,fig|6666666.1036479.peg.2948,fig|6666666.1036479.peg.652,0.858694463968277,0.008356885293831011,High,Very Low,Very Low–High,,,0,no STRING match,no STRING match,2410,2615,1,1
4117,fig|6666666.1036479.peg.573,fig|6666666.1036479.peg.1953,0.8586914300918579,0.008358915635253225,Very Low,Low,Very Low–Low,Hypothetical protein.,,0,secondary STRING hit (STRING protein assigned to a better match),no STRING match,2601,2935,1,1
4118,fig|6666666.1036479.peg.2512,fig|6666666.1036479.peg.1300,0.8586514472961426,0.008360945976675438,Very Low,Low,Very Low–Low,,,0,no STRING match,no STRING match,2276,2763,13,1
4119,fig|6666666.1036479.peg.2518,fig|6666666.1036479.peg.1300,0.8586514472961426,0.008362976318097652,Very Low,Low,Very Low–Low,,,0,no STRING match,no STRING match,2276,2763,13,1
4120,fig|6666666.1036479.peg.2525,fig|6666666.1036479.peg.1300,0.8586514472961426,0.008365006659519865,Very Low,Low,Very Low–Low,,,0,no STRING match,no STRING match,2276,2763,13,1
4121,fig|6666666.1036479.peg.2529,fig|6666666.1036479.peg.1300,0.8586514472961426,0.008367037000942079,Very Low,Low,Very Low–Low,,,0,no STRING match,no STRING match,2276,2763,13,1
4122,fig|6666666.1036479.peg.2533,fig|6666666.1036479.peg.1300,0.8586514472961426,0.008369067342364292,Very Low,Low,Very Low–Low,,,0,no STRING match,no STRING match,2276,2763,13,1
4123,fig|6666666.1036479.peg.3172,fig|6666666.1036479.peg.1300,0.8586514472961426,0.008371097683786506,Very Low,Low,Very Low–Low,,,0,no STRING match,no STRING match,2276,2763,13,1
4124,fig|6666666.1036479.peg.972,fig|6666666.1036479.peg.1300,0.8586514472961426,0.00837312802520872,Very Low,Low,Very Low–Low,,,0,no STRING match,no STRING match,2276,2763,13,1
4125,fig|6666666.1036479.peg.977,fig|6666666.1036479.peg.1300,0.8586514472961426,0.008375158366630933,Very Low,Low,Very Low–Low,,,0,no STRING match,no STRING match,2276,2763,13,1
4126,fig|6666666.1036479.peg.982,fig|6666666.1036479.peg.1300,0.8586514472961426,0.008377188708053146,Very Low,Low,Very Low–Low,,,0,no STRING match,no STRING match,2276,2763,13,1
4127,fig|6666666.1036479.peg.986,fig|6666666.1036479.peg.1300,0.8586514472961426,0.00837921904947536,Very Low,Low,Very Low–Low,,,0,no STRING match,no STRING match,2276,2763,13,1
4128,fig|6666666.1036479.peg.990,fig|6666666.1036479.peg.1300,0.8586514472961426,0.008381249390897573,Very Low,Low,Very Low–Low,,,0,no STRING match,no STRING match,2276,2763,13,1
4129,fig|6666666.1036479.peg.1300,fig|6666666.1036479.peg.2488,0.8586514472961426,0.008383279732319787,Low,Very Low,Very Low–Low,,,0,no STRING match,no STRING match,2763,2276,1,13
4130,fig|6666666.1036479.peg.1300,fig|6666666.1036479.peg.2493,0.8586514472961426,0.008385310073742,Low,Very Low,Very Low–Low,,,0,no STRING match,no STRING match,2763,2276,1,13
4131,fig|6666666.1036479.peg.2814,fig|6666666.1036479.peg.3017,0.858642441034317,0.008387340415164214,Very Low,Medium,Very Low–Medium,,,0,no STRING match,no STRING match,2358,2430,1,1
4132,fig|6666666.1036479.peg.2672,fig|6666666.1036479.peg.1350,0.858619213104248,0.008389370756586427,Medium,Medium,Medium–Medium,,,0,no STRING match,no STRING match,2341,2788,1,1
4133,fig|6666666.1036479.peg.1947,fig|6666666.1036479.peg.2404,0.8586087167263031,0.00839140109800864,Medium,Medium,Medium–Medium,,Hypothetical protein; COG0605 Superoxide dismutase.,0,no STRING match,secondary STRING hit (STRING protein assigned to a better match),2930,3028,1,1
4134,fig|6666666.1036479.peg.2571,fig|6666666.1036479.peg.1289,0.8585924088954926,0.008393431439430854,Medium,Very Low,Very Low–Medium,,,0,no STRING match,no STRING match,2316,2762,1,1
4135,fig|6666666.1036479.peg.573,fig|6666666.1036479.peg.1962,0.8585783004760742,0.008395461780853068,Very Low,Medium,Very Low–Medium,Hypothetical protein.,,0,secondary STRING hit (STRING protein assigned to a better match),no STRING match,2601,2944,1,1
4136,fig|6666666.1036479.peg.817,fig|6666666.1036479.peg.881,0.8585725843906402,0.008397492122275281,Low,High,Low–High,Phospholipid/glycerol acyltransferase; COG4258 Predicted exporter.,,0,secondary STRING hit (STRING protein assigned to a better match),no STRING match,2663,2674,1,1
4137,fig|6666666.1036479.peg.2761,fig|6666666.1036479.peg.3020,0.8585681140422821,0.008399522463697495,Low,Low,Low–Low,,,0,no STRING match,no STRING match,2352,2433,1,1
4138,fig|6666666.1036479.peg.2539,fig|6666666.1036479.peg.2918,0.8585592687129975,0.008401552805119708,Low,Very Low,Very Low–Low,,,0,no STRING match,no STRING match,2289,2396,1,1
4139,fig|6666666.1036479.peg.38,fig|6666666.1036479.peg.1409,0.8585591077804565,0.008403583146541922,Low,Medium,Low–Medium,,,0,no STRING match,no STRING match,2526,2812,2,1
4140,fig|6666666.1036479.peg.186,fig|6666666.1036479.peg.1409,0.8585591077804565,0.008405613487964135,Low,Medium,Low–Medium,,,0,no STRING match,no STRING match,2526,2812,2,1
4141,fig|6666666.1036479.peg.2987,fig|6666666.1036479.peg.2348,0.8585477292537689,0.008407643829386349,Very Low,High,Very Low–High,,,0,no STRING match,no STRING match,2415,3019,1,1
4142,fig|6666666.1036479.peg.2524,fig|6666666.1036479.peg.1494,0.8585464894771576,0.008409674170808562,Low,Very Low,Very Low–Low,,,0,no STRING match,no STRING match,2283,2824,1,1
4143,fig|6666666.1036479.peg.2517,fig|6666666.1036479.peg.1566,0.8585301220417023,0.008411704512230776,Medium,High,Medium–High,,,0,no STRING match,no STRING match,2279,2838,1,1
4144,fig|6666666.1036479.peg.861,fig|6666666.1036479.peg.1950,0.8585242331027985,0.008413734853652991,High,Very Low,Very Low–High,,,0,no STRING match,no STRING match,2665,2933,1,1
4145,fig|6666666.1036479.peg.2572,fig|6666666.1036479.peg.861,0.8585078120231628,0.008415765195075205,Very Low,High,Very Low–High,Yd repeat protein; COG3209 Rhs family protein.,,0,secondary STRING hit (STRING protein assigned to a better match),no STRING match,2317,2665,1,1
4146,fig|6666666.1036479.peg.2920,fig|6666666.1036479.peg.1080,0.8584887385368347,0.008417795536497418,Very Low,High,Very Low–High,,,0,no STRING match,no STRING match,2397,2712,1,1
4147,fig|6666666.1036479.peg.2511,fig|6666666.1036479.peg.411,0.8584828078746796,0.008419825877919632,Medium,Low,Low–Medium,,Hypothetical protein.,0,no STRING match,secondary STRING hit (STRING protein assigned to a better match),2275,2585,8,1
4148,fig|6666666.1036479.peg.2528,fig|6666666.1036479.peg.411,0.8584828078746796,0.008421856219341845,Medium,Low,Low–Medium,,Hypothetical protein.,0,no STRING match,secondary STRING hit (STRING protein assigned to a better match),2275,2585,8,1
4149,fig|6666666.1036479.peg.411,fig|6666666.1036479.peg.973,0.8584828078746796,0.008423886560764059,Low,Medium,Low–Medium,Hypothetical protein.,,0,secondary STRING hit (STRING protein assigned to a better match),no STRING match,2585,2275,1,8
4150,fig|6666666.1036479.peg.411,fig|6666666.1036479.peg.978,0.8584828078746796,0.008425916902186272,Low,Medium,Low–Medium,Hypothetical protein.,,0,secondary STRING hit (STRING protein assigned to a better match),no STRING match,2585,2275,1,8
4151,fig|6666666.1036479.peg.411,fig|6666666.1036479.peg.983,0.8584828078746796,0.008427947243608486,Low,Medium,Low–Medium,Hypothetical protein.,,0,secondary STRING hit (STRING protein assigned to a better match),no STRING match,2585,2275,1,8
4152,fig|6666666.1036479.peg.411,fig|6666666.1036479.peg.991,0.8584828078746796,0.0084299775850307,Low,Medium,Low–Medium,Hypothetical protein.,,0,secondary STRING hit (STRING protein assigned to a better match),no STRING match,2585,2275,1,8
4153,fig|6666666.1036479.peg.411,fig|6666666.1036479.peg.2487,0.8584828078746796,0.008432007926452913,Low,Medium,Low–Medium,Hypothetical protein.,,0,secondary STRING hit (STRING protein assigned to a better match),no STRING match,2585,2275,1,8
4154,fig|6666666.1036479.peg.411,fig|6666666.1036479.peg.2496,0.8584828078746796,0.008434038267875126,Low,Medium,Low–Medium,Hypothetical protein.,,0,secondary STRING hit (STRING protein assigned to a better match),no STRING match,2585,2275,1,8
4155,fig|6666666.1036479.peg.411,fig|6666666.1036479.peg.1913,0.8584557294845581,0.00843606860929734,Low,Very Low,Very Low–Low,Hypothetical protein.,,0,secondary STRING hit (STRING protein assigned to a better match),no STRING match,2585,2917,1,1
4156,fig|6666666.1036479.peg.370,fig|6666666.1036479.peg.1943,0.8584483861923218,0.008438098950719553,High,Medium,Medium–High,,COG3103 SH3 domain protein.,0,no STRING match,secondary STRING hit (STRING protein assigned to a better match),2579,2926,1,1
4157,fig|6666666.1036479.peg.2859,fig|6666666.1036479.peg.410,0.8584312081336976,0.008440129292141767,Very Low,Very Low,Very Low–Very Low,,,0,no STRING match,no STRING match,2378,2584,1,1
4158,fig|6666666.1036479.peg.1947,fig|6666666.1036479.peg.2025,0.8584294438362121,0.00844215963356398,Medium,Very Low,Very Low–Medium,,,0,no STRING match,no STRING match,2930,2950,1,1
4159,fig|6666666.1036479.peg.2843,fig|6666666.1036479.peg.1617,0.8584243357181549,0.008444189974986194,Very Low,Low,Very Low–Low,,,0,no STRING match,no STRING match,2370,2864,1,2
4160,fig|6666666.1036479.peg.2843,fig|6666666.1036479.peg.1625,0.8584243357181549,0.008446220316408407,Very Low,Low,Very Low–Low,,,0,no STRING match,no STRING match,2370,2864,1,2
4161,fig|6666666.1036479.peg.1289,fig|6666666.1036479.peg.1431,0.8584238409996032,0.00844825065783062,Very Low,Very Low,Very Low–Very Low,,,0,no STRING match,no STRING match,2762,2820,1,1
4162,fig|6666666.1036479.peg.2504,fig|6666666.1036479.peg.1289,0.8584181547164917,0.008450280999252834,Very Low,Very Low,Very Low–Very Low,,,0,no STRING match,no STRING match,2268,2762,1,1
4163,fig|6666666.1036479.peg.861,fig|6666666.1036479.peg.1350,0.8584166824817657,0.008452311340675048,High,Medium,Medium–High,,,0,no STRING match,no STRING match,2665,2788,1,1
4164,fig|6666666.1036479.peg.2948,fig|6666666.1036479.peg.3107,0.858416473865509,0.008454341682097261,High,Very Low,Very Low–High,,,0,no STRING match,no STRING match,2410,2444,1,1
4165,fig|6666666.1036479.peg.866,fig|6666666.1036479.peg.1105,0.8584130287170411,0.008456372023519475,High,Very Low,Very Low–High,,,0,no STRING match,no STRING match,2667,2722,1,1
4166,fig|6666666.1036479.peg.2988,fig|6666666.1036479.peg.3223,0.8583985567092896,0.008458402364941688,Medium,High,Medium–High,Hypothetical protein.,,0,secondary STRING hit (STRING protein assigned to a better match),no STRING match,2416,2474,1,2
4167,fig|6666666.1036479.peg.2988,fig|6666666.1036479.peg.139,0.8583985567092896,0.008460432706363902,Medium,High,Medium–High,Hypothetical protein.,,0,secondary STRING hit (STRING protein assigned to a better match),no STRING match,2416,2474,1,2
4168,fig|6666666.1036479.peg.3202,fig|6666666.1036479.peg.38,0.8583961129188538,0.008462463047786115,Very Low,Low,Very Low–Low,,,0,no STRING match,no STRING match,2467,2526,1,2
4169,fig|6666666.1036479.peg.3202,fig|6666666.1036479.peg.186,0.8583961129188538,0.008464493389208329,Very Low,Low,Very Low–Low,,,0,no STRING match,no STRING match,2467,2526,1,2
4170,fig|6666666.1036479.peg.2501,fig|6666666.1036479.peg.3077,0.8583944261074066,0.008466523730630542,High,Medium,Medium–High,,,0,no STRING match,no STRING match,2265,2440,1,1
4171,fig|6666666.1036479.peg.2948,fig|6666666.1036479.peg.2025,0.8583898067474365,0.008468554072052756,High,Very Low,Very Low–High,,,0,no STRING match,no STRING match,2410,2950,1,1
4172,fig|6666666.1036479.peg.2715,fig|6666666.1036479.peg.38,0.8583619594573975,0.00847058441347497,Very Low,Low,Very Low–Low,,,0,no STRING match,no STRING match,2348,2526,1,2
4173,fig|6666666.1036479.peg.2715,fig|6666666.1036479.peg.186,0.8583619594573975,0.008472614754897183,Very Low,Low,Very Low–Low,,,0,no STRING match,no STRING match,2348,2526,1,2
4174,fig|6666666.1036479.peg.3207,fig|6666666.1036479.peg.724,0.8583444058895111,0.008474645096319396,Medium,Medium,Medium–Medium,,,0,no STRING match,no STRING match,2468,2635,1,1
4175,fig|6666666.1036479.peg.2545,fig|6666666.1036479.peg.866,0.858339124917984,0.00847667543774161,Very Low,High,Very Low–High,,,0,no STRING match,no STRING match,2295,2667,7,1
4176,fig|6666666.1036479.peg.2567,fig|6666666.1036479.peg.866,0.858339124917984,0.008478705779163825,Very Low,High,Very Low–High,,,0,no STRING match,no STRING match,2295,2667,7,1
4177,fig|6666666.1036479.peg.866,fig|6666666.1036479.peg.1573,0.858339124917984,0.008480736120586039,High,Very Low,Very Low–High,,,0,no STRING match,no STRING match,2667,2295,1,7
4178,fig|6666666.1036479.peg.866,fig|6666666.1036479.peg.1586,0.858339124917984,0.008482766462008252,High,Very Low,Very Low–High,,,0,no STRING match,no STRING match,2667,2295,1,7
4179,fig|6666666.1036479.peg.866,fig|6666666.1036479.peg.1597,0.858339124917984,0.008484796803430466,High,Very Low,Very Low–High,,,0,no STRING match,no STRING match,2667,2295,1,7
4180,fig|6666666.1036479.peg.866,fig|6666666.1036479.peg.1619,0.858339124917984,0.008486827144852679,High,Very Low,Very Low–High,,,0,no STRING match,no STRING match,2667,2295,1,7
4181,fig|6666666.1036479.peg.866,fig|6666666.1036479.peg.1643,0.858339124917984,0.008488857486274893,High,Very Low,Very Low–High,,,0,no STRING match,no STRING match,2667,2295,1,7
4182,fig|6666666.1036479.peg.2539,fig|6666666.1036479.peg.1308,0.8583338379859924,0.008490887827697106,Low,Medium,Low–Medium,,,0,no STRING match,no STRING match,2289,2764,1,1
4183,fig|6666666.1036479.peg.2520,fig|6666666.1036479.peg.2948,0.8583316147327423,0.00849291816911932,Very Low,High,Very Low–High,,,0,no STRING match,no STRING match,2280,2410,1,1
4184,fig|6666666.1036479.peg.2855,fig|6666666.1036479.peg.2948,0.8583267450332641,0.008494948510541533,Very Low,High,Very Low–High,,,0,no STRING match,no STRING match,2374,2410,1,1
4185,fig|6666666.1036479.peg.2667,fig|6666666.1036479.peg.1966,0.8583161234855652,0.008496978851963747,Very Low,Very Low,Very Low–Very Low,,,0,no STRING match,no STRING match,2340,2946,1,1
4186,fig|6666666.1036479.peg.2588,fig|6666666.1036479.peg.318,0.8583110272884369,0.00849900919338596,Very Low,Low,Very Low–Low,,,0,no STRING match,no STRING match,2319,2576,1,1
4187,fig|6666666.1036479.peg.3207,fig|6666666.1036479.peg.1943,0.8583106279373169,0.008501039534808174,Medium,Medium,Medium–Medium,,COG3103 SH3 domain protein.,0,no STRING match,secondary STRING hit (STRING protein assigned to a better match),2468,2926,1,1
4188,fig|6666666.1036479.peg.2532,fig|6666666.1036479.peg.89,0.858305299282074,0.008503069876230387,Low,Very Low,Very Low–Low,,,0,no STRING match,no STRING match,2284,2542,4,1
4189,fig|6666666.1036479.peg.3171,fig|6666666.1036479.peg.89,0.858305299282074,0.0085051002176526,Low,Very Low,Very Low–Low,,,0,no STRING match,no STRING match,2284,2542,4,1
4190,fig|6666666.1036479.peg.89,fig|6666666.1036479.peg.987,0.858305299282074,0.008507130559074814,Very Low,Low,Very Low–Low,,,0,no STRING match,no STRING match,2542,2284,1,4
4191,fig|6666666.1036479.peg.89,fig|6666666.1036479.peg.2492,0.858305299282074,0.008509160900497028,Very Low,Low,Very Low–Low,,,0,no STRING match,no STRING match,2542,2284,1,4
4192,fig|6666666.1036479.peg.3254,fig|6666666.1036479.peg.2364,0.8582940399646759,0.008511191241919241,High,Medium,Medium–High,,,0,no STRING match,no STRING match,2505,3022,3,1
4193,fig|6666666.1036479.peg.22,fig|6666666.1036479.peg.2364,0.8582940399646759,0.008513221583341455,High,Medium,Medium–High,,,0,no STRING match,no STRING match,2505,3022,3,1
4194,fig|6666666.1036479.peg.170,fig|6666666.1036479.peg.2364,0.8582940399646759,0.008515251924763668,High,Medium,Medium–High,,,0,no STRING match,no STRING match,2505,3022,3,1
4195,fig|6666666.1036479.peg.303,fig|6666666.1036479.peg.307,0.8582667052745819,0.008517282266185882,Very Low,Very Low,Very Low–Very Low,,,0,no STRING match,no STRING match,2564,2567,3,1
4196,fig|6666666.1036479.peg.305,fig|6666666.1036479.peg.307,0.8582667052745819,0.008519312607608095,Very Low,Very Low,Very Low–Very Low,,,0,no STRING match,no STRING match,2564,2567,3,1
4197,fig|6666666.1036479.peg.307,fig|6666666.1036479.peg.311,0.8582667052745819,0.008521342949030309,Very Low,Very Low,Very Low–Very Low,,,0,no STRING match,no STRING match,2567,2564,1,3
4198,fig|6666666.1036479.peg.725,fig|6666666.1036479.peg.1409,0.8582647979259491,0.008523373290452522,Very Low,Medium,Very Low–Medium,,,0,no STRING match,no STRING match,2636,2812,1,1
4199,fig|6666666.1036479.peg.2548,fig|6666666.1036479.peg.3185,0.8582509279251098,0.008525403631874736,High,Very Low,Very Low–High,,,0,no STRING match,no STRING match,2298,2458,1,1
4200,fig|6666666.1036479.peg.1229,fig|6666666.1036479.peg.1289,0.8582446455955506,0.00852743397329695,Very Low,Very Low,Very Low–Very Low,,,0,no STRING match,no STRING match,2753,2762,1,1
4201,fig|6666666.1036479.peg.1289,fig|6666666.1036479.peg.1704,0.8582245647907257,0.008529464314719163,Very Low,Very Low,Very Low–Very Low,,,0,no STRING match,no STRING match,2762,2885,1,1
4202,fig|6666666.1036479.peg.1128,fig|6666666.1036479.peg.1349,0.8582241952419281,0.008531494656141376,Very Low,Very Low,Very Low–Very Low,,,0,no STRING match,no STRING match,2744,2787,1,1
4203,fig|6666666.1036479.peg.3207,fig|6666666.1036479.peg.3213,0.858220386505127,0.00853352499756359,Medium,Very Low,Very Low–Medium,,,0,no STRING match,no STRING match,2468,2470,1,1
4204,fig|6666666.1036479.peg.2548,fig|6666666.1036479.peg.2176,0.8582139253616333,0.008535555338985803,High,Very Low,Very Low–High,,,0,no STRING match,no STRING match,2298,2996,1,1
4205,fig|6666666.1036479.peg.3207,fig|6666666.1036479.peg.1566,0.8582041740417481,0.008537585680408017,Medium,High,Medium–High,,,0,no STRING match,no STRING match,2468,2838,1,1
4206,fig|6666666.1036479.peg.2988,fig|6666666.1036479.peg.726,0.8581897675991058,0.00853961602183023,Medium,Very Low,Very Low–Medium,Hypothetical protein.,,0,secondary STRING hit (STRING protein assigned to a better match),no STRING match,2416,2637,1,1
4207,fig|6666666.1036479.peg.2538,fig|6666666.1036479.peg.861,0.8581833958625793,0.008541646363252444,Very Low,High,Very Low–High,,,0,no STRING match,no STRING match,2288,2665,1,1
4208,fig|6666666.1036479.peg.1300,fig|6666666.1036479.peg.1447,0.8581827044486999,0.008543676704674659,Low,Low,Low–Low,,,0,no STRING match,no STRING match,2763,2821,1,1
4209,fig|6666666.1036479.peg.3207,fig|6666666.1036479.peg.1567,0.8581800043582917,0.008545707046096872,Medium,Low,Low–Medium,,,0,no STRING match,no STRING match,2468,2839,1,1
4210,fig|6666666.1036479.peg.2548,fig|6666666.1036479.peg.2107,0.8581765472888947,0.008547737387519086,High,Very Low,Very Low–High,,,0,no STRING match,no STRING match,2298,2960,1,1
4211,fig|6666666.1036479.peg.866,fig|6666666.1036479.peg.1229,0.8581737399101257,0.0085497677289413,High,Very Low,Very Low–High,,,0,no STRING match,no STRING match,2667,2753,1,1
4212,fig|6666666.1036479.peg.2514,fig|6666666.1036479.peg.1289,0.8581732988357544,0.008551798070363513,Very Low,Very Low,Very Low–Very Low,,,0,no STRING match,no STRING match,2277,2762,1,1
4213,fig|6666666.1036479.peg.3231,fig|6666666.1036479.peg.1706,0.8581645369529725,0.008553828411785726,Very Low,Very Low,Very Low–Very Low,,,0,no STRING match,no STRING match,2482,2886,2,1
4214,fig|6666666.1036479.peg.147,fig|6666666.1036479.peg.1706,0.8581645369529725,0.00855585875320794,Very Low,Very Low,Very Low–Very Low,,,0,no STRING match,no STRING match,2482,2886,2,1
4215,fig|6666666.1036479.peg.2854,fig|6666666.1036479.peg.1947,0.8581606686115265,0.008557889094630153,Low,Medium,Low–Medium,,,0,no STRING match,no STRING match,2373,2930,1,1
4216,fig|6666666.1036479.peg.3222,fig|6666666.1036479.peg.3231,0.8581414699554444,0.008559919436052367,Medium,Very Low,Very Low–Medium,,,0,no STRING match,no STRING match,2473,2482,2,2
4217,fig|6666666.1036479.peg.3222,fig|6666666.1036479.peg.147,0.8581414699554444,0.00856194977747458,Medium,Very Low,Very Low–Medium,,,0,no STRING match,no STRING match,2473,2482,2,2
4218,fig|6666666.1036479.peg.3231,fig|6666666.1036479.peg.138,0.8581414699554444,0.008563980118896794,Very Low,Medium,Very Low–Medium,,,0,no STRING match,no STRING match,2482,2473,2,2
4219,fig|6666666.1036479.peg.138,fig|6666666.1036479.peg.147,0.8581414699554444,0.008566010460319008,Medium,Very Low,Very Low–Medium,,,0,no STRING match,no STRING match,2473,2482,2,2
4220,fig|6666666.1036479.peg.2548,fig|6666666.1036479.peg.2352,0.8581255435943603,0.008568040801741221,High,Medium,Medium–High,,,0,no STRING match,no STRING match,2298,3020,1,1
4221,fig|6666666.1036479.peg.3012,fig|6666666.1036479.peg.1300,0.8581083118915558,0.008570071143163435,Low,Low,Low–Low,,,0,no STRING match,no STRING match,2427,2763,1,1
4222,fig|6666666.1036479.peg.157,fig|6666666.1036479.peg.1966,0.8580960273742676,0.008572101484585648,Very Low,Very Low,Very Low–Very Low,,,0,no STRING match,no STRING match,2547,2946,1,1
4223,fig|6666666.1036479.peg.881,fig|6666666.1036479.peg.1092,0.8580922365188599,0.008574131826007862,High,Very Low,Very Low–High,,,0,no STRING match,no STRING match,2674,2715,1,1
4224,fig|6666666.1036479.peg.573,fig|6666666.1036479.peg.2327,0.8580572426319122,0.008576162167430075,Very Low,Medium,Very Low–Medium,Hypothetical protein.,,0,secondary STRING hit (STRING protein assigned to a better match),no STRING match,2601,3016,1,1
4225,fig|6666666.1036479.peg.2895,fig|6666666.1036479.peg.866,0.8580551862716674,0.008578192508852289,Very Low,High,Very Low–High,,,0,no STRING match,no STRING match,2394,2667,1,1
4226,fig|6666666.1036479.peg.2814,fig|6666666.1036479.peg.1289,0.8580484867095948,0.008580222850274502,Very Low,Very Low,Very Low–Very Low,,,0,no STRING match,no STRING match,2358,2762,1,1
4227,fig|6666666.1036479.peg.3191,fig|6666666.1036479.peg.725,0.8580434858798981,0.008582253191696716,Medium,Very Low,Very Low–Medium,,,0,no STRING match,no STRING match,2464,2636,1,1
4228,fig|6666666.1036479.peg.2623,fig|6666666.1036479.peg.2948,0.8580296158790588,0.008584283533118929,Very Low,High,Very Low–High,,,0,no STRING match,no STRING match,2333,2410,1,1
4229,fig|6666666.1036479.peg.2523,fig|6666666.1036479.peg.2025,0.8580004930496216,0.008586313874541143,Low,Very Low,Very Low–Low,,,0,no STRING match,no STRING match,2282,2950,1,1
4230,fig|6666666.1036479.peg.410,fig|6666666.1036479.peg.1354,0.8579893350601197,0.008588344215963356,Very Low,Very Low,Very Low–Very Low,,,0,no STRING match,no STRING match,2584,2791,1,1
4231,fig|6666666.1036479.peg.411,fig|6666666.1036479.peg.687,0.857980340719223,0.00859037455738557,Low,Very Low,Very Low–Low,Hypothetical protein.,,0,secondary STRING hit (STRING protein assigned to a better match),no STRING match,2585,2621,1,1
4232,fig|6666666.1036479.peg.3223,fig|6666666.1036479.peg.573,0.8579577505588531,0.008592404898807783,High,Very Low,Very Low–High,,Hypothetical protein.,0,no STRING match,secondary STRING hit (STRING protein assigned to a better match),2474,2601,2,1
4233,fig|6666666.1036479.peg.139,fig|6666666.1036479.peg.573,0.8579577505588531,0.008594435240229997,High,Very Low,Very Low–High,,Hypothetical protein.,0,no STRING match,secondary STRING hit (STRING protein assigned to a better match),2474,2601,2,1
4234,fig|6666666.1036479.peg.2918,fig|6666666.1036479.peg.1074,0.8579482674598694,0.00859646558165221,Very Low,High,Very Low–High,,,0,no STRING match,no STRING match,2396,2706,1,1
4235,fig|6666666.1036479.peg.2948,fig|6666666.1036479.peg.1554,0.8579415261745453,0.008598495923074424,High,Medium,Medium–High,,,0,no STRING match,no STRING match,2410,2831,1,1
4236,fig|6666666.1036479.peg.2948,fig|6666666.1036479.peg.1919,0.8579354166984559,0.008600526264496637,High,Very Low,Very Low–High,,,0,no STRING match,no STRING match,2410,2920,1,1
4237,fig|6666666.1036479.peg.3142,fig|6666666.1036479.peg.3207,0.8579259276390075,0.00860255660591885,Low,Medium,Low–Medium,,,0,no STRING match,no STRING match,2448,2468,1,1
4238,fig|6666666.1036479.peg.3202,fig|6666666.1036479.peg.370,0.8578860580921173,0.008604586947341064,Very Low,High,Very Low–High,,,0,no STRING match,no STRING match,2467,2579,1,1
4239,fig|6666666.1036479.peg.2987,fig|6666666.1036479.peg.2988,0.8578513741493226,0.008606617288763278,Very Low,Medium,Very Low–Medium,,Hypothetical protein.,0,no STRING match,secondary STRING hit (STRING protein assigned to a better match),2415,2416,1,1
4240,fig|6666666.1036479.peg.2106,fig|6666666.1036479.peg.2436,0.8578446686267853,0.008608647630185493,High,Medium,Medium–High,Hypothetical protein.,,0,secondary STRING hit (STRING protein assigned to a better match),no STRING match,2959,3033,1,1
4241,fig|6666666.1036479.peg.3020,fig|6666666.1036479.peg.40,0.857844454050064,0.008610677971607706,Low,Very Low,Very Low–Low,,,0,no STRING match,no STRING match,2433,2528,1,2
4242,fig|6666666.1036479.peg.3020,fig|6666666.1036479.peg.188,0.857844454050064,0.00861270831302992,Low,Very Low,Very Low–Low,,,0,no STRING match,no STRING match,2433,2528,1,2
4243,fig|6666666.1036479.peg.2679,fig|6666666.1036479.peg.2347,0.8578441202640533,0.008614738654452133,Medium,Low,Low–Medium,,,0,no STRING match,no STRING match,2342,3018,1,1
4244,fig|6666666.1036479.peg.2548,fig|6666666.1036479.peg.1496,0.857826691865921,0.008616768995874347,High,Very Low,Very Low–High,,,0,no STRING match,no STRING match,2298,2826,1,1
4245,fig|6666666.1036479.peg.2604,fig|6666666.1036479.peg.1300,0.8578223884105682,0.00861879933729656,Low,Low,Low–Low,,,0,no STRING match,no STRING match,2321,2763,1,1
4246,fig|6666666.1036479.peg.2504,fig|6666666.1036479.peg.1074,0.8578017234802247,0.008620829678718774,Very Low,High,Very Low–High,,,0,no STRING match,no STRING match,2268,2706,1,1
4247,fig|6666666.1036479.peg.2672,fig|6666666.1036479.peg.304,0.8577459454536438,0.008622860020140987,Medium,Medium,Medium–Medium,,,0,no STRING match,no STRING match,2341,2565,1,1
4248,fig|6666666.1036479.peg.2547,fig|6666666.1036479.peg.942,0.8577425301074981,0.008624890361563201,Medium,Very Low,Very Low–Medium,,,0,no STRING match,no STRING match,2297,2691,1,1
4249,fig|6666666.1036479.peg.2548,fig|6666666.1036479.peg.2404,0.8577396512031555,0.008626920702985414,High,Medium,Medium–High,,Hypothetical protein; COG0605 Superoxide dismutase.,0,no STRING match,secondary STRING hit (STRING protein assigned to a better match),2298,3028,1,1
4250,fig|6666666.1036479.peg.3005,fig|6666666.1036479.peg.866,0.8577260851860047,0.008628951044407628,Medium,High,Medium–High,,,0,no STRING match,no STRING match,2420,2667,1,1
4251,fig|6666666.1036479.peg.2920,fig|6666666.1036479.peg.1567,0.8577210485935212,0.008630981385829841,Very Low,Low,Very Low–Low,,,0,no STRING match,no STRING match,2397,2839,1,1
4252,fig|6666666.1036479.peg.38,fig|6666666.1036479.peg.289,0.8577154517173767,0.008633011727252055,Low,High,Low–High,,Hypothetical protein.,0,no STRING match,secondary STRING hit (STRING protein assigned to a better match),2526,2559,2,1
4253,fig|6666666.1036479.peg.186,fig|6666666.1036479.peg.289,0.8577154517173767,0.008635042068674268,Low,High,Low–High,,Hypothetical protein.,0,no STRING match,secondary STRING hit (STRING protein assigned to a better match),2526,2559,2,1
4254,fig|6666666.1036479.peg.2548,fig|6666666.1036479.peg.2238,0.8577060878276825,0.008637072410096482,High,Very Low,Very Low–High,,,0,no STRING match,no STRING match,2298,3003,1,1
4255,fig|6666666.1036479.peg.2715,fig|6666666.1036479.peg.1947,0.8577019214630127,0.008639102751518695,Very Low,Medium,Very Low–Medium,,,0,no STRING match,no STRING match,2348,2930,1,1
4256,fig|6666666.1036479.peg.2672,fig|6666666.1036479.peg.27,0.857687246799469,0.008641133092940909,Medium,Very Low,Very Low–Medium,,,0,no STRING match,no STRING match,2341,2515,1,2
4257,fig|6666666.1036479.peg.2672,fig|6666666.1036479.peg.175,0.857687246799469,0.008643163434363122,Medium,Very Low,Very Low–Medium,,,0,no STRING match,no STRING match,2341,2515,1,2
4258,fig|6666666.1036479.peg.2548,fig|6666666.1036479.peg.1894,0.8576794862747192,0.008645193775785336,High,Medium,Medium–High,,Hypothetical protein.,0,no STRING match,secondary STRING hit (STRING protein assigned to a better match),2298,2912,1,1
4259,fig|6666666.1036479.peg.2548,fig|6666666.1036479.peg.2809,0.8576770901679993,0.00864722411720755,High,Very Low,Very Low–High,,,0,no STRING match,no STRING match,2298,2357,1,1
4260,fig|6666666.1036479.peg.107,fig|6666666.1036479.peg.411,0.8576678991317749,0.008649254458629763,Very Low,Low,Very Low–Low,,Hypothetical protein.,0,no STRING match,secondary STRING hit (STRING protein assigned to a better match),2544,2585,1,1
4261,fig|6666666.1036479.peg.38,fig|6666666.1036479.peg.2106,0.857660835981369,0.008651284800051976,Low,High,Low–High,,Hypothetical protein.,0,no STRING match,secondary STRING hit (STRING protein assigned to a better match),2526,2959,2,1
4262,fig|6666666.1036479.peg.186,fig|6666666.1036479.peg.2106,0.857660835981369,0.00865331514147419,Low,High,Low–High,,Hypothetical protein.,0,no STRING match,secondary STRING hit (STRING protein assigned to a better match),2526,2959,2,1
4263,fig|6666666.1036479.peg.370,fig|6666666.1036479.peg.1178,0.857656729221344,0.008655345482896403,High,Very Low,Very Low–High,,,0,no STRING match,no STRING match,2579,2745,1,1
4264,fig|6666666.1036479.peg.2509,fig|6666666.1036479.peg.2948,0.8576488077640534,0.008657375824318617,Very Low,High,Very Low–High,,,0,no STRING match,no STRING match,2273,2410,15,1
4265,fig|6666666.1036479.peg.2513,fig|6666666.1036479.peg.2948,0.8576488077640534,0.00865940616574083,Very Low,High,Very Low–High,,,0,no STRING match,no STRING match,2273,2410,15,1
4266,fig|6666666.1036479.peg.2519,fig|6666666.1036479.peg.2948,0.8576488077640534,0.008661436507163044,Very Low,High,Very Low–High,,,0,no STRING match,no STRING match,2273,2410,15,1
4267,fig|6666666.1036479.peg.2526,fig|6666666.1036479.peg.2948,0.8576488077640534,0.008663466848585257,Very Low,High,Very Low–High,,,0,no STRING match,no STRING match,2273,2410,15,1
4268,fig|6666666.1036479.peg.2530,fig|6666666.1036479.peg.2948,0.8576488077640534,0.008665497190007471,Very Low,High,Very Low–High,,,0,no STRING match,no STRING match,2273,2410,15,1
4269,fig|6666666.1036479.peg.2534,fig|6666666.1036479.peg.2948,0.8576488077640534,0.008667527531429685,Very Low,High,Very Low–High,,,0,no STRING match,no STRING match,2273,2410,15,1
4270,fig|6666666.1036479.peg.2948,fig|6666666.1036479.peg.3173,0.8576488077640534,0.008669557872851898,High,Very Low,Very Low–High,,,0,no STRING match,no STRING match,2410,2273,1,15
4271,fig|6666666.1036479.peg.2948,fig|6666666.1036479.peg.971,0.8576488077640534,0.008671588214274112,High,Very Low,Very Low–High,,,0,no STRING match,no STRING match,2410,2273,1,15
4272,fig|6666666.1036479.peg.2948,fig|6666666.1036479.peg.976,0.8576488077640534,0.008673618555696327,High,Very Low,Very Low–High,,,0,no STRING match,no STRING match,2410,2273,1,15
4273,fig|6666666.1036479.peg.2948,fig|6666666.1036479.peg.981,0.8576488077640534,0.00867564889711854,High,Very Low,Very Low–High,,,0,no STRING match,no STRING match,2410,2273,1,15
4274,fig|6666666.1036479.peg.2948,fig|6666666.1036479.peg.985,0.8576488077640534,0.008677679238540754,High,Very Low,Very Low–High,,,0,no STRING match,no STRING match,2410,2273,1,15
4275,fig|6666666.1036479.peg.2948,fig|6666666.1036479.peg.989,0.8576488077640534,0.008679709579962967,High,Very Low,Very Low–High,,,0,no STRING match,no STRING match,2410,2273,1,15
4276,fig|6666666.1036479.peg.2948,fig|6666666.1036479.peg.2489,0.8576488077640534,0.00868173992138518,High,Very Low,Very Low–High,,,0,no STRING match,no STRING match,2410,2273,1,15
4277,fig|6666666.1036479.peg.2948,fig|6666666.1036479.peg.2494,0.8576488077640534,0.008683770262807394,High,Very Low,Very Low–High,,,0,no STRING match,no STRING match,2410,2273,1,15
4278,fig|6666666.1036479.peg.2948,fig|6666666.1036479.peg.2498,0.8576488077640534,0.008685800604229608,High,Very Low,Very Low–High,,,0,no STRING match,no STRING match,2410,2273,1,15
4279,fig|6666666.1036479.peg.38,fig|6666666.1036479.peg.74,0.8576479732990265,0.008687830945651821,Low,Very Low,Very Low–Low,,,0,no STRING match,no STRING match,2526,2538,2,1
4280,fig|6666666.1036479.peg.74,fig|6666666.1036479.peg.186,0.8576479732990265,0.008689861287074035,Very Low,Low,Very Low–Low,,,0,no STRING match,no STRING match,2538,2526,1,2
4281,fig|6666666.1036479.peg.3231,fig|6666666.1036479.peg.2278,0.8576409816741943,0.008691891628496248,Very Low,Low,Very Low–Low,,,0,no STRING match,no STRING match,2482,3005,2,1
4282,fig|6666666.1036479.peg.147,fig|6666666.1036479.peg.2278,0.8576409816741943,0.008693921969918462,Very Low,Low,Very Low–Low,,,0,no STRING match,no STRING match,2482,3005,2,1
4283,fig|6666666.1036479.peg.2539,fig|6666666.1036479.peg.2988,0.8576208829879761,0.008695952311340675,Low,Medium,Low–Medium,,Hypothetical protein.,0,no STRING match,secondary STRING hit (STRING protein assigned to a better match),2289,2416,1,1
4284,fig|6666666.1036479.peg.40,fig|6666666.1036479.peg.1947,0.8576173841953277,0.008697982652762889,Very Low,Medium,Very Low–Medium,,,0,no STRING match,no STRING match,2528,2930,2,1
4285,fig|6666666.1036479.peg.188,fig|6666666.1036479.peg.1947,0.8576173841953277,0.008700012994185102,Very Low,Medium,Very Low–Medium,,,0,no STRING match,no STRING match,2528,2930,2,1
4286,fig|6666666.1036479.peg.411,fig|6666666.1036479.peg.1945,0.857611083984375,0.008702043335607316,Low,Very Low,Very Low–Low,Hypothetical protein.,,0,secondary STRING hit (STRING protein assigned to a better match),no STRING match,2585,2928,1,1
4287,fig|6666666.1036479.peg.861,fig|6666666.1036479.peg.1207,0.8576110422611236,0.00870407367702953,High,Low,Low–High,,,0,no STRING match,no STRING match,2665,2750,1,1
4288,fig|6666666.1036479.peg.652,fig|6666666.1036479.peg.1947,0.8575995981693267,0.008706104018451743,Very Low,Medium,Very Low–Medium,,,0,no STRING match,no STRING match,2615,2930,1,1
4289,fig|6666666.1036479.peg.2548,fig|6666666.1036479.peg.2157,0.8575986623764038,0.008708134359873956,High,Very Low,Very Low–High,,,0,no STRING match,no STRING match,2298,2978,1,1
4290,fig|6666666.1036479.peg.1416,fig|6666666.1036479.peg.1567,0.8575933039188385,0.00871016470129617,Medium,Low,Low–Medium,,,0,no STRING match,no STRING match,2817,2839,1,1
4291,fig|6666666.1036479.peg.2679,fig|6666666.1036479.peg.1074,0.8575917899608612,0.008712195042718383,Medium,High,Medium–High,,,0,no STRING match,no STRING match,2342,2706,1,1
4292,fig|6666666.1036479.peg.2514,fig|6666666.1036479.peg.2672,0.8575916409492492,0.008714225384140597,Very Low,Medium,Very Low–Medium,,,0,no STRING match,no STRING match,2277,2341,1,1
4293,fig|6666666.1036479.peg.1494,fig|6666666.1036479.peg.2347,0.857587194442749,0.00871625572556281,Very Low,Low,Very Low–Low,,,0,no STRING match,no STRING match,2824,3018,1,1
4294,fig|6666666.1036479.peg.731,fig|6666666.1036479.peg.866,0.857583749294281,0.008718286066985024,Low,High,Low–High,,,0,no STRING match,no STRING match,2642,2667,1,1
4295,fig|6666666.1036479.peg.2672,fig|6666666.1036479.peg.2165,0.8575782537460327,0.008720316408407237,Medium,Very Low,Very Low–Medium,,,0,no STRING match,no STRING match,2341,2986,1,1
4296,fig|6666666.1036479.peg.411,fig|6666666.1036479.peg.874,0.857573676109314,0.008722346749829451,Low,Medium,Low–Medium,Hypothetical protein.,,0,secondary STRING hit (STRING protein assigned to a better match),no STRING match,2585,2669,1,1
4297,fig|6666666.1036479.peg.3224,fig|6666666.1036479.peg.1289,0.8575701177120209,0.008724377091251664,Very Low,Very Low,Very Low–Very Low,,,0,no STRING match,no STRING match,2475,2762,2,1
4298,fig|6666666.1036479.peg.140,fig|6666666.1036479.peg.1289,0.8575701177120209,0.008726407432673878,Very Low,Very Low,Very Low–Very Low,,,0,no STRING match,no STRING match,2475,2762,2,1
4299,fig|6666666.1036479.peg.2672,fig|6666666.1036479.peg.2145,0.8575657963752746,0.008728437774096091,Medium,Very Low,Very Low–Medium,,,0,no STRING match,no STRING match,2341,2973,1,1
4300,fig|6666666.1036479.peg.3188,fig|6666666.1036479.peg.1300,0.8575616240501404,0.008730468115518305,Medium,Low,Low–Medium,,,0,no STRING match,no STRING match,2461,2763,1,1
4301,fig|6666666.1036479.peg.89,fig|6666666.1036479.peg.942,0.8575501441955566,0.008732498456940518,Very Low,Very Low,Very Low–Very Low,,,0,no STRING match,no STRING match,2542,2691,1,1
4302,fig|6666666.1036479.peg.2548,fig|6666666.1036479.peg.2294,0.8575469553470612,0.008734528798362732,High,Very Low,Very Low–High,,,0,no STRING match,no STRING match,2298,3007,1,1
4303,fig|6666666.1036479.peg.89,fig|6666666.1036479.peg.1339,0.8575372159481048,0.008736559139784945,Very Low,Very Low,Very Low–Very Low,,,0,no STRING match,no STRING match,2542,2779,1,1
4304,fig|6666666.1036479.peg.236,fig|6666666.1036479.peg.942,0.8575197219848633,0.00873858948120716,Very Low,Very Low,Very Low–Very Low,,,0,no STRING match,no STRING match,2552,2691,1,1
4305,fig|6666666.1036479.peg.370,fig|6666666.1036479.peg.1835,0.8574966430664063,0.008740619822629374,High,Very Low,Very Low–High,,,0,no STRING match,no STRING match,2579,2906,1,1
4306,fig|6666666.1036479.peg.2924,fig|6666666.1036479.peg.370,0.857482373714447,0.008742650164051588,Very Low,High,Very Low–High,,,0,no STRING match,no STRING match,2401,2579,1,1
4307,fig|6666666.1036479.peg.2960,fig|6666666.1036479.peg.3008,0.8574739038944245,0.008744680505473801,Low,Medium,Low–Medium,,,0,no STRING match,no STRING match,2412,2423,1,1
4308,fig|6666666.1036479.peg.3222,fig|6666666.1036479.peg.1300,0.8574579238891602,0.008746710846896015,Medium,Low,Low–Medium,,,0,no STRING match,no STRING match,2473,2763,2,1
4309,fig|6666666.1036479.peg.138,fig|6666666.1036479.peg.1300,0.8574579238891602,0.008748741188318228,Medium,Low,Low–Medium,,,0,no STRING match,no STRING match,2473,2763,2,1
4310,fig|6666666.1036479.peg.289,fig|6666666.1036479.peg.2348,0.8574485540390014,0.008750771529740442,High,High,High–High,Hypothetical protein.,,0,secondary STRING hit (STRING protein assigned to a better match),no STRING match,2559,3019,1,1
4311,fig|6666666.1036479.peg.3191,fig|6666666.1036479.peg.719,0.857448011636734,0.008752801871162655,Medium,Medium,Medium–Medium,,,0,no STRING match,no STRING match,2464,2630,1,1
4312,fig|6666666.1036479.peg.1128,fig|6666666.1036479.peg.1347,0.8574442088603973,0.008754832212584869,Very Low,Very Low,Very Low–Very Low,,,0,no STRING match,no STRING match,2744,2785,1,3
4313,fig|6666666.1036479.peg.1128,fig|6666666.1036479.peg.1351,0.8574442088603973,0.008756862554007082,Very Low,Very Low,Very Low–Very Low,,,0,no STRING match,no STRING match,2744,2785,1,3
4314,fig|6666666.1036479.peg.1128,fig|6666666.1036479.peg.1356,0.8574442088603973,0.008758892895429296,Very Low,Very Low,Very Low–Very Low,,,0,no STRING match,no STRING match,2744,2785,1,3
4315,fig|6666666.1036479.peg.861,fig|6666666.1036479.peg.2099,0.8574437201023102,0.00876092323685151,High,Low,Low–High,,,0,no STRING match,no STRING match,2665,2957,1,1
4316,fig|6666666.1036479.peg.728,fig|6666666.1036479.peg.1409,0.857421624660492,0.008762953578273723,Medium,Medium,Medium–Medium,,,0,no STRING match,no STRING match,2639,2812,1,1
4317,fig|6666666.1036479.peg.3187,fig|6666666.1036479.peg.1947,0.8573993682861328,0.008764983919695936,Very Low,Medium,Very Low–Medium,Hypothetical protein.,,0,secondary STRING hit (STRING protein assigned to a better match),no STRING match,2460,2930,1,1
4318,fig|6666666.1036479.peg.2510,fig|6666666.1036479.peg.1947,0.8573761284351349,0.00876701426111815,Very Low,Medium,Very Low–Medium,,,0,no STRING match,no STRING match,2274,2930,12,1
4319,fig|6666666.1036479.peg.2527,fig|6666666.1036479.peg.1947,0.8573761284351349,0.008769044602540363,Very Low,Medium,Very Low–Medium,,,0,no STRING match,no STRING match,2274,2930,12,1
4320,fig|6666666.1036479.peg.2531,fig|6666666.1036479.peg.1947,0.8573761284351349,0.008771074943962577,Very Low,Medium,Very Low–Medium,,,0,no STRING match,no STRING match,2274,2930,12,1
4321,fig|6666666.1036479.peg.3174,fig|6666666.1036479.peg.1947,0.8573761284351349,0.00877310528538479,Very Low,Medium,Very Low–Medium,,,0,no STRING match,no STRING match,2274,2930,12,1
4322,fig|6666666.1036479.peg.970,fig|6666666.1036479.peg.1947,0.8573761284351349,0.008775135626807004,Very Low,Medium,Very Low–Medium,,,0,no STRING match,no STRING match,2274,2930,12,1
4323,fig|6666666.1036479.peg.975,fig|6666666.1036479.peg.1947,0.8573761284351349,0.008777165968229217,Very Low,Medium,Very Low–Medium,,,0,no STRING match,no STRING match,2274,2930,12,1
4324,fig|6666666.1036479.peg.980,fig|6666666.1036479.peg.1947,0.8573761284351349,0.00877919630965143,Very Low,Medium,Very Low–Medium,,,0,no STRING match,no STRING match,2274,2930,12,1
4325,fig|6666666.1036479.peg.984,fig|6666666.1036479.peg.1947,0.8573761284351349,0.008781226651073644,Very Low,Medium,Very Low–Medium,,,0,no STRING match,no STRING match,2274,2930,12,1
4326,fig|6666666.1036479.peg.988,fig|6666666.1036479.peg.1947,0.8573761284351349,0.008783256992495858,Very Low,Medium,Very Low–Medium,,,0,no STRING match,no STRING match,2274,2930,12,1
4327,fig|6666666.1036479.peg.1947,fig|6666666.1036479.peg.2490,0.8573761284351349,0.008785287333918071,Medium,Very Low,Very Low–Medium,,,0,no STRING match,no STRING match,2930,2274,1,12
4328,fig|6666666.1036479.peg.1947,fig|6666666.1036479.peg.2495,0.8573761284351349,0.008787317675340285,Medium,Very Low,Very Low–Medium,,,0,no STRING match,no STRING match,2930,2274,1,12
4329,fig|6666666.1036479.peg.1947,fig|6666666.1036479.peg.2499,0.8573761284351349,0.008789348016762498,Medium,Very Low,Very Low–Medium,,,0,no STRING match,no STRING match,2930,2274,1,12
4330,fig|6666666.1036479.peg.2571,fig|6666666.1036479.peg.3207,0.8573747932910919,0.008791378358184712,Medium,Medium,Medium–Medium,,,0,no STRING match,no STRING match,2316,2468,1,1
4331,fig|6666666.1036479.peg.1289,fig|6666666.1036479.peg.2158,0.8573640942573547,0.008793408699606925,Very Low,Very Low,Very Low–Very Low,,,0,no STRING match,no STRING match,2762,2979,1,1
4332,fig|6666666.1036479.peg.38,fig|6666666.1036479.peg.2145,0.8573287308216095,0.008795439041029139,Low,Very Low,Very Low–Low,,,0,no STRING match,no STRING match,2526,2973,2,1
4333,fig|6666666.1036479.peg.186,fig|6666666.1036479.peg.2145,0.8573287308216095,0.008797469382451352,Low,Very Low,Very Low–Low,,,0,no STRING match,no STRING match,2526,2973,2,1
4334,fig|6666666.1036479.peg.3207,fig|6666666.1036479.peg.1913,0.8573167264461518,0.008799499723873566,Medium,Very Low,Very Low–Medium,,,0,no STRING match,no STRING match,2468,2917,1,1
4335,fig|6666666.1036479.peg.2548,fig|6666666.1036479.peg.868,0.8573154985904694,0.00880153006529578,High,High,High–High,,,0,no STRING match,no STRING match,2298,2668,1,1
4336,fig|6666666.1036479.peg.3207,fig|6666666.1036479.peg.391,0.8572916328907013,0.008803560406717995,Medium,Medium,Medium–Medium,,,0,no STRING match,no STRING match,2468,2580,1,1
4337,fig|6666666.1036479.peg.38,fig|6666666.1036479.peg.740,0.8572697460651397,0.008805590748140208,Low,Very Low,Very Low–Low,,,0,no STRING match,no STRING match,2526,2651,2,1
4338,fig|6666666.1036479.peg.186,fig|6666666.1036479.peg.740,0.8572697460651397,0.008807621089562422,Low,Very Low,Very Low–Low,,,0,no STRING match,no STRING match,2526,2651,2,1
4339,fig|6666666.1036479.peg.2960,fig|6666666.1036479.peg.1706,0.8572558701038361,0.008809651430984635,Low,Very Low,Very Low–Low,,,0,no STRING match,no STRING match,2412,2886,1,1
4340,fig|6666666.1036479.peg.2948,fig|6666666.1036479.peg.1,0.8572413325309753,0.008811681772406849,High,Very Low,Very Low–High,,,0,no STRING match,no STRING match,2410,2509,1,1
4341,fig|6666666.1036479.peg.2548,fig|6666666.1036479.peg.1554,0.8572392404079437,0.008813712113829062,High,Medium,Medium–High,,,0,no STRING match,no STRING match,2298,2831,1,1
4342,fig|6666666.1036479.peg.2988,fig|6666666.1036479.peg.2404,0.8572298467159272,0.008815742455251276,Medium,Medium,Medium–Medium,Hypothetical protein.,Hypothetical protein; COG0605 Superoxide dismutase.,0,secondary STRING hit (STRING protein assigned to a better match),secondary STRING hit (STRING protein assigned to a better match),2416,3028,1,1
4343,fig|6666666.1036479.peg.2960,fig|6666666.1036479.peg.3188,0.8572135806083679,0.008817772796673489,Low,Medium,Low–Medium,,,0,no STRING match,no STRING match,2412,2461,1,1
4344,fig|6666666.1036479.peg.1409,fig|6666666.1036479.peg.2436,0.8571821391582489,0.008819803138095703,Medium,Medium,Medium–Medium,,,0,no STRING match,no STRING match,2812,3033,1,1
4345,fig|6666666.1036479.peg.2548,fig|6666666.1036479.peg.312,0.8571714460849762,0.008821833479517916,High,Medium,Medium–High,,,0,no STRING match,no STRING match,2298,2570,1,1
4346,fig|6666666.1036479.peg.573,fig|6666666.1036479.peg.2158,0.8571649789810181,0.00882386382094013,Very Low,Very Low,Very Low–Very Low,Hypothetical protein.,,0,secondary STRING hit (STRING protein assigned to a better match),no STRING match,2601,2979,1,1
4347,fig|6666666.1036479.peg.2523,fig|6666666.1036479.peg.3033,0.857114827632904,0.008825894162362343,Low,Low,Low–Low,,,0,no STRING match,no STRING match,2282,2437,1,1
4348,fig|6666666.1036479.peg.2924,fig|6666666.1036479.peg.38,0.8571020662784576,0.008827924503784557,Very Low,Low,Very Low–Low,,,0,no STRING match,no STRING match,2401,2526,1,2
4349,fig|6666666.1036479.peg.2924,fig|6666666.1036479.peg.186,0.8571020662784576,0.00882995484520677,Very Low,Low,Very Low–Low,,,0,no STRING match,no STRING match,2401,2526,1,2
4350,fig|6666666.1036479.peg.2809,fig|6666666.1036479.peg.1308,0.8570980310440064,0.008831985186628984,Very Low,Medium,Very Low–Medium,,,0,no STRING match,no STRING match,2357,2764,1,1
4351,fig|6666666.1036479.peg.2524,fig|6666666.1036479.peg.89,0.8570946753025055,0.008834015528051197,Low,Very Low,Very Low–Low,,,0,no STRING match,no STRING match,2283,2542,1,1
4352,fig|6666666.1036479.peg.36,fig|6666666.1036479.peg.728,0.8570900321006775,0.00883604586947341,Medium,Medium,Medium–Medium,,,0,no STRING match,no STRING match,2524,2639,2,1
4353,fig|6666666.1036479.peg.184,fig|6666666.1036479.peg.728,0.8570900321006775,0.008838076210895624,Medium,Medium,Medium–Medium,,,0,no STRING match,no STRING match,2524,2639,2,1
4354,fig|6666666.1036479.peg.2924,fig|6666666.1036479.peg.3207,0.8570893287658692,0.008840106552317838,Very Low,Medium,Very Low–Medium,,,0,no STRING match,no STRING match,2401,2468,1,1
4355,fig|6666666.1036479.peg.2504,fig|6666666.1036479.peg.391,0.8570865035057068,0.008842136893740051,Very Low,Medium,Very Low–Medium,,,0,no STRING match,no STRING match,2268,2580,1,1
4356,fig|6666666.1036479.peg.3224,fig|6666666.1036479.peg.1947,0.8570643842220307,0.008844167235162265,Very Low,Medium,Very Low–Medium,,,0,no STRING match,no STRING match,2475,2930,2,1
4357,fig|6666666.1036479.peg.140,fig|6666666.1036479.peg.1947,0.8570643842220307,0.008846197576584478,Very Low,Medium,Very Low–Medium,,,0,no STRING match,no STRING match,2475,2930,2,1
4358,fig|6666666.1036479.peg.411,fig|6666666.1036479.peg.875,0.8570619046688079,0.008848227918006692,Low,Very Low,Very Low–Low,Hypothetical protein.,,0,secondary STRING hit (STRING protein assigned to a better match),no STRING match,2585,2670,1,3
4359,fig|6666666.1036479.peg.411,fig|6666666.1036479.peg.2097,0.8570619046688079,0.008850258259428905,Low,Very Low,Very Low–Low,Hypothetical protein.,,0,secondary STRING hit (STRING protein assigned to a better match),no STRING match,2585,2670,1,3
4360,fig|6666666.1036479.peg.411,fig|6666666.1036479.peg.2378,0.8570619046688079,0.008852288600851119,Low,Very Low,Very Low–Low,Hypothetical protein.,,0,secondary STRING hit (STRING protein assigned to a better match),no STRING match,2585,2670,1,3
4361,fig|6666666.1036479.peg.2920,fig|6666666.1036479.peg.3142,0.8570609569549561,0.008854318942273332,Very Low,Low,Very Low–Low,,,0,no STRING match,no STRING match,2397,2448,1,1
4362,fig|6666666.1036479.peg.3015,fig|6666666.1036479.peg.2114,0.8570022463798523,0.008856349283695546,Low,Very Low,Very Low–Low,,"COG1629 Outer membrane receptor proteins, mostly Fe transport.",0,no STRING match,secondary STRING hit (STRING protein assigned to a better match),2428,2964,1,1
4363,fig|6666666.1036479.peg.3020,fig|6666666.1036479.peg.721,0.8570012748241425,0.00885837962511776,Low,High,Low–High,,Yd repeat protein; COG3209 Rhs family protein.,0,no STRING match,secondary STRING hit (STRING protein assigned to a better match),2433,2632,1,1
4364,fig|6666666.1036479.peg.370,fig|6666666.1036479.peg.1319,0.8569970905780793,0.008860409966539973,High,High,High–High,,,0,no STRING match,no STRING match,2579,2773,1,1
4365,fig|6666666.1036479.peg.2654,fig|6666666.1036479.peg.861,0.8569834768772125,0.008862440307962186,High,High,High–High,,,0,no STRING match,no STRING match,2337,2665,1,1
4366,fig|6666666.1036479.peg.2843,fig|6666666.1036479.peg.1706,0.8569782793521881,0.0088644706493844,Very Low,Very Low,Very Low–Very Low,,,0,no STRING match,no STRING match,2370,2886,1,1
4367,fig|6666666.1036479.peg.2548,fig|6666666.1036479.peg.2761,0.8569641351699829,0.008866500990806613,High,Low,Low–High,,,0,no STRING match,no STRING match,2298,2352,1,1
4368,fig|6666666.1036479.peg.573,fig|6666666.1036479.peg.1554,0.8569513261318207,0.008868531332228828,Very Low,Medium,Very Low–Medium,Hypothetical protein.,,0,secondary STRING hit (STRING protein assigned to a better match),no STRING match,2601,2831,1,1
4369,fig|6666666.1036479.peg.38,fig|6666666.1036479.peg.2093,0.8569417417049408,0.008870561673651042,Low,Medium,Low–Medium,,,0,no STRING match,no STRING match,2526,2955,2,1
4370,fig|6666666.1036479.peg.186,fig|6666666.1036479.peg.2093,0.8569417417049408,0.008872592015073255,Low,Medium,Low–Medium,,,0,no STRING match,no STRING match,2526,2955,2,1
4371,fig|6666666.1036479.peg.2548,fig|6666666.1036479.peg.695,0.8569336116313935,0.008874622356495469,High,Low,Low–High,,,0,no STRING match,no STRING match,2298,2623,1,1
4372,fig|6666666.1036479.peg.1567,fig|6666666.1036479.peg.2348,0.8569247543811798,0.008876652697917682,Low,High,Low–High,,,0,no STRING match,no STRING match,2839,3019,1,1
4373,fig|6666666.1036479.peg.2768,fig|6666666.1036479.peg.411,0.8569015145301819,0.008878683039339896,Very Low,Low,Very Low–Low,,Hypothetical protein.,0,no STRING match,secondary STRING hit (STRING protein assigned to a better match),2353,2585,1,1
4374,fig|6666666.1036479.peg.728,fig|6666666.1036479.peg.1410,0.8568956196308136,0.00888071338076211,Medium,Medium,Medium–Medium,,,0,no STRING match,no STRING match,2639,2813,1,1
4375,fig|6666666.1036479.peg.3020,fig|6666666.1036479.peg.1919,0.8568922460079194,0.008882743722184323,Low,Very Low,Very Low–Low,,,0,no STRING match,no STRING match,2433,2920,1,1
4376,fig|6666666.1036479.peg.1,fig|6666666.1036479.peg.573,0.8568726181983948,0.008884774063606537,Very Low,Very Low,Very Low–Very Low,,Hypothetical protein.,0,no STRING match,secondary STRING hit (STRING protein assigned to a better match),2509,2601,1,1
4377,fig|6666666.1036479.peg.889,fig|6666666.1036479.peg.2348,0.8568366169929504,0.00888680440502875,Low,High,Low–High,,,0,no STRING match,no STRING match,2682,3019,1,1
4378,fig|6666666.1036479.peg.2539,fig|6666666.1036479.peg.1416,0.8568176865577698,0.008888834746450964,Low,Medium,Low–Medium,,,0,no STRING match,no STRING match,2289,2817,1,1
4379,fig|6666666.1036479.peg.2987,fig|6666666.1036479.peg.1080,0.8568047881126404,0.008890865087873177,Very Low,High,Very Low–High,,,0,no STRING match,no STRING match,2415,2712,1,1
4380,fig|6666666.1036479.peg.3107,fig|6666666.1036479.peg.1416,0.8567980289459228,0.00889289542929539,Very Low,Medium,Very Low–Medium,,,0,no STRING match,no STRING match,2444,2817,1,1
4381,fig|6666666.1036479.peg.236,fig|6666666.1036479.peg.881,0.8567970216274261,0.008894925770717604,Very Low,High,Very Low–High,,,0,no STRING match,no STRING match,2552,2674,1,1
4382,fig|6666666.1036479.peg.3078,fig|6666666.1036479.peg.89,0.8567943096160888,0.008896956112139818,Medium,Very Low,Very Low–Medium,,,0,no STRING match,no STRING match,2441,2542,1,1
4383,fig|6666666.1036479.peg.1344,fig|6666666.1036479.peg.1947,0.8567888021469117,0.008898986453562031,Very Low,Medium,Very Low–Medium,,,0,no STRING match,no STRING match,2782,2930,1,1
4384,fig|6666666.1036479.peg.861,fig|6666666.1036479.peg.1229,0.8567811846733093,0.008901016794984245,High,Very Low,Very Low–High,,,0,no STRING match,no STRING match,2665,2753,1,1
4385,fig|6666666.1036479.peg.3188,fig|6666666.1036479.peg.2092,0.8567680537700653,0.008903047136406458,Medium,Medium,Medium–Medium,,,0,no STRING match,no STRING match,2461,2954,1,1
4386,fig|6666666.1036479.peg.2672,fig|6666666.1036479.peg.3100,0.8567557513713837,0.008905077477828672,Medium,Medium,Medium–Medium,,,0,no STRING match,no STRING match,2341,2443,1,1
4387,fig|6666666.1036479.peg.2571,fig|6666666.1036479.peg.1308,0.8567440688610077,0.008907107819250885,Medium,Medium,Medium–Medium,,,0,no STRING match,no STRING match,2316,2764,1,1
4388,fig|6666666.1036479.peg.2679,fig|6666666.1036479.peg.1567,0.8567376255989074,0.008909138160673099,Medium,Low,Low–Medium,,,0,no STRING match,no STRING match,2342,2839,1,1
4389,fig|6666666.1036479.peg.2814,fig|6666666.1036479.peg.1080,0.8567352652549743,0.008911168502095312,Very Low,High,Very Low–High,,,0,no STRING match,no STRING match,2358,2712,1,1
4390,fig|6666666.1036479.peg.314,fig|6666666.1036479.peg.1947,0.856728321313858,0.008913198843517526,Very Low,Medium,Very Low–Medium,,,0,no STRING match,no STRING match,2572,2930,1,1
4391,fig|6666666.1036479.peg.2548,fig|6666666.1036479.peg.877,0.8567112803459167,0.008915229184939739,High,Very Low,Very Low–High,,,0,no STRING match,no STRING match,2298,2671,1,1
4392,fig|6666666.1036479.peg.866,fig|6666666.1036479.peg.894,0.8566790461540222,0.008917259526361953,High,Very Low,Very Low–High,,,0,no STRING match,no STRING match,2667,2686,1,1
4393,fig|6666666.1036479.peg.2548,fig|6666666.1036479.peg.2469,0.8566735863685608,0.008919289867784166,High,Very Low,Very Low–High,,,0,no STRING match,no STRING match,2298,3042,1,1
4394,fig|6666666.1036479.peg.1566,fig|6666666.1036479.peg.2467,0.8566660583019257,0.00892132020920638,High,Low,Low–High,,,0,no STRING match,no STRING match,2838,3041,1,1
4395,fig|6666666.1036479.peg.2843,fig|6666666.1036479.peg.1945,0.8566650032997132,0.008923350550628593,Very Low,Very Low,Very Low–Very Low,,,0,no STRING match,no STRING match,2370,2928,1,1
4396,fig|6666666.1036479.peg.2814,fig|6666666.1036479.peg.2348,0.8566601276397705,0.008925380892050807,Very Low,High,Very Low–High,,,0,no STRING match,no STRING match,2358,3019,1,1
4397,fig|6666666.1036479.peg.866,fig|6666666.1036479.peg.877,0.8566506505012512,0.00892741123347302,High,Very Low,Very Low–High,,,0,no STRING match,no STRING match,2667,2671,1,1
4398,fig|6666666.1036479.peg.1947,fig|6666666.1036479.peg.2158,0.8566484093666077,0.008929441574895234,Medium,Very Low,Very Low–Medium,,,0,no STRING match,no STRING match,2930,2979,1,1
4399,fig|6666666.1036479.peg.740,fig|6666666.1036479.peg.1308,0.8566458046436309,0.008931471916317447,Very Low,Medium,Very Low–Medium,,,0,no STRING match,no STRING match,2651,2764,1,1
4400,fig|6666666.1036479.peg.866,fig|6666666.1036479.peg.1835,0.8566421568393707,0.008933502257739662,High,Very Low,Very Low–High,,,0,no STRING match,no STRING match,2667,2906,1,1
4401,fig|6666666.1036479.peg.2920,fig|6666666.1036479.peg.74,0.8566415727138519,0.008935532599161876,Very Low,Very Low,Very Low–Very Low,,,0,no STRING match,no STRING match,2397,2538,1,1
4402,fig|6666666.1036479.peg.2025,fig|6666666.1036479.peg.2348,0.8566355228424072,0.00893756294058409,Very Low,High,Very Low–High,,,0,no STRING match,no STRING match,2950,3019,1,1
4403,fig|6666666.1036479.peg.3207,fig|6666666.1036479.peg.1706,0.8566348254680634,0.008939593282006303,Medium,Very Low,Very Low–Medium,,,0,no STRING match,no STRING match,2468,2886,1,1
4404,fig|6666666.1036479.peg.392,fig|6666666.1036479.peg.1300,0.8566329896450042,0.008941623623428516,Very Low,Low,Very Low–Low,,,0,no STRING match,no STRING match,2581,2763,1,1
4405,fig|6666666.1036479.peg.2672,fig|6666666.1036479.peg.1582,0.8565703690052032,0.00894365396485073,Medium,Very Low,Very Low–Medium,,YD repeat-containing protein; COG3209 Rhs family protein.,0,no STRING match,secondary STRING hit (STRING protein assigned to a better match),2341,2850,1,1
4406,fig|6666666.1036479.peg.89,fig|6666666.1036479.peg.2364,0.8565660178661346,0.008945684306272943,Very Low,Medium,Very Low–Medium,,,0,no STRING match,no STRING match,2542,3022,1,1
4407,fig|6666666.1036479.peg.3077,fig|6666666.1036479.peg.3223,0.856547063589096,0.008947714647695157,Medium,High,Medium–High,,,0,no STRING match,no STRING match,2440,2474,1,2
4408,fig|6666666.1036479.peg.3077,fig|6666666.1036479.peg.139,0.856547063589096,0.00894974498911737,Medium,High,Medium–High,,,0,no STRING match,no STRING match,2440,2474,1,2
4409,fig|6666666.1036479.peg.2881,fig|6666666.1036479.peg.38,0.8565459609031677,0.008951775330539584,Very Low,Low,Very Low–Low,,,0,no STRING match,no STRING match,2383,2526,1,2
4410,fig|6666666.1036479.peg.2881,fig|6666666.1036479.peg.186,0.8565459609031677,0.008953805671961797,Very Low,Low,Very Low–Low,,,0,no STRING match,no STRING match,2383,2526,1,2
4411,fig|6666666.1036479.peg.1706,fig|6666666.1036479.peg.2092,0.8565205633640289,0.008955836013384011,Very Low,Medium,Very Low–Medium,,,0,no STRING match,no STRING match,2886,2954,1,1
4412,fig|6666666.1036479.peg.1,fig|6666666.1036479.peg.411,0.8565161108970643,0.008957866354806224,Very Low,Low,Very Low–Low,,Hypothetical protein.,0,no STRING match,secondary STRING hit (STRING protein assigned to a better match),2509,2585,1,1
4413,fig|6666666.1036479.peg.2672,fig|6666666.1036479.peg.2163,0.8565160989761352,0.008959896696228438,Medium,Very Low,Very Low–Medium,,,0,no STRING match,no STRING match,2341,2984,1,1
4414,fig|6666666.1036479.peg.2506,fig|6666666.1036479.peg.2540,0.8564672946929932,0.008961927037650651,Very Low,Medium,Very Low–Medium,,,0,no STRING match,no STRING match,2270,2290,6,1
4415,fig|6666666.1036479.peg.2516,fig|6666666.1036479.peg.2540,0.8564672946929932,0.008963957379072865,Very Low,Medium,Very Low–Medium,,,0,no STRING match,no STRING match,2270,2290,6,1
4416,fig|6666666.1036479.peg.2522,fig|6666666.1036479.peg.2540,0.8564672946929932,0.008965987720495078,Very Low,Medium,Very Low–Medium,,,0,no STRING match,no STRING match,2270,2290,6,1
4417,fig|6666666.1036479.peg.2540,fig|6666666.1036479.peg.974,0.8564672946929932,0.008968018061917292,Medium,Very Low,Very Low–Medium,,,0,no STRING match,no STRING match,2290,2270,1,6
4418,fig|6666666.1036479.peg.2540,fig|6666666.1036479.peg.979,0.8564672946929932,0.008970048403339505,Medium,Very Low,Very Low–Medium,,,0,no STRING match,no STRING match,2290,2270,1,6
4419,fig|6666666.1036479.peg.2540,fig|6666666.1036479.peg.2491,0.8564672946929932,0.008972078744761719,Medium,Very Low,Very Low–Medium,,,0,no STRING match,no STRING match,2290,2270,1,6
4420,fig|6666666.1036479.peg.3207,fig|6666666.1036479.peg.726,0.8564610540866852,0.008974109086183932,Medium,Very Low,Very Low–Medium,,,0,no STRING match,no STRING match,2468,2637,1,1
4421,fig|6666666.1036479.peg.2843,fig|6666666.1036479.peg.1092,0.856452614068985,0.008976139427606146,Very Low,Very Low,Very Low–Very Low,,,0,no STRING match,no STRING match,2370,2715,1,1
4422,fig|6666666.1036479.peg.2679,fig|6666666.1036479.peg.652,0.8564466178417206,0.00897816976902836,Medium,Very Low,Very Low–Medium,,,0,no STRING match,no STRING match,2342,2615,1,1
4423,fig|6666666.1036479.peg.861,fig|6666666.1036479.peg.1851,0.8564457356929779,0.008980200110450573,High,Very Low,Very Low–High,,,0,no STRING match,no STRING match,2665,2908,1,1
4424,fig|6666666.1036479.peg.1092,fig|6666666.1036479.peg.1300,0.8564439475536346,0.008982230451872786,Very Low,Low,Very Low–Low,,,0,no STRING match,no STRING match,2715,2763,1,1
4425,fig|6666666.1036479.peg.38,fig|6666666.1036479.peg.1410,0.8564267575740814,0.008984260793295,Low,Medium,Low–Medium,,,0,no STRING match,no STRING match,2526,2813,2,1
4426,fig|6666666.1036479.peg.186,fig|6666666.1036479.peg.1410,0.8564267575740814,0.008986291134717213,Low,Medium,Low–Medium,,,0,no STRING match,no STRING match,2526,2813,2,1
4427,fig|6666666.1036479.peg.2948,fig|6666666.1036479.peg.2278,0.8564107596874238,0.008988321476139427,High,Low,Low–High,,,0,no STRING match,no STRING match,2410,3005,1,1
4428,fig|6666666.1036479.peg.2988,fig|6666666.1036479.peg.2352,0.8564085602760315,0.00899035181756164,Medium,Medium,Medium–Medium,Hypothetical protein.,,0,secondary STRING hit (STRING protein assigned to a better match),no STRING match,2416,3020,1,1
4429,fig|6666666.1036479.peg.2548,fig|6666666.1036479.peg.1118,0.8564074516296387,0.008992382158983854,High,Very Low,Very Low–High,,,0,no STRING match,no STRING match,2298,2734,1,1
4430,fig|6666666.1036479.peg.2548,fig|6666666.1036479.peg.2166,0.8563893795013428,0.008994412500406068,High,Very Low,Very Low–High,,,0,no STRING match,no STRING match,2298,2987,1,1
4431,fig|6666666.1036479.peg.866,fig|6666666.1036479.peg.1114,0.856382554769516,0.008996442841828281,High,Very Low,Very Low–High,,,0,no STRING match,no STRING match,2667,2730,1,1
4432,fig|6666666.1036479.peg.2548,fig|6666666.1036479.peg.874,0.8563742339611053,0.008998473183250496,High,Medium,Medium–High,,,0,no STRING match,no STRING match,2298,2669,1,1
4433,fig|6666666.1036479.peg.2948,fig|6666666.1036479.peg.48,0.8563682973384857,0.00900050352467271,High,Medium,Medium–High,,,0,no STRING match,no STRING match,2410,2536,1,1
4434,fig|6666666.1036479.peg.411,fig|6666666.1036479.peg.2165,0.8563590764999389,0.009002533866094923,Low,Very Low,Very Low–Low,Hypothetical protein.,,0,secondary STRING hit (STRING protein assigned to a better match),no STRING match,2585,2986,1,1
4435,fig|6666666.1036479.peg.2839,fig|6666666.1036479.peg.38,0.8563460409641266,0.009004564207517137,Very Low,Low,Very Low–Low,,,0,no STRING match,no STRING match,2368,2526,1,2
4436,fig|6666666.1036479.peg.2839,fig|6666666.1036479.peg.186,0.8563460409641266,0.00900659454893935,Very Low,Low,Very Low–Low,,,0,no STRING match,no STRING match,2368,2526,1,2
4437,fig|6666666.1036479.peg.244,fig|6666666.1036479.peg.1300,0.8563450872898102,0.009008624890361564,Very Low,Low,Very Low–Low,,,0,no STRING match,no STRING match,2554,2763,1,1
4438,fig|6666666.1036479.peg.3017,fig|6666666.1036479.peg.728,0.856337821483612,0.009010655231783777,Medium,Medium,Medium–Medium,,,0,no STRING match,no STRING match,2430,2639,1,1
4439,fig|6666666.1036479.peg.2761,fig|6666666.1036479.peg.719,0.8563120067119598,0.00901268557320599,Low,Medium,Low–Medium,,,0,no STRING match,no STRING match,2352,2630,1,1
4440,fig|6666666.1036479.peg.2364,fig|6666666.1036479.peg.2404,0.8563109576702118,0.009014715914628204,Medium,Medium,Medium–Medium,,Hypothetical protein; COG0605 Superoxide dismutase.,0,no STRING match,secondary STRING hit (STRING protein assigned to a better match),3022,3028,1,1
4441,fig|6666666.1036479.peg.652,fig|6666666.1036479.peg.1416,0.8562869191169739,0.009016746256050418,Very Low,Medium,Very Low–Medium,,,0,no STRING match,no STRING match,2615,2817,1,1
4442,fig|6666666.1036479.peg.370,fig|6666666.1036479.peg.868,0.8562784731388092,0.009018776597472631,High,High,High–High,,,0,no STRING match,no STRING match,2579,2668,1,1
4443,fig|6666666.1036479.peg.3231,fig|6666666.1036479.peg.2145,0.8562714695930481,0.009020806938894845,Very Low,Very Low,Very Low–Very Low,,,0,no STRING match,no STRING match,2482,2973,2,1
4444,fig|6666666.1036479.peg.147,fig|6666666.1036479.peg.2145,0.8562714695930481,0.009022837280317058,Very Low,Very Low,Very Low–Very Low,,,0,no STRING match,no STRING match,2482,2973,2,1
4445,fig|6666666.1036479.peg.3213,fig|6666666.1036479.peg.573,0.8562606632709503,0.009024867621739272,Very Low,Very Low,Very Low–Very Low,,Hypothetical protein.,0,no STRING match,secondary STRING hit (STRING protein assigned to a better match),2470,2601,1,1
4446,fig|6666666.1036479.peg.411,fig|6666666.1036479.peg.1919,0.856260073184967,0.009026897963161485,Low,Very Low,Very Low–Low,Hypothetical protein.,,0,secondary STRING hit (STRING protein assigned to a better match),no STRING match,2585,2920,1,1
4447,fig|6666666.1036479.peg.2501,fig|6666666.1036479.peg.2918,0.8562431275844574,0.009028928304583699,High,Very Low,Very Low–High,,,0,no STRING match,no STRING match,2265,2396,1,1
4448,fig|6666666.1036479.peg.2623,fig|6666666.1036479.peg.3020,0.8562380790710449,0.009030958646005912,Very Low,Low,Very Low–Low,,,0,no STRING match,no STRING match,2333,2433,1,1
4449,fig|6666666.1036479.peg.1953,fig|6666666.1036479.peg.2364,0.856235659122467,0.009032988987428126,Low,Medium,Low–Medium,,,0,no STRING match,no STRING match,2935,3022,1,1
4450,fig|6666666.1036479.peg.1178,fig|6666666.1036479.peg.1947,0.8562229156494141,0.00903501932885034,Very Low,Medium,Very Low–Medium,,,0,no STRING match,no STRING match,2745,2930,1,1
4451,fig|6666666.1036479.peg.2504,fig|6666666.1036479.peg.38,0.8562174141407013,0.009037049670272553,Very Low,Low,Very Low–Low,,,0,no STRING match,no STRING match,2268,2526,1,2
4452,fig|6666666.1036479.peg.2504,fig|6666666.1036479.peg.186,0.8562174141407013,0.009039080011694766,Very Low,Low,Very Low–Low,,,0,no STRING match,no STRING match,2268,2526,1,2
4453,fig|6666666.1036479.peg.3008,fig|6666666.1036479.peg.2348,0.8562169253826142,0.00904111035311698,Medium,High,Medium–High,,,0,no STRING match,no STRING match,2423,3019,1,1
4454,fig|6666666.1036479.peg.2948,fig|6666666.1036479.peg.1604,0.8562109708786011,0.009043140694539193,High,Very Low,Very Low–High,,YD repeat-containing protein; COG3209 Rhs family protein.,0,no STRING match,secondary STRING hit (STRING protein assigned to a better match),2410,2862,1,2
4455,fig|6666666.1036479.peg.2948,fig|6666666.1036479.peg.1611,0.8562109708786011,0.009045171035961407,High,Very Low,Very Low–High,,YD repeat-containing protein; COG3209 Rhs family protein.,0,no STRING match,secondary STRING hit (STRING protein assigned to a better match),2410,2862,1,2
4456,fig|6666666.1036479.peg.304,fig|6666666.1036479.peg.861,0.8562055647373199,0.00904720137738362,Medium,High,Medium–High,,,0,no STRING match,no STRING match,2565,2665,1,1
4457,fig|6666666.1036479.peg.2509,fig|6666666.1036479.peg.2513,0.8561979949474334,0.009049231718805834,Very Low,Very Low,Very Low–Very Low,,,0,no STRING match,no STRING match,2273,2273,15,15
4458,fig|6666666.1036479.peg.2509,fig|6666666.1036479.peg.2519,0.8561979949474334,0.009051262060228047,Very Low,Very Low,Very Low–Very Low,,,0,no STRING match,no STRING match,2273,2273,15,15
4459,fig|6666666.1036479.peg.2509,fig|6666666.1036479.peg.2526,0.8561979949474334,0.009053292401650261,Very Low,Very Low,Very Low–Very Low,,,0,no STRING match,no STRING match,2273,2273,15,15
4460,fig|6666666.1036479.peg.2509,fig|6666666.1036479.peg.2530,0.8561979949474334,0.009055322743072474,Very Low,Very Low,Very Low–Very Low,,,0,no STRING match,no STRING match,2273,2273,15,15
4461,fig|6666666.1036479.peg.2509,fig|6666666.1036479.peg.2534,0.8561979949474334,0.009057353084494688,Very Low,Very Low,Very Low–Very Low,,,0,no STRING match,no STRING match,2273,2273,15,15
4462,fig|6666666.1036479.peg.2509,fig|6666666.1036479.peg.3173,0.8561979949474334,0.009059383425916901,Very Low,Very Low,Very Low–Very Low,,,0,no STRING match,no STRING match,2273,2273,15,15
4463,fig|6666666.1036479.peg.2509,fig|6666666.1036479.peg.971,0.8561979949474334,0.009061413767339115,Very Low,Very Low,Very Low–Very Low,,,0,no STRING match,no STRING match,2273,2273,15,15
4464,fig|6666666.1036479.peg.2509,fig|6666666.1036479.peg.976,0.8561979949474334,0.00906344410876133,Very Low,Very Low,Very Low–Very Low,,,0,no STRING match,no STRING match,2273,2273,15,15
4465,fig|6666666.1036479.peg.2509,fig|6666666.1036479.peg.981,0.8561979949474334,0.009065474450183544,Very Low,Very Low,Very Low–Very Low,,,0,no STRING match,no STRING match,2273,2273,15,15
4466,fig|6666666.1036479.peg.2509,fig|6666666.1036479.peg.985,0.8561979949474334,0.009067504791605757,Very Low,Very Low,Very Low–Very Low,,,0,no STRING match,no STRING match,2273,2273,15,15
4467,fig|6666666.1036479.peg.2509,fig|6666666.1036479.peg.989,0.8561979949474334,0.00906953513302797,Very Low,Very Low,Very Low–Very Low,,,0,no STRING match,no STRING match,2273,2273,15,15
4468,fig|6666666.1036479.peg.2509,fig|6666666.1036479.peg.2489,0.8561979949474334,0.009071565474450184,Very Low,Very Low,Very Low–Very Low,,,0,no STRING match,no STRING match,2273,2273,15,15
4469,fig|6666666.1036479.peg.2509,fig|6666666.1036479.peg.2494,0.8561979949474334,0.009073595815872398,Very Low,Very Low,Very Low–Very Low,,,0,no STRING match,no STRING match,2273,2273,15,15
4470,fig|6666666.1036479.peg.2509,fig|6666666.1036479.peg.2498,0.8561979949474334,0.009075626157294611,Very Low,Very Low,Very Low–Very Low,,,0,no STRING match,no STRING match,2273,2273,15,15
4471,fig|6666666.1036479.peg.2513,fig|6666666.1036479.peg.2519,0.8561979949474334,0.009077656498716825,Very Low,Very Low,Very Low–Very Low,,,0,no STRING match,no STRING match,2273,2273,15,15
4472,fig|6666666.1036479.peg.2513,fig|6666666.1036479.peg.2526,0.8561979949474334,0.009079686840139038,Very Low,Very Low,Very Low–Very Low,,,0,no STRING match,no STRING match,2273,2273,15,15
4473,fig|6666666.1036479.peg.2513,fig|6666666.1036479.peg.2530,0.8561979949474334,0.009081717181561252,Very Low,Very Low,Very Low–Very Low,,,0,no STRING match,no STRING match,2273,2273,15,15
4474,fig|6666666.1036479.peg.2513,fig|6666666.1036479.peg.2534,0.8561979949474334,0.009083747522983465,Very Low,Very Low,Very Low–Very Low,,,0,no STRING match,no STRING match,2273,2273,15,15
4475,fig|6666666.1036479.peg.2513,fig|6666666.1036479.peg.3173,0.8561979949474334,0.009085777864405679,Very Low,Very Low,Very Low–Very Low,,,0,no STRING match,no STRING match,2273,2273,15,15
4476,fig|6666666.1036479.peg.2513,fig|6666666.1036479.peg.971,0.8561979949474334,0.009087808205827892,Very Low,Very Low,Very Low–Very Low,,,0,no STRING match,no STRING match,2273,2273,15,15
4477,fig|6666666.1036479.peg.2513,fig|6666666.1036479.peg.976,0.8561979949474334,0.009089838547250106,Very Low,Very Low,Very Low–Very Low,,,0,no STRING match,no STRING match,2273,2273,15,15
4478,fig|6666666.1036479.peg.2513,fig|6666666.1036479.peg.981,0.8561979949474334,0.00909186888867232,Very Low,Very Low,Very Low–Very Low,,,0,no STRING match,no STRING match,2273,2273,15,15
4479,fig|6666666.1036479.peg.2513,fig|6666666.1036479.peg.985,0.8561979949474334,0.009093899230094533,Very Low,Very Low,Very Low–Very Low,,,0,no STRING match,no STRING match,2273,2273,15,15
4480,fig|6666666.1036479.peg.2513,fig|6666666.1036479.peg.989,0.8561979949474334,0.009095929571516746,Very Low,Very Low,Very Low–Very Low,,,0,no STRING match,no STRING match,2273,2273,15,15
4481,fig|6666666.1036479.peg.2513,fig|6666666.1036479.peg.2489,0.8561979949474334,0.00909795991293896,Very Low,Very Low,Very Low–Very Low,,,0,no STRING match,no STRING match,2273,2273,15,15
4482,fig|6666666.1036479.peg.2513,fig|6666666.1036479.peg.2494,0.8561979949474334,0.009099990254361173,Very Low,Very Low,Very Low–Very Low,,,0,no STRING match,no STRING match,2273,2273,15,15
4483,fig|6666666.1036479.peg.2513,fig|6666666.1036479.peg.2498,0.8561979949474334,0.009102020595783387,Very Low,Very Low,Very Low–Very Low,,,0,no STRING match,no STRING match,2273,2273,15,15
4484,fig|6666666.1036479.peg.2519,fig|6666666.1036479.peg.2526,0.8561979949474334,0.0091040509372056,Very Low,Very Low,Very Low–Very Low,,,0,no STRING match,no STRING match,2273,2273,15,15
4485,fig|6666666.1036479.peg.2519,fig|6666666.1036479.peg.2530,0.8561979949474334,0.009106081278627814,Very Low,Very Low,Very Low–Very Low,,,0,no STRING match,no STRING match,2273,2273,15,15
4486,fig|6666666.1036479.peg.2519,fig|6666666.1036479.peg.2534,0.8561979949474334,0.009108111620050027,Very Low,Very Low,Very Low–Very Low,,,0,no STRING match,no STRING match,2273,2273,15,15
4487,fig|6666666.1036479.peg.2519,fig|6666666.1036479.peg.3173,0.8561979949474334,0.00911014196147224,Very Low,Very Low,Very Low–Very Low,,,0,no STRING match,no STRING match,2273,2273,15,15
4488,fig|6666666.1036479.peg.2519,fig|6666666.1036479.peg.971,0.8561979949474334,0.009112172302894454,Very Low,Very Low,Very Low–Very Low,,,0,no STRING match,no STRING match,2273,2273,15,15
4489,fig|6666666.1036479.peg.2519,fig|6666666.1036479.peg.976,0.8561979949474334,0.009114202644316668,Very Low,Very Low,Very Low–Very Low,,,0,no STRING match,no STRING match,2273,2273,15,15
4490,fig|6666666.1036479.peg.2519,fig|6666666.1036479.peg.981,0.8561979949474334,0.009116232985738881,Very Low,Very Low,Very Low–Very Low,,,0,no STRING match,no STRING match,2273,2273,15,15
4491,fig|6666666.1036479.peg.2519,fig|6666666.1036479.peg.985,0.8561979949474334,0.009118263327161095,Very Low,Very Low,Very Low–Very Low,,,0,no STRING match,no STRING match,2273,2273,15,15
4492,fig|6666666.1036479.peg.2519,fig|6666666.1036479.peg.989,0.8561979949474334,0.009120293668583308,Very Low,Very Low,Very Low–Very Low,,,0,no STRING match,no STRING match,2273,2273,15,15
4493,fig|6666666.1036479.peg.2519,fig|6666666.1036479.peg.2489,0.8561979949474334,0.009122324010005522,Very Low,Very Low,Very Low–Very Low,,,0,no STRING match,no STRING match,2273,2273,15,15
4494,fig|6666666.1036479.peg.2519,fig|6666666.1036479.peg.2494,0.8561979949474334,0.009124354351427735,Very Low,Very Low,Very Low–Very Low,,,0,no STRING match,no STRING match,2273,2273,15,15
4495,fig|6666666.1036479.peg.2519,fig|6666666.1036479.peg.2498,0.8561979949474334,0.009126384692849949,Very Low,Very Low,Very Low–Very Low,,,0,no STRING match,no STRING match,2273,2273,15,15
4496,fig|6666666.1036479.peg.2526,fig|6666666.1036479.peg.2530,0.8561979949474334,0.009128415034272164,Very Low,Very Low,Very Low–Very Low,,,0,no STRING match,no STRING match,2273,2273,15,15
4497,fig|6666666.1036479.peg.2526,fig|6666666.1036479.peg.2534,0.8561979949474334,0.009130445375694378,Very Low,Very Low,Very Low–Very Low,,,0,no STRING match,no STRING match,2273,2273,15,15
4498,fig|6666666.1036479.peg.2526,fig|6666666.1036479.peg.3173,0.8561979949474334,0.009132475717116591,Very Low,Very Low,Very Low–Very Low,,,0,no STRING match,no STRING match,2273,2273,15,15
4499,fig|6666666.1036479.peg.2526,fig|6666666.1036479.peg.971,0.8561979949474334,0.009134506058538805,Very Low,Very Low,Very Low–Very Low,,,0,no STRING match,no STRING match,2273,2273,15,15
4500,fig|6666666.1036479.peg.2526,fig|6666666.1036479.peg.976,0.8561979949474334,0.009136536399961018,Very Low,Very Low,Very Low–Very Low,,,0,no STRING match,no STRING match,2273,2273,15,15
4501,fig|6666666.1036479.peg.2526,fig|6666666.1036479.peg.981,0.8561979949474334,0.009138566741383232,Very Low,Very Low,Very Low–Very Low,,,0,no STRING match,no STRING match,2273,2273,15,15
4502,fig|6666666.1036479.peg.2526,fig|6666666.1036479.peg.985,0.8561979949474334,0.009140597082805445,Very Low,Very Low,Very Low–Very Low,,,0,no STRING match,no STRING match,2273,2273,15,15
4503,fig|6666666.1036479.peg.2526,fig|6666666.1036479.peg.989,0.8561979949474334,0.009142627424227659,Very Low,Very Low,Very Low–Very Low,,,0,no STRING match,no STRING match,2273,2273,15,15
4504,fig|6666666.1036479.peg.2526,fig|6666666.1036479.peg.2489,0.8561979949474334,0.009144657765649872,Very Low,Very Low,Very Low–Very Low,,,0,no STRING match,no STRING match,2273,2273,15,15
4505,fig|6666666.1036479.peg.2526,fig|6666666.1036479.peg.2494,0.8561979949474334,0.009146688107072086,Very Low,Very Low,Very Low–Very Low,,,0,no STRING match,no STRING match,2273,2273,15,15
4506,fig|6666666.1036479.peg.2526,fig|6666666.1036479.peg.2498,0.8561979949474334,0.009148718448494299,Very Low,Very Low,Very Low–Very Low,,,0,no STRING match,no STRING match,2273,2273,15,15
4507,fig|6666666.1036479.peg.2530,fig|6666666.1036479.peg.2534,0.8561979949474334,0.009150748789916513,Very Low,Very Low,Very Low–Very Low,,,0,no STRING match,no STRING match,2273,2273,15,15
4508,fig|6666666.1036479.peg.2530,fig|6666666.1036479.peg.3173,0.8561979949474334,0.009152779131338726,Very Low,Very Low,Very Low–Very Low,,,0,no STRING match,no STRING match,2273,2273,15,15
4509,fig|6666666.1036479.peg.2530,fig|6666666.1036479.peg.971,0.8561979949474334,0.00915480947276094,Very Low,Very Low,Very Low–Very Low,,,0,no STRING match,no STRING match,2273,2273,15,15
4510,fig|6666666.1036479.peg.2530,fig|6666666.1036479.peg.976,0.8561979949474334,0.009156839814183153,Very Low,Very Low,Very Low–Very Low,,,0,no STRING match,no STRING match,2273,2273,15,15
4511,fig|6666666.1036479.peg.2530,fig|6666666.1036479.peg.981,0.8561979949474334,0.009158870155605367,Very Low,Very Low,Very Low–Very Low,,,0,no STRING match,no STRING match,2273,2273,15,15
4512,fig|6666666.1036479.peg.2530,fig|6666666.1036479.peg.985,0.8561979949474334,0.00916090049702758,Very Low,Very Low,Very Low–Very Low,,,0,no STRING match,no STRING match,2273,2273,15,15
4513,fig|6666666.1036479.peg.2530,fig|6666666.1036479.peg.989,0.8561979949474334,0.009162930838449794,Very Low,Very Low,Very Low–Very Low,,,0,no STRING match,no STRING match,2273,2273,15,15
4514,fig|6666666.1036479.peg.2530,fig|6666666.1036479.peg.2489,0.8561979949474334,0.009164961179872007,Very Low,Very Low,Very Low–Very Low,,,0,no STRING match,no STRING match,2273,2273,15,15
4515,fig|6666666.1036479.peg.2530,fig|6666666.1036479.peg.2494,0.8561979949474334,0.00916699152129422,Very Low,Very Low,Very Low–Very Low,,,0,no STRING match,no STRING match,2273,2273,15,15
4516,fig|6666666.1036479.peg.2530,fig|6666666.1036479.peg.2498,0.8561979949474334,0.009169021862716434,Very Low,Very Low,Very Low–Very Low,,,0,no STRING match,no STRING match,2273,2273,15,15
4517,fig|6666666.1036479.peg.2534,fig|6666666.1036479.peg.3173,0.8561979949474334,0.009171052204138648,Very Low,Very Low,Very Low–Very Low,,,0,no STRING match,no STRING match,2273,2273,15,15
4518,fig|6666666.1036479.peg.2534,fig|6666666.1036479.peg.971,0.8561979949474334,0.009173082545560861,Very Low,Very Low,Very Low–Very Low,,,0,no STRING match,no STRING match,2273,2273,15,15
4519,fig|6666666.1036479.peg.2534,fig|6666666.1036479.peg.976,0.8561979949474334,0.009175112886983075,Very Low,Very Low,Very Low–Very Low,,,0,no STRING match,no STRING match,2273,2273,15,15
4520,fig|6666666.1036479.peg.2534,fig|6666666.1036479.peg.981,0.8561979949474334,0.009177143228405288,Very Low,Very Low,Very Low–Very Low,,,0,no STRING match,no STRING match,2273,2273,15,15
4521,fig|6666666.1036479.peg.2534,fig|6666666.1036479.peg.985,0.8561979949474334,0.009179173569827502,Very Low,Very Low,Very Low–Very Low,,,0,no STRING match,no STRING match,2273,2273,15,15
4522,fig|6666666.1036479.peg.2534,fig|6666666.1036479.peg.989,0.8561979949474334,0.009181203911249715,Very Low,Very Low,Very Low–Very Low,,,0,no STRING match,no STRING match,2273,2273,15,15
4523,fig|6666666.1036479.peg.2534,fig|6666666.1036479.peg.2489,0.8561979949474334,0.009183234252671929,Very Low,Very Low,Very Low–Very Low,,,0,no STRING match,no STRING match,2273,2273,15,15
4524,fig|6666666.1036479.peg.2534,fig|6666666.1036479.peg.2494,0.8561979949474334,0.009185264594094142,Very Low,Very Low,Very Low–Very Low,,,0,no STRING match,no STRING match,2273,2273,15,15
4525,fig|6666666.1036479.peg.2534,fig|6666666.1036479.peg.2498,0.8561979949474334,0.009187294935516356,Very Low,Very Low,Very Low–Very Low,,,0,no STRING match,no STRING match,2273,2273,15,15
4526,fig|6666666.1036479.peg.3173,fig|6666666.1036479.peg.971,0.8561979949474334,0.00918932527693857,Very Low,Very Low,Very Low–Very Low,,,0,no STRING match,no STRING match,2273,2273,15,15
4527,fig|6666666.1036479.peg.3173,fig|6666666.1036479.peg.976,0.8561979949474334,0.009191355618360783,Very Low,Very Low,Very Low–Very Low,,,0,no STRING match,no STRING match,2273,2273,15,15
4528,fig|6666666.1036479.peg.3173,fig|6666666.1036479.peg.981,0.8561979949474334,0.009193385959782998,Very Low,Very Low,Very Low–Very Low,,,0,no STRING match,no STRING match,2273,2273,15,15
4529,fig|6666666.1036479.peg.3173,fig|6666666.1036479.peg.985,0.8561979949474334,0.009195416301205211,Very Low,Very Low,Very Low–Very Low,,,0,no STRING match,no STRING match,2273,2273,15,15
4530,fig|6666666.1036479.peg.3173,fig|6666666.1036479.peg.989,0.8561979949474334,0.009197446642627425,Very Low,Very Low,Very Low–Very Low,,,0,no STRING match,no STRING match,2273,2273,15,15
4531,fig|6666666.1036479.peg.3173,fig|6666666.1036479.peg.2489,0.8561979949474334,0.009199476984049638,Very Low,Very Low,Very Low–Very Low,,,0,no STRING match,no STRING match,2273,2273,15,15
4532,fig|6666666.1036479.peg.3173,fig|6666666.1036479.peg.2494,0.8561979949474334,0.009201507325471852,Very Low,Very Low,Very Low–Very Low,,,0,no STRING match,no STRING match,2273,2273,15,15
4533,fig|6666666.1036479.peg.3173,fig|6666666.1036479.peg.2498,0.8561979949474334,0.009203537666894065,Very Low,Very Low,Very Low–Very Low,,,0,no STRING match,no STRING match,2273,2273,15,15
4534,fig|6666666.1036479.peg.971,fig|6666666.1036479.peg.976,0.8561979949474334,0.009205568008316279,Very Low,Very Low,Very Low–Very Low,,,0,no STRING match,no STRING match,2273,2273,15,15
4535,fig|6666666.1036479.peg.971,fig|6666666.1036479.peg.981,0.8561979949474334,0.009207598349738493,Very Low,Very Low,Very Low–Very Low,,,0,no STRING match,no STRING match,2273,2273,15,15
4536,fig|6666666.1036479.peg.971,fig|6666666.1036479.peg.985,0.8561979949474334,0.009209628691160706,Very Low,Very Low,Very Low–Very Low,,,0,no STRING match,no STRING match,2273,2273,15,15
4537,fig|6666666.1036479.peg.971,fig|6666666.1036479.peg.989,0.8561979949474334,0.00921165903258292,Very Low,Very Low,Very Low–Very Low,,,0,no STRING match,no STRING match,2273,2273,15,15
4538,fig|6666666.1036479.peg.971,fig|6666666.1036479.peg.2489,0.8561979949474334,0.009213689374005133,Very Low,Very Low,Very Low–Very Low,,,0,no STRING match,no STRING match,2273,2273,15,15
4539,fig|6666666.1036479.peg.971,fig|6666666.1036479.peg.2494,0.8561979949474334,0.009215719715427347,Very Low,Very Low,Very Low–Very Low,,,0,no STRING match,no STRING match,2273,2273,15,15
4540,fig|6666666.1036479.peg.971,fig|6666666.1036479.peg.2498,0.8561979949474334,0.00921775005684956,Very Low,Very Low,Very Low–Very Low,,,0,no STRING match,no STRING match,2273,2273,15,15
4541,fig|6666666.1036479.peg.976,fig|6666666.1036479.peg.981,0.8561979949474334,0.009219780398271774,Very Low,Very Low,Very Low–Very Low,,,0,no STRING match,no STRING match,2273,2273,15,15
4542,fig|6666666.1036479.peg.976,fig|6666666.1036479.peg.985,0.8561979949474334,0.009221810739693987,Very Low,Very Low,Very Low–Very Low,,,0,no STRING match,no STRING match,2273,2273,15,15
4543,fig|6666666.1036479.peg.976,fig|6666666.1036479.peg.989,0.8561979949474334,0.0092238410811162,Very Low,Very Low,Very Low–Very Low,,,0,no STRING match,no STRING match,2273,2273,15,15
4544,fig|6666666.1036479.peg.976,fig|6666666.1036479.peg.2489,0.8561979949474334,0.009225871422538414,Very Low,Very Low,Very Low–Very Low,,,0,no STRING match,no STRING match,2273,2273,15,15
4545,fig|6666666.1036479.peg.976,fig|6666666.1036479.peg.2494,0.8561979949474334,0.009227901763960628,Very Low,Very Low,Very Low–Very Low,,,0,no STRING match,no STRING match,2273,2273,15,15
4546,fig|6666666.1036479.peg.976,fig|6666666.1036479.peg.2498,0.8561979949474334,0.009229932105382841,Very Low,Very Low,Very Low–Very Low,,,0,no STRING match,no STRING match,2273,2273,15,15
4547,fig|6666666.1036479.peg.981,fig|6666666.1036479.peg.985,0.8561979949474334,0.009231962446805055,Very Low,Very Low,Very Low–Very Low,,,0,no STRING match,no STRING match,2273,2273,15,15
4548,fig|6666666.1036479.peg.981,fig|6666666.1036479.peg.989,0.8561979949474334,0.009233992788227268,Very Low,Very Low,Very Low–Very Low,,,0,no STRING match,no STRING match,2273,2273,15,15
4549,fig|6666666.1036479.peg.981,fig|6666666.1036479.peg.2489,0.8561979949474334,0.009236023129649482,Very Low,Very Low,Very Low–Very Low,,,0,no STRING match,no STRING match,2273,2273,15,15
4550,fig|6666666.1036479.peg.981,fig|6666666.1036479.peg.2494,0.8561979949474334,0.009238053471071695,Very Low,Very Low,Very Low–Very Low,,,0,no STRING match,no STRING match,2273,2273,15,15
4551,fig|6666666.1036479.peg.981,fig|6666666.1036479.peg.2498,0.8561979949474334,0.009240083812493909,Very Low,Very Low,Very Low–Very Low,,,0,no STRING match,no STRING match,2273,2273,15,15
4552,fig|6666666.1036479.peg.985,fig|6666666.1036479.peg.989,0.8561979949474334,0.009242114153916122,Very Low,Very Low,Very Low–Very Low,,,0,no STRING match,no STRING match,2273,2273,15,15
4553,fig|6666666.1036479.peg.985,fig|6666666.1036479.peg.2489,0.8561979949474334,0.009244144495338336,Very Low,Very Low,Very Low–Very Low,,,0,no STRING match,no STRING match,2273,2273,15,15
4554,fig|6666666.1036479.peg.985,fig|6666666.1036479.peg.2494,0.8561979949474334,0.009246174836760549,Very Low,Very Low,Very Low–Very Low,,,0,no STRING match,no STRING match,2273,2273,15,15
4555,fig|6666666.1036479.peg.985,fig|6666666.1036479.peg.2498,0.8561979949474334,0.009248205178182763,Very Low,Very Low,Very Low–Very Low,,,0,no STRING match,no STRING match,2273,2273,15,15
4556,fig|6666666.1036479.peg.989,fig|6666666.1036479.peg.2489,0.8561979949474334,0.009250235519604976,Very Low,Very Low,Very Low–Very Low,,,0,no STRING match,no STRING match,2273,2273,15,15
4557,fig|6666666.1036479.peg.989,fig|6666666.1036479.peg.2494,0.8561979949474334,0.00925226586102719,Very Low,Very Low,Very Low–Very Low,,,0,no STRING match,no STRING match,2273,2273,15,15
4558,fig|6666666.1036479.peg.989,fig|6666666.1036479.peg.2498,0.8561979949474334,0.009254296202449403,Very Low,Very Low,Very Low–Very Low,,,0,no STRING match,no STRING match,2273,2273,15,15
4559,fig|6666666.1036479.peg.2489,fig|6666666.1036479.peg.2494,0.8561979949474334,0.009256326543871617,Very Low,Very Low,Very Low–Very Low,,,0,no STRING match,no STRING match,2273,2273,15,15
4560,fig|6666666.1036479.peg.2489,fig|6666666.1036479.peg.2498,0.8561979949474334,0.009258356885293832,Very Low,Very Low,Very Low–Very Low,,,0,no STRING match,no STRING match,2273,2273,15,15
4561,fig|6666666.1036479.peg.2494,fig|6666666.1036479.peg.2498,0.8561979949474334,0.009260387226716045,Very Low,Very Low,Very Low–Very Low,,,0,no STRING match,no STRING match,2273,2273,15,15
4562,fig|6666666.1036479.peg.1300,fig|6666666.1036479.peg.1655,0.8561876535415649,0.009262417568138259,Low,Medium,Low–Medium,,,0,no STRING match,no STRING match,2763,2882,1,1
4563,fig|6666666.1036479.peg.3020,fig|6666666.1036479.peg.1850,0.8561847865581512,0.009264447909560472,Low,Very Low,Very Low–Low,,,0,no STRING match,no STRING match,2433,2907,1,1
4564,fig|6666666.1036479.peg.2532,fig|6666666.1036479.peg.1494,0.8561598062515259,0.009266478250982686,Low,Very Low,Very Low–Low,,,0,no STRING match,no STRING match,2284,2824,4,1
4565,fig|6666666.1036479.peg.3171,fig|6666666.1036479.peg.1494,0.8561598062515259,0.0092685085924049,Low,Very Low,Very Low–Low,,,0,no STRING match,no STRING match,2284,2824,4,1
4566,fig|6666666.1036479.peg.987,fig|6666666.1036479.peg.1494,0.8561598062515259,0.009270538933827113,Low,Very Low,Very Low–Low,,,0,no STRING match,no STRING match,2284,2824,4,1
4567,fig|6666666.1036479.peg.1494,fig|6666666.1036479.peg.2492,0.8561598062515259,0.009272569275249326,Very Low,Low,Very Low–Low,,,0,no STRING match,no STRING match,2824,2284,1,4
4568,fig|6666666.1036479.peg.3020,fig|6666666.1036479.peg.1959,0.856147700548172,0.00927459961667154,Low,Low,Low–Low,,,0,no STRING match,no STRING match,2433,2941,1,1
4569,fig|6666666.1036479.peg.2547,fig|6666666.1036479.peg.3222,0.8561459183692932,0.009276629958093753,Medium,Medium,Medium–Medium,,,0,no STRING match,no STRING match,2297,2473,1,2
4570,fig|6666666.1036479.peg.2547,fig|6666666.1036479.peg.138,0.8561459183692932,0.009278660299515967,Medium,Medium,Medium–Medium,,,0,no STRING match,no STRING match,2297,2473,1,2
4571,fig|6666666.1036479.peg.2510,fig|6666666.1036479.peg.2960,0.8561358153820038,0.00928069064093818,Very Low,Low,Very Low–Low,,,0,no STRING match,no STRING match,2274,2412,12,1
4572,fig|6666666.1036479.peg.2527,fig|6666666.1036479.peg.2960,0.8561358153820038,0.009282720982360394,Very Low,Low,Very Low–Low,,,0,no STRING match,no STRING match,2274,2412,12,1
4573,fig|6666666.1036479.peg.2531,fig|6666666.1036479.peg.2960,0.8561358153820038,0.009284751323782607,Very Low,Low,Very Low–Low,,,0,no STRING match,no STRING match,2274,2412,12,1
4574,fig|6666666.1036479.peg.2960,fig|6666666.1036479.peg.3174,0.8561358153820038,0.009286781665204821,Low,Very Low,Very Low–Low,,,0,no STRING match,no STRING match,2412,2274,1,12
4575,fig|6666666.1036479.peg.2960,fig|6666666.1036479.peg.970,0.8561358153820038,0.009288812006627034,Low,Very Low,Very Low–Low,,,0,no STRING match,no STRING match,2412,2274,1,12
4576,fig|6666666.1036479.peg.2960,fig|6666666.1036479.peg.975,0.8561358153820038,0.009290842348049248,Low,Very Low,Very Low–Low,,,0,no STRING match,no STRING match,2412,2274,1,12
4577,fig|6666666.1036479.peg.2960,fig|6666666.1036479.peg.980,0.8561358153820038,0.009292872689471461,Low,Very Low,Very Low–Low,,,0,no STRING match,no STRING match,2412,2274,1,12
4578,fig|6666666.1036479.peg.2960,fig|6666666.1036479.peg.984,0.8561358153820038,0.009294903030893675,Low,Very Low,Very Low–Low,,,0,no STRING match,no STRING match,2412,2274,1,12
4579,fig|6666666.1036479.peg.2960,fig|6666666.1036479.peg.988,0.8561358153820038,0.009296933372315888,Low,Very Low,Very Low–Low,,,0,no STRING match,no STRING match,2412,2274,1,12
4580,fig|6666666.1036479.peg.2960,fig|6666666.1036479.peg.2490,0.8561358153820038,0.009298963713738102,Low,Very Low,Very Low–Low,,,0,no STRING match,no STRING match,2412,2274,1,12
4581,fig|6666666.1036479.peg.2960,fig|6666666.1036479.peg.2495,0.8561358153820038,0.009300994055160315,Low,Very Low,Very Low–Low,,,0,no STRING match,no STRING match,2412,2274,1,12
4582,fig|6666666.1036479.peg.2960,fig|6666666.1036479.peg.2499,0.8561358153820038,0.009303024396582529,Low,Very Low,Very Low–Low,,,0,no STRING match,no STRING match,2412,2274,1,12
4583,fig|6666666.1036479.peg.3008,fig|6666666.1036479.peg.881,0.8561265647411347,0.009305054738004742,Medium,High,Medium–High,,,0,no STRING match,no STRING match,2423,2674,1,1
4584,fig|6666666.1036479.peg.881,fig|6666666.1036479.peg.2106,0.8561154067516327,0.009307085079426956,High,High,High–High,,Hypothetical protein.,0,no STRING match,secondary STRING hit (STRING protein assigned to a better match),2674,2959,1,1
4585,fig|6666666.1036479.peg.453,fig|6666666.1036479.peg.861,0.8560984075069428,0.00930911542084917,Very Low,High,Very Low–High,,,0,no STRING match,no STRING match,2592,2665,1,1
4586,fig|6666666.1036479.peg.2672,fig|6666666.1036479.peg.2107,0.8560980975627899,0.009311145762271383,Medium,Very Low,Very Low–Medium,,,0,no STRING match,no STRING match,2341,2960,1,1
4587,fig|6666666.1036479.peg.2352,fig|6666666.1036479.peg.2364,0.856098073720932,0.009313176103693597,Medium,Medium,Medium–Medium,,,0,no STRING match,no STRING match,3020,3022,1,1
4588,fig|6666666.1036479.peg.2855,fig|6666666.1036479.peg.3020,0.8560979187488555,0.00931520644511581,Very Low,Low,Very Low–Low,,,0,no STRING match,no STRING match,2374,2433,1,1
4589,fig|6666666.1036479.peg.2948,fig|6666666.1036479.peg.1850,0.8560976922512055,0.009317236786538024,High,Very Low,Very Low–High,,,0,no STRING match,no STRING match,2410,2907,1,1
4590,fig|6666666.1036479.peg.107,fig|6666666.1036479.peg.1947,0.8560952246189117,0.009319267127960237,Very Low,Medium,Very Low–Medium,,,0,no STRING match,no STRING match,2544,2930,1,1
4591,fig|6666666.1036479.peg.719,fig|6666666.1036479.peg.1409,0.8560758471488953,0.00932129746938245,Medium,Medium,Medium–Medium,,,0,no STRING match,no STRING match,2630,2812,1,1
4592,fig|6666666.1036479.peg.573,fig|6666666.1036479.peg.740,0.8560706913471222,0.009323327810804666,Very Low,Very Low,Very Low–Very Low,Hypothetical protein.,,0,secondary STRING hit (STRING protein assigned to a better match),no STRING match,2601,2651,1,1
4593,fig|6666666.1036479.peg.726,fig|6666666.1036479.peg.2348,0.8560635685920716,0.00932535815222688,Very Low,High,Very Low–High,,,0,no STRING match,no STRING match,2637,3019,1,1
4594,fig|6666666.1036479.peg.866,fig|6666666.1036479.peg.2158,0.8560566246509552,0.009327388493649093,High,Very Low,Very Low–High,,,0,no STRING match,no STRING match,2667,2979,1,1
4595,fig|6666666.1036479.peg.2895,fig|6666666.1036479.peg.3020,0.8560550808906555,0.009329418835071306,Very Low,Low,Very Low–Low,,,0,no STRING match,no STRING match,2394,2433,1,1
4596,fig|6666666.1036479.peg.2106,fig|6666666.1036479.peg.2114,0.8560474932193756,0.00933144917649352,High,Very Low,Very Low–High,Hypothetical protein.,"COG1629 Outer membrane receptor proteins, mostly Fe transport.",0,secondary STRING hit (STRING protein assigned to a better match),secondary STRING hit (STRING protein assigned to a better match),2959,2964,1,1
4597,fig|6666666.1036479.peg.731,fig|6666666.1036479.peg.1300,0.8560380637645721,0.009333479517915733,Low,Low,Low–Low,,,0,no STRING match,no STRING match,2642,2763,1,1
4598,fig|6666666.1036479.peg.2548,fig|6666666.1036479.peg.208,0.8560284972190857,0.009335509859337947,High,Low,Low–High,,,0,no STRING match,no STRING match,2298,2550,1,1
4599,fig|6666666.1036479.peg.2556,fig|6666666.1036479.peg.1300,0.8560274481773377,0.00933754020076016,High,Low,Low–High,,,0,no STRING match,no STRING match,2306,2763,2,1
4600,fig|6666666.1036479.peg.2564,fig|6666666.1036479.peg.1300,0.8560274481773377,0.009339570542182374,High,Low,Low–High,,,0,no STRING match,no STRING match,2306,2763,2,1
4601,fig|6666666.1036479.peg.2505,fig|6666666.1036479.peg.2920,0.8560200333595276,0.009341600883604587,Very Low,Very Low,Very Low–Very Low,,,0,no STRING match,no STRING match,2269,2397,1,1
4602,fig|6666666.1036479.peg.720,fig|6666666.1036479.peg.725,0.8560169219970704,0.0093436312250268,High,Very Low,Very Low–High,,,0,no STRING match,no STRING match,2631,2636,1,1
4603,fig|6666666.1036479.peg.1962,fig|6666666.1036479.peg.2364,0.8560133695602417,0.009345661566449014,Medium,Medium,Medium–Medium,,,0,no STRING match,no STRING match,2944,3022,1,1
4604,fig|6666666.1036479.peg.38,fig|6666666.1036479.peg.107,0.8560097098350525,0.009347691907871228,Low,Very Low,Very Low–Low,,,0,no STRING match,no STRING match,2526,2544,2,1
4605,fig|6666666.1036479.peg.107,fig|6666666.1036479.peg.186,0.8560097098350525,0.009349722249293441,Very Low,Low,Very Low–Low,,,0,no STRING match,no STRING match,2544,2526,1,2
4606,fig|6666666.1036479.peg.2667,fig|6666666.1036479.peg.1128,0.8560011506080627,0.009351752590715655,Very Low,Very Low,Very Low–Very Low,,,0,no STRING match,no STRING match,2340,2744,1,1
4607,fig|6666666.1036479.peg.2672,fig|6666666.1036479.peg.3011,0.8559830069541932,0.009353782932137868,Medium,High,Medium–High,,,0,no STRING match,no STRING match,2341,2426,1,1
4608,fig|6666666.1036479.peg.573,fig|6666666.1036479.peg.1604,0.8559825360774994,0.009355813273560082,Very Low,Very Low,Very Low–Very Low,Hypothetical protein.,YD repeat-containing protein; COG3209 Rhs family protein.,0,secondary STRING hit (STRING protein assigned to a better match),secondary STRING hit (STRING protein assigned to a better match),2601,2862,1,2
4609,fig|6666666.1036479.peg.573,fig|6666666.1036479.peg.1611,0.8559825360774994,0.009357843614982295,Very Low,Very Low,Very Low–Very Low,Hypothetical protein.,YD repeat-containing protein; COG3209 Rhs family protein.,0,secondary STRING hit (STRING protein assigned to a better match),secondary STRING hit (STRING protein assigned to a better match),2601,2862,1,2
4610,fig|6666666.1036479.peg.89,fig|6666666.1036479.peg.2347,0.8559824585914612,0.009359873956404509,Very Low,Low,Very Low–Low,,,0,no STRING match,no STRING match,2542,3018,1,1
4611,fig|6666666.1036479.peg.2843,fig|6666666.1036479.peg.2895,0.855975604057312,0.009361904297826722,Very Low,Very Low,Very Low–Very Low,,,0,no STRING match,no STRING match,2370,2394,1,1
4612,fig|6666666.1036479.peg.2679,fig|6666666.1036479.peg.3142,0.8559739112854003,0.009363934639248936,Medium,Low,Low–Medium,,,0,no STRING match,no STRING match,2342,2448,1,1
4613,fig|6666666.1036479.peg.2672,fig|6666666.1036479.peg.1950,0.8559733808040619,0.00936596498067115,Medium,Very Low,Very Low–Medium,,,0,no STRING match,no STRING match,2341,2933,1,1
4614,fig|6666666.1036479.peg.3207,fig|6666666.1036479.peg.2454,0.855950528383255,0.009367995322093363,Medium,Medium,Medium–Medium,,,0,no STRING match,no STRING match,2468,3037,1,1
4615,fig|6666666.1036479.peg.1554,fig|6666666.1036479.peg.2364,0.8559443235397339,0.009370025663515576,Medium,Medium,Medium–Medium,,,0,no STRING match,no STRING match,2831,3022,1,1
4616,fig|6666666.1036479.peg.2843,fig|6666666.1036479.peg.36,0.8559319198131561,0.00937205600493779,Very Low,Medium,Very Low–Medium,,,0,no STRING match,no STRING match,2370,2524,1,2
4617,fig|6666666.1036479.peg.2843,fig|6666666.1036479.peg.184,0.8559319198131561,0.009374086346360003,Very Low,Medium,Very Low–Medium,,,0,no STRING match,no STRING match,2370,2524,1,2
4618,fig|6666666.1036479.peg.942,fig|6666666.1036479.peg.2455,0.8559140682220459,0.009376116687782217,Very Low,Medium,Very Low–Medium,,,0,no STRING match,no STRING match,2691,3038,1,1
4619,fig|6666666.1036479.peg.817,fig|6666666.1036479.peg.866,0.855905395746231,0.00937814702920443,Low,High,Low–High,Phospholipid/glycerol acyltransferase; COG4258 Predicted exporter.,,0,secondary STRING hit (STRING protein assigned to a better match),no STRING match,2663,2667,1,1
4620,fig|6666666.1036479.peg.453,fig|6666666.1036479.peg.1289,0.8558953404426575,0.009380177370626644,Very Low,Very Low,Very Low–Very Low,,,0,no STRING match,no STRING match,2592,2762,1,1
4621,fig|6666666.1036479.peg.2987,fig|6666666.1036479.peg.391,0.8558943331241607,0.009382207712048857,Very Low,Medium,Very Low–Medium,,,0,no STRING match,no STRING match,2415,2580,1,1
4622,fig|6666666.1036479.peg.881,fig|6666666.1036479.peg.1617,0.8558931887149811,0.009384238053471071,High,Low,Low–High,,,0,no STRING match,no STRING match,2674,2864,1,2
4623,fig|6666666.1036479.peg.881,fig|6666666.1036479.peg.1625,0.8558931887149811,0.009386268394893284,High,Low,Low–High,,,0,no STRING match,no STRING match,2674,2864,1,2
4624,fig|6666666.1036479.peg.3010,fig|6666666.1036479.peg.1080,0.8558714389801025,0.0093882987363155,Low,High,Low–High,,,0,no STRING match,no STRING match,2425,2712,1,1
4625,fig|6666666.1036479.peg.2948,fig|6666666.1036479.peg.1784,0.8558402895927429,0.009390329077737713,High,Very Low,Very Low–High,,,0,no STRING match,no STRING match,2410,2897,1,1
4626,fig|6666666.1036479.peg.2715,fig|6666666.1036479.peg.1300,0.8558025479316711,0.009392359419159927,Very Low,Low,Very Low–Low,,,0,no STRING match,no STRING match,2348,2763,1,1
4627,fig|6666666.1036479.peg.2523,fig|6666666.1036479.peg.391,0.8557986855506897,0.00939438976058214,Low,Medium,Low–Medium,,,0,no STRING match,no STRING match,2282,2580,1,1
4628,fig|6666666.1036479.peg.2539,fig|6666666.1036479.peg.1566,0.8557975351810455,0.009396420102004354,Low,High,Low–High,,,0,no STRING match,no STRING match,2289,2838,1,1
4629,fig|6666666.1036479.peg.411,fig|6666666.1036479.peg.2405,0.8557857990264892,0.009398450443426567,Low,Medium,Low–Medium,Hypothetical protein.,Hypothetical protein; COG0605 Superoxide dismutase.,0,secondary STRING hit (STRING protein assigned to a better match),secondary STRING hit (STRING protein assigned to a better match),2585,3029,1,1
4630,fig|6666666.1036479.peg.3005,fig|6666666.1036479.peg.370,0.855775111913681,0.00940048078484878,Medium,High,Medium–High,,,0,no STRING match,no STRING match,2420,2579,1,1
4631,fig|6666666.1036479.peg.719,fig|6666666.1036479.peg.1410,0.8557549595832825,0.009402511126270994,Medium,Medium,Medium–Medium,,,0,no STRING match,no STRING match,2630,2813,1,1
4632,fig|6666666.1036479.peg.866,fig|6666666.1036479.peg.1784,0.8557425141334534,0.009404541467693208,High,Very Low,Very Low–High,,,0,no STRING match,no STRING match,2667,2897,1,1
4633,fig|6666666.1036479.peg.2843,fig|6666666.1036479.peg.3015,0.855722314119339,0.009406571809115421,Very Low,Low,Very Low–Low,,,0,no STRING match,no STRING match,2370,2428,1,1
4634,fig|6666666.1036479.peg.370,fig|6666666.1036479.peg.453,0.8557185769081116,0.009408602150537635,High,Very Low,Very Low–High,,,0,no STRING match,no STRING match,2579,2592,1,1
4635,fig|6666666.1036479.peg.2988,fig|6666666.1036479.peg.2158,0.8557140469551087,0.009410632491959848,Medium,Very Low,Very Low–Medium,Hypothetical protein.,,0,secondary STRING hit (STRING protein assigned to a better match),no STRING match,2416,2979,1,1
4636,fig|6666666.1036479.peg.2988,fig|6666666.1036479.peg.1919,0.8556989789009094,0.009412662833382062,Medium,Very Low,Very Low–Medium,Hypothetical protein.,,0,secondary STRING hit (STRING protein assigned to a better match),no STRING match,2416,2920,1,1
4637,fig|6666666.1036479.peg.861,fig|6666666.1036479.peg.1755,0.8556794464588166,0.009414693174804275,High,Medium,Medium–High,,Hypothetical protein.,0,no STRING match,secondary STRING hit (STRING protein assigned to a better match),2665,2892,1,1
4638,fig|6666666.1036479.peg.289,fig|6666666.1036479.peg.725,0.8556692898273468,0.009416723516226489,High,Very Low,Very Low–High,Hypothetical protein.,,0,secondary STRING hit (STRING protein assigned to a better match),no STRING match,2559,2636,1,1
4639,fig|6666666.1036479.peg.2988,fig|6666666.1036479.peg.1706,0.8556666433811188,0.009418753857648702,Medium,Very Low,Very Low–Medium,Hypothetical protein.,,0,secondary STRING hit (STRING protein assigned to a better match),no STRING match,2416,2886,1,1
4640,fig|6666666.1036479.peg.3142,fig|6666666.1036479.peg.2348,0.855666434764862,0.009420784199070916,Low,High,Low–High,,,0,no STRING match,no STRING match,2448,3019,1,1
4641,fig|6666666.1036479.peg.2672,fig|6666666.1036479.peg.3033,0.855658769607544,0.00942281454049313,Medium,Low,Low–Medium,,,0,no STRING match,no STRING match,2341,2437,1,1
4642,fig|6666666.1036479.peg.2548,fig|6666666.1036479.peg.1603,0.8556470036506653,0.009424844881915343,High,Very Low,Very Low–High,,,0,no STRING match,no STRING match,2298,2861,1,2
4643,fig|6666666.1036479.peg.2548,fig|6666666.1036479.peg.1610,0.8556470036506653,0.009426875223337556,High,Very Low,Very Low–High,,,0,no STRING match,no STRING match,2298,2861,1,2
4644,fig|6666666.1036479.peg.314,fig|6666666.1036479.peg.411,0.855646014213562,0.00942890556475977,Very Low,Low,Very Low–Low,,Hypothetical protein.,0,no STRING match,secondary STRING hit (STRING protein assigned to a better match),2572,2585,1,1
4645,fig|6666666.1036479.peg.1308,fig|6666666.1036479.peg.2327,0.8556455075740814,0.009430935906181983,Medium,Medium,Medium–Medium,,,0,no STRING match,no STRING match,2764,3016,1,1
4646,fig|6666666.1036479.peg.392,fig|6666666.1036479.peg.881,0.8556433737277984,0.009432966247604197,Very Low,High,Very Low–High,,,0,no STRING match,no STRING match,2581,2674,1,1
4647,fig|6666666.1036479.peg.2520,fig|6666666.1036479.peg.2920,0.855619466304779,0.00943499658902641,Very Low,Very Low,Very Low–Very Low,,,0,no STRING match,no STRING match,2280,2397,1,1
4648,fig|6666666.1036479.peg.2106,fig|6666666.1036479.peg.2348,0.8556190133094788,0.009437026930448624,High,High,High–High,Hypothetical protein.,,0,secondary STRING hit (STRING protein assigned to a better match),no STRING match,2959,3019,1,1
4649,fig|6666666.1036479.peg.2854,fig|6666666.1036479.peg.1300,0.8556151747703552,0.009439057271870837,Low,Low,Low–Low,,,0,no STRING match,no STRING match,2373,2763,1,1
4650,fig|6666666.1036479.peg.3107,fig|6666666.1036479.peg.1566,0.8556134045124054,0.00944108761329305,Very Low,High,Very Low–High,,,0,no STRING match,no STRING match,2444,2838,1,1
4651,fig|6666666.1036479.peg.411,fig|6666666.1036479.peg.1857,0.855571711063385,0.009443117954715264,Low,Medium,Low–Medium,Hypothetical protein.,,0,secondary STRING hit (STRING protein assigned to a better match),no STRING match,2585,2910,1,1
4652,fig|6666666.1036479.peg.2532,fig|6666666.1036479.peg.1416,0.8555533707141876,0.009445148296137478,Low,Medium,Low–Medium,,,0,no STRING match,no STRING match,2284,2817,4,1
4653,fig|6666666.1036479.peg.3171,fig|6666666.1036479.peg.1416,0.8555533707141876,0.009447178637559691,Low,Medium,Low–Medium,,,0,no STRING match,no STRING match,2284,2817,4,1
4654,fig|6666666.1036479.peg.987,fig|6666666.1036479.peg.1416,0.8555533707141876,0.009449208978981905,Low,Medium,Low–Medium,,,0,no STRING match,no STRING match,2284,2817,4,1
4655,fig|6666666.1036479.peg.1416,fig|6666666.1036479.peg.2492,0.8555533707141876,0.009451239320404118,Medium,Low,Low–Medium,,,0,no STRING match,no STRING match,2817,2284,1,4
4656,fig|6666666.1036479.peg.2948,fig|6666666.1036479.peg.314,0.8555531978607178,0.009453269661826334,High,Very Low,Very Low–High,,,0,no STRING match,no STRING match,2410,2572,1,1
4657,fig|6666666.1036479.peg.2960,fig|6666666.1036479.peg.2289,0.8555526256561279,0.009455300003248547,Low,Very Low,Very Low–Low,,,0,no STRING match,no STRING match,2412,3006,1,1
4658,fig|6666666.1036479.peg.2523,fig|6666666.1036479.peg.1074,0.8555523872375488,0.00945733034467076,Low,High,Low–High,,,0,no STRING match,no STRING match,2282,2706,1,1
4659,fig|6666666.1036479.peg.2506,fig|6666666.1036479.peg.736,0.855538547039032,0.009459360686092974,Very Low,Very Low,Very Low–Very Low,,,0,no STRING match,no STRING match,2270,2647,6,1
4660,fig|6666666.1036479.peg.2516,fig|6666666.1036479.peg.736,0.855538547039032,0.009461391027515188,Very Low,Very Low,Very Low–Very Low,,,0,no STRING match,no STRING match,2270,2647,6,1
4661,fig|6666666.1036479.peg.2522,fig|6666666.1036479.peg.736,0.855538547039032,0.009463421368937401,Very Low,Very Low,Very Low–Very Low,,,0,no STRING match,no STRING match,2270,2647,6,1
4662,fig|6666666.1036479.peg.736,fig|6666666.1036479.peg.974,0.855538547039032,0.009465451710359615,Very Low,Very Low,Very Low–Very Low,,,0,no STRING match,no STRING match,2647,2270,1,6
4663,fig|6666666.1036479.peg.736,fig|6666666.1036479.peg.979,0.855538547039032,0.009467482051781828,Very Low,Very Low,Very Low–Very Low,,,0,no STRING match,no STRING match,2647,2270,1,6
4664,fig|6666666.1036479.peg.736,fig|6666666.1036479.peg.2491,0.855538547039032,0.009469512393204042,Very Low,Very Low,Very Low–Very Low,,,0,no STRING match,no STRING match,2647,2270,1,6
4665,fig|6666666.1036479.peg.1289,fig|6666666.1036479.peg.1785,0.855535888671875,0.009471542734626255,Very Low,Very Low,Very Low–Very Low,,,0,no STRING match,no STRING match,2762,2898,1,1
4666,fig|6666666.1036479.peg.723,fig|6666666.1036479.peg.725,0.8555043518543244,0.009473573076048469,High,Very Low,Very Low–High,,,0,no STRING match,no STRING match,2634,2636,1,1
4667,fig|6666666.1036479.peg.1105,fig|6666666.1036479.peg.1289,0.8555017232894897,0.009475603417470682,Very Low,Very Low,Very Low–Very Low,,,0,no STRING match,no STRING match,2722,2762,1,1
4668,fig|6666666.1036479.peg.3033,fig|6666666.1036479.peg.89,0.8554867446422577,0.009477633758892896,Low,Very Low,Very Low–Low,,,0,no STRING match,no STRING match,2437,2542,1,1
4669,fig|6666666.1036479.peg.2532,fig|6666666.1036479.peg.2348,0.8554848253726959,0.00947966410031511,Low,High,Low–High,,,0,no STRING match,no STRING match,2284,3019,4,1
4670,fig|6666666.1036479.peg.3171,fig|6666666.1036479.peg.2348,0.8554848253726959,0.009481694441737323,Low,High,Low–High,,,0,no STRING match,no STRING match,2284,3019,4,1
4671,fig|6666666.1036479.peg.987,fig|6666666.1036479.peg.2348,0.8554848253726959,0.009483724783159536,Low,High,Low–High,,,0,no STRING match,no STRING match,2284,3019,4,1
4672,fig|6666666.1036479.peg.2348,fig|6666666.1036479.peg.2492,0.8554848253726959,0.00948575512458175,High,Low,Low–High,,,0,no STRING match,no STRING match,3019,2284,1,4
4673,fig|6666666.1036479.peg.1308,fig|6666666.1036479.peg.1416,0.8554839313030242,0.009487785466003963,Medium,Medium,Medium–Medium,,,0,no STRING match,no STRING match,2764,2817,1,1
4674,fig|6666666.1036479.peg.2523,fig|6666666.1036479.peg.1082,0.8554769515991211,0.009489815807426177,Low,Medium,Low–Medium,,,0,no STRING match,no STRING match,2282,2714,1,1
4675,fig|6666666.1036479.peg.2510,fig|6666666.1036479.peg.38,0.8554741442203522,0.00949184614884839,Very Low,Low,Very Low–Low,,,0,no STRING match,no STRING match,2274,2526,12,2
4676,fig|6666666.1036479.peg.2510,fig|6666666.1036479.peg.186,0.8554741442203522,0.009493876490270604,Very Low,Low,Very Low–Low,,,0,no STRING match,no STRING match,2274,2526,12,2
4677,fig|6666666.1036479.peg.2527,fig|6666666.1036479.peg.38,0.8554741442203522,0.009495906831692817,Very Low,Low,Very Low–Low,,,0,no STRING match,no STRING match,2274,2526,12,2
4678,fig|6666666.1036479.peg.2527,fig|6666666.1036479.peg.186,0.8554741442203522,0.00949793717311503,Very Low,Low,Very Low–Low,,,0,no STRING match,no STRING match,2274,2526,12,2
4679,fig|6666666.1036479.peg.2531,fig|6666666.1036479.peg.38,0.8554741442203522,0.009499967514537244,Very Low,Low,Very Low–Low,,,0,no STRING match,no STRING match,2274,2526,12,2
4680,fig|6666666.1036479.peg.2531,fig|6666666.1036479.peg.186,0.8554741442203522,0.009501997855959458,Very Low,Low,Very Low–Low,,,0,no STRING match,no STRING match,2274,2526,12,2
4681,fig|6666666.1036479.peg.3174,fig|6666666.1036479.peg.38,0.8554741442203522,0.009504028197381671,Very Low,Low,Very Low–Low,,,0,no STRING match,no STRING match,2274,2526,12,2
4682,fig|6666666.1036479.peg.3174,fig|6666666.1036479.peg.186,0.8554741442203522,0.009506058538803885,Very Low,Low,Very Low–Low,,,0,no STRING match,no STRING match,2274,2526,12,2
4683,fig|6666666.1036479.peg.38,fig|6666666.1036479.peg.970,0.8554741442203522,0.009508088880226098,Low,Very Low,Very Low–Low,,,0,no STRING match,no STRING match,2526,2274,2,12
4684,fig|6666666.1036479.peg.38,fig|6666666.1036479.peg.975,0.8554741442203522,0.009510119221648312,Low,Very Low,Very Low–Low,,,0,no STRING match,no STRING match,2526,2274,2,12
4685,fig|6666666.1036479.peg.38,fig|6666666.1036479.peg.980,0.8554741442203522,0.009512149563070525,Low,Very Low,Very Low–Low,,,0,no STRING match,no STRING match,2526,2274,2,12
4686,fig|6666666.1036479.peg.38,fig|6666666.1036479.peg.984,0.8554741442203522,0.009514179904492739,Low,Very Low,Very Low–Low,,,0,no STRING match,no STRING match,2526,2274,2,12
4687,fig|6666666.1036479.peg.38,fig|6666666.1036479.peg.988,0.8554741442203522,0.009516210245914952,Low,Very Low,Very Low–Low,,,0,no STRING match,no STRING match,2526,2274,2,12
4688,fig|6666666.1036479.peg.38,fig|6666666.1036479.peg.2490,0.8554741442203522,0.009518240587337167,Low,Very Low,Very Low–Low,,,0,no STRING match,no STRING match,2526,2274,2,12
4689,fig|6666666.1036479.peg.38,fig|6666666.1036479.peg.2495,0.8554741442203522,0.009520270928759381,Low,Very Low,Very Low–Low,,,0,no STRING match,no STRING match,2526,2274,2,12
4690,fig|6666666.1036479.peg.38,fig|6666666.1036479.peg.2499,0.8554741442203522,0.009522301270181594,Low,Very Low,Very Low–Low,,,0,no STRING match,no STRING match,2526,2274,2,12
4691,fig|6666666.1036479.peg.186,fig|6666666.1036479.peg.970,0.8554741442203522,0.009524331611603808,Low,Very Low,Very Low–Low,,,0,no STRING match,no STRING match,2526,2274,2,12
4692,fig|6666666.1036479.peg.186,fig|6666666.1036479.peg.975,0.8554741442203522,0.009526361953026021,Low,Very Low,Very Low–Low,,,0,no STRING match,no STRING match,2526,2274,2,12
4693,fig|6666666.1036479.peg.186,fig|6666666.1036479.peg.980,0.8554741442203522,0.009528392294448235,Low,Very Low,Very Low–Low,,,0,no STRING match,no STRING match,2526,2274,2,12
4694,fig|6666666.1036479.peg.186,fig|6666666.1036479.peg.984,0.8554741442203522,0.009530422635870449,Low,Very Low,Very Low–Low,,,0,no STRING match,no STRING match,2526,2274,2,12
4695,fig|6666666.1036479.peg.186,fig|6666666.1036479.peg.988,0.8554741442203522,0.009532452977292662,Low,Very Low,Very Low–Low,,,0,no STRING match,no STRING match,2526,2274,2,12
4696,fig|6666666.1036479.peg.186,fig|6666666.1036479.peg.2490,0.8554741442203522,0.009534483318714876,Low,Very Low,Very Low–Low,,,0,no STRING match,no STRING match,2526,2274,2,12
4697,fig|6666666.1036479.peg.186,fig|6666666.1036479.peg.2495,0.8554741442203522,0.009536513660137089,Low,Very Low,Very Low–Low,,,0,no STRING match,no STRING match,2526,2274,2,12
4698,fig|6666666.1036479.peg.186,fig|6666666.1036479.peg.2499,0.8554741442203522,0.009538544001559303,Low,Very Low,Very Low–Low,,,0,no STRING match,no STRING match,2526,2274,2,12
4699,fig|6666666.1036479.peg.866,fig|6666666.1036479.peg.1319,0.8554729759693146,0.009540574342981516,High,High,High–High,,,0,no STRING match,no STRING match,2667,2773,1,1
4700,fig|6666666.1036479.peg.573,fig|6666666.1036479.peg.885,0.855465966463089,0.00954260468440373,Very Low,Medium,Very Low–Medium,Hypothetical protein.,,0,secondary STRING hit (STRING protein assigned to a better match),no STRING match,2601,2678,1,1
4701,fig|6666666.1036479.peg.1919,fig|6666666.1036479.peg.2364,0.8554176270961762,0.009544635025825943,Very Low,Medium,Very Low–Medium,,,0,no STRING match,no STRING match,2920,3022,1,1
4702,fig|6666666.1036479.peg.723,fig|6666666.1036479.peg.2436,0.8554068446159363,0.009546665367248157,High,Medium,Medium–High,,,0,no STRING match,no STRING match,2634,3033,1,1
4703,fig|6666666.1036479.peg.2588,fig|6666666.1036479.peg.2667,0.855393522977829,0.00954869570867037,Very Low,Very Low,Very Low–Very Low,,,0,no STRING match,no STRING match,2319,2340,1,1
4704,fig|6666666.1036479.peg.2948,fig|6666666.1036479.peg.74,0.8553804397583008,0.009550726050092584,High,Very Low,Very Low–High,,,0,no STRING match,no STRING match,2410,2538,1,1
4705,fig|6666666.1036479.peg.866,fig|6666666.1036479.peg.2352,0.8553583145141601,0.009552756391514797,High,Medium,Medium–High,,,0,no STRING match,no STRING match,2667,3020,1,1
4706,fig|6666666.1036479.peg.2512,fig|6666666.1036479.peg.861,0.8553553104400635,0.00955478673293701,Very Low,High,Very Low–High,,,0,no STRING match,no STRING match,2276,2665,13,1
4707,fig|6666666.1036479.peg.2518,fig|6666666.1036479.peg.861,0.8553553104400635,0.009556817074359224,Very Low,High,Very Low–High,,,0,no STRING match,no STRING match,2276,2665,13,1
4708,fig|6666666.1036479.peg.2525,fig|6666666.1036479.peg.861,0.8553553104400635,0.009558847415781438,Very Low,High,Very Low–High,,,0,no STRING match,no STRING match,2276,2665,13,1
4709,fig|6666666.1036479.peg.2529,fig|6666666.1036479.peg.861,0.8553553104400635,0.009560877757203651,Very Low,High,Very Low–High,,,0,no STRING match,no STRING match,2276,2665,13,1
4710,fig|6666666.1036479.peg.2533,fig|6666666.1036479.peg.861,0.8553553104400635,0.009562908098625865,Very Low,High,Very Low–High,,,0,no STRING match,no STRING match,2276,2665,13,1
4711,fig|6666666.1036479.peg.3172,fig|6666666.1036479.peg.861,0.8553553104400635,0.009564938440048078,Very Low,High,Very Low–High,,,0,no STRING match,no STRING match,2276,2665,13,1
4712,fig|6666666.1036479.peg.861,fig|6666666.1036479.peg.972,0.8553553104400635,0.009566968781470292,High,Very Low,Very Low–High,,,0,no STRING match,no STRING match,2665,2276,1,13
4713,fig|6666666.1036479.peg.861,fig|6666666.1036479.peg.977,0.8553553104400635,0.009568999122892505,High,Very Low,Very Low–High,,,0,no STRING match,no STRING match,2665,2276,1,13
4714,fig|6666666.1036479.peg.861,fig|6666666.1036479.peg.982,0.8553553104400635,0.009571029464314719,High,Very Low,Very Low–High,,,0,no STRING match,no STRING match,2665,2276,1,13
4715,fig|6666666.1036479.peg.861,fig|6666666.1036479.peg.986,0.8553553104400635,0.009573059805736932,High,Very Low,Very Low–High,,,0,no STRING match,no STRING match,2665,2276,1,13
4716,fig|6666666.1036479.peg.861,fig|6666666.1036479.peg.990,0.8553553104400635,0.009575090147159146,High,Very Low,Very Low–High,,,0,no STRING match,no STRING match,2665,2276,1,13
4717,fig|6666666.1036479.peg.861,fig|6666666.1036479.peg.2488,0.8553553104400635,0.009577120488581359,High,Very Low,Very Low–High,,,0,no STRING match,no STRING match,2665,2276,1,13
4718,fig|6666666.1036479.peg.861,fig|6666666.1036479.peg.2493,0.8553553104400635,0.009579150830003573,High,Very Low,Very Low–High,,,0,no STRING match,no STRING match,2665,2276,1,13
4719,fig|6666666.1036479.peg.866,fig|6666666.1036479.peg.868,0.8553544700145721,0.009581181171425786,High,High,High–High,,,0,no STRING match,no STRING match,2667,2668,1,1
4720,fig|6666666.1036479.peg.3020,fig|6666666.1036479.peg.391,0.8553538680076599,0.009583211512848001,Low,Medium,Low–Medium,,,0,no STRING match,no STRING match,2433,2580,1,1
4721,fig|6666666.1036479.peg.3010,fig|6666666.1036479.peg.2455,0.8553508639335632,0.009585241854270215,Low,Medium,Low–Medium,,,0,no STRING match,no STRING match,2425,3038,1,1
4722,fig|6666666.1036479.peg.1349,fig|6666666.1036479.peg.1966,0.8553471386432647,0.009587272195692428,Very Low,Very Low,Very Low–Very Low,,,0,no STRING match,no STRING match,2787,2946,1,1
4723,fig|6666666.1036479.peg.2679,fig|6666666.1036479.peg.3107,0.8553324997425079,0.009589302537114642,Medium,Very Low,Very Low–Medium,,,0,no STRING match,no STRING match,2342,2444,1,1
4724,fig|6666666.1036479.peg.2515,fig|6666666.1036479.peg.866,0.8553167164325715,0.009591332878536855,Very Low,High,Very Low–High,,,0,no STRING match,no STRING match,2278,2667,1,1
4725,fig|6666666.1036479.peg.2535,fig|6666666.1036479.peg.2920,0.8553054094314575,0.009593363219959069,Very Low,Very Low,Very Low–Very Low,,,0,no STRING match,no STRING match,2285,2397,1,1
4726,fig|6666666.1036479.peg.3018,fig|6666666.1036479.peg.3244,0.8553018510341645,0.009595393561381282,Very Low,Very Low,Very Low–Very Low,,,0,no STRING match,no STRING match,2431,2495,1,3
4727,fig|6666666.1036479.peg.3018,fig|6666666.1036479.peg.12,0.8553018510341645,0.009597423902803496,Very Low,Very Low,Very Low–Very Low,,,0,no STRING match,no STRING match,2431,2495,1,3
4728,fig|6666666.1036479.peg.3018,fig|6666666.1036479.peg.160,0.8553018510341645,0.00959945424422571,Very Low,Very Low,Very Low–Very Low,,,0,no STRING match,no STRING match,2431,2495,1,3
4729,fig|6666666.1036479.peg.2509,fig|6666666.1036479.peg.3207,0.8553009271621704,0.009601484585647923,Very Low,Medium,Very Low–Medium,,,0,no STRING match,no STRING match,2273,2468,15,1
4730,fig|6666666.1036479.peg.2513,fig|6666666.1036479.peg.3207,0.8553009271621704,0.009603514927070136,Very Low,Medium,Very Low–Medium,,,0,no STRING match,no STRING match,2273,2468,15,1
4731,fig|6666666.1036479.peg.2519,fig|6666666.1036479.peg.3207,0.8553009271621704,0.00960554526849235,Very Low,Medium,Very Low–Medium,,,0,no STRING match,no STRING match,2273,2468,15,1
4732,fig|6666666.1036479.peg.2526,fig|6666666.1036479.peg.3207,0.8553009271621704,0.009607575609914563,Very Low,Medium,Very Low–Medium,,,0,no STRING match,no STRING match,2273,2468,15,1
4733,fig|6666666.1036479.peg.2530,fig|6666666.1036479.peg.3207,0.8553009271621704,0.009609605951336777,Very Low,Medium,Very Low–Medium,,,0,no STRING match,no STRING match,2273,2468,15,1
4734,fig|6666666.1036479.peg.2534,fig|6666666.1036479.peg.3207,0.8553009271621704,0.00961163629275899,Very Low,Medium,Very Low–Medium,,,0,no STRING match,no STRING match,2273,2468,15,1
4735,fig|6666666.1036479.peg.3173,fig|6666666.1036479.peg.3207,0.8553009271621704,0.009613666634181204,Very Low,Medium,Very Low–Medium,,,0,no STRING match,no STRING match,2273,2468,15,1
4736,fig|6666666.1036479.peg.3207,fig|6666666.1036479.peg.971,0.8553009271621704,0.009615696975603417,Medium,Very Low,Very Low–Medium,,,0,no STRING match,no STRING match,2468,2273,1,15
4737,fig|6666666.1036479.peg.3207,fig|6666666.1036479.peg.976,0.8553009271621704,0.009617727317025631,Medium,Very Low,Very Low–Medium,,,0,no STRING match,no STRING match,2468,2273,1,15
4738,fig|6666666.1036479.peg.3207,fig|6666666.1036479.peg.981,0.8553009271621704,0.009619757658447844,Medium,Very Low,Very Low–Medium,,,0,no STRING match,no STRING match,2468,2273,1,15
4739,fig|6666666.1036479.peg.3207,fig|6666666.1036479.peg.985,0.8553009271621704,0.009621787999870058,Medium,Very Low,Very Low–Medium,,,0,no STRING match,no STRING match,2468,2273,1,15
4740,fig|6666666.1036479.peg.3207,fig|6666666.1036479.peg.989,0.8553009271621704,0.009623818341292271,Medium,Very Low,Very Low–Medium,,,0,no STRING match,no STRING match,2468,2273,1,15
4741,fig|6666666.1036479.peg.3207,fig|6666666.1036479.peg.2489,0.8553009271621704,0.009625848682714485,Medium,Very Low,Very Low–Medium,,,0,no STRING match,no STRING match,2468,2273,1,15
4742,fig|6666666.1036479.peg.3207,fig|6666666.1036479.peg.2494,0.8553009271621704,0.009627879024136698,Medium,Very Low,Very Low–Medium,,,0,no STRING match,no STRING match,2468,2273,1,15
4743,fig|6666666.1036479.peg.3207,fig|6666666.1036479.peg.2498,0.8553009271621704,0.009629909365558912,Medium,Very Low,Very Low–Medium,,,0,no STRING match,no STRING match,2468,2273,1,15
4744,fig|6666666.1036479.peg.573,fig|6666666.1036479.peg.1894,0.8552973151206971,0.009631939706981126,Very Low,Medium,Very Low–Medium,Hypothetical protein.,Hypothetical protein.,0,secondary STRING hit (STRING protein assigned to a better match),secondary STRING hit (STRING protein assigned to a better match),2601,2912,1,1
4745,fig|6666666.1036479.peg.2511,fig|6666666.1036479.peg.2548,0.8552864849567413,0.009633970048403339,Medium,High,Medium–High,,,0,no STRING match,no STRING match,2275,2298,8,1
4746,fig|6666666.1036479.peg.2528,fig|6666666.1036479.peg.2548,0.8552864849567413,0.009636000389825553,Medium,High,Medium–High,,,0,no STRING match,no STRING match,2275,2298,8,1
4747,fig|6666666.1036479.peg.2548,fig|6666666.1036479.peg.973,0.8552864849567413,0.009638030731247766,High,Medium,Medium–High,,,0,no STRING match,no STRING match,2298,2275,1,8
4748,fig|6666666.1036479.peg.2548,fig|6666666.1036479.peg.978,0.8552864849567413,0.00964006107266998,High,Medium,Medium–High,,,0,no STRING match,no STRING match,2298,2275,1,8
4749,fig|6666666.1036479.peg.2548,fig|6666666.1036479.peg.983,0.8552864849567413,0.009642091414092193,High,Medium,Medium–High,,,0,no STRING match,no STRING match,2298,2275,1,8
4750,fig|6666666.1036479.peg.2548,fig|6666666.1036479.peg.991,0.8552864849567413,0.009644121755514407,High,Medium,Medium–High,,,0,no STRING match,no STRING match,2298,2275,1,8
4751,fig|6666666.1036479.peg.2548,fig|6666666.1036479.peg.2487,0.8552864849567413,0.00964615209693662,High,Medium,Medium–High,,,0,no STRING match,no STRING match,2298,2275,1,8
4752,fig|6666666.1036479.peg.2548,fig|6666666.1036479.peg.2496,0.8552864849567413,0.009648182438358835,High,Medium,Medium–High,,,0,no STRING match,no STRING match,2298,2275,1,8
4753,fig|6666666.1036479.peg.1289,fig|6666666.1036479.peg.1851,0.8552646160125732,0.009650212779781049,Very Low,Very Low,Very Low–Very Low,,,0,no STRING match,no STRING match,2762,2908,1,1
4754,fig|6666666.1036479.peg.2784,fig|6666666.1036479.peg.370,0.8552640974521637,0.009652243121203262,Very Low,High,Very Low–High,,,0,no STRING match,no STRING match,2355,2579,1,1
4755,fig|6666666.1036479.peg.2550,fig|6666666.1036479.peg.3121,0.8552611410617829,0.009654273462625476,Very Low,Very Low,Very Low–Very Low,,,0,no STRING match,no STRING match,2300,2446,2,1
4756,fig|6666666.1036479.peg.2558,fig|6666666.1036479.peg.3121,0.8552611410617829,0.00965630380404769,Very Low,Very Low,Very Low–Very Low,,,0,no STRING match,no STRING match,2300,2446,2,1
4757,fig|6666666.1036479.peg.38,fig|6666666.1036479.peg.2405,0.8552594542503357,0.009658334145469903,Low,Medium,Low–Medium,,Hypothetical protein; COG0605 Superoxide dismutase.,0,no STRING match,secondary STRING hit (STRING protein assigned to a better match),2526,3029,2,1
4758,fig|6666666.1036479.peg.186,fig|6666666.1036479.peg.2405,0.8552594542503357,0.009660364486892116,Low,Medium,Low–Medium,,Hypothetical protein; COG0605 Superoxide dismutase.,0,no STRING match,secondary STRING hit (STRING protein assigned to a better match),2526,3029,2,1
4759,fig|6666666.1036479.peg.370,fig|6666666.1036479.peg.1784,0.8552246570587159,0.00966239482831433,High,Very Low,Very Low–High,,,0,no STRING match,no STRING match,2579,2897,1,1
4760,fig|6666666.1036479.peg.1289,fig|6666666.1036479.peg.1344,0.8552148401737213,0.009664425169736543,Very Low,Very Low,Very Low–Very Low,,,0,no STRING match,no STRING match,2762,2782,1,1
4761,fig|6666666.1036479.peg.2571,fig|6666666.1036479.peg.2920,0.8552081882953644,0.009666455511158757,Medium,Very Low,Very Low–Medium,,,0,no STRING match,no STRING match,2316,2397,1,1
4762,fig|6666666.1036479.peg.861,fig|6666666.1036479.peg.1754,0.855199009180069,0.00966848585258097,High,Medium,Medium–High,,Hypothetical protein.,0,no STRING match,secondary STRING hit (STRING protein assigned to a better match),2665,2891,1,1
4763,fig|6666666.1036479.peg.3020,fig|6666666.1036479.peg.1554,0.8551796972751617,0.009670516194003184,Low,Medium,Low–Medium,,,0,no STRING match,no STRING match,2433,2831,1,1
4764,fig|6666666.1036479.peg.3079,fig|6666666.1036479.peg.3231,0.8551621258258819,0.009672546535425397,Very Low,Very Low,Very Low–Very Low,,,0,no STRING match,no STRING match,2442,2482,1,2
4765,fig|6666666.1036479.peg.3079,fig|6666666.1036479.peg.147,0.8551621258258819,0.00967457687684761,Very Low,Very Low,Very Low–Very Low,,,0,no STRING match,no STRING match,2442,2482,1,2
4766,fig|6666666.1036479.peg.1308,fig|6666666.1036479.peg.1706,0.8551611483097077,0.009676607218269824,Medium,Very Low,Very Low–Medium,,,0,no STRING match,no STRING match,2764,2886,1,1
4767,fig|6666666.1036479.peg.2960,fig|6666666.1036479.peg.1471,0.8551558732986451,0.009678637559692038,Low,Very Low,Very Low–Low,,,0,no STRING match,no STRING match,2412,2822,1,1
4768,fig|6666666.1036479.peg.3207,fig|6666666.1036479.peg.2327,0.8551444768905639,0.009680667901114251,Medium,Medium,Medium–Medium,,,0,no STRING match,no STRING match,2468,3016,1,1
4769,fig|6666666.1036479.peg.861,fig|6666666.1036479.peg.2294,0.8550988852977752,0.009682698242536465,High,Very Low,Very Low–High,,,0,no STRING match,no STRING match,2665,3007,1,1
4770,fig|6666666.1036479.peg.471,fig|6666666.1036479.peg.1300,0.8550927937030792,0.009684728583958678,Low,Low,Low–Low,,,0,no STRING match,no STRING match,2593,2763,1,1
4771,fig|6666666.1036479.peg.861,fig|6666666.1036479.peg.1753,0.8550911605358124,0.009686758925380892,High,Medium,Medium–High,,Hypothetical protein.,0,no STRING match,secondary STRING hit (STRING protein assigned to a better match),2665,2890,1,1
4772,fig|6666666.1036479.peg.1080,fig|6666666.1036479.peg.2364,0.855088859796524,0.009688789266803105,High,Medium,Medium–High,,,0,no STRING match,no STRING match,2712,3022,1,1
4773,fig|6666666.1036479.peg.2948,fig|6666666.1036479.peg.3078,0.8550501823425293,0.009690819608225319,High,Medium,Medium–High,,,0,no STRING match,no STRING match,2410,2441,1,1
4774,fig|6666666.1036479.peg.3010,fig|6666666.1036479.peg.3017,0.8550118744373322,0.009692849949647532,Low,Medium,Low–Medium,,,0,no STRING match,no STRING match,2425,2430,1,1
4775,fig|6666666.1036479.peg.2588,fig|6666666.1036479.peg.1349,0.8550069451332092,0.009694880291069746,Very Low,Very Low,Very Low–Very Low,,,0,no STRING match,no STRING match,2319,2787,1,1
4776,fig|6666666.1036479.peg.2920,fig|6666666.1036479.peg.1962,0.8549739241600036,0.00969691063249196,Very Low,Medium,Very Low–Medium,,,0,no STRING match,no STRING match,2397,2944,1,1
4777,fig|6666666.1036479.peg.728,fig|6666666.1036479.peg.889,0.8549693346023559,0.009698940973914173,Medium,Low,Low–Medium,,,0,no STRING match,no STRING match,2639,2682,1,1
4778,fig|6666666.1036479.peg.38,fig|6666666.1036479.peg.1471,0.8549412608146667,0.009700971315336386,Low,Very Low,Very Low–Low,,,0,no STRING match,no STRING match,2526,2822,2,1
4779,fig|6666666.1036479.peg.186,fig|6666666.1036479.peg.1471,0.8549412608146667,0.0097030016567586,Low,Very Low,Very Low–Low,,,0,no STRING match,no STRING match,2526,2822,2,1
4780,fig|6666666.1036479.peg.2509,fig|6666666.1036479.peg.2025,0.8549398720264435,0.009705031998180813,Very Low,Very Low,Very Low–Very Low,,,0,no STRING match,no STRING match,2273,2950,15,1
4781,fig|6666666.1036479.peg.2513,fig|6666666.1036479.peg.2025,0.8549398720264435,0.009707062339603027,Very Low,Very Low,Very Low–Very Low,,,0,no STRING match,no STRING match,2273,2950,15,1
4782,fig|6666666.1036479.peg.2519,fig|6666666.1036479.peg.2025,0.8549398720264435,0.00970909268102524,Very Low,Very Low,Very Low–Very Low,,,0,no STRING match,no STRING match,2273,2950,15,1
4783,fig|6666666.1036479.peg.2526,fig|6666666.1036479.peg.2025,0.8549398720264435,0.009711123022447454,Very Low,Very Low,Very Low–Very Low,,,0,no STRING match,no STRING match,2273,2950,15,1
4784,fig|6666666.1036479.peg.2530,fig|6666666.1036479.peg.2025,0.8549398720264435,0.00971315336386967,Very Low,Very Low,Very Low–Very Low,,,0,no STRING match,no STRING match,2273,2950,15,1
4785,fig|6666666.1036479.peg.2534,fig|6666666.1036479.peg.2025,0.8549398720264435,0.009715183705291883,Very Low,Very Low,Very Low–Very Low,,,0,no STRING match,no STRING match,2273,2950,15,1
4786,fig|6666666.1036479.peg.3173,fig|6666666.1036479.peg.2025,0.8549398720264435,0.009717214046714096,Very Low,Very Low,Very Low–Very Low,,,0,no STRING match,no STRING match,2273,2950,15,1
4787,fig|6666666.1036479.peg.971,fig|6666666.1036479.peg.2025,0.8549398720264435,0.00971924438813631,Very Low,Very Low,Very Low–Very Low,,,0,no STRING match,no STRING match,2273,2950,15,1
4788,fig|6666666.1036479.peg.976,fig|6666666.1036479.peg.2025,0.8549398720264435,0.009721274729558523,Very Low,Very Low,Very Low–Very Low,,,0,no STRING match,no STRING match,2273,2950,15,1
4789,fig|6666666.1036479.peg.981,fig|6666666.1036479.peg.2025,0.8549398720264435,0.009723305070980737,Very Low,Very Low,Very Low–Very Low,,,0,no STRING match,no STRING match,2273,2950,15,1
4790,fig|6666666.1036479.peg.985,fig|6666666.1036479.peg.2025,0.8549398720264435,0.00972533541240295,Very Low,Very Low,Very Low–Very Low,,,0,no STRING match,no STRING match,2273,2950,15,1
4791,fig|6666666.1036479.peg.989,fig|6666666.1036479.peg.2025,0.8549398720264435,0.009727365753825164,Very Low,Very Low,Very Low–Very Low,,,0,no STRING match,no STRING match,2273,2950,15,1
4792,fig|6666666.1036479.peg.2025,fig|6666666.1036479.peg.2489,0.8549398720264435,0.009729396095247377,Very Low,Very Low,Very Low–Very Low,,,0,no STRING match,no STRING match,2950,2273,1,15
4793,fig|6666666.1036479.peg.2025,fig|6666666.1036479.peg.2494,0.8549398720264435,0.00973142643666959,Very Low,Very Low,Very Low–Very Low,,,0,no STRING match,no STRING match,2950,2273,1,15
4794,fig|6666666.1036479.peg.2025,fig|6666666.1036479.peg.2498,0.8549398720264435,0.009733456778091804,Very Low,Very Low,Very Low–Very Low,,,0,no STRING match,no STRING match,2950,2273,1,15
4795,fig|6666666.1036479.peg.1347,fig|6666666.1036479.peg.1966,0.8549318790435791,0.009735487119514018,Very Low,Very Low,Very Low–Very Low,,,0,no STRING match,no STRING match,2785,2946,3,1
4796,fig|6666666.1036479.peg.1351,fig|6666666.1036479.peg.1966,0.8549318790435791,0.009737517460936231,Very Low,Very Low,Very Low–Very Low,,,0,no STRING match,no STRING match,2785,2946,3,1
4797,fig|6666666.1036479.peg.1356,fig|6666666.1036479.peg.1966,0.8549318790435791,0.009739547802358445,Very Low,Very Low,Very Low–Very Low,,,0,no STRING match,no STRING match,2785,2946,3,1
4798,fig|6666666.1036479.peg.3207,fig|6666666.1036479.peg.281,0.8549135863780976,0.009741578143780658,Medium,Very Low,Very Low–Medium,,,0,no STRING match,no STRING match,2468,2558,1,1
4799,fig|6666666.1036479.peg.3017,fig|6666666.1036479.peg.1308,0.8548949241638184,0.009743608485202872,Medium,Medium,Medium–Medium,,,0,no STRING match,no STRING match,2430,2764,1,1
4800,fig|6666666.1036479.peg.3188,fig|6666666.1036479.peg.236,0.8548865437507629,0.009745638826625085,Medium,Very Low,Very Low–Medium,,,0,no STRING match,no STRING match,2461,2552,1,1
4801,fig|6666666.1036479.peg.2623,fig|6666666.1036479.peg.881,0.854886394739151,0.009747669168047299,Very Low,High,Very Low–High,,,0,no STRING match,no STRING match,2333,2674,1,1
4802,fig|6666666.1036479.peg.2960,fig|6666666.1036479.peg.2497,0.8548837721347808,0.009749699509469512,Low,Very Low,Very Low–Low,,,0,no STRING match,no STRING match,2412,3047,1,1
4803,fig|6666666.1036479.peg.2509,fig|6666666.1036479.peg.3020,0.8548820972442627,0.009751729850891726,Very Low,Low,Very Low–Low,,,0,no STRING match,no STRING match,2273,2433,15,1
4804,fig|6666666.1036479.peg.2513,fig|6666666.1036479.peg.3020,0.8548820972442627,0.00975376019231394,Very Low,Low,Very Low–Low,,,0,no STRING match,no STRING match,2273,2433,15,1
4805,fig|6666666.1036479.peg.2519,fig|6666666.1036479.peg.3020,0.8548820972442627,0.009755790533736153,Very Low,Low,Very Low–Low,,,0,no STRING match,no STRING match,2273,2433,15,1
4806,fig|6666666.1036479.peg.2526,fig|6666666.1036479.peg.3020,0.8548820972442627,0.009757820875158366,Very Low,Low,Very Low–Low,,,0,no STRING match,no STRING match,2273,2433,15,1
4807,fig|6666666.1036479.peg.2530,fig|6666666.1036479.peg.3020,0.8548820972442627,0.00975985121658058,Very Low,Low,Very Low–Low,,,0,no STRING match,no STRING match,2273,2433,15,1
4808,fig|6666666.1036479.peg.2534,fig|6666666.1036479.peg.3020,0.8548820972442627,0.009761881558002793,Very Low,Low,Very Low–Low,,,0,no STRING match,no STRING match,2273,2433,15,1
4809,fig|6666666.1036479.peg.3020,fig|6666666.1036479.peg.3173,0.8548820972442627,0.009763911899425007,Low,Very Low,Very Low–Low,,,0,no STRING match,no STRING match,2433,2273,1,15
4810,fig|6666666.1036479.peg.3020,fig|6666666.1036479.peg.971,0.8548820972442627,0.00976594224084722,Low,Very Low,Very Low–Low,,,0,no STRING match,no STRING match,2433,2273,1,15
4811,fig|6666666.1036479.peg.3020,fig|6666666.1036479.peg.976,0.8548820972442627,0.009767972582269434,Low,Very Low,Very Low–Low,,,0,no STRING match,no STRING match,2433,2273,1,15
4812,fig|6666666.1036479.peg.3020,fig|6666666.1036479.peg.981,0.8548820972442627,0.009770002923691647,Low,Very Low,Very Low–Low,,,0,no STRING match,no STRING match,2433,2273,1,15
4813,fig|6666666.1036479.peg.3020,fig|6666666.1036479.peg.985,0.8548820972442627,0.00977203326511386,Low,Very Low,Very Low–Low,,,0,no STRING match,no STRING match,2433,2273,1,15
4814,fig|6666666.1036479.peg.3020,fig|6666666.1036479.peg.989,0.8548820972442627,0.009774063606536074,Low,Very Low,Very Low–Low,,,0,no STRING match,no STRING match,2433,2273,1,15
4815,fig|6666666.1036479.peg.3020,fig|6666666.1036479.peg.2489,0.8548820972442627,0.009776093947958288,Low,Very Low,Very Low–Low,,,0,no STRING match,no STRING match,2433,2273,1,15
4816,fig|6666666.1036479.peg.3020,fig|6666666.1036479.peg.2494,0.8548820972442627,0.009778124289380503,Low,Very Low,Very Low–Low,,,0,no STRING match,no STRING match,2433,2273,1,15
4817,fig|6666666.1036479.peg.3020,fig|6666666.1036479.peg.2498,0.8548820972442627,0.009780154630802717,Low,Very Low,Very Low–Low,,,0,no STRING match,no STRING match,2433,2273,1,15
4818,fig|6666666.1036479.peg.411,fig|6666666.1036479.peg.1950,0.8548646748065949,0.00978218497222493,Low,Very Low,Very Low–Low,Hypothetical protein.,,0,secondary STRING hit (STRING protein assigned to a better match),no STRING match,2585,2933,1,1
4819,fig|6666666.1036479.peg.3011,fig|6666666.1036479.peg.1300,0.8548428773880005,0.009784215313647144,High,Low,Low–High,,,0,no STRING match,no STRING match,2426,2763,1,1
4820,fig|6666666.1036479.peg.36,fig|6666666.1036479.peg.38,0.8548404276371002,0.009786245655069357,Medium,Low,Low–Medium,,,0,no STRING match,no STRING match,2524,2526,2,2
4821,fig|6666666.1036479.peg.36,fig|6666666.1036479.peg.186,0.8548404276371002,0.00978827599649157,Medium,Low,Low–Medium,,,0,no STRING match,no STRING match,2524,2526,2,2
4822,fig|6666666.1036479.peg.38,fig|6666666.1036479.peg.184,0.8548404276371002,0.009790306337913784,Low,Medium,Low–Medium,,,0,no STRING match,no STRING match,2526,2524,2,2
4823,fig|6666666.1036479.peg.184,fig|6666666.1036479.peg.186,0.8548404276371002,0.009792336679335998,Medium,Low,Low–Medium,,,0,no STRING match,no STRING match,2524,2526,2,2
4824,fig|6666666.1036479.peg.1947,fig|6666666.1036479.peg.1957,0.8548345446586609,0.009794367020758211,Medium,Medium,Medium–Medium,,,0,no STRING match,no STRING match,2930,2939,1,1
4825,fig|6666666.1036479.peg.2988,fig|6666666.1036479.peg.1894,0.8548110902309418,0.009796397362180425,Medium,Medium,Medium–Medium,Hypothetical protein.,Hypothetical protein.,0,secondary STRING hit (STRING protein assigned to a better match),secondary STRING hit (STRING protein assigned to a better match),2416,2912,1,1
4826,fig|6666666.1036479.peg.89,fig|6666666.1036479.peg.281,0.8548070549964905,0.009798427703602638,Very Low,Very Low,Very Low–Very Low,,,0,no STRING match,no STRING match,2542,2558,1,1
4827,fig|6666666.1036479.peg.1409,fig|6666666.1036479.peg.2092,0.8547902405261993,0.009800458045024852,Medium,Medium,Medium–Medium,,,0,no STRING match,no STRING match,2812,2954,1,1
4828,fig|6666666.1036479.peg.2704,fig|6666666.1036479.peg.2960,0.8547892391681671,0.009802488386447065,Medium,Low,Low–Medium,,,0,no STRING match,no STRING match,2345,2412,1,1
4829,fig|6666666.1036479.peg.866,fig|6666666.1036479.peg.1851,0.8547881364822387,0.009804518727869279,High,Very Low,Very Low–High,,,0,no STRING match,no STRING match,2667,2908,1,1
4830,fig|6666666.1036479.peg.2948,fig|6666666.1036479.peg.1412,0.854787415266037,0.009806549069291492,High,Medium,Medium–High,,,0,no STRING match,no STRING match,2410,2815,1,1
4831,fig|6666666.1036479.peg.2891,fig|6666666.1036479.peg.1289,0.8547769010066986,0.009808579410713706,Medium,Very Low,Very Low–Medium,,,0,no STRING match,no STRING match,2390,2762,1,1
4832,fig|6666666.1036479.peg.720,fig|6666666.1036479.peg.2436,0.8547623813152313,0.00981060975213592,High,Medium,Medium–High,,,0,no STRING match,no STRING match,2631,3033,1,1
4833,fig|6666666.1036479.peg.2548,fig|6666666.1036479.peg.1959,0.854759669303894,0.009812640093558133,High,Low,Low–High,,,0,no STRING match,no STRING match,2298,2941,1,1
4834,fig|6666666.1036479.peg.27,fig|6666666.1036479.peg.861,0.8547497928142548,0.009814670434980346,Very Low,High,Very Low–High,,,0,no STRING match,no STRING match,2515,2665,2,1
4835,fig|6666666.1036479.peg.175,fig|6666666.1036479.peg.861,0.8547497928142548,0.00981670077640256,Very Low,High,Very Low–High,,,0,no STRING match,no STRING match,2515,2665,2,1
4836,fig|6666666.1036479.peg.3231,fig|6666666.1036479.peg.2106,0.8547439813613892,0.009818731117824773,Very Low,High,Very Low–High,,Hypothetical protein.,0,no STRING match,secondary STRING hit (STRING protein assigned to a better match),2482,2959,2,1
4837,fig|6666666.1036479.peg.147,fig|6666666.1036479.peg.2106,0.8547439813613892,0.009820761459246987,Very Low,High,Very Low–High,,Hypothetical protein.,0,no STRING match,secondary STRING hit (STRING protein assigned to a better match),2482,2959,2,1
4838,fig|6666666.1036479.peg.3033,fig|6666666.1036479.peg.2348,0.8547333896160125,0.0098227918006692,Low,High,Low–High,,,0,no STRING match,no STRING match,2437,3019,1,1
4839,fig|6666666.1036479.peg.2548,fig|6666666.1036479.peg.721,0.8547065913677215,0.009824822142091414,High,High,High–High,,Yd repeat protein; COG3209 Rhs family protein.,0,no STRING match,secondary STRING hit (STRING protein assigned to a better match),2298,2632,1,1
4840,fig|6666666.1036479.peg.3231,fig|6666666.1036479.peg.1655,0.8546535789966583,0.009826852483513627,Very Low,Medium,Very Low–Medium,,,0,no STRING match,no STRING match,2482,2882,2,1
4841,fig|6666666.1036479.peg.147,fig|6666666.1036479.peg.1655,0.8546535789966583,0.00982888282493584,Very Low,Medium,Very Low–Medium,,,0,no STRING match,no STRING match,2482,2882,2,1
4842,fig|6666666.1036479.peg.740,fig|6666666.1036479.peg.2364,0.8546310186386108,0.009830913166358054,Very Low,Medium,Very Low–Medium,,,0,no STRING match,no STRING match,2651,3022,1,1
4843,fig|6666666.1036479.peg.3190,fig|6666666.1036479.peg.410,0.8546262621879578,0.009832943507780268,Very Low,Very Low,Very Low–Very Low,,,0,no STRING match,no STRING match,2463,2584,1,1
4844,fig|6666666.1036479.peg.2929,fig|6666666.1036479.peg.3015,0.8546197891235352,0.009834973849202481,Very Low,Low,Very Low–Low,Hypothetical protein.,,0,secondary STRING hit (STRING protein assigned to a better match),no STRING match,2404,2428,1,1
4845,fig|6666666.1036479.peg.38,fig|6666666.1036479.peg.1704,0.8546060740947723,0.009837004190624695,Low,Very Low,Very Low–Low,,,0,no STRING match,no STRING match,2526,2885,2,1
4846,fig|6666666.1036479.peg.186,fig|6666666.1036479.peg.1704,0.8546060740947723,0.009839034532046908,Low,Very Low,Very Low–Low,,,0,no STRING match,no STRING match,2526,2885,2,1
4847,fig|6666666.1036479.peg.38,fig|6666666.1036479.peg.1945,0.8545954108238221,0.009841064873469122,Low,Very Low,Very Low–Low,,,0,no STRING match,no STRING match,2526,2928,2,1
4848,fig|6666666.1036479.peg.186,fig|6666666.1036479.peg.1945,0.8545954108238221,0.009843095214891337,Low,Very Low,Very Low–Low,,,0,no STRING match,no STRING match,2526,2928,2,1
4849,fig|6666666.1036479.peg.2895,fig|6666666.1036479.peg.573,0.8545921266078949,0.00984512555631355,Very Low,Very Low,Very Low–Very Low,,Hypothetical protein.,0,no STRING match,secondary STRING hit (STRING protein assigned to a better match),2394,2601,1,1
4850,fig|6666666.1036479.peg.719,fig|6666666.1036479.peg.723,0.8545758068561554,0.009847155897735764,Medium,High,Medium–High,,,0,no STRING match,no STRING match,2630,2634,1,1
4851,fig|6666666.1036479.peg.89,fig|6666666.1036479.peg.2278,0.8545657277107239,0.009849186239157978,Very Low,Low,Very Low–Low,,,0,no STRING match,no STRING match,2542,3005,1,1
4852,fig|6666666.1036479.peg.38,fig|6666666.1036479.peg.1850,0.8545463263988495,0.009851216580580191,Low,Very Low,Very Low–Low,,,0,no STRING match,no STRING match,2526,2907,2,1
4853,fig|6666666.1036479.peg.186,fig|6666666.1036479.peg.1850,0.8545463263988495,0.009853246922002405,Low,Very Low,Very Low–Low,,,0,no STRING match,no STRING match,2526,2907,2,1
4854,fig|6666666.1036479.peg.411,fig|6666666.1036479.peg.2099,0.8545441091060638,0.009855277263424618,Low,Low,Low–Low,Hypothetical protein.,,0,secondary STRING hit (STRING protein assigned to a better match),no STRING match,2585,2957,1,1
4855,fig|6666666.1036479.peg.1289,fig|6666666.1036479.peg.2327,0.8545197367668151,0.009857307604846832,Very Low,Medium,Very Low–Medium,,,0,no STRING match,no STRING match,2762,3016,1,1
4856,fig|6666666.1036479.peg.866,fig|6666666.1036479.peg.1110,0.8545066475868225,0.009859337946269045,High,Very Low,Very Low–High,,,0,no STRING match,no STRING match,2667,2727,1,1
4857,fig|6666666.1036479.peg.36,fig|6666666.1036479.peg.881,0.8544963538646698,0.009861368287691259,Medium,High,Medium–High,,,0,no STRING match,no STRING match,2524,2674,2,1
4858,fig|6666666.1036479.peg.184,fig|6666666.1036479.peg.881,0.8544963538646698,0.009863398629113472,Medium,High,Medium–High,,,0,no STRING match,no STRING match,2524,2674,2,1
4859,fig|6666666.1036479.peg.723,fig|6666666.1036479.peg.2348,0.8544809997081757,0.009865428970535686,High,High,High–High,,,0,no STRING match,no STRING match,2634,3019,1,1
4860,fig|6666666.1036479.peg.2814,fig|6666666.1036479.peg.3020,0.8544742405414582,0.009867459311957899,Very Low,Low,Very Low–Low,,,0,no STRING match,no STRING match,2358,2433,1,1
4861,fig|6666666.1036479.peg.41,fig|6666666.1036479.peg.861,0.8544717371463776,0.009869489653380113,Very Low,High,Very Low–High,,,0,no STRING match,no STRING match,2529,2665,2,1
4862,fig|6666666.1036479.peg.189,fig|6666666.1036479.peg.861,0.8544717371463776,0.009871519994802326,Very Low,High,Very Low–High,,,0,no STRING match,no STRING match,2529,2665,2,1
4863,fig|6666666.1036479.peg.2623,fig|6666666.1036479.peg.2988,0.8544643104076386,0.00987355033622454,Very Low,Medium,Very Low–Medium,,Hypothetical protein.,0,no STRING match,secondary STRING hit (STRING protein assigned to a better match),2333,2416,1,1
4864,fig|6666666.1036479.peg.3020,fig|6666666.1036479.peg.3107,0.8544637382030487,0.009875580677646753,Low,Very Low,Very Low–Low,,,0,no STRING match,no STRING match,2433,2444,1,1
4865,fig|6666666.1036479.peg.3020,fig|6666666.1036479.peg.1604,0.8544451594352722,0.009877611019068967,Low,Very Low,Very Low–Low,,YD repeat-containing protein; COG3209 Rhs family protein.,0,no STRING match,secondary STRING hit (STRING protein assigned to a better match),2433,2862,1,2
4866,fig|6666666.1036479.peg.3020,fig|6666666.1036479.peg.1611,0.8544451594352722,0.00987964136049118,Low,Very Low,Very Low–Low,,YD repeat-containing protein; COG3209 Rhs family protein.,0,no STRING match,secondary STRING hit (STRING protein assigned to a better match),2433,2862,1,2
4867,fig|6666666.1036479.peg.861,fig|6666666.1036479.peg.2157,0.8544400990009308,0.009881671701913394,High,Very Low,Very Low–High,,,0,no STRING match,no STRING match,2665,2978,1,1
4868,fig|6666666.1036479.peg.861,fig|6666666.1036479.peg.2107,0.854439890384674,0.009883702043335607,High,Very Low,Very Low–High,,,0,no STRING match,no STRING match,2665,2960,1,1
4869,fig|6666666.1036479.peg.3191,fig|6666666.1036479.peg.2436,0.8544349730014801,0.00988573238475782,Medium,Medium,Medium–Medium,,,0,no STRING match,no STRING match,2464,3033,1,1
4870,fig|6666666.1036479.peg.2540,fig|6666666.1036479.peg.1080,0.8544302403926849,0.009887762726180034,Medium,High,Medium–High,,,0,no STRING match,no STRING match,2290,2712,1,1
4871,fig|6666666.1036479.peg.48,fig|6666666.1036479.peg.866,0.8544273018836975,0.009889793067602248,Medium,High,Medium–High,,,0,no STRING match,no STRING match,2536,2667,1,1
4872,fig|6666666.1036479.peg.3020,fig|6666666.1036479.peg.1894,0.8544193148612976,0.009891823409024461,Low,Medium,Low–Medium,,Hypothetical protein.,0,no STRING match,secondary STRING hit (STRING protein assigned to a better match),2433,2912,1,1
4873,fig|6666666.1036479.peg.2960,fig|6666666.1036479.peg.1,0.8543943166732788,0.009893853750446675,Low,Very Low,Very Low–Low,,,0,no STRING match,no STRING match,2412,2509,1,1
4874,fig|6666666.1036479.peg.2539,fig|6666666.1036479.peg.1080,0.8543935418128967,0.009895884091868888,Low,High,Low–High,,,0,no STRING match,no STRING match,2289,2712,1,1
4875,fig|6666666.1036479.peg.3231,fig|6666666.1036479.peg.714,0.8543892085552216,0.009897914433291102,Very Low,Low,Very Low–Low,,,0,no STRING match,no STRING match,2482,2627,2,1
4876,fig|6666666.1036479.peg.147,fig|6666666.1036479.peg.714,0.8543892085552216,0.009899944774713315,Very Low,Low,Very Low–Low,,,0,no STRING match,no STRING match,2482,2627,2,1
4877,fig|6666666.1036479.peg.2548,fig|6666666.1036479.peg.3028,0.85435910820961,0.009901975116135529,High,High,High–High,,Hypothetical protein; COG0697 Permeases of the drug/metabolite transporter (DMT) superfamily.,0,no STRING match,secondary STRING hit (STRING protein assigned to a better match),2298,2435,1,1
4878,fig|6666666.1036479.peg.3107,fig|6666666.1036479.peg.2025,0.8543447494506836,0.009904005457557742,Very Low,Very Low,Very Low–Very Low,,,0,no STRING match,no STRING match,2444,2950,1,1
4879,fig|6666666.1036479.peg.1894,fig|6666666.1036479.peg.2364,0.8543378412723541,0.009906035798979956,Medium,Medium,Medium–Medium,Hypothetical protein.,,0,secondary STRING hit (STRING protein assigned to a better match),no STRING match,2912,3022,1,1
4880,fig|6666666.1036479.peg.2715,fig|6666666.1036479.peg.2960,0.8543238818645478,0.009908066140402171,Very Low,Low,Very Low–Low,,,0,no STRING match,no STRING match,2348,2412,1,1
4881,fig|6666666.1036479.peg.2672,fig|6666666.1036479.peg.727,0.8543033421039581,0.009910096481824384,Medium,Very Low,Very Low–Medium,,,0,no STRING match,no STRING match,2341,2638,1,1
4882,fig|6666666.1036479.peg.725,fig|6666666.1036479.peg.1410,0.8542969346046447,0.009912126823246598,Very Low,Medium,Very Low–Medium,,,0,no STRING match,no STRING match,2636,2813,1,1
4883,fig|6666666.1036479.peg.723,fig|6666666.1036479.peg.728,0.8542951226234436,0.009914157164668811,High,Medium,Medium–High,,,0,no STRING match,no STRING match,2634,2639,1,1
4884,fig|6666666.1036479.peg.1947,fig|6666666.1036479.peg.2104,0.8542934119701385,0.009916187506091025,Medium,High,Medium–High,,,0,no STRING match,no STRING match,2930,2958,1,1
4885,fig|6666666.1036479.peg.2987,fig|6666666.1036479.peg.3223,0.8542914867401123,0.009918217847513238,Very Low,High,Very Low–High,,,0,no STRING match,no STRING match,2415,2474,1,2
4886,fig|6666666.1036479.peg.2987,fig|6666666.1036479.peg.139,0.8542914867401123,0.009920248188935452,Very Low,High,Very Low–High,,,0,no STRING match,no STRING match,2415,2474,1,2
4887,fig|6666666.1036479.peg.2672,fig|6666666.1036479.peg.2969,0.8542901635169983,0.009922278530357665,Medium,Very Low,Very Low–Medium,,,0,no STRING match,no STRING match,2341,2414,1,1
4888,fig|6666666.1036479.peg.38,fig|6666666.1036479.peg.724,0.8542872786521911,0.009924308871779879,Low,Medium,Low–Medium,,,0,no STRING match,no STRING match,2526,2635,2,1
4889,fig|6666666.1036479.peg.186,fig|6666666.1036479.peg.724,0.8542872786521911,0.009926339213202092,Low,Medium,Low–Medium,,,0,no STRING match,no STRING match,2526,2635,2,1
4890,fig|6666666.1036479.peg.1113,fig|6666666.1036479.peg.1602,0.8542522668838501,0.009928369554624306,Very Low,Very Low,Very Low–Very Low,,,0,no STRING match,no STRING match,2729,2860,1,2
4891,fig|6666666.1036479.peg.1113,fig|6666666.1036479.peg.1609,0.8542522668838501,0.00993039989604652,Very Low,Very Low,Very Low–Very Low,,,0,no STRING match,no STRING match,2729,2860,1,2
4892,fig|6666666.1036479.peg.725,fig|6666666.1036479.peg.1913,0.8542498350143433,0.009932430237468733,Very Low,Very Low,Very Low–Very Low,,,0,no STRING match,no STRING match,2636,2917,1,1
4893,fig|6666666.1036479.peg.723,fig|6666666.1036479.peg.2092,0.8542388796806335,0.009934460578890946,High,Medium,Medium–High,,,0,no STRING match,no STRING match,2634,2954,1,1
4894,fig|6666666.1036479.peg.3020,fig|6666666.1036479.peg.652,0.854216992855072,0.00993649092031316,Low,Very Low,Very Low–Low,,,0,no STRING match,no STRING match,2433,2615,1,1
4895,fig|6666666.1036479.peg.2679,fig|6666666.1036479.peg.1308,0.8542168259620666,0.009938521261735373,Medium,Medium,Medium–Medium,,,0,no STRING match,no STRING match,2342,2764,1,1
4896,fig|6666666.1036479.peg.861,fig|6666666.1036479.peg.2172,0.8542075753211975,0.009940551603157587,High,Very Low,Very Low–High,,,0,no STRING match,no STRING match,2665,2992,1,1
4897,fig|6666666.1036479.peg.2623,fig|6666666.1036479.peg.1300,0.8541700363159179,0.0099425819445798,Very Low,Low,Very Low–Low,,,0,no STRING match,no STRING match,2333,2763,1,1
4898,fig|6666666.1036479.peg.2920,fig|6666666.1036479.peg.726,0.8541620671749115,0.009944612286002014,Very Low,Very Low,Very Low–Very Low,,,0,no STRING match,no STRING match,2397,2637,1,1
4899,fig|6666666.1036479.peg.573,fig|6666666.1036479.peg.2156,0.8541595816612244,0.009946642627424227,Very Low,Very Low,Very Low–Very Low,Hypothetical protein.,,0,secondary STRING hit (STRING protein assigned to a better match),no STRING match,2601,2977,1,1
4900,fig|6666666.1036479.peg.2548,fig|6666666.1036479.peg.599,0.8541527986526489,0.009948672968846441,High,High,High–High,,,0,no STRING match,no STRING match,2298,2602,1,1
4901,fig|6666666.1036479.peg.2948,fig|6666666.1036479.peg.1344,0.8541481554508209,0.009950703310268654,High,Very Low,Very Low–High,,,0,no STRING match,no STRING match,2410,2782,1,1
4902,fig|6666666.1036479.peg.3015,fig|6666666.1036479.peg.2436,0.8541434168815613,0.009952733651690868,Low,Medium,Low–Medium,,,0,no STRING match,no STRING match,2428,3033,1,1
4903,fig|6666666.1036479.peg.3017,fig|6666666.1036479.peg.471,0.8541428029537201,0.009954763993113082,Medium,Low,Low–Medium,,,0,no STRING match,no STRING match,2430,2593,1,1
4904,fig|6666666.1036479.peg.1289,fig|6666666.1036479.peg.2497,0.8541308581829071,0.009956794334535295,Very Low,Very Low,Very Low–Very Low,,,0,no STRING match,no STRING match,2762,3047,1,1
4905,fig|6666666.1036479.peg.3020,fig|6666666.1036479.peg.659,0.8541305661201477,0.009958824675957509,Low,Very Low,Very Low–Low,,,0,no STRING match,no STRING match,2433,2617,1,1
4906,fig|6666666.1036479.peg.3077,fig|6666666.1036479.peg.1074,0.8541278064250946,0.009960855017379722,Medium,High,Medium–High,,,0,no STRING match,no STRING match,2440,2706,1,1
4907,fig|6666666.1036479.peg.3142,fig|6666666.1036479.peg.1416,0.8541190028190613,0.009962885358801936,Low,Medium,Low–Medium,,,0,no STRING match,no STRING match,2448,2817,1,1
4908,fig|6666666.1036479.peg.3231,fig|6666666.1036479.peg.2289,0.8541146397590638,0.009964915700224149,Very Low,Very Low,Very Low–Very Low,,,0,no STRING match,no STRING match,2482,3006,2,1
4909,fig|6666666.1036479.peg.147,fig|6666666.1036479.peg.2289,0.8541146397590638,0.009966946041646363,Very Low,Very Low,Very Low–Very Low,,,0,no STRING match,no STRING match,2482,3006,2,1
4910,fig|6666666.1036479.peg.320,fig|6666666.1036479.peg.410,0.8541020214557647,0.009968976383068576,Very Low,Very Low,Very Low–Very Low,,,0,no STRING match,no STRING match,2577,2584,1,1
4911,fig|6666666.1036479.peg.2509,fig|6666666.1036479.peg.2920,0.8540966272354126,0.00997100672449079,Very Low,Very Low,Very Low–Very Low,,,0,no STRING match,no STRING match,2273,2397,15,1
4912,fig|6666666.1036479.peg.2513,fig|6666666.1036479.peg.2920,0.8540966272354126,0.009973037065913005,Very Low,Very Low,Very Low–Very Low,,,0,no STRING match,no STRING match,2273,2397,15,1
4913,fig|6666666.1036479.peg.2519,fig|6666666.1036479.peg.2920,0.8540966272354126,0.009975067407335218,Very Low,Very Low,Very Low–Very Low,,,0,no STRING match,no STRING match,2273,2397,15,1
4914,fig|6666666.1036479.peg.2526,fig|6666666.1036479.peg.2920,0.8540966272354126,0.009977097748757432,Very Low,Very Low,Very Low–Very Low,,,0,no STRING match,no STRING match,2273,2397,15,1
4915,fig|6666666.1036479.peg.2530,fig|6666666.1036479.peg.2920,0.8540966272354126,0.009979128090179645,Very Low,Very Low,Very Low–Very Low,,,0,no STRING match,no STRING match,2273,2397,15,1
4916,fig|6666666.1036479.peg.2534,fig|6666666.1036479.peg.2920,0.8540966272354126,0.009981158431601859,Very Low,Very Low,Very Low–Very Low,,,0,no STRING match,no STRING match,2273,2397,15,1
4917,fig|6666666.1036479.peg.2920,fig|6666666.1036479.peg.3173,0.8540966272354126,0.009983188773024072,Very Low,Very Low,Very Low–Very Low,,,0,no STRING match,no STRING match,2397,2273,1,15
4918,fig|6666666.1036479.peg.2920,fig|6666666.1036479.peg.971,0.8540966272354126,0.009985219114446286,Very Low,Very Low,Very Low–Very Low,,,0,no STRING match,no STRING match,2397,2273,1,15
4919,fig|6666666.1036479.peg.2920,fig|6666666.1036479.peg.976,0.8540966272354126,0.0099872494558685,Very Low,Very Low,Very Low–Very Low,,,0,no STRING match,no STRING match,2397,2273,1,15
4920,fig|6666666.1036479.peg.2920,fig|6666666.1036479.peg.981,0.8540966272354126,0.009989279797290713,Very Low,Very Low,Very Low–Very Low,,,0,no STRING match,no STRING match,2397,2273,1,15
4921,fig|6666666.1036479.peg.2920,fig|6666666.1036479.peg.985,0.8540966272354126,0.009991310138712926,Very Low,Very Low,Very Low–Very Low,,,0,no STRING match,no STRING match,2397,2273,1,15
4922,fig|6666666.1036479.peg.2920,fig|6666666.1036479.peg.989,0.8540966272354126,0.00999334048013514,Very Low,Very Low,Very Low–Very Low,,,0,no STRING match,no STRING match,2397,2273,1,15
4923,fig|6666666.1036479.peg.2920,fig|6666666.1036479.peg.2489,0.8540966272354126,0.009995370821557353,Very Low,Very Low,Very Low–Very Low,,,0,no STRING match,no STRING match,2397,2273,1,15
4924,fig|6666666.1036479.peg.2920,fig|6666666.1036479.peg.2494,0.8540966272354126,0.009997401162979567,Very Low,Very Low,Very Low–Very Low,,,0,no STRING match,no STRING match,2397,2273,1,15
4925,fig|6666666.1036479.peg.2920,fig|6666666.1036479.peg.2498,0.8540966272354126,0.00999943150440178,Very Low,Very Low,Very Low–Very Low,,,0,no STRING match,no STRING match,2397,2273,1,15
4926,fig|6666666.1036479.peg.2588,fig|6666666.1036479.peg.1347,0.854093998670578,0.010001461845823994,Very Low,Very Low,Very Low–Very Low,,,0,no STRING match,no STRING match,2319,2785,1,3
4927,fig|6666666.1036479.peg.2588,fig|6666666.1036479.peg.1351,0.854093998670578,0.010003492187246207,Very Low,Very Low,Very Low–Very Low,,,0,no STRING match,no STRING match,2319,2785,1,3
4928,fig|6666666.1036479.peg.2588,fig|6666666.1036479.peg.1356,0.854093998670578,0.010005522528668421,Very Low,Very Low,Very Low–Very Low,,,0,no STRING match,no STRING match,2319,2785,1,3
4929,fig|6666666.1036479.peg.3254,fig|6666666.1036479.peg.1308,0.8540918350219726,0.010007552870090634,High,Medium,Medium–High,,,0,no STRING match,no STRING match,2505,2764,3,1
4930,fig|6666666.1036479.peg.22,fig|6666666.1036479.peg.1308,0.8540918350219726,0.010009583211512848,High,Medium,Medium–High,,,0,no STRING match,no STRING match,2505,2764,3,1
4931,fig|6666666.1036479.peg.170,fig|6666666.1036479.peg.1308,0.8540918350219726,0.010011613552935061,High,Medium,Medium–High,,,0,no STRING match,no STRING match,2505,2764,3,1
4932,fig|6666666.1036479.peg.2517,fig|6666666.1036479.peg.1080,0.8540827035903931,0.010013643894357275,Medium,High,Medium–High,,,0,no STRING match,no STRING match,2279,2712,1,1
4933,fig|6666666.1036479.peg.1181,fig|6666666.1036479.peg.1289,0.8540801703929901,0.010015674235779488,Very Low,Very Low,Very Low–Very Low,,,0,no STRING match,no STRING match,2747,2762,1,1
4934,fig|6666666.1036479.peg.3004,fig|6666666.1036479.peg.1289,0.8540370881557464,0.010017704577201702,Very Low,Very Low,Very Low–Very Low,,,0,no STRING match,no STRING match,2419,2762,1,1
4935,fig|6666666.1036479.peg.3189,fig|6666666.1036479.peg.881,0.8540366649627685,0.010019734918623915,Very Low,High,Very Low–High,,,0,no STRING match,no STRING match,2462,2674,1,1
4936,fig|6666666.1036479.peg.3019,fig|6666666.1036479.peg.2484,0.8540349900722504,0.010021765260046129,Very Low,Very Low,Very Low–Very Low,,,0,no STRING match,no STRING match,2432,3046,1,1
4937,fig|6666666.1036479.peg.2509,fig|6666666.1036479.peg.3077,0.8540277123451233,0.010023795601468342,Very Low,Medium,Very Low–Medium,,,0,no STRING match,no STRING match,2273,2440,15,1
4938,fig|6666666.1036479.peg.2513,fig|6666666.1036479.peg.3077,0.8540277123451233,0.010025825942890556,Very Low,Medium,Very Low–Medium,,,0,no STRING match,no STRING match,2273,2440,15,1
4939,fig|6666666.1036479.peg.2519,fig|6666666.1036479.peg.3077,0.8540277123451233,0.01002785628431277,Very Low,Medium,Very Low–Medium,,,0,no STRING match,no STRING match,2273,2440,15,1
4940,fig|6666666.1036479.peg.2526,fig|6666666.1036479.peg.3077,0.8540277123451233,0.010029886625734983,Very Low,Medium,Very Low–Medium,,,0,no STRING match,no STRING match,2273,2440,15,1
4941,fig|6666666.1036479.peg.2530,fig|6666666.1036479.peg.3077,0.8540277123451233,0.010031916967157196,Very Low,Medium,Very Low–Medium,,,0,no STRING match,no STRING match,2273,2440,15,1
4942,fig|6666666.1036479.peg.2534,fig|6666666.1036479.peg.3077,0.8540277123451233,0.01003394730857941,Very Low,Medium,Very Low–Medium,,,0,no STRING match,no STRING match,2273,2440,15,1
4943,fig|6666666.1036479.peg.3077,fig|6666666.1036479.peg.3173,0.8540277123451233,0.010035977650001623,Medium,Very Low,Very Low–Medium,,,0,no STRING match,no STRING match,2440,2273,1,15
4944,fig|6666666.1036479.peg.3077,fig|6666666.1036479.peg.971,0.8540277123451233,0.010038007991423839,Medium,Very Low,Very Low–Medium,,,0,no STRING match,no STRING match,2440,2273,1,15
4945,fig|6666666.1036479.peg.3077,fig|6666666.1036479.peg.976,0.8540277123451233,0.010040038332846052,Medium,Very Low,Very Low–Medium,,,0,no STRING match,no STRING match,2440,2273,1,15
4946,fig|6666666.1036479.peg.3077,fig|6666666.1036479.peg.981,0.8540277123451233,0.010042068674268266,Medium,Very Low,Very Low–Medium,,,0,no STRING match,no STRING match,2440,2273,1,15
4947,fig|6666666.1036479.peg.3077,fig|6666666.1036479.peg.985,0.8540277123451233,0.01004409901569048,Medium,Very Low,Very Low–Medium,,,0,no STRING match,no STRING match,2440,2273,1,15
4948,fig|6666666.1036479.peg.3077,fig|6666666.1036479.peg.989,0.8540277123451233,0.010046129357112693,Medium,Very Low,Very Low–Medium,,,0,no STRING match,no STRING match,2440,2273,1,15
4949,fig|6666666.1036479.peg.3077,fig|6666666.1036479.peg.2489,0.8540277123451233,0.010048159698534906,Medium,Very Low,Very Low–Medium,,,0,no STRING match,no STRING match,2440,2273,1,15
4950,fig|6666666.1036479.peg.3077,fig|6666666.1036479.peg.2494,0.8540277123451233,0.01005019003995712,Medium,Very Low,Very Low–Medium,,,0,no STRING match,no STRING match,2440,2273,1,15
4951,fig|6666666.1036479.peg.3077,fig|6666666.1036479.peg.2498,0.8540277123451233,0.010052220381379333,Medium,Very Low,Very Low–Medium,,,0,no STRING match,no STRING match,2440,2273,1,15
4952,fig|6666666.1036479.peg.2510,fig|6666666.1036479.peg.2948,0.8540274441242218,0.010054250722801547,Very Low,High,Very Low–High,,,0,no STRING match,no STRING match,2274,2410,12,1
4953,fig|6666666.1036479.peg.2527,fig|6666666.1036479.peg.2948,0.8540274441242218,0.01005628106422376,Very Low,High,Very Low–High,,,0,no STRING match,no STRING match,2274,2410,12,1
4954,fig|6666666.1036479.peg.2531,fig|6666666.1036479.peg.2948,0.8540274441242218,0.010058311405645974,Very Low,High,Very Low–High,,,0,no STRING match,no STRING match,2274,2410,12,1
4955,fig|6666666.1036479.peg.2948,fig|6666666.1036479.peg.3174,0.8540274441242218,0.010060341747068187,High,Very Low,Very Low–High,,,0,no STRING match,no STRING match,2410,2274,1,12
4956,fig|6666666.1036479.peg.2948,fig|6666666.1036479.peg.970,0.8540274441242218,0.0100623720884904,High,Very Low,Very Low–High,,,0,no STRING match,no STRING match,2410,2274,1,12
4957,fig|6666666.1036479.peg.2948,fig|6666666.1036479.peg.975,0.8540274441242218,0.010064402429912614,High,Very Low,Very Low–High,,,0,no STRING match,no STRING match,2410,2274,1,12
4958,fig|6666666.1036479.peg.2948,fig|6666666.1036479.peg.980,0.8540274441242218,0.010066432771334828,High,Very Low,Very Low–High,,,0,no STRING match,no STRING match,2410,2274,1,12
4959,fig|6666666.1036479.peg.2948,fig|6666666.1036479.peg.984,0.8540274441242218,0.010068463112757041,High,Very Low,Very Low–High,,,0,no STRING match,no STRING match,2410,2274,1,12
4960,fig|6666666.1036479.peg.2948,fig|6666666.1036479.peg.988,0.8540274441242218,0.010070493454179255,High,Very Low,Very Low–High,,,0,no STRING match,no STRING match,2410,2274,1,12
4961,fig|6666666.1036479.peg.2948,fig|6666666.1036479.peg.2490,0.8540274441242218,0.010072523795601468,High,Very Low,Very Low–High,,,0,no STRING match,no STRING match,2410,2274,1,12
4962,fig|6666666.1036479.peg.2948,fig|6666666.1036479.peg.2495,0.8540274441242218,0.010074554137023682,High,Very Low,Very Low–High,,,0,no STRING match,no STRING match,2410,2274,1,12
4963,fig|6666666.1036479.peg.2948,fig|6666666.1036479.peg.2499,0.8540274441242218,0.010076584478445895,High,Very Low,Very Low–High,,,0,no STRING match,no STRING match,2410,2274,1,12
4964,fig|6666666.1036479.peg.2929,fig|6666666.1036479.peg.89,0.8540187895298004,0.010078614819868109,Very Low,Very Low,Very Low–Very Low,Hypothetical protein.,,0,secondary STRING hit (STRING protein assigned to a better match),no STRING match,2404,2542,1,1
4965,fig|6666666.1036479.peg.2843,fig|6666666.1036479.peg.1410,0.8540023028850555,0.010080645161290322,Very Low,Medium,Very Low–Medium,,,0,no STRING match,no STRING match,2370,2813,1,1
4966,fig|6666666.1036479.peg.1657,fig|6666666.1036479.peg.1946,0.8539956390857697,0.010082675502712536,Medium,Medium,Medium–Medium,,,0,no STRING match,no STRING match,2883,2929,1,1
4967,fig|6666666.1036479.peg.573,fig|6666666.1036479.peg.1344,0.8539728820323944,0.01008470584413475,Very Low,Very Low,Very Low–Very Low,Hypothetical protein.,,0,secondary STRING hit (STRING protein assigned to a better match),no STRING match,2601,2782,1,1
4968,fig|6666666.1036479.peg.2960,fig|6666666.1036479.peg.1655,0.8539643526077271,0.010086736185556963,Low,Medium,Low–Medium,,,0,no STRING match,no STRING match,2412,2882,1,1
4969,fig|6666666.1036479.peg.2506,fig|6666666.1036479.peg.471,0.8539560258388519,0.010088766526979176,Very Low,Low,Very Low–Low,,,0,no STRING match,no STRING match,2270,2593,6,1
4970,fig|6666666.1036479.peg.2516,fig|6666666.1036479.peg.471,0.8539560258388519,0.01009079686840139,Very Low,Low,Very Low–Low,,,0,no STRING match,no STRING match,2270,2593,6,1
4971,fig|6666666.1036479.peg.2522,fig|6666666.1036479.peg.471,0.8539560258388519,0.010092827209823603,Very Low,Low,Very Low–Low,,,0,no STRING match,no STRING match,2270,2593,6,1
4972,fig|6666666.1036479.peg.471,fig|6666666.1036479.peg.974,0.8539560258388519,0.010094857551245817,Low,Very Low,Very Low–Low,,,0,no STRING match,no STRING match,2593,2270,1,6
4973,fig|6666666.1036479.peg.471,fig|6666666.1036479.peg.979,0.8539560258388519,0.01009688789266803,Low,Very Low,Very Low–Low,,,0,no STRING match,no STRING match,2593,2270,1,6
4974,fig|6666666.1036479.peg.471,fig|6666666.1036479.peg.2491,0.8539560258388519,0.010098918234090244,Low,Very Low,Very Low–Low,,,0,no STRING match,no STRING match,2593,2270,1,6
4975,fig|6666666.1036479.peg.866,fig|6666666.1036479.peg.1632,0.8539553165435791,0.010100948575512457,High,Very Low,Very Low–High,,,0,no STRING match,no STRING match,2667,2870,1,2
4976,fig|6666666.1036479.peg.866,fig|6666666.1036479.peg.1639,0.8539553165435791,0.010102978916934673,High,Very Low,Very Low–High,,,0,no STRING match,no STRING match,2667,2870,1,2
4977,fig|6666666.1036479.peg.2623,fig|6666666.1036479.peg.3231,0.853951096534729,0.010105009258356886,Very Low,Very Low,Very Low–Very Low,,,0,no STRING match,no STRING match,2333,2482,1,2
4978,fig|6666666.1036479.peg.2623,fig|6666666.1036479.peg.147,0.853951096534729,0.0101070395997791,Very Low,Very Low,Very Low–Very Low,,,0,no STRING match,no STRING match,2333,2482,1,2
4979,fig|6666666.1036479.peg.1409,fig|6666666.1036479.peg.2114,0.8539509952068329,0.010109069941201313,Medium,Very Low,Very Low–Medium,,"COG1629 Outer membrane receptor proteins, mostly Fe transport.",0,no STRING match,secondary STRING hit (STRING protein assigned to a better match),2812,2964,1,1
4980,fig|6666666.1036479.peg.1074,fig|6666666.1036479.peg.1416,0.8539408504962921,0.010111100282623527,High,Medium,Medium–High,,,0,no STRING match,no STRING match,2706,2817,1,1
4981,fig|6666666.1036479.peg.318,fig|6666666.1036479.peg.1602,0.8539099395275116,0.01011313062404574,Low,Very Low,Very Low–Low,,,0,no STRING match,no STRING match,2576,2860,1,2
4982,fig|6666666.1036479.peg.318,fig|6666666.1036479.peg.1609,0.8539099395275116,0.010115160965467954,Low,Very Low,Very Low–Low,,,0,no STRING match,no STRING match,2576,2860,1,2
4983,fig|6666666.1036479.peg.3189,fig|6666666.1036479.peg.1300,0.8539054691791534,0.010117191306890167,Very Low,Low,Very Low–Low,,,0,no STRING match,no STRING match,2462,2763,1,1
4984,fig|6666666.1036479.peg.1308,fig|6666666.1036479.peg.1962,0.8538941383361817,0.01011922164831238,Medium,Medium,Medium–Medium,,,0,no STRING match,no STRING match,2764,2944,1,1
4985,fig|6666666.1036479.peg.3207,fig|6666666.1036479.peg.1962,0.8538671851158142,0.010121251989734594,Medium,Medium,Medium–Medium,,,0,no STRING match,no STRING match,2468,2944,1,1
4986,fig|6666666.1036479.peg.885,fig|6666666.1036479.peg.2364,0.8538417756557465,0.010123282331156808,Medium,Medium,Medium–Medium,,,0,no STRING match,no STRING match,2678,3022,1,1
4987,fig|6666666.1036479.peg.2539,fig|6666666.1036479.peg.2679,0.8538377463817597,0.010125312672579021,Low,Medium,Low–Medium,,,0,no STRING match,no STRING match,2289,2342,1,1
4988,fig|6666666.1036479.peg.2548,fig|6666666.1036479.peg.1957,0.8538166880607605,0.010127343014001235,High,Medium,Medium–High,,,0,no STRING match,no STRING match,2298,2939,1,1
4989,fig|6666666.1036479.peg.2948,fig|6666666.1036479.peg.2383,0.8537935197353363,0.010129373355423448,High,Very Low,Very Low–High,,Hypothetical protein.,0,no STRING match,secondary STRING hit (STRING protein assigned to a better match),2410,3024,1,1
4990,fig|6666666.1036479.peg.2960,fig|6666666.1036479.peg.1207,0.8537926495075225,0.010131403696845662,Low,Low,Low–Low,,,0,no STRING match,no STRING match,2412,2750,1,1
4991,fig|6666666.1036479.peg.2948,fig|6666666.1036479.peg.1494,0.8537919998168946,0.010133434038267875,High,Very Low,Very Low–High,,,0,no STRING match,no STRING match,2410,2824,1,1
4992,fig|6666666.1036479.peg.3207,fig|6666666.1036479.peg.2025,0.8537686705589295,0.010135464379690089,Medium,Very Low,Very Low–Medium,,,0,no STRING match,no STRING match,2468,2950,1,1
4993,fig|6666666.1036479.peg.2854,fig|6666666.1036479.peg.881,0.8537626624107361,0.010137494721112302,Low,High,Low–High,,,0,no STRING match,no STRING match,2373,2674,1,1
4994,fig|6666666.1036479.peg.38,fig|6666666.1036479.peg.1496,0.853759092092514,0.010139525062534516,Low,Very Low,Very Low–Low,,,0,no STRING match,no STRING match,2526,2826,2,1
4995,fig|6666666.1036479.peg.186,fig|6666666.1036479.peg.1496,0.853759092092514,0.01014155540395673,Low,Very Low,Very Low–Low,,,0,no STRING match,no STRING match,2526,2826,2,1
4996,fig|6666666.1036479.peg.303,fig|6666666.1036479.peg.1565,0.8537405908107758,0.010143585745378943,Very Low,Very Low,Very Low–Very Low,,,0,no STRING match,no STRING match,2564,2837,3,1
4997,fig|6666666.1036479.peg.305,fig|6666666.1036479.peg.1565,0.8537405908107758,0.010145616086801156,Very Low,Very Low,Very Low–Very Low,,,0,no STRING match,no STRING match,2564,2837,3,1
4998,fig|6666666.1036479.peg.311,fig|6666666.1036479.peg.1565,0.8537405908107758,0.01014764642822337,Very Low,Very Low,Very Low–Very Low,,,0,no STRING match,no STRING match,2564,2837,3,1
4999,fig|6666666.1036479.peg.3207,fig|6666666.1036479.peg.885,0.853726601600647,0.010149676769645583,Medium,Medium,Medium–Medium,,,0,no STRING match,no STRING match,2468,2678,1,1
5000,fig|6666666.1036479.peg.881,fig|6666666.1036479.peg.887,0.8537259817123413,0.010151707111067797,High,Medium,Medium–High,,,0,no STRING match,no STRING match,2674,2680,1,1
